ID,Name,From,To,Height,Weight,Birth Date,Age,Nationality,Position,Shoots,College,Experience,Draft Year,Draft Round,Draft Pick,Draft Team,URL
0,Alaa Abdelnaby,1990-91,1994-95,208.0,108.0,1968-06-24,58.0,Egypt,Power Forward,Right,Duke,5,1990.0,1.0,25.0,Portland Trail Blazers,a/abdelal01.html
1,Zaid Abdul-Aziz,1968-69,1977-78,206.0,106.0,1946-04-07,80.0,New York,Center and Power Forward,Right,Iowa State,10,1968.0,1.0,5.0,Cincinnati Royals,a/abdulza01.html
2,Kareem Abdul-Jabbar,1969-70,1988-89,218.0,102.0,1947-04-16,79.0,New York,Center,Right,UCLA,20,1969.0,1.0,1.0,Milwaukee Bucks,a/abdulka01.html
3,Mahmoud Abdul-Rauf,1990-91,2000-01,185.0,73.0,1969-03-09,57.0,Mississippi,Point Guard,Right,LSU,9,1990.0,1.0,3.0,Denver Nuggets,a/abdulma02.html
4,Tariq Abdul-Wahad,1997-98,2002-03,198.0,101.0,1974-11-03,51.0,France,Shooting Guard,Right,Michigan,6,1997.0,1.0,11.0,Sacramento Kings,a/abdulta01.html
5,Shareef Abdur-Rahim,1996-97,2007-08,206.0,102.0,1976-12-11,49.0,Georgia,"Power Forward, Small Forward, and Center",Right,California,12,1996.0,1.0,3.0,Vancouver Grizzlies,a/abdursh01.html
6,Tom Abernethy,1976-77,1980-81,201.0,99.0,1954-05-06,72.0,Indiana,Small Forward and Power Forward,Right,Indiana,5,1976.0,3.0,9.0,Los Angeles Lakers,a/abernto01.html
7,Forest Able,1956-57,1956-57,190.0,81.0,1932-07-27,93.0,Kentucky,Guard,Right,Western Kentucky,1,1956.0,3.0,5.0,Syracuse Nationals,a/ablefo01.html
9,Álex Abrines,2016-17,2018-19,198.0,90.0,1993-08-01,32.0,Spain,Shooting Guard,Right,,3,2013.0,2.0,2.0,Oklahoma City Thunder,a/abrinal01.html
10,Precious Achiuwa,2020-21,2025-26,203.0,110.0,1999-09-19,26.0,Nigeria,Center and Power Forward,Right,Memphis,6,2020.0,1.0,20.0,Miami Heat,a/achiupr01.html
11,Alex Acker,2005-06,2008-09,196.0,83.0,1983-01-21,43.0,California,Shooting Guard,Right,Pepperdine,2,2005.0,2.0,30.0,Detroit Pistons,a/ackeral01.html
12,Don Ackerman,1953-54,1953-54,183.0,83.0,1930-09-04,95.0,New York,Point Guard,Right,Long Island University,1,1953.0,2.0,2.0,New York Knicks,a/ackerdo01.html
13,Mark Acres,1987-88,1992-93,211.0,99.0,1962-11-15,63.0,California,Center,Right,Oral Roberts,6,1985.0,2.0,16.0,Dallas Mavericks,a/acresma01.html
14,Bud Acton,1967-68,1967-68,198.0,95.0,1942-01-11,84.0,United States,Small Forward,Right,Hillsdale College,1,,,,,a/actonbu01.html
15,Quincy Acy,2012-13,2018-19,201.0,108.0,1990-10-06,35.0,Texas,Power Forward and Small Forward,Right,Baylor,7,2012.0,2.0,7.0,Toronto Raptors,a/acyqu01.html
16,Alvan Adams,1975-76,1987-88,206.0,95.0,1954-07-19,71.0,Kansas,Center and Power Forward,Right,Oklahoma,13,1975.0,1.0,4.0,Phoenix Suns,a/adamsal01.html
17,Don Adams,1970-71,1976-77,198.0,95.0,1947-11-27,78.0,Georgia,Small Forward,Right,Northwestern,7,1970.0,8.0,1.0,San Diego Rockets,a/adamsdo01.html
19,Hassan Adams,2006-07,2008-09,193.0,99.0,1984-06-20,42.0,California,Shooting Guard,Right,Arizona,2,2006.0,2.0,24.0,New Jersey Nets,a/adamsha01.html
20,Jaylen Adams,2018-19,2020-21,183.0,102.0,1996-05-04,30.0,Maryland,Point Guard,Right,St. Bonaventure,2,,,,,a/adamsja01.html
21,Jordan Adams,2014-15,2015-16,196.0,94.0,1994-07-08,32.0,Georgia,Shooting Guard,Right,UCLA,2,2014.0,1.0,22.0,Memphis Grizzlies,a/adamsjo01.html
22,Michael Adams,1985-86,1995-96,178.0,73.0,1963-01-19,63.0,Connecticut,Point Guard,Right,Boston College,11,1985.0,3.0,19.0,Sacramento Kings,a/adamsmi01.html
23,Steven Adams,2013-14,2025-26,211.0,120.0,1993-07-20,32.0,New Zealand,Center,Right,Pitt,12,2013.0,1.0,12.0,Oklahoma City Thunder,a/adamsst01.html
24,Rafael Addison,1986-87,1996-97,201.0,97.0,1964-07-22,61.0,New Jersey,Small Forward,Right,Syracuse,6,1986.0,2.0,15.0,Phoenix Suns,a/addisra01.html
25,Bam Adebayo,2017-18,2025-26,206.0,115.0,1997-07-18,28.0,New Jersey,Center and Power Forward,Right,Kentucky,9,2017.0,1.0,14.0,Miami Heat,a/adebaba01.html
26,Deng Adel,2018-19,2018-19,201.0,90.0,1997-02-01,29.0,South Sudan,Small Forward,Right,Louisville,1,,,,,a/adelde01.html
27,Rick Adelman,1968-69,1974-75,185.0,79.0,1946-06-16,80.0,California,Point Guard,Right,Loyola Marymount,7,1968.0,7.0,1.0,San Diego Rockets,a/adelmri01.html
28,Jeff Adrien,2010-11,2014-15,201.0,111.0,1986-02-10,40.0,Massachusetts,Power Forward,Right,UConn,5,,,,,a/adrieje01.html
29,Arron Afflalo,2007-08,2017-18,196.0,95.0,1985-10-15,40.0,California,Shooting Guard and Small Forward,Right,UCLA,11,2007.0,1.0,27.0,Detroit Pistons,a/afflaar01.html
30,Ochai Agbaji,2022-23,2025-26,196.0,97.0,2000-04-20,26.0,Wisconsin,Shooting Guard,Right,Kansas,4,2022.0,1.0,14.0,Cleveland Cavaliers,a/agbajoc01.html
31,Maurice Ager,2006-07,2010-11,196.0,91.0,1984-02-09,42.0,Michigan,Shooting Guard,Right,Michigan State,4,2006.0,1.0,28.0,Dallas Mavericks,a/agerma01.html
32,Mark Aguirre,1981-82,1993-94,198.0,105.0,1959-12-10,66.0,Illinois,Small Forward,Right,DePaul,13,1981.0,1.0,1.0,Dallas Mavericks,a/aguirma01.html
33,Blake Ahearn,2007-08,2011-12,188.0,86.0,1984-05-27,42.0,Missouri,Point Guard,Right,Missouri State,3,,,,,a/ahearbl01.html
34,Danny Ainge,1981-82,1994-95,196.0,83.0,1959-03-17,67.0,Oregon,Shooting Guard and Point Guard,Right,BYU,14,1981.0,2.0,8.0,Boston Celtics,a/aingeda01.html
36,Alexis Ajinça,2008-09,2016-17,218.0,112.0,1988-05-06,38.0,France,Center and Power Forward,Right,,7,2008.0,1.0,20.0,Charlotte Bobcats,a/ajincal01.html
37,Henry Akin,1966-67,1967-68,208.0,102.0,1944-07-31,81.0,Michigan,Power Forward and Center,Right,Morehead State University,2,1966.0,2.0,1.0,New York Knicks,a/akinhe01.html
38,Josh Akognon,2012-13,2012-13,180.0,83.0,1986-02-10,40.0,California,Point Guard,Right,Washington State,1,,,,,a/akognjo01.html
39,DeVaughn Akoon-Purcell,2018-19,2018-19,198.0,90.0,1993-06-05,33.0,Florida,Shooting Guard,Right,Illinois State,1,,,,,a/akoonde01.html
40,Solomon Alabi,2010-11,2011-12,216.0,113.0,1988-03-21,38.0,Nigeria,Center,Right,Florida State,2,2010.0,2.0,20.0,Dallas Mavericks,a/alabiso01.html
41,Mark Alarie,1986-87,1990-91,203.0,98.0,1963-12-11,62.0,Arizona,Power Forward,Right,Duke,5,1986.0,1.0,18.0,Denver Nuggets,a/alarima01.html
42,Gary Alcorn,1959-60,1960-61,206.0,102.0,1936-10-08,89.0,California,Center,Right,Fresno State,2,1958.0,13.0,1.0,Minneapolis Lakers,a/alcorga01.html
43,Santi Aldama,2021-22,2025-26,213.0,97.0,2001-01-10,25.0,Spain,Power Forward,Right,Loyola (MD),5,2021.0,1.0,30.0,Utah Jazz,a/aldamsa01.html
44,Furkan Aldemir,2014-15,2014-15,208.0,108.0,1991-08-09,34.0,Turkey,Power Forward,Right,,1,2012.0,2.0,23.0,Los Angeles Clippers,a/aldemfu01.html
45,Cole Aldrich,2010-11,2017-18,211.0,114.0,1988-10-31,37.0,Minnesota,Center,Right,Kansas,8,2010.0,1.0,11.0,New Orleans Hornets,a/aldrico01.html
46,LaMarcus Aldridge,2006-07,2021-22,211.0,113.0,1985-07-19,40.0,Texas,Power Forward and Center,Right,Texas,16,2006.0,1.0,2.0,Chicago Bulls,a/aldrila01.html
47,Chuck Aleksinas,1984-85,1984-85,211.0,117.0,1959-02-26,67.0,Connecticut,Center,Right,Kentucky,1,1982.0,4.0,7.0,Chicago Bulls,a/aleksch01.html
48,Cliff Alexander,2015-16,2015-16,203.0,111.0,1995-11-16,30.0,Illinois,Power Forward,Right,Kansas,1,,,,,a/alexacl01.html
49,Cory Alexander,1995-96,2004-05,185.0,83.0,1973-06-22,53.0,Virginia,Point Guard and Shooting Guard,Right,Virginia,7,1995.0,1.0,29.0,San Antonio Spurs,a/alexaco01.html
50,Courtney Alexander,2000-01,2002-03,196.0,92.0,1977-04-27,49.0,Connecticut,Point Guard and Shooting Guard,Right,Virginia,3,2000.0,1.0,13.0,Orlando Magic,a/alexaco02.html
51,Gary Alexander,1993-94,1993-94,201.0,108.0,1969-11-01,56.0,Florida,Power Forward,Right,South Florida,1,,,,,a/alexaga01.html
52,Joe Alexander,2008-09,2009-10,203.0,104.0,1986-12-26,39.0,Taiwan,Small Forward,Right,West Virginia,2,2008.0,1.0,8.0,Milwaukee Bucks,a/alexajo01.html
53,Kyle Alexander,2019-20,2019-20,211.0,99.0,1996-10-21,29.0,Ontario,Center,Right,Tennessee,1,,,,,a/alexaky01.html
54,Trey Alexander,2024-25,2025-26,196.0,83.0,2003-05-02,23.0,Oklahoma,Shooting Guard,Right,Creighton,2,,,,,a/alexatr01.html
55,Ty-Shon Alexander,2020-21,2020-21,190.0,88.0,1998-07-16,28.0,North Carolina,Shooting Guard,Right,Creighton,1,,,,,a/alexaty01.html
56,Victor Alexander,1991-92,2001-02,206.0,120.0,1969-08-31,56.0,Michigan,Center,Right,Iowa State,5,1991.0,1.0,17.0,Golden State Warriors,a/alexavi01.html
57,Nickeil Alexander-Walker,2019-20,2025-26,196.0,92.0,1998-09-02,27.0,Ontario,Shooting Guard,Right,Virginia Tech,7,2019.0,1.0,17.0,Brooklyn Nets,a/alexani01.html
58,Steve Alford,1987-88,1990-91,188.0,83.0,1964-11-23,61.0,Indiana,Point Guard,Right,Indiana,4,1987.0,2.0,3.0,Dallas Mavericks,a/alforst01.html
59,Rawle Alkins,2018-19,2018-19,196.0,102.0,1997-10-29,28.0,New York,Shooting Guard,Right,Arizona,1,,,,,a/alkinra01.html
61,Bob Allen,1968-69,1968-69,206.0,92.0,1946-07-17,79.0,Michigan,Power Forward,Right,Marshall,1,1968.0,6.0,7.0,San Francisco Warriors,a/allenbo01.html
62,Grayson Allen,2018-19,2025-26,190.0,89.0,1995-10-08,30.0,Florida,Shooting Guard,Right,Duke,8,2018.0,1.0,21.0,Utah Jazz,a/allengr01.html
63,Jarrett Allen,2017-18,2025-26,206.0,110.0,1998-04-21,28.0,California,Center,Right,Texas,9,2017.0,1.0,22.0,Brooklyn Nets,a/allenja01.html
64,Jerome Allen,1995-96,1996-97,193.0,83.0,1973-01-28,53.0,Pennsylvania,Shooting Guard,Right,Penn,2,1995.0,2.0,20.0,Minnesota Timberwolves,a/allenje01.html
65,Kadeem Allen,2017-18,2019-20,185.0,90.0,1993-01-15,33.0,North Carolina,Point Guard,Right,Arizona,3,2017.0,2.0,23.0,Boston Celtics,a/allenka01.html
66,Lavoy Allen,2011-12,2016-17,206.0,117.0,1989-02-04,37.0,Pennsylvania,Power Forward and Center,Right,Temple,6,2011.0,2.0,20.0,Philadelphia 76ers,a/allenla01.html
67,Lucius Allen,1969-70,1978-79,188.0,79.0,1947-09-26,78.0,Kansas,Point Guard,Right,UCLA,10,1969.0,1.0,3.0,Seattle SuperSonics,a/allenlu01.html
68,Malik Allen,2001-02,2010-11,208.0,115.0,1978-06-27,48.0,New Jersey,Power Forward,Right,Villanova,10,,,,,a/allenma01.html
69,Randy Allen,1988-89,1989-90,203.0,99.0,1965-01-26,61.0,Florida,Shooting Guard,Right,Florida State,2,,,,,a/allenra01.html
70,Ray Allen,1996-97,2013-14,196.0,92.0,1975-07-20,50.0,California,Shooting Guard,Right,UConn,18,1996.0,1.0,5.0,Minnesota Timberwolves,a/allenra02.html
71,Timmy Allen,2023-24,2023-24,198.0,95.0,2000-01-09,26.0,Arizona,Small Forward,Right,Utah,1,,,,,a/allenti01.html
72,Tony Allen,2004-05,2017-18,193.0,96.0,1982-01-11,44.0,Illinois,"Shooting Guard, Small Forward, and Point Guard",Right,Butler County Community College,14,2004.0,1.0,25.0,Boston Celtics,a/allento01.html
74,Odis Allison,1971-72,1971-72,198.0,88.0,1949-10-02,76.0,California,Small Forward,Right,UNLV,1,1971.0,5.0,8.0,Golden State Warriors,a/allisod01.html
75,Lance Allred,2007-08,2007-08,211.0,113.0,1981-02-02,45.0,Utah,Center,Right,Utah,1,,,,,a/allrela01.html
76,Darrell Allums,1980-81,1980-81,206.0,99.0,1958-09-12,67.0,California,Power Forward,Right,UCLA,1,1980.0,5.0,11.0,Dallas Mavericks,a/allumda01.html
77,Morris Almond,2007-08,2011-12,198.0,102.0,1985-02-02,41.0,Georgia,Shooting Guard,Right,Rice University,3,2007.0,1.0,25.0,Utah Jazz,a/almonmo01.html
78,Derrick Alston,1994-95,1996-97,211.0,102.0,1972-08-20,53.0,New York,Center,Right,Duquesne,3,1994.0,2.0,6.0,Philadelphia 76ers,a/alstode01.html
79,Rafer Alston,1999-00,2009-10,188.0,77.0,1976-07-24,49.0,New York,Point Guard,Right,Fresno State,11,1998.0,2.0,10.0,Milwaukee Bucks,a/alstora01.html
80,Peter Aluma,1998-99,1998-99,208.0,117.0,1973-04-23,53.0,Nigeria,Center,Right,Liberty,1,,,,,a/alumape01.html
81,Jose Alvarado,2021-22,2025-26,183.0,81.0,1998-04-12,28.0,New York,Point Guard,Right,Georgia Tech,5,,,,,a/alvarjo01.html
82,John Amaechi,1995-96,2002-03,208.0,122.0,1970-11-26,55.0,Massachusetts,Center and Power Forward,Right,Vanderbilt,5,,,,,a/amaecjo01.html
83,Ashraf Amaya,1995-96,1996-97,203.0,104.0,1971-11-23,54.0,Illinois,Power Forward,Right,Southern Illinois,2,,,,,a/amayaas01.html
84,Al-Farouq Aminu,2010-11,2020-21,206.0,99.0,1990-09-21,35.0,Georgia,Power Forward and Small Forward,Right,Wake Forest,11,2010.0,1.0,8.0,Los Angeles Clippers,a/aminual01.html
85,Lou Amundson,2006-07,2015-16,206.0,99.0,1982-12-07,43.0,California,Power Forward,Right,UNLV,10,,,,,a/amundlo01.html
86,Bob Anderegg,1959-60,1959-60,190.0,90.0,1937-08-24,88.0,Wisconsin,Small Forward,Right,Michigan State,1,1959.0,3.0,6.0,New York Knicks,a/anderbo01.html
87,Chris Andersen,2001-02,2016-17,208.0,111.0,1978-07-07,48.0,California,Center and Power Forward,Right,Blinn College,15,,,,,a/anderch01.html
88,David Andersen,2009-10,2010-11,211.0,111.0,1980-06-23,46.0,Australia,Power Forward and Center,Right,,2,2002.0,2.0,8.0,Atlanta Hawks,a/anderda03.html
89,Alan Anderson,2005-06,2016-17,198.0,99.0,1982-10-16,43.0,Minnesota,Small Forward and Shooting Guard,Right,Michigan State,8,,,,,a/anderal01.html
91,Antonio Anderson,2009-10,2009-10,198.0,97.0,1985-06-05,41.0,Massachusetts,Small Forward,Right,Memphis,1,,,,,a/anderan02.html
92,Cliff Anderson,1967-68,1970-71,188.0,90.0,1944-09-07,81.0,Pennsylvania,Shooting Guard,Right,Saint Joseph's,3,1967.0,4.0,4.0,Los Angeles Lakers,a/andercl01.html
94,Dan Anderson,1974-75,1975-76,188.0,83.0,1951-01-01,75.0,California,Point Guard and Shooting Guard,Right,USC,2,1974.0,6.0,2.0,Portland Trail Blazers,a/anderda02.html
95,Derek Anderson,1997-98,2007-08,196.0,87.0,1974-07-18,51.0,Kentucky,"Shooting Guard, Small Forward, and Point Guard",Right,Ohio State,11,1997.0,1.0,13.0,Cleveland Cavaliers,a/anderde01.html
96,Dwight Anderson,1982-83,1982-83,190.0,83.0,1960-12-28,65.0,Ohio,Point Guard,Right,Kentucky,1,1982.0,2.0,18.0,Washington Bullets,a/anderdw01.html
97,Eric Anderson,1992-93,1993-94,206.0,99.0,1970-05-26,56.0,Illinois,Power Forward,Right,Indiana,2,,,,,a/anderer01.html
98,Greg Anderson,1987-88,1997-98,208.0,104.0,1964-06-22,62.0,Texas,Power Forward and Center,Right,Houston,10,1987.0,1.0,23.0,San Antonio Spurs,a/andergr01.html
99,J.J. Anderson,1982-83,1984-85,203.0,88.0,1960-09-23,65.0,Illinois,Small Forward,Right,Bradley,3,1982.0,2.0,13.0,Philadelphia 76ers,a/anderjj01.html
100,James Anderson,2010-11,2015-16,198.0,96.0,1989-03-25,37.0,Arkansas,Shooting Guard and Small Forward,Right,Oklahoma State,5,2010.0,1.0,20.0,San Antonio Spurs,a/anderja01.html
101,Jerome Anderson,1975-76,1976-77,196.0,88.0,1953-10-09,72.0,West Virginia,Shooting Guard,Right,West Virginia,2,1975.0,3.0,17.0,Boston Celtics,a/anderje01.html
102,Justin Anderson,2015-16,2021-22,198.0,104.0,1993-11-19,32.0,Virginia,Small Forward and Shooting Guard,Left,Virginia,6,2015.0,1.0,21.0,Dallas Mavericks,a/anderju01.html
103,Kenny Anderson,1991-92,2004-05,185.0,76.0,1970-10-09,55.0,New York,Point Guard,Left,Georgia Tech,14,1991.0,1.0,2.0,New Jersey Nets,a/anderke01.html
104,Kim Anderson,1978-79,1978-79,201.0,90.0,1955-05-12,71.0,Missouri,Small Forward,Right,Missouri,1,1977.0,2.0,6.0,Portland Trail Blazers,a/anderki01.html
105,Kyle Anderson,2014-15,2025-26,203.0,104.0,1993-09-20,32.0,New York,Small Forward and Power Forward,Right,UCLA,12,2014.0,1.0,30.0,San Antonio Spurs,a/anderky01.html
106,Michael Anderson,1988-89,1988-89,180.0,83.0,1966-03-23,60.0,Pennsylvania,Point Guard,Right,Drexel,1,1988.0,3.0,23.0,Indiana Pacers,a/andermi01.html
107,Nick Anderson,1989-90,2001-02,198.0,92.0,1968-01-20,58.0,Illinois,Shooting Guard and Small Forward,Right,Illinois,13,1989.0,1.0,11.0,Orlando Magic,a/anderni01.html
108,Richard Anderson,1982-83,1989-90,208.0,108.0,1960-11-19,65.0,California,Power Forward and Center,Right,UC Santa Barbara,6,1982.0,2.0,9.0,San Diego Clippers,a/anderri01.html
109,Ron Anderson,1984-85,1993-94,201.0,97.0,1958-10-15,67.0,Illinois,Small Forward,Right,Fresno State,10,1984.0,2.0,3.0,Cleveland Cavaliers,a/anderro01.html
110,Ryan Anderson,2008-09,2019-20,206.0,108.0,1988-05-06,38.0,California,Power Forward and Center,Right,California,12,2008.0,1.0,21.0,New Jersey Nets,a/anderry01.html
111,Shandon Anderson,1996-97,2005-06,198.0,94.0,1973-12-31,52.0,Georgia,Shooting Guard and Small Forward,Right,Georgia,10,1996.0,2.0,25.0,Utah Jazz,a/andersh01.html
112,Willie Anderson,1988-89,1996-97,201.0,86.0,1967-01-08,59.0,South Carolina,Shooting Guard and Small Forward,Right,Georgia,9,1988.0,1.0,10.0,San Antonio Spurs,a/anderwi01.html
113,Wally Anderzunas,1969-70,1969-70,201.0,99.0,1946-01-11,80.0,Nebraska,Small Forward,Right,Creighton,1,1968.0,6.0,6.0,Detroit Pistons,a/anderwa01.html
114,Martynas Andriuškevičius,2005-06,2005-06,218.0,108.0,1986-03-12,40.0,Lithuania,Center,Right,,1,2005.0,2.0,14.0,Orlando Magic,a/andrima01.html
115,Don Anielak,1954-55,1954-55,201.0,86.0,1930-11-01,95.0,Missouri,Forward,Right,Missouri State,1,1954.0,3.0,8.0,New York Knicks,a/anieldo01.html
116,Ike Anigbogu,2017-18,2018-19,206.0,114.0,1998-10-17,27.0,California,Center,Right,UCLA,2,2017.0,2.0,17.0,Indiana Pacers,a/anigbik01.html
117,Michael Ansley,1989-90,1991-92,201.0,102.0,1967-02-08,59.0,Alabama,Small Forward,Right,Alabama,3,1989.0,2.0,10.0,Orlando Magic,a/anslemi01.html
118,Chris Anstey,1997-98,1999-00,213.0,112.0,1975-01-01,51.0,Australia,Center,Right,,3,1997.0,1.0,18.0,Portland Trail Blazers,a/anstech01.html
119,Alex Antetokounmpo,2025-26,2025-26,203.0,97.0,2001-08-27,24.0,Greece,Small Forward,Right,,1,,,,,a/antetal01.html
120,Giannis Antetokounmpo,2013-14,2025-26,211.0,110.0,1994-12-06,31.0,Greece,"Power Forward, Small Forward, Point Guard, and Shooting Guard",Right,,13,2013.0,1.0,15.0,Milwaukee Bucks,a/antetgi01.html
121,Kostas Antetokounmpo,2018-19,2020-21,208.0,90.0,1997-11-20,28.0,Greece,Power Forward and Small Forward,Right,Dayton,3,2018.0,2.0,30.0,Philadelphia 76ers,a/antetko01.html
122,Thanasis Antetokounmpo,2015-16,2025-26,201.0,99.0,1992-07-18,33.0,Greece,Small Forward and Power Forward,Right,,7,2014.0,2.0,21.0,New York Knicks,a/antetth01.html
123,Carmelo Anthony,2003-04,2021-22,201.0,107.0,1984-05-29,42.0,New York,Small Forward and Power Forward,Right,Syracuse,19,2003.0,1.0,3.0,Denver Nuggets,a/anthoca01.html
124,Cole Anthony,2020-21,2025-26,188.0,83.0,2000-05-15,26.0,Oregon,Point Guard,Right,UNC,6,2020.0,1.0,15.0,Orlando Magic,a/anthoco01.html
125,Greg Anthony,1991-92,2001-02,183.0,79.0,1967-11-15,58.0,Nevada,Point Guard,Left,University of Portland,11,1991.0,1.0,12.0,New York Knicks,a/anthogr01.html
126,Joel Anthony,2007-08,2016-17,206.0,111.0,1982-08-09,43.0,Quebec,Center and Power Forward,Left,UNLV,10,,,,,a/anthojo01.html
127,Pero Antić,2013-14,2014-15,211.0,117.0,1982-07-29,43.0,North Macedonia,Center,Right,,2,,,,,a/anticpe01.html
128,OG Anunoby,2017-18,2025-26,201.0,108.0,1997-07-17,28.0,United Kingdom,Small Forward and Power Forward,Right,Indiana,9,2017.0,1.0,23.0,Toronto Raptors,a/anunoog01.html
129,Keith Appling,2015-16,2015-16,185.0,83.0,1992-02-13,34.0,Michigan,Point Guard,Right,Michigan State,1,,,,,a/applike01.html
130,Rafael Araújo,2004-05,2006-07,211.0,127.0,1980-08-12,45.0,Brazil,Center,Right,BYU,3,2004.0,1.0,8.0,Toronto Raptors,a/araujra01.html
131,Stacey Arceneaux,1961-62,1961-62,193.0,95.0,1936-02-17,90.0,New York,Forward,Right,Iowa State,1,,,,,a/arcenst01.html
132,Robert Archibald,2002-03,2003-04,211.0,113.0,1980-03-29,46.0,United Kingdom,Power Forward and Center,Right,Illinois,2,2002.0,2.0,3.0,Memphis Grizzlies,a/archiro01.html
133,Tiny Archibald,1970-71,1983-84,185.0,68.0,1948-09-02,77.0,New York,Point Guard,Left,Arizona Western College,13,1970.0,2.0,2.0,Cincinnati Royals,a/architi01.html
134,Ryan Arcidiacono,2017-18,2023-24,190.0,88.0,1994-03-26,32.0,Pennsylvania,Point Guard,Right,Villanova,7,,,,,a/arcidry01.html
135,Jim Ard,1974-75,1977-78,203.0,97.0,1948-09-19,77.0,Illinois,Center,Right,Cincinnati,4,1970.0,1.0,6.0,Seattle SuperSonics,a/ardji01.html
136,Gilbert Arenas,2001-02,2011-12,193.0,86.0,1982-01-06,44.0,Florida,Point Guard,Right,Arizona,11,2001.0,2.0,2.0,Golden State Warriors,a/arenagi01.html
137,Trevor Ariza,2004-05,2021-22,203.0,97.0,1985-06-30,41.0,Florida,Small Forward and Shooting Guard,Right,UCLA,18,2004.0,2.0,14.0,New York Knicks,a/arizatr01.html
138,Paul Arizin,1950-51,1961-62,193.0,86.0,1928-04-09,98.0,Pennsylvania,Small Forward,Right,Villanova,10,1950.0,1.0,3.0,Philadelphia Warriors,a/arizipa01.html
139,Joe Arlauckas,1987-88,1987-88,206.0,104.0,1965-07-20,60.0,New York,Small Forward,Right,Niagara University,1,1987.0,4.0,5.0,Sacramento Kings,a/arlaujo01.html
140,B.J. Armstrong,1989-90,1999-00,188.0,79.0,1967-09-09,58.0,Michigan,Point Guard,Right,Iowa,11,1989.0,1.0,18.0,Chicago Bulls,a/armstbj01.html
141,Bob Armstrong,1956-57,1956-57,203.0,99.0,1933-06-17,93.0,Michigan,Center/Forward,Right,Michigan State,1,1955.0,6.0,2.0,Rochester Royals,a/armstbo01.html
142,Brandon Armstrong,2001-02,2003-04,196.0,85.0,1980-06-16,46.0,California,Shooting Guard,Left,Pepperdine,3,2001.0,1.0,23.0,Houston Rockets,a/armstbr01.html
143,Curly Armstrong,1949-50,1950-51,180.0,77.0,1918-11-01,107.0,Indiana,Guard/Forward,Right,Indiana,2,,,,,a/armstcu01.html
144,Darrell Armstrong,1994-95,2007-08,185.0,81.0,1968-06-22,58.0,North Carolina,Point Guard,Right,Fayetteville State University,14,,,,,a/armstda01.html
145,Hilton Armstrong,2006-07,2013-14,211.0,106.0,1984-11-11,41.0,New York,Center and Power Forward,Right,UConn,6,2006.0,1.0,12.0,New Orleans/Oklahoma City Hornets,a/armsthi01.html
146,Tate Armstrong,1977-78,1978-79,190.0,79.0,1955-10-05,70.0,Georgia,Shooting Guard,Right,Duke,2,1977.0,1.0,13.0,Chicago Bulls,a/armstta01.html
147,Jesse Arnelle,1955-56,1955-56,196.0,99.0,1933-12-30,92.0,New York,Power Forward,Right,Penn State,1,1955.0,2.0,7.0,Fort Wayne Pistons,a/arnelje01.html
148,Jay Arnette,1963-64,1965-66,188.0,79.0,1938-12-19,87.0,Texas,Shooting Guard and Point Guard,Right,Texas,3,1960.0,2.0,1.0,Cincinnati Royals,a/arnetja01.html
149,Bob Arnzen,1970-71,1970-71,196.0,92.0,1947-11-03,78.0,Kentucky,Small Forward,Right,Notre Dame,1,1969.0,8.0,4.0,Detroit Pistons,a/arnzebo01.html
150,Carlos Arroyo,2001-02,2010-11,188.0,91.0,1979-07-30,46.0,Puerto Rico,Point Guard and Shooting Guard,Right,Florida International University,9,,,,,a/arroyca01.html
151,Darrell Arthur,2008-09,2017-18,206.0,106.0,1988-03-25,38.0,Texas,Power Forward and Small Forward,Right,Kansas,9,2008.0,1.0,27.0,New Orleans Hornets,a/arthuda01.html
152,John Arthurs,1969-70,1969-70,193.0,83.0,1947-08-15,78.0,United States,Guard,Right,Tulane,1,1969.0,6.0,2.0,Milwaukee Bucks,a/arthujo01.html
153,Jamel Artis,2017-18,2017-18,201.0,96.0,1993-01-12,33.0,Maryland,Shooting Guard,Right,Pitt,1,,,,,a/artisja01.html
154,Ömer Aşık,2010-11,2017-18,213.0,115.0,1986-07-04,40.0,Turkey,Center,Right,,8,2008.0,2.0,6.0,Portland Trail Blazers,a/asikom01.html
155,Vincent Askew,1987-88,1997-98,198.0,95.0,1966-02-28,60.0,Tennessee,Shooting Guard,Right,Memphis,9,1987.0,2.0,16.0,Philadelphia 76ers,a/askewvi01.html
156,Keith Askins,1990-91,1998-99,201.0,89.0,1967-12-15,58.0,Alabama,Small Forward,Right,Alabama,9,,,,,a/askinke01.html
157,Don Asmonga,1953-54,1953-54,188.0,83.0,1928-02-15,98.0,Pennsylvania,Guard,Right,Alliance College,1,,,,,a/asmondo01.html
158,Dick Atha,1955-56,1957-58,188.0,86.0,1931-09-21,94.0,Indiana,Shooting Guard,Right,Indiana State University,2,1953.0,3.0,,New York Knicks,a/athadi01.html
159,Chucky Atkins,1999-00,2009-10,180.0,72.0,1974-08-14,51.0,Florida,Point Guard and Shooting Guard,Right,South Florida,11,,,,,a/atkinch01.html
160,Al Attles,1960-61,1970-71,183.0,79.0,1936-11-07,89.0,New Jersey,Point Guard,Right,North Carolina A&T,11,1960.0,5.0,7.0,Philadelphia Warriors,a/attleal01.html
162,Stacey Augmon,1991-92,2005-06,203.0,92.0,1968-08-01,57.0,California,Shooting Guard and Small Forward,Left,UNLV,15,1991.0,1.0,9.0,Atlanta Hawks,a/augmost01.html
163,D.J. Augustin,2008-09,2021-22,180.0,83.0,1987-11-10,38.0,Louisiana,Point Guard,Right,Texas,14,2008.0,1.0,9.0,Charlotte Bobcats,a/augusdj01.html
164,James Augustine,2006-07,2007-08,208.0,106.0,1984-02-27,42.0,Illinois,Power Forward,Left,Illinois,2,2006.0,2.0,11.0,Orlando Magic,a/augusja01.html
165,Isaac Austin,1991-92,2001-02,208.0,115.0,1969-08-18,56.0,California,Center,Right,Arizona State,9,1991.0,2.0,21.0,Utah Jazz,a/austiis01.html
166,Johnny Austin,1966-67,1966-67,183.0,77.0,1944-08-31,81.0,District of Columbia,Shooting Guard,Right,Boston College,1,1966.0,4.0,8.0,Boston Celtics,a/austijo01.html
167,Ken Austin,1983-84,1983-84,206.0,92.0,1961-07-15,65.0,California,Small Forward,Right,Rice University,1,1983.0,5.0,8.0,Detroit Pistons,a/austike01.html
168,Deni Avdija,2020-21,2025-26,203.0,103.0,2001-01-03,25.0,Israel,Small Forward,Right,,6,2020.0,1.0,9.0,Washington Wizards,a/avdijde01.html
169,Anthony Avent,1992-93,1999-00,206.0,106.0,1969-10-18,56.0,North Carolina,Power Forward,Right,Seton Hall,6,1991.0,1.0,15.0,Atlanta Hawks,a/aventan01.html
170,Bird Averitt,1976-77,1977-78,185.0,77.0,1952-07-22,73.0,Kentucky,Shooting Guard,Left,Pepperdine,2,1973.0,4.0,3.0,Portland Trail Blazers,a/averibi01.html
171,William Avery,1999-00,2001-02,188.0,89.0,1979-08-08,46.0,Georgia,Point Guard,Right,Duke,3,1999.0,1.0,14.0,Minnesota Timberwolves,a/averywi01.html
172,Dennis Awtrey,1970-71,1981-82,208.0,106.0,1948-02-22,78.0,California,Center,Right,Santa Clara,12,1970.0,3.0,12.0,Philadelphia 76ers,a/awtrede01.html
173,Joel Ayayi,2021-22,2021-22,193.0,81.0,2000-03-05,26.0,France,Shooting Guard,Right,Gonzaga,1,,,,,a/ayayijo01.html
174,Gustavo Ayón,2011-12,2013-14,208.0,113.0,1985-04-01,41.0,Mexico,Center and Power Forward,Right,,3,,,,,a/ayongu01.html
175,Jeff Ayres,2009-10,2015-16,206.0,108.0,1987-04-29,39.0,California,Power Forward and Center,Right,Arizona State,6,2009.0,2.0,1.0,Sacramento Kings,p/pendeje02.html
176,Deandre Ayton,2018-19,2025-26,213.0,114.0,1998-07-23,27.0,Bahamas,Center,Right,Arizona,8,2018.0,1.0,1.0,Phoenix Suns,a/aytonde01.html
177,Kelenna Azubuike,2006-07,2011-12,196.0,99.0,1983-12-16,42.0,United Kingdom,Shooting Guard and Small Forward,Right,Kentucky,5,,,,,a/azubuke01.html
178,Udoka Azubuike,2020-21,2023-24,211.0,122.0,1999-09-17,26.0,Nigeria,Center,Right,Kansas,4,2020.0,1.0,27.0,Utah Jazz,a/azubuud01.html
179,Chris Babb,2013-14,2013-14,196.0,102.0,1990-02-14,36.0,Texas,Shooting Guard,Right,Penn State,1,,,,,b/babbch01.html
180,Luke Babbitt,2010-11,2017-18,206.0,102.0,1989-06-20,37.0,Ohio,Small Forward and Power Forward,Left,Nevada,8,2010.0,1.0,16.0,Minnesota Timberwolves,b/babbilu01.html
181,Miloš Babić,1990-91,1991-92,213.0,108.0,1968-11-23,57.0,Serbia,Center and Power Forward,Right,Tennessee Technological University,2,1990.0,2.0,23.0,Phoenix Suns,b/babicmi01.html
183,Dwayne Bacon,2017-18,2020-21,198.0,100.0,1995-08-30,30.0,Florida,Shooting Guard,Right,Florida State,4,2017.0,2.0,10.0,New Orleans Pelicans,b/bacondw01.html
185,Ibou Badji,2023-24,2023-24,208.0,108.0,2002-10-13,23.0,Senegal,Center,Right,,1,,,,,b/badjiib01.html
186,Jim Baechtold,1952-53,1956-57,193.0,92.0,1927-12-09,98.0,Pennsylvania,Small Forward,Right,Eastern Kentucky University,5,1952.0,1.0,2.0,Baltimore Bullets,b/baechji01.html
187,Dalibor Bagarić,2000-01,2002-03,216.0,115.0,1980-02-07,46.0,Germany,Center,Right,,3,2000.0,1.0,24.0,Chicago Bulls,b/bagarda01.html
188,John Bagley,1982-83,1993-94,183.0,83.0,1960-04-23,66.0,Connecticut,Point Guard,Right,Boston College,11,1982.0,1.0,12.0,Cleveland Cavaliers,b/baglejo01.html
189,Marcus Bagley,2024-25,2024-25,203.0,97.0,2001-10-23,24.0,Arizona,Small Forward,Right,Arizona State,1,,,,,b/baglema02.html
190,Marvin Bagley III,2018-19,2025-26,208.0,106.0,1999-03-14,27.0,Arizona,Power Forward and Center,Left,Duke,8,2018.0,1.0,2.0,Sacramento Kings,b/baglema01.html
191,Ace Bailey,2025-26,2025-26,206.0,90.0,2006-08-13,19.0,Tennessee,Small Forward,Right,Rutgers University,1,2025.0,1.0,5.0,Utah Jazz,b/baileac01.html
192,Amari Bailey,2023-24,2023-24,190.0,83.0,2004-02-17,22.0,Louisiana,Point Guard,Left,UCLA,1,2023.0,2.0,11.0,Charlotte Hornets,b/baileam01.html
193,Carl Bailey,1981-82,1981-82,213.0,95.0,1958-04-23,68.0,Alabama,Center,Right,Tuskegee University,1,1980.0,3.0,20.0,Seattle SuperSonics,b/baileca01.html
194,Gus Bailey,1974-75,1979-80,196.0,83.0,1951-02-18,75.0,North Carolina,Shooting Guard,Right,Texas-El Paso,5,1974.0,2.0,5.0,Houston Rockets,b/bailegu01.html
195,James Bailey,1979-80,1987-88,206.0,99.0,1957-05-21,69.0,Georgia,Power Forward,Right,Rutgers University,9,1979.0,1.0,6.0,Seattle SuperSonics,b/baileja01.html
196,Thurl Bailey,1983-84,1998-99,211.0,97.0,1961-04-07,65.0,District of Columbia,Power Forward and Small Forward,Right,NC State,12,1983.0,1.0,7.0,Utah Jazz,b/baileth01.html
197,Toby Bailey,1998-99,1999-00,198.0,96.0,1975-11-19,50.0,California,Shooting Guard,Right,UCLA,2,1998.0,2.0,16.0,Los Angeles Lakers,b/baileto01.html
198,Cameron Bairstow,2014-15,2015-16,206.0,113.0,1990-12-07,35.0,Australia,Center and Power Forward,Right,New Mexico,2,2014.0,2.0,19.0,Chicago Bulls,b/bairsca01.html
200,Mark Baker,1998-99,1998-99,185.0,79.0,1969-11-11,56.0,Ohio,Point Guard,Right,Ohio State,1,,,,,b/bakerla01.html
201,Maurice Baker,2004-05,2004-05,185.0,79.0,1979-07-28,46.0,Illinois,Point Guard,Right,Oklahoma State,1,,,,,b/bakerma01.html
203,Ron Baker,2016-17,2018-19,193.0,99.0,1993-03-30,33.0,Kansas,Shooting Guard,Right,Wichita State,3,,,,,b/bakerro01.html
204,Vin Baker,1993-94,2005-06,211.0,105.0,1971-11-23,54.0,Florida,Power Forward and Center,Right,University of Hartford,13,1993.0,1.0,8.0,Milwaukee Bucks,b/bakervi01.html
205,Adama-Alpha Bal,2025-26,2025-26,201.0,86.0,2003-12-18,22.0,France,Shooting Guard,Right,Arizona,1,,,,,b/balad01.html
206,Patrick Baldwin Jr.,2022-23,2025-26,213.0,99.0,2002-11-18,23.0,Wisconsin,Small Forward,Right,UW-Milwaukee,4,2022.0,1.0,28.0,Golden State Warriors,b/baldwpa01.html
207,Wade Baldwin,2016-17,2018-19,193.0,90.0,1996-03-29,30.0,New Jersey,Point Guard,Right,Vanderbilt,3,2016.0,1.0,17.0,Memphis Grizzlies,b/baldwwa01.html
208,Renaldo Balkman,2006-07,2011-12,203.0,94.0,1984-07-14,42.0,New York,Small Forward and Power Forward,Right,South Carolina,6,2006.0,1.0,20.0,New York Knicks,b/balkmre01.html
209,Cedric Ball,1990-91,1990-91,203.0,95.0,1968-04-16,58.0,Massachusetts,Power Forward,Right,UNC Charlotte,1,,,,,b/ballce01.html
210,LaMelo Ball,2020-21,2025-26,201.0,81.0,2001-08-22,24.0,California,Point Guard,Right,,6,2020.0,1.0,3.0,Charlotte Hornets,b/ballla01.html
211,Lonzo Ball,2017-18,2025-26,196.0,86.0,1997-10-27,28.0,California,Point Guard,Right,UCLA,7,2017.0,1.0,2.0,Los Angeles Lakers,b/balllo01.html
212,Greg Ballard,1977-78,1988-89,201.0,97.0,1955-01-29,71.0,California,Small Forward,Right,Oregon,11,1977.0,1.0,4.0,Washington Bullets,b/ballagr01.html
214,Mo Bamba,2018-19,2025-26,213.0,104.0,1998-05-12,28.0,New York,Center,Right,Texas,8,2018.0,1.0,6.0,Orlando Magic,b/bambamo01.html
215,Paolo Banchero,2022-23,2025-26,208.0,113.0,2002-11-12,23.0,Washington,Power Forward,Right,Duke,4,2022.0,1.0,1.0,Orlando Magic,b/banchpa01.html
216,Desmond Bane,2020-21,2025-26,198.0,97.0,1998-06-25,28.0,Indiana,Shooting Guard,Right,TCU,6,2020.0,1.0,30.0,Boston Celtics,b/banede01.html
217,Gene Banks,1981-82,1986-87,201.0,97.0,1959-05-15,67.0,Pennsylvania,Small Forward and Power Forward,Right,Duke,6,1981.0,2.0,5.0,San Antonio Spurs,b/banksge01.html
218,Marcus Banks,2003-04,2010-11,188.0,90.0,1981-11-19,44.0,Nevada,Point Guard,Right,Dixie State (UT),8,2003.0,1.0,13.0,Memphis Grizzlies,b/banksma01.html
220,Ken Bannister,1984-85,1990-91,206.0,106.0,1960-04-01,66.0,Maryland,Power Forward,Right,Indiana State University,5,1984.0,7.0,17.0,New York Knicks,b/bannike01.html
221,Mike Bantom,1973-74,1981-82,206.0,90.0,1951-12-03,74.0,Pennsylvania,Small Forward and Power Forward,Right,Saint Joseph's,9,1973.0,1.0,8.0,Phoenix Suns,b/bantomi01.html
222,Dalano Banton,2021-22,2025-26,203.0,92.0,1999-11-07,26.0,Ontario,Point Guard,Right,Nebraska,5,2021.0,2.0,16.0,Toronto Raptors,b/bantoda01.html
223,Cat Barber,2021-22,2021-22,188.0,81.0,1994-07-25,31.0,Virginia,Point Guard,Right,NC State,1,,,,,b/barbeca01.html
224,John Barber,1956-57,1956-57,198.0,95.0,1927-06-27,99.0,United States,Forward,Right,"California State University, Los Angeles",1,1956.0,7.0,3.0,Minneapolis Lakers,b/barbejo01.html
225,Leandro Barbosa,2003-04,2016-17,190.0,87.0,1982-11-28,43.0,Brazil,Shooting Guard and Point Guard,Right,,14,2003.0,1.0,28.0,San Antonio Spurs,b/barbole01.html
226,Steve Bardo,1991-92,1995-96,196.0,86.0,1968-04-05,58.0,Kentucky,Shooting Guard,Right,Illinois,3,1990.0,2.0,14.0,Atlanta Hawks,b/bardost01.html
227,J.J. Barea,2006-07,2019-20,178.0,81.0,1984-06-26,42.0,Puerto Rico,Point Guard and Shooting Guard,Right,Northeastern University,14,,,,,b/bareajo01.html
228,Andrea Bargnani,2006-07,2015-16,213.0,111.0,1985-10-26,40.0,Italy,Center and Power Forward,Right,,10,2006.0,1.0,1.0,Toronto Raptors,b/bargnan01.html
229,Cliff Barker,1949-50,1951-52,188.0,83.0,1921-01-15,105.0,Indiana,Shooting Guard,Right,Kentucky,3,1949.0,5.0,,Washington Capitols,b/barkecl01.html
230,Tom Barker,1976-77,1978-79,211.0,102.0,1955-03-11,71.0,Texas,Center,Right,Minnesota,2,1976.0,4.0,2.0,Atlanta Hawks,b/barketo01.html
231,Charles Barkley,1984-85,1999-00,198.0,114.0,1963-02-20,63.0,Alabama,Power Forward and Small Forward,Right,Auburn,16,1984.0,1.0,5.0,Philadelphia 76ers,b/barklch01.html
232,Erick Barkley,2000-01,2001-02,185.0,80.0,1978-02-21,48.0,New York,Point Guard,Right,St. John's,2,2000.0,1.0,28.0,Portland Trail Blazers,b/barkler01.html
233,Don Barksdale,1951-52,1954-55,198.0,90.0,1923-03-31,103.0,California,Power Forward and Small Forward,Right,UCLA,4,,,,,b/barksdo01.html
234,Dominick Barlow,2022-23,2025-26,206.0,97.0,2003-05-26,23.0,New Jersey,Power Forward and Small Forward,Right,,4,,,,,b/barlodo01.html
235,Harrison Barnes,2012-13,2025-26,201.0,102.0,1992-05-30,34.0,Iowa,Power Forward and Small Forward,Right,UNC,14,2012.0,1.0,7.0,Golden State Warriors,b/barneha02.html
236,Harry Barnes,1968-69,1968-69,190.0,92.0,1945-07-25,80.0,Ohio,Small Forward,Right,Northeastern University,1,1968.0,4.0,1.0,San Diego Rockets,b/barneha01.html
237,Jim Barnes,1964-65,1970-71,203.0,95.0,1941-04-13,85.0,Arkansas,Power Forward and Center,Right,Texas-El Paso,7,1964.0,1.0,1.0,New York Knicks,b/barneji01.html
238,Marvin Barnes,1976-77,1979-80,206.0,102.0,1952-07-27,73.0,Rhode Island,Power Forward,Right,Providence,4,1974.0,1.0,2.0,Philadelphia 76ers,b/barnema01.html
239,Matt Barnes,2003-04,2016-17,201.0,102.0,1980-03-09,46.0,California,Small Forward and Power Forward,Right,UCLA,14,2002.0,2.0,17.0,Memphis Grizzlies,b/barnema02.html
240,Scottie Barnes,2021-22,2025-26,203.0,107.0,2001-08-01,24.0,Florida,"Power Forward, Shooting Guard, and Small Forward",Right,Florida State,5,2021.0,1.0,4.0,Toronto Raptors,b/barnesc01.html
241,Dick Barnett,1959-60,1973-74,193.0,86.0,1936-10-02,89.0,Indiana,Shooting Guard,Left,Tennessee State,14,1959.0,1.0,5.0,Syracuse Nationals,b/barnedi01.html
242,Jim Barnett,1966-67,1976-77,193.0,77.0,1944-07-07,82.0,South Carolina,Shooting Guard and Point Guard,Right,Oregon,11,1966.0,1.0,8.0,Boston Celtics,b/barneji02.html
244,John Barnhill,1962-63,1968-69,185.0,81.0,1938-03-20,88.0,Kentucky,Point Guard and Shooting Guard,Right,Tennessee State,7,1959.0,11.0,6.0,St. Louis Hawks,b/barnhjo01.html
245,Norton Barnhill,1976-77,1976-77,193.0,92.0,1953-07-15,73.0,North Carolina,Shooting Guard,Right,Washington State,1,1976.0,8.0,12.0,Seattle SuperSonics,b/barnhno01.html
246,Brooks Barnhizer,2025-26,2025-26,196.0,104.0,2002-03-02,24.0,Indiana,Shooting Guard,Right,Northwestern,1,2025.0,2.0,14.0,Oklahoma City Thunder,b/barnhbr01.html
247,Leo Barnhorst,1949-50,1953-54,193.0,86.0,1924-05-11,102.0,Indiana,Small Forward,Right,Notre Dame,5,1949.0,2.0,2.0,Indianapolis Jets,b/barnhle01.html
249,Mike Barr,1976-77,1976-77,190.0,81.0,1950-10-19,75.0,Ohio,Shooting Guard,Left,Duquesne,1,1972.0,13.0,6.0,Chicago Bulls,b/barrmi01.html
250,Moe Barr,1970-71,1970-71,193.0,88.0,1944-06-19,82.0,Pennsylvania,Guard,Right,Duquesne,1,,,,,b/barrmo01.html
251,Andre Barrett,2004-05,2007-08,178.0,78.0,1982-02-21,44.0,New York,Point Guard,Right,Seton Hall,4,,,,,b/barrean01.html
252,Ernie Barrett,1953-54,1955-56,190.0,81.0,1929-08-27,96.0,Kansas,Shooting Guard,Right,Kansas State,2,1951.0,1.0,7.0,Boston Celtics,b/barreer01.html
254,RJ Barrett,2019-20,2025-26,198.0,97.0,2000-06-14,26.0,Ontario,Shooting Guard and Small Forward,Left,Duke,7,2019.0,1.0,3.0,New York Knicks,b/barrerj01.html
255,Earl Barron,2005-06,2014-15,213.0,113.0,1981-08-14,44.0,Mississippi,Center,Right,Memphis,8,,,,,b/barroea01.html
256,Dana Barros,1989-90,2003-04,180.0,73.0,1967-04-13,59.0,Massachusetts,Point Guard and Shooting Guard,Right,Boston College,14,1989.0,1.0,16.0,Seattle SuperSonics,b/barroda01.html
257,Brent Barry,1995-96,2008-09,198.0,83.0,1971-12-31,54.0,New York,Shooting Guard and Small Forward,Right,Oregon State,14,1995.0,1.0,15.0,Denver Nuggets,b/barrybr01.html
258,Drew Barry,1997-98,1999-00,196.0,86.0,1973-02-17,53.0,California,Point Guard and Shooting Guard,Right,Georgia Tech,3,1996.0,2.0,28.0,Seattle SuperSonics,b/barrydr01.html
259,Jon Barry,1992-93,2005-06,193.0,88.0,1969-07-25,56.0,California,Shooting Guard,Right,University of the Pacific,14,1992.0,1.0,21.0,Boston Celtics,b/barryjo01.html
260,Rick Barry,1965-66,1979-80,201.0,92.0,1944-03-28,82.0,New Jersey,Small Forward,Right,Miami (FL),10,1965.0,1.0,4.0,San Francisco Warriors,b/barryri01.html
261,Ed Bartels,1949-50,1950-51,196.0,88.0,1925-10-08,100.0,New York,Forward,Right,NC State,2,,,,,b/barteed01.html
262,Vic Bartolome,1971-72,1971-72,213.0,104.0,1948-09-29,77.0,California,Center,Right,Oregon State,1,1970.0,6.0,2.0,San Francisco Warriors,b/bartovi01.html
263,Will Barton,2012-13,2022-23,196.0,82.0,1991-01-06,35.0,Maryland,Shooting Guard and Small Forward,Right,Memphis,11,2012.0,2.0,10.0,Portland Trail Blazers,b/bartowi01.html
264,Eddie Basden,2005-06,2005-06,196.0,97.0,1983-02-15,43.0,New York,Small Forward,Right,UNC Charlotte,1,,,,,b/basdeed01.html
265,Jerry Baskerville,1975-76,1975-76,201.0,86.0,1951-11-10,74.0,Pennsylvania,Small Forward,Right,Temple,1,,,,,b/baskeje01.html
266,Brandon Bass,2005-06,2016-17,203.0,113.0,1985-04-30,41.0,Louisiana,Power Forward and Center,Right,LSU,12,2005.0,2.0,3.0,New Orleans Hornets,b/bassbr01.html
267,Paris Bass,2021-22,2021-22,203.0,90.0,1995-08-29,30.0,Michigan,Small Forward,Right,Detroit Mercy,1,,,,,b/basspa01.html
268,Tim Bassett,1976-77,1979-80,203.0,102.0,1951-04-01,75.0,District of Columbia,Power Forward,Left,College of Southern Idaho,4,1973.0,7.0,3.0,Buffalo Braves,b/basseti01.html
269,Charles Bassey,2021-22,2025-26,208.0,104.0,2000-10-28,25.0,Nigeria,Center,Right,Western Kentucky,5,2021.0,2.0,23.0,Philadelphia 76ers,b/bassech01.html
270,Maceo Baston,2002-03,2008-09,206.0,97.0,1975-05-29,51.0,Texas,Power Forward,Right,Michigan,4,1998.0,2.0,29.0,Chicago Bulls,b/bastoma01.html
271,Mengke Bateer,2001-02,2003-04,211.0,131.0,1975-11-20,50.0,China,Center,Right,,3,,,,,b/bateeme01.html
272,Billy Ray Bates,1979-80,1982-83,193.0,95.0,1956-05-31,70.0,Mississippi,Shooting Guard,Right,Kentucky State University,4,1978.0,3.0,3.0,Houston Rockets,b/batesbi01.html
273,Emoni Bates,2023-24,2024-25,206.0,91.0,2004-01-28,22.0,Michigan,Small Forward,Right,Memphis,2,2023.0,2.0,19.0,Cleveland Cavaliers,b/batesem01.html
274,Keita Bates-Diop,2018-19,2023-24,203.0,103.0,1996-01-23,30.0,Illinois,Small Forward and Power Forward,Right,Ohio State,6,2018.0,2.0,18.0,Minnesota Timberwolves,b/bateske01.html
275,Esteban Batista,2005-06,2006-07,208.0,122.0,1983-09-02,42.0,Uruguay,Power Forward,Left,,2,,,,,b/batises01.html
276,Mike Batiste,2002-03,2002-03,203.0,102.0,1977-11-21,48.0,California,Power Forward,Right,Arizona State,1,,,,,b/batismi01.html
277,Tony Battie,1997-98,2011-12,211.0,104.0,1976-02-11,50.0,Texas,Center and Power Forward,Right,Texas Tech,14,1997.0,1.0,5.0,Denver Nuggets,b/battito01.html
278,Shane Battier,2001-02,2013-14,203.0,99.0,1978-09-09,47.0,Michigan,Small Forward and Shooting Guard,Right,Duke,13,2001.0,1.0,6.0,Memphis Grizzlies,b/battish01.html
279,Jamison Battle,2024-25,2025-26,201.0,99.0,2001-05-10,25.0,Minnesota,Small Forward,Left,George Washington,2,,,,,b/battlja01.html
280,John Battle,1985-86,1994-95,188.0,79.0,1962-11-09,63.0,District of Columbia,Shooting Guard,Right,Rutgers University,10,1985.0,4.0,14.0,Atlanta Hawks,b/battljo01.html
281,Kenny Battle,1989-90,1992-93,198.0,95.0,1964-10-10,61.0,Illinois,Shooting Guard,Left,Northern Illinois,4,1989.0,1.0,27.0,Detroit Pistons,b/battlke01.html
282,Dave Batton,1982-83,1983-84,208.0,108.0,1956-03-26,70.0,Maryland,Center,Right,Notre Dame,2,1978.0,3.0,18.0,New Jersey Nets,b/battoda01.html
284,Nicolas Batum,2008-09,2025-26,201.0,104.0,1988-12-14,37.0,France,"Small Forward, Power Forward, and Shooting Guard",Right,,18,2008.0,1.0,25.0,Houston Rockets,b/batumni01.html
285,Damion Baugh,2024-25,2024-25,193.0,87.0,2000-08-03,25.0,Tennessee,Shooting Guard,Right,Memphis,1,,,,,b/baughda01.html
286,Johnny Baum,1969-70,1970-71,196.0,90.0,1946-06-17,80.0,Pennsylvania,Small Forward,Right,Peirce College,2,1968.0,15.0,6.0,Los Angeles Lakers,b/baumjo01.html
288,Lonny Baxter,2002-03,2005-06,203.0,117.0,1979-01-27,47.0,Maryland,Power Forward and Center,Right,Maryland,4,2002.0,2.0,15.0,Chicago Bulls,b/baxtelo01.html
289,Jerryd Bayless,2008-09,2018-19,190.0,90.0,1988-08-20,37.0,Arizona,Point Guard and Shooting Guard,Right,Arizona,11,2008.0,1.0,11.0,Indiana Pacers,b/bayleje01.html
290,Elgin Baylor,1958-59,1971-72,196.0,102.0,1934-09-16,91.0,District of Columbia,Small Forward,Right,College of Idaho,14,1956.0,14.0,2.0,Minneapolis Lakers,b/bayloel01.html
292,Aron Baynes,2012-13,2020-21,208.0,117.0,1986-12-09,39.0,New Zealand,Center,Right,Washington State,9,,,,,b/baynear01.html
293,Sergei Bazarevich,1994-95,1994-95,188.0,76.0,1965-03-16,61.0,Russia,Point Guard,Right,,1,,,,,b/bazarse01.html
294,Kent Bazemore,2012-13,2021-22,193.0,88.0,1989-07-01,37.0,North Carolina,Shooting Guard and Small Forward,Left,Old Dominion,10,,,,,b/bazemke01.html
295,Darius Bazley,2019-20,2023-24,206.0,97.0,2000-06-12,26.0,Massachusetts,Power Forward and Center,Left,,5,2019.0,1.0,23.0,Utah Jazz,b/bazleda01.html
296,Ed Beach,1950-51,1950-51,190.0,90.0,1929-01-25,97.0,New Jersey,Forward,Right,West Virginia,1,1950.0,5.0,11.0,Minneapolis Lakers,b/beached01.html
297,Bradley Beal,2012-13,2025-26,193.0,93.0,1993-06-28,33.0,Missouri,Shooting Guard,Right,Florida,14,2012.0,1.0,3.0,Washington Wizards,b/bealbr01.html
299,Butch Beard,1969-70,1978-79,190.0,83.0,1947-05-04,79.0,Kentucky,Point Guard,Right,Louisville,9,1969.0,1.0,10.0,Atlanta Hawks,b/beardbu01.html
300,Ralph Beard,1949-50,1950-51,178.0,79.0,1927-12-02,98.0,Kentucky,Guard,Right,Kentucky,2,1949.0,1.0,10.0,Chicago Stags,b/beardra01.html
302,Jerome Beasley,2003-04,2003-04,208.0,107.0,1980-05-17,46.0,California,Power Forward,Right,Midland College,1,2003.0,2.0,4.0,Miami Heat,b/beaslje01.html
304,Malik Beasley,2016-17,2024-25,193.0,84.0,1996-11-26,29.0,Georgia,Shooting Guard,Right,Florida State,9,2016.0,1.0,19.0,Denver Nuggets,b/beaslma01.html
305,Michael Beasley,2008-09,2018-19,206.0,106.0,1989-01-09,37.0,Maryland,Power Forward and Small Forward,Left,Kansas State,11,2008.0,1.0,2.0,Miami Heat,b/beaslmi01.html
306,Zelmo Beaty,1962-63,1974-75,206.0,102.0,1939-10-25,86.0,Texas,Center and Power Forward,Right,Prairie View A&M University,8,1962.0,1.0,3.0,St. Louis Hawks,b/beatyze01.html
307,Rodrigue Beaubois,2009-10,2012-13,183.0,77.0,1988-02-24,38.0,Guadeloupe,Point Guard,Right,,4,2009.0,1.0,25.0,Oklahoma City Thunder,b/beaubro01.html
308,MarJon Beauchamp,2022-23,2025-26,201.0,90.0,2000-10-12,25.0,Washington,Small Forward,Right,Yakima Valley Community College,4,2022.0,1.0,24.0,Milwaukee Bucks,b/beaucma01.html
309,Byron Beck,1976-77,1976-77,206.0,102.0,1945-01-25,81.0,Washington,Center and Power Forward,Right,Columbia Basin College,1,1967.0,2.0,3.0,Chicago Bulls,b/beckby01.html
310,Corey Beck,1995-96,1998-99,185.0,86.0,1971-05-27,55.0,Tennessee,Point Guard,Right,South Plains College,3,,,,,b/beckco01.html
311,Ernie Beck,1953-54,1960-61,193.0,86.0,1931-12-11,94.0,Pennsylvania,Shooting Guard,Right,Penn,7,1953.0,1.0,1.0,Philadelphia Warriors,b/becker01.html
315,William Bedford,1986-87,1992-93,213.0,102.0,1963-12-14,62.0,Tennessee,Center,Right,Memphis,6,1986.0,1.0,6.0,Phoenix Suns,b/bedfowi01.html
316,Reece Beekman,2024-25,2024-25,190.0,86.0,2001-10-08,24.0,Wisconsin,Point Guard,Right,Virginia,1,,,,,b/beekmre01.html
318,Ron Behagen,1973-74,1979-80,206.0,83.0,1951-01-14,75.0,New York,Power Forward,Right,Minnesota,7,1973.0,1.0,7.0,Kansas City-Omaha Kings,b/behagro01.html
319,Elmer Behnke,1951-52,1951-52,201.0,95.0,1929-02-03,97.0,Illinois,Center,Right,Bradley,1,1951.0,4.0,8.0,Rochester Royals,b/behnkel01.html
320,Marco Belinelli,2007-08,2019-20,196.0,99.0,1986-03-25,40.0,Italy,Shooting Guard and Small Forward,Right,,13,2007.0,1.0,18.0,Golden State Warriors,b/belinma01.html
321,Charlie Bell,2001-02,2010-11,190.0,90.0,1979-03-12,47.0,Michigan,Shooting Guard,Right,Michigan State,7,,,,,b/bellch01.html
322,Dennis Bell,1973-74,1975-76,196.0,83.0,1951-06-02,75.0,Ohio,Small Forward,Right,Drake University,3,1973.0,5.0,14.0,New York Knicks,b/bellde01.html
323,Jordan Bell,2017-18,2021-22,203.0,97.0,1995-01-07,31.0,California,Center,Right,Oregon,5,2017.0,2.0,8.0,Chicago Bulls,b/belljo01.html
324,Raja Bell,2000-01,2011-12,196.0,92.0,1976-09-19,49.0,U.S. Virgin Islands,Shooting Guard,Right,Boston University,12,,,,,b/bellra01.html
325,Troy Bell,2003-04,2003-04,185.0,81.0,1980-11-10,45.0,Minnesota,Point Guard,Right,Boston College,1,2003.0,1.0,16.0,Boston Celtics,b/belltr01.html
326,Whitey Bell,1959-60,1960-61,183.0,81.0,1932-09-13,93.0,Kentucky,Point Guard,Right,NC State,2,,,,,b/bellwh01.html
327,Walt Bellamy,1961-62,1974-75,211.0,102.0,1939-07-24,86.0,North Carolina,Center,Right,Indiana,14,1961.0,1.0,1.0,Chicago Packers,b/bellawa01.html
328,DeAndre' Bembry,2016-17,2021-22,196.0,95.0,1994-07-04,32.0,North Carolina,Small Forward and Shooting Guard,Right,Saint Joseph's,6,2016.0,1.0,21.0,Atlanta Hawks,b/bembrde01.html
329,Irv Bemoras,1953-54,1956-57,190.0,83.0,1930-11-18,95.0,Illinois,Small Forward,Right,Illinois,2,1953.0,3.0,,Milwaukee Hawks,b/bemorir01.html
330,Leon Benbow,1974-75,1975-76,193.0,83.0,1950-07-23,75.0,South Carolina,Shooting Guard,Right,Jacksonville University,2,1974.0,2.0,9.0,Chicago Bulls,b/benbole01.html
331,Dragan Bender,2016-17,2019-20,213.0,112.0,1997-11-17,28.0,Bosnia and Herzegovina,Power Forward and Center,Right,,4,2016.0,1.0,4.0,Phoenix Suns,b/bendedr01.html
332,Jonathan Bender,1999-00,2009-10,211.0,91.0,1981-01-30,45.0,Mississippi,Small Forward,Right,,8,1999.0,1.0,5.0,Toronto Raptors,b/bendejo01.html
333,Jerrelle Benimon,2014-15,2014-15,203.0,111.0,1991-08-01,34.0,Virginia,Power Forward,Right,Georgetown,1,,,,,b/benimje01.html
334,Benoit Benjamin,1985-86,1999-00,213.0,113.0,1964-11-22,61.0,Louisiana,Center,Right,Creighton,15,1985.0,1.0,3.0,Los Angeles Clippers,b/benjabe01.html
335,Corey Benjamin,1998-99,2002-03,198.0,90.0,1978-02-24,48.0,California,Shooting Guard and Point Guard,Right,Oregon State,4,1998.0,1.0,28.0,Chicago Bulls,b/benjaco01.html
336,Anthony Bennett,2013-14,2016-17,203.0,111.0,1993-03-14,33.0,Ontario,Power Forward,Right,UNLV,4,2013.0,1.0,1.0,Cleveland Cavaliers,b/bennean01.html
337,Elmer Bennett,1994-95,1996-97,183.0,77.0,1970-02-13,56.0,Illinois,Point Guard,Right,Notre Dame,3,1992.0,2.0,11.0,Atlanta Hawks,b/benneel01.html
338,Mario Bennett,1995-96,1999-00,198.0,106.0,1973-08-01,52.0,Texas,Power Forward and Small Forward,Right,Arizona State,4,1995.0,1.0,27.0,Phoenix Suns,b/bennema01.html
339,Mel Bennett,1976-77,1981-82,201.0,90.0,1955-01-04,71.0,Pennsylvania,Power Forward,Right,Pitt,4,,,,,b/benneme01.html
341,Tony Bennett,1992-93,1994-95,183.0,79.0,1969-06-01,57.0,Wisconsin,Point Guard,Left,Green Bay,3,1992.0,2.0,8.0,Charlotte Hornets,b/benneto01.html
342,Winston Bennett,1989-90,1991-92,201.0,95.0,1965-02-09,61.0,Kentucky,Small Forward,Right,Kentucky,3,1988.0,3.0,14.0,Cleveland Cavaliers,b/bennewi01.html
343,David Benoit,1991-92,2000-01,203.0,99.0,1968-05-09,58.0,Louisiana,Small Forward,Right,Alabama,7,,,,,b/benoida01.html
344,Keith Benson,2011-12,2011-12,211.0,108.0,1988-08-13,37.0,Ohio,Center,Right,Oakland,1,2011.0,2.0,18.0,Atlanta Hawks,b/bensoke02.html
345,Kent Benson,1977-78,1987-88,211.0,111.0,1954-12-27,71.0,Indiana,Center,Right,Indiana,11,1977.0,1.0,1.0,Milwaukee Bucks,b/bensoke01.html
346,Ben Bentil,2016-17,2016-17,206.0,106.0,1995-03-29,31.0,Ghana,Power Forward,Right,Providence,1,2016.0,2.0,21.0,Boston Celtics,b/bentibe01.html
347,Gene Berce,1949-50,1949-50,180.0,79.0,1926-11-22,99.0,Wisconsin,Guard/Forward,Right,Marquette,1,1948.0,6.0,,New York Knicks,b/bercege01.html
348,Gary Bergen,1956-57,1956-57,203.0,95.0,1932-07-16,94.0,Missouri,Center,Right,Utah,1,1956.0,2.0,4.0,New York Knicks,b/bergega01.html
350,Joan Beringer,2025-26,2025-26,211.0,104.0,2006-11-11,19.0,France,Power Forward and Center,Right,,1,2025.0,1.0,17.0,Minnesota Timberwolves,b/berinjo01.html
351,Jules Bernard,2023-24,2023-24,198.0,95.0,2000-01-21,26.0,California,Shooting Guard,Left,UCLA,1,,,,,b/bernaju01.html
352,Ricky Berry,1988-89,1988-89,203.0,92.0,1964-10-06,61.0,Michigan,Shooting Guard,Right,Oregon State,1,1988.0,1.0,18.0,Sacramento Kings,b/berryri01.html
353,Walter Berry,1986-87,1988-89,203.0,97.0,1964-05-14,62.0,New York,Power Forward and Small Forward,Left,St. John's,3,1986.0,1.0,14.0,Portland Trail Blazers,b/berrywa01.html
354,Dairis Bertāns,2018-19,2018-19,193.0,83.0,1989-09-09,36.0,Latvia,Shooting Guard,Right,,1,,,,,b/bertada02.html
355,Dāvis Bertāns,2016-17,2023-24,208.0,102.0,1992-11-12,33.0,Latvia,Power Forward,Right,,8,2011.0,2.0,12.0,Indiana Pacers,b/bertada01.html
356,Del Beshore,1978-79,1979-80,180.0,74.0,1956-11-29,69.0,Pennsylvania,Point Guard,Right,California University of Pennslyvania,2,,,,,b/beshode01.html
357,Travis Best,1995-96,2004-05,180.0,82.0,1972-07-12,54.0,Massachusetts,Point Guard,Left,Georgia Tech,10,1995.0,1.0,23.0,Indiana Pacers,b/besttr01.html
358,Patrick Beverley,2012-13,2023-24,188.0,81.0,1988-07-12,38.0,Illinois,Point Guard and Shooting Guard,Right,Arkansas,12,2009.0,2.0,12.0,Los Angeles Lakers,b/beverpa01.html
359,Saddiq Bey,2020-21,2025-26,203.0,97.0,1999-04-09,27.0,North Carolina,Small Forward,Right,Villanova,5,2020.0,1.0,19.0,Brooklyn Nets,b/beysa01.html
360,Tyler Bey,2020-21,2020-21,201.0,97.0,1998-02-10,28.0,Nevada,Small Forward,Right,Colorado,1,2020.0,2.0,6.0,Philadelphia 76ers,b/beyty01.html
361,Sim Bhullar,2014-15,2014-15,226.0,163.0,1992-12-02,33.0,Ontario,Center,Right,New Mexico State,1,,,,,b/bhullsi01.html
363,Al Bianchi,1956-57,1965-66,190.0,83.0,1932-03-26,94.0,New York,Point Guard and Shooting Guard,Right,Bowling Green,10,1954.0,2.0,9.0,Minneapolis Lakers,b/biancal01.html
365,Henry Bibby,1972-73,1980-81,185.0,83.0,1949-11-24,76.0,North Carolina,Point Guard,Right,UCLA,9,1972.0,4.0,11.0,New York Knicks,b/bibbyhe01.html
366,Mike Bibby,1998-99,2011-12,185.0,86.0,1978-05-13,48.0,New Jersey,Point Guard,Right,Arizona,14,1998.0,1.0,2.0,Vancouver Grizzlies,b/bibbymi01.html
367,Ed Biedenbach,1968-69,1968-69,185.0,79.0,1945-08-12,80.0,Pennsylvania,Guard,Right,NC State,1,1967.0,9.0,5.0,St. Louis Hawks,b/biedeed01.html
368,Andris Biedriņš,2004-05,2013-14,211.0,108.0,1986-04-02,40.0,Latvia,Center,Left,,10,2004.0,1.0,11.0,Golden State Warriors,b/biedran01.html
369,Don Bielke,1955-56,1955-56,201.0,108.0,1932-05-10,94.0,Minnesota,Center,Right,Valparaiso,1,1954.0,8.0,4.0,Fort Wayne Pistons,b/bielkdo01.html
370,Bob Bigelow,1975-76,1978-79,201.0,97.0,1953-12-26,72.0,Massachusetts,Small Forward,Right,Penn,4,1975.0,1.0,13.0,Kansas City Kings,b/bigelbo01.html
372,Chauncey Billups,1997-98,2013-14,190.0,91.0,1976-09-25,49.0,Colorado,Point Guard and Shooting Guard,Right,Colorado,17,1997.0,1.0,3.0,Boston Celtics,b/billuch01.html
373,Dave Bing,1966-67,1977-78,190.0,81.0,1943-11-24,82.0,District of Columbia,Point Guard and Shooting Guard,Right,Syracuse,12,1966.0,1.0,2.0,Detroit Pistons,b/bingda01.html
374,Joe Binion,1986-87,1986-87,203.0,106.0,1961-03-26,65.0,New York,Power Forward,Right,North Carolina A&T,1,1984.0,3.0,10.0,San Antonio Spurs,b/biniojo01.html
375,Khem Birch,2017-18,2022-23,203.0,105.0,1992-09-28,33.0,Quebec,Center,Right,Pitt,6,,,,,b/birchkh01.html
376,Jabari Bird,2017-18,2017-18,198.0,89.0,1994-07-03,32.0,California,Shooting Guard,Right,California,1,2017.0,2.0,26.0,Boston Celtics,b/birdja01.html
377,Jerry Bird,1958-59,1958-59,198.0,95.0,1935-02-02,91.0,Kentucky,Forward,Right,Kentucky,1,1956.0,3.0,3.0,Minneapolis Lakers,b/birdje01.html
378,Larry Bird,1979-80,1991-92,206.0,99.0,1956-12-07,69.0,Indiana,Small Forward and Power Forward,Right,Indiana State University,13,1978.0,1.0,6.0,Boston Celtics,b/birdla01.html
379,Otis Birdsong,1977-78,1988-89,190.0,86.0,1955-12-09,70.0,Florida,Shooting Guard,Right,Houston,12,1977.0,1.0,2.0,Kansas City Kings,b/birdsot01.html
381,Goga Bitadze,2019-20,2025-26,211.0,113.0,1999-07-20,26.0,Georgia,Center,Right,,7,2019.0,1.0,18.0,Indiana Pacers,b/bitadgo01.html
382,Onuralp Bitim,2023-24,2023-24,198.0,97.0,1999-03-31,27.0,Turkey,Shooting Guard,Right,,1,,,,,b/bitimon01.html
383,Bismack Biyombo,2011-12,2025-26,203.0,115.0,1992-08-28,33.0,Democratic Republic of the Congo,Center,Right,,15,2011.0,1.0,7.0,Sacramento Kings,b/biyombi01.html
384,Nemanja Bjelica,2015-16,2021-22,208.0,106.0,1988-05-09,38.0,Serbia,Power Forward and Center,Right,,7,2010.0,2.0,5.0,Washington Wizards,b/bjeline01.html
385,Uwe Blab,1985-86,1989-90,216.0,114.0,1962-03-26,64.0,Germany,Center,Right,Indiana,5,1985.0,1.0,17.0,Dallas Mavericks,b/blabuw01.html
386,Anthony Black,2023-24,2025-26,201.0,90.0,2004-01-20,22.0,Texas,Point Guard,Right,Arkansas,3,2023.0,1.0,6.0,Orlando Magic,b/blackan01.html
387,Charlie Black,1949-50,1951-52,196.0,90.0,1921-06-15,105.0,Idaho,Forward/Center,Right,Kansas,2,,,,,b/blackch01.html
388,Leaky Black,2023-24,2025-26,198.0,94.0,1999-06-14,27.0,North Carolina,Small Forward,Right,UNC,2,,,,,b/blackle01.html
389,Norman Black,1980-81,1980-81,196.0,83.0,1957-11-12,68.0,Maryland,Shooting Guard,Right,Saint Joseph's,1,,,,,b/blackno01.html
390,Tarik Black,2014-15,2017-18,206.0,113.0,1991-11-22,34.0,Tennessee,Center,Right,Memphis,4,,,,,b/blackta01.html
391,Tom Black,1970-71,1970-71,208.0,99.0,1941-07-09,85.0,Wisconsin,Center,Right,South Dakota State,1,1964.0,9.0,2.0,Baltimore Bullets,b/blackto01.html
392,Rolando Blackman,1981-82,1993-94,198.0,86.0,1959-02-26,67.0,Panama,Shooting Guard,Right,Kansas State,13,1981.0,1.0,9.0,Dallas Mavericks,b/blackro01.html
393,Alex Blackwell,1992-93,1992-93,198.0,113.0,1970-06-27,56.0,New Jersey,Small Forward,Right,Monmouth University,1,,,,,b/blackal01.html
394,Cory Blackwell,1984-85,1984-85,198.0,95.0,1963-03-27,63.0,Illinois,Small Forward,Right,Wisconsin,1,1984.0,2.0,4.0,Seattle SuperSonics,b/blackco01.html
395,James Blackwell,1994-95,1994-95,183.0,86.0,1968-02-25,58.0,New York,Point Guard,Right,Dartmouth College,1,,,,,b/blackja01.html
396,Nate Blackwell,1987-88,1987-88,193.0,77.0,1965-02-15,61.0,Pennsylvania,Point Guard,Left,Temple,1,1987.0,2.0,4.0,San Antonio Spurs,b/blackna01.html
397,DeJuan Blair,2009-10,2015-16,201.0,122.0,1989-04-22,37.0,Pennsylvania,Power Forward and Center,Right,Pitt,7,2009.0,2.0,7.0,San Antonio Spurs,b/blairde01.html
398,Steve Blake,2003-04,2015-16,190.0,78.0,1980-02-26,46.0,Florida,Point Guard,Right,Maryland,13,2003.0,2.0,9.0,Washington Wizards,b/blakest01.html
399,Antonio Blakeney,2017-18,2018-19,193.0,87.0,1996-10-04,29.0,New York,Shooting Guard,Right,LSU,2,,,,,b/blakean01.html
400,Will Blalock,2006-07,2006-07,183.0,92.0,1983-09-08,42.0,Massachusetts,Point Guard,Right,Iowa State,1,2006.0,2.0,30.0,Detroit Pistons,b/blalowi01.html
401,George Blaney,1961-62,1961-62,185.0,79.0,1939-11-12,86.0,New Jersey,Point Guard,Right,Holy Cross,1,1961.0,4.0,1.0,New York Knicks,b/blanege01.html
402,Lance Blanks,1990-91,1992-93,193.0,86.0,1966-09-09,59.0,Texas,Shooting Guard,Right,Virginia,3,1990.0,1.0,26.0,Detroit Pistons,b/blankla01.html
403,Ricky Blanton,1992-93,1992-93,201.0,97.0,1966-04-21,60.0,Florida,Small Forward,Right,LSU,1,1989.0,2.0,19.0,Phoenix Suns,b/blantri01.html
404,Andray Blatche,2005-06,2013-14,211.0,106.0,1986-08-22,39.0,New York,Power Forward and Center,Right,,9,2005.0,2.0,19.0,Washington Wizards,b/blatcan01.html
405,Mookie Blaylock,1989-90,2001-02,183.0,81.0,1967-03-20,59.0,Texas,Point Guard,Right,Midland College,13,1989.0,1.0,12.0,New Jersey Nets,b/blaylmo01.html
406,Eric Bledsoe,2010-11,2021-22,185.0,97.0,1989-12-09,36.0,Alabama,Point Guard and Shooting Guard,Right,Kentucky,12,2010.0,1.0,18.0,Oklahoma City Thunder,b/bledser01.html
407,Keljin Blevins,2020-21,2021-22,193.0,90.0,1995-11-24,30.0,Arkansas,Small Forward,Right,Southern Miss,2,,,,,b/blevike01.html
408,Leon Blevins,1950-51,1950-51,188.0,72.0,1926-06-25,100.0,Arkansas,Guard,Right,Arizona,1,1950.0,7.0,9.0,Indianapolis Olympians,b/blevile01.html
409,John Block,1966-67,1975-76,206.0,93.0,1944-04-16,82.0,California,Power Forward and Center,Right,USC,10,1966.0,3.0,7.0,Los Angeles Lakers,b/blockjo01.html
411,Jaron Blossomgame,2018-19,2018-19,203.0,99.0,1993-09-16,32.0,Georgia,Small Forward,Right,Clemson,1,2017.0,2.0,29.0,San Antonio Spurs,b/blossja01.html
412,Corie Blount,1993-94,2003-04,206.0,108.0,1969-01-04,57.0,California,Power Forward and Center,Right,Cincinnati,11,1993.0,1.0,25.0,Chicago Bulls,b/blounco01.html
413,Mark Blount,2000-01,2008-09,213.0,104.0,1975-11-30,50.0,New York,Center,Right,Pitt,9,1997.0,2.0,26.0,Seattle SuperSonics,b/blounma01.html
414,Vander Blue,2013-14,2017-18,193.0,90.0,1992-07-17,33.0,Wisconsin,Shooting Guard,Right,Marquette,3,,,,,b/blueva01.html
415,Ray Blume,1981-82,1981-82,193.0,83.0,1958-09-23,67.0,Georgia,Shooting Guard,Right,Oregon State,1,1981.0,2.0,13.0,Indiana Pacers,b/blumera01.html
416,Nelson Bobb,1949-50,1952-53,183.0,77.0,1924-02-25,102.0,Pennsylvania,Point Guard,Right,Temple,4,1949.0,3.0,,Philadelphia Warriors,b/bobbne01.html
417,Tony Bobbitt,2004-05,2004-05,193.0,86.0,1979-10-22,46.0,Florida,Shooting Guard,Right,Cincinnati,1,,,,,b/bobbito01.html
418,Bucky Bockhorn,1958-59,1964-65,193.0,90.0,1933-07-08,93.0,Illinois,Shooting Guard,Right,Dayton,7,1958.0,3.0,2.0,Cincinnati Royals,b/bockhbu01.html
419,Buddy Boeheim,2022-23,2025-26,196.0,92.0,1999-11-11,26.0,New York,Small Forward,Right,Syracuse,3,,,,,b/boehebu01.html
420,Tom Boerwinkle,1968-69,1977-78,213.0,120.0,1945-08-23,80.0,Ohio,Center,Right,Tennessee,10,1968.0,1.0,4.0,Chicago Bulls,b/boerwto01.html
421,Keith Bogans,2003-04,2013-14,196.0,97.0,1980-05-12,46.0,Virginia,Shooting Guard and Small Forward,Right,Kentucky,11,2003.0,2.0,14.0,Milwaukee Bucks,b/boganke01.html
422,Bogdan Bogdanović,2017-18,2025-26,196.0,102.0,1992-08-18,33.0,Serbia,Shooting Guard,Right,,9,2014.0,1.0,27.0,Phoenix Suns,b/bogdabo01.html
423,Bojan Bogdanović,2014-15,2023-24,201.0,102.0,1989-04-18,37.0,Bosnia and Herzegovina,Small Forward and Power Forward,Right,,10,2011.0,2.0,1.0,Miami Heat,b/bogdabo02.html
424,Muggsy Bogues,1987-88,2000-01,160.0,61.0,1965-01-09,61.0,Maryland,Point Guard,Right,Wake Forest,14,1987.0,1.0,12.0,Washington Bullets,b/boguemu01.html
425,Andrew Bogut,2005-06,2018-19,213.0,117.0,1984-11-28,41.0,Australia,Center and Power Forward,Right,Utah,14,2005.0,1.0,1.0,Milwaukee Bucks,b/bogutan01.html
426,Etdrick Bohannon,1997-98,2000-01,206.0,99.0,1973-05-29,53.0,California,Power Forward and Small Forward,Right,Arizona,4,,,,,b/bohanet01.html
427,Bol Bol,2019-20,2024-25,221.0,99.0,1999-11-16,26.0,Sudan,Power Forward,Right,Oregon,6,2019.0,2.0,14.0,Miami Heat,b/bolbo01.html
428,Manute Bol,1985-86,1994-95,231.0,90.0,1962-10-16,63.0,South Sudan,Center,Right,University of Bridgeport,10,1983.0,5.0,4.0,San Diego Clippers,b/bolma01.html
429,Jonah Bolden,2018-19,2019-20,203.0,102.0,1996-01-02,30.0,Australia,Center and Power Forward,Right,UCLA,2,2017.0,2.0,6.0,Philadelphia 76ers,b/boldejo01.html
430,Marques Bolden,2019-20,2023-24,208.0,112.0,1998-04-17,28.0,Texas,Center,Right,Duke,3,,,,,b/boldema01.html
431,Bill Bolger,1953-54,1953-54,196.0,92.0,1931-08-21,94.0,New York,Small Forward,Right,Georgetown,1,1953.0,4.0,,Milwaukee Hawks,b/bolgebi01.html
432,Leandro Bolmaro,2021-22,2022-23,198.0,90.0,2000-09-11,25.0,Argentina,Small Forward and Shooting Guard,Right,,2,2020.0,1.0,23.0,New York Knicks,b/bolmale01.html
433,Joel Bolomboy,2016-17,2017-18,206.0,106.0,1994-01-28,32.0,Ukraine,Power Forward,Right,Weber State,2,2016.0,2.0,22.0,Utah Jazz,b/bolomjo01.html
434,Doug Bolstorff,1957-58,1957-58,193.0,88.0,1931-10-29,94.0,Minnesota,Guard,Right,Minnesota,1,1957.0,8.0,2.0,Detroit Pistons,b/bolstdo01.html
435,George Bon Salle,1961-62,1961-62,203.0,99.0,1935-07-01,91.0,Illinois,Power Forward,Right,Illinois,1,1957.0,1.0,7.0,Syracuse Nationals,b/bonsage01.html
436,Adem Bona,2024-25,2025-26,208.0,106.0,2003-03-28,23.0,Nigeria,Center and Power Forward,Right,UCLA,2,2024.0,2.0,11.0,Philadelphia 76ers,b/bonaad01.html
437,Phil Bond,1977-78,1977-78,188.0,79.0,1954-07-27,71.0,Kentucky,Shooting Guard,Right,Louisville,1,1977.0,3.0,18.0,Houston Rockets,b/bondph01.html
438,Walter Bond,1992-93,1994-95,196.0,90.0,1969-02-01,57.0,Illinois,Shooting Guard,Right,Minnesota,3,,,,,b/bondwa01.html
439,Jordan Bone,2019-20,2020-21,188.0,81.0,1997-11-05,28.0,Tennessee,Point Guard,Right,Tennessee,2,2019.0,2.0,27.0,New Orleans Pelicans,b/bonejo01.html
440,Dexter Boney,1996-97,1996-97,193.0,83.0,1970-04-27,56.0,Delaware,Shooting Guard,Right,UNLV,1,,,,,b/boneyde01.html
441,Isaac Bonga,2018-19,2021-22,203.0,81.0,1999-11-08,26.0,Germany,Small Forward and Point Guard,Right,,4,2018.0,2.0,9.0,Philadelphia 76ers,b/bongais01.html
442,Ron Bonham,1964-65,1965-66,196.0,87.0,1942-05-31,84.0,Indiana,Small Forward and Shooting Guard,Right,Cincinnati,2,1964.0,2.0,9.0,Boston Celtics,b/bonharo01.html
443,Anthony Bonner,1990-91,1995-96,203.0,97.0,1968-06-08,58.0,Missouri,Power Forward and Small Forward,Right,Saint Louis,6,1990.0,1.0,23.0,Sacramento Kings,b/bonnean01.html
444,Matt Bonner,2004-05,2015-16,208.0,106.0,1980-04-05,46.0,New Hampshire,Power Forward and Center,Right,Florida,12,2003.0,2.0,16.0,Chicago Bulls,b/bonnema01.html
446,Devin Booker,2015-16,2025-26,196.0,93.0,1996-10-30,29.0,Michigan,Shooting Guard and Point Guard,Right,Kentucky,11,2015.0,1.0,13.0,Phoenix Suns,b/bookede01.html
447,Melvin Booker,1995-96,1996-97,188.0,83.0,1972-08-20,53.0,Mississippi,Point Guard,Right,Missouri,2,,,,,b/bookeme01.html
448,Trevor Booker,2010-11,2017-18,203.0,103.0,1987-11-25,38.0,South Carolina,Power Forward,Left,Clemson,8,2010.0,1.0,23.0,Minnesota Timberwolves,b/booketr01.html
449,Josh Boone,2006-07,2009-10,208.0,107.0,1984-11-21,41.0,Maryland,Power Forward and Center,Right,UConn,4,2006.0,1.0,23.0,New Jersey Nets,b/boonejo01.html
450,Ron Boone,1976-77,1980-81,188.0,90.0,1946-09-06,79.0,Oklahoma,Shooting Guard,Right,"Iowa Western Community College, Clarinda Campus",5,1968.0,11.0,13.0,Phoenix Suns,b/boonero01.html
451,Calvin Booth,1999-00,2008-09,211.0,104.0,1976-05-07,50.0,Ohio,Center,Left,Penn State,10,1999.0,2.0,6.0,Washington Wizards,b/boothca01.html
452,Keith Booth,1997-98,1998-99,198.0,102.0,1974-10-09,51.0,Maryland,Small Forward,Right,Maryland,2,1997.0,1.0,28.0,Chicago Bulls,b/boothke01.html
453,Bob Boozer,1960-61,1970-71,203.0,97.0,1937-04-26,89.0,Nebraska,Power Forward and Small Forward,Right,Kansas State,11,1959.0,1.0,1.0,Cincinnati Royals,b/boozebo01.html
454,Carlos Boozer,2002-03,2014-15,206.0,117.0,1981-11-20,44.0,Germany,Power Forward and Center,Right,Duke,13,2002.0,2.0,6.0,Cleveland Cavaliers,b/boozeca01.html
455,Curtis Borchardt,2003-04,2004-05,213.0,108.0,1980-09-13,45.0,New York,Center,Right,Stanford,2,2002.0,1.0,18.0,Orlando Magic,b/borchcu01.html
456,Jake Bornheimer,1949-50,1949-50,196.0,90.0,,,,Forward/Center,Right,Muhlenberg College,1,,,,,b/bornhja01.html
457,Lazaro Borrell,1999-00,1999-00,203.0,99.0,1972-09-20,53.0,Cuba,Small Forward,Right,,1,,,,,b/borrela01.html
458,Ike Borsavage,1950-51,1950-51,203.0,99.0,1924-07-25,101.0,Pennsylvania,Center/Forward,Right,Temple,1,1950.0,5.0,3.0,Philadelphia Warriors,b/borsaik01.html
459,Vince Boryla,1949-50,1953-54,196.0,95.0,1927-03-11,99.0,Indiana,Small Forward,Right,Notre Dame,5,,,,,b/borylvi01.html
460,Chris Bosh,2003-04,2015-16,211.0,106.0,1984-03-24,42.0,Texas,Center and Power Forward,Left,Georgia Tech,13,2003.0,1.0,4.0,Toronto Raptors,b/boshch01.html
461,Jim Bostic,1977-78,1977-78,201.0,102.0,1953-01-28,73.0,New York,Power Forward,Right,New Mexico State,1,1975.0,8.0,13.0,Kansas City Kings,b/bostiji01.html
462,Brandon Boston Jr.,2021-22,2024-25,198.0,85.0,2001-11-28,24.0,Georgia,Shooting Guard and Small Forward,Right,Kentucky,4,2021.0,2.0,21.0,Memphis Grizzlies,b/bostobr01.html
463,Lawrence Boston,1979-80,1979-80,203.0,102.0,1956-05-18,70.0,Ohio,Power Forward,Right,Vincennes University,1,1978.0,4.0,15.0,Washington Bullets,b/bostola01.html
464,Tom Boswell,1975-76,1983-84,206.0,99.0,1953-10-02,72.0,Alabama,Power Forward,Right,South Carolina State,6,1975.0,1.0,17.0,Boston Celtics,b/bosweto01.html
465,Chris Boucher,2017-18,2025-26,203.0,90.0,1993-01-11,33.0,Saint Lucia,"Power Forward, Center, and Small Forward",Right,New Mexico Junior College,9,,,,,b/bouchch01.html
466,James Bouknight,2021-22,2023-24,193.0,86.0,2000-09-18,25.0,New York,Shooting Guard,Right,UConn,3,2021.0,1.0,11.0,Charlotte Hornets,b/bouknja01.html
467,Ruben Boumtje-Boumtje,2001-02,2003-04,213.0,116.0,1978-05-20,48.0,Cameroon,Center,Right,Georgetown,3,2001.0,2.0,21.0,Portland Trail Blazers,b/boumtru01.html
468,Jamaree Bouyea,2022-23,2025-26,188.0,81.0,1999-06-27,27.0,California,Point Guard,Right,San Francisco,4,,,,,b/bouyeja01.html
469,Don Boven,1949-50,1952-53,193.0,95.0,1925-03-06,101.0,Michigan,Small Forward and Shooting Guard,Right,Western Michigan,3,1949.0,6.0,,Indianapolis Jets,b/bovendo01.html
470,Cal Bowdler,1999-00,2001-02,208.0,111.0,1977-03-31,49.0,Virginia,Small Forward and Power Forward,Right,Old Dominion,3,1999.0,1.0,17.0,Atlanta Hawks,b/bowdlca01.html
471,Brian Bowen,2019-20,2020-21,201.0,90.0,1998-10-02,27.0,Michigan,Small Forward,Right,,2,,,,,b/bowenbr02.html
472,Bruce Bowen,1996-97,2008-09,201.0,83.0,1971-06-14,55.0,California,Small Forward,Right,Cal State Fullerton,13,,,,,b/bowenbr01.html
473,Ryan Bowen,1999-00,2009-10,201.0,97.0,1975-11-20,50.0,Iowa,"Small Forward, Power Forward, and Shooting Guard",Right,Iowa,10,1998.0,2.0,26.0,Denver Nuggets,b/bowenry01.html
475,Anthony Bowie,1988-89,1997-98,198.0,86.0,1963-11-09,62.0,Oklahoma,Shooting Guard,Right,Oklahoma,8,1986.0,3.0,19.0,Houston Rockets,b/bowiean01.html
476,Sam Bowie,1984-85,1994-95,216.0,106.0,1961-03-17,65.0,Pennsylvania,Center,Right,Kentucky,10,1984.0,1.0,2.0,Portland Trail Blazers,b/bowiesa01.html
478,Ira Bowman,1999-00,2001-02,196.0,88.0,1973-06-11,53.0,New Jersey,Shooting Guard and Point Guard,Right,Providence,3,,,,,b/bowmair01.html
479,Ky Bowman,2019-20,2019-20,185.0,84.0,1997-06-16,29.0,North Carolina,Point Guard,Right,Boston College,1,,,,,b/bowmaky01.html
480,Nate Bowman,1966-67,1970-71,208.0,104.0,1943-03-19,83.0,Texas,Center,Right,Wichita State,5,1965.0,1.0,9.0,Cincinnati Royals,b/bowmana01.html
481,Donnie Boyce,1995-96,1996-97,196.0,88.0,1973-09-02,52.0,Illinois,Shooting Guard,Right,Colorado,2,1995.0,2.0,13.0,Atlanta Hawks,b/boycedo01.html
482,Dennis Boyd,1978-79,1978-79,185.0,79.0,1954-05-21,72.0,Virginia,Point Guard,Right,Detroit Mercy,1,1977.0,4.0,6.0,New Orleans Jazz,b/boydde01.html
483,Freddie Boyd,1972-73,1977-78,188.0,81.0,1950-06-13,76.0,California,Point Guard and Shooting Guard,Left,Oregon State,6,1972.0,1.0,5.0,Philadelphia 76ers,b/boydfr01.html
484,Ken Boyd,1974-75,1974-75,196.0,88.0,1952-03-25,74.0,Maryland,Small Forward,Right,Boston University,1,1974.0,9.0,10.0,New Orleans Jazz,b/boydke01.html
485,Earl Boykins,1998-99,2011-12,165.0,61.0,1976-06-02,50.0,Ohio,Point Guard and Shooting Guard,Right,Eastern Michigan,13,,,,,b/boykiea01.html
486,Harry Boykoff,1949-50,1950-51,208.0,102.0,1922-07-24,103.0,New York,Center,Right,St. John's,2,,,,,b/boykoha01.html
487,Winford Boynes,1978-79,1980-81,198.0,83.0,1957-05-17,69.0,South Carolina,Shooting Guard,Right,San Francisco,3,1978.0,1.0,13.0,New Jersey Nets,b/boynewi01.html
488,Cedric Bozeman,2006-07,2006-07,198.0,93.0,1983-03-07,43.0,California,Shooting Guard,Right,UCLA,1,,,,,b/bozemce01.html
489,Steve Bracey,1972-73,1974-75,185.0,79.0,1950-08-01,75.0,New York,Point Guard and Shooting Guard,Right,Tulsa,3,1972.0,2.0,8.0,Atlanta Hawks,b/bracest01.html
490,Craig Brackins,2010-11,2011-12,208.0,104.0,1987-10-09,38.0,California,Power Forward,Right,Iowa State,2,2010.0,1.0,21.0,Oklahoma City Thunder,b/brackcr01.html
491,Gary Bradds,1964-65,1965-66,203.0,95.0,1942-07-26,83.0,Ohio,Power Forward and Small Forward,Right,Ohio State,2,1964.0,1.0,3.0,Baltimore Bullets,b/braddga01.html
492,Alex Bradley,1981-82,1981-82,198.0,97.0,1959-10-30,66.0,Florida,Small Forward,Right,Villanova,1,1981.0,4.0,17.0,New York Knicks,b/bradlal02.html
493,Alonzo Bradley,1977-78,1979-80,198.0,86.0,1953-10-16,72.0,Mississippi,Small Forward,Right,Texas Southern,3,1977.0,2.0,7.0,Indiana Pacers,b/bradlal01.html
494,Avery Bradley,2010-11,2021-22,190.0,81.0,1990-11-26,35.0,Washington,Shooting Guard and Point Guard,Right,Texas,12,2010.0,1.0,19.0,Boston Celtics,b/bradlav01.html
496,Bill Bradley,1967-68,1976-77,196.0,92.0,1943-07-28,82.0,Missouri,Small Forward and Shooting Guard,Right,Princeton,10,1965.0,1.0,2.0,New York Knicks,b/bradlbi01.html
497,Charles Bradley,1981-82,1983-84,196.0,97.0,1959-05-16,67.0,Maryland,Shooting Guard,Right,Wyoming,3,1981.0,1.0,23.0,Boston Celtics,b/bradlch01.html
498,Dudley Bradley,1979-80,1988-89,198.0,88.0,1957-03-19,69.0,Maryland,Shooting Guard,Right,UNC,9,1979.0,1.0,13.0,Indiana Pacers,b/bradldu01.html
500,Joe Bradley,1949-50,1949-50,190.0,79.0,1928-09-24,97.0,Oklahoma,Guard,Right,Oklahoma State,1,,,,,b/bradljo01.html
501,Michael Bradley,2001-02,2005-06,208.0,111.0,1979-04-18,47.0,Massachusetts,Power Forward and Center,Right,Kentucky,5,2001.0,1.0,17.0,Toronto Raptors,b/bradlmi01.html
502,Shawn Bradley,1993-94,2004-05,229.0,106.0,1972-03-22,54.0,Germany,Center,Right,BYU,12,1993.0,1.0,2.0,Philadelphia 76ers,b/bradlsh01.html
503,Tony Bradley,2017-18,2025-26,208.0,112.0,1998-01-08,28.0,Florida,Center,Right,UNC,8,2017.0,1.0,28.0,Los Angeles Lakers,b/bradlto01.html
504,Mark Bradtke,1996-97,1996-97,208.0,120.0,1968-09-27,57.0,Australia,Center,Right,,1,,,,,b/bradtma01.html
505,Marques Bragg,1995-96,1995-96,203.0,104.0,1970-03-24,56.0,New Jersey,Power Forward,Right,Providence,1,,,,,b/braggma01.html
506,Torraye Braggs,2003-04,2004-05,203.0,111.0,1976-05-15,50.0,California,Power Forward,Right,Xavier,2,1998.0,2.0,28.0,Utah Jazz,b/braggto01.html
507,A.J. Bramlett,1999-00,1999-00,208.0,102.0,1977-01-10,49.0,Illinois,Center,Right,Arizona,1,1999.0,2.0,10.0,Cleveland Cavaliers,b/bramlaj01.html
508,Adrian Branch,1986-87,1989-90,201.0,83.0,1963-11-17,62.0,District of Columbia,Small Forward,Right,Maryland,4,1985.0,2.0,22.0,Chicago Bulls,b/brancad01.html
509,Elton Brand,1999-00,2015-16,206.0,124.0,1979-03-11,47.0,New York,Power Forward and Center,Right,Duke,17,1999.0,1.0,1.0,Chicago Bulls,b/brandel01.html
510,Terrell Brandon,1991-92,2001-02,180.0,81.0,1970-05-20,56.0,Oregon,Point Guard,Right,Oregon,11,1991.0,1.0,11.0,Cleveland Cavaliers,b/brandte01.html
511,Malaki Branham,2022-23,2025-26,193.0,81.0,2003-05-12,23.0,Ohio,Shooting Guard and Point Guard,Right,Ohio State,4,2022.0,1.0,20.0,San Antonio Spurs,b/branhma01.html
512,Bob Brannum,1949-50,1954-55,196.0,97.0,1926-05-28,100.0,Kansas,Power Forward,Right,Kentucky,5,,,,,b/brannbo01.html
513,Brad Branson,1981-82,1982-83,208.0,99.0,1958-09-24,67.0,Illinois,Power Forward,Right,SMU,2,1980.0,2.0,22.0,Detroit Pistons,b/bransbr01.html
514,Jesse Branson,1965-66,1965-66,201.0,88.0,1942-01-07,84.0,North Carolina,Small Forward,Right,Elon University,1,1965.0,2.0,5.0,Philadelphia 76ers,b/bransje01.html
515,Jarrell Brantley,2019-20,2022-23,196.0,113.0,1996-06-07,30.0,South Carolina,Power Forward,Right,College of Charleston,3,2019.0,2.0,20.0,Indiana Pacers,b/brantja01.html
516,Jim Brasco,1952-53,1952-53,185.0,77.0,1931-02-03,95.0,New York,Guard,Right,NYU,1,1952.0,2.0,,Syracuse Nationals,b/brascji01.html
517,Mike Bratz,1977-78,1985-86,188.0,83.0,1955-10-17,70.0,California,Point Guard,Right,Stanford,9,1977.0,3.0,22.0,Phoenix Suns,b/bratzmi01.html
518,Carl Braun,1949-50,1961-62,196.0,81.0,1927-09-25,98.0,New York,Point Guard and Shooting Guard,Right,Colgate,11,,,,,b/braunca01.html
519,Christian Braun,2022-23,2025-26,198.0,99.0,2001-04-17,25.0,Kansas,Shooting Guard,Right,Kansas,4,2022.0,1.0,21.0,Denver Nuggets,b/braunch01.html
520,Ignas Brazdeikis,2019-20,2021-22,198.0,100.0,1999-01-08,27.0,Lithuania,Small Forward,Left,Michigan,3,2019.0,2.0,17.0,Sacramento Kings,b/brazdig01.html
521,Koby Brea,2025-26,2025-26,196.0,97.0,2002-11-06,23.0,New York,Shooting Guard,Right,Dayton,1,2025.0,2.0,11.0,Golden State Warriors,b/breako01.html
522,Tim Breaux,1994-95,1997-98,201.0,97.0,1970-09-19,55.0,Louisiana,Small Forward,Right,Wyoming,3,,,,,b/breauti01.html
523,J.R. Bremer,2002-03,2003-04,188.0,83.0,1980-09-19,45.0,Ohio,Point Guard,Left,St. Bonaventure,2,,,,,b/bremejr01.html
524,Pete Brennan,1958-59,1958-59,198.0,92.0,1936-09-23,89.0,New York,Forward,Right,UNC,1,1958.0,1.0,4.0,New York Knicks,b/brennpe01.html
525,Tom Brennan,1954-55,1954-55,190.0,88.0,1930-08-06,95.0,New York,Small Forward,Right,Villanova,1,1952.0,8.0,,Philadelphia Warriors,b/brennto01.html
526,Randy Breuer,1983-84,1993-94,221.0,104.0,1960-10-11,65.0,Minnesota,Center,Right,Minnesota,11,1983.0,1.0,18.0,Milwaukee Bucks,b/breuera01.html
527,Corey Brewer,2007-08,2019-20,206.0,84.0,1986-03-05,40.0,Tennessee,"Small Forward, Shooting Guard, and Power Forward",Right,Florida,13,2007.0,1.0,7.0,Minnesota Timberwolves,b/breweco01.html
528,Jamison Brewer,2001-02,2004-05,193.0,83.0,1980-11-19,45.0,Georgia,Point Guard and Shooting Guard,Right,Auburn,4,2001.0,2.0,12.0,Indiana Pacers,b/breweja01.html
529,Jim Brewer,1973-74,1981-82,206.0,95.0,1951-12-03,74.0,Illinois,Power Forward,Right,Minnesota,9,1973.0,1.0,2.0,Cleveland Cavaliers,b/breweji01.html
530,Ron Brewer,1978-79,1985-86,193.0,81.0,1955-07-16,71.0,Arkansas,Shooting Guard,Right,University of Arkansas-Fort Smith,8,1978.0,1.0,7.0,Portland Trail Blazers,b/brewero01.html
531,Ronnie Brewer,2006-07,2013-14,201.0,99.0,1985-03-20,41.0,Oregon,Shooting Guard and Small Forward,Right,Arkansas,8,2006.0,1.0,14.0,Utah Jazz,b/brewero02.html
532,Primož Brezec,2001-02,2009-10,218.0,114.0,1979-10-02,46.0,Slovenia,Center,Right,,8,2000.0,1.0,27.0,Indiana Pacers,b/brezepr01.html
533,Frankie Brian,1949-50,1955-56,185.0,81.0,1923-05-01,103.0,Louisiana,Shooting Guard and Point Guard,Right,LSU,7,,,,,b/brianfr01.html
534,Frank Brickowski,1984-85,1996-97,206.0,108.0,1959-08-14,66.0,New York,Center and Power Forward,Right,Penn State,12,1981.0,3.0,11.0,New York Knicks,b/brickfr01.html
535,Junior Bridgeman,1975-76,1986-87,196.0,95.0,1953-09-17,72.0,Indiana,Small Forward and Shooting Guard,Right,Louisville,12,1975.0,1.0,8.0,Los Angeles Lakers,b/bridgju01.html
536,Bill Bridges,1962-63,1974-75,198.0,103.0,1939-04-04,87.0,New Mexico,Power Forward,Right,Kansas,13,1961.0,3.0,9.0,Chicago Packers,b/bridgbi01.html
537,Jalen Bridges,2024-25,2024-25,201.0,102.0,2001-05-14,25.0,West Virginia,Small Forward,Right,West Virginia,1,,,,,b/bridgja01.html
538,Mikal Bridges,2018-19,2025-26,198.0,94.0,1996-08-30,29.0,Pennsylvania,Small Forward and Shooting Guard,Right,Villanova,8,2018.0,1.0,10.0,Philadelphia 76ers,b/bridgmi01.html
539,Miles Bridges,2018-19,2025-26,201.0,102.0,1998-03-21,28.0,Michigan,Small Forward and Power Forward,Left,Michigan State,7,2018.0,1.0,12.0,Los Angeles Clippers,b/bridgmi02.html
541,Amida Brimah,2020-21,2020-21,208.0,104.0,1994-02-11,32.0,Ghana,Center,Right,UConn,1,,,,,b/brimaam01.html
543,Isaiah Briscoe,2018-19,2018-19,190.0,97.0,1996-04-13,30.0,New Jersey,Point Guard,Right,Kentucky,1,,,,,b/briscis01.html
544,John Brisker,1972-73,1974-75,196.0,95.0,1947-06-15,79.0,Michigan,Small Forward and Shooting Guard,Right,Toledo,3,,,,,b/briskjo01.html
545,Oshae Brissett,2019-20,2024-25,201.0,95.0,1998-06-20,28.0,Ontario,Small Forward and Power Forward,Right,Syracuse,6,,,,,b/brissos01.html
546,Allan Bristow,1973-74,1982-83,201.0,95.0,1951-08-23,74.0,Virginia,Small Forward,Left,Virginia Tech,9,1973.0,2.0,3.0,Philadelphia 76ers,b/bristal01.html
547,Tyrone Britt,1967-68,1967-68,193.0,86.0,1944-04-18,82.0,United States,Shooting Guard,Right,Johnson C. Smith University,1,,,,,b/brittty01.html
548,Wayman Britt,1977-78,1977-78,188.0,83.0,1952-08-31,73.0,North Carolina,Shooting Guard,Right,Michigan,1,1976.0,4.0,9.0,Los Angeles Lakers,b/brittwa01.html
549,Mike Brittain,1985-86,1986-87,213.0,106.0,1963-06-21,63.0,Florida,Center,Right,South Carolina,2,1985.0,2.0,5.0,San Antonio Spurs,b/brittmi01.html
550,Dave Britton,1980-81,1980-81,193.0,81.0,1958-08-29,67.0,New York,Point Guard,Right,Texas A&M,1,1980.0,3.0,11.0,Dallas Mavericks,b/brittda01.html
551,Izaiah Brockington,2023-24,2023-24,193.0,88.0,1999-07-12,27.0,Maryland,Point Guard,Left,St. Bonaventure,1,,,,,b/brockiz01.html
552,Jon Brockman,2009-10,2011-12,201.0,115.0,1987-03-20,39.0,Washington,Power Forward and Center,Right,Washington,3,2009.0,2.0,8.0,Portland Trail Blazers,b/brockjo01.html
553,Ryan Broekhoff,2018-19,2019-20,198.0,97.0,1990-08-23,35.0,Australia,Small Forward and Shooting Guard,Right,Valparaiso,2,,,,,b/broekry01.html
554,Jim Brogan,1981-82,1982-83,193.0,83.0,1958-02-24,68.0,Pennsylvania,Shooting Guard,Right,West Virginia Wesleyan College,2,,,,,b/brogaji01.html
555,Malcolm Brogdon,2016-17,2024-25,193.0,103.0,1992-12-11,33.0,Georgia,Point Guard and Shooting Guard,Right,Virginia,9,2016.0,2.0,6.0,Milwaukee Bucks,b/brogdma01.html
556,Gary Brokaw,1974-75,1977-78,193.0,80.0,1954-01-11,72.0,New Jersey,Shooting Guard,Right,Notre Dame,4,1974.0,1.0,18.0,Milwaukee Bucks,b/brokaga01.html
557,Price Brookfield,1949-50,1949-50,193.0,83.0,1920-05-11,106.0,Texas,Forward/Guard,Right,West Texas A&M University,1,,,,,b/brookpr01.html
559,Aaron Brooks,2007-08,2017-18,183.0,73.0,1985-01-14,41.0,Washington,Point Guard,Right,Oregon,10,2007.0,1.0,26.0,Houston Rockets,b/brookaa01.html
560,Armoni Brooks,2020-21,2023-24,190.0,88.0,1998-06-05,28.0,Texas,Point Guard and Shooting Guard,Right,Houston,3,,,,,b/brookar01.html
561,Dillon Brooks,2017-18,2025-26,201.0,102.0,1996-01-22,30.0,Ontario,Small Forward and Shooting Guard,Right,Oregon,9,2017.0,2.0,15.0,Houston Rockets,b/brookdi01.html
562,Keion Brooks Jr.,2024-25,2024-25,201.0,95.0,2000-08-07,25.0,Indiana,Small Forward,Right,Kentucky,1,,,,,b/brookke02.html
563,Kevin Brooks,1991-92,1993-94,198.0,90.0,1969-10-12,56.0,South Carolina,Small Forward,Right,Louisiana,3,1991.0,1.0,18.0,Milwaukee Bucks,b/brookke01.html
564,MarShon Brooks,2011-12,2018-19,196.0,90.0,1989-01-26,37.0,New Jersey,Shooting Guard,Right,Providence,5,2011.0,1.0,25.0,Boston Celtics,b/brookma01.html
565,Michael Brooks,1980-81,1987-88,201.0,99.0,1958-08-17,67.0,Pennsylvania,Small Forward,Right,La Salle,6,1980.0,1.0,9.0,San Diego Clippers,b/brookmi01.html
566,Scott Brooks,1988-89,1997-98,180.0,74.0,1965-07-31,60.0,California,Point Guard,Right,TCU,10,,,,,b/brooksc01.html
567,Johni Broome,2025-26,2025-26,208.0,106.0,2002-07-19,23.0,Florida,Center and Power Forward,Left,Morehead State University,1,2025.0,2.0,5.0,Philadelphia 76ers,b/broomjo01.html
568,Andre Brown,2006-07,2008-09,206.0,111.0,1981-05-12,45.0,Illinois,Power Forward,Right,DePaul,3,,,,,b/brownan01.html
569,Anthony Brown,2015-16,2017-18,201.0,101.0,1992-10-10,33.0,California,Small Forward,Right,Stanford,3,2015.0,2.0,4.0,Los Angeles Lakers,b/brownan02.html
570,Bob Brown,1949-50,1949-50,193.0,92.0,1923-11-12,102.0,Ohio,Forward,Right,Miami University,1,,,,,b/brownbo01.html
571,Bobby Brown,2008-09,2017-18,188.0,79.0,1984-09-24,41.0,California,Point Guard and Shooting Guard,Right,Cal State Fullerton,4,,,,,b/brownbo02.html
572,Bruce Brown,2018-19,2025-26,193.0,91.0,1996-08-15,29.0,Massachusetts,"Point Guard, Small Forward, and Shooting Guard",Right,Miami (FL),8,2018.0,2.0,12.0,Detroit Pistons,b/brownbr01.html
573,Charlie Brown Jr.,2019-20,2023-24,198.0,90.0,1997-02-02,29.0,Pennsylvania,Shooting Guard,Right,Saint Joseph's,4,,,,,b/brownch02.html
574,Chaundee Brown Jr.,2021-22,2021-22,196.0,97.0,1998-12-04,27.0,Florida,Shooting Guard and Small Forward,Right,Wake Forest,1,,,,,b/brownch05.html
575,Chucky Brown,1989-90,2001-02,201.0,97.0,1968-02-29,58.0,New York,Small Forward and Power Forward,Right,NC State,13,1989.0,2.0,16.0,Cleveland Cavaliers,b/brownch01.html
576,Damone Brown,2001-02,2004-05,206.0,90.0,1979-06-28,47.0,New York,Power Forward and Small Forward,Right,Syracuse,4,2001.0,2.0,8.0,Philadelphia 76ers,b/brownda02.html
577,Darius Brown II,2025-26,2025-26,188.0,87.0,1999-07-28,26.0,California,Shooting Guard,Right,Cal State Northridge,1,,,,,b/brownda04.html
579,Dee Brown,1990-91,2001-02,188.0,92.0,1968-11-29,57.0,Florida,Point Guard and Shooting Guard,Right,Jacksonville University,12,1990.0,1.0,19.0,Boston Celtics,b/brownde01.html
580,Dee Brown,2006-07,2008-09,183.0,83.0,1984-08-17,41.0,Mississippi,Point Guard,Right,Illinois,2,2006.0,2.0,16.0,Utah Jazz,b/brownde03.html
581,Derrick Brown,2009-10,2011-12,201.0,102.0,1987-09-08,38.0,California,Small Forward,Left,Xavier,3,2009.0,2.0,10.0,Charlotte Bobcats,b/brownde04.html
582,Devin Brown,2002-03,2009-10,196.0,99.0,1978-12-30,47.0,Utah,Shooting Guard,Right,Texas-San Antonio,8,,,,,b/brownde02.html
583,Ernest Brown,2001-02,2001-02,213.0,110.0,1979-05-17,47.0,New York,Center,Right,Indian Hills Community College,1,2000.0,2.0,23.0,Miami Heat,b/browner01.html
584,Fred Brown,1971-72,1983-84,190.0,82.0,1948-08-07,77.0,Wisconsin,Shooting Guard and Point Guard,Right,"Southeastern Iowa Community College, West Burlington Campus",13,1971.0,1.0,6.0,Seattle SuperSonics,b/brownfr01.html
585,George Brown,1957-58,1957-58,198.0,86.0,1935-10-30,90.0,Louisiana,Forward,Right,Wayne State University,1,1957.0,4.0,3.0,Minneapolis Lakers,b/brownge01.html
586,Gerald Brown,1998-99,1998-99,193.0,95.0,1975-07-28,50.0,California,Shooting Guard,Right,Pepperdine,1,,,,,b/brownge02.html
587,Greg Brown III,2021-22,2023-24,201.0,93.0,2001-09-01,24.0,Texas,Power Forward and Small Forward,Right,Texas,3,2021.0,2.0,13.0,New Orleans Pelicans,b/browngr01.html
589,Jabari Brown,2014-15,2014-15,193.0,97.0,1992-12-18,33.0,California,Shooting Guard,Right,Oregon,1,,,,,b/brownja01.html
590,Jaylen Brown,2016-17,2025-26,198.0,101.0,1996-10-24,29.0,Georgia,Small Forward and Shooting Guard,Right,California,10,2016.0,1.0,3.0,Boston Celtics,b/brownja02.html
591,John Brown,1973-74,1979-80,201.0,99.0,1951-12-14,74.0,Germany,Small Forward and Power Forward,Right,Missouri,7,1973.0,1.0,10.0,Atlanta Hawks,b/brownjo01.html
592,Kedrick Brown,2001-02,2004-05,201.0,100.0,1981-03-18,45.0,Louisiana,Small Forward,Right,Okaloosa-Walton Community College,4,2001.0,1.0,11.0,Boston Celtics,b/brownke01.html
593,Kendall Brown,2022-23,2023-24,198.0,92.0,2003-05-11,23.0,Minnesota,Shooting Guard,Right,Baylor,2,2022.0,2.0,18.0,Minnesota Timberwolves,b/brownke03.html
594,Kobe Brown,2023-24,2025-26,201.0,113.0,2000-01-01,26.0,Alabama,Power Forward,Right,Missouri,3,2023.0,1.0,30.0,Los Angeles Clippers,b/brownko01.html
595,Kwame Brown,2001-02,2012-13,211.0,122.0,1982-03-10,44.0,South Carolina,Center and Power Forward,Right,,12,2001.0,1.0,1.0,Washington Wizards,b/brownkw01.html
598,Lewis Brown,1980-81,1980-81,211.0,102.0,1955-02-19,71.0,California,Center,Left,UNLV,1,1977.0,4.0,3.0,Milwaukee Bucks,b/brownle02.html
599,Lorenzo Brown,2013-14,2018-19,196.0,85.0,1990-08-26,35.0,Georgia,Point Guard,Right,NC State,5,2013.0,2.0,22.0,Minnesota Timberwolves,b/brownlo01.html
600,Marcus Brown,1996-97,1999-00,190.0,83.0,1974-04-03,52.0,Arkansas,Shooting Guard and Point Guard,Right,Murray State,2,1996.0,2.0,17.0,Portland Trail Blazers,b/brownma01.html
601,Markel Brown,2014-15,2017-18,190.0,86.0,1992-01-29,34.0,Louisiana,Shooting Guard,Right,Oklahoma State,3,2014.0,2.0,14.0,Minnesota Timberwolves,b/brownma02.html
602,Mike Brown,1986-87,1996-97,206.0,116.0,1963-07-19,62.0,New Jersey,Center,Right,George Washington,11,1985.0,3.0,22.0,Chicago Bulls,b/brownmi01.html
603,Moses Brown,2019-20,2024-25,218.0,117.0,1999-10-13,26.0,New York,Center,Right,UCLA,6,,,,,b/brownmo01.html
604,Myron Brown,1991-92,1991-92,190.0,81.0,1969-11-03,56.0,Pennsylvania,Point Guard,Right,Slippery Rock University of Pennsylvania,1,1991.0,2.0,7.0,Minnesota Timberwolves,b/brownmy01.html
605,P.J. Brown,1993-94,2007-08,211.0,102.0,1969-10-14,56.0,Michigan,Power Forward and Center,Right,Louisiana Tech,15,1992.0,2.0,2.0,New Jersey Nets,b/brownpj01.html
606,Randy Brown,1991-92,2002-03,188.0,86.0,1968-05-22,58.0,Illinois,Point Guard,Right,Houston,12,1991.0,2.0,4.0,Sacramento Kings,b/brownra02.html
607,Raymond Brown,1989-90,1989-90,203.0,99.0,1965-07-05,61.0,Georgia,Power Forward,Right,Mississippi State,1,,,,,b/brownra01.html
608,Rickey Brown,1980-81,1984-85,208.0,97.0,1958-08-20,67.0,Mississippi,Center,Right,Mississippi State,5,1980.0,1.0,13.0,Golden State Warriors,b/brownri01.html
610,Roger Brown,1972-73,1979-80,211.0,102.0,1950-02-23,76.0,Illinois,Center,Right,Kansas,4,1971.0,4.0,13.0,Los Angeles Lakers,b/brownro02.html
611,Shannon Brown,2006-07,2014-15,193.0,92.0,1985-11-29,40.0,Illinois,Shooting Guard,Right,Michigan State,9,2006.0,1.0,25.0,Cleveland Cavaliers,b/brownsh01.html
612,Stan Brown,1951-52,1951-52,190.0,90.0,1929-06-27,97.0,Pennsylvania,Forward,Right,,1,,,,,b/brownst01.html
613,Sterling Brown,2017-18,2022-23,196.0,99.0,1995-02-10,31.0,Illinois,Shooting Guard and Small Forward,Right,SMU,6,2017.0,2.0,16.0,Philadelphia 76ers,b/brownst02.html
614,Tierre Brown,2001-02,2004-05,188.0,85.0,1979-06-03,47.0,Louisiana,Point Guard and Shooting Guard,Right,McNeese State University,4,,,,,b/brownti01.html
615,Tony Brown,1984-85,1991-92,198.0,83.0,1960-07-29,65.0,Illinois,Small Forward and Shooting Guard,Right,Arkansas,7,1982.0,4.0,13.0,New Jersey Nets,b/brownto01.html
616,Troy Brown Jr.,2018-19,2023-24,201.0,97.0,1999-07-28,26.0,Nevada,Small Forward,Right,Oregon,6,2018.0,1.0,15.0,Washington Wizards,b/browntr01.html
617,Jim Browne,1949-50,1949-50,208.0,106.0,1930-01-01,96.0,Illinois,Center,Right,,1,,,,,b/brownji01.html
618,Stanley Brundy,1989-90,1989-90,198.0,95.0,1967-11-13,58.0,Louisiana,Small Forward,Right,DePaul,1,1989.0,2.0,5.0,New Jersey Nets,b/brundst01.html
621,Jalen Brunson,2018-19,2025-26,188.0,86.0,1996-08-31,29.0,New Jersey,Point Guard and Shooting Guard,Left,Villanova,8,2018.0,2.0,3.0,Dallas Mavericks,b/brunsja01.html
622,Rick Brunson,1997-98,2005-06,193.0,86.0,1972-06-14,54.0,New York,Point Guard,Left,Temple,9,,,,,b/brunsri01.html
623,Nicolás Brussino,2016-17,2017-18,203.0,88.0,1993-03-02,33.0,Argentina,Small Forward and Shooting Guard,Right,,2,,,,,b/brussni01.html
624,Carter Bryant,2025-26,2025-26,198.0,99.0,2005-11-26,20.0,California,Power Forward,Right,Arizona,1,2025.0,1.0,14.0,San Antonio Spurs,b/bryanca01.html
625,Elijah Bryant,2020-21,2020-21,196.0,95.0,1995-04-19,31.0,Georgia,Shooting Guard,Right,Elon University,1,,,,,b/bryanel01.html
626,Em Bryant,1964-65,1971-72,185.0,79.0,1938-11-04,87.0,Illinois,Point Guard,Right,DePaul,8,1964.0,7.0,1.0,New York Knicks,b/bryanem01.html
627,Joe Bryant,1975-76,1982-83,208.0,90.0,1954-10-19,71.0,Pennsylvania,Power Forward and Small Forward,Right,La Salle,8,1975.0,1.0,14.0,Golden State Warriors,b/bryanjo01.html
628,Kobe Bryant,1996-97,2015-16,198.0,96.0,1978-08-23,47.0,Pennsylvania,Shooting Guard and Small Forward,Right,,20,1996.0,1.0,13.0,Charlotte Hornets,b/bryanko01.html
629,Mark Bryant,1988-89,2002-03,206.0,111.0,1965-04-25,61.0,New Jersey,Power Forward and Center,Right,Seton Hall,15,1988.0,1.0,21.0,Portland Trail Blazers,b/bryanma01.html
630,Thomas Bryant,2017-18,2025-26,206.0,112.0,1997-07-31,28.0,New York,Center,Right,Indiana,9,2017.0,2.0,12.0,Utah Jazz,b/bryanth01.html
631,Wallace Bryant,1983-84,1985-86,213.0,111.0,1959-07-14,67.0,Spain,Center,Right,San Francisco,3,1982.0,2.0,7.0,Chicago Bulls,b/bryanwa01.html
632,Torgeir Bryn,1989-90,1989-90,206.0,113.0,1964-08-08,61.0,Norway,Center,Right,Texas State University,1,,,,,b/brynto01.html
634,Shaq Buchanan,2021-22,2021-22,190.0,86.0,1997-01-30,29.0,Mississippi,Shooting Guard,Right,Northeast Mississippi Community College,1,,,,,b/buchash01.html
635,Joe Buckhalter,1961-62,1962-63,201.0,95.0,1937-08-01,88.0,Mississippi,Power Forward,Right,Tennessee State,2,1958.0,12.0,4.0,St. Louis Hawks,b/buckhjo01.html
636,Steve Bucknall,1989-90,1989-90,198.0,97.0,1966-03-17,60.0,United Kingdom,Shooting Guard,Right,UNC,1,,,,,b/bucknst01.html
637,Cleveland Buckner,1961-62,1962-63,206.0,95.0,1938-08-17,87.0,Mississippi,Power Forward,Right,Jackson State University,2,1961.0,6.0,1.0,New York Knicks,b/buckncl01.html
638,Greg Buckner,1999-00,2008-09,193.0,95.0,1976-09-16,49.0,Kentucky,Shooting Guard and Small Forward,Right,Clemson,10,1998.0,2.0,24.0,Dallas Mavericks,b/buckngr01.html
639,Quinn Buckner,1976-77,1985-86,190.0,86.0,1954-08-20,71.0,Illinois,Point Guard and Shooting Guard,Right,Indiana,10,1976.0,1.0,7.0,Milwaukee Bucks,b/bucknqu01.html
640,Dave Budd,1960-61,1964-65,198.0,92.0,1938-10-28,87.0,New Jersey,Small Forward,Right,Wake Forest,5,1960.0,2.0,2.0,New York Knicks,b/buddda01.html
641,Chase Budinger,2009-10,2015-16,201.0,94.0,1988-05-22,38.0,California,Small Forward,Right,Arizona,7,2009.0,2.0,14.0,Detroit Pistons,b/budinch01.html
642,Walt Budko,1949-50,1951-52,196.0,99.0,1925-07-30,100.0,New Jersey,Power Forward,Right,Columbia University,3,1948.0,1.0,6.0,Baltimore Bullets,b/budkowa01.html
643,Jud Buechler,1990-91,2001-02,198.0,99.0,1968-06-19,58.0,California,Small Forward,Right,Arizona,12,1990.0,2.0,11.0,Seattle SuperSonics,b/buechju01.html
644,Kobe Bufkin,2023-24,2025-26,193.0,88.0,2003-09-21,22.0,Michigan,Shooting Guard,Left,Michigan,3,2023.0,1.0,15.0,Atlanta Hawks,b/bufkiko01.html
645,Rodney Buford,1999-00,2004-05,196.0,85.0,1977-11-02,48.0,Wisconsin,Small Forward and Shooting Guard,Right,Creighton,5,1999.0,2.0,24.0,Miami Heat,b/buforro01.html
646,Matt Bullard,1990-91,2001-02,208.0,97.0,1967-06-05,59.0,Iowa,Power Forward and Small Forward,Right,Colorado,11,,,,,b/bullama01.html
647,Reggie Bullock,2013-14,2023-24,198.0,92.0,1991-03-16,35.0,Maryland,Small Forward and Shooting Guard,Right,UNC,11,2013.0,1.0,25.0,Los Angeles Clippers,b/bullore01.html
649,Greg Bunch,1978-79,1978-79,198.0,86.0,1956-05-15,70.0,California,Small Forward,Right,Cal State Fullerton,1,1978.0,2.0,12.0,New York Knicks,b/bunchgr01.html
650,Dick Bunt,1952-53,1952-53,183.0,77.0,1930-07-13,96.0,New York,Point Guard,Right,NYU,1,1952.0,3.0,,New York Knicks,b/buntdi01.html
651,Bill Buntin,1965-66,1965-66,201.0,113.0,1942-05-05,84.0,Michigan,Center,Right,Michigan,1,1965.0,1.0,3.0,Detroit Pistons,b/buntibi01.html
653,Ticky Burden,1976-77,1977-78,188.0,83.0,1953-02-28,73.0,Florida,Shooting Guard,Right,Utah,2,1975.0,2.0,8.0,New York Knicks,b/burdeti01.html
654,Pat Burke,2002-03,2006-07,211.0,113.0,1973-12-14,52.0,Ireland,Center,Left,Auburn,3,,,,,b/burkepa01.html
655,Trey Burke,2013-14,2021-22,183.0,83.0,1992-11-12,33.0,Ohio,Point Guard,Right,Michigan,9,2013.0,1.0,9.0,Minnesota Timberwolves,b/burketr01.html
656,Roger Burkman,1981-82,1981-82,196.0,79.0,1958-05-22,68.0,Indiana,Shooting Guard,Right,Louisville,1,1981.0,6.0,15.0,Chicago Bulls,b/burkmro01.html
657,Alec Burks,2011-12,2024-25,196.0,97.0,1991-07-20,34.0,Missouri,Shooting Guard and Small Forward,Right,Colorado,14,2011.0,1.0,12.0,Utah Jazz,b/burksal01.html
658,Antonio Burks,2004-05,2005-06,185.0,90.0,1980-02-25,46.0,Tennessee,Point Guard,Right,Memphis,2,2004.0,2.0,7.0,Orlando Magic,b/burksan01.html
659,Kevin Burleson,2005-06,2005-06,190.0,92.0,1979-09-04,46.0,Washington,Point Guard,Right,Minnesota,1,,,,,b/burleke01.html
660,Tom Burleson,1974-75,1980-81,218.0,102.0,1952-02-24,74.0,North Carolina,Center,Right,NC State,7,1974.0,1.0,3.0,Seattle SuperSonics,b/burleto01.html
661,Jack Burmaster,1949-50,1949-50,190.0,86.0,1926-12-23,99.0,Illinois,Guard,Right,Illinois,1,1948.0,2.0,,St. Louis Bombers,b/burmaja01.html
662,David Burns,1981-82,1981-82,188.0,81.0,1958-07-03,68.0,Texas,Point Guard,Right,Saint Louis,1,1981.0,3.0,3.0,New Jersey Nets,b/burnsda01.html
663,Evers Burns,1993-94,1993-94,203.0,117.0,1971-08-24,54.0,Maryland,Power Forward,Right,Maryland,1,1993.0,2.0,4.0,Sacramento Kings,b/burnsev01.html
664,Jim Burns,1967-68,1967-68,190.0,88.0,1945-09-21,80.0,Illinois,Shooting Guard,Right,Northwestern,1,1967.0,4.0,3.0,Chicago Bulls,b/burnsji01.html
665,Scott Burrell,1993-94,2000-01,201.0,98.0,1971-01-12,55.0,Connecticut,Small Forward,Right,UConn,8,1993.0,1.0,20.0,Charlotte Hornets,b/burresc01.html
666,Art Burris,1950-51,1951-52,196.0,99.0,1924-04-07,102.0,Tennessee,Small Forward,Right,Tennessee,2,1950.0,3.0,8.0,Fort Wayne Pistons,b/burriar01.html
667,Junior Burrough,1995-96,1995-96,203.0,109.0,1973-01-18,53.0,North Carolina,Power Forward,Right,Virginia,1,1995.0,2.0,4.0,Boston Celtics,b/burroju01.html
668,Bob Burrow,1956-57,1957-58,201.0,103.0,1934-06-29,92.0,Arkansas,Center,Right,Lon Morris College,2,1956.0,2.0,1.0,Rochester Royals,b/burrobo01.html
669,Deonte Burton,2018-19,2022-23,193.0,108.0,1994-01-31,32.0,Wisconsin,"Power Forward, Small Forward, and Shooting Guard",Left,Marquette,3,,,,,b/burtode02.html
670,Ed Burton,1961-62,1964-65,198.0,102.0,1939-08-13,86.0,Arkansas,Forward,Right,Michigan State,2,,,,,b/burtoed01.html
671,Tyler Burton,2025-26,2025-26,201.0,97.0,2000-02-11,26.0,Massachusetts,Small Forward,Right,Richmond,1,,,,,b/burtoty01.html
672,Willie Burton,1990-91,1998-99,203.0,95.0,1968-05-26,58.0,Michigan,Small Forward,Right,Minnesota,8,1990.0,1.0,9.0,Miami Heat,b/burtowi01.html
673,Steve Burtt,1984-85,1992-93,188.0,83.0,1962-11-05,63.0,New York,Shooting Guard,Right,Iona College,4,1984.0,2.0,6.0,Golden State Warriors,b/burttst01.html
674,Don Buse,1976-77,1984-85,193.0,86.0,1950-08-10,75.0,Indiana,Point Guard and Shooting Guard,Right,University of Evansville,9,1972.0,3.0,4.0,Phoenix Suns,b/busedo01.html
676,Donnie Butcher,1961-62,1965-66,188.0,90.0,1936-02-08,90.0,Kentucky,Point Guard and Shooting Guard,Right,Pikeville College,5,1961.0,7.0,1.0,New York Knicks,b/butchdo01.html
677,Al Butler,1961-62,1964-65,188.0,79.0,1938-07-09,88.0,Alabama,Point Guard,Right,Niagara University,4,1961.0,2.0,12.0,Boston Celtics,b/butleal01.html
678,Caron Butler,2002-03,2015-16,201.0,103.0,1980-03-13,46.0,Wisconsin,Small Forward and Shooting Guard,Right,UConn,14,2002.0,1.0,10.0,Miami Heat,b/butleca01.html
679,Greg Butler,1988-89,1990-91,211.0,108.0,1966-03-11,60.0,California,Center,Right,Stanford,3,1988.0,2.0,12.0,New York Knicks,b/butlegr01.html
680,Jackie Butler,2004-05,2006-07,208.0,113.0,1985-03-10,41.0,Mississippi,Center,Right,,3,,,,,b/butleja01.html
681,Jared Butler,2021-22,2024-25,190.0,87.0,2000-08-25,25.0,Louisiana,Point Guard and Shooting Guard,Right,Baylor,4,2021.0,2.0,10.0,New Orleans Pelicans,b/butleja02.html
682,Jimmy Butler,2011-12,2025-26,198.0,104.0,1989-09-14,36.0,Texas,"Small Forward, Shooting Guard, and Power Forward",Right,Tyler Junior College,15,2011.0,1.0,30.0,Chicago Bulls,b/butleji01.html
683,John Butler,2022-23,2022-23,213.0,86.0,2002-12-04,23.0,South Carolina,Center,Right,Florida State,1,,,,,b/butlejo01.html
685,Mitchell Butler,1993-94,2003-04,196.0,95.0,1970-12-15,55.0,California,Shooting Guard,Right,UCLA,8,,,,,b/butlemi02.html
686,Rasual Butler,2002-03,2015-16,201.0,97.0,1979-05-23,47.0,Pennsylvania,Small Forward and Shooting Guard,Right,La Salle,13,2002.0,2.0,24.0,Miami Heat,b/butlera01.html
687,Dwight Buycks,2013-14,2017-18,190.0,86.0,1989-03-06,37.0,Wisconsin,Point Guard,Right,Marquette,3,,,,,b/buyckdw01.html
688,Matas Buzelis,2024-25,2025-26,203.0,94.0,2004-10-13,21.0,Illinois,Small Forward and Power Forward,Right,,2,2024.0,1.0,11.0,Chicago Bulls,b/buzelma01.html
689,Derrick Byars,2011-12,2011-12,201.0,99.0,1984-04-25,42.0,Tennessee,Power Forward,Right,Virginia,1,2007.0,2.0,12.0,Portland Trail Blazers,b/byarsde01.html
690,Andrew Bynum,2005-06,2013-14,213.0,129.0,1987-10-27,38.0,New Jersey,Center,Right,,8,2005.0,1.0,10.0,Los Angeles Lakers,b/bynuman01.html
691,Will Bynum,2005-06,2014-15,183.0,83.0,1983-01-04,43.0,Illinois,Point Guard and Shooting Guard,Right,Arizona,8,,,,,b/bynumwi01.html
693,Marty Byrnes,1978-79,1982-83,201.0,97.0,1956-04-30,70.0,New York,Small Forward,Left,Syracuse,4,1978.0,1.0,19.0,Phoenix Suns,b/byrnema01.html
694,Tommy Byrnes,1949-50,1950-51,190.0,79.0,1923-02-19,103.0,New Jersey,Forward/Guard,Right,Seton Hall,2,,,,,b/byrneto01.html
696,Žarko Čabarkapa,2003-04,2005-06,211.0,106.0,1981-05-21,45.0,Serbia,Power Forward,Right,,3,2003.0,1.0,17.0,Phoenix Suns,c/cabarza01.html
697,Barney Cable,1958-59,1963-64,201.0,79.0,1935-07-29,90.0,Pennsylvania,Small Forward and Power Forward,Right,Bradley,6,1958.0,2.0,3.0,Detroit Pistons,c/cableba01.html
698,Bruno Caboclo,2014-15,2020-21,206.0,98.0,1995-09-21,30.0,Brazil,"Small Forward, Center, and Power Forward",Right,,7,2014.0,1.0,20.0,Toronto Raptors,c/cabocbr01.html
699,Devontae Cacok,2019-20,2021-22,201.0,108.0,1996-10-08,29.0,Illinois,Power Forward and Center,Right,UNC Wilmington,3,,,,,c/cacokde01.html
700,Jason Caffey,1995-96,2002-03,203.0,115.0,1973-06-12,53.0,Alabama,Power Forward,Right,Alabama,8,1995.0,1.0,20.0,Chicago Bulls,c/caffeja01.html
701,Michael Cage,1984-85,1999-00,206.0,101.0,1962-01-28,64.0,Arkansas,Center and Power Forward,Left,San Diego State,15,1984.0,1.0,14.0,Los Angeles Clippers,c/cagemi01.html
702,Jamal Cain,2022-23,2025-26,201.0,86.0,1999-03-20,27.0,Michigan,Small Forward and Power Forward,Right,Marquette,4,,,,,c/cainja01.html
703,Gerry Calabrese,1950-51,1951-52,185.0,79.0,1925-02-04,101.0,New Jersey,Shooting Guard,Right,St. John's,2,1950.0,2.0,12.0,Syracuse Nationals,c/calabge01.html
704,Nick Calathes,2013-14,2014-15,198.0,96.0,1989-02-07,37.0,Florida,Shooting Guard,Right,Florida,2,2009.0,2.0,15.0,Minnesota Timberwolves,c/calatni01.html
705,José Calderón,2005-06,2018-19,190.0,90.0,1981-09-28,44.0,Spain,Point Guard and Shooting Guard,Right,,14,,,,,c/caldejo01.html
706,Adrian Caldwell,1989-90,1997-98,203.0,120.0,1966-07-04,60.0,Texas,Power Forward,Left,SMU,6,,,,,c/caldwad01.html
707,Jim Caldwell,1967-68,1967-68,208.0,108.0,1943-01-28,83.0,North Carolina,Center,Right,Georgia Tech,1,1965.0,3.0,8.0,Los Angeles Lakers,c/caldwji01.html
708,Joe Caldwell,1964-65,1969-70,196.0,88.0,1941-11-01,84.0,Texas,Small Forward and Shooting Guard,Right,Arizona State,6,1964.0,1.0,2.0,Detroit Pistons,c/caldwjo01.html
709,Kentavious Caldwell-Pope,2013-14,2025-26,196.0,92.0,1993-02-18,33.0,Georgia,Shooting Guard,Right,Georgia,13,2013.0,1.0,8.0,Detroit Pistons,c/caldwke01.html
710,Bill Calhoun,1949-50,1954-55,190.0,81.0,1927-11-04,98.0,California,Shooting Guard and Small Forward,Right,City College of San Francisco,6,,,,,c/calhobi01.html
711,Corky Calhoun,1972-73,1979-80,201.0,95.0,1950-11-01,75.0,Illinois,Small Forward,Right,Penn,8,1972.0,1.0,4.0,Phoenix Suns,c/calhoco01.html
712,Demetrius Calip,1991-92,1991-92,185.0,74.0,1969-11-18,56.0,Michigan,Point Guard,Right,Michigan,1,,,,,c/calipde01.html
714,Rick Calloway,1990-91,1990-91,198.0,81.0,1966-12-12,59.0,Ohio,Shooting Guard,Right,Indiana,1,,,,,c/callori01.html
716,Mack Calvin,1976-77,1980-81,183.0,74.0,1947-07-27,78.0,Texas,Point Guard,Right,Long Beach City College,4,1969.0,14.0,8.0,Los Angeles Lakers,c/calvima01.html
717,Toumani Camara,2023-24,2025-26,201.0,104.0,2000-05-08,26.0,Belgium,Power Forward,Left,Georgia,3,2023.0,2.0,22.0,Phoenix Suns,c/camarto01.html
718,Dexter Cambridge,1992-93,1992-93,201.0,101.0,1970-01-29,56.0,Bahamas,Small Forward,Right,Texas,1,,,,,c/cambrde01.html
719,Marcus Camby,1996-97,2012-13,211.0,99.0,1974-03-22,52.0,Connecticut,Center and Power Forward,Right,UMass,17,1996.0,1.0,2.0,Toronto Raptors,c/cambyma01.html
720,Facundo Campazzo,2020-21,2022-23,178.0,88.0,1991-03-23,35.0,Argentina,Point Guard,Right,,3,,,,,c/campafa01.html
721,Elden Campbell,1990-91,2004-05,211.0,97.0,1968-07-23,57.0,California,Center and Power Forward,Right,Clemson,15,1990.0,1.0,27.0,Los Angeles Lakers,c/campbel01.html
722,Tony Campbell,1984-85,1994-95,201.0,97.0,1962-05-07,64.0,New Jersey,Small Forward and Shooting Guard,Right,Ohio State,11,1984.0,1.0,20.0,Detroit Pistons,c/campbto01.html
723,Isaiah Canaan,2013-14,2018-19,183.0,90.0,1991-05-21,35.0,Mississippi,Point Guard and Shooting Guard,Right,Murray State,6,2013.0,2.0,4.0,Houston Rockets,c/canaais01.html
724,Vlatko Čančar,2019-20,2024-25,203.0,107.0,1997-04-10,29.0,Slovenia,Power Forward,Right,,5,2017.0,2.0,19.0,Denver Nuggets,c/cancavl01.html
725,Devin Cannady,2020-21,2021-22,188.0,83.0,1996-05-21,30.0,Indiana,Point Guard,Right,Princeton,2,,,,,c/cannade01.html
726,Larry Cannon,1973-74,1973-74,193.0,88.0,1947-04-12,79.0,Pennsylvania,Shooting Guard,Right,La Salle,1,1969.0,1.0,5.0,Chicago Bulls,c/cannola01.html
727,Clint Capela,2014-15,2025-26,208.0,116.0,1994-05-18,32.0,Switzerland,Center,Right,,12,2014.0,1.0,25.0,Houston Rockets,c/capelca01.html
728,Derrick Caracter,2010-11,2010-11,206.0,124.0,1988-05-04,38.0,New Jersey,Center,Right,Louisville,1,2010.0,2.0,28.0,Los Angeles Lakers,c/caracde01.html
730,Brian Cardinal,2000-01,2011-12,203.0,111.0,1977-05-02,49.0,Illinois,Power Forward and Small Forward,Right,Purdue,12,2000.0,2.0,15.0,Detroit Pistons,c/cardibr01.html
731,Dylan Cardwell,2025-26,2025-26,208.0,115.0,2001-12-16,24.0,Georgia,Center,Right,Auburn,1,,,,,c/cardwdy01.html
732,Vernon Carey Jr.,2020-21,2022-23,208.0,122.0,2001-02-25,25.0,Florida,Center,Left,Duke,3,2020.0,2.0,2.0,Charlotte Hornets,c/careyve01.html
733,Howie Carl,1961-62,1961-62,175.0,72.0,1938-06-07,88.0,Illinois,Point Guard,Right,DePaul,1,1961.0,5.0,9.0,Chicago Packers,c/carlho01.html
735,Geno Carlisle,2004-05,2004-05,190.0,81.0,1976-08-13,49.0,Michigan,Shooting Guard,Right,Northwestern,1,,,,,c/carlige01.html
736,Rick Carlisle,1984-85,1989-90,196.0,95.0,1959-10-27,66.0,New York,Shooting Guard,Right,University of Maine,5,1984.0,3.0,23.0,Boston Celtics,c/carliri01.html
738,Al Carlson,1975-76,1975-76,211.0,106.0,1951-09-17,74.0,California,Center,Right,Oregon,1,,,,,c/carlsal01.html
739,Branden Carlson,2024-25,2025-26,213.0,99.0,1999-06-14,27.0,Utah,Center,Right,Utah,2,,,,,c/carlsbr01.html
740,Don Carlson,1949-50,1950-51,183.0,77.0,1919-03-22,107.0,Minnesota,Guard/Forward,Right,Minnesota,2,,,,,c/carlsdo01.html
741,Bob Carney,1954-55,1954-55,190.0,77.0,1932-08-03,93.0,Illinois,Shooting Guard,Right,Bradley,1,1954.0,6.0,2.0,Milwaukee Hawks,c/carnebo01.html
742,Rodney Carney,2006-07,2010-11,201.0,92.0,1984-04-15,42.0,Tennessee,Small Forward and Shooting Guard,Right,Memphis,5,2006.0,1.0,16.0,Chicago Bulls,c/carnero01.html
743,Bob Carpenter,1949-50,1950-51,196.0,90.0,1917-11-06,108.0,Texas,Forward/Center,Left,Texas A&M University-Commerce,2,,,,,c/carpebo01.html
744,Antoine Carr,1984-85,1999-00,206.0,102.0,1961-07-23,64.0,Oklahoma,"Power Forward, Small Forward, and Center",Right,Wichita State,16,1983.0,1.0,8.0,Detroit Pistons,c/carran01.html
745,Austin Carr,1971-72,1980-81,193.0,90.0,1948-03-10,78.0,District of Columbia,Shooting Guard,Right,Notre Dame,10,1971.0,1.0,1.0,Cleveland Cavaliers,c/carrau01.html
746,Chris Carr,1995-96,2000-01,196.0,93.0,1974-03-12,52.0,Missouri,Shooting Guard and Small Forward,Right,Southern Illinois,6,1995.0,2.0,27.0,Phoenix Suns,c/carrch01.html
747,Cory Carr,1998-99,1998-99,190.0,95.0,1975-12-05,50.0,Arkansas,Shooting Guard,Right,Texas Tech,1,1998.0,2.0,20.0,Atlanta Hawks,c/carrco01.html
748,Kenny Carr,1977-78,1986-87,201.0,99.0,1955-08-15,70.0,District of Columbia,Power Forward,Right,NC State,10,1977.0,1.0,6.0,Los Angeles Lakers,c/carrke01.html
749,M.L. Carr,1976-77,1984-85,198.0,92.0,1951-01-09,75.0,North Carolina,Small Forward,Right,Guilford College,9,1973.0,5.0,7.0,Kansas City-Omaha Kings,c/carrml01.html
751,Bob Carrington,1977-78,1979-80,198.0,88.0,1953-07-03,73.0,Massachusetts,Shooting Guard,Right,Boston College,2,1976.0,2.0,11.0,Atlanta Hawks,c/carribo01.html
752,Bub Carrington,2024-25,2025-26,193.0,86.0,2005-07-21,20.0,Maryland,Point Guard,Right,Pitt,2,2024.0,1.0,14.0,Portland Trail Blazers,c/carrica01.html
753,DeMarre Carroll,2009-10,2019-20,198.0,97.0,1986-07-27,39.0,Alabama,"Small Forward, Power Forward, and Center",Right,Vanderbilt,11,2009.0,1.0,27.0,Memphis Grizzlies,c/carrode01.html
754,Joe Barry Carroll,1980-81,1990-91,213.0,102.0,1958-07-24,67.0,Arkansas,Center,Right,Purdue,10,1980.0,1.0,1.0,Golden State Warriors,c/carrojo01.html
755,Matt Carroll,2003-04,2012-13,198.0,96.0,1980-08-28,45.0,Pennsylvania,Shooting Guard,Right,Notre Dame,10,,,,,c/carroma01.html
756,Jimmy Carruth,1996-97,1996-97,208.0,120.0,1969-11-04,56.0,Texas,Power Forward,Right,Virginia Tech,1,,,,,c/carruji01.html
757,Anthony Carter,1999-00,2011-12,185.0,86.0,1975-06-16,51.0,Wisconsin,Point Guard,Right,Hawaii,13,,,,,c/cartean01.html
758,Butch Carter,1980-81,1985-86,196.0,81.0,1958-06-11,68.0,Ohio,Shooting Guard and Small Forward,Right,Indiana,6,1980.0,2.0,14.0,Los Angeles Lakers,c/cartebu01.html
759,Devin Carter,2024-25,2025-26,188.0,88.0,2002-03-18,24.0,Florida,Point Guard,Right,South Carolina,2,2024.0,1.0,13.0,Sacramento Kings,c/cartede02.html
760,Fred Carter,1969-70,1976-77,190.0,83.0,1945-02-14,81.0,Pennsylvania,Shooting Guard and Point Guard,Right,Mount St. Mary's University,8,1969.0,3.0,14.0,Baltimore Bullets,c/cartefr01.html
761,George Carter,1967-68,1967-68,193.0,95.0,1944-01-10,82.0,New York,Small Forward,Right,St. Bonaventure,1,1967.0,8.0,2.0,Detroit Pistons,c/cartege01.html
762,Howard Carter,1983-84,1984-85,196.0,97.0,1961-10-26,64.0,Louisiana,Shooting Guard,Right,LSU,2,1983.0,1.0,15.0,Denver Nuggets,c/carteho01.html
763,Jake Carter,1949-50,1949-50,193.0,88.0,1924-07-25,101.0,Texas,Forward/Center,Right,Texas A&M University-Commerce,1,1948.0,4.0,,Baltimore Bullets,c/carteja01.html
764,Jevon Carter,2018-19,2025-26,183.0,90.0,1995-09-14,30.0,Illinois,Point Guard,Right,West Virginia,8,2018.0,2.0,2.0,Memphis Grizzlies,c/carteje01.html
765,Maurice Carter,2003-04,2003-04,196.0,95.0,1976-10-12,49.0,Mississippi,Shooting Guard,Left,LSU,1,,,,,c/cartema01.html
766,Reggie Carter,1980-81,1981-82,190.0,79.0,1957-10-10,68.0,New York,Shooting Guard,Right,Hawaii,2,1979.0,2.0,5.0,New York Knicks,c/cartere01.html
767,Ron Carter,1978-79,1979-80,196.0,86.0,1956-08-31,69.0,Pennsylvania,Shooting Guard,Right,Virginia Military Institute,2,1978.0,2.0,4.0,Los Angeles Lakers,c/cartero01.html
768,Vince Carter,1998-99,2019-20,198.0,99.0,1977-01-26,49.0,Florida,"Shooting Guard, Small Forward, and Power Forward",Right,UNC,22,1998.0,1.0,5.0,Golden State Warriors,c/cartevi01.html
769,Wendell Carter Jr.,2018-19,2025-26,208.0,122.0,1999-04-16,27.0,Georgia,Center and Power Forward,Right,Duke,8,2018.0,1.0,7.0,Chicago Bulls,c/cartewe01.html
770,Michael Carter-Williams,2013-14,2022-23,198.0,92.0,1991-10-10,34.0,Massachusetts,Point Guard and Shooting Guard,Right,Syracuse,9,2013.0,1.0,11.0,Philadelphia 76ers,c/cartemi01.html
771,D.J. Carton,2023-24,2024-25,188.0,90.0,2000-08-05,25.0,North Carolina,Shooting Guard,Left,Ohio State,2,,,,,c/cartodj01.html
772,Bill Cartwright,1979-80,1994-95,216.0,111.0,1957-07-30,68.0,California,Center,Right,San Francisco,15,1979.0,1.0,3.0,New York Knicks,c/cartwbi01.html
773,Jay Carty,1968-69,1968-69,203.0,99.0,1941-07-04,85.0,Missouri,Power Forward,Right,Oregon State,1,1962.0,6.0,3.0,St. Louis Hawks,c/cartyja01.html
774,Alex Caruso,2017-18,2025-26,196.0,84.0,1994-02-28,32.0,Texas,Point Guard and Shooting Guard,Right,Texas A&M,9,,,,,c/carusal01.html
775,Cornelius Cash,1976-77,1976-77,203.0,97.0,1952-03-03,74.0,Mississippi,Power Forward,Right,Bowling Green,1,1975.0,2.0,6.0,Milwaukee Bucks,c/cashco01.html
777,Sam Cassell,1993-94,2007-08,190.0,83.0,1969-11-18,56.0,Maryland,Point Guard,Right,Florida State,15,1993.0,1.0,24.0,Houston Rockets,c/cassesa01.html
778,Omri Casspi,2009-10,2018-19,206.0,102.0,1988-06-22,38.0,Israel,Small Forward and Power Forward,Right,,10,2009.0,1.0,23.0,Sacramento Kings,c/casspom01.html
779,Stephon Castle,2024-25,2025-26,198.0,97.0,2004-11-01,21.0,Georgia,Point Guard and Shooting Guard,Right,UConn,2,2024.0,1.0,4.0,San Antonio Spurs,c/castlst01.html
780,Colin Castleton,2023-24,2025-26,208.0,113.0,2000-05-25,26.0,Florida,Center and Power Forward,Right,Michigan,3,,,,,c/castlco01.html
781,Harvey Catchings,1974-75,1984-85,206.0,98.0,1951-09-02,74.0,Mississippi,Center and Power Forward,Left,Hardin-Simmons University,11,1973.0,9.0,1.0,Philadelphia 76ers,c/catchha01.html
782,Terry Catledge,1985-86,1992-93,203.0,99.0,1963-08-22,62.0,Mississippi,Power Forward,Right,University of South Alabama,8,1985.0,1.0,21.0,Philadelphia 76ers,c/catlete01.html
783,Sid Catlett,1971-72,1971-72,198.0,104.0,1948-04-18,78.0,District of Columbia,Small Forward,Right,Notre Dame,1,1971.0,4.0,4.0,Cincinnati Royals,c/catlesi01.html
784,Kelvin Cato,1997-98,2006-07,211.0,115.0,1974-08-26,51.0,Georgia,Center and Power Forward,Right,University of South Alabama,10,1997.0,1.0,15.0,Dallas Mavericks,c/catoke01.html
785,Bobby Cattage,1981-82,1985-86,206.0,113.0,1958-08-17,67.0,Alabama,Power Forward,Right,Auburn,2,1981.0,8.0,4.0,Utah Jazz,c/cattabo01.html
786,Willie Cauley-Stein,2015-16,2021-22,213.0,108.0,1993-08-18,32.0,Kansas,Center,Right,Kentucky,7,2015.0,1.0,6.0,Sacramento Kings,c/caulewi01.html
787,Troy Caupain,2018-19,2018-19,193.0,95.0,1995-11-29,30.0,New York,Point Guard,Right,Cincinnati,1,,,,,c/caupatr01.html
788,Duane Causwell,1990-91,2000-01,213.0,108.0,1968-05-31,58.0,New York,Center,Right,Temple,11,1990.0,1.0,18.0,Sacramento Kings,c/causwdu01.html
789,Tyler Cavanaugh,2017-18,2018-19,206.0,107.0,1994-02-09,32.0,New York,Power Forward,Right,George Washington,2,,,,,c/cavanty01.html
790,Ron Cavenall,1984-85,1988-89,216.0,104.0,1959-04-30,67.0,Texas,Center,Right,Texas Southern,2,,,,,c/cavenro01.html
791,Ahmad Caver,2021-22,2021-22,188.0,78.0,1996-09-12,29.0,Georgia,Shooting Guard,Right,Old Dominion,1,,,,,c/caverah01.html
792,Malcolm Cazalon,2023-24,2023-24,198.0,83.0,2001-08-27,24.0,France,Shooting Guard,Left,,1,,,,,c/cazalma01.html
793,Cedric Ceballos,1990-91,2000-01,201.0,99.0,1969-08-02,56.0,Hawaii,Small Forward,Right,Cal State Fullerton,11,1990.0,2.0,21.0,Phoenix Suns,c/cebalce01.html
794,John Celestand,1999-00,1999-00,193.0,80.0,1977-03-06,49.0,Texas,Point Guard,Right,Villanova,1,1999.0,2.0,1.0,Los Angeles Lakers,c/celesjo01.html
795,Al Cervi,1949-50,1952-53,180.0,77.0,1917-02-12,109.0,New York,Point Guard,Right,,4,,,,,c/cervial01.html
796,Lionel Chalmers,2004-05,2004-05,183.0,81.0,1980-11-10,45.0,New York,Point Guard,Right,Xavier,1,2004.0,2.0,4.0,Los Angeles Clippers,c/chalmli01.html
797,Mario Chalmers,2008-09,2017-18,188.0,86.0,1986-05-19,40.0,Alaska,Point Guard,Right,Kansas,9,2008.0,2.0,4.0,Minnesota Timberwolves,c/chalmma01.html
798,Bill Chamberlain,1973-74,1973-74,198.0,85.0,1949-12-16,76.0,New York,Small Forward,Right,UNC,1,1972.0,3.0,13.0,Golden State Warriors,c/chambbi01.html
799,Wilt Chamberlain,1959-60,1972-73,216.0,124.0,1936-08-21,89.0,Pennsylvania,Center,Right,Kansas,14,1959.0,1.0,3.0,Philadelphia Warriors,c/chambwi01.html
800,Jerry Chambers,1966-67,1971-72,196.0,83.0,1943-07-18,82.0,District of Columbia,Small Forward,Right,Trinidad State Junior College,4,1966.0,1.0,7.0,Los Angeles Lakers,c/chambje01.html
801,Tom Chambers,1981-82,1997-98,208.0,99.0,1959-06-21,67.0,Utah,Power Forward,Right,Utah,16,1981.0,1.0,8.0,San Diego Clippers,c/chambto01.html
802,Julian Champagnie,2022-23,2025-26,201.0,98.0,2001-06-29,25.0,New York,Small Forward,Right,St. John's,4,,,,,c/champju02.html
803,Justin Champagnie,2021-22,2025-26,198.0,93.0,2001-06-29,25.0,New York,Small Forward,Right,Pitt,5,,,,,c/champju01.html
804,Mike Champion,1988-89,1988-89,208.0,104.0,1964-04-05,62.0,Washington,Small Forward,Right,Gonzaga,1,,,,,c/champmi01.html
805,Kennedy Chandler,2022-23,2025-26,183.0,77.0,2002-09-16,23.0,Tennessee,Point Guard,Right,Tennessee,2,2022.0,2.0,8.0,San Antonio Spurs,c/chandke01.html
806,Tyson Chandler,2001-02,2019-20,213.0,106.0,1982-10-02,43.0,California,Center and Power Forward,Right,,19,2001.0,1.0,2.0,Los Angeles Clippers,c/chandty01.html
807,Wilson Chandler,2007-08,2019-20,203.0,106.0,1987-05-10,39.0,Michigan,"Small Forward, Power Forward, and Shooting Guard",Right,DePaul,12,2007.0,1.0,23.0,New York Knicks,c/chandwi01.html
808,Don Chaney,1968-69,1979-80,196.0,95.0,1946-03-22,80.0,Louisiana,Shooting Guard,Right,Houston,11,1968.0,1.0,12.0,Boston Celtics,c/chanedo01.html
809,John Chaney,1949-50,1949-50,190.0,83.0,1920-02-29,106.0,Louisiana,Forward/Center,Right,LSU,1,,,,,c/chanejo01.html
810,Rex Chapman,1988-89,1999-00,193.0,83.0,1967-10-05,58.0,Kentucky,Shooting Guard and Point Guard,Right,Kentucky,12,1988.0,1.0,8.0,Charlotte Hornets,c/chapmre01.html
812,Len Chappell,1962-63,1970-71,203.0,108.0,1941-01-31,85.0,Pennsylvania,"Power Forward, Center, and Small Forward",Right,Wake Forest,9,1962.0,1.0,5.0,Syracuse Nationals,c/chapple01.html
813,Ken Charles,1973-74,1977-78,190.0,81.0,1951-07-10,75.0,Trinidad and Tobago,Shooting Guard,Right,Fordham,5,1973.0,3.0,3.0,Buffalo Braves,c/charlke01.html
814,Lorenzo Charles,1985-86,1985-86,201.0,102.0,1963-11-25,62.0,New York,Small Forward,Right,NC State,1,1985.0,2.0,17.0,Atlanta Hawks,c/charllo01.html
815,Joe Chealey,2018-19,2019-20,193.0,86.0,1995-11-01,30.0,Florida,Point Guard,Right,College of Charleston,2,,,,,c/chealjo01.html
816,Calbert Cheaney,1993-94,2005-06,201.0,94.0,1971-07-17,54.0,Indiana,Shooting Guard and Small Forward,Left,Indiana,13,1993.0,1.0,6.0,Washington Bullets,c/cheanca01.html
817,Zylan Cheatham,2019-20,2021-22,196.0,99.0,1995-11-17,30.0,Arizona,Small Forward and Power Forward,Right,San Diego State,2,,,,,c/cheatzy01.html
818,Maurice Cheeks,1978-79,1992-93,185.0,81.0,1956-09-08,69.0,Illinois,Point Guard,Right,West Texas A&M University,15,1978.0,2.0,14.0,Philadelphia 76ers,c/cheekma01.html
819,Phil Chenier,1971-72,1980-81,190.0,81.0,1950-10-30,75.0,California,Shooting Guard,Right,California,10,,,,Baltimore Bullets,c/cheniph01.html
820,Will Cherry,2014-15,2014-15,183.0,83.0,1991-02-08,35.0,California,Point Guard,Right,Montana,1,,,,,c/cherrwi01.html
821,Derrick Chievous,1988-89,1990-91,201.0,88.0,1967-07-03,59.0,New York,Small Forward,Right,Missouri,3,1988.0,1.0,16.0,Houston Rockets,c/chievde01.html
822,Pete Chilcutt,1991-92,1999-00,208.0,104.0,1968-09-14,57.0,South Carolina,Power Forward,Right,UNC,9,1991.0,1.0,27.0,Sacramento Kings,c/chilcpe01.html
823,Josh Childress,2004-05,2013-14,203.0,95.0,1983-06-20,43.0,California,Small Forward and Shooting Guard,Right,Stanford,8,2004.0,1.0,6.0,Atlanta Hawks,c/childjo01.html
824,Randolph Childress,1995-96,1996-97,188.0,85.0,1972-09-21,53.0,District of Columbia,Point Guard,Right,Wake Forest,2,1995.0,1.0,19.0,Detroit Pistons,c/childra01.html
825,Chris Childs,1994-95,2002-03,190.0,88.0,1967-11-20,58.0,California,Point Guard,Right,Boise State,9,,,,,c/childch01.html
826,Chris Chiozza,2018-19,2021-22,180.0,81.0,1995-11-21,30.0,Tennessee,Point Guard,Right,Florida,4,,,,,c/chiozch01.html
827,Leroy Chollet,1949-50,1950-51,188.0,86.0,1925-03-05,101.0,Louisiana,Forward,Right,Canisius,2,,,,,c/chollle01.html
828,Ulrich Chomche,2024-25,2024-25,211.0,106.0,2005-12-30,20.0,Cameroon,Power Forward,Right,,1,2024.0,2.0,27.0,Memphis Grizzlies,c/chomcul01.html
829,Jim Chones,1974-75,1981-82,211.0,99.0,1949-11-30,76.0,Wisconsin,Center and Power Forward,Right,Marquette,8,1973.0,2.0,13.0,Los Angeles Lakers,c/choneji01.html
830,Marquese Chriss,2016-17,2021-22,206.0,108.0,1997-07-02,29.0,California,Power Forward,Right,Washington,6,2016.0,1.0,8.0,Sacramento Kings,c/chrisma01.html
831,Fred Christ,1954-55,1954-55,193.0,95.0,1930-08-06,95.0,New York,Guard,Right,Fordham,1,,,,,c/chrisfr01.html
832,Cal Christensen,1950-51,1954-55,196.0,95.0,1927-06-06,99.0,Ohio,Small Forward,Right,Toledo,5,1950.0,5.0,4.0,Tri-Cities Blackhawks,c/chrisca01.html
833,Bob Christian,1970-71,1973-74,208.0,115.0,1944-05-11,82.0,United States,Center,Right,Grambling State University,4,1969.0,8.0,10.0,Atlanta Hawks,c/chrisbo01.html
834,Cam Christie,2024-25,2025-26,196.0,86.0,2005-07-24,20.0,Illinois,Shooting Guard,Right,Minnesota,2,2024.0,2.0,16.0,Los Angeles Clippers,c/chrisca02.html
835,Doug Christie,1992-93,2006-07,198.0,90.0,1970-05-09,56.0,Washington,Shooting Guard and Small Forward,Right,Pepperdine,15,1992.0,1.0,17.0,Seattle SuperSonics,c/chrisdo01.html
836,Max Christie,2022-23,2025-26,196.0,86.0,2003-02-10,23.0,Illinois,Shooting Guard,Right,Michigan State,4,2022.0,2.0,5.0,Los Angeles Lakers,c/chrisma02.html
837,Dionte Christmas,2013-14,2013-14,196.0,92.0,1986-09-15,39.0,Pennsylvania,Small Forward,Right,Temple,1,,,,,c/chrisdi01.html
838,Rakeem Christmas,2015-16,2016-17,206.0,113.0,1991-12-01,34.0,New Jersey,Power Forward,Right,Syracuse,2,2015.0,2.0,6.0,Minnesota Timberwolves,c/chrisra01.html
839,Semaj Christon,2016-17,2016-17,190.0,86.0,1992-11-01,33.0,Ohio,Point Guard,Right,Xavier,1,2014.0,2.0,25.0,Miami Heat,c/chrisse01.html
840,Josh Christopher,2021-22,2024-25,193.0,97.0,2001-12-08,24.0,California,Shooting Guard,Right,Arizona State,3,2021.0,1.0,24.0,Houston Rockets,c/chrisjo01.html
841,Patrick Christopher,2014-15,2014-15,196.0,94.0,1988-06-03,38.0,California,Shooting Guard,Right,California,1,,,,,c/chrispa01.html
843,Robert Churchwell,1995-96,1995-96,198.0,88.0,1972-02-20,54.0,Indiana,Shooting Guard,Right,Georgetown,1,,,,,c/churcro01.html
844,Moussa Cisse,2025-26,2025-26,211.0,99.0,2002-09-10,23.0,Guinea,Center,Right,Oklahoma State,1,,,,,c/cissemo01.html
845,Sidy Cissoko,2023-24,2025-26,198.0,99.0,2004-04-02,22.0,France,Small Forward,Right,,3,2023.0,2.0,14.0,San Antonio Spurs,c/cissosi01.html
846,Archie Clark,1966-67,1975-76,188.0,79.0,1941-07-15,85.0,Arkansas,Point Guard and Shooting Guard,Right,Minnesota,10,1966.0,4.0,7.0,Los Angeles Lakers,c/clarkar01.html
847,Carlos Clark,1983-84,1984-85,193.0,95.0,1960-08-10,65.0,Tennessee,Shooting Guard,Right,Ole Miss,2,1983.0,4.0,21.0,Boston Celtics,c/clarkca01.html
849,Earl Clark,2009-10,2014-15,208.0,102.0,1988-01-17,38.0,New Jersey,Power Forward and Small Forward,Right,Louisville,6,2009.0,1.0,14.0,Phoenix Suns,c/clarkea01.html
850,Gary Clark,2018-19,2021-22,198.0,102.0,1994-11-16,31.0,North Carolina,Power Forward and Small Forward,Right,Cincinnati,4,,,,,c/clarkga01.html
851,Ian Clark,2013-14,2018-19,190.0,79.0,1991-03-07,35.0,Tennessee,Shooting Guard,Right,Belmont,6,,,,,c/clarkia01.html
852,Jaylen Clark,2024-25,2025-26,196.0,92.0,2001-10-13,24.0,California,Shooting Guard,Right,UCLA,2,2023.0,2.0,23.0,Minnesota Timberwolves,c/clarkja02.html
853,Keon Clark,1998-99,2003-04,211.0,99.0,1975-04-16,51.0,Illinois,Center and Power Forward,Left,Irvine Valley College,6,1998.0,1.0,13.0,Orlando Magic,c/clarkke01.html
854,Brandon Clarke,2019-20,2025-26,203.0,97.0,1996-09-19,29.0,British Columbia,Power Forward,Right,San Jose State,7,2019.0,1.0,21.0,Oklahoma City Thunder,c/clarkbr01.html
855,Coty Clarke,2015-16,2015-16,201.0,105.0,1992-07-04,34.0,Tennessee,Small Forward,Right,Arkansas,1,,,,,c/clarkco01.html
856,Jordan Clarkson,2014-15,2025-26,196.0,87.0,1992-06-07,34.0,Florida,Shooting Guard and Point Guard,Right,Tulsa,12,2014.0,2.0,16.0,Washington Wizards,c/clarkjo01.html
857,Gian Clavell,2017-18,2017-18,193.0,83.0,1993-11-26,32.0,Puerto Rico,Shooting Guard,Right,Colorado State,1,,,,,c/clavegi01.html
858,Victor Claver,2012-13,2014-15,206.0,101.0,1988-08-30,37.0,Spain,Small Forward,Right,,3,2009.0,1.0,22.0,Portland Trail Blazers,c/clavevi01.html
860,Charles Claxton,1995-96,1995-96,213.0,120.0,1970-12-13,55.0,U.S. Virgin Islands,Center,Right,Georgia,1,1994.0,2.0,23.0,Phoenix Suns,c/claxtch01.html
861,Nic Claxton,2019-20,2025-26,211.0,97.0,1999-04-17,27.0,South Carolina,Center,Left,Georgia,7,2019.0,2.0,1.0,Brooklyn Nets,c/claxtni01.html
862,Speedy Claxton,2001-02,2008-09,180.0,75.0,1978-05-08,48.0,New York,Point Guard,Right,Hofstra,7,2000.0,1.0,20.0,Philadelphia 76ers,c/claxtsp01.html
863,Walter Clayton,2025-26,2025-26,193.0,88.0,2003-03-06,23.0,Florida,Point Guard,Right,Iona College,1,2025.0,1.0,18.0,Washington Wizards,c/claytwa01.html
864,Jim Cleamons,1971-72,1979-80,190.0,83.0,1949-09-13,76.0,North Carolina,Point Guard,Left,Ohio State,9,1971.0,1.0,13.0,Los Angeles Lakers,c/cleamji01.html
865,Mateen Cleaves,2000-01,2005-06,188.0,92.0,1977-09-07,48.0,Michigan,Point Guard,Right,Michigan State,6,2000.0,1.0,14.0,Detroit Pistons,c/cleavma01.html
866,Barry Clemens,1965-66,1975-76,198.0,95.0,1943-05-01,83.0,Ohio,Small Forward,Right,Ohio Wesleyan University,11,1965.0,3.0,2.0,New York Knicks,c/clemeba01.html
867,Chris Clemons,2019-20,2019-20,175.0,81.0,1997-07-23,28.0,North Carolina,Shooting Guard,Right,Campbell,1,,,,,c/clemoch01.html
868,Antonius Cleveland,2017-18,2019-20,196.0,88.0,1994-02-02,32.0,Tennessee,Shooting Guard,Right,SE Missouri State,2,,,,,c/clevean01.html
869,Nique Clifford,2025-26,2025-26,196.0,79.0,2002-02-09,24.0,Colorado,Shooting Guard,Right,Colorado,1,2025.0,1.0,24.0,Oklahoma City Thunder,c/cliffni01.html
870,Nat Clifton,1950-51,1957-58,198.0,99.0,1922-10-13,103.0,Arkansas,Power Forward,Right,Xavier University of Louisiana,8,,,,,c/cliftna01.html
871,Donovan Clingan,2024-25,2025-26,218.0,127.0,2004-02-23,22.0,Connecticut,Center,Right,UConn,2,2024.0,1.0,7.0,Portland Trail Blazers,c/clingdo01.html
872,Bill Closs,1949-50,1951-52,196.0,88.0,1922-01-08,104.0,Texas,Small Forward,Right,Rice University,3,,,,,c/clossbi01.html
873,Keith Closs,1997-98,1999-00,221.0,96.0,1976-04-03,50.0,Connecticut,Center,Left,Central Connecticut State University,3,,,,,c/closske01.html
874,Noah Clowney,2023-24,2025-26,208.0,95.0,2004-07-14,22.0,South Carolina,Power Forward,Right,Alabama,3,2023.0,1.0,21.0,Brooklyn Nets,c/clownno01.html
875,Paul Cloyd,1949-50,1949-50,188.0,81.0,1920-06-13,106.0,Wisconsin,Guard/Forward,Right,Wisconsin,1,1947.0,8.0,,Washington Capitols,c/cloydpa01.html
877,Ben Clyde,1974-75,1974-75,201.0,89.0,1952-06-10,74.0,Georgia,Small Forward,Right,Florida State,1,1974.0,5.0,17.0,Boston Celtics,c/clydebe01.html
878,Amir Coffey,2019-20,2025-26,201.0,95.0,1997-06-17,29.0,Minnesota,Shooting Guard and Small Forward,Left,Minnesota,7,,,,,c/coffeam01.html
879,Richard Coffey,1990-91,1990-91,198.0,96.0,1965-09-02,60.0,North Carolina,Small Forward,Right,Minnesota,1,,,,,c/cofferi01.html
880,Fred Cofield,1985-86,1986-87,190.0,86.0,1962-01-04,64.0,Michigan,Point Guard,Right,Oregon,2,1985.0,4.0,3.0,New York Knicks,c/cofiefr01.html
881,John Coker,1995-96,2000-01,213.0,114.0,1971-10-28,54.0,Washington,Center,Right,Boise State,3,,,,,c/cokerjo01.html
882,Norris Cole,2011-12,2016-17,188.0,79.0,1988-10-13,37.0,Ohio,Point Guard,Right,Cleveland State University,6,2011.0,1.0,28.0,Chicago Bulls,c/coleno01.html
883,Ben Coleman,1986-87,1993-94,206.0,106.0,1961-11-14,64.0,Minnesota,Power Forward and Center,Right,Minnesota,5,1984.0,2.0,13.0,Chicago Bulls,c/colembe01.html
884,Derrick Coleman,1990-91,2004-05,208.0,104.0,1967-06-21,59.0,Alabama,Power Forward and Center,Left,Syracuse,15,1990.0,1.0,1.0,New Jersey Nets,c/colemde01.html
885,E.C. Coleman,1973-74,1978-79,203.0,102.0,1950-09-25,75.0,Mississippi,Power Forward,Right,Houston Baptist University,6,1973.0,3.0,16.0,Houston Rockets,c/colemec01.html
886,Jack Coleman,1949-50,1957-58,201.0,88.0,1924-05-23,102.0,Kentucky,Power Forward,Right,Louisville,9,1948.0,3.0,12.0,Providence Steamrollers,c/colemja01.html
887,Norris Coleman,1987-88,1987-88,203.0,95.0,1961-09-27,64.0,Florida,Small Forward,Right,Kansas State,1,1987.0,2.0,15.0,Los Angeles Clippers,c/colemno01.html
888,Bimbo Coles,1990-91,2003-04,183.0,82.0,1968-04-22,58.0,Virginia,Point Guard,Right,Virginia Tech,14,1990.0,2.0,13.0,Sacramento Kings,c/colesbi01.html
889,Isaiah Collier,2024-25,2025-26,193.0,95.0,2004-10-08,21.0,Georgia,Point Guard,Right,USC,2,2024.0,1.0,29.0,Utah Jazz,c/colliis01.html
890,Jason Collier,2000-01,2004-05,213.0,117.0,1977-09-08,48.0,Ohio,Center,Left,Indiana,5,2000.0,1.0,15.0,Milwaukee Bucks,c/collija02.html
891,Art Collins,1980-81,1980-81,193.0,83.0,1954-04-14,72.0,Georgia,Shooting Guard,Right,St. Thomas University,1,1976.0,6.0,17.0,Boston Celtics,c/colliar01.html
892,Don Collins,1980-81,1986-87,198.0,86.0,1958-11-28,67.0,Ohio,Small Forward and Shooting Guard,Right,Washington State,6,1980.0,1.0,18.0,Atlanta Hawks,c/collido02.html
893,Doug Collins,1973-74,1980-81,198.0,81.0,1951-07-28,74.0,Illinois,Shooting Guard,Right,Illinois State,8,1973.0,1.0,1.0,Philadelphia 76ers,c/collido01.html
894,James Collins,1997-98,1997-98,193.0,88.0,1973-11-05,52.0,Florida,Shooting Guard,Right,Florida State,1,1997.0,2.0,8.0,Philadelphia 76ers,c/collija01.html
895,Jarron Collins,2001-02,2010-11,211.0,115.0,1978-12-02,47.0,California,Center,Right,Stanford,10,2001.0,2.0,24.0,Utah Jazz,c/collija03.html
896,Jason Collins,2001-02,2013-14,213.0,115.0,1978-12-02,47.0,California,Center and Power Forward,Right,Stanford,13,2001.0,1.0,18.0,Houston Rockets,c/collija04.html
897,Jimmy Collins,1970-71,1971-72,188.0,79.0,1946-11-24,79.0,New York,Shooting Guard,Right,New Mexico State,2,1970.0,1.0,11.0,Chicago Bulls,c/colliji01.html
898,John Collins,2017-18,2025-26,206.0,102.0,1997-09-23,28.0,Utah,Power Forward,Right,Wake Forest,9,2017.0,1.0,19.0,Atlanta Hawks,c/collijo01.html
899,Mardy Collins,2006-07,2009-10,198.0,99.0,1984-08-04,41.0,Pennsylvania,"Shooting Guard, Point Guard, and Small Forward",Right,Temple,4,2006.0,1.0,29.0,New York Knicks,c/collima01.html
900,Sherron Collins,2010-11,2010-11,180.0,92.0,1987-03-18,39.0,Illinois,Point Guard,Right,Kansas,1,,,,,c/collish01.html
901,Yuri Collins,2024-25,2024-25,183.0,86.0,2001-03-07,25.0,Missouri,Point Guard,Right,Saint Louis,1,,,,,c/colliyu01.html
902,Zach Collins,2017-18,2025-26,206.0,113.0,1997-11-19,28.0,Nevada,Center and Power Forward,Right,Gonzaga,8,2017.0,1.0,10.0,Sacramento Kings,c/colliza01.html
903,Kyle Collinsworth,2017-18,2017-18,198.0,95.0,1991-10-03,34.0,Utah,Small Forward,Right,BYU,1,,,,,c/colliky01.html
904,Darren Collison,2009-10,2021-22,183.0,79.0,1987-08-23,38.0,California,Point Guard,Right,UCLA,11,2009.0,1.0,21.0,New Orleans Hornets,c/collida01.html
905,Nick Collison,2004-05,2017-18,208.0,115.0,1980-10-26,45.0,Iowa,Power Forward and Center,Right,Kansas,14,2003.0,1.0,12.0,Seattle SuperSonics,c/collini01.html
907,Bonzie Colson,2018-19,2018-19,198.0,102.0,1996-01-12,30.0,District of Columbia,Small Forward,Right,Notre Dame,1,,,,,c/colsobo01.html
908,Sean Colson,2000-01,2000-01,183.0,79.0,1975-07-01,51.0,Pennsylvania,Point Guard,Right,Rhode Island,1,,,,,c/colsose01.html
909,Steve Colter,1984-85,1994-95,190.0,74.0,1962-07-24,63.0,Arizona,Point Guard,Right,New Mexico State,8,1984.0,2.0,9.0,Portland Trail Blazers,c/coltest01.html
910,Chance Comanche,2022-23,2022-23,208.0,95.0,1996-04-14,30.0,California,Center,Right,Arizona,1,,,,,c/comanch01.html
912,Leroy Combs,1983-84,1983-84,203.0,95.0,1961-01-01,65.0,Oklahoma,Small Forward,Right,Oklahoma State,1,1983.0,2.0,2.0,Indiana Pacers,c/combsle01.html
914,Dallas Comegys,1987-88,1988-89,206.0,92.0,1964-08-17,61.0,Pennsylvania,Power Forward,Right,DePaul,2,1987.0,1.0,21.0,Atlanta Hawks,c/comegda01.html
915,Larry Comley,1963-64,1963-64,196.0,95.0,1939-08-17,86.0,Kansas,Guard,Right,Kansas State,1,1961.0,10.0,8.0,Chicago Packers,c/comlela01.html
917,Gene Conley,1952-53,1963-64,203.0,102.0,1930-11-10,95.0,Oklahoma,Power Forward,Right,Washington State,6,1952.0,10.0,,Boston Celtics,c/conlege01.html
919,Mike Conley,2007-08,2025-26,185.0,79.0,1987-10-11,38.0,Arkansas,Point Guard,Left,Ohio State,19,2007.0,1.0,4.0,Memphis Grizzlies,c/conlemi01.html
920,Ed Conlin,1955-56,1961-62,196.0,90.0,1933-09-02,92.0,New York,Shooting Guard and Small Forward,Right,Fordham,7,1955.0,1.0,7.0,Syracuse Nationals,c/conlied01.html
921,Marty Conlon,1991-92,1999-00,208.0,101.0,1968-01-19,58.0,New York,Center,Right,Providence,9,,,,,c/conloma01.html
922,Pat Connaughton,2015-16,2025-26,196.0,94.0,1993-01-06,33.0,Massachusetts,Shooting Guard and Small Forward,Right,Notre Dame,11,2015.0,2.0,11.0,Brooklyn Nets,c/connapa01.html
924,Lester Conner,1982-83,1994-95,193.0,81.0,1959-09-17,66.0,Tennessee,Point Guard and Shooting Guard,Right,Oregon State,12,1982.0,1.0,14.0,Golden State Warriors,c/connele01.html
926,Will Conroy,2006-07,2012-13,188.0,88.0,1982-12-08,43.0,Oregon,Point Guard and Shooting Guard,Right,Washington,3,,,,,c/conrowi01.html
927,Anthony Cook,1990-91,1995-96,206.0,92.0,1967-03-19,59.0,California,Power Forward,Right,Arizona,4,1989.0,1.0,24.0,Phoenix Suns,c/cookan01.html
928,Bert Cook,1954-55,1954-55,190.0,83.0,1929-04-26,97.0,Utah,Shooting Guard,Right,Utah State University,1,1952.0,2.0,,New York Knicks,c/cookbe01.html
929,Bobby Cook,1949-50,1949-50,178.0,70.0,1923-04-01,103.0,Illinois,Guard/Forward,Right,Wisconsin,1,1948.0,2.0,,Fort Wayne Pistons,c/cookbo01.html
930,Brian Cook,2003-04,2011-12,206.0,106.0,1980-12-04,45.0,Illinois,Power Forward and Center,Right,Illinois,9,2003.0,1.0,24.0,Los Angeles Lakers,c/cookbr01.html
931,Daequan Cook,2007-08,2012-13,196.0,92.0,1987-04-28,39.0,Ohio,Shooting Guard and Small Forward,Right,Ohio State,6,2007.0,1.0,21.0,Philadelphia 76ers,c/cookda02.html
932,Darwin Cook,1980-81,1988-89,190.0,83.0,1958-08-06,67.0,California,Point Guard and Shooting Guard,Right,University of Portland,8,1980.0,4.0,1.0,Detroit Pistons,c/cookda01.html
933,Jeff Cook,1979-80,1987-88,208.0,97.0,1956-10-21,69.0,California,"Power Forward, Center, and Small Forward",Right,Idaho State University,8,1978.0,3.0,5.0,Kansas City Kings,c/cookje01.html
934,Norm Cook,1976-77,1977-78,203.0,95.0,1955-03-21,71.0,Illinois,Small Forward,Right,Kansas,2,1976.0,1.0,16.0,Boston Celtics,c/cookno01.html
935,Omar Cook,2003-04,2004-05,185.0,86.0,1982-01-28,44.0,New York,Point Guard,Right,St. John's,2,2001.0,2.0,3.0,Orlando Magic,c/cookom01.html
936,Quinn Cook,2016-17,2020-21,185.0,81.0,1993-03-23,33.0,District of Columbia,Point Guard,Right,Duke,5,,,,,c/cookqu01.html
937,Tyler Cook,2019-20,2021-22,203.0,115.0,1997-09-23,28.0,Missouri,Power Forward and Small Forward,Right,Iowa,3,,,,,c/cookty01.html
938,Charles Cooke,2017-18,2017-18,196.0,88.0,1994-07-01,32.0,New Jersey,Shooting Guard,Right,Dayton,1,,,,,c/cookech01.html
939,David Cooke,1985-86,1985-86,203.0,104.0,1963-09-27,62.0,California,Power Forward,Right,Saint Mary's,1,,,,,c/cookeda01.html
940,Javonte Cooke,2025-26,2025-26,198.0,83.0,1999-07-11,27.0,South Carolina,Shooting Guard,Right,University of South Carolina Aiken,1,,,,,c/cookeja01.html
941,Joe Cooke,1970-71,1970-71,190.0,79.0,1948-08-14,77.0,United States,Shooting Guard,Right,Indiana,1,1970.0,6.0,9.0,Cleveland Cavaliers,c/cookejo01.html
942,Xavier Cooks,2022-23,2022-23,203.0,83.0,1995-08-19,30.0,Australia,Power Forward,Right,Winthrop University,1,,,,,c/cooksxa01.html
943,Jack Cooley,2014-15,2017-18,208.0,124.0,1991-04-12,35.0,Illinois,Power Forward and Center,Right,Notre Dame,2,,,,,c/cooleja01.html
944,Chuck Cooper,1950-51,1955-56,196.0,95.0,1926-09-29,99.0,Pennsylvania,Small Forward and Power Forward,Right,Duquesne,6,1950.0,2.0,1.0,Boston Celtics,c/coopech01.html
945,Duane Cooper,1992-93,1993-94,185.0,83.0,1969-06-25,57.0,Michigan,Point Guard,Right,USC,2,1992.0,2.0,9.0,Los Angeles Lakers,c/coopedu01.html
946,Joe Cooper,1981-82,1984-85,208.0,104.0,1957-09-01,68.0,Texas,Center,Right,Howard College,3,1981.0,5.0,3.0,New Jersey Nets,c/coopejo01.html
947,Michael Cooper,1978-79,1989-90,201.0,77.0,1956-04-15,70.0,California,Shooting Guard,Right,New Mexico,12,1978.0,3.0,16.0,Los Angeles Lakers,c/coopemi01.html
948,Sharife Cooper,2021-22,2025-26,183.0,79.0,2001-06-11,25.0,New Jersey,Point Guard,Right,Auburn,2,2021.0,2.0,18.0,Atlanta Hawks,c/coopesh01.html
949,Wayne Cooper,1978-79,1991-92,208.0,99.0,1956-11-16,69.0,Georgia,Center and Power Forward,Right,New Orleans,14,1978.0,2.0,18.0,Golden State Warriors,c/coopewa01.html
950,Tom Copa,1991-92,1991-92,208.0,124.0,1964-10-30,61.0,Minnesota,Center,Right,Marquette,1,,,,,c/copato01.html
951,Chris Copeland,2012-13,2015-16,206.0,108.0,1984-03-17,42.0,New Jersey,Small Forward and Power Forward,Right,Colorado,4,,,,,c/copelch01.html
952,Hollis Copeland,1979-80,1981-82,198.0,81.0,1955-12-20,70.0,New Jersey,Small Forward,Right,Rutgers University,2,1978.0,3.0,2.0,Denver Nuggets,c/copelho01.html
953,Lanard Copeland,1989-90,1991-92,198.0,86.0,1965-07-16,61.0,Georgia,Shooting Guard,Right,Georgia State University,2,,,,,c/copella01.html
954,Tyrone Corbin,1985-86,2000-01,198.0,95.0,1962-12-31,63.0,South Carolina,Small Forward,Right,DePaul,16,1985.0,2.0,11.0,San Antonio Spurs,c/corbity01.html
955,Chris Corchiani,1991-92,1993-94,183.0,83.0,1968-03-28,58.0,Florida,Point Guard,Right,NC State,3,1991.0,2.0,9.0,Orlando Magic,c/corchch01.html
957,Ray Corley,1949-50,1952-53,183.0,81.0,1928-01-14,98.0,New York,Guard,Right,Georgetown,3,1949.0,5.0,,Providence Steamrollers,c/corlera01.html
958,Petr Cornelie,2021-22,2021-22,211.0,99.0,1995-07-26,30.0,France,Power Forward,Right,,1,2016.0,2.0,23.0,Denver Nuggets,c/cornepe01.html
959,Dave Corzine,1978-79,1990-91,211.0,113.0,1956-04-25,70.0,Illinois,Center,Right,DePaul,13,1978.0,1.0,18.0,Washington Bullets,c/corzida01.html
960,Larry Costello,1954-55,1967-68,185.0,84.0,1931-07-02,95.0,New York,Point Guard,Right,Niagara University,12,1954.0,2.0,3.0,Philadelphia Warriors,c/costela01.html
961,Matt Costello,2017-18,2017-18,208.0,108.0,1993-08-05,32.0,Michigan,Center,Right,Michigan State,1,,,,,c/costema01.html
962,Bryce Cotton,2014-15,2015-16,185.0,74.0,1992-08-11,33.0,Arizona,Point Guard,Right,Providence,2,,,,,c/cottobr01.html
963,Jack Cotton,1949-50,1949-50,201.0,90.0,1924-10-25,101.0,Montana,Forward/Center,Right,Wyoming,1,,,,,c/cottoja01.html
964,James Cotton,1997-98,1998-99,196.0,99.0,1975-12-14,50.0,California,Shooting Guard,Left,Cal State Long Beach,2,1997.0,2.0,4.0,Denver Nuggets,c/cottoja02.html
965,John Coughran,1979-80,1979-80,201.0,102.0,1951-09-12,74.0,California,Small Forward,Right,California,1,1973.0,5.0,5.0,Cleveland Cavaliers,c/coughjo01.html
966,Bilal Coulibaly,2023-24,2025-26,201.0,88.0,2004-07-26,21.0,France,Small Forward and Shooting Guard,Right,,3,2023.0,1.0,7.0,Indiana Pacers,c/coulibi01.html
967,Ricky Council IV,2023-24,2024-25,198.0,93.0,2001-08-03,24.0,North Carolina,Shooting Guard and Small Forward,Right,Wichita State,2,,,,,c/councri01.html
968,Mel Counts,1964-65,1975-76,213.0,104.0,1941-10-16,84.0,Oregon,Center and Power Forward,Right,Oregon State,12,1964.0,1.0,9.0,Boston Celtics,c/countme01.html
969,Steve Courtin,1964-65,1964-65,185.0,85.0,1942-09-21,83.0,Pennsylvania,Shooting Guard,Right,Saint Joseph's,1,1964.0,3.0,8.0,Cincinnati Royals,c/courtst01.html
970,Joe Courtney,1992-93,1996-97,203.0,106.0,1969-10-17,56.0,Mississippi,Power Forward,Right,Mississippi State,4,,,,,c/courtjo01.html
971,Marcus Cousin,2010-11,2010-11,211.0,111.0,1986-12-18,39.0,Maryland,Center,Right,Seton Hall,1,,,,,c/cousima01.html
972,DeMarcus Cousins,2010-11,2021-22,208.0,122.0,1990-08-13,35.0,Alabama,Center,Right,Kentucky,11,2010.0,1.0,5.0,Sacramento Kings,c/couside01.html
973,Bob Cousy,1950-51,1969-70,185.0,79.0,1928-08-09,97.0,New York,Point Guard,Right,Holy Cross,14,1950.0,1.0,4.0,Tri-Cities Blackhawks,c/cousybo01.html
974,Robert Covington,2013-14,2023-24,201.0,94.0,1990-12-14,35.0,Illinois,"Small Forward, Power Forward, and Center",Right,Tennessee State,11,,,,,c/covinro01.html
975,Cedric Coward,2025-26,2025-26,196.0,93.0,2003-09-11,22.0,California,Shooting Guard,Right,Willamette University,1,2025.0,1.0,11.0,Portland Trail Blazers,c/cowarce01.html
976,Dave Cowens,1970-71,1982-83,206.0,104.0,1948-10-25,77.0,Kentucky,Center and Power Forward,Left,Florida State,11,1970.0,1.0,4.0,Boston Celtics,c/cowenda01.html
977,Chubby Cox,1982-83,1982-83,188.0,81.0,1955-12-29,70.0,Pennsylvania,Shooting Guard,Right,Villanova,1,1978.0,8.0,7.0,Chicago Bulls,c/coxch01.html
978,Johnny Cox,1962-63,1962-63,193.0,81.0,1936-11-01,89.0,Kentucky,Shooting Guard,Right,Kentucky,1,1958.0,4.0,4.0,New York Knicks,c/coxjo01.html
979,Wesley Cox,1977-78,1978-79,198.0,97.0,1955-01-27,71.0,Kentucky,Small Forward,Right,Louisville,2,1977.0,1.0,18.0,Golden State Warriors,c/coxwe01.html
980,Allen Crabbe,2013-14,2019-20,196.0,96.0,1992-04-09,34.0,California,Shooting Guard and Small Forward,Right,California,7,2013.0,2.0,1.0,Cleveland Cavaliers,c/crabbal01.html
981,Torrey Craig,2017-18,2024-25,196.0,100.0,1990-12-19,35.0,South Carolina,Small Forward and Power Forward,Right,USC Upstate,8,,,,,c/craigto01.html
982,Chris Crawford,1997-98,2003-04,206.0,106.0,1975-05-13,51.0,Michigan,Power Forward,Right,Marquette,7,1997.0,2.0,22.0,Atlanta Hawks,c/crawfch01.html
983,Freddie Crawford,1966-67,1970-71,193.0,85.0,1941-12-23,84.0,New York,Shooting Guard,Right,St. Bonaventure,5,1963.0,8.0,1.0,New York Knicks,c/crawffr01.html
984,Isaiah Crawford,2024-25,2025-26,198.0,99.0,2001-11-01,24.0,Texas,Small Forward,Right,Louisiana Tech,2,,,,,c/crawfis01.html
985,Jamal Crawford,2000-01,2019-20,196.0,83.0,1980-03-20,46.0,Washington,Shooting Guard and Point Guard,Right,Michigan,20,2000.0,1.0,8.0,Cleveland Cavaliers,c/crawfja01.html
986,Joe Crawford,2008-09,2008-09,196.0,95.0,1986-06-17,40.0,Michigan,Small Forward,Right,Kentucky,1,2008.0,2.0,28.0,Los Angeles Lakers,c/crawfjo01.html
987,Jordan Crawford,2010-11,2017-18,193.0,88.0,1988-10-23,37.0,Michigan,Shooting Guard and Point Guard,Right,Indiana,6,2010.0,1.0,27.0,New Jersey Nets,c/crawfjo02.html
988,Mitch Creek,2018-19,2018-19,198.0,102.0,1992-04-27,34.0,Australia,Small Forward,Right,,1,,,,,c/creekmi01.html
989,Jim Creighton,1975-76,1975-76,203.0,90.0,1950-04-18,76.0,Montana,Small Forward,Right,Colorado,1,1972.0,3.0,10.0,Seattle SuperSonics,c/creigji01.html
990,Ron Crevier,1985-86,1985-86,213.0,106.0,1958-04-14,68.0,Quebec,Center,Right,Boston College,1,1983.0,4.0,5.0,Chicago Bulls,c/creviro01.html
992,Joe Crispin,2001-02,2001-02,183.0,83.0,1979-07-18,46.0,New Jersey,Point Guard,Right,Penn State,1,,,,,c/crispjo01.html
993,Charlie Criss,1977-78,1984-85,173.0,74.0,1948-11-06,77.0,New York,Point Guard,Right,New Mexico State,8,,,,,c/crissch01.html
995,Winston Crite,1987-88,1988-89,201.0,105.0,1965-06-20,61.0,California,Small Forward,Right,Texas A&M,2,1987.0,3.0,7.0,Phoenix Suns,c/critewi01.html
996,Javaris Crittenton,2007-08,2008-09,196.0,90.0,1987-12-31,38.0,Georgia,Shooting Guard and Point Guard,Right,Georgia Tech,2,2007.0,1.0,19.0,Los Angeles Lakers,c/crittja01.html
997,Dillard Crocker,1949-50,1952-53,193.0,92.0,1925-01-19,101.0,Tennessee,Power Forward,Right,Western Michigan,3,,,,,c/crockdi01.html
999,Geoff Crompton,1978-79,1983-84,211.0,127.0,1955-07-04,71.0,North Carolina,Center,Right,UNC,5,1978.0,4.0,4.0,Kansas City Kings,c/crompge01.html
1000,Terry Crosby,1979-80,1979-80,193.0,88.0,1957-01-04,69.0,Ohio,Point Guard,Right,Tennessee,1,1979.0,3.0,18.0,Kansas City Kings,c/crosbte01.html
1001,Austin Croshere,1997-98,2008-09,206.0,106.0,1975-05-01,51.0,California,Power Forward,Right,Providence,12,1997.0,1.0,12.0,Indiana Pacers,c/croshau01.html
1002,Jeff Cross,1985-86,1985-86,208.0,108.0,1961-09-01,64.0,Illinois,Power Forward,Right,University of Maine,1,1984.0,3.0,14.0,Dallas Mavericks,c/crossje01.html
1003,Pete Cross,1970-71,1972-73,206.0,104.0,1948-03-28,78.0,Germany,Center,Right,San Francisco,3,1970.0,2.0,6.0,Seattle SuperSonics,c/crosspe01.html
1004,Russell Cross,1983-84,1983-84,208.0,97.0,1961-09-05,64.0,Illinois,Center,Right,Purdue,1,1983.0,1.0,6.0,Golden State Warriors,c/crossru01.html
1005,Chink Crossin,1949-50,1949-50,185.0,74.0,1923-07-04,103.0,Pennsylvania,Guard,Right,Penn,1,1947.0,1.0,6.0,Philadelphia Warriors,c/crossch01.html
1006,John Crotty,1992-93,2002-03,185.0,83.0,1969-07-15,57.0,New Jersey,Point Guard,Left,Virginia,11,,,,,c/crottjo01.html
1008,Mark Crow,1977-78,1977-78,201.0,95.0,1954-10-22,71.0,California,Small Forward,Right,Duke,1,1977.0,6.0,1.0,New Jersey Nets,c/crowma01.html
1009,Corey Crowder,1991-92,1994-95,196.0,97.0,1969-04-13,57.0,Georgia,Small Forward,Right,Kentucky Wesleyan College,2,,,,,c/crowdco01.html
1010,Jae Crowder,2012-13,2024-25,198.0,106.0,1990-07-06,36.0,Georgia,Small Forward and Power Forward,Right,Marquette,13,2012.0,2.0,4.0,Cleveland Cavaliers,c/crowdja01.html
1011,Jalen Crutcher,2023-24,2023-24,185.0,79.0,1999-07-18,26.0,Tennessee,Point Guard,Right,Dayton,1,,,,,c/crutcja01.html
1012,LJ Cryer,2025-26,2025-26,185.0,91.0,2001-10-09,24.0,Louisiana,Point Guard,Right,Baylor,1,,,,,c/cryerlj01.html
1014,Cui Yongxi,2024-25,2024-25,196.0,86.0,2003-05-28,23.0,China,Shooting Guard,Right,,1,,,,,c/cuiyo01.html
1015,Jarrett Culver,2019-20,2022-23,198.0,88.0,1999-02-20,27.0,Texas,Shooting Guard and Small Forward,Right,Texas Tech,4,2019.0,1.0,6.0,Phoenix Suns,c/culveja01.html
1016,Jarron Cumberland,2021-22,2021-22,196.0,92.0,1997-09-22,28.0,Ohio,Shooting Guard,Right,Cincinnati,1,,,,,c/cumbeja01.html
1017,Pat Cummings,1979-80,1990-91,206.0,104.0,1956-07-11,70.0,Pennsylvania,Power Forward and Center,Right,Cincinnati,12,1978.0,3.0,15.0,Milwaukee Bucks,c/cummipa01.html
1018,Terry Cummings,1982-83,1999-00,206.0,99.0,1961-03-15,65.0,Illinois,Power Forward and Small Forward,Right,DePaul,18,1982.0,1.0,2.0,San Diego Clippers,c/cummite01.html
1019,Vonteego Cummings,1999-00,2001-02,190.0,83.0,1976-02-29,50.0,Georgia,Point Guard,Right,Pitt,3,1999.0,1.0,26.0,Indiana Pacers,c/cummivo01.html
1020,Billy Cunningham,1965-66,1975-76,198.0,95.0,1943-06-03,83.0,New York,Small Forward and Power Forward,Left,UNC,9,1965.0,1.0,7.0,Philadelphia 76ers,c/cunnibi01.html
1021,Cade Cunningham,2021-22,2025-26,198.0,99.0,2001-09-25,24.0,Texas,Point Guard and Shooting Guard,Right,Oklahoma State,5,2021.0,1.0,1.0,Detroit Pistons,c/cunnica01.html
1022,Dante Cunningham,2009-10,2018-19,203.0,104.0,1987-04-22,39.0,Maryland,Power Forward and Small Forward,Right,Villanova,10,2009.0,2.0,3.0,Portland Trail Blazers,c/cunnida01.html
1023,Dick Cunningham,1968-69,1974-75,208.0,111.0,1946-07-11,80.0,Ohio,Center,Right,Murray State,7,1968.0,2.0,7.0,Phoenix Suns,c/cunnidi01.html
1024,Jared Cunningham,2012-13,2015-16,193.0,88.0,1991-05-22,35.0,California,Shooting Guard,Right,Oregon State,4,2012.0,1.0,24.0,Cleveland Cavaliers,c/cunnija01.html
1025,William Cunningham,1997-98,1998-99,211.0,113.0,1974-03-25,52.0,Georgia,Center,Right,Temple,2,,,,,c/cunniwi01.html
1026,Radisav Ćurčić,1992-93,1992-93,208.0,124.0,1965-09-26,60.0,Serbia,Center,Right,,1,,,,,c/curcira01.html
1028,Earl Cureton,1980-81,1996-97,206.0,95.0,1957-09-03,68.0,Michigan,Center and Power Forward,Right,Robert Morris University (PA),12,1979.0,3.0,14.0,Philadelphia 76ers,c/curetea01.html
1029,Bill Curley,1994-95,2000-01,206.0,99.0,1972-05-29,54.0,Massachusetts,Power Forward and Small Forward,Right,Boston College,5,1994.0,1.0,22.0,San Antonio Spurs,c/curlebi01.html
1030,Fran Curran,1949-50,1949-50,183.0,79.0,1922-09-09,103.0,Illinois,Guard,Right,Notre Dame,1,,,,,c/currafr01.html
1031,Dell Curry,1986-87,2001-02,193.0,86.0,1964-06-25,62.0,Virginia,Shooting Guard,Right,Virginia Tech,16,1986.0,1.0,15.0,Utah Jazz,c/curryde01.html
1032,Eddy Curry,2001-02,2012-13,213.0,133.0,1982-12-05,43.0,Illinois,Center and Power Forward,Right,,11,2001.0,1.0,4.0,Chicago Bulls,c/curryed01.html
1033,JamesOn Curry,2009-10,2009-10,190.0,86.0,1986-01-07,40.0,North Carolina,Point Guard,Right,Oklahoma State,1,2007.0,2.0,21.0,Chicago Bulls,c/curryja01.html
1034,Michael Curry,1993-94,2004-05,196.0,95.0,1968-08-22,57.0,Alabama,Shooting Guard and Small Forward,Right,Georgia Southern University,11,,,,,c/currymi01.html
1035,Seth Curry,2013-14,2025-26,185.0,83.0,1990-08-23,35.0,North Carolina,Shooting Guard and Point Guard,Right,Liberty,12,,,,,c/curryse01.html
1036,Stephen Curry,2009-10,2025-26,188.0,83.0,1988-03-14,38.0,Ohio,Point Guard,Right,Davidson,17,2009.0,1.0,7.0,Golden State Warriors,c/curryst01.html
1037,Rastko Cvetković,1995-96,1995-96,216.0,117.0,1970-06-22,56.0,Serbia,Center,Right,,1,,,,,c/cvetkra01.html
1038,Mike D'Antoni,1973-74,1976-77,190.0,83.0,1951-05-08,75.0,West Virginia,Shooting Guard,Right,Marshall,4,1973.0,2.0,2.0,Kansas City-Omaha Kings,d/dantomi01.html
1039,Tristan Da Silva,2024-25,2025-26,203.0,98.0,2001-05-15,25.0,Germany,Small Forward,Right,Colorado,2,2024.0,1.0,18.0,Orlando Magic,d/dasiltr01.html
1041,Pacôme Dadiet,2024-25,2025-26,206.0,95.0,2005-07-27,20.0,France,Shooting Guard,Right,,2,2024.0,1.0,25.0,New York Knicks,d/dadiepa01.html
1042,Ed Dahler,1951-52,1951-52,196.0,86.0,1926-01-31,100.0,Illinois,Forward,Left,Duquesne,1,1950.0,2.0,3.0,Philadelphia Warriors,d/dahleed01.html
1043,Quintin Dailey,1982-83,1991-92,190.0,81.0,1961-01-22,65.0,Maryland,Shooting Guard,Right,San Francisco,10,1982.0,1.0,7.0,Chicago Bulls,d/dailequ01.html
1044,Samuel Dalembert,2001-02,2014-15,211.0,115.0,1981-05-10,45.0,Haiti,Center,Right,Seton Hall,13,2001.0,1.0,26.0,Philadelphia 76ers,d/dalemsa01.html
1046,Erick Dampier,1996-97,2011-12,211.0,120.0,1975-07-14,51.0,Mississippi,Center,Right,Mississippi State,16,1996.0,1.0,10.0,Indiana Pacers,d/dampier01.html
1047,Louie Dampier,1976-77,1978-79,183.0,77.0,1944-11-20,81.0,Indiana,Point Guard,Right,Kentucky,3,1967.0,4.0,7.0,Cincinnati Royals,d/dampilo01.html
1048,Bob Dandridge,1969-70,1981-82,198.0,88.0,1947-11-15,78.0,Virginia,Small Forward,Right,Norfolk State,13,1969.0,4.0,2.0,Milwaukee Bucks,d/dandrbo01.html
1049,Antonio Daniels,1997-98,2010-11,193.0,88.0,1975-03-19,51.0,Ohio,Point Guard and Shooting Guard,Right,Bowling Green,13,1997.0,1.0,4.0,Vancouver Grizzlies,d/daniean01.html
1050,Dyson Daniels,2022-23,2025-26,201.0,90.0,2003-03-17,23.0,Australia,Point Guard and Shooting Guard,Right,,4,2022.0,1.0,8.0,New Orleans Pelicans,d/daniedy01.html
1051,Erik Daniels,2004-05,2004-05,203.0,97.0,1982-04-01,44.0,Ohio,Small Forward,Left,Kentucky,1,,,,,d/danieer01.html
1052,Lloyd Daniels,1992-93,1997-98,201.0,92.0,1967-09-04,58.0,New York,Shooting Guard,Right,Mount San Antonio College,5,,,,,d/daniell01.html
1053,Marquis Daniels,2003-04,2012-13,198.0,90.0,1981-01-07,45.0,Florida,Shooting Guard and Small Forward,Right,Auburn,10,,,,,d/daniema01.html
1054,Mel Daniels,1976-77,1976-77,206.0,99.0,1944-07-20,81.0,Michigan,Center,Right,"Southeastern Iowa Community College, West Burlington Campus",1,1967.0,1.0,9.0,Cincinnati Royals,d/danieme01.html
1055,Troy Daniels,2013-14,2019-20,193.0,90.0,1991-07-15,35.0,Virginia,Shooting Guard,Right,VCU,7,,,,,d/danietr01.html
1056,Sasha Danilović,1995-96,1996-97,196.0,90.0,1970-02-26,56.0,Bosnia and Herzegovina,Shooting Guard,Right,,2,1992.0,2.0,16.0,Golden State Warriors,d/danilsa01.html
1057,N'Faly Dante,2024-25,2025-26,211.0,104.0,2001-10-19,24.0,Mali,Center,Right,Oregon,2,,,,,n/nfalyda01.html
1058,Adrian Dantley,1976-77,1990-91,196.0,94.0,1955-02-28,71.0,District of Columbia,Small Forward,Right,Notre Dame,15,1976.0,1.0,6.0,Buffalo Braves,d/dantlad01.html
1059,Pete Darcey,1952-53,1952-53,201.0,98.0,1930-03-03,96.0,Oklahoma,Center,Right,Oklahoma State,1,,,,,d/darcepe01.html
1060,Jimmy Darden,1949-50,1949-50,185.0,77.0,1922-06-19,104.0,Wyoming,Guard,Right,Denver,1,1947.0,3.0,,Chicago Stags,d/dardeji01.html
1062,Yinka Dare,1994-95,1997-98,213.0,120.0,1972-10-10,53.0,Nigeria,Center,Right,George Washington,4,1994.0,1.0,14.0,New Jersey Nets,d/dareyi01.html
1063,Jesse Dark,1974-75,1974-75,196.0,95.0,1951-09-02,74.0,Virginia,Shooting Guard,Right,VCU,1,1974.0,2.0,14.0,New York Knicks,d/darkje01.html
1064,Nate Darling,2020-21,2020-21,196.0,90.0,1998-08-30,27.0,Nova Scotia,Shooting Guard,Right,UAB,1,,,,,d/darlina01.html
1066,Jimmy Darrow,1961-62,1961-62,178.0,77.0,1937-09-25,88.0,Ohio,Guard,Right,Bowling Green,1,1960.0,5.0,6.0,St. Louis Hawks,d/darroji01.html
1067,Gigi Datome,2013-14,2014-15,203.0,97.0,1987-11-27,38.0,Italy,Small Forward,Right,,2,,,,,d/datomlu01.html
1068,Brad Daugherty,1986-87,1993-94,213.0,111.0,1965-10-19,60.0,North Carolina,Center,Right,UNC,8,1986.0,1.0,1.0,Cleveland Cavaliers,d/daughbr01.html
1070,Kornél Dávid,1998-99,2000-01,206.0,106.0,1971-10-22,54.0,Hungary,Small Forward,Right,,3,,,,,d/davidko01.html
1071,Jermareo Davidson,2007-08,2008-09,208.0,104.0,1984-11-15,41.0,Georgia,Small Forward,Right,Alabama,2,2007.0,2.0,6.0,Golden State Warriors,d/davidje01.html
1072,Bob Davies,1949-50,1954-55,185.0,79.0,1920-01-15,106.0,Pennsylvania,Point Guard,Right,Seton Hall,6,,,,,d/daviebo01.html
1073,Brandon Davies,2013-14,2014-15,208.0,108.0,1991-07-25,34.0,Pennsylvania,Power Forward,Right,BYU,2,,,,,d/daviebr01.html
1074,Anthony Davis,2012-13,2025-26,208.0,114.0,1993-03-11,33.0,Illinois,Power Forward and Center,Right,Kentucky,14,2012.0,1.0,1.0,New Orleans Hornets,d/davisan02.html
1075,Antonio Davis,1993-94,2005-06,206.0,97.0,1968-10-31,57.0,California,Power Forward and Center,Right,Texas-El Paso,13,1990.0,2.0,18.0,Indiana Pacers,d/davisan01.html
1077,Baron Davis,1999-00,2011-12,190.0,94.0,1979-04-13,47.0,California,Point Guard,Right,UCLA,13,1999.0,1.0,3.0,Charlotte Hornets,d/davisba01.html
1078,Ben Davis,1996-97,1999-00,206.0,108.0,1972-12-26,53.0,Florida,Power Forward,Right,Kansas,4,1996.0,2.0,14.0,Phoenix Suns,d/davisbe01.html
1080,Bob Davis,1972-73,1972-73,201.0,97.0,1950-04-02,76.0,United States,Small Forward,Right,Weber State,1,1972.0,2.0,1.0,Portland Trail Blazers,d/davisbo01.html
1081,Brad Davis,1977-78,1991-92,190.0,81.0,1955-12-17,70.0,Pennsylvania,Point Guard,Right,Maryland,15,1977.0,1.0,15.0,Los Angeles Lakers,d/davisbr01.html
1082,Brian Davis,1993-94,1993-94,201.0,90.0,1970-06-21,56.0,New Jersey,Small Forward,Right,Duke,1,1992.0,2.0,21.0,Phoenix Suns,d/davisbr02.html
1083,Charles Davis,1981-82,1989-90,201.0,97.0,1958-10-05,67.0,Tennessee,Small Forward,Right,Vanderbilt,8,1981.0,2.0,12.0,Washington Bullets,d/davisch02.html
1084,Charlie Davis,1971-72,1973-74,188.0,72.0,1949-09-07,76.0,New York,Shooting Guard,Right,Wake Forest,3,1971.0,8.0,1.0,Cleveland Cavaliers,d/davisch01.html
1085,Dale Davis,1991-92,2006-07,211.0,104.0,1969-03-25,57.0,Georgia,Center and Power Forward,Right,Clemson,16,1991.0,1.0,13.0,Indiana Pacers,d/davisda01.html
1086,Deyonta Davis,2016-17,2018-19,206.0,107.0,1996-12-02,29.0,Michigan,Center,Right,Michigan State,3,2016.0,2.0,1.0,Boston Celtics,d/davisde01.html
1087,Dwight Davis,1972-73,1976-77,203.0,99.0,1949-10-28,76.0,Texas,Power Forward,Right,Houston,5,1972.0,1.0,3.0,Cleveland Cavaliers,d/davisdw01.html
1088,Ed Davis,2010-11,2021-22,206.0,98.0,1989-06-05,37.0,District of Columbia,Power Forward and Center,Left,UNC,12,2010.0,1.0,13.0,Toronto Raptors,d/davised01.html
1089,Emanual Davis,1996-97,2002-03,193.0,88.0,1968-08-27,57.0,Pennsylvania,Point Guard and Shooting Guard,Right,Delaware State University,6,,,,,d/davisem01.html
1090,Glen Davis,2007-08,2014-15,206.0,131.0,1986-01-01,40.0,Louisiana,Power Forward and Center,Right,LSU,8,2007.0,2.0,5.0,Seattle SuperSonics,d/davisgl01.html
1091,Harry Davis,1978-79,1979-80,201.0,99.0,1956-01-27,70.0,Ohio,Small Forward,Right,Florida State,2,1978.0,2.0,11.0,Cleveland Cavaliers,d/davisha01.html
1092,Hubert Davis,1992-93,2003-04,196.0,83.0,1970-05-17,56.0,North Carolina,Shooting Guard and Point Guard,Right,UNC,12,1992.0,1.0,20.0,New York Knicks,d/davishu01.html
1093,Jim Davis,1967-68,1974-75,206.0,102.0,1941-12-18,84.0,Indiana,Center,Right,Colorado,8,1964.0,4.0,2.0,Detroit Pistons,d/davisji01.html
1094,Johnny Davis,1976-77,1985-86,188.0,77.0,1955-10-21,70.0,Michigan,Shooting Guard and Point Guard,Right,Dayton,10,1976.0,2.0,5.0,Portland Trail Blazers,d/davisjo01.html
1095,Johnny Davis,2022-23,2024-25,193.0,88.0,2002-02-27,24.0,Wisconsin,Shooting Guard,Right,Wisconsin,3,2022.0,1.0,10.0,Washington Wizards,d/davisjo06.html
1096,Josh Davis,2003-04,2011-12,203.0,106.0,1980-08-10,45.0,Oregon,Power Forward,Right,Wyoming,4,,,,,d/davisjo02.html
1098,Mark Davis,1988-89,1988-89,198.0,88.0,1963-06-08,63.0,Virginia,Small Forward,Right,Old Dominion,1,1985.0,4.0,9.0,Cleveland Cavaliers,d/davisma01.html
1099,Mark Davis,1995-96,1999-00,201.0,95.0,1973-04-26,53.0,Louisiana,Small Forward,Right,Howard College,5,1995.0,2.0,19.0,Minnesota Timberwolves,d/davisma02.html
1100,Mel Davis,1973-74,1976-77,198.0,99.0,1950-11-09,75.0,New York,Power Forward,Right,St. John's,4,1973.0,1.0,14.0,New York Knicks,d/davisme01.html
1101,Mickey Davis,1972-73,1976-77,201.0,88.0,1950-06-16,76.0,Pennsylvania,Small Forward,Right,Duquesne,5,1972.0,7.0,16.0,Milwaukee Bucks,d/davismi02.html
1102,Mike Davis,1969-70,1972-73,190.0,83.0,1946-07-26,79.0,New York,Shooting Guard,Right,Virginia Union University,4,1969.0,1.0,14.0,Baltimore Bullets,d/davismi01.html
1103,Mike Davis,1982-83,1982-83,208.0,104.0,1956-08-02,69.0,Florida,Power Forward,Right,Maryland,1,,,,,d/davismi03.html
1104,Monti Davis,1980-81,1980-81,201.0,92.0,1958-07-26,67.0,Ohio,Power Forward,Right,Tennessee State,1,1980.0,1.0,21.0,Philadelphia 76ers,d/davismo01.html
1105,Paul Davis,2006-07,2009-10,211.0,122.0,1984-07-21,41.0,Michigan,Power Forward and Center,Right,Michigan State,4,2006.0,2.0,4.0,Los Angeles Clippers,d/davispa01.html
1106,Ralph Davis,1960-61,1961-62,193.0,81.0,1938-09-07,87.0,Kentucky,Shooting Guard,Right,Cincinnati,2,1960.0,3.0,1.0,Cincinnati Royals,d/davisra01.html
1107,Red Davis,1955-56,1955-56,201.0,99.0,1932-04-22,94.0,United States,Center,Right,St. John's,1,1954.0,6.0,7.0,Rochester Royals,d/davisre01.html
1108,Ricky Davis,1998-99,2009-10,198.0,88.0,1979-09-23,46.0,Nevada,Shooting Guard and Small Forward,Right,Iowa,12,1998.0,1.0,21.0,Charlotte Hornets,d/davisri01.html
1109,Ron Davis,1976-77,1981-82,198.0,89.0,1954-05-01,72.0,Arizona,Small Forward,Right,Washington State,3,1976.0,5.0,2.0,Atlanta Hawks,d/davisro01.html
1110,Terence Davis,2019-20,2024-25,193.0,91.0,1997-05-16,29.0,Mississippi,Shooting Guard,Right,Ole Miss,5,,,,,d/daviste02.html
1111,Terry Davis,1989-90,2000-01,206.0,102.0,1967-06-17,59.0,Virginia,Power Forward and Center,Left,Virginia Union University,10,,,,,d/daviste01.html
1112,Tyler Davis,2018-19,2018-19,208.0,120.0,1997-05-22,29.0,California,Center,Right,Texas A&M,1,,,,,d/davisty01.html
1113,Walt Davis,1953-54,1957-58,203.0,92.0,1931-01-05,95.0,Texas,Power Forward and Center,Right,Texas A&M,5,1952.0,2.0,,Philadelphia Warriors,d/daviswa01.html
1114,Walter Davis,1977-78,1991-92,198.0,87.0,1954-09-09,71.0,North Carolina,Shooting Guard and Small Forward,Right,UNC,15,1977.0,1.0,5.0,Phoenix Suns,d/daviswa03.html
1117,JD Davison,2022-23,2025-26,185.0,88.0,2002-10-03,23.0,Alabama,Point Guard and Shooting Guard,Right,Alabama,4,2022.0,2.0,23.0,Boston Celtics,d/davisjd01.html
1118,Andre Dawkins,2014-15,2014-15,196.0,97.0,1991-09-19,34.0,Virginia,Shooting Guard,Right,Duke,1,,,,,d/dawkian01.html
1119,Darryl Dawkins,1975-76,1988-89,211.0,113.0,1957-01-11,69.0,Florida,Center,Right,,14,1975.0,1.0,5.0,Philadelphia 76ers,d/dawkida01.html
1120,Johnny Dawkins,1986-87,1994-95,188.0,74.0,1963-09-28,62.0,District of Columbia,Point Guard,Left,Duke,9,1986.0,1.0,10.0,San Antonio Spurs,d/dawkijo01.html
1121,Paul Dawkins,1979-80,1979-80,196.0,86.0,1957-06-10,69.0,Michigan,Small Forward,Right,Northern Illinois,1,1979.0,10.0,1.0,Utah Jazz,d/dawkipa01.html
1122,Branden Dawson,2015-16,2015-16,198.0,102.0,1993-02-01,33.0,Indiana,Power Forward,Right,Michigan State,1,2015.0,2.0,26.0,New Orleans Pelicans,d/dawsobr01.html
1123,Eric Dawson,2011-12,2011-12,206.0,113.0,1984-07-07,42.0,Texas,Center,Right,Midwestern State University,1,,,,,d/dawsoer01.html
1125,Tony Dawson,1990-91,1994-95,201.0,97.0,1967-08-25,58.0,North Carolina,Small Forward,Right,Florida State,2,,,,,d/dawsoto01.html
1126,Todd Day,1992-93,2000-01,198.0,85.0,1970-01-07,56.0,Illinois,Shooting Guard,Right,Arkansas,8,1992.0,1.0,8.0,Milwaukee Bucks,d/dayto01.html
1127,Austin Daye,2009-10,2014-15,211.0,99.0,1988-06-05,38.0,California,Small Forward,Right,Gonzaga,6,2009.0,1.0,15.0,Detroit Pistons,d/dayeau01.html
1128,Darren Daye,1983-84,1987-88,203.0,99.0,1960-11-30,65.0,Iowa,Small Forward,Right,UCLA,5,1983.0,3.0,10.0,Washington Bullets,d/dayeda01.html
1129,Darius Days,2022-23,2022-23,201.0,111.0,1999-10-20,26.0,Florida,Power Forward and Small Forward,Right,LSU,1,,,,,d/daysda01.html
1130,Nando De Colo,2012-13,2013-14,196.0,90.0,1987-06-23,39.0,France,Shooting Guard,Right,,2,2009.0,2.0,23.0,San Antonio Spurs,d/decolna01.html
1132,Dave DeBusschere,1962-63,1973-74,198.0,99.0,1940-10-16,85.0,Michigan,Power Forward and Small Forward,Right,Detroit Mercy,12,1962.0,1.0,4.0,Detroit Pistons,d/debusda01.html
1133,Andrew DeClercq,1995-96,2004-05,208.0,104.0,1973-02-01,53.0,Michigan,Center,Right,Florida,10,1995.0,2.0,5.0,Golden State Warriors,d/declean01.html
1134,Javin DeLaurier,2021-22,2021-22,208.0,107.0,1998-04-07,28.0,Virginia,Center,Right,Duke,1,,,,,d/delauja01.html
1135,Nate DeLong,1951-52,1951-52,198.0,99.0,1926-01-05,100.0,Wisconsin,Center,Right,Wisconsin-River Falls,1,1950.0,9.0,4.0,Tri-Cities Blackhawks,d/delonna01.html
1137,DeMar DeRozan,2009-10,2025-26,198.0,99.0,1989-08-07,36.0,California,"Shooting Guard, Small Forward, and Power Forward",Right,USC,17,2009.0,1.0,9.0,Toronto Raptors,d/derozde01.html
1138,Hank DeZonie,1950-51,1950-51,198.0,97.0,1922-02-12,104.0,New York,Center/Forward,Right,Clark Atlanta University,1,,,,,d/dezonha01.html
1139,Greg Deane,1979-80,1979-80,193.0,86.0,1957-12-06,68.0,California,Shooting Guard,Right,Utah,1,1979.0,4.0,1.0,Utah Jazz,d/deanegr01.html
1140,Gabriel Deck,2020-21,2021-22,198.0,104.0,1995-02-08,31.0,Argentina,Power Forward,Right,,2,,,,,d/deckga01.html
1141,Dewayne Dedmon,2013-14,2022-23,208.0,111.0,1989-08-12,36.0,California,Center,Right,USC,10,,,,,d/dedmode01.html
1143,Archie Dees,1958-59,1961-62,203.0,92.0,1936-02-22,90.0,Mississippi,Power Forward and Center,Right,Indiana,4,1958.0,1.0,2.0,Cincinnati Royals,d/deesar01.html
1144,Terry Dehere,1993-94,1998-99,188.0,86.0,1971-09-12,54.0,New York,Point Guard and Shooting Guard,Right,Seton Hall,6,1993.0,1.0,13.0,Los Angeles Clippers,d/deherte01.html
1146,Bryce Dejean-Jones,2015-16,2015-16,198.0,94.0,1992-08-21,33.0,California,Shooting Guard,Right,USC,1,,,,,d/dejeabr01.html
1147,Sam Dekker,2015-16,2021-22,206.0,104.0,1994-05-06,32.0,Wisconsin,Power Forward,Right,Wisconsin,5,2015.0,1.0,18.0,Houston Rockets,d/dekkesa01.html
1148,Vinny Del Negro,1988-89,2001-02,193.0,83.0,1966-08-09,59.0,Massachusetts,Shooting Guard and Point Guard,Right,NC State,12,1988.0,2.0,4.0,Sacramento Kings,d/delnevi01.html
1149,Malcolm Delaney,2016-17,2017-18,190.0,86.0,1989-03-11,37.0,Maryland,Point Guard,Right,Virginia Tech,2,,,,,d/delanma01.html
1150,Bison Dele,1991-92,1998-99,211.0,117.0,1969-04-06,57.0,California,Center and Power Forward,Left,Maryland,8,1991.0,1.0,10.0,Orlando Magic,d/delebi01.html
1151,Carlos Delfino,2004-05,2012-13,198.0,104.0,1982-08-29,43.0,Argentina,Small Forward and Shooting Guard,Right,,8,2003.0,1.0,25.0,Detroit Pistons,d/delfica01.html
1152,Ángel Delgado,2018-19,2018-19,208.0,111.0,1994-11-20,31.0,Dominican Republic,Center,Right,Seton Hall,1,,,,,d/delgaan01.html
1153,Tony Delk,1996-97,2005-06,185.0,85.0,1974-01-28,52.0,Tennessee,Point Guard and Shooting Guard,Right,Kentucky,10,1996.0,1.0,16.0,Charlotte Hornets,d/delkto01.html
1154,Matthew Dellavedova,2013-14,2022-23,190.0,90.0,1990-09-08,35.0,Australia,Point Guard and Shooting Guard,Right,Saint Mary's,9,,,,,d/dellama01.html
1155,Fennis Dembo,1988-89,1988-89,196.0,97.0,1966-01-24,60.0,Alabama,Small Forward,Right,Wyoming,1,1988.0,2.0,5.0,Detroit Pistons,d/dembofe01.html
1156,Larry Demic,1979-80,1981-82,206.0,102.0,1957-06-27,69.0,Indiana,Power Forward,Right,Arizona,3,1979.0,1.0,9.0,New York Knicks,d/demicla01.html
1157,Dell Demps,1993-94,1996-97,190.0,92.0,1970-02-12,56.0,California,Shooting Guard and Point Guard,Right,University of the Pacific,3,,,,,d/dempsde01.html
1158,George Dempsey,1954-55,1958-59,188.0,86.0,1929-07-19,96.0,Pennsylvania,Point Guard and Shooting Guard,Right,King's College,5,1951.0,7.0,9.0,Philadelphia Warriors,d/dempsge01.html
1159,Luol Deng,2004-05,2018-19,206.0,107.0,1985-04-16,41.0,South Sudan,Small Forward and Power Forward,Right,Duke,15,2004.0,1.0,7.0,Phoenix Suns,d/denglu01.html
1160,Kenny Dennard,1981-82,1983-84,203.0,99.0,1958-10-18,67.0,North Carolina,Power Forward,Right,Duke,3,1981.0,4.0,9.0,Kansas City Kings,d/dennake01.html
1161,Blaine Denning,1952-53,1952-53,188.0,79.0,1930-09-19,95.0,Kentucky,Guard,Left,Lawrence Technological University,1,1952.0,4.0,,Baltimore Bullets,d/dennibl01.html
1162,Dexter Dennis,2023-24,2023-24,196.0,95.0,1999-02-09,27.0,Louisiana,Shooting Guard,Right,Wichita State,1,,,,,d/dennide01.html
1163,RayJ Dennis,2024-25,2025-26,185.0,81.0,2001-03-30,25.0,Illinois,Point Guard,Right,Boise State,2,,,,,d/dennira01.html
1164,Justin Dentmon,2011-12,2012-13,180.0,83.0,1985-09-05,40.0,Illinois,Point Guard,Right,Washington,2,,,,,d/dentmju01.html
1165,Randy Denton,1976-77,1976-77,208.0,108.0,1949-02-18,77.0,North Carolina,Center,Right,Duke,1,1971.0,4.0,10.0,Boston Celtics,d/dentora01.html
1166,Rod Derline,1974-75,1975-76,183.0,79.0,1952-03-11,74.0,Washington,Shooting Guard,Right,Seattle University,2,1974.0,10.0,8.0,Seattle SuperSonics,d/derliro01.html
1167,Marcus Derrickson,2018-19,2018-19,201.0,112.0,1996-02-01,30.0,District of Columbia,Power Forward,Right,Georgetown,1,,,,,d/derrima01.html
1168,Dave Deutsch,1966-67,1966-67,185.0,77.0,1945-05-13,81.0,New York,Guard,Right,University of Rochester,1,1966.0,12.0,1.0,New York Knicks,d/deutsda01.html
1169,Corky Devlin,1955-56,1957-58,196.0,88.0,1931-12-21,94.0,New Jersey,Shooting Guard,Right,George Washington,3,1955.0,2.0,3.0,Philadelphia Warriors,d/devlico01.html
1170,Ernie DiGregorio,1973-74,1977-78,183.0,81.0,1951-01-15,75.0,Rhode Island,Point Guard,Right,Providence,5,1973.0,1.0,3.0,Buffalo Braves,d/digreer01.html
1171,Donte DiVincenzo,2018-19,2025-26,193.0,92.0,1997-01-31,29.0,Delaware,Shooting Guard,Right,Villanova,8,2018.0,1.0,17.0,Milwaukee Bucks,d/divindo01.html
1172,Moussa Diabaté,2022-23,2025-26,208.0,95.0,2002-01-21,24.0,France,Center,Right,Michigan,4,2022.0,2.0,13.0,Los Angeles Clippers,d/diabamo01.html
1173,Mamadi Diakite,2020-21,2023-24,206.0,103.0,1997-01-21,29.0,Guinea,Power Forward and Center,Right,Virginia,4,,,,,d/diakima01.html
1174,Derrick Dial,1999-00,2003-04,193.0,83.0,1975-12-20,50.0,Michigan,Shooting Guard,Right,Eastern Michigan,4,1998.0,2.0,23.0,San Antonio Spurs,d/dialde01.html
1175,Cheick Diallo,2016-17,2021-22,203.0,99.0,1996-09-13,29.0,Mali,Center and Power Forward,Right,Kansas,5,2016.0,2.0,3.0,Los Angeles Clippers,d/diallch01.html
1176,Hamidou Diallo,2018-19,2023-24,196.0,91.0,1998-07-31,27.0,New York,Small Forward and Shooting Guard,Right,Kentucky,6,2018.0,2.0,15.0,Brooklyn Nets,d/diallha01.html
1177,Boris Diaw,2003-04,2016-17,203.0,113.0,1982-04-16,44.0,France,Power Forward and Shooting Guard,Right,,14,2003.0,1.0,21.0,Atlanta Hawks,d/diawbo01.html
1178,Mohamed Diawara,2025-26,2025-26,206.0,102.0,2005-04-29,21.0,France,Small Forward,Right,,1,2025.0,2.0,21.0,Los Angeles Clippers,d/diawamo01.html
1179,Yakhouba Diawara,2006-07,2009-10,201.0,102.0,1982-08-29,43.0,France,Shooting Guard and Small Forward,Right,Pepperdine,4,,,,,d/diawaya01.html
1180,Guillermo Díaz,2007-08,2007-08,188.0,87.0,1985-03-04,41.0,Puerto Rico,Shooting Guard,Right,Miami (FL),1,2006.0,2.0,22.0,Los Angeles Clippers,d/diazgu01.html
1181,Gradey Dick,2023-24,2025-26,201.0,90.0,2003-11-20,22.0,Kansas,Shooting Guard,Right,Kansas,3,2023.0,1.0,13.0,Toronto Raptors,d/dickgr01.html
1182,Dan Dickau,2002-03,2007-08,183.0,86.0,1978-09-16,47.0,Oregon,Point Guard,Right,Washington,6,2002.0,1.0,28.0,Sacramento Kings,d/dickada01.html
1183,Kaniel Dickens,2003-04,2007-08,203.0,97.0,1978-07-21,47.0,Colorado,Power Forward and Small Forward,Right,Tyler Junior College,3,2000.0,2.0,21.0,Utah Jazz,d/dickeka01.html
1184,Henry Dickerson,1975-76,1976-77,193.0,86.0,1951-11-27,74.0,West Virginia,Point Guard and Shooting Guard,Right,University of Charleston,2,,,,,d/dickehe01.html
1185,Michael Dickerson,1998-99,2002-03,196.0,86.0,1975-06-25,51.0,South Carolina,Shooting Guard,Right,Arizona,5,1998.0,1.0,14.0,Houston Rockets,d/dickemi01.html
1187,Derrek Dickey,1973-74,1977-78,201.0,98.0,1951-03-20,75.0,Ohio,Power Forward,Right,Cincinnati,5,1973.0,2.0,11.0,Golden State Warriors,d/dickede01.html
1188,Dick Dickey,1951-52,1951-52,185.0,79.0,1926-10-26,99.0,Indiana,Point Guard,Right,NC State,1,1950.0,3.0,2.0,Baltimore Bullets,d/dickedi01.html
1189,Hunter Dickinson,2025-26,2025-26,216.0,115.0,2000-11-25,25.0,Virginia,Center,Left,Michigan,1,,,,,d/dickihu01.html
1191,Travis Diener,2005-06,2009-10,185.0,79.0,1982-03-01,44.0,Wisconsin,Point Guard,Right,Marquette,5,2005.0,2.0,8.0,Orlando Magic,d/dienetr01.html
1192,Gorgui Dieng,2013-14,2022-23,208.0,114.0,1990-01-18,36.0,Senegal,Center and Power Forward,Right,Louisville,10,2013.0,1.0,21.0,Utah Jazz,d/dienggo01.html
1193,Ousmane Dieng,2022-23,2025-26,206.0,83.0,2003-05-21,23.0,France,Center and Power Forward,Right,,4,2022.0,1.0,11.0,New York Knicks,d/diengou01.html
1194,Connie Dierking,1958-59,1970-71,206.0,100.0,1936-10-02,89.0,New York,Center,Right,Cincinnati,10,1958.0,1.0,6.0,Syracuse Nationals,d/dierkco01.html
1195,Coby Dietrick,1976-77,1982-83,208.0,99.0,1948-07-23,77.0,California,Center and Power Forward,Right,San Jose State,7,1970.0,10.0,2.0,San Francisco Warriors,d/dietrco01.html
1198,Mickey Dillard,1981-82,1981-82,190.0,77.0,1958-10-15,67.0,Florida,Point Guard,Right,Florida State,1,1981.0,3.0,9.0,Cleveland Cavaliers,d/dillami01.html
1200,Rob Dillingham,2024-25,2025-26,188.0,79.0,2005-01-04,21.0,North Carolina,Point Guard,Right,Kentucky,2,2024.0,1.0,8.0,San Antonio Spurs,d/dilliro01.html
1201,Hook Dillon,1949-50,1949-50,190.0,81.0,1924-01-08,102.0,Georgia,Forward,Right,UNC,1,1948.0,2.0,,Chicago Stags,d/dilloho01.html
1202,Byron Dinkins,1989-90,1990-91,185.0,77.0,1967-06-15,59.0,North Carolina,Point Guard,Right,UNC Charlotte,2,,,,,d/dinkiby01.html
1203,Jackie Dinkins,1971-72,1971-72,196.0,95.0,1950-01-22,76.0,South Carolina,Small Forward,Right,Voorhees College,1,1971.0,9.0,14.0,Chicago Bulls,d/dinkija01.html
1205,Bill Dinwiddie,1967-68,1971-72,201.0,99.0,1943-07-15,83.0,Indiana,Power Forward and Small Forward,Right,New Mexico Highlands University,4,,,,,d/dinwibi01.html
1206,Spencer Dinwiddie,2014-15,2024-25,196.0,97.0,1993-04-06,33.0,California,Point Guard and Shooting Guard,Right,Colorado,11,2014.0,2.0,8.0,Detroit Pistons,d/dinwisp01.html
1207,Ike Diogu,2005-06,2011-12,203.0,113.0,1983-09-11,42.0,New York,Power Forward,Right,Arizona State,6,2005.0,1.0,9.0,Golden State Warriors,d/dioguik01.html
1208,Egor Dёmin,2025-26,2025-26,203.0,90.0,2006-03-03,20.0,Russia,Point Guard,Right,BYU,1,2025.0,1.0,8.0,Brooklyn Nets,d/demineg01.html
1209,DeSagana Diop,2001-02,2012-13,213.0,136.0,1982-01-30,44.0,Senegal,Center and Power Forward,Right,,12,2001.0,1.0,8.0,Cleveland Cavaliers,d/diopde01.html
1210,Terry Dischinger,1962-63,1972-73,201.0,85.0,1940-11-21,85.0,Indiana,Small Forward and Shooting Guard,Right,Purdue,9,1962.0,2.0,1.0,Chicago Zephyrs,d/dischte01.html
1211,Fred Diute,1954-55,1954-55,190.0,95.0,1929-01-09,97.0,New York,Shooting Guard,Right,St. Bonaventure,1,1951.0,3.0,8.0,Rochester Royals,d/diutefr01.html
1212,Vlade Divac,1989-90,2004-05,216.0,110.0,1968-02-03,58.0,Serbia,Center,Right,,16,1989.0,1.0,26.0,Los Angeles Lakers,d/divacvl01.html
1213,Juan Dixon,2002-03,2008-09,190.0,74.0,1978-10-09,47.0,Maryland,Shooting Guard and Point Guard,Right,Maryland,7,2002.0,1.0,17.0,Washington Wizards,d/dixonju01.html
1214,Earl Dodd,1949-50,1949-50,196.0,79.0,1924-11-01,101.0,Illinois,Forward,Right,Truman State University,1,1949.0,7.0,,St. Louis Bombers,d/doddea01.html
1215,Michael Doleac,1998-99,2007-08,211.0,118.0,1977-06-15,49.0,Texas,Center,Right,Utah,10,1998.0,1.0,12.0,Orlando Magic,d/doleami01.html
1216,Joe Dolhon,1949-50,1950-51,183.0,79.0,1927-07-09,99.0,New York,Guard,Right,NYU,2,1949.0,,,Baltimore Bullets,d/dolhojo01.html
1217,Bob Doll,1949-50,1949-50,196.0,88.0,1919-08-10,106.0,Colorado,Forward/Center,Right,Colorado,1,,,,,d/dollbo01.html
1218,James Donaldson,1980-81,1994-95,218.0,124.0,1957-08-16,68.0,United Kingdom,Center,Left,Washington State,14,1979.0,4.0,7.0,Seattle SuperSonics,d/donalja01.html
1219,Luka Dončić,2018-19,2025-26,203.0,104.0,1999-02-28,27.0,Slovenia,Point Guard and Shooting Guard,Right,,8,2018.0,1.0,3.0,Atlanta Hawks,d/doncilu01.html
1220,Bob Donham,1950-51,1953-54,188.0,86.0,1926-10-11,99.0,Indiana,Shooting Guard,Right,Ohio State,4,1950.0,3.0,1.0,Boston Celtics,d/donhabo01.html
1221,Billy Donovan,1987-88,1987-88,180.0,77.0,1965-05-30,61.0,New York,Point Guard,Right,Providence,1,1987.0,3.0,22.0,Utah Jazz,d/donovbi01.html
1222,Harry Donovan,1949-50,1949-50,188.0,81.0,1926-09-10,99.0,New Jersey,Guard,Right,Muhlenberg College,1,1949.0,3.0,,New York Knicks,d/donovha01.html
1223,Keyon Dooling,2000-01,2012-13,190.0,88.0,1980-05-08,46.0,Florida,Point Guard and Shooting Guard,Right,Missouri,13,2000.0,1.0,10.0,Orlando Magic,d/doolike01.html
1224,Aleksandar Djordjevic,1996-97,1996-97,188.0,89.0,1967-08-26,58.0,Serbia,Shooting Guard,Right,,1,,,,,d/djordal01.html
1225,Jacky Dorsey,1977-78,1980-81,201.0,104.0,1954-12-18,71.0,Georgia,Small Forward,Right,Georgia,3,1976.0,2.0,9.0,New Orleans Jazz,d/dorseja01.html
1226,Joey Dorsey,2008-09,2014-15,203.0,121.0,1983-12-16,42.0,Maryland,Power Forward and Center,Right,Memphis,4,2008.0,2.0,3.0,Portland Trail Blazers,d/dorsejo01.html
1228,Tyler Dorsey,2017-18,2022-23,193.0,81.0,1996-02-18,30.0,California,Shooting Guard and Small Forward,Right,Oregon,3,2017.0,2.0,11.0,Atlanta Hawks,d/dorsety01.html
1229,Luguentz Dort,2019-20,2025-26,193.0,99.0,1999-04-19,27.0,Quebec,Small Forward and Shooting Guard,Right,Arizona State,7,,,,,d/dortlu01.html
1230,Ayo Dosunmu,2021-22,2025-26,193.0,90.0,2000-01-17,26.0,Illinois,Shooting Guard,Right,Illinois,5,2021.0,2.0,8.0,Chicago Bulls,d/dosunay01.html
1231,Damyean Dotson,2017-18,2021-22,196.0,95.0,1994-05-06,32.0,Texas,Shooting Guard,Right,Oregon,5,2017.0,2.0,14.0,New York Knicks,d/dotsoda01.html
1232,Devon Dotson,2020-21,2022-23,185.0,83.0,1999-08-02,26.0,Illinois,Point Guard,Right,Kansas,3,,,,,d/dotsode01.html
1233,Quincy Douby,2006-07,2008-09,190.0,79.0,1984-05-16,42.0,New York,Point Guard,Right,Rutgers University,3,2006.0,1.0,19.0,Sacramento Kings,d/doubyqu01.html
1234,Bruce Douglas,1986-87,1986-87,190.0,88.0,1964-04-09,62.0,Illinois,Shooting Guard,Right,Illinois,1,1986.0,3.0,10.0,Sacramento Kings,d/douglbr01.html
1235,John Douglas,1981-82,1982-83,188.0,77.0,1956-06-12,70.0,Alabama,Shooting Guard,Right,Kansas,2,1978.0,6.0,8.0,New Orleans Jazz,d/dougljo01.html
1236,Leon Douglas,1976-77,1982-83,208.0,104.0,1954-08-26,71.0,Alabama,Center,Right,Alabama,7,1976.0,1.0,4.0,Detroit Pistons,d/douglle01.html
1237,Sherman Douglas,1989-90,2000-01,183.0,81.0,1966-09-15,59.0,District of Columbia,Point Guard,Right,Syracuse,12,1989.0,2.0,1.0,Miami Heat,d/douglsh01.html
1238,Toney Douglas,2009-10,2016-17,188.0,88.0,1986-03-16,40.0,Georgia,Point Guard and Shooting Guard,Right,Auburn,8,2009.0,1.0,29.0,Los Angeles Lakers,d/douglto01.html
1239,Chris Douglas-Roberts,2008-09,2014-15,201.0,90.0,1987-01-08,39.0,Michigan,Small Forward and Shooting Guard,Right,Memphis,6,2008.0,2.0,10.0,New Jersey Nets,d/douglch01.html
1240,Sekou Doumbouya,2019-20,2021-22,203.0,104.0,2000-12-23,25.0,Guinea,Power Forward,Right,,3,2019.0,1.0,15.0,Detroit Pistons,d/doumbse01.html
1241,Sonny Dove,1967-68,1968-69,201.0,89.0,1945-08-16,80.0,New York,Power Forward,Right,St. John's,2,1967.0,1.0,4.0,Detroit Pistons,d/doveso01.html
1243,Zabian Dowdell,2010-11,2010-11,190.0,86.0,1984-09-10,41.0,Florida,Point Guard,Right,Virginia Tech,1,,,,,d/dowdeza01.html
1245,Steve Downing,1973-74,1974-75,203.0,102.0,1950-09-09,75.0,Indiana,Center,Right,Indiana,2,1973.0,1.0,17.0,Boston Celtics,d/downist01.html
1246,Jeff Dowtin Jr.,2021-22,2024-25,190.0,80.0,1997-05-10,29.0,Maryland,Point Guard,Right,Rhode Island,4,,,,,d/dowtije01.html
1247,Danny Doyle,1962-63,1962-63,203.0,90.0,1940-02-06,86.0,New York,Power Forward,Right,Belmont Abbey College,1,1961.0,5.0,3.0,Detroit Pistons,d/doyleda01.html
1248,Milton Doyle,2017-18,2017-18,193.0,81.0,1993-10-31,32.0,Illinois,Shooting Guard,Right,Loyola Chicago,1,,,,,d/doylemi01.html
1249,PJ Dozier,2017-18,2024-25,198.0,96.0,1996-10-25,29.0,South Carolina,"Shooting Guard, Small Forward, and Point Guard",Right,South Carolina,7,,,,,d/doziepj01.html
1250,Terry Dozier,1989-90,1989-90,206.0,95.0,1966-06-29,60.0,Maryland,Small Forward,Right,South Carolina,1,,,,,d/doziete01.html
1251,Goran Dragić,2008-09,2022-23,193.0,86.0,1986-05-06,40.0,Slovenia,Point Guard and Shooting Guard,Left,,15,2008.0,2.0,15.0,San Antonio Spurs,d/dragigo01.html
1252,Zoran Dragić,2014-15,2014-15,196.0,90.0,1989-06-22,37.0,Slovenia,Shooting Guard,Left,,1,,,,,d/dragizo01.html
1253,Greg Dreiling,1986-87,1996-97,216.0,113.0,1962-11-07,63.0,Kansas,Center,Right,Wichita State,10,1986.0,2.0,2.0,Indiana Pacers,d/dreilgr01.html
1254,Henri Drell,2023-24,2023-24,203.0,83.0,2000-04-25,26.0,Estonia,Small Forward,Right,,1,,,,,d/drellhe01.html
1255,Bryce Drew,1998-99,2003-04,188.0,83.0,1974-09-21,51.0,Louisiana,Point Guard,Right,Valparaiso,6,1998.0,1.0,16.0,Houston Rockets,d/drewbr01.html
1256,John Drew,1974-75,1984-85,198.0,92.0,1954-09-30,71.0,Alabama,Small Forward and Power Forward,Right,Gardner-Webb University,11,1974.0,2.0,7.0,Atlanta Hawks,d/drewjo01.html
1257,Larry Drew,1980-81,1990-91,185.0,77.0,1958-04-02,68.0,Kansas,Point Guard,Right,Missouri,10,1980.0,1.0,17.0,Detroit Pistons,d/drewla01.html
1258,Larry Drew II,2014-15,2017-18,188.0,81.0,1990-03-05,36.0,California,Point Guard,Right,UNC,2,,,,,d/drewla02.html
1259,Clyde Drexler,1983-84,1997-98,201.0,95.0,1962-06-22,64.0,Louisiana,Shooting Guard,Right,Houston,15,1983.0,1.0,14.0,Portland Trail Blazers,d/drexlcl01.html
1260,Nate Driggers,1996-97,1996-97,196.0,97.0,1973-10-12,52.0,Illinois,Shooting Guard,Right,University of Montevallo,1,,,,,d/driggna01.html
1261,Terry Driscoll,1970-71,1974-75,201.0,97.0,1947-08-28,78.0,Massachusetts,Power Forward and Center,Right,Boston College,5,1969.0,1.0,4.0,Detroit Pistons,d/driscte01.html
1262,Predrag Drobnjak,2001-02,2004-05,211.0,122.0,1975-10-27,50.0,Montenegro,Center,Right,,4,1997.0,2.0,20.0,Washington Wizards,d/drobnpr01.html
1263,Ralph Drollinger,1980-81,1980-81,218.0,113.0,1954-04-20,72.0,California,Center,Left,UCLA,1,1976.0,7.0,17.0,Boston Celtics,d/drollra01.html
1264,Andre Drummond,2012-13,2025-26,211.0,126.0,1993-08-10,32.0,New York,Center,Right,UConn,14,2012.0,1.0,9.0,Detroit Pistons,d/drumman01.html
1265,Dennis DuVal,1974-75,1975-76,190.0,79.0,1952-03-31,74.0,New York,Point Guard,Right,Syracuse,2,1974.0,2.0,12.0,Washington Bullets,d/duvalde01.html
1266,Chris Duarte,2021-22,2024-25,196.0,86.0,1997-06-13,29.0,Dominican Republic,Small Forward and Shooting Guard,Right,Oregon,4,2021.0,1.0,13.0,Indiana Pacers,d/duartch01.html
1267,Alex Ducas,2024-25,2024-25,201.0,99.0,2000-12-11,25.0,Australia,Shooting Guard,Right,Saint Mary's,1,,,,,d/ducasal01.html
1268,Dick Duckett,1957-58,1957-58,185.0,83.0,1933-03-25,93.0,New York,Point Guard,Right,St. John's,1,1957.0,2.0,1.0,Cincinnati Royals,d/duckedi01.html
1269,Kevin Duckworth,1986-87,1996-97,213.0,124.0,1964-04-01,62.0,Illinois,Center,Right,Eastern Illinois University,11,1986.0,2.0,9.0,San Antonio Spurs,d/duckwke01.html
1270,Charles Dudley,1972-73,1978-79,188.0,81.0,1950-03-05,76.0,Pennsylvania,Point Guard,Right,Washington,6,1972.0,5.0,13.0,Golden State Warriors,d/dudlech01.html
1271,Chris Dudley,1987-88,2002-03,211.0,106.0,1965-02-22,61.0,Connecticut,Center and Power Forward,Right,Yale,16,1987.0,4.0,6.0,Cleveland Cavaliers,d/dudlech02.html
1272,Jared Dudley,2007-08,2020-21,198.0,107.0,1985-07-10,41.0,California,"Power Forward, Small Forward, and Shooting Guard",Right,Boston College,14,2007.0,1.0,22.0,Charlotte Bobcats,d/dudleja01.html
1273,Terry Duerod,1979-80,1982-83,188.0,81.0,1956-07-29,69.0,Michigan,Shooting Guard and Small Forward,Right,Detroit Mercy,4,1979.0,3.0,4.0,Detroit Pistons,d/duerote01.html
1275,Bob Duffy,1962-63,1964-65,190.0,83.0,1940-09-26,85.0,New York,Point Guard,Right,Colgate,3,1962.0,2.0,3.0,St. Louis Hawks,d/duffybo02.html
1276,Chris Duhon,2004-05,2012-13,185.0,83.0,1982-08-31,43.0,Louisiana,Point Guard,Right,Duke,9,2004.0,2.0,9.0,Chicago Bulls,d/duhonch01.html
1277,Duje Dukan,2015-16,2015-16,206.0,99.0,1991-12-04,34.0,Croatia,Small Forward,Right,Wisconsin,1,,,,,d/dukandu01.html
1278,David Duke Jr.,2021-22,2024-25,193.0,92.0,1999-10-13,26.0,Rhode Island,Shooting Guard and Point Guard,Right,Providence,4,,,,,d/dukeda01.html
1279,Walter Dukes,1955-56,1962-63,213.0,99.0,1930-06-23,96.0,Ohio,Center,Right,Seton Hall,8,1953.0,1.0,8.0,New York Knicks,d/dukeswa01.html
1280,Joe Dumars,1985-86,1998-99,190.0,86.0,1963-05-24,63.0,Louisiana,Shooting Guard and Point Guard,Right,McNeese State University,14,1985.0,1.0,18.0,Detroit Pistons,d/dumarjo01.html
1282,Richard Dumas,1992-93,1995-96,201.0,90.0,1969-05-19,57.0,Oklahoma,Small Forward and Power Forward,Right,Oklahoma State,3,1991.0,2.0,19.0,Phoenix Suns,d/dumasri02.html
1283,Tony Dumas,1994-95,1997-98,198.0,86.0,1972-08-25,53.0,Illinois,Shooting Guard,Right,Missouri-Kansas City,4,1994.0,1.0,19.0,Dallas Mavericks,d/dumasto01.html
1284,Andy Duncan,1949-50,1950-51,198.0,88.0,1922-04-17,104.0,Georgia,Forward/Center,Right,William & Mary,2,1947.0,6.0,,New York Knicks,d/duncaan01.html
1285,Tim Duncan,1997-98,2015-16,211.0,113.0,1976-04-25,50.0,U.S. Virgin Islands,Center and Power Forward,Right,Wake Forest,19,1997.0,1.0,1.0,San Antonio Spurs,d/duncati01.html
1286,Mike Dunleavy,1976-77,1989-90,190.0,81.0,1954-03-21,72.0,New York,Point Guard and Shooting Guard,Right,South Carolina,11,1976.0,6.0,13.0,Philadelphia 76ers,d/dunlemi01.html
1287,Mike Dunleavy,2002-03,2016-17,206.0,104.0,1980-09-15,45.0,Texas,"Small Forward, Shooting Guard, and Power Forward",Right,Duke,15,2002.0,1.0,3.0,Golden State Warriors,d/dunlemi02.html
1288,Kris Dunn,2016-17,2025-26,190.0,92.0,1994-03-18,32.0,Connecticut,Point Guard,Right,Providence,10,2016.0,1.0,5.0,Minnesota Timberwolves,d/dunnkr01.html
1289,Pat Dunn,1957-58,1957-58,188.0,77.0,1931-03-17,95.0,United States,Shooting Guard,Right,Utah State University,1,1956.0,6.0,4.0,New York Knicks,d/dunnpa01.html
1290,Ryan Dunn,2024-25,2025-26,201.0,97.0,2003-01-07,23.0,New York,Small Forward,Right,Virginia,2,2024.0,1.0,28.0,Denver Nuggets,d/dunnry01.html
1291,T.R. Dunn,1977-78,1990-91,193.0,87.0,1955-02-01,71.0,Alabama,Shooting Guard and Small Forward,Right,Alabama,14,1977.0,2.0,19.0,Portland Trail Blazers,d/dunntr01.html
1292,Ronald Dupree,2003-04,2010-11,201.0,94.0,1981-01-26,45.0,Mississippi,Small Forward,Right,LSU,6,,,,,d/duprero01.html
1293,Kevin Durant,2007-08,2025-26,211.0,108.0,1988-09-29,37.0,District of Columbia,"Small Forward, Power Forward, and Shooting Guard",Right,Texas,18,2007.0,1.0,2.0,Seattle SuperSonics,d/duranke01.html
1294,Jalen Duren,2022-23,2025-26,208.0,113.0,2003-11-18,22.0,Pennsylvania,Center,Right,Memphis,4,2022.0,1.0,13.0,Charlotte Hornets,d/durenja01.html
1295,John Duren,1980-81,1982-83,190.0,88.0,1958-10-30,67.0,District of Columbia,Point Guard,Right,Georgetown,3,1980.0,1.0,19.0,Utah Jazz,d/durenjo01.html
1297,Pat Durham,1992-93,1994-95,201.0,95.0,1967-03-10,59.0,Texas,Small Forward,Right,Colorado State,2,1989.0,2.0,8.0,Dallas Mavericks,d/durhapa01.html
1298,Devin Durrant,1984-85,1985-86,201.0,90.0,1960-10-20,65.0,Utah,Small Forward,Right,BYU,2,1984.0,2.0,1.0,Indiana Pacers,d/durrade01.html
1299,Ken Durrett,1971-72,1974-75,201.0,86.0,1948-12-08,77.0,Pennsylvania,Small Forward,Right,La Salle,4,1971.0,1.0,4.0,Cincinnati Royals,d/durreke01.html
1300,Trevon Duval,2018-19,2018-19,188.0,85.0,1998-08-03,27.0,Delaware,Point Guard,Right,Duke,1,,,,,d/duvaltr01.html
1302,Craig Dykema,1981-82,1981-82,203.0,86.0,1959-06-11,67.0,California,Small Forward,Right,Cal State Long Beach,1,1981.0,3.0,20.0,Phoenix Suns,d/dykemcr01.html
1303,Gene Dyker,1953-54,1953-54,198.0,102.0,1930-02-17,96.0,Illinois,Forward,Right,DePaul,1,1953.0,4.0,,Milwaukee Hawks,d/dykerge01.html
1304,Jerome Dyson,2011-12,2011-12,190.0,81.0,1987-05-01,39.0,Maryland,Point Guard,Right,UConn,1,,,,,d/dysonje01.html
1305,Ledell Eackles,1988-89,1997-98,196.0,99.0,1966-11-24,59.0,Louisiana,Shooting Guard,Right,New Orleans,7,1988.0,2.0,11.0,Washington Bullets,e/eacklle01.html
1306,Jim Eakins,1976-77,1977-78,211.0,97.0,1946-05-24,80.0,California,Center and Power Forward,Right,BYU,2,1968.0,5.0,7.0,San Francisco Warriors,e/eakinji01.html
1307,Acie Earl,1993-94,1996-97,208.0,108.0,1970-06-23,56.0,Illinois,Center,Right,Iowa,4,1993.0,1.0,19.0,Boston Celtics,e/earlac01.html
1308,Ed Earle,1953-54,1953-54,190.0,86.0,1927-04-28,99.0,Illinois,Power Forward,Right,Loyola Chicago,1,,,,,e/earleed01.html
1309,Cleanthony Early,2014-15,2015-16,203.0,95.0,1991-04-17,35.0,New York,Small Forward,Right,Wichita State,2,2014.0,2.0,4.0,New York Knicks,e/earlycl01.html
1311,Tari Eason,2022-23,2025-26,203.0,97.0,2001-05-10,25.0,Virginia,Power Forward,Right,Cincinnati,4,2022.0,1.0,17.0,Houston Rockets,e/easonta01.html
1312,Mark Eaton,1982-83,1992-93,224.0,124.0,1957-01-24,69.0,California,Center,Left,Cypress College,11,1979.0,5.0,19.0,Phoenix Suns,e/eatonma01.html
1313,Jerry Eaves,1982-83,1986-87,193.0,81.0,1959-02-08,67.0,Kentucky,Point Guard,Left,Louisville,4,1982.0,3.0,9.0,Utah Jazz,e/eavesje01.html
1314,Devin Ebanks,2010-11,2012-13,206.0,97.0,1989-10-28,36.0,New York,Shooting Guard and Small Forward,Right,West Virginia,3,2010.0,2.0,13.0,Los Angeles Lakers,e/ebankde01.html
1315,Bill Ebben,1957-58,1957-58,193.0,86.0,1935-10-07,90.0,Illinois,Guard,Right,Detroit Mercy,1,1957.0,3.0,2.0,Detroit Pistons,e/ebbenbi01.html
1316,Al Eberhard,1974-75,1977-78,198.0,102.0,1952-05-10,74.0,Iowa,Small Forward,Right,Missouri,4,1974.0,1.0,15.0,Detroit Pistons,e/eberhal01.html
1317,Ndudi Ebi,2003-04,2004-05,206.0,90.0,1984-06-18,42.0,United Kingdom,Shooting Guard and Small Forward,Right,,2,2003.0,1.0,26.0,Minnesota Timberwolves,e/ebind01.html
1319,Jaime Echenique,2021-22,2021-22,211.0,117.0,1997-04-27,29.0,Colombia,Center,Right,Trinity Valley CC,1,,,,,e/echenja01.html
1320,Jarell Eddie,2015-16,2017-18,201.0,98.0,1991-10-30,34.0,Florida,Small Forward,Right,Virginia Tech,3,,,,,e/eddieja01.html
1321,Patrick Eddie,1991-92,1991-92,211.0,108.0,1967-12-27,58.0,Wisconsin,Center,Right,Arkansas State University,1,,,,,e/eddiepa01.html
1322,Dike Eddleman,1949-50,1952-53,190.0,85.0,1922-12-27,103.0,Illinois,Small Forward,Right,Illinois,4,1949.0,3.0,,Chicago Stags,e/eddledi01.html
1323,Kenton Edelin,1984-85,1984-85,203.0,92.0,1962-05-24,64.0,Germany,Small Forward,Right,Virginia,1,1984.0,7.0,1.0,Indiana Pacers,e/edelike01.html
1324,Zach Edey,2024-25,2025-26,221.0,138.0,2002-05-14,24.0,Ontario,Center,Right,Purdue,2,2024.0,1.0,9.0,Memphis Grizzlies,e/edeyza01.html
1326,VJ Edgecombe,2025-26,2025-26,193.0,81.0,2005-07-30,20.0,Bahamas,Shooting Guard,Right,Baylor,1,2025.0,1.0,3.0,Philadelphia 76ers,e/edgecvj01.html
1328,Keith Edmonson,1982-83,1983-84,196.0,88.0,1960-09-28,65.0,Mississippi,Shooting Guard,Right,Purdue,2,1982.0,1.0,10.0,Atlanta Hawks,e/edmonke01.html
1329,Tyus Edney,1995-96,2000-01,178.0,68.0,1973-02-14,53.0,California,Point Guard,Right,UCLA,4,1995.0,2.0,18.0,Sacramento Kings,e/edneyty01.html
1330,Anthony Edwards,2020-21,2025-26,193.0,102.0,2001-08-05,24.0,Georgia,Shooting Guard,Right,Georgia,6,2020.0,1.0,1.0,Minnesota Timberwolves,e/edwaran01.html
1331,Bill Edwards,1993-94,1993-94,203.0,97.0,1971-09-22,54.0,Ohio,Power Forward,Right,Wright State University,1,,,,,e/edwarbi01.html
1332,Blue Edwards,1989-90,1998-99,193.0,90.0,1965-10-31,60.0,District of Columbia,Small Forward and Shooting Guard,Right,East Carolina University,10,1989.0,1.0,21.0,Utah Jazz,e/edwarbl01.html
1333,Carsen Edwards,2019-20,2021-22,180.0,90.0,1998-03-12,28.0,Texas,Shooting Guard,Right,Purdue,3,2019.0,2.0,3.0,Philadelphia 76ers,e/edwarca01.html
1334,Corsley Edwards,2004-05,2004-05,206.0,124.0,1979-03-05,47.0,Maryland,Center,Right,Central Connecticut State University,1,2002.0,2.0,29.0,Sacramento Kings,e/edwarco01.html
1335,Doug Edwards,1993-94,1995-96,201.0,99.0,1971-01-21,55.0,Florida,Power Forward,Right,Florida State,3,1993.0,1.0,15.0,Atlanta Hawks,e/edwardo01.html
1336,Franklin Edwards,1981-82,1987-88,185.0,77.0,1959-02-02,67.0,New York,Point Guard,Right,Cleveland State University,7,1981.0,1.0,22.0,Philadelphia 76ers,e/edwarfr01.html
1337,James Edwards,1977-78,1995-96,216.0,114.0,1955-11-22,70.0,Washington,Center,Right,Washington,19,1977.0,3.0,2.0,Los Angeles Lakers,e/edwarja01.html
1338,Jay Edwards,1989-90,1989-90,193.0,83.0,1969-01-03,57.0,Indiana,Shooting Guard,Right,Indiana,1,1989.0,2.0,6.0,Los Angeles Clippers,e/edwarja02.html
1339,Jesse Edwards,2024-25,2024-25,213.0,107.0,2000-03-18,26.0,Netherlands,Center,Right,West Virginia,1,,,,,e/edwarje01.html
1340,John Edwards,2004-05,2005-06,213.0,124.0,1981-07-31,44.0,Ohio,Center,Right,Kent State University,2,,,,,e/edwarjo01.html
1341,Justin Edwards,2024-25,2025-26,201.0,92.0,2003-12-16,22.0,Pennsylvania,Small Forward,Left,Kentucky,2,,,,,e/edwarju01.html
1342,Kessler Edwards,2021-22,2024-25,203.0,92.0,2000-08-09,25.0,California,Small Forward,Right,Pepperdine,4,2021.0,2.0,14.0,Brooklyn Nets,e/edwarke02.html
1343,Kevin Edwards,1988-89,2000-01,190.0,86.0,1965-10-30,60.0,Ohio,Shooting Guard and Point Guard,Right,DePaul,11,1988.0,1.0,20.0,Miami Heat,e/edwarke01.html
1344,Rob Edwards,2021-22,2021-22,196.0,92.0,1997-01-20,29.0,Michigan,Shooting Guard,Right,Cleveland State University,1,,,,,e/edwarro01.html
1345,Shane Edwards,2013-14,2013-14,201.0,99.0,1987-05-31,39.0,California,Small Forward,Right,Little Rock,1,,,,,e/edwarsh01.html
1346,Vince Edwards,2018-19,2018-19,203.0,102.0,1996-04-05,30.0,Ohio,Small Forward,Right,Purdue,1,2018.0,2.0,22.0,Utah Jazz,e/edwarvi01.html
1347,Johnny Egan,1961-62,1971-72,183.0,81.0,1939-01-31,87.0,Connecticut,Point Guard,Right,Providence,11,1961.0,2.0,8.0,Detroit Pistons,e/eganjo01.html
1350,Craig Ehlo,1983-84,1996-97,198.0,81.0,1961-08-11,64.0,Texas,Shooting Guard,Right,Odessa College,14,1983.0,3.0,1.0,Houston Rockets,e/ehlocr01.html
1351,Rich Eichhorst,1961-62,1961-62,190.0,90.0,1933-10-21,92.0,Missouri,Guard,Right,SE Missouri State,1,,,,,e/eichhdi01.html
1352,Howard Eisley,1994-95,2005-06,188.0,80.0,1972-12-04,53.0,Michigan,Point Guard and Shooting Guard,Right,Boston College,12,1994.0,2.0,3.0,Minnesota Timberwolves,e/eisleho01.html
1353,Obinna Ekezie,1999-00,2004-05,206.0,122.0,1975-08-22,50.0,Nigeria,Power Forward and Center,Right,Maryland,4,1999.0,2.0,8.0,Vancouver Grizzlies,e/ekeziob01.html
1354,Khalid El-Amin,2000-01,2000-01,178.0,90.0,1979-04-25,47.0,Minnesota,Point Guard,Right,UConn,1,2000.0,2.0,5.0,Chicago Bulls,e/elamikh01.html
1356,Mario Elie,1990-91,2000-01,196.0,95.0,1963-11-26,62.0,New York,Small Forward and Shooting Guard,Right,American International College,11,1985.0,7.0,21.0,Milwaukee Bucks,e/eliema01.html
1357,CJ Elleby,2020-21,2021-22,198.0,90.0,2000-06-16,26.0,Washington,Small Forward,Left,Washington State,2,2020.0,2.0,16.0,Portland Trail Blazers,e/ellebcj01.html
1358,Ray Ellefson,1950-51,1950-51,203.0,104.0,1922-11-18,103.0,South Dakota,Center,Right,West Texas A&M University,1,,,,,e/ellefra01.html
1359,Henry Ellenson,2016-17,2020-21,208.0,108.0,1997-01-13,29.0,Wisconsin,Power Forward and Center,Right,Marquette,5,2016.0,1.0,18.0,Detroit Pistons,e/ellenhe01.html
1360,Wayne Ellington,2009-10,2021-22,193.0,93.0,1987-11-29,38.0,Pennsylvania,Shooting Guard,Right,UNC,13,2009.0,1.0,28.0,Minnesota Timberwolves,e/ellinwa01.html
1361,Bob Elliott,1978-79,1980-81,206.0,102.0,1955-08-18,70.0,Michigan,Power Forward and Center,Right,Arizona,3,1977.0,2.0,20.0,Philadelphia 76ers,e/elliobo01.html
1362,Sean Elliott,1989-90,2000-01,203.0,92.0,1968-02-02,58.0,Arizona,Small Forward,Right,Arizona,12,1989.0,1.0,3.0,San Antonio Spurs,e/elliose01.html
1363,Bo Ellis,1977-78,1979-80,206.0,89.0,1954-08-08,71.0,Illinois,Power Forward,Right,Marquette,3,1977.0,1.0,17.0,Washington Bullets,e/ellisbo02.html
1364,Boo Ellis,1958-59,1959-60,196.0,83.0,1936-02-11,90.0,United States,Power Forward,Right,Niagara University,2,1958.0,3.0,1.0,Minneapolis Lakers,e/ellisbo01.html
1365,Dale Ellis,1983-84,1999-00,201.0,92.0,1960-08-06,65.0,Georgia,Small Forward and Shooting Guard,Right,Tennessee,17,1983.0,1.0,9.0,Dallas Mavericks,e/ellisda01.html
1366,Harold Ellis,1993-94,1997-98,196.0,90.0,1970-10-07,55.0,Georgia,Small Forward,Right,Morehouse College,3,,,,,e/ellisha01.html
1367,Joe Ellis,1966-67,1973-74,198.0,79.0,1944-05-03,82.0,California,Small Forward and Power Forward,Right,San Francisco,8,1966.0,2.0,3.0,San Francisco Warriors,e/ellisjo01.html
1368,Keon Ellis,2022-23,2025-26,193.0,79.0,2000-01-08,26.0,Florida,Shooting Guard,Right,Florida SouthWestern State College,4,,,,,e/elliske01.html
1369,LaPhonso Ellis,1992-93,2002-03,203.0,108.0,1970-05-05,56.0,Illinois,Power Forward and Small Forward,Right,Notre Dame,11,1992.0,1.0,5.0,Denver Nuggets,e/ellisla01.html
1370,LeRon Ellis,1991-92,1995-96,206.0,102.0,1969-04-28,57.0,California,Center,Right,Kentucky,3,1991.0,1.0,22.0,Los Angeles Clippers,e/ellisle02.html
1371,Leroy Ellis,1962-63,1975-76,211.0,95.0,1940-03-10,86.0,New York,Center and Power Forward,Right,St. John's,14,1962.0,1.0,8.0,Los Angeles Lakers,e/ellisle01.html
1372,Monta Ellis,2005-06,2016-17,190.0,83.0,1985-10-26,40.0,Mississippi,Shooting Guard,Right,,12,2005.0,2.0,10.0,Golden State Warriors,e/ellismo01.html
1373,Pervis Ellison,1989-90,2000-01,206.0,95.0,1967-04-03,59.0,Georgia,Center and Power Forward,Right,Louisville,11,1989.0,1.0,1.0,Sacramento Kings,e/ellispe01.html
1374,Len Elmore,1976-77,1983-84,206.0,99.0,1952-03-28,74.0,New York,Center and Power Forward,Right,Maryland,8,1974.0,1.0,13.0,Washington Bullets,e/elmorle01.html
1375,Francisco Elson,2003-04,2011-12,213.0,106.0,1976-02-28,50.0,Netherlands,Center,Right,California,9,1999.0,2.0,12.0,Denver Nuggets,e/elsonfr01.html
1376,Darrell Elston,1976-77,1976-77,193.0,86.0,1952-08-15,73.0,Indiana,Shooting Guard,Right,UNC,1,1974.0,3.0,7.0,Atlanta Hawks,e/elstoda01.html
1377,Melvin Ely,2002-03,2013-14,208.0,117.0,1978-05-02,48.0,Illinois,Center and Power Forward,Right,Fresno State,9,2002.0,1.0,12.0,Los Angeles Clippers,e/elyme01.html
1378,Joel Embiid,2016-17,2025-26,213.0,127.0,1994-03-16,32.0,Cameroon,Center,Right,Kansas,10,2014.0,1.0,3.0,Philadelphia 76ers,e/embiijo01.html
1379,Wayne Embry,1958-59,1968-69,203.0,108.0,1937-03-26,89.0,Ohio,Center,Right,Miami University,11,1958.0,3.0,7.0,St. Louis Hawks,e/embrywa01.html
1380,Andre Emmett,2004-05,2011-12,196.0,104.0,1982-08-27,43.0,Texas,Small Forward and Shooting Guard,Right,Texas Tech,2,2004.0,2.0,6.0,Seattle SuperSonics,e/emmetan01.html
1381,Tristan Enaruna,2025-26,2025-26,201.0,99.0,2001-06-26,25.0,Netherlands,Small Forward,Right,Kansas,1,,,,,e/enarutr01.html
1383,Wayne Engelstad,1988-89,1988-89,203.0,111.0,1965-12-06,60.0,California,Power Forward,Right,"University of California, Irvine",1,,,,,e/englewa01.html
1384,Chris Engler,1982-83,1987-88,211.0,111.0,1959-03-01,67.0,Minnesota,Center,Right,Minnesota,5,1982.0,3.0,14.0,Golden State Warriors,e/englech01.html
1385,A.J. English,1990-91,1991-92,190.0,79.0,1967-07-11,59.0,Delaware,Shooting Guard,Right,Virginia Union University,2,1990.0,2.0,10.0,Washington Bullets,e/engliaj01.html
1386,Alex English,1976-77,1990-91,203.0,86.0,1954-01-05,72.0,South Carolina,Small Forward,Right,South Carolina,15,1976.0,2.0,6.0,Milwaukee Bucks,e/englial01.html
1387,Claude English,1970-71,1970-71,193.0,83.0,1946-12-26,79.0,Georgia,Forward,Right,Rhode Island,1,1970.0,7.0,8.0,Portland Trail Blazers,e/englicl01.html
1388,Jo Jo English,1992-93,1994-95,193.0,88.0,1970-02-04,56.0,Germany,Shooting Guard,Right,South Carolina,3,,,,,e/englijo01.html
1389,Kim English,2012-13,2012-13,198.0,90.0,1988-09-24,37.0,Maryland,Shooting Guard,Right,Missouri,1,2012.0,2.0,14.0,Detroit Pistons,e/engliki01.html
1390,Scott English,1972-73,1972-73,198.0,92.0,1950-10-20,75.0,Illinois,Small Forward,Right,Texas-El Paso,1,1972.0,3.0,3.0,Phoenix Suns,e/englisc01.html
1391,Gene Englund,1949-50,1949-50,196.0,92.0,1917-10-21,108.0,Wisconsin,Forward/Center,Right,Wisconsin,1,,,,,e/engluge01.html
1392,James Ennis III,2014-15,2021-22,198.0,97.0,1990-07-01,36.0,California,Small Forward and Shooting Guard,Right,Cal State Long Beach,8,2013.0,2.0,20.0,Atlanta Hawks,e/ennisja01.html
1393,Tyler Ennis,2014-15,2017-18,190.0,87.0,1994-08-24,31.0,Ontario,Point Guard,Right,Syracuse,4,2014.0,1.0,18.0,Phoenix Suns,e/ennisty01.html
1394,Ray Epps,1978-79,1978-79,198.0,88.0,1956-08-20,69.0,Virginia,Small Forward,Right,Norfolk State,1,1977.0,5.0,16.0,Golden State Warriors,e/eppsra01.html
1395,Semih Erden,2010-11,2011-12,213.0,108.0,1986-07-28,39.0,Turkey,Center,Right,,2,2008.0,2.0,30.0,Boston Celtics,e/erdense01.html
1396,Bo Erias,1957-58,1957-58,190.0,99.0,1932-07-30,93.0,New York,Small Forward,Right,Niagara University,1,1954.0,5.0,7.0,Rochester Royals,e/eriasbo01.html
1397,Keith Erickson,1965-66,1976-77,196.0,88.0,1944-04-19,82.0,California,Small Forward and Shooting Guard,Right,UCLA,12,1965.0,3.0,1.0,San Francisco Warriors,e/erickke01.html
1398,Julius Erving,1976-77,1986-87,201.0,95.0,1950-02-22,76.0,New York,Small Forward and Shooting Guard,Right,UMass,11,1972.0,1.0,12.0,Milwaukee Bucks,e/ervinju01.html
1399,Evan Eschmeyer,1999-00,2002-03,211.0,115.0,1975-05-30,51.0,Ohio,Center,Right,Northwestern,4,1999.0,2.0,5.0,New Jersey Nets,e/eschmev01.html
1401,Vincenzo Esposito,1995-96,1995-96,190.0,89.0,1969-03-01,57.0,Italy,Point Guard,Right,,1,,,,,e/esposvi01.html
1402,Noa Essengue,2025-26,2025-26,203.0,90.0,2006-12-18,19.0,France,Power Forward,Right,,1,2025.0,1.0,12.0,Chicago Bulls,e/essenno01.html
1403,Tyson Etienne,2024-25,2025-26,183.0,90.0,1999-09-17,26.0,New Jersey,Point Guard,Right,Wichita State,2,,,,,e/etienty01.html
1404,Drew Eubanks,2018-19,2025-26,208.0,111.0,1997-02-01,29.0,Mississippi,Center and Power Forward,Right,Oregon State,8,,,,,e/eubandr01.html
1406,Bob Evans,1949-50,1949-50,188.0,79.0,1925-05-31,101.0,Indiana,Guard,Right,Butler,1,1949.0,4.0,,Indianapolis Jets,e/evansbo01.html
1407,Brian Evans,1996-97,1998-99,203.0,99.0,1973-09-13,52.0,Illinois,Small Forward,Left,Indiana,3,1996.0,1.0,27.0,Orlando Magic,e/evansbr01.html
1408,Earl Evans,1979-80,1979-80,203.0,91.0,1955-11-11,70.0,Texas,Power Forward,Right,USC,1,1978.0,8.0,5.0,Detroit Pistons,e/evansea01.html
1409,Jacob Evans,2018-19,2019-20,193.0,95.0,1997-06-18,29.0,North Carolina,Shooting Guard,Right,Cincinnati,2,2018.0,1.0,28.0,Golden State Warriors,e/evansja02.html
1410,Jawun Evans,2017-18,2018-19,183.0,86.0,1996-07-26,29.0,South Carolina,Point Guard,Right,Oklahoma State,2,2017.0,2.0,9.0,Philadelphia 76ers,e/evansja01.html
1411,Jeremy Evans,2010-11,2017-18,206.0,90.0,1987-10-24,38.0,Arkansas,Small Forward and Power Forward,Right,Western Kentucky,7,2010.0,2.0,25.0,Utah Jazz,e/evansje01.html
1412,Maurice Evans,2001-02,2011-12,196.0,99.0,1978-11-08,47.0,Kansas,Shooting Guard and Small Forward,Right,Wichita State,9,,,,,e/evansma01.html
1413,Mike Evans,1979-80,1987-88,185.0,77.0,1955-04-19,71.0,North Carolina,Point Guard and Shooting Guard,Right,Kansas State,9,1978.0,1.0,21.0,Denver Nuggets,e/evansmi01.html
1414,Reggie Evans,2002-03,2014-15,203.0,111.0,1980-05-18,46.0,Florida,Power Forward,Right,Iowa,13,,,,,e/evansre01.html
1415,Tyreke Evans,2009-10,2018-19,198.0,99.0,1989-09-19,36.0,Pennsylvania,"Shooting Guard, Small Forward, and Point Guard",Right,Memphis,10,2009.0,1.0,4.0,Sacramento Kings,e/evansty01.html
1416,Tosan Evbuomwan,2023-24,2025-26,203.0,98.0,2001-02-16,25.0,United Kingdom,Small Forward,Right,Princeton,3,,,,,e/evbuoto01.html
1417,Daniel Ewing,2005-06,2006-07,190.0,83.0,1983-03-26,43.0,Florida,Point Guard and Shooting Guard,Right,Duke,2,2005.0,2.0,2.0,Los Angeles Clippers,e/ewingda01.html
1418,Patrick Ewing,1985-86,2001-02,213.0,108.0,1962-08-05,63.0,Jamaica,Center and Power Forward,Right,Georgetown,17,1985.0,1.0,1.0,New York Knicks,e/ewingpa01.html
1419,Patrick Ewing,2010-11,2010-11,203.0,106.0,1984-05-20,42.0,Massachusetts,Small Forward,Right,Indiana,1,2008.0,2.0,13.0,Sacramento Kings,e/ewingpa02.html
1420,Danté Exum,2014-15,2024-25,196.0,97.0,1995-07-13,31.0,Australia,Point Guard and Shooting Guard,Right,,8,2014.0,1.0,5.0,Utah Jazz,e/exumda01.html
1421,Christian Eyenga,2010-11,2011-12,196.0,95.0,1989-06-22,37.0,Democratic Republic of the Congo,Small Forward,Right,,2,2009.0,1.0,30.0,Cleveland Cavaliers,e/eyengch01.html
1422,Festus Ezeli,2012-13,2015-16,211.0,115.0,1989-10-21,36.0,Nigeria,Center,Right,Vanderbilt,3,2012.0,1.0,30.0,Golden State Warriors,e/ezelife01.html
1423,Johnny Ezersky,1949-50,1949-50,190.0,79.0,1922-03-21,104.0,New York,Forward/Guard,Right,Rhode Island,1,1947.0,4.0,,Boston Celtics,e/ezersjo01.html
1425,John Fairchild,1965-66,1965-66,203.0,92.0,1943-04-28,83.0,California,Small Forward,Right,Palomar College,1,1965.0,2.0,8.0,Los Angeles Lakers,f/faircjo01.html
1426,Tacko Fall,2019-20,2021-22,229.0,141.0,1995-12-10,30.0,Senegal,Center,Right,Central Florida,3,,,,,f/fallta01.html
1428,Kenneth Faried,2011-12,2018-19,203.0,99.0,1989-11-19,36.0,New Jersey,Power Forward and Center,Right,Morehead State University,8,2011.0,1.0,22.0,Denver Nuggets,f/farieke01.html
1429,Dick Farley,1954-55,1958-59,193.0,86.0,1932-04-13,94.0,Indiana,Shooting Guard,Right,Indiana,3,1954.0,2.0,6.0,Syracuse Nationals,f/farledi01.html
1430,Jordan Farmar,2006-07,2016-17,188.0,81.0,1986-11-30,39.0,California,Point Guard,Right,UCLA,10,2006.0,1.0,26.0,Los Angeles Lakers,f/farmajo01.html
1431,Desmon Farmer,2006-07,2008-09,196.0,99.0,1981-10-07,44.0,Michigan,Shooting Guard,Left,USC,2,,,,,f/farmede01.html
1432,Jim Farmer,1987-88,1993-94,193.0,86.0,1964-09-23,61.0,Alabama,Shooting Guard,Right,Alabama,5,1987.0,1.0,20.0,Dallas Mavericks,f/farmeji01.html
1433,Mike Farmer,1958-59,1965-66,201.0,95.0,1936-09-26,89.0,Oklahoma,Small Forward,Right,San Francisco,7,1958.0,1.0,3.0,New York Knicks,f/farmemi01.html
1434,Tony Farmer,1997-98,1999-00,206.0,110.0,1970-01-03,56.0,California,Power Forward and Center,Right,San Jose State,2,,,,,f/farmeto01.html
1436,Vítor Luiz Faverani,2013-14,2013-14,211.0,117.0,1988-05-05,38.0,Brazil,Center,Right,,1,,,,,f/favervi01.html
1437,Derrick Favors,2010-11,2021-22,206.0,120.0,1991-07-15,35.0,Georgia,Power Forward and Center,Right,Georgia Tech,12,2010.0,1.0,3.0,New Jersey Nets,f/favorde01.html
1438,Nick Fazekas,2007-08,2007-08,211.0,106.0,1985-06-17,41.0,Colorado,Power Forward,Right,Nevada,1,2007.0,2.0,4.0,Dallas Mavericks,f/fazekni01.html
1439,Jeremiah Fears,2025-26,2025-26,190.0,86.0,2006-10-14,19.0,Illinois,Point Guard,Right,Oklahoma,1,2025.0,1.0,7.0,New Orleans Pelicans,f/fearsje01.html
1440,Dave Fedor,1962-63,1962-63,198.0,86.0,1940-12-10,85.0,United States,Small Forward,Right,Florida State,1,1962.0,3.0,7.0,San Francisco Warriors,f/fedorda01.html
1441,Bob Feerick,1949-50,1949-50,190.0,86.0,1920-01-02,106.0,California,Forward/Guard,Right,Santa Clara,1,,,,,f/feeribo01.html
1442,Butch Feher,1976-77,1976-77,193.0,83.0,1954-05-19,72.0,Michigan,Shooting Guard,Right,Vanderbilt,1,1976.0,2.0,16.0,Phoenix Suns,f/feherbu01.html
1443,Jamie Feick,1996-97,2000-01,203.0,115.0,1974-07-03,52.0,Ohio,Center and Power Forward,Right,Michigan State,5,1996.0,2.0,19.0,Philadelphia 76ers,f/feickja01.html
1444,Ron Feiereisel,1955-56,1955-56,190.0,83.0,1931-08-06,94.0,Illinois,Guard,Right,DePaul,1,1953.0,2.0,9.0,Minneapolis Lakers,f/feierro01.html
1445,George Feigenbaum,1949-50,1952-53,185.0,83.0,1928-07-02,98.0,New York,Point Guard,Right,Kentucky,2,,,,,f/feigege01.html
1446,Dave Feitl,1986-87,1991-92,211.0,106.0,1962-06-08,64.0,Pennsylvania,Center,Right,Texas-El Paso,5,1986.0,2.0,19.0,Houston Rockets,f/feitlda01.html
1447,Kay Felder,2016-17,2017-18,175.0,79.0,1995-03-29,31.0,Michigan,Point Guard,Left,Oakland,2,2016.0,2.0,24.0,Atlanta Hawks,f/feldeka01.html
1448,Cristiano Felício,2015-16,2020-21,211.0,122.0,1992-07-07,34.0,Brazil,Center,Right,,6,,,,,f/feliccr01.html
1449,Carrick Felix,2013-14,2013-14,198.0,91.0,1990-08-17,35.0,Nevada,Shooting Guard,Right,Arizona State,1,2013.0,2.0,3.0,Cleveland Cavaliers,f/felixca01.html
1450,Noel Felix,2005-06,2005-06,206.0,102.0,1981-10-04,44.0,California,Small Forward,Right,Fresno State,1,,,,,f/felixno01.html
1451,Ray Felix,1953-54,1961-62,211.0,99.0,1930-12-10,95.0,New York,Center,Right,Long Island University,9,1953.0,1.0,2.0,Baltimore Bullets,f/felixra01.html
1452,Raymond Felton,2005-06,2018-19,185.0,92.0,1984-06-26,42.0,South Carolina,Point Guard and Shooting Guard,Right,UNC,14,2005.0,1.0,5.0,Charlotte Bobcats,f/feltora01.html
1453,Jake Fendley,1951-52,1952-53,183.0,81.0,1929-06-12,97.0,Illinois,Point Guard and Shooting Guard,Right,Northwestern,2,1951.0,3.0,4.0,Fort Wayne Pistons,f/fendlja01.html
1455,Desmond Ferguson,2003-04,2003-04,201.0,92.0,1977-07-22,48.0,Michigan,Small Forward,Right,Missouri,1,,,,,f/fergude01.html
1456,Terrance Ferguson,2017-18,2020-21,198.0,86.0,1998-05-17,28.0,Oklahoma,Shooting Guard and Small Forward,Right,,4,2017.0,1.0,21.0,Oklahoma City Thunder,f/fergute01.html
1457,Rudy Fernández,2008-09,2011-12,198.0,83.0,1985-04-04,41.0,Spain,Shooting Guard,Right,,4,2007.0,1.0,24.0,Phoenix Suns,f/fernaru01.html
1458,Bruno Fernando,2019-20,2024-25,206.0,108.0,1998-08-15,27.0,Angola,Center,Right,Maryland,6,2019.0,2.0,4.0,Philadelphia 76ers,f/fernabr01.html
1459,Eric Fernsten,1975-76,1983-84,208.0,92.0,1953-11-01,72.0,California,Center and Power Forward,Right,San Francisco,6,1975.0,4.0,8.0,Cleveland Cavaliers,f/fernser01.html
1460,Al Ferrari,1955-56,1962-63,193.0,86.0,1933-07-06,93.0,New York,Shooting Guard and Small Forward,Right,Michigan State,6,1955.0,3.0,1.0,St. Louis Hawks,f/ferraal01.html
1461,Rolando Ferreira,1988-89,1988-89,216.0,108.0,1964-05-24,62.0,Brazil,Center,Right,Houston,1,1988.0,2.0,1.0,Portland Trail Blazers,f/ferrero01.html
1462,Duane Ferrell,1988-89,1998-99,201.0,94.0,1965-02-28,61.0,Maryland,Small Forward,Right,Georgia Tech,11,,,,,f/ferredu01.html
1463,Yogi Ferrell,2016-17,2020-21,183.0,80.0,1993-05-09,33.0,Indiana,Point Guard and Shooting Guard,Right,Indiana,5,,,,,f/ferreyo01.html
1464,Arnie Ferrin,1949-50,1950-51,188.0,81.0,1925-07-29,100.0,Utah,Forward/Guard,Right,Utah,2,1948.0,3.0,,Minneapolis Lakers,f/ferriar01.html
1465,Bob Ferry,1959-60,1968-69,203.0,104.0,1937-05-31,89.0,Missouri,Center and Power Forward,Right,Saint Louis,10,1959.0,1.0,7.0,St. Louis Hawks,f/ferrybo01.html
1466,Danny Ferry,1990-91,2002-03,208.0,104.0,1966-10-17,59.0,Maryland,Power Forward and Small Forward,Right,Duke,13,1989.0,1.0,2.0,Los Angeles Clippers,f/ferryda01.html
1467,Kyrylo Fesenko,2007-08,2011-12,216.0,130.0,1986-12-24,39.0,Ukraine,Center,Right,,5,2007.0,2.0,8.0,Philadelphia 76ers,f/fesenky01.html
1469,Kenny Fields,1984-85,1987-88,196.0,99.0,1962-02-09,64.0,Iowa,Small Forward,Right,UCLA,4,1984.0,1.0,21.0,Milwaukee Bucks,f/fieldke01.html
1470,Landry Fields,2010-11,2014-15,201.0,95.0,1988-06-27,38.0,California,Small Forward and Shooting Guard,Right,Stanford,5,2010.0,2.0,9.0,New York Knicks,f/fieldla01.html
1471,Ron Filipek,1967-68,1967-68,196.0,92.0,1944-02-05,82.0,New Jersey,Forward,Right,Tennessee Technological University,1,1967.0,9.0,9.0,Philadelphia 76ers,f/filipro01.html
1472,Kyle Filipowski,2024-25,2025-26,211.0,113.0,2003-11-07,22.0,New York,Center,Right,Duke,2,2024.0,2.0,2.0,Utah Jazz,f/filipky01.html
1473,Greg Fillmore,1970-71,1971-72,216.0,108.0,1947-03-07,79.0,Pennsylvania,Center,Right,Cheyney (PA),2,1970.0,8.0,17.0,New York Knicks,f/fillmgr01.html
1475,Hank Finkel,1966-67,1974-75,213.0,108.0,1942-04-20,84.0,New Jersey,Center,Left,Dayton,9,1964.0,4.0,5.0,Los Angeles Lakers,f/finkeha01.html
1476,Michael Finley,1995-96,2009-10,201.0,97.0,1973-03-06,53.0,Illinois,Small Forward and Shooting Guard,Right,Wisconsin,15,1995.0,1.0,21.0,Phoenix Suns,f/finlemi01.html
1477,Danny Finn,1952-53,1954-55,185.0,83.0,1928-05-29,98.0,New York,Point Guard and Shooting Guard,Right,St. John's,3,,,,,f/finnda01.html
1478,Dorian Finney-Smith,2016-17,2025-26,201.0,99.0,1993-05-04,33.0,Virginia,Power Forward and Small Forward,Right,Florida,10,,,,,f/finnedo01.html
1479,Matt Fish,1994-95,1996-97,211.0,106.0,1969-11-18,56.0,Iowa,Center,Left,UNC Wilmington,3,1992.0,2.0,23.0,Golden State Warriors,f/fishma01.html
1480,Derek Fisher,1996-97,2013-14,185.0,90.0,1974-08-09,51.0,Arkansas,Point Guard and Shooting Guard,Left,Little Rock,18,1996.0,1.0,24.0,Los Angeles Lakers,f/fishede01.html
1482,Gerald Fitch,2005-06,2005-06,190.0,85.0,1982-08-12,43.0,Georgia,Point Guard,Right,Kentucky,1,,,,,f/fitchge01.html
1483,Malik Fitts,2020-21,2021-22,196.0,104.0,1997-07-04,29.0,California,Power Forward,Right,South Florida,2,,,,,f/fittsma01.html
1486,Marcus Fizer,2000-01,2005-06,206.0,118.0,1978-08-10,47.0,Michigan,Power Forward and Small Forward,Right,Iowa State,6,2000.0,1.0,4.0,Chicago Bulls,f/fizerma01.html
1487,Cooper Flagg,2025-26,2025-26,206.0,92.0,2006-12-21,19.0,Maine,Small Forward,Right,Duke,1,2025.0,1.0,1.0,Dallas Mavericks,f/flaggco01.html
1488,Adam Flagler,2023-24,2024-25,185.0,81.0,1999-12-01,26.0,Georgia,Shooting Guard,Right,Presbyterian College,2,,,,,f/flaglad01.html
1489,Jerry Fleishman,1949-50,1952-53,188.0,86.0,1922-02-14,104.0,New York,Shooting Guard,Left,NYU,2,,,,,f/fleisje01.html
1490,Al Fleming,1977-78,1977-78,201.0,97.0,1954-04-05,72.0,Illinois,Small Forward,Right,Arizona,1,1976.0,2.0,13.0,Phoenix Suns,f/flemial01.html
1491,Ed Fleming,1955-56,1959-60,190.0,85.0,1933-07-25,92.0,Pennsylvania,Shooting Guard and Small Forward,Right,Niagara University,5,1955.0,3.0,2.0,Rochester Royals,f/flemied01.html
1492,Rasheer Fleming,2025-26,2025-26,206.0,108.0,2004-07-10,22.0,New Jersey,Power Forward,Right,Saint Joseph's,1,2025.0,2.0,1.0,Minnesota Timberwolves,f/flemira01.html
1493,Vern Fleming,1984-85,1995-96,196.0,83.0,1962-02-04,64.0,New York,Point Guard,Right,Georgia,12,1984.0,1.0,18.0,Indiana Pacers,f/flemive01.html
1494,Luis Flores,2004-05,2004-05,188.0,90.0,1981-04-11,45.0,Dominican Republic,Point Guard,Right,Rutgers University,1,2004.0,2.0,26.0,Houston Rockets,f/florelu01.html
1495,Bruce Flowers,1982-83,1982-83,203.0,102.0,1957-06-13,69.0,New York,Power Forward,Right,Notre Dame,1,1979.0,2.0,4.0,Cleveland Cavaliers,f/flowebr01.html
1496,Trentyn Flowers,2024-25,2025-26,206.0,83.0,2005-03-08,21.0,Maryland,Small Forward,Right,,2,,,,,f/flowetr01.html
1497,Sleepy Floyd,1982-83,1994-95,190.0,77.0,1960-03-06,66.0,North Carolina,Point Guard and Shooting Guard,Right,Georgetown,13,1982.0,1.0,13.0,New Jersey Nets,f/floydsl01.html
1498,Jonny Flynn,2009-10,2011-12,183.0,83.0,1989-02-06,37.0,New York,Point Guard,Right,Syracuse,3,2009.0,1.0,6.0,Minnesota Timberwolves,f/flynnjo01.html
1499,Malachi Flynn,2020-21,2024-25,185.0,83.0,1998-05-10,28.0,Washington,Point Guard,Right,San Diego State,5,2020.0,1.0,29.0,Toronto Raptors,f/flynnma01.html
1500,Mike Flynn,1976-77,1977-78,188.0,81.0,1953-07-31,72.0,Morocco,Shooting Guard and Point Guard,Right,Kentucky,2,1975.0,7.0,5.0,Philadelphia 76ers,f/flynnmi01.html
1501,Larry Fogle,1975-76,1975-76,196.0,92.0,1953-03-19,73.0,New York,Shooting Guard,Right,Canisius,1,1975.0,2.0,16.0,New York Knicks,f/foglela01.html
1502,Jack Foley,1962-63,1962-63,190.0,77.0,1939-04-19,87.0,Massachusetts,Forward,Right,Holy Cross,1,1962.0,2.0,9.0,Boston Celtics,f/foleyja01.html
1503,Isaac Fontaine,2001-02,2001-02,193.0,95.0,1975-04-16,51.0,California,Shooting Guard,Right,Washington State,1,,,,,f/fontais01.html
1504,Levi Fontaine,1970-71,1970-71,193.0,86.0,1948-11-01,77.0,Pennsylvania,Shooting Guard,Right,University of Maryland Eastern Shore,1,1970.0,5.0,2.0,San Francisco Warriors,f/fontale01.html
1505,Simone Fontecchio,2022-23,2025-26,201.0,94.0,1995-12-09,30.0,Italy,Small Forward,Right,,4,,,,,f/fontesi01.html
1506,Jeff Foote,2011-12,2011-12,213.0,120.0,1987-07-14,39.0,New York,Center,Right,Cornell,1,,,,,f/footeje01.html
1507,Bryn Forbes,2016-17,2022-23,188.0,92.0,1993-07-23,32.0,Michigan,Shooting Guard,Right,Michigan State,7,,,,,f/forbebr01.html
1508,Gary Forbes,2010-11,2011-12,201.0,99.0,1985-02-25,41.0,Panama,Shooting Guard and Small Forward,Right,Virginia,2,,,,,f/forbega01.html
1509,Aleem Ford,2021-22,2021-22,203.0,99.0,1997-12-22,28.0,Georgia,Small Forward,Right,Wisconsin,1,,,,,f/fordal03.html
1510,Alphonso Ford,1993-94,1994-95,185.0,86.0,1971-10-31,54.0,Mississippi,Shooting Guard and Point Guard,Right,Mississippi Valley State University,2,1993.0,2.0,5.0,Philadelphia 76ers,f/fordal01.html
1511,Alton Ford,2001-02,2003-04,206.0,124.0,1981-05-29,45.0,Texas,Power Forward,Right,Houston,3,2001.0,2.0,22.0,Phoenix Suns,f/fordal02.html
1513,Chris Ford,1972-73,1981-82,196.0,86.0,1949-01-11,77.0,New Jersey,Shooting Guard,Right,Villanova,10,1972.0,2.0,4.0,Detroit Pistons,f/fordch01.html
1514,Don Ford,1975-76,1981-82,206.0,97.0,1952-12-31,73.0,California,Small Forward and Power Forward,Right,New Mexico,7,1975.0,6.0,2.0,Los Angeles Lakers,f/forddo01.html
1515,Jake Ford,1970-71,1971-72,190.0,81.0,1945-04-29,81.0,South Carolina,Point Guard,Right,University of Maryland Eastern Shore,2,1969.0,5.0,8.0,Cincinnati Royals,f/fordja01.html
1516,Jordan Ford,2023-24,2023-24,185.0,79.0,1998-05-26,28.0,California,Point Guard,Right,Saint Mary's,1,,,,,f/fordjo01.html
1517,Phil Ford,1978-79,1984-85,188.0,79.0,1956-02-09,70.0,North Carolina,Point Guard,Right,UNC,7,1978.0,1.0,2.0,Kansas City Kings,f/fordph01.html
1518,Sharrod Ford,2005-06,2005-06,206.0,102.0,1982-01-09,44.0,District of Columbia,Power Forward,Right,Clemson,1,,,,,f/fordsh02.html
1519,Sherell Ford,1995-96,1995-96,201.0,95.0,1972-08-26,53.0,Louisiana,Small Forward,Right,University of Illinois at Chicago,1,1995.0,1.0,26.0,Seattle SuperSonics,f/fordsh01.html
1520,T.J. Ford,2003-04,2011-12,183.0,74.0,1983-03-24,43.0,Texas,Point Guard,Right,Texas,8,2003.0,1.0,8.0,Milwaukee Bucks,f/fordtj01.html
1522,Bayard Forrest,1977-78,1978-79,208.0,106.0,1954-07-08,72.0,California,Center,Right,Grand Canyon University,2,1975.0,3.0,18.0,Phoenix Suns,f/forreba01.html
1523,Trent Forrest,2020-21,2023-24,193.0,95.0,1998-06-12,28.0,Alabama,Shooting Guard and Point Guard,Right,Florida State,4,,,,,f/forretr01.html
1524,Joseph Forte,2001-02,2002-03,193.0,87.0,1981-03-23,45.0,Georgia,Shooting Guard,Right,UNC,2,2001.0,1.0,21.0,Boston Celtics,f/fortejo01.html
1525,Courtney Fortson,2011-12,2011-12,180.0,83.0,1988-05-23,38.0,Texas,Point Guard,Left,Arkansas,1,,,,,f/fortsco01.html
1526,Danny Fortson,1997-98,2006-07,201.0,117.0,1976-03-27,50.0,Pennsylvania,Power Forward and Center,Right,Cincinnati,10,1997.0,1.0,10.0,Milwaukee Bucks,f/fortsda01.html
1527,Fred Foster,1968-69,1976-77,196.0,95.0,1946-03-18,80.0,Ohio,Small Forward,Right,Miami University,8,1968.0,3.0,6.0,Cincinnati Royals,f/fostefr01.html
1528,Greg Foster,1990-91,2002-03,211.0,108.0,1968-10-03,57.0,California,Power Forward and Center,Right,UCLA,13,1990.0,2.0,8.0,Washington Bullets,f/fostegr01.html
1529,Jeff Foster,1999-00,2011-12,211.0,107.0,1977-01-16,49.0,Texas,Center,Right,Texas State University,13,1999.0,1.0,21.0,Golden State Warriors,f/fosteje01.html
1531,Michael Foster Jr.,2022-23,2022-23,203.0,113.0,2003-01-16,23.0,Wisconsin,Power Forward,Right,,1,,,,,f/fostemi02.html
1532,Rod Foster,1983-84,1985-86,185.0,72.0,1960-10-10,65.0,Alabama,Point Guard,Right,UCLA,3,1983.0,2.0,4.0,Phoenix Suns,f/fostero01.html
1533,Antonis Fotsis,2001-02,2001-02,208.0,99.0,1981-04-01,45.0,Greece,Power Forward,Right,,1,2001.0,2.0,19.0,Memphis Grizzlies,f/fotsian01.html
1534,Evan Fournier,2012-13,2023-24,198.0,92.0,1992-10-29,33.0,France,Shooting Guard and Small Forward,Right,,12,2012.0,1.0,20.0,Denver Nuggets,f/fournev01.html
1535,Larry Foust,1950-51,1961-62,206.0,97.0,1928-06-24,98.0,Ohio,Center,Right,La Salle,12,1950.0,1.0,6.0,Chicago Stags,f/foustla01.html
1537,Jerry Fowler,1951-52,1951-52,203.0,104.0,1927-06-20,99.0,Missouri,Center,Right,Missouri,1,,,,,f/fowleje01.html
1538,Tremaine Fowlkes,2001-02,2004-05,203.0,99.0,1976-04-11,50.0,California,Small Forward,Right,California,4,1998.0,2.0,25.0,Denver Nuggets,f/fowlktr01.html
1539,De'Aaron Fox,2017-18,2025-26,190.0,83.0,1997-12-20,28.0,Louisiana,Point Guard,Left,Kentucky,9,2017.0,1.0,5.0,Sacramento Kings,f/foxde01.html
1540,Harold Fox,1972-73,1972-73,188.0,79.0,1949-08-29,76.0,Maryland,Point Guard,Right,Jacksonville University,1,1972.0,2.0,2.0,Buffalo Braves,f/foxha01.html
1541,Jim Fox,1967-68,1976-77,208.0,104.0,1943-04-07,83.0,Georgia,Center,Right,South Carolina,10,1965.0,8.0,6.0,Cincinnati Royals,f/foxji01.html
1542,Rick Fox,1991-92,2003-04,201.0,104.0,1969-07-24,56.0,Ontario,Small Forward,Right,UNC,13,1991.0,1.0,24.0,Boston Celtics,f/foxri01.html
1543,Randy Foye,2006-07,2016-17,193.0,96.0,1983-09-24,42.0,New Jersey,Shooting Guard and Point Guard,Right,Villanova,11,2006.0,1.0,7.0,Boston Celtics,f/foyera01.html
1544,Adonal Foyle,1997-98,2008-09,208.0,113.0,1975-03-09,51.0,Saint Vincent and the Grenadines,Center,Right,Colgate,12,1997.0,1.0,8.0,Golden State Warriors,f/foylead01.html
1545,Richie Frahm,2003-04,2007-08,196.0,95.0,1977-08-14,48.0,Washington,Shooting Guard and Small Forward,Right,Gonzaga,4,,,,,f/frahmri01.html
1546,Steve Francis,1999-00,2007-08,190.0,88.0,1977-02-21,49.0,Maryland,Point Guard and Shooting Guard,Right,San Jacinto College,9,1999.0,1.0,2.0,Vancouver Grizzlies,f/francst01.html
1547,Tellis Frank,1987-88,1993-94,208.0,102.0,1965-04-26,61.0,Indiana,Power Forward,Right,Western Kentucky,5,1987.0,1.0,14.0,Golden State Warriors,f/frankte01.html
1550,Jamaal Franklin,2013-14,2014-15,196.0,86.0,1991-07-21,34.0,California,Shooting Guard,Right,San Diego State,2,2013.0,2.0,11.0,Memphis Grizzlies,f/frankja01.html
1551,Robert Franks,2020-21,2020-21,201.0,102.0,1996-12-18,29.0,Washington,Power Forward,Right,Washington State,1,,,,,f/frankro01.html
1553,Melvin Frazier,2018-19,2021-22,198.0,95.0,1996-08-30,29.0,Louisiana,Shooting Guard,Left,Tulane,3,2018.0,2.0,5.0,Orlando Magic,f/frazime01.html
1554,Michael Frazier,2019-20,2019-20,190.0,90.0,1994-03-08,32.0,New York,Shooting Guard,Right,Florida,1,,,,,f/frazimi01.html
1555,Tim Frazier,2014-15,2021-22,185.0,77.0,1990-11-01,35.0,Texas,Point Guard,Right,Penn State,8,,,,,f/fraziti01.html
1556,Walt Frazier,1967-68,1979-80,193.0,90.0,1945-03-29,81.0,Georgia,Point Guard,Right,Southern Illinois,13,1967.0,1.0,5.0,New York Knicks,f/fraziwa01.html
1557,Will Frazier,1965-66,1965-66,201.0,95.0,1942-08-25,83.0,Louisiana,Power Forward and Center,Right,Grambling State University,1,1965.0,2.0,1.0,San Francisco Warriors,f/fraziwi01.html
1558,Anthony Frederick,1988-89,1991-92,201.0,92.0,1964-12-07,61.0,California,Small Forward,Right,Pepperdine,3,1986.0,6.0,17.0,Denver Nuggets,f/fredean01.html
1559,Jimmer Fredette,2011-12,2018-19,188.0,88.0,1989-02-25,37.0,New York,Shooting Guard and Point Guard,Right,BYU,6,2011.0,1.0,10.0,Milwaukee Bucks,f/fredeji01.html
1560,World B. Free,1975-76,1987-88,190.0,86.0,1953-12-09,72.0,Georgia,Shooting Guard and Point Guard,Right,Guilford College,13,1975.0,2.0,5.0,Philadelphia 76ers,f/freewo01.html
1561,Enes Freedom,2011-12,2021-22,208.0,113.0,1992-05-20,34.0,Switzerland,Center,Right,Kentucky,11,2011.0,1.0,3.0,Utah Jazz,k/kanteen01.html
1562,Joel Freeland,2012-13,2014-15,208.0,113.0,1987-02-07,39.0,United Kingdom,Center and Power Forward,Right,,3,2006.0,1.0,30.0,Portland Trail Blazers,f/freeljo01.html
1563,Donnie Freeman,1975-76,1975-76,190.0,83.0,1944-07-18,81.0,Illinois,Shooting Guard and Point Guard,Right,Illinois,1,1966.0,3.0,9.0,Philadelphia 76ers,f/freemdo01.html
1564,Enrique Freeman,2024-25,2025-26,206.0,99.0,2000-07-29,25.0,Ohio,Power Forward,Right,University of Akron,2,2024.0,2.0,20.0,Indiana Pacers,f/freemen01.html
1565,Gary Freeman,1970-71,1970-71,206.0,95.0,1948-07-25,77.0,Idaho,Small Forward,Right,Oregon State,1,1970.0,1.0,16.0,Milwaukee Bucks,f/freemga01.html
1566,Rod Freeman,1973-74,1973-74,201.0,102.0,1950-11-05,75.0,United States,Small Forward,Right,Vanderbilt,1,1973.0,11.0,1.0,Philadelphia 76ers,f/freemro01.html
1567,Javon Freeman-Liberty,2023-24,2023-24,190.0,86.0,1999-10-20,26.0,Illinois,Point Guard,Right,Valparaiso,1,,,,,f/freemja01.html
1568,Matt Freije,2004-05,2006-07,208.0,108.0,1981-10-02,44.0,Kansas,Power Forward,Right,Vanderbilt,2,2004.0,2.0,24.0,Miami Heat,f/freijma01.html
1570,Larry Friend,1957-58,1957-58,193.0,83.0,1935-04-14,91.0,Illinois,Shooting Guard,Right,California,1,1957.0,2.0,5.0,New York Knicks,f/frienla01.html
1571,Pat Frink,1968-69,1968-69,193.0,88.0,1945-02-18,81.0,Colorado,Shooting Guard,Right,Colorado,1,1968.0,3.0,5.0,Cincinnati Royals,f/frinkpa01.html
1572,Jim Fritsche,1953-54,1954-55,203.0,95.0,1931-12-10,94.0,Minnesota,Power Forward,Right,Hamline University,2,1953.0,1.0,9.0,Minneapolis Lakers,f/fritsji01.html
1573,Channing Frye,2005-06,2018-19,213.0,115.0,1983-05-17,43.0,New York,Center and Power Forward,Right,Arizona,13,2005.0,1.0,8.0,New York Knicks,f/fryech01.html
1574,Bernie Fryer,1973-74,1974-75,190.0,83.0,1949-12-25,76.0,Washington,Shooting Guard,Right,BYU,2,1972.0,7.0,12.0,Phoenix Suns,f/fryerbe01.html
1576,Alex Fudge,2023-24,2023-24,203.0,90.0,2003-05-06,23.0,Florida,Small Forward,Right,LSU,1,,,,,f/fudgeal01.html
1578,Joe Fulks,1949-50,1953-54,196.0,86.0,1921-10-26,104.0,Kentucky,Power Forward,Right,Millsaps College,5,,,,,f/fulksjo01.html
1580,Hiram Fuller,2003-04,2003-04,206.0,108.0,1981-05-15,45.0,Missouri,Power Forward,Right,Fresno State,1,,,,,f/fullehi01.html
1581,Todd Fuller,1996-97,2000-01,211.0,115.0,1974-07-25,51.0,North Carolina,Center,Left,NC State,5,1996.0,1.0,11.0,Golden State Warriors,f/fulleto02.html
1582,Tony Fuller,1980-81,1980-81,193.0,81.0,1958-09-04,67.0,Michigan,Shooting Guard,Right,Vincennes University,1,1980.0,5.0,1.0,Detroit Pistons,f/fulleto01.html
1583,Markelle Fultz,2017-18,2025-26,193.0,94.0,1998-05-29,28.0,Maryland,Point Guard and Shooting Guard,Right,Washington,9,2017.0,1.0,1.0,Philadelphia 76ers,f/fultzma01.html
1584,Lawrence Funderburke,1997-98,2004-05,206.0,104.0,1970-12-15,55.0,Ohio,Power Forward,Left,Indiana,7,1994.0,2.0,24.0,Sacramento Kings,f/fundela01.html
1585,Andrew Funk,2023-24,2023-24,196.0,90.0,1999-09-21,26.0,Pennsylvania,Shooting Guard,Right,Bucknell,1,,,,,f/funkan01.html
1586,Terry Furlow,1976-77,1979-80,193.0,86.0,1954-10-18,71.0,Michigan,Shooting Guard,Right,Michigan State,4,1976.0,1.0,12.0,Philadelphia 76ers,f/furlote01.html
1587,Johnny Furphy,2024-25,2025-26,203.0,90.0,2004-12-08,21.0,Australia,Shooting Guard,Right,Kansas,2,2024.0,2.0,5.0,San Antonio Spurs,f/furphjo01.html
1588,Bill Gabor,1949-50,1954-55,180.0,77.0,1922-05-13,104.0,New York,Shooting Guard,Right,Syracuse,6,1948.0,2.0,,Rochester Royals,g/gaborbi01.html
1589,Wenyen Gabriel,2019-20,2023-24,206.0,92.0,1997-03-26,29.0,Sudan,Power Forward and Center,Right,Kentucky,5,,,,,g/gabriwe01.html
1590,Dan Gadzuric,2002-03,2011-12,211.0,108.0,1978-02-02,48.0,Netherlands,Center and Power Forward,Right,UCLA,10,2002.0,2.0,5.0,Milwaukee Bucks,g/gadzuda01.html
1591,Daniel Gafford,2019-20,2025-26,208.0,120.0,1998-10-01,27.0,Arkansas,Center and Power Forward,Right,Arkansas,7,2019.0,2.0,8.0,Chicago Bulls,g/gaffoda01.html
1592,Deng Gai,2005-06,2005-06,206.0,113.0,1982-03-22,44.0,South Sudan,Center,Right,Fairfield,1,,,,,g/gaide01.html
1593,Elmer Gainer,1949-50,1949-50,198.0,88.0,1918-11-22,107.0,Illinois,Forward/Center,Right,DePaul,1,1947.0,8.0,,Baltimore Bullets,g/gaineel01.html
1595,Corey Gaines,1988-89,1994-95,190.0,88.0,1965-06-01,61.0,California,Shooting Guard,Right,UCLA,5,1988.0,3.0,15.0,Seattle SuperSonics,g/gaineco01.html
1596,Reece Gaines,2003-04,2005-06,198.0,92.0,1981-01-07,45.0,Wisconsin,Point Guard,Right,Louisville,3,2003.0,1.0,15.0,Orlando Magic,g/gainere01.html
1598,Sundiata Gaines,2009-10,2011-12,185.0,83.0,1986-04-18,40.0,New York,Point Guard and Shooting Guard,Right,Georgia,3,,,,,g/gainesu01.html
1599,Mike Gale,1976-77,1981-82,193.0,83.0,1950-07-18,75.0,Pennsylvania,Point Guard and Shooting Guard,Right,Elizabeth City State University,6,1971.0,3.0,12.0,Chicago Bulls,g/galemi01.html
1600,Chad Gallagher,1993-94,1993-94,208.0,115.0,1969-05-30,57.0,Illinois,Center,Right,Creighton,1,1991.0,2.0,5.0,Phoenix Suns,g/gallach01.html
1601,Harry Gallatin,1949-50,1957-58,198.0,95.0,1927-04-26,99.0,Illinois,Power Forward and Small Forward,Right,Truman State University,9,1947.0,4.0,8.0,Baltimore Bullets,g/gallaha01.html
1603,Danilo Gallinari,2008-09,2023-24,208.0,107.0,1988-08-08,37.0,Italy,"Small Forward, Power Forward, and Shooting Guard",Right,,14,2008.0,1.0,6.0,New York Knicks,g/gallida01.html
1604,Langston Galloway,2014-15,2021-22,185.0,90.0,1991-12-09,34.0,Louisiana,Shooting Guard and Point Guard,Right,Saint Joseph's,8,,,,,g/gallola01.html
1605,Dave Gambee,1958-59,1969-70,198.0,97.0,1937-04-16,89.0,Oregon,Small Forward and Power Forward,Right,Oregon State,12,1958.0,1.0,7.0,St. Louis Hawks,g/gambeda01.html
1606,Kevin Gamble,1987-88,1996-97,196.0,95.0,1965-11-13,60.0,Illinois,Small Forward,Right,Iowa,10,1987.0,3.0,17.0,Portland Trail Blazers,g/gamblke01.html
1608,Jorge Garbajosa,2006-07,2007-08,206.0,111.0,1977-12-19,48.0,Spain,Power Forward,Right,,2,,,,,g/garbajo01.html
1609,Rubén Garcés,2000-01,2000-01,206.0,111.0,1973-10-17,52.0,Panama,Power Forward,Right,Providence,1,,,,,g/garceru01.html
1610,Alex Garcia,2003-04,2004-05,190.0,99.0,1980-03-04,46.0,Brazil,Shooting Guard,Left,,2,,,,,g/garcial01.html
1611,Andersson Garcia,2025-26,2025-26,201.0,99.0,2000-08-23,25.0,Dominican Republic,Small Forward,Right,Mississippi State,1,,,,,g/garcian01.html
1612,Francisco García,2005-06,2014-15,201.0,88.0,1981-12-31,44.0,Dominican Republic,Small Forward and Shooting Guard,Right,Louisville,10,2005.0,1.0,23.0,Sacramento Kings,g/garcifr01.html
1616,Myron Gardner,2025-26,2025-26,196.0,99.0,2001-05-21,25.0,Michigan,Small Forward,Right,South Plains College,1,,,,,g/gardnmy01.html
1617,Thomas Gardner,2007-08,2008-09,196.0,102.0,1985-02-08,41.0,Oregon,Shooting Guard,Right,Missouri,2,,,,,g/gardnth01.html
1618,Vern Gardner,1949-50,1951-52,196.0,90.0,1925-05-14,101.0,Wyoming,Shooting Guard,Right,Utah,3,1949.0,1.0,6.0,Philadelphia Warriors,g/gardnve01.html
1620,Patricio Garino,2016-17,2016-17,198.0,95.0,1993-05-17,33.0,Argentina,Shooting Guard,Right,George Washington,1,,,,,g/garinpa01.html
1621,Darius Garland,2019-20,2025-26,185.0,87.0,2000-01-26,26.0,Indiana,Point Guard and Shooting Guard,Right,Vanderbilt,7,2019.0,1.0,5.0,Cleveland Cavaliers,g/garlada01.html
1622,Gary Garland,1979-80,1979-80,193.0,81.0,1957-10-12,68.0,New Jersey,Point Guard,Right,DePaul,1,1979.0,2.0,8.0,Denver Nuggets,g/garlaga01.html
1623,Winston Garland,1987-88,1994-95,188.0,77.0,1964-12-19,61.0,Indiana,Point Guard,Right,Missouri State,7,1987.0,2.0,17.0,Milwaukee Bucks,g/garlawi01.html
1624,Dick Garmaker,1955-56,1960-61,190.0,90.0,1932-10-29,93.0,Minnesota,Shooting Guard and Point Guard,Right,Hibbing Community College,6,1954.0,9.0,8.0,Minneapolis Lakers,g/garmadi01.html
1626,Chris Garner,1997-98,2000-01,178.0,70.0,1975-02-02,51.0,Tennessee,Point Guard,Right,Memphis,2,,,,,g/garnech01.html
1627,Bill Garnett,1982-83,1985-86,206.0,102.0,1960-04-22,66.0,Missouri,Power Forward and Center,Right,Wyoming,4,1982.0,1.0,4.0,Dallas Mavericks,g/garnebi02.html
1628,Kevin Garnett,1995-96,2015-16,211.0,108.0,1976-05-19,50.0,South Carolina,"Power Forward, Center, and Small Forward",Right,,21,1995.0,1.0,5.0,Minnesota Timberwolves,g/garneke01.html
1629,Marlon Garnett,1998-99,1998-99,188.0,84.0,1975-07-03,51.0,California,Point Guard,Right,Santa Clara,1,,,,,g/garnema01.html
1630,Billy Garrett,2018-19,2018-19,198.0,97.0,1994-10-16,31.0,Illinois,Shooting Guard,Right,DePaul,1,,,,,g/garrebi01.html
1631,Calvin Garrett,1980-81,1983-84,201.0,86.0,1956-07-11,70.0,Tennessee,Small Forward,Right,Austin Peay State University,4,1979.0,3.0,3.0,Chicago Bulls,g/garreca01.html
1632,Dean Garrett,1996-97,2001-02,211.0,113.0,1966-11-27,59.0,California,Center,Right,Indiana,6,1988.0,2.0,13.0,Phoenix Suns,g/garrede01.html
1633,Diante Garrett,2012-13,2013-14,193.0,86.0,1988-11-03,37.0,Wisconsin,Point Guard,Right,Iowa State,2,,,,,g/garredi02.html
1634,Dick Garrett,1969-70,1973-74,190.0,83.0,1947-01-31,79.0,Illinois,Shooting Guard and Point Guard,Right,Southern Illinois,5,1969.0,2.0,12.0,Los Angeles Lakers,g/garredi01.html
1635,Marcus Garrett,2021-22,2024-25,196.0,92.0,1998-11-09,27.0,Texas,Shooting Guard,Right,Kansas,2,,,,,g/garrema01.html
1636,Rowland Garrett,1972-73,1976-77,198.0,95.0,1950-07-16,76.0,Mississippi,Small Forward,Right,Florida State,5,1972.0,5.0,15.0,Chicago Bulls,g/garrero01.html
1637,Tom Garrick,1988-89,1991-92,188.0,83.0,1966-07-07,60.0,Rhode Island,Shooting Guard,Right,Rhode Island,4,1988.0,2.0,20.0,Los Angeles Clippers,g/garrito01.html
1638,John Garris,1983-84,1983-84,203.0,92.0,1959-06-06,67.0,Connecticut,Power Forward,Right,Michigan,1,1983.0,2.0,3.0,Cleveland Cavaliers,g/garrijo01.html
1639,Kiwane Lemorris Garris,1997-98,1999-00,188.0,83.0,1974-09-24,51.0,Illinois,Shooting Guard,Right,Illinois,2,,,,,g/garriki01.html
1640,Pat Garrity,1998-99,2007-08,206.0,107.0,1976-08-23,49.0,Nevada,Power Forward and Small Forward,Right,Notre Dame,10,1998.0,1.0,19.0,Milwaukee Bucks,g/garripa01.html
1641,Usman Garuba,2021-22,2023-24,203.0,103.0,2002-03-09,24.0,Spain,Power Forward and Center,Right,,3,2021.0,1.0,23.0,Houston Rockets,g/garubus01.html
1642,Jim Garvin,1973-74,1973-74,201.0,90.0,1950-02-05,76.0,United States,Power Forward,Right,Boston University,1,1973.0,17.0,2.0,Buffalo Braves,g/garviji01.html
1643,Luka Garza,2021-22,2025-26,208.0,110.0,1998-12-27,27.0,District of Columbia,Center,Right,Iowa,5,2021.0,2.0,22.0,Detroit Pistons,g/garzalu01.html
1644,Marc Gasol,2008-09,2020-21,211.0,115.0,1985-01-29,41.0,Spain,Center,Right,,13,2007.0,2.0,18.0,Los Angeles Lakers,g/gasolma01.html
1645,Pau Gasol,2001-02,2018-19,213.0,113.0,1980-07-06,46.0,Spain,Center and Power Forward,Right,,18,2001.0,1.0,3.0,Atlanta Hawks,g/gasolpa01.html
1646,Frank Gates,1949-50,1949-50,183.0,72.0,1920-04-12,106.0,Texas,Guard,Right,Sam Houston State University,1,,,,,g/gatesfr01.html
1647,Kaiser Gates,2023-24,2023-24,203.0,101.0,1996-11-08,29.0,Georgia,Small Forward,Right,Xavier,1,,,,,g/gateska01.html
1648,Chris Gatling,1991-92,2001-02,208.0,99.0,1967-09-03,58.0,New Jersey,Power Forward and Center,Left,Old Dominion,11,1991.0,1.0,16.0,Golden State Warriors,g/gatlich01.html
1649,Kenny Gattison,1986-87,1995-96,203.0,102.0,1964-05-23,62.0,North Carolina,Power Forward,Right,Old Dominion,9,1986.0,3.0,8.0,Phoenix Suns,g/gattike01.html
1650,Rudy Gay,2006-07,2022-23,203.0,113.0,1986-08-17,39.0,New York,Small Forward and Power Forward,Right,UConn,17,2006.0,1.0,8.0,Houston Rockets,g/gayru01.html
1651,Ed Gayda,1950-51,1950-51,193.0,95.0,1927-05-16,99.0,United States,Guard/Forward,Right,Washington State,1,1950.0,2.0,4.0,Tri-Cities Blackhawks,g/gaydaed01.html
1652,Andrew Gaze,1993-94,1998-99,201.0,92.0,1965-07-24,60.0,Australia,Shooting Guard,Right,Seton Hall,2,,,,,g/gazean01.html
1653,Michael Gbinije,2016-17,2016-17,201.0,90.0,1992-06-05,34.0,Connecticut,Shooting Guard,Right,Duke,1,2016.0,2.0,19.0,Detroit Pistons,g/gbinimi01.html
1654,Reggie Geary,1996-97,1997-98,188.0,84.0,1973-08-31,52.0,New Jersey,Point Guard,Right,Arizona,2,1996.0,2.0,27.0,Cleveland Cavaliers,g/gearyre01.html
1655,Alonzo Gee,2009-10,2016-17,198.0,102.0,1987-05-29,39.0,Florida,Small Forward and Shooting Guard,Right,Alabama,8,,,,,g/geeal01.html
1656,Matt Geiger,1992-93,2001-02,213.0,110.0,1969-09-10,56.0,Massachusetts,Center,Right,Auburn,10,1992.0,2.0,15.0,Miami Heat,g/geigema01.html
1657,Mickaël Gelabale,2006-07,2012-13,201.0,97.0,1983-05-22,43.0,Guadeloupe,Small Forward and Shooting Guard,Right,,3,2005.0,2.0,18.0,Seattle SuperSonics,g/gelabmi01.html
1658,Devean George,1999-00,2009-10,203.0,99.0,1977-08-29,48.0,Minnesota,Small Forward,Right,Augsburg College,11,1999.0,1.0,23.0,Los Angeles Lakers,g/georgde01.html
1659,Jack George,1953-54,1960-61,188.0,86.0,1928-11-13,97.0,Pennsylvania,Point Guard and Shooting Guard,Right,La Salle,8,1953.0,13.0,,Philadelphia Warriors,g/georgja01.html
1660,Keyonte George,2023-24,2025-26,193.0,83.0,2003-11-08,22.0,Texas,Point Guard and Shooting Guard,Right,Baylor,3,2023.0,1.0,16.0,Utah Jazz,g/georgke01.html
1661,Kyshawn George,2024-25,2025-26,203.0,90.0,2003-12-12,22.0,Switzerland,Shooting Guard and Small Forward,Right,Miami (FL),2,2024.0,1.0,24.0,New York Knicks,g/georgky01.html
1662,Paul George,2010-11,2025-26,203.0,99.0,1990-05-02,36.0,California,"Small Forward, Power Forward, and Shooting Guard",Right,Fresno State,16,2010.0,1.0,10.0,Indiana Pacers,g/georgpa01.html
1663,Tate George,1990-91,1994-95,196.0,86.0,1968-05-29,58.0,New Jersey,Shooting Guard and Point Guard,Right,UConn,4,1990.0,1.0,22.0,New Jersey Nets,g/georgta01.html
1664,Marcus Georges-Hunt,2016-17,2017-18,196.0,102.0,1994-03-28,32.0,Florida,Shooting Guard,Right,Georgia Tech,2,,,,,g/georgma01.html
1665,Gus Gerard,1976-77,1980-81,203.0,90.0,1953-07-27,72.0,Pennsylvania,Small Forward,Right,Virginia,5,1975.0,3.0,14.0,Portland Trail Blazers,g/gerargu01.html
1666,Derrick Gervin,1989-90,1990-91,203.0,90.0,1963-03-28,63.0,Michigan,Power Forward,Right,Texas-San Antonio,2,1985.0,4.0,20.0,Philadelphia 76ers,g/gervide01.html
1667,George Gervin,1976-77,1985-86,201.0,81.0,1952-04-27,74.0,Michigan,Shooting Guard and Small Forward,Right,Eastern Michigan,10,1974.0,3.0,4.0,Phoenix Suns,g/gervige01.html
1669,John Gianelli,1972-73,1979-80,208.0,99.0,1950-06-10,76.0,California,Center,Right,University of the Pacific,8,1972.0,2.0,7.0,Houston Rockets,g/gianejo01.html
1670,Dick Gibbs,1971-72,1975-76,196.0,95.0,1948-12-20,77.0,Iowa,Small Forward,Right,Texas-El Paso,5,1971.0,3.0,14.0,Chicago Bulls,g/gibbsdi01.html
1671,Daniel Gibson,2006-07,2012-13,188.0,86.0,1986-02-27,40.0,Texas,Point Guard and Shooting Guard,Right,Texas,7,2006.0,2.0,12.0,Cleveland Cavaliers,g/gibsoda01.html
1672,Dee Gibson,1949-50,1949-50,180.0,79.0,1923-08-25,102.0,Tennessee,Forward/Guard,Right,Western Kentucky,1,1948.0,5.0,,Minneapolis Lakers,g/gibsode01.html
1673,Hoot Gibson,1949-50,1949-50,196.0,89.0,1921-12-05,104.0,Iowa,Forward/Center,Right,Creighton,1,,,,,g/gibsoho01.html
1674,Jonathan Gibson,2016-17,2017-18,188.0,83.0,1987-11-08,38.0,California,Point Guard,Right,New Mexico State,2,,,,,g/gibsojo01.html
1675,Mel Gibson,1963-64,1963-64,190.0,81.0,1940-12-30,85.0,North Carolina,Guard,Right,Western Carolina University,1,1963.0,2.0,8.0,Los Angeles Lakers,g/gibsome01.html
1676,Mike Gibson,1983-84,1985-86,208.0,92.0,1960-10-27,65.0,South Carolina,Power Forward,Right,USC Upstate,2,1982.0,2.0,21.0,Washington Bullets,g/gibsomi01.html
1677,Taj Gibson,2009-10,2025-26,206.0,105.0,1985-06-24,41.0,New York,Power Forward and Center,Right,USC,17,2009.0,1.0,26.0,Chicago Bulls,g/gibsota01.html
1678,J.R. Giddens,2008-09,2009-10,196.0,97.0,1985-02-13,41.0,Oklahoma,Small Forward,Right,Kansas,2,2008.0,1.0,30.0,Boston Celtics,g/giddejr01.html
1679,Josh Giddey,2021-22,2025-26,201.0,97.0,2002-10-10,23.0,Australia,"Point Guard, Shooting Guard, Power Forward, and Small Forward",Right,,5,2021.0,1.0,6.0,Oklahoma City Thunder,g/giddejo01.html
1680,Keshon Gilbert,2025-26,2025-26,193.0,90.0,2003-06-30,23.0,Missouri,Point Guard and Shooting Guard,Right,UNLV,1,,,,,g/gilbeke01.html
1681,Trey Gilder,2009-10,2009-10,206.0,83.0,1985-01-24,41.0,Texas,Small Forward,Right,McNeese State University,1,,,,,g/gildetr01.html
1682,Harry Giles,2018-19,2023-24,208.0,108.0,1998-04-22,28.0,North Carolina,Center and Power Forward,Right,Duke,4,2017.0,1.0,20.0,Portland Trail Blazers,g/gilesha01.html
1683,Shai Gilgeous-Alexander,2018-19,2025-26,198.0,88.0,1998-07-12,28.0,Ontario,Point Guard and Shooting Guard,Right,Kentucky,8,2018.0,1.0,11.0,Charlotte Hornets,g/gilgesh01.html
1684,Anthony Gill,2020-21,2025-26,201.0,104.0,1992-10-17,33.0,North Carolina,Power Forward,Right,South Carolina,6,,,,,g/gillan01.html
1685,Eddie Gill,2000-01,2008-09,183.0,86.0,1978-08-16,47.0,Colorado,Point Guard,Right,Weber State,7,,,,,g/gilled01.html
1686,Kendall Gill,1990-91,2004-05,196.0,88.0,1968-05-25,58.0,Illinois,Shooting Guard and Small Forward,Right,Illinois,15,1990.0,1.0,5.0,Charlotte Hornets,g/gillke01.html
1687,Ben Gillery,1988-89,1988-89,213.0,106.0,1965-09-19,60.0,Michigan,Center,Right,Georgetown,1,,,,,g/gillebe01.html
1688,Collin Gillespie,2023-24,2025-26,185.0,88.0,1999-06-25,27.0,Pennsylvania,Point Guard,Right,Villanova,3,,,,,g/gilleco01.html
1689,Freddie Gillespie,2020-21,2021-22,206.0,111.0,1997-06-14,29.0,Minnesota,Power Forward,Right,Carleton College,2,,,,,g/gillefr01.html
1691,Armen Gilliam,1987-88,1999-00,206.0,104.0,1964-05-28,62.0,Pennsylvania,Power Forward and Small Forward,Right,UNLV,13,1987.0,1.0,2.0,Phoenix Suns,g/gilliar01.html
1692,Herm Gilliam,1969-70,1976-77,190.0,86.0,1946-05-05,80.0,North Carolina,Shooting Guard and Point Guard,Right,Purdue,8,1968.0,13.0,3.0,Chicago Bulls,g/gillihe01.html
1693,Artis Gilmore,1976-77,1987-88,218.0,108.0,1949-09-21,76.0,Florida,Center,Left,Gardner-Webb University,12,1971.0,7.0,15.0,Chicago Bulls,g/gilmoar01.html
1694,Walt Gilmore,1970-71,1970-71,198.0,102.0,1947-02-27,79.0,Georgia,Power Forward,Right,Fort Valley State University,1,1970.0,2.0,8.0,Portland Trail Blazers,g/gilmowa01.html
1695,Chuck Gilmur,1949-50,1950-51,193.0,102.0,1922-08-13,103.0,Washington,Forward/Center,Right,Washington,2,,,,,g/gilmuch01.html
1696,Jacob Gilyard,2022-23,2023-24,173.0,72.0,1998-07-14,28.0,Missouri,Point Guard,Right,Richmond,2,,,,,g/gilyaja01.html
1697,Manu Ginóbili,2002-03,2017-18,198.0,92.0,1977-07-28,48.0,Argentina,Shooting Guard,Left,,16,1999.0,2.0,28.0,San Antonio Spurs,g/ginobma01.html
1698,Gordan Giriček,2002-03,2007-08,198.0,95.0,1977-06-20,49.0,Croatia,Shooting Guard and Small Forward,Right,,6,1999.0,2.0,11.0,Dallas Mavericks,g/giricgo01.html
1699,Jack Givens,1978-79,1979-80,196.0,92.0,1956-09-21,69.0,Kentucky,Small Forward,Left,Kentucky,2,1978.0,1.0,16.0,Atlanta Hawks,g/givenja01.html
1700,Mickell Gladness,2011-12,2011-12,211.0,99.0,1986-07-26,39.0,Alabama,Power Forward,Right,Alabama A&M University,1,,,,,g/gladnmi01.html
1702,Gerald Glass,1990-91,1995-96,196.0,100.0,1967-11-12,58.0,Mississippi,Small Forward,Right,Delta State University,4,1990.0,1.0,20.0,Minnesota Timberwolves,g/glassge01.html
1703,Mike Glenn,1977-78,1986-87,188.0,79.0,1955-09-10,70.0,Georgia,Shooting Guard and Point Guard,Right,Southern Illinois,10,1977.0,2.0,1.0,Chicago Bulls,g/glennmi01.html
1704,Normie Glick,1949-50,1949-50,201.0,86.0,1927-11-10,98.0,California,Forward,Right,Loyola Marymount,1,,,,,g/glickno01.html
1705,Georgi Glouchkov,1985-86,1985-86,203.0,106.0,1960-01-10,66.0,Bulgaria,Power Forward,Right,,1,1985.0,7.0,9.0,Phoenix Suns,g/gloucge01.html
1706,Clarence Glover,1971-72,1971-72,203.0,95.0,1947-11-01,78.0,Kentucky,Power Forward,Right,Western Kentucky,1,1971.0,1.0,10.0,Boston Celtics,g/glovecl01.html
1707,Dion Glover,1999-00,2004-05,196.0,103.0,1978-10-22,47.0,Georgia,Shooting Guard,Right,Georgia Tech,6,1999.0,1.0,20.0,Atlanta Hawks,g/glovedi01.html
1708,Andreas Glyniadakis,2006-07,2006-07,216.0,127.0,1981-08-21,44.0,Greece,Center,Right,,1,2003.0,2.0,29.0,Detroit Pistons,g/glynian01.html
1709,Mike Gminski,1980-81,1993-94,211.0,113.0,1959-08-03,66.0,Connecticut,Center,Right,Duke,14,1980.0,1.0,7.0,New Jersey Nets,g/gminsmi01.html
1710,Rudy Gobert,2013-14,2025-26,216.0,117.0,1992-06-26,34.0,France,Center,Right,,13,2013.0,1.0,27.0,Denver Nuggets,g/goberru01.html
1711,Dan Godfread,1990-91,1991-92,208.0,113.0,1967-06-14,59.0,Indiana,Center,Right,University of Evansville,2,,,,,g/godfrda01.html
1712,Tom Gola,1955-56,1965-66,198.0,92.0,1933-01-13,93.0,Pennsylvania,Shooting Guard and Small Forward,Right,La Salle,10,1955.0,1.0,3.0,Philadelphia Warriors,g/golato01.html
1714,Vladislav Goldin,2025-26,2025-26,213.0,113.0,2001-05-12,25.0,Russia,Center,Right,Texas Tech,1,,,,,g/goldivl01.html
1715,Anthony Goldwire,1995-96,2005-06,185.0,82.0,1971-09-06,54.0,Florida,Point Guard,Right,Houston,8,1994.0,2.0,25.0,Phoenix Suns,g/goldwan01.html
1716,Ryan Gomes,2005-06,2013-14,201.0,113.0,1982-09-01,43.0,Connecticut,Small Forward and Power Forward,Right,Providence,8,2005.0,2.0,20.0,Boston Celtics,g/gomesry01.html
1717,Glen Gondrezick,1977-78,1982-83,198.0,98.0,1955-08-30,70.0,Colorado,Small Forward and Power Forward,Right,UNLV,6,1977.0,2.0,4.0,New York Knicks,g/gondrgl01.html
1718,Grant Gondrezick,1986-87,1988-89,196.0,92.0,1963-01-19,63.0,Colorado,Shooting Guard,Right,Pepperdine,2,1986.0,4.0,7.0,Phoenix Suns,g/gondrgr01.html
1719,Hugo González,2025-26,2025-26,198.0,90.0,2006-02-05,20.0,Spain,Small Forward and Shooting Guard,Right,,1,2025.0,1.0,28.0,Boston Celtics,g/gonzahu01.html
1720,Drew Gooden,2002-03,2015-16,208.0,113.0,1981-09-24,44.0,California,"Power Forward, Center, and Small Forward",Right,Kansas,14,2002.0,1.0,4.0,Memphis Grizzlies,g/goodedr01.html
1721,Gail Goodrich,1965-66,1978-79,185.0,77.0,1943-04-23,83.0,California,Shooting Guard and Point Guard,Left,UCLA,14,1965.0,1.0,10.0,Los Angeles Lakers,g/goodrga01.html
1722,Steve Goodrich,2000-01,2001-02,208.0,99.0,1976-03-18,50.0,Pennsylvania,Small Forward and Power Forward,Right,Princeton,2,,,,,g/goodrst01.html
1723,Archie Goodwin,2013-14,2016-17,196.0,90.0,1994-08-17,31.0,Arkansas,Shooting Guard and Point Guard,Right,Kentucky,4,2013.0,1.0,29.0,Oklahoma City Thunder,g/goodwar01.html
1724,Brandon Goodwin,2018-19,2021-22,183.0,81.0,1995-10-02,30.0,Georgia,Point Guard,Right,Central Florida,4,,,,,g/goodwbr01.html
1725,Jordan Goodwin,2021-22,2025-26,190.0,97.0,1998-10-23,27.0,Illinois,Point Guard and Shooting Guard,Right,Saint Louis,5,,,,,g/goodwjo01.html
1727,Aaron Gordon,2014-15,2025-26,203.0,106.0,1995-09-16,30.0,California,Power Forward and Small Forward,Right,Arizona,12,2014.0,1.0,4.0,Orlando Magic,g/gordoaa01.html
1728,Ben Gordon,2004-05,2014-15,190.0,90.0,1983-04-04,43.0,United Kingdom,Shooting Guard,Right,UConn,11,2004.0,1.0,3.0,Chicago Bulls,g/gordobe01.html
1729,Drew Gordon,2014-15,2014-15,206.0,111.0,1990-07-12,36.0,California,Power Forward,Right,UCLA,1,,,,,g/gordodr01.html
1730,Eric Gordon,2008-09,2025-26,190.0,97.0,1988-12-25,37.0,Indiana,Shooting Guard and Small Forward,Right,Indiana,18,2008.0,1.0,7.0,Los Angeles Clippers,g/gordoer01.html
1731,Lancaster Gordon,1984-85,1987-88,190.0,83.0,1962-06-24,64.0,Mississippi,Shooting Guard,Right,Louisville,4,1984.0,1.0,8.0,Los Angeles Clippers,g/gordola01.html
1732,Paul Gordon,1949-50,1949-50,190.0,83.0,1927-04-08,99.0,Maryland,Forward,Right,Notre Dame,1,1949.0,3.0,,Baltimore Bullets,g/gordopa01.html
1733,Marcin Gortat,2007-08,2018-19,211.0,108.0,1984-02-17,42.0,Poland,Center and Power Forward,Right,,12,2005.0,2.0,27.0,Phoenix Suns,g/gortama01.html
1734,Jazian Gortman,2024-25,2024-25,188.0,83.0,2003-04-14,23.0,South Carolina,Point Guard,Right,,1,,,,,g/gortmja01.html
1736,Andrew Goudelock,2011-12,2015-16,190.0,90.0,1988-12-07,37.0,Georgia,Shooting Guard and Point Guard,Right,College of Charleston,3,2011.0,2.0,16.0,Los Angeles Lakers,g/goudean01.html
1738,Bato Govedarica,1953-54,1953-54,180.0,83.0,1928-04-17,98.0,Illinois,Point Guard,Right,DePaul,1,1951.0,3.0,5.0,Syracuse Nationals,g/govedba01.html
1739,Joe Graboski,1949-50,1961-62,201.0,88.0,1930-01-15,96.0,Illinois,Power Forward and Center,Right,,12,,,,,g/grabojo01.html
1740,Ricky Grace,1993-94,1993-94,185.0,81.0,1967-08-20,58.0,Texas,Point Guard,Left,Midland College,1,1988.0,3.0,17.0,Utah Jazz,g/graceri01.html
1742,Devonte' Graham,2018-19,2023-24,185.0,88.0,1995-02-22,31.0,North Carolina,Point Guard,Right,Kansas,6,2018.0,2.0,4.0,Atlanta Hawks,g/grahade01.html
1743,Greg Graham,1993-94,1997-98,193.0,78.0,1970-11-26,55.0,Indiana,Shooting Guard,Right,Indiana,5,1993.0,1.0,17.0,Charlotte Hornets,g/grahagr01.html
1744,Joey Graham,2005-06,2010-11,201.0,102.0,1982-06-11,44.0,Delaware,Small Forward,Right,Central Florida,6,2005.0,1.0,16.0,Toronto Raptors,g/grahajo01.html
1745,Mal Graham,1967-68,1968-69,185.0,83.0,1945-02-23,81.0,Georgia,Point Guard,Right,NYU,2,1967.0,1.0,11.0,Boston Celtics,g/grahama01.html
1746,Orlando Graham,1988-89,1988-89,203.0,99.0,1965-05-05,61.0,Alabama,Power Forward,Right,West Texas A&M University,1,1988.0,2.0,15.0,Miami Heat,g/grahaor01.html
1747,Paul Graham,1991-92,1993-94,198.0,90.0,1967-11-28,58.0,Pennsylvania,Shooting Guard,Right,Ohio University,3,,,,,g/grahapa01.html
1748,Stephen Graham,2005-06,2010-11,198.0,97.0,1982-06-11,44.0,Delaware,Shooting Guard and Small Forward,Right,Central Florida,6,,,,,g/grahast01.html
1749,Treveon Graham,2016-17,2019-20,196.0,99.0,1993-10-28,32.0,Maryland,Shooting Guard and Small Forward,Right,VCU,4,,,,,g/grahatr01.html
1750,Jim Grandholm,1990-91,1990-91,213.0,106.0,1960-10-04,65.0,Indiana,Power Forward,Right,Florida,1,1984.0,4.0,6.0,Washington Bullets,g/grandji01.html
1751,Ron Grandison,1988-89,1995-96,198.0,97.0,1964-07-09,62.0,California,Power Forward,Right,"University of California, Irvine",4,1987.0,5.0,8.0,Denver Nuggets,g/grandro01.html
1752,Danny Granger,2005-06,2014-15,206.0,100.0,1983-04-20,43.0,Louisiana,Small Forward,Right,Bradley,10,2005.0,1.0,17.0,Indiana Pacers,g/grangda01.html
1753,Stewart Granger,1983-84,1986-87,190.0,86.0,1961-10-27,64.0,Quebec,Point Guard,Right,Villanova,3,1983.0,1.0,24.0,Cleveland Cavaliers,g/grangst01.html
1754,Brian Grant,1994-95,2005-06,206.0,115.0,1972-03-05,54.0,Ohio,"Power Forward, Center, and Small Forward",Right,Xavier,12,1994.0,1.0,8.0,Sacramento Kings,g/grantbr01.html
1755,Bud Grant,1949-50,1950-51,190.0,88.0,1927-05-20,99.0,Wisconsin,Forward,Right,Minnesota,2,1950.0,4.0,11.0,Minneapolis Lakers,g/grantbu01.html
1756,Gary Grant,1988-89,2000-01,190.0,83.0,1965-04-21,61.0,Ohio,Point Guard,Right,Michigan,13,1988.0,1.0,15.0,Seattle SuperSonics,g/grantga01.html
1757,Greg Grant,1989-90,1995-96,170.0,63.0,1966-08-29,59.0,New Jersey,Point Guard,Right,Trenton State University,6,1989.0,2.0,25.0,Phoenix Suns,g/grantgr01.html
1758,Harvey Grant,1988-89,1998-99,203.0,88.0,1965-07-04,61.0,Georgia,Power Forward and Small Forward,Right,Clemson,11,1988.0,1.0,12.0,Washington Bullets,g/grantha01.html
1759,Horace Grant,1987-88,2003-04,208.0,97.0,1965-07-04,61.0,Georgia,Power Forward and Center,Right,Clemson,17,1987.0,1.0,10.0,Chicago Bulls,g/grantho01.html
1760,Jerami Grant,2014-15,2025-26,201.0,96.0,1994-03-12,32.0,Oregon,Power Forward and Small Forward,Right,Syracuse,12,2014.0,2.0,9.0,Philadelphia 76ers,g/grantje01.html
1761,Jerian Grant,2015-16,2019-20,193.0,92.0,1992-10-09,33.0,Maryland,Point Guard and Shooting Guard,Right,Notre Dame,5,2015.0,1.0,19.0,Washington Wizards,g/grantje02.html
1762,Josh Grant,1993-94,1993-94,206.0,101.0,1967-08-07,58.0,Utah,Power Forward,Right,Utah,1,1993.0,2.0,16.0,Denver Nuggets,g/grantjo01.html
1763,Paul Grant,1998-99,2003-04,213.0,111.0,1974-01-06,52.0,Pennsylvania,Center,Right,Boston College,2,1997.0,1.0,20.0,Minnesota Timberwolves,g/grantpa01.html
1764,Travis Grant,1972-73,1973-74,201.0,97.0,1950-01-01,76.0,Alabama,Small Forward,Right,Kentucky State University,2,1972.0,1.0,13.0,Los Angeles Lakers,g/granttr01.html
1765,Donte Grantham,2018-19,2018-19,203.0,97.0,1995-03-19,31.0,West Virginia,Small Forward,Right,Clemson,1,,,,,g/grantdo01.html
1766,Don Grate,1949-50,1949-50,188.0,83.0,1923-08-27,102.0,Ohio,Forward/Guard,Right,Ohio State,1,,,,,g/gratedo01.html
1767,Butch Graves,1984-85,1984-85,190.0,90.0,1962-01-05,64.0,New York,Shooting Guard,Right,Yale,1,1984.0,3.0,21.0,Philadelphia 76ers,g/gravebu01.html
1768,Hassani Gravett,2021-22,2021-22,188.0,85.0,1996-07-16,30.0,Georgia,Point Guard,Right,Pensacola State,1,,,,,g/graveha01.html
1769,Aaron Gray,2007-08,2013-14,213.0,122.0,1984-12-07,41.0,California,Center,Right,Pitt,7,2007.0,2.0,19.0,Chicago Bulls,g/grayaa01.html
1770,Devin Gray,1996-97,1999-00,201.0,108.0,1972-05-31,54.0,Maryland,Power Forward and Small Forward,Left,Clemson,2,,,,,g/grayde01.html
1771,Ed Gray,1997-98,1998-99,190.0,95.0,1975-09-27,50.0,California,Shooting Guard,Right,Tennessee,2,1997.0,1.0,22.0,Atlanta Hawks,g/grayed01.html
1772,Evric Gray,1996-97,1996-97,201.0,106.0,1969-12-13,56.0,California,Small Forward,Right,UNLV,1,,,,,g/grayev01.html
1773,Gary Gray,1967-68,1967-68,185.0,83.0,1945-02-23,81.0,Oklahoma,Shooting Guard,Right,Oklahoma City University,1,1967.0,3.0,7.0,Cincinnati Royals,g/grayga01.html
1774,Hayden Gray,2025-26,2025-26,193.0,86.0,2003-05-11,23.0,California,Shooting Guard,Right,UC San Diego,1,,,,,g/grayha01.html
1775,Josh Gray,2017-18,2019-20,183.0,81.0,1993-09-09,32.0,Louisiana,Point Guard,Right,LSU,2,,,,,g/grayjo01.html
1776,Leonard Gray,1974-75,1976-77,203.0,108.0,1951-12-19,74.0,Kansas,Power Forward,Right,Cal State Long Beach,3,1973.0,3.0,10.0,Atlanta Hawks,g/grayle01.html
1777,RaiQuan Gray,2022-23,2023-24,201.0,117.0,1999-07-07,27.0,Florida,Power Forward,Right,Florida State,2,2021.0,2.0,29.0,Brooklyn Nets,g/grayra01.html
1778,Stuart Gray,1984-85,1990-91,213.0,106.0,1963-05-27,63.0,Panama,Center,Right,UCLA,7,1984.0,2.0,5.0,Indiana Pacers,g/grayst01.html
1779,Sylvester Gray,1988-89,1988-89,198.0,104.0,1967-07-08,59.0,Tennessee,Small Forward,Right,Memphis,1,1988.0,2.0,10.0,Miami Heat,g/graysy01.html
1781,Jeff Grayer,1988-89,1997-98,196.0,90.0,1965-12-17,60.0,Michigan,Shooting Guard and Small Forward,Right,Iowa State,9,1988.0,1.0,13.0,Milwaukee Bucks,g/grayeje01.html
1782,Bob Greacen,1969-70,1970-71,201.0,93.0,1947-09-15,78.0,New Jersey,Small Forward,Right,Rutgers University,2,1969.0,2.0,2.0,Milwaukee Bucks,g/greacbo01.html
1783,A.C. Green,1985-86,2000-01,206.0,99.0,1963-10-04,62.0,Oregon,Power Forward and Small Forward,Right,Oregon State,16,1985.0,1.0,23.0,Los Angeles Lakers,g/greenac01.html
1784,A.J. Green,2022-23,2025-26,193.0,86.0,1999-09-27,26.0,Iowa,Shooting Guard,Right,University of Northern Iowa,4,,,,,g/greenaj01.html
1785,Danny Green,2009-10,2023-24,198.0,97.0,1987-06-22,39.0,New York,Shooting Guard and Small Forward,Right,UNC,15,2009.0,2.0,16.0,Cleveland Cavaliers,g/greenda02.html
1786,Devin Green,2005-06,2005-06,201.0,95.0,1982-10-25,43.0,Ohio,Shooting Guard,Right,Hampton,1,,,,,g/greende01.html
1787,Draymond Green,2012-13,2025-26,198.0,104.0,1990-03-04,36.0,Michigan,Power Forward and Small Forward,Right,Michigan State,14,2012.0,2.0,5.0,Golden State Warriors,g/greendr01.html
1788,Erick Green,2014-15,2015-16,193.0,83.0,1991-05-09,35.0,California,Point Guard,Right,Virginia Tech,2,2013.0,2.0,16.0,Utah Jazz,g/greener01.html
1789,Gerald Green,2005-06,2018-19,198.0,92.0,1986-01-26,40.0,Texas,Shooting Guard and Small Forward,Right,,12,2005.0,1.0,18.0,Boston Celtics,g/greenge01.html
1790,Jalen Green,2021-22,2025-26,193.0,84.0,2002-02-09,24.0,California,Shooting Guard,Right,,5,2021.0,1.0,2.0,Houston Rockets,g/greenja05.html
1791,JaMychal Green,2014-15,2022-23,206.0,102.0,1990-06-21,36.0,Alabama,Power Forward,Right,Alabama,9,,,,,g/greenja01.html
1792,Javonte Green,2019-20,2025-26,196.0,92.0,1993-07-23,32.0,Virginia,Shooting Guard and Small Forward,Right,Radford,7,,,,,g/greenja02.html
1793,Jeff Green,2007-08,2025-26,203.0,106.0,1986-08-28,39.0,Maryland,"Power Forward, Small Forward, and Center",Right,Georgetown,18,2007.0,1.0,5.0,Boston Celtics,g/greenje02.html
1794,Johnny Green,1959-60,1972-73,196.0,90.0,1933-12-08,92.0,Ohio,Power Forward,Left,Michigan State,14,1959.0,1.0,6.0,New York Knicks,g/greenjo01.html
1795,Josh Green,2020-21,2025-26,198.0,90.0,2000-11-16,25.0,Australia,Shooting Guard,Right,Arizona,6,2020.0,1.0,18.0,Dallas Mavericks,g/greenjo02.html
1796,Ken Green,1985-86,1985-86,203.0,97.0,1959-09-19,66.0,Georgia,Power Forward,Right,University of Texas Rio Grande Valley,1,1981.0,2.0,11.0,Denver Nuggets,g/greenke01.html
1797,Kenny Green,1985-86,1986-87,198.0,95.0,1964-10-11,61.0,Florida,Small Forward,Right,Wake Forest,2,1985.0,1.0,12.0,Washington Bullets,g/greenke02.html
1798,Lamar Green,1969-70,1974-75,201.0,95.0,1947-03-22,79.0,Alabama,Power Forward and Center,Right,Morehead State University,6,1969.0,3.0,4.0,Phoenix Suns,g/greenla01.html
1799,Litterial Green,1992-93,1998-99,185.0,83.0,1970-03-07,56.0,Mississippi,Point Guard,Right,Georgia,5,1992.0,2.0,12.0,Chicago Bulls,g/greenli01.html
1800,Luther Green,1972-73,1972-73,201.0,86.0,1946-11-13,79.0,New York,Power Forward,Right,Long Island University,1,1969.0,3.0,12.0,Cincinnati Royals,g/greenlu01.html
1801,Mike Green,1976-77,1979-80,208.0,90.0,1951-08-06,74.0,Mississippi,Center,Right,Louisiana Tech,4,1973.0,1.0,4.0,Seattle SuperSonics,g/greenmi01.html
1802,Rickey Green,1977-78,1991-92,183.0,77.0,1954-08-18,71.0,Illinois,Point Guard,Right,Vincennes University,14,1977.0,1.0,16.0,Golden State Warriors,g/greenri01.html
1803,Sean Green,1991-92,1993-94,196.0,95.0,1970-02-02,56.0,California,Shooting Guard,Right,NC State,3,1991.0,2.0,14.0,Indiana Pacers,g/greense01.html
1804,Si Green,1956-57,1965-66,188.0,83.0,1933-08-20,92.0,New York,Point Guard and Shooting Guard,Right,Duquesne,9,1956.0,1.0,1.0,Rochester Royals,g/greensi01.html
1805,Sidney Green,1983-84,1992-93,206.0,99.0,1961-01-04,65.0,New York,Power Forward and Center,Right,UNLV,10,1983.0,1.0,5.0,Chicago Bulls,g/greensi02.html
1806,Steve Green,1976-77,1978-79,201.0,99.0,1953-10-04,72.0,Wisconsin,Small Forward,Right,Indiana,3,1975.0,2.0,12.0,Chicago Bulls,g/greenst01.html
1807,Taurean Green,2007-08,2007-08,183.0,80.0,1986-11-28,39.0,Florida,Point Guard and Shooting Guard,Right,Florida,1,2007.0,2.0,22.0,Portland Trail Blazers,g/greenta01.html
1808,Tommie Green,1978-79,1978-79,188.0,83.0,1956-04-08,70.0,Louisiana,Point Guard,Right,Southern University and A&M College,1,1978.0,2.0,13.0,New Orleans Jazz,g/greento01.html
1809,Willie Green,2003-04,2014-15,193.0,90.0,1981-07-28,44.0,Michigan,Shooting Guard,Right,Detroit Mercy,12,2003.0,2.0,12.0,Seattle SuperSonics,g/greenwi01.html
1810,Donté Greene,2008-09,2011-12,211.0,102.0,1988-02-21,38.0,Germany,Small Forward and Power Forward,Right,Syracuse,4,2008.0,1.0,28.0,Memphis Grizzlies,g/greendo01.html
1811,Orien Greene,2005-06,2010-11,193.0,94.0,1982-02-04,44.0,Florida,Shooting Guard and Point Guard,Right,Florida,4,2005.0,2.0,23.0,Boston Celtics,g/greenor01.html
1812,Jerry Greenspan,1963-64,1964-65,196.0,88.0,1941-11-22,84.0,New Jersey,Shooting Guard,Right,Maryland,2,1963.0,3.0,7.0,Philadelphia 76ers,g/greenje01.html
1813,Dave Greenwood,1979-80,1990-91,206.0,100.0,1957-05-27,69.0,California,Power Forward,Right,UCLA,12,1979.0,1.0,2.0,Chicago Bulls,g/greenda01.html
1814,Hal Greer,1958-59,1972-73,188.0,79.0,1936-06-26,90.0,West Virginia,Shooting Guard and Point Guard,Right,Marshall,15,1958.0,2.0,6.0,Syracuse Nationals,g/greerha01.html
1815,Lynn Greer,2006-07,2006-07,188.0,79.0,1979-10-23,46.0,Pennsylvania,Shooting Guard,Left,Temple,1,,,,,g/greerly01.html
1816,Gary Gregor,1968-69,1972-73,201.0,102.0,1945-08-13,80.0,West Virginia,Small Forward and Power Forward,Right,South Carolina,5,1967.0,3.0,5.0,New York Knicks,g/gregoga01.html
1817,Claude Gregory,1985-86,1987-88,203.0,92.0,1958-12-26,67.0,District of Columbia,Power Forward,Right,Wisconsin,2,1981.0,2.0,18.0,Washington Bullets,g/gregocl01.html
1818,John Greig,1982-83,1982-83,201.0,97.0,1961-04-28,65.0,California,Small Forward,Right,Oregon,1,1982.0,3.0,19.0,Seattle SuperSonics,g/greigjo01.html
1819,Norm Grekin,1953-54,1953-54,196.0,81.0,1930-06-22,96.0,Pennsylvania,Forward,Right,La Salle,1,1953.0,3.0,,Philadelphia Warriors,g/grekino01.html
1820,Kevin Grevey,1975-76,1984-85,196.0,95.0,1953-05-12,73.0,Ohio,Small Forward and Shooting Guard,Left,Kentucky,10,1975.0,1.0,18.0,Washington Bullets,g/greveke01.html
1822,Adrian Griffin,1999-00,2007-08,196.0,98.0,1974-07-04,52.0,Kansas,Shooting Guard and Small Forward,Left,Seton Hall,9,,,,,g/griffad01.html
1823,AJ Griffin,2022-23,2023-24,198.0,99.0,2003-08-25,22.0,Texas,Small Forward,Right,Duke,2,2022.0,1.0,16.0,Atlanta Hawks,g/griffaj01.html
1824,Blake Griffin,2010-11,2022-23,206.0,113.0,1989-03-16,37.0,Oklahoma,Power Forward and Center,Right,Oklahoma,13,2009.0,1.0,1.0,Los Angeles Clippers,g/griffbl01.html
1825,Eddie Griffin,2001-02,2006-07,208.0,99.0,1982-05-30,44.0,Pennsylvania,Power Forward and Center,Right,Seton Hall,5,2001.0,1.0,7.0,New Jersey Nets,g/griffed01.html
1826,Greg Griffin,1977-78,1977-78,201.0,86.0,1952-09-06,73.0,Ohio,Small Forward,Right,Idaho State University,1,1977.0,4.0,5.0,Phoenix Suns,g/griffgr01.html
1827,Paul Griffin,1976-77,1982-83,206.0,92.0,1954-01-20,72.0,Michigan,Power Forward and Center,Right,Western Michigan,7,1976.0,5.0,6.0,New Orleans Jazz,g/griffpa01.html
1828,Taylor Griffin,2009-10,2009-10,201.0,107.0,1986-04-18,40.0,Oklahoma,Small Forward,Right,Oklahoma,1,2009.0,2.0,18.0,Phoenix Suns,g/griffta01.html
1829,Darrell Griffith,1980-81,1990-91,193.0,86.0,1958-06-16,68.0,Kentucky,Shooting Guard,Right,Louisville,10,1980.0,1.0,2.0,Utah Jazz,g/griffda01.html
1830,Chuck Grigsby,1954-55,1954-55,196.0,86.0,1928-08-15,97.0,Ohio,Guard,Right,Dayton,1,1952.0,2.0,,Baltimore Bullets,g/grigsch01.html
1831,Quentin Grimes,2021-22,2025-26,193.0,95.0,2000-05-08,26.0,Texas,Shooting Guard,Right,Kansas,5,2021.0,1.0,25.0,Los Angeles Clippers,g/grimequ01.html
1832,Derek Grimm,1997-98,1997-98,206.0,104.0,1974-08-03,51.0,Illinois,Small Forward,Right,Missouri,1,,,,,g/grimmde01.html
1834,Dick Groat,1952-53,1952-53,180.0,81.0,1930-11-04,95.0,Pennsylvania,Point Guard,Right,Duke,1,1952.0,1.0,3.0,Fort Wayne Pistons,g/groatdi01.html
1835,Bob Gross,1975-76,1982-83,198.0,90.0,1953-08-03,72.0,California,Small Forward,Right,Seattle University,8,1975.0,2.0,7.0,Portland Trail Blazers,g/grossbo01.html
1837,Jerry Grote,1964-65,1964-65,193.0,97.0,1940-12-28,85.0,United States,Guard,Right,Loyola Marymount,1,1962.0,4.0,3.0,St. Louis Hawks,g/groteje01.html
1838,Alex Groza,1949-50,1950-51,201.0,98.0,1926-10-07,99.0,Ohio,Center,Right,Kentucky,2,1949.0,1.0,2.0,Indianapolis Jets,g/grozaal01.html
1840,Anthony Grundy,2005-06,2005-06,190.0,81.0,1979-04-15,47.0,Kentucky,Shooting Guard,Right,NC State,1,,,,,g/grundan01.html
1841,Ernie Grunfeld,1977-78,1985-86,198.0,95.0,1955-04-24,71.0,Romania,Small Forward and Shooting Guard,Right,Tennessee,9,1977.0,1.0,11.0,Milwaukee Bucks,g/grunfer01.html
1842,Gene Guarilia,1959-60,1962-63,196.0,99.0,1937-09-13,88.0,Pennsylvania,Small Forward,Right,George Washington,4,1959.0,2.0,8.0,Boston Celtics,g/guarige01.html
1843,Pétur Guðmundsson,1981-82,1988-89,218.0,117.0,1958-10-30,67.0,Iceland,Center,Right,Washington,4,1981.0,3.0,15.0,Portland Trail Blazers,g/gudmupe01.html
1844,Marko Gudurić,2019-20,2019-20,198.0,91.0,1995-03-08,31.0,Serbia,Shooting Guard,Left,,1,,,,,g/gudurma01.html
1845,Richie Guerin,1956-57,1969-70,193.0,88.0,1932-05-29,94.0,New York,Shooting Guard,Right,Iona College,13,1954.0,2.0,8.0,New York Knicks,g/gueriri01.html
1846,Mouhamadou Gueye,2023-24,2025-26,206.0,95.0,1998-07-06,28.0,New York,Power Forward and Small Forward,Right,Monroe Community College,2,,,,,g/gueyemo01.html
1847,Mouhamed Gueye,2023-24,2025-26,211.0,95.0,2002-11-09,23.0,Senegal,Power Forward,Right,Washington State,3,2023.0,2.0,9.0,Charlotte Hornets,g/gueyemo02.html
1848,Tom Gugliotta,1992-93,2004-05,208.0,108.0,1969-12-19,56.0,New York,Power Forward and Small Forward,Right,NC State,13,1992.0,1.0,6.0,Washington Bullets,g/guglito01.html
1849,Andrés Guibert,1993-94,1994-95,208.0,102.0,1968-10-28,57.0,Cuba,Power Forward and Center,Right,,2,,,,,g/guibean01.html
1850,Jay Guidinger,1992-93,1993-94,208.0,115.0,1969-08-18,56.0,Wisconsin,Center,Right,University of Minnesota Duluth,2,,,,,g/guidija01.html
1852,Dave Gunther,1962-63,1962-63,201.0,86.0,1937-07-22,88.0,Iowa,Forward,Right,Iowa,1,1959.0,8.0,3.0,Philadelphia Warriors,g/gunthda01.html
1853,Al Guokas,1949-50,1949-50,196.0,90.0,1925-08-07,100.0,Pennsylvania,Forward/Guard,Right,Saint Joseph's,1,,,,,g/guokaal01.html
1855,Matt Guokas,1966-67,1975-76,196.0,79.0,1944-02-25,82.0,Pennsylvania,Shooting Guard and Small Forward,Right,Saint Joseph's,10,1966.0,1.0,9.0,Philadelphia 76ers,g/guokama02.html
1856,Jorge Gutiérrez,2013-14,2015-16,190.0,86.0,1988-12-27,37.0,Mexico,Point Guard,Right,California,3,,,,,g/gutiejo01.html
1857,Kyle Guy,2019-20,2021-22,185.0,75.0,1997-08-11,28.0,Indiana,Shooting Guard and Point Guard,Right,Virginia,3,2019.0,2.0,25.0,New York Knicks,g/guyky01.html
1858,A.J. Guyton,2000-01,2002-03,185.0,81.0,1978-02-12,48.0,Illinois,Point Guard,Right,Indiana,3,2000.0,2.0,3.0,Chicago Bulls,g/guytoaj01.html
1859,Rui Hachimura,2019-20,2025-26,203.0,104.0,1998-02-08,28.0,Japan,Power Forward,Right,Gonzaga,7,2019.0,1.0,9.0,Washington Wizards,h/hachiru01.html
1860,Rudy Hackett,1976-77,1976-77,206.0,95.0,1953-05-10,73.0,New York,Power Forward,Right,Syracuse,1,1975.0,3.0,1.0,New Orleans Jazz,h/hackeru01.html
1861,Hamed Haddadi,2008-09,2012-13,218.0,115.0,1985-05-19,41.0,Iran,Center,Right,,5,,,,,h/haddaha01.html
1863,Scott Haffner,1989-90,1990-91,190.0,81.0,1966-02-02,60.0,Indiana,Point Guard,Right,Illinois,2,1989.0,2.0,18.0,Miami Heat,h/haffnsc01.html
1864,Cliff Hagan,1956-57,1965-66,193.0,95.0,1931-12-09,94.0,Kentucky,Small Forward,Right,Kentucky,10,1953.0,3.0,,Boston Celtics,h/hagancl01.html
1865,Glenn Hagan,1981-82,1981-82,183.0,77.0,1955-06-25,71.0,Florida,Point Guard,Right,St. Bonaventure,1,1978.0,2.0,21.0,Philadelphia 76ers,h/hagangl01.html
1867,Ashton Hagans,2020-21,2023-24,190.0,86.0,1999-07-08,27.0,Georgia,Point Guard,Right,Kentucky,2,,,,,h/haganas01.html
1868,Robert Hahn,1949-50,1949-50,208.0,108.0,1925-08-25,100.0,Michigan,Center,Right,NC State,1,,,,,h/hahnro01.html
1869,Al Hairston,1968-69,1969-70,185.0,77.0,1945-12-11,80.0,United States,Shooting Guard,Right,Bowling Green,2,1968.0,5.0,2.0,Seattle SuperSonics,h/hairsal01.html
1870,Happy Hairston,1964-65,1974-75,201.0,102.0,1942-05-31,84.0,North Carolina,Power Forward and Small Forward,Right,NYU,11,1964.0,4.0,8.0,Cincinnati Royals,h/hairsha01.html
1871,Lindsay Hairston,1975-76,1975-76,201.0,81.0,1951-12-08,74.0,Michigan,Small Forward,Right,Michigan State,1,1975.0,4.0,10.0,Detroit Pistons,h/hairsli01.html
1872,Malik Hairston,2008-09,2009-10,198.0,99.0,1987-02-23,39.0,Michigan,Shooting Guard,Right,Oregon,2,2008.0,2.0,18.0,Phoenix Suns,h/hairsma01.html
1873,P.J. Hairston,2014-15,2015-16,198.0,104.0,1992-12-24,33.0,North Carolina,Small Forward and Shooting Guard,Right,UNC,2,2014.0,1.0,26.0,Miami Heat,h/hairspj02.html
1874,Marcus Haislip,2002-03,2009-10,208.0,104.0,1980-12-22,45.0,Tennessee,Power Forward and Small Forward,Right,Tennessee,4,2002.0,1.0,13.0,Milwaukee Bucks,h/haislma01.html
1875,Chick Halbert,1949-50,1950-51,206.0,102.0,1919-02-27,107.0,Texas,Center,Right,West Texas A&M University,2,,,,,h/halbech01.html
1876,Swede Halbrook,1960-61,1961-62,221.0,106.0,1933-01-30,93.0,Tennessee,Center,Right,Oregon State,2,1956.0,4.0,5.0,Syracuse Nationals,h/halbrsw01.html
1877,Bruce Hale,1949-50,1950-51,185.0,77.0,1918-08-30,107.0,Oregon,Guard/Forward,Right,Santa Clara,2,,,,,h/halebr01.html
1879,Jack Haley,1988-89,1997-98,208.0,108.0,1964-01-27,62.0,California,Power Forward and Center,Right,UCLA,9,1987.0,4.0,10.0,Chicago Bulls,h/haleyja01.html
1880,Tyrese Haliburton,2020-21,2024-25,196.0,83.0,2000-02-29,26.0,Wisconsin,Point Guard and Shooting Guard,Right,Iowa State,5,2020.0,1.0,12.0,Sacramento Kings,h/halibty01.html
1881,Shaler Halimon,1968-69,1971-72,196.0,90.0,1945-03-30,81.0,Florida,Small Forward and Shooting Guard,Left,Imperial Valley College,4,1968.0,1.0,14.0,Philadelphia 76ers,h/halimsh01.html
1882,Devon Hall,2019-20,2019-20,188.0,97.0,1995-07-07,31.0,Virginia,Point Guard,Left,Virginia,1,2018.0,2.0,23.0,Oklahoma City Thunder,h/hallde01.html
1883,Donta Hall,2019-20,2020-21,208.0,104.0,1997-08-07,28.0,Alabama,Power Forward and Center,Right,Alabama,2,,,,,h/halldo01.html
1884,Jordan Hall,2022-23,2022-23,201.0,99.0,2002-01-14,24.0,New Jersey,Small Forward,Right,Saint Joseph's,1,,,,,h/halljo02.html
1885,Josh Hall,2020-21,2020-21,206.0,86.0,2000-10-08,25.0,North Carolina,Small Forward,Right,,1,,,,,h/halljo01.html
1886,Mike Hall,2006-07,2006-07,203.0,104.0,1984-06-05,42.0,Illinois,Small Forward,Right,George Washington,1,,,,,h/hallmi01.html
1887,PJ Hall,2024-25,2025-26,203.0,111.0,2002-02-21,24.0,South Carolina,Center,Right,Clemson,2,,,,,h/hallpj01.html
1888,Tyler Hall,2021-22,2021-22,196.0,95.0,1997-03-25,29.0,Illinois,Shooting Guard,Right,Montana State,1,,,,,h/hallty01.html
1889,Jeff Halliburton,1971-72,1972-73,196.0,87.0,1949-07-03,77.0,New York,Shooting Guard,Right,Drake University,2,1971.0,3.0,4.0,Atlanta Hawks,h/hallije01.html
1890,Darvin Ham,1996-97,2004-05,201.0,99.0,1973-07-23,52.0,Michigan,Small Forward and Shooting Guard,Right,Texas Tech,8,,,,,h/hamda01.html
1891,Steve Hamer,1996-97,1996-97,213.0,111.0,1973-11-13,52.0,Tennessee,Center,Right,Tennessee,1,1996.0,2.0,9.0,Boston Celtics,h/hamerst01.html
1892,Dale Hamilton,1949-50,1949-50,183.0,81.0,1919-08-16,106.0,Indiana,Guard/Forward,Right,Franklin College,1,,,,,h/hamilda01.html
1893,Daniel Hamilton,2017-18,2018-19,201.0,88.0,1995-08-08,30.0,California,Shooting Guard,Right,UConn,2,2016.0,2.0,26.0,Denver Nuggets,h/hamilda02.html
1894,Dennis Hamilton,1967-68,1968-69,203.0,95.0,1944-05-08,82.0,California,Power Forward,Right,Arizona State,2,,,,,h/hamilde01.html
1896,Jordan Hamilton,2011-12,2015-16,201.0,99.0,1990-10-06,35.0,California,Small Forward,Right,Texas,5,2011.0,1.0,26.0,Dallas Mavericks,h/hamiljo02.html
1897,Justin Hamilton,2013-14,2016-17,213.0,117.0,1990-04-01,36.0,California,Center,Right,Iowa State,3,2012.0,2.0,15.0,Philadelphia 76ers,h/hamilju01.html
1899,Richard Hamilton,1999-00,2012-13,201.0,83.0,1978-02-14,48.0,Pennsylvania,Shooting Guard and Small Forward,Right,UConn,14,1999.0,1.0,7.0,Washington Wizards,h/hamilri01.html
1900,Roy Hamilton,1979-80,1980-81,188.0,81.0,1957-07-20,68.0,California,Point Guard,Right,UCLA,2,1979.0,1.0,10.0,Detroit Pistons,h/hamilro01.html
1901,Steve Hamilton,1958-59,1959-60,198.0,86.0,1934-11-30,91.0,Kentucky,Small Forward,Left,Purdue,2,1957.0,9.0,5.0,Philadelphia Warriors,h/hamilst01.html
1902,Tang Hamilton,2001-02,2001-02,203.0,99.0,1978-05-26,48.0,Mississippi,Small Forward,Right,Mississippi State,1,,,,,h/hamilta01.html
1903,Thomas Hamilton,1995-96,1999-00,218.0,149.0,1975-04-03,51.0,Illinois,Center,Right,Pitt,2,,,,,h/hamilth01.html
1904,Zendon Hamilton,2000-01,2005-06,211.0,113.0,1975-04-27,51.0,New York,Center and Power Forward,Left,St. John's,6,,,,,h/hamilze01.html
1905,Geert Hammink,1993-94,1995-96,213.0,118.0,1969-07-12,57.0,Netherlands,Center,Right,LSU,3,1993.0,1.0,26.0,Orlando Magic,h/hammige01.html
1907,Tom Hammonds,1989-90,2000-01,206.0,97.0,1967-03-27,59.0,Florida,Power Forward,Right,Georgia Tech,12,1989.0,1.0,9.0,Washington Bullets,h/hammoto01.html
1908,A.J. Hammons,2016-17,2016-17,213.0,117.0,1992-08-27,33.0,Indiana,Center,Right,Purdue,1,2016.0,2.0,16.0,Dallas Mavericks,h/hammoaj01.html
1910,R.J. Hampton,2020-21,2023-24,193.0,79.0,2001-02-07,25.0,Texas,Shooting Guard and Point Guard,Right,,4,2020.0,1.0,24.0,Milwaukee Bucks,h/hamptrj01.html
1911,Darrin Hancock,1994-95,1996-97,201.0,92.0,1971-11-03,54.0,Alabama,Small Forward,Right,Kansas,3,1994.0,2.0,11.0,Charlotte Hornets,h/hancoda01.html
1912,Ben Handlogten,2003-04,2004-05,208.0,108.0,1973-11-16,52.0,Michigan,Center,Right,Western Michigan,2,,,,,h/handlbe01.html
1914,Phil Hankinson,1973-74,1974-75,203.0,88.0,1951-07-26,74.0,Georgia,Small Forward,Right,Penn,2,1973.0,2.0,17.0,Boston Celtics,h/hankiph01.html
1915,Dusty Hannahs,2018-19,2019-20,193.0,88.0,1993-09-02,32.0,Arkansas,Shooting Guard,Right,Texas Tech,2,,,,,h/hannadu01.html
1916,Alex Hannum,1949-50,1956-57,201.0,95.0,1923-07-19,102.0,California,Power Forward,Right,USC,8,1948.0,4.0,,Indianapolis Jets,h/hannual01.html
1917,Don Hanrahan,1952-53,1952-53,201.0,90.0,1929-02-06,97.0,Illinois,Forward,Right,Loyola Chicago,1,,,,,h/hanrado01.html
1918,Rollen Hans,1953-54,1954-55,188.0,95.0,1931-04-13,95.0,California,Shooting Guard,Right,Long Island University,2,,,,,h/hansro01.html
1919,Ben Hansbrough,2012-13,2012-13,190.0,92.0,1987-12-23,38.0,Missouri,Point Guard,Right,Mississippi State,1,,,,,h/hansbbe01.html
1920,Tyler Hansbrough,2009-10,2015-16,206.0,113.0,1985-11-03,40.0,Missouri,Power Forward,Right,UNC,7,2009.0,1.0,13.0,Indiana Pacers,h/hansbty01.html
1921,Bob Hansen,1983-84,1991-92,198.0,86.0,1961-01-18,65.0,Iowa,Shooting Guard,Right,Iowa,9,1983.0,3.0,7.0,Utah Jazz,h/hansebo01.html
1922,Glenn Hansen,1975-76,1977-78,193.0,92.0,1952-04-21,74.0,North Dakota,Shooting Guard,Right,LSU,3,1975.0,2.0,13.0,Kansas City Kings,h/hansegl01.html
1923,Lars Hansen,1978-79,1978-79,208.0,102.0,1954-09-14,71.0,Denmark,Center,Right,Washington,1,1976.0,3.0,3.0,Chicago Bulls,h/hansela01.html
1924,Travis Hansen,2003-04,2003-04,198.0,92.0,1978-04-15,48.0,Utah,Small Forward,Right,Utah Valley,1,2003.0,2.0,8.0,Atlanta Hawks,h/hansetr01.html
1925,Yang Hansen,2025-26,2025-26,216.0,122.0,2005-06-26,21.0,China,Center,Right,,1,2025.0,1.0,16.0,Memphis Grizzlies,y/yangha01.html
1926,Reggie Hanson,1997-98,1997-98,203.0,88.0,1968-10-06,57.0,North Carolina,Small Forward,Right,Kentucky,1,,,,,h/hansore01.html
1927,Bill Hanzlik,1980-81,1989-90,201.0,83.0,1957-12-06,68.0,Ohio,Small Forward and Power Forward,Right,Notre Dame,10,1980.0,1.0,20.0,Seattle SuperSonics,h/hanzlbi01.html
1928,Luke Harangody,2010-11,2011-12,203.0,111.0,1988-01-02,38.0,Illinois,Power Forward,Right,Notre Dame,2,2010.0,2.0,22.0,Boston Celtics,h/haranlu01.html
1929,Anfernee Hardaway,1993-94,2007-08,201.0,88.0,1971-07-18,54.0,Tennessee,"Shooting Guard, Point Guard, and Small Forward",Right,Memphis,14,1993.0,1.0,3.0,Golden State Warriors,h/hardaan01.html
1930,Tim Hardaway,1989-90,2002-03,183.0,79.0,1966-09-01,59.0,Illinois,Point Guard,Right,Texas-El Paso,13,1989.0,1.0,14.0,Golden State Warriors,h/hardati01.html
1931,Tim Hardaway Jr.,2013-14,2025-26,196.0,92.0,1992-03-16,34.0,California,Shooting Guard and Small Forward,Right,Michigan,13,2013.0,1.0,24.0,New York Knicks,h/hardati02.html
1932,James Harden,2009-10,2025-26,196.0,99.0,1989-08-26,36.0,California,Point Guard and Shooting Guard,Left,Arizona State,17,2009.0,1.0,3.0,Oklahoma City Thunder,h/hardeja01.html
1933,Reggie Harding,1963-64,1967-68,213.0,112.0,1942-05-04,84.0,Michigan,Center,Right,,4,1962.0,4.0,4.0,Detroit Pistons,h/hardire01.html
1934,Charlie Hardnett,1962-63,1964-65,203.0,102.0,1938-09-13,87.0,Georgia,Power Forward,Right,Grambling State University,3,1962.0,3.0,3.0,St. Louis Hawks,h/hardnch01.html
1935,Alan Hardy,1980-81,1981-82,201.0,88.0,1957-05-25,69.0,Michigan,Shooting Guard,Right,Michigan,2,,,,,h/hardyal01.html
1937,Jaden Hardy,2022-23,2025-26,190.0,89.0,2002-07-05,24.0,Michigan,Shooting Guard,Right,,4,2022.0,2.0,7.0,Sacramento Kings,h/hardyja02.html
1938,James Hardy,1978-79,1981-82,203.0,99.0,1956-12-01,69.0,Alabama,Power Forward and Small Forward,Right,San Francisco,4,1978.0,1.0,11.0,New Orleans Jazz,h/hardyja01.html
1940,John Hargis,1949-50,1950-51,188.0,81.0,1920-08-20,105.0,Texas,Guard/Forward,Right,Texas,2,,,,,h/hargijo01.html
1941,Elijah Harkless,2024-25,2025-26,190.0,88.0,2000-02-03,26.0,California,Shooting Guard,Right,Cal State Northridge,2,,,,,h/harklej01.html
1942,Maurice Harkless,2012-13,2021-22,201.0,99.0,1993-05-11,33.0,New York,Small Forward and Power Forward,Right,St. John's,10,2012.0,1.0,15.0,Philadelphia 76ers,h/harklma01.html
1943,Jerry Harkness,1963-64,1963-64,188.0,79.0,1940-05-07,86.0,New York,Point Guard,Left,Loyola Chicago,1,1962.0,8.0,5.0,Syracuse Nationals,h/harknje01.html
1944,Skip Harlicka,1968-69,1968-69,185.0,83.0,1946-10-14,79.0,New Jersey,Point Guard,Right,South Carolina,1,1968.0,1.0,13.0,Atlanta Hawks,h/harlisk01.html
1945,Jerome Harmon,1994-95,1994-95,193.0,86.0,1969-02-06,57.0,Indiana,Shooting Guard,Right,Louisville,1,,,,,h/harmoje01.html
1946,Derek Harper,1983-84,1998-99,193.0,83.0,1961-10-13,64.0,Georgia,Point Guard and Shooting Guard,Right,Illinois,16,1983.0,1.0,11.0,Dallas Mavericks,h/harpede01.html
1947,Dylan Harper,2025-26,2025-26,196.0,97.0,2006-03-02,20.0,New Jersey,Shooting Guard,Left,Rutgers University,1,2025.0,1.0,2.0,San Antonio Spurs,h/harpedy01.html
1948,Jared Harper,2019-20,2021-22,178.0,79.0,1997-09-14,28.0,Georgia,Point Guard,Right,Auburn,3,,,,,h/harpeja01.html
1949,Justin Harper,2011-12,2016-17,208.0,102.0,1989-08-30,36.0,Virginia,Power Forward,Right,Richmond,3,2011.0,2.0,2.0,Cleveland Cavaliers,h/harpeju01.html
1950,Mike Harper,1980-81,1981-82,208.0,88.0,1957-12-09,68.0,Illinois,Power Forward,Right,North Park University,2,1980.0,3.0,10.0,Portland Trail Blazers,h/harpemi01.html
1951,Ron Harper,1986-87,2000-01,198.0,83.0,1964-01-20,62.0,Ohio,Shooting Guard and Point Guard,Right,Miami University,15,1986.0,1.0,8.0,Cleveland Cavaliers,h/harpero01.html
1952,Ron Harper Jr.,2022-23,2025-26,196.0,105.0,2000-04-12,26.0,New Jersey,Small Forward and Power Forward,Right,Rutgers University,4,,,,,h/harpero02.html
1953,Matt Harpring,1998-99,2008-09,201.0,104.0,1976-05-31,50.0,Ohio,Small Forward and Shooting Guard,Right,Georgia Tech,11,1998.0,1.0,15.0,Orlando Magic,h/harprma01.html
1954,Montrezl Harrell,2015-16,2022-23,201.0,108.0,1994-01-26,32.0,North Carolina,Center and Power Forward,Right,Louisville,8,2015.0,2.0,2.0,Houston Rockets,h/harremo01.html
1955,Josh Harrellson,2011-12,2013-14,208.0,124.0,1989-02-12,37.0,Missouri,Center and Power Forward,Right,Kentucky,3,2011.0,2.0,15.0,New Orleans Hornets,h/harrejo01.html
1956,Adam Harrington,2002-03,2002-03,196.0,90.0,1980-07-05,46.0,Massachusetts,Shooting Guard,Right,NC State,1,,,,,h/harriad01.html
1957,Al Harrington,1998-99,2013-14,206.0,104.0,1980-02-17,46.0,New Jersey,"Power Forward, Center, and Small Forward",Right,,16,1998.0,1.0,25.0,Indiana Pacers,h/harrial01.html
1958,Junior Harrington,2002-03,2006-07,193.0,81.0,1980-10-02,45.0,North Carolina,Point Guard and Shooting Guard,Right,Wingate University,3,,,,,h/harriju01.html
1959,Othella Harrington,1996-97,2007-08,206.0,106.0,1974-01-31,52.0,Mississippi,Power Forward and Center,Left,Georgetown,12,1996.0,2.0,1.0,Houston Rockets,h/harriot01.html
1960,Art Harris,1968-69,1971-72,193.0,83.0,1947-01-13,79.0,United States,Shooting Guard and Point Guard,Right,Stanford,4,1968.0,2.0,2.0,Seattle SuperSonics,h/harriar01.html
1961,Bernie Harris,1974-75,1974-75,208.0,90.0,1950-11-26,75.0,Virginia,Power Forward,Right,VCU,1,1974.0,4.0,9.0,Buffalo Braves,h/harribe01.html
1963,Bob Harris,1949-50,1953-54,201.0,88.0,1927-03-16,99.0,Tennessee,Small Forward and Power Forward,Right,Oklahoma State,5,1949.0,1.0,3.0,Fort Wayne Pistons,h/harribo01.html
1964,Chris Harris,1955-56,1955-56,190.0,86.0,1933-08-11,92.0,United Kingdom,Shooting Guard,Right,Dayton,1,,,,,h/harrich01.html
1965,Devin Harris,2004-05,2018-19,190.0,83.0,1983-02-27,43.0,Wisconsin,Point Guard and Shooting Guard,Right,Wisconsin,15,2004.0,1.0,5.0,Washington Wizards,h/harride01.html
1966,Elias Harris,2013-14,2013-14,203.0,108.0,1989-07-06,37.0,Germany,Small Forward,Right,Gonzaga,1,,,,,h/harriel01.html
1967,Gary Harris,2014-15,2025-26,193.0,95.0,1994-09-14,31.0,Indiana,Shooting Guard,Right,Michigan State,12,2014.0,1.0,19.0,Chicago Bulls,h/harriga01.html
1968,Jalen Harris,2020-21,2020-21,196.0,88.0,1998-08-14,27.0,Texas,Shooting Guard,Right,Louisiana Tech,1,2020.0,2.0,29.0,Toronto Raptors,h/harrija01.html
1969,Joe Harris,2014-15,2023-24,198.0,99.0,1991-09-06,34.0,Washington,Shooting Guard and Small Forward,Right,Virginia,10,2014.0,2.0,3.0,Cleveland Cavaliers,h/harrijo01.html
1970,Kevon Harris,2022-23,2023-24,196.0,97.0,1997-06-24,29.0,Georgia,Shooting Guard,Right,Stephen F. Austin,2,,,,,h/harrike01.html
1971,Lucious Harris,1993-94,2004-05,196.0,86.0,1970-12-18,55.0,California,Shooting Guard and Point Guard,Right,Cal State Long Beach,12,1993.0,2.0,1.0,Dallas Mavericks,h/harrilu01.html
1972,Manny Harris,2010-11,2016-17,196.0,83.0,1989-09-21,36.0,Michigan,Shooting Guard,Right,Michigan,4,,,,,h/harrima01.html
1973,Mike Harris,2007-08,2013-14,198.0,108.0,1983-06-15,43.0,Texas,Power Forward,Right,Rice University,4,,,,,h/harrimi01.html
1974,Steve Harris,1985-86,1989-90,196.0,88.0,1963-10-15,62.0,Missouri,Shooting Guard,Right,Tulsa,5,1985.0,1.0,19.0,Houston Rockets,h/harrist01.html
1975,Terrel Harris,2011-12,2012-13,196.0,86.0,1987-08-10,38.0,Texas,Shooting Guard,Right,Oklahoma State,2,,,,,h/harrite01.html
1976,Tobias Harris,2011-12,2025-26,203.0,102.0,1992-07-15,34.0,New York,Power Forward and Small Forward,Right,Tennessee,15,2011.0,1.0,19.0,Charlotte Bobcats,h/harrito02.html
1977,Tony Harris,1990-91,1994-95,190.0,86.0,1967-05-13,59.0,Louisiana,Shooting Guard,Right,Lamar,3,,,,,h/harrito01.html
1978,Aaron Harrison,2015-16,2017-18,198.0,95.0,1994-10-28,31.0,Texas,Shooting Guard,Right,Kentucky,3,,,,,h/harriaa01.html
1979,Andrew Harrison,2016-17,2018-19,198.0,96.0,1994-10-28,31.0,Texas,Point Guard,Right,Kentucky,3,2015.0,2.0,14.0,Phoenix Suns,h/harrian01.html
1980,Bob Harrison,1949-50,1957-58,185.0,86.0,1927-08-12,98.0,Ohio,Shooting Guard and Point Guard,Right,Michigan,9,1949.0,2.0,11.0,Minneapolis Lakers,h/harribo02.html
1981,David Harrison,2004-05,2007-08,213.0,127.0,1982-08-15,43.0,Tennessee,Center,Right,Colorado,4,2004.0,1.0,29.0,Indiana Pacers,h/harrida01.html
1982,Shaquille Harrison,2017-18,2023-24,193.0,88.0,1993-10-06,32.0,Missouri,Shooting Guard and Point Guard,Left,Tulsa,7,,,,,h/harrish01.html
1983,Jason Hart,2000-01,2009-10,190.0,83.0,1978-04-29,48.0,California,Point Guard,Right,Syracuse,9,2000.0,2.0,20.0,Milwaukee Bucks,h/hartja01.html
1984,Josh Hart,2017-18,2025-26,196.0,97.0,1995-03-06,31.0,Maryland,Small Forward and Shooting Guard,Right,Villanova,9,2017.0,1.0,30.0,Utah Jazz,h/hartjo01.html
1985,Isaiah Hartenstein,2018-19,2025-26,213.0,113.0,1998-05-05,28.0,Oregon,Center and Power Forward,Left,,8,2017.0,2.0,13.0,Houston Rockets,h/harteis01.html
1986,Antonio Harvey,1993-94,2002-03,211.0,102.0,1970-07-06,56.0,Mississippi,Power Forward,Right,Southern Illinois,8,,,,,h/harvean01.html
1987,Donnell Harvey,2000-01,2004-05,203.0,99.0,1980-08-26,45.0,Georgia,Power Forward and Small Forward,Left,Florida,5,2000.0,1.0,22.0,New York Knicks,h/harvedo01.html
1988,Scott Haskin,1993-94,1993-94,211.0,113.0,1970-09-19,55.0,California,Center,Right,Oregon State,1,1993.0,1.0,14.0,Indiana Pacers,h/haskisc01.html
1989,Clem Haskins,1967-68,1975-76,190.0,88.0,1943-07-11,83.0,Kentucky,Shooting Guard and Point Guard,Right,Western Kentucky,9,1967.0,1.0,3.0,Chicago Bulls,h/haskicl01.html
1990,Udonis Haslem,2003-04,2022-23,203.0,106.0,1980-06-09,46.0,Florida,Power Forward and Center,Right,Florida,20,,,,,h/hasleud01.html
1991,Trenton Hassell,2001-02,2009-10,196.0,90.0,1979-03-04,47.0,Tennessee,Shooting Guard and Small Forward,Right,Austin Peay State University,9,2001.0,2.0,1.0,Chicago Bulls,h/hassetr01.html
1992,Billy Hassett,1949-50,1950-51,180.0,81.0,1921-10-21,104.0,New York,Guard,Right,Notre Dame,2,,,,,h/hassebi01.html
1993,Joe Hassett,1977-78,1982-83,196.0,81.0,1955-09-11,70.0,Rhode Island,Shooting Guard,Right,Providence,6,1977.0,3.0,8.0,Seattle SuperSonics,h/hassejo01.html
1994,Scott Hastings,1982-83,1992-93,208.0,106.0,1960-06-03,66.0,Kansas,Power Forward and Center,Right,Arkansas,11,1982.0,2.0,6.0,New York Knicks,h/hastisc01.html
1995,Kirk Haston,2001-02,2002-03,206.0,109.0,1979-03-10,47.0,Tennessee,Small Forward and Power Forward,Right,Indiana,2,2001.0,1.0,16.0,Charlotte Hornets,h/hastoki01.html
1996,Vern Hatton,1958-59,1961-62,190.0,88.0,1936-01-13,90.0,Kentucky,Shooting Guard and Point Guard,Right,Kentucky,4,1958.0,2.0,2.0,Cincinnati Royals,h/hattove01.html
1997,Sam Hauser,2021-22,2025-26,201.0,98.0,1997-12-08,28.0,Wisconsin,Small Forward and Power Forward,Right,Marquette,5,,,,,h/hausesa01.html
1998,John Havlicek,1962-63,1977-78,196.0,92.0,1940-04-08,86.0,Ohio,Small Forward and Shooting Guard,Right,Ohio State,16,1962.0,1.0,9.0,Boston Celtics,h/havlijo01.html
1999,Spencer Hawes,2007-08,2016-17,216.0,111.0,1988-04-28,38.0,Washington,Center and Power Forward,Right,Washington,10,2007.0,1.0,10.0,Sacramento Kings,h/hawessp01.html
2000,Steve Hawes,1974-75,1983-84,206.0,99.0,1950-05-26,76.0,Washington,Power Forward and Center,Right,Washington,10,1972.0,2.0,11.0,Cleveland Cavaliers,h/hawesst01.html
2001,Bubbles Hawkins,1975-76,1978-79,193.0,86.0,1954-06-30,72.0,Michigan,Shooting Guard,Left,Illinois State,4,1975.0,3.0,15.0,Golden State Warriors,h/hawkiro01.html
2002,Connie Hawkins,1969-70,1975-76,203.0,95.0,1942-07-17,83.0,New York,"Small Forward, Power Forward, and Center",Right,Iowa,7,,,,,h/hawkico01.html
2003,Hersey Hawkins,1988-89,2000-01,190.0,86.0,1966-09-29,59.0,Illinois,Shooting Guard,Right,Bradley,13,1988.0,1.0,6.0,Los Angeles Clippers,h/hawkihe01.html
2004,Jordan Hawkins,2023-24,2025-26,196.0,86.0,2002-04-29,24.0,Maryland,Shooting Guard,Right,UConn,3,2023.0,1.0,14.0,New Orleans Pelicans,h/hawkijo01.html
2005,Juaquin Hawkins,2002-03,2002-03,201.0,99.0,1973-07-02,53.0,California,Shooting Guard,Left,Cal State Long Beach,1,,,,,h/hawkiju01.html
2006,Marshall Hawkins,1949-50,1949-50,190.0,92.0,1924-08-03,101.0,West Virginia,Forward,Right,Tennessee,1,1948.0,3.0,,Boston Celtics,h/hawkima01.html
2007,Michael Hawkins,1996-97,2000-01,183.0,80.0,1972-10-28,53.0,Ohio,Point Guard,Right,Xavier,4,,,,,h/hawkimi01.html
2008,Tom Hawkins,1959-60,1968-69,196.0,95.0,1936-12-22,89.0,Illinois,Small Forward and Power Forward,Right,Notre Dame,10,1959.0,1.0,4.0,Minneapolis Lakers,h/hawkito01.html
2009,Nate Hawthorne,1973-74,1975-76,193.0,86.0,1950-01-15,76.0,Illinois,Shooting Guard,Right,Southern Illinois,3,1973.0,7.0,15.0,Los Angeles Lakers,h/hawthna01.html
2010,Chuck Hayes,2005-06,2015-16,198.0,108.0,1983-06-11,43.0,California,Center and Power Forward,Right,Kentucky,11,,,,,h/hayesch01.html
2011,Elvin Hayes,1968-69,1983-84,206.0,106.0,1945-11-17,80.0,Louisiana,Power Forward and Center,Right,Houston,16,1968.0,1.0,1.0,San Diego Rockets,h/hayesel01.html
2012,Jarvis Hayes,2003-04,2009-10,201.0,99.0,1981-08-09,44.0,Georgia,Small Forward and Shooting Guard,Right,Western Carolina University,7,2003.0,1.0,10.0,Washington Wizards,h/hayesja01.html
2013,Jaxson Hayes,2019-20,2025-26,213.0,99.0,2000-05-23,26.0,Oklahoma,Center,Right,Texas,7,2019.0,1.0,8.0,Atlanta Hawks,h/hayesja02.html
2015,Killian Hayes,2020-21,2025-26,193.0,88.0,2001-07-27,24.0,Florida,Point Guard,Left,,6,2020.0,1.0,7.0,Detroit Pistons,h/hayeski01.html
2016,Steve Hayes,1981-82,1985-86,213.0,92.0,1955-08-02,70.0,Idaho,Center,Right,Idaho State University,5,1977.0,4.0,10.0,New York Knicks,h/hayesst01.html
2017,Nigel Hayes-Davis,2017-18,2025-26,201.0,115.0,1994-12-16,31.0,Ohio,Small Forward,Right,Wisconsin,2,,,,,h/hayesni01.html
2018,Gordon Hayward,2010-11,2023-24,201.0,102.0,1990-03-23,36.0,Indiana,Small Forward and Power Forward,Right,Butler,14,2010.0,1.0,9.0,Utah Jazz,h/haywago01.html
2019,Lazar Hayward,2010-11,2012-13,198.0,102.0,1986-11-26,39.0,New York,Small Forward,Right,Marquette,3,2010.0,1.0,30.0,Washington Wizards,h/haywala01.html
2020,Brendan Haywood,2001-02,2014-15,213.0,121.0,1979-11-27,46.0,New York,Center,Right,UNC,13,2001.0,1.0,20.0,Cleveland Cavaliers,h/haywobr01.html
2021,Spencer Haywood,1970-71,1982-83,203.0,102.0,1949-04-22,77.0,Mississippi,Power Forward and Center,Right,Trinidad State Junior College,12,1971.0,2.0,13.0,Buffalo Braves,h/haywosp01.html
2023,Walt Hazzard,1964-65,1973-74,188.0,83.0,1942-04-15,84.0,Delaware,Point Guard and Shooting Guard,Right,UCLA,10,1964.0,1.0,5.0,Los Angeles Lakers,a/abdulma01.html
2024,Luther Head,2005-06,2010-11,190.0,83.0,1982-11-26,43.0,Illinois,Shooting Guard and Point Guard,Right,Illinois,6,2005.0,1.0,24.0,Houston Rockets,h/headlu01.html
2025,Shane Heal,1996-97,2003-04,183.0,81.0,1970-09-06,55.0,Australia,Point Guard,Right,,2,,,,,h/healsh01.html
2026,Brian Heaney,1969-70,1969-70,188.0,81.0,1946-09-03,79.0,United States,Guard,Right,Acadia University,1,1969.0,19.0,4.0,Baltimore Bullets,h/heanebr01.html
2027,Gar Heard,1970-71,1980-81,198.0,99.0,1948-05-03,78.0,Georgia,Power Forward,Right,Oklahoma,11,1970.0,3.0,6.0,Seattle SuperSonics,h/heardga01.html
2028,Reggie Hearn,2017-18,2017-18,196.0,95.0,1991-08-14,34.0,Indiana,Shooting Guard,Right,Northwestern,1,,,,,h/hearnre01.html
2029,Herm Hedderick,1954-55,1954-55,196.0,77.0,1930-01-10,96.0,Pennsylvania,Guard,Right,Canisius,1,1952.0,4.0,,Boston Celtics,h/heddehe01.html
2030,Alvin Heggs,1995-96,1995-96,203.0,102.0,1967-12-12,58.0,Florida,Small Forward,Right,Texas,1,,,,,h/heggsal01.html
2031,Tom Heinsohn,1956-57,1964-65,201.0,98.0,1934-08-26,91.0,New Jersey,Power Forward and Small Forward,Right,Holy Cross,9,1956.0,1.0,6.0,Boston Celtics,h/heinsto01.html
2032,Dick Hemric,1955-56,1956-57,198.0,99.0,1933-08-29,92.0,North Carolina,Power Forward,Right,Wake Forest,2,1955.0,2.0,4.0,Boston Celtics,h/hemridi01.html
2033,Alan Henderson,1995-96,2006-07,206.0,106.0,1972-12-02,53.0,Indiana,"Power Forward, Center, and Small Forward",Right,Indiana,12,1995.0,1.0,16.0,Atlanta Hawks,h/hendeal01.html
2034,Cedric Henderson,1986-87,1986-87,203.0,95.0,1965-10-03,60.0,Georgia,Power Forward,Right,Georgia,1,1986.0,2.0,8.0,Atlanta Hawks,h/hendece01.html
2035,Cedric Henderson,1997-98,2001-02,201.0,97.0,1975-03-11,51.0,Tennessee,Small Forward,Right,Memphis,5,1997.0,2.0,16.0,Cleveland Cavaliers,h/hendece02.html
2036,Dave Henderson,1987-88,1987-88,196.0,88.0,1964-07-21,61.0,North Carolina,Shooting Guard,Right,Duke,1,1986.0,3.0,11.0,Washington Bullets,h/hendeda01.html
2037,Gerald Henderson,1979-80,1991-92,188.0,79.0,1956-01-16,70.0,Virginia,Point Guard,Right,VCU,13,1978.0,3.0,20.0,San Antonio Spurs,h/hendege01.html
2038,Gerald Henderson,2009-10,2016-17,196.0,97.0,1987-12-09,38.0,New Jersey,Shooting Guard,Right,Duke,8,2009.0,1.0,12.0,Charlotte Bobcats,h/hendege02.html
2039,J.R. Henderson,1998-99,1998-99,203.0,102.0,1976-10-30,49.0,California,Small Forward,Right,UCLA,1,1998.0,2.0,27.0,Vancouver Grizzlies,h/hendejr01.html
2040,Jerome Henderson,1985-86,1986-87,211.0,104.0,1959-10-05,66.0,California,Power Forward and Center,Right,New Mexico,2,,,,,h/hendeje01.html
2041,Kevin Henderson,1986-87,1987-88,193.0,88.0,1964-03-22,62.0,Maryland,Shooting Guard and Point Guard,Right,Cal State Fullerton,2,1986.0,3.0,3.0,Cleveland Cavaliers,h/hendeke01.html
2042,Scoot Henderson,2023-24,2025-26,190.0,93.0,2004-02-03,22.0,Georgia,Point Guard,Right,,3,2023.0,1.0,3.0,Portland Trail Blazers,h/hendesc01.html
2043,Tom Henderson,1974-75,1982-83,190.0,86.0,1952-01-26,74.0,South Carolina,Point Guard and Shooting Guard,Right,Hawaii,9,1974.0,1.0,7.0,Atlanta Hawks,h/hendeto01.html
2044,Taylor Hendricks,2023-24,2025-26,206.0,97.0,2003-11-22,22.0,Florida,Power Forward,Right,Central Florida,3,2023.0,1.0,9.0,Utah Jazz,h/hendrta01.html
2045,Mark Hendrickson,1996-97,1999-00,206.0,99.0,1974-06-23,52.0,Washington,Power Forward,Left,Washington State,4,1996.0,2.0,2.0,Philadelphia 76ers,h/hendrma01.html
2046,Larry Hennessy,1955-56,1956-57,190.0,83.0,1929-05-20,97.0,New York,Shooting Guard,Right,Villanova,2,1953.0,2.0,1.0,Philadelphia Warriors,h/hennela01.html
2047,Don Henriksen,1952-53,1954-55,201.0,102.0,1929-10-10,96.0,California,Power Forward and Center,Right,California,2,,,,,h/henrido01.html
2048,Aaron Henry,2021-22,2021-22,196.0,95.0,1999-08-30,26.0,Kentucky,Small Forward,Left,Michigan State,1,,,,,h/henryaa01.html
2049,Al Henry,1970-71,1971-72,206.0,86.0,1949-02-09,77.0,United States,Center,Left,Wisconsin,2,1970.0,1.0,12.0,Philadelphia 76ers,h/henryal01.html
2050,Bill Henry,1949-50,1949-50,206.0,97.0,1924-12-27,101.0,Texas,Center,Right,Rice University,1,,,,,h/henrybi01.html
2051,Carl Henry,1985-86,1985-86,198.0,92.0,1960-08-16,65.0,Oklahoma,Shooting Guard,Right,Oklahoma City University,1,1984.0,4.0,10.0,Kansas City Kings,h/henryca01.html
2052,Conner Henry,1986-87,1987-88,201.0,88.0,1963-07-21,62.0,California,Shooting Guard,Right,UC Santa Barbara,2,1986.0,4.0,19.0,Houston Rockets,h/henryco01.html
2053,Myke Henry,2017-18,2017-18,198.0,107.0,1992-12-23,33.0,Illinois,Small Forward,Right,DePaul,1,,,,,h/henrymy01.html
2054,Skeeter Henry,1993-94,1993-94,201.0,86.0,1967-12-08,58.0,Texas,Shooting Guard,Right,Midland College,1,,,,,h/henrysk01.html
2055,Xavier Henry,2010-11,2014-15,198.0,99.0,1991-03-15,35.0,Belgium,Small Forward and Shooting Guard,Left,Kansas,5,2010.0,1.0,12.0,Memphis Grizzlies,h/henryxa01.html
2056,John Henson,2012-13,2019-20,206.0,99.0,1990-12-28,35.0,North Carolina,Center and Power Forward,Right,UNC,8,2012.0,1.0,14.0,Milwaukee Bucks,h/hensojo01.html
2057,Steve Henson,1990-91,1998-99,180.0,80.0,1968-02-02,58.0,Kansas,Point Guard,Right,Kansas State,7,1990.0,2.0,17.0,Milwaukee Bucks,h/hensost01.html
2059,Chucky Hepburn,2025-26,2025-26,183.0,86.0,2003-02-09,23.0,Nebraska,Point Guard,Right,Wisconsin,1,,,,,h/hepbuch01.html
2060,Bill Herman,1949-50,1949-50,190.0,77.0,1924-05-17,102.0,Ohio,Guard,Right,Mount Union College,1,,,,,h/hermabi01.html
2061,Kleggie Hermsen,1949-50,1952-53,206.0,102.0,1923-03-12,103.0,Minnesota,Center/Forward,Right,Minnesota,3,,,,,h/hermskl01.html
2062,Dewan Hernandez,2019-20,2019-20,208.0,106.0,1996-12-09,29.0,Florida,Center,Right,Miami (FL),1,2019.0,2.0,29.0,Toronto Raptors,h/hernade01.html
2063,Juancho Hernangómez,2016-17,2022-23,206.0,97.0,1995-09-28,30.0,Spain,Power Forward,Right,,7,2016.0,1.0,15.0,Denver Nuggets,h/hernaju01.html
2064,Willy Hernangómez,2016-17,2022-23,211.0,113.0,1994-05-27,32.0,Spain,Center,Right,,7,2015.0,2.0,5.0,Philadelphia 76ers,h/hernawi01.html
2065,Chris Herren,1999-00,2000-01,188.0,89.0,1975-09-27,50.0,Massachusetts,Point Guard,Right,Boston College,2,1999.0,2.0,4.0,Denver Nuggets,h/herrech01.html
2066,Carl Herrera,1991-92,1998-99,206.0,97.0,1966-12-14,59.0,Trinidad and Tobago,Power Forward,Right,Jacksonville College,8,1990.0,2.0,3.0,Miami Heat,h/herreca01.html
2067,Walter Herrmann,2006-07,2008-09,206.0,102.0,1979-06-26,47.0,Argentina,Power Forward and Small Forward,Right,,3,,,,,h/herrmwa01.html
2068,Tyler Herro,2019-20,2025-26,196.0,88.0,2000-01-20,26.0,Wisconsin,Shooting Guard,Right,Kentucky,7,2019.0,1.0,13.0,Miami Heat,h/herroty01.html
2069,Keith Herron,1978-79,1981-82,198.0,88.0,1956-06-14,70.0,Tennessee,Shooting Guard,Right,Villanova,3,1978.0,2.0,2.0,Portland Trail Blazers,h/herroke01.html
2070,Sonny Hertzberg,1949-50,1950-51,178.0,79.0,1922-07-29,103.0,New York,Guard,Right,City College of New York,2,,,,,h/hertzso01.html
2071,Kevin Hervey,2019-20,2019-20,203.0,104.0,1996-07-09,30.0,Texas,Power Forward,Right,UT Arlington,1,2018.0,2.0,27.0,Oklahoma City Thunder,h/herveke01.html
2073,Fred Hetzel,1965-66,1970-71,203.0,99.0,1942-07-21,83.0,District of Columbia,Small Forward and Power Forward,Right,Davidson,6,1965.0,1.0,1.0,San Francisco Warriors,h/hetzefr01.html
2074,Bill Hewitt,1968-69,1974-75,201.0,95.0,1944-08-08,81.0,Massachusetts,Power Forward,Right,USC,6,1968.0,1.0,11.0,Los Angeles Lakers,h/hewitbi01.html
2076,Art Heyman,1963-64,1965-66,196.0,92.0,1941-06-24,85.0,New York,Shooting Guard and Small Forward,Right,Duke,3,1963.0,1.0,1.0,New York Knicks,h/heymaar01.html
2077,Mario Hezonja,2015-16,2019-20,203.0,99.0,1995-02-25,31.0,Croatia,Small Forward and Power Forward,Right,,5,2015.0,1.0,5.0,Orlando Magic,h/hezonma01.html
2078,Roy Hibbert,2008-09,2016-17,218.0,122.0,1986-12-11,39.0,New York,Center,Right,Georgetown,9,2008.0,1.0,17.0,Toronto Raptors,h/hibbero01.html
2080,Isaiah Hicks,2017-18,2018-19,206.0,104.0,1994-07-24,31.0,North Carolina,Power Forward,Right,UNC,2,,,,,h/hicksis01.html
2081,Phil Hicks,1976-77,1978-79,201.0,92.0,1953-01-31,73.0,Illinois,Small Forward,Right,Tulane,2,1975.0,4.0,7.0,Portland Trail Blazers,h/hicksph01.html
2082,J.J. Hickson,2008-09,2015-16,206.0,109.0,1988-09-04,37.0,Georgia,Center and Power Forward,Right,NC State,8,2008.0,1.0,19.0,Cleveland Cavaliers,h/hicksjj01.html
2083,Buddy Hield,2016-17,2025-26,193.0,99.0,1992-12-17,33.0,Bahamas,Shooting Guard and Small Forward,Right,Oklahoma,10,2016.0,1.0,6.0,New Orleans Pelicans,h/hieldbu01.html
2085,Cory Higgins,2011-12,2012-13,196.0,81.0,1989-06-14,37.0,California,Shooting Guard and Point Guard,Right,Colorado,2,,,,,h/higgico01.html
2087,Mike Higgins,1989-90,1990-91,206.0,99.0,1967-02-17,59.0,Nebraska,Small Forward,Right,University of Northern Colorado,2,,,,,h/higgimi01.html
2088,Rod Higgins,1982-83,1994-95,201.0,90.0,1960-01-31,66.0,Louisiana,Small Forward and Power Forward,Right,Fresno State,13,1982.0,2.0,8.0,Chicago Bulls,h/higgiro01.html
2089,Sean Higgins,1990-91,1997-98,206.0,92.0,1968-12-30,57.0,California,Small Forward and Power Forward,Right,Michigan,6,1990.0,2.0,27.0,San Antonio Spurs,h/higgise01.html
2090,Kenny Higgs,1978-79,1981-82,183.0,81.0,1955-01-31,71.0,Kentucky,Point Guard,Right,LSU,3,1978.0,3.0,13.0,Cleveland Cavaliers,h/higgske01.html
2091,Johnny High,1979-80,1983-84,190.0,83.0,1957-04-25,69.0,Alabama,Point Guard and Shooting Guard,Right,Nevada,4,1979.0,2.0,2.0,Phoenix Suns,h/highjo01.html
2092,Haywood Highsmith,2018-19,2025-26,196.0,99.0,1996-12-09,29.0,Maryland,Small Forward and Power Forward,Right,Wheeling University,6,,,,,h/highsha01.html
2093,Wayne Hightower,1962-63,1966-67,203.0,87.0,1940-01-14,86.0,Pennsylvania,Power Forward,Right,Kansas,5,1962.0,1.0,7.0,San Francisco Warriors,h/hightwa01.html
2094,Nenê,2002-03,2018-19,211.0,113.0,1982-09-13,43.0,Brazil,Center and Power Forward,Right,,17,2002.0,1.0,7.0,New York Knicks,h/hilarne01.html
2095,Armond Hill,1976-77,1983-84,193.0,86.0,1953-03-31,73.0,New York,Point Guard,Right,Princeton,8,1976.0,1.0,9.0,Atlanta Hawks,h/hillar01.html
2096,Cleo Hill,1961-62,1961-62,185.0,83.0,1938-05-24,88.0,New Jersey,Shooting Guard,Right,Winston-Salem State,1,1961.0,1.0,8.0,St. Louis Hawks,h/hillcl01.html
2097,Gary Hill,1963-64,1964-65,193.0,83.0,1941-10-07,84.0,United States,Shooting Guard,Right,Oklahoma City University,2,1963.0,2.0,3.0,San Francisco Warriors,h/hillga01.html
2098,George Hill,2008-09,2022-23,193.0,85.0,1986-05-04,40.0,Indiana,Point Guard and Shooting Guard,Right,IUPUI,15,2008.0,1.0,26.0,San Antonio Spurs,h/hillge01.html
2099,Grant Hill,1994-95,2012-13,203.0,102.0,1972-10-05,53.0,Texas,Small Forward and Shooting Guard,Right,Duke,18,1994.0,1.0,3.0,Detroit Pistons,h/hillgr01.html
2100,Jordan Hill,2009-10,2016-17,208.0,106.0,1987-07-27,38.0,Georgia,Center and Power Forward,Right,Arizona,8,2009.0,1.0,8.0,New York Knicks,h/hilljo01.html
2101,Malcolm Hill,2021-22,2022-23,198.0,99.0,1995-10-26,30.0,Missouri,Small Forward and Shooting Guard,Right,Illinois,2,,,,,h/hillma01.html
2103,Solomon Hill,2013-14,2021-22,198.0,102.0,1991-03-18,35.0,California,Small Forward and Power Forward,Right,Arizona,9,2013.0,1.0,23.0,Indiana Pacers,h/hillso01.html
2104,Steven Hill,2008-09,2008-09,213.0,112.0,1985-11-14,40.0,Kansas,Power Forward,Left,Arkansas,1,,,,,h/hillst01.html
2105,Tyrone Hill,1990-91,2003-04,206.0,108.0,1968-03-19,58.0,Ohio,Power Forward and Center,Right,Xavier,14,1990.0,1.0,11.0,Golden State Warriors,h/hillty01.html
2107,Darrun Hilliard,2015-16,2017-18,198.0,99.0,1993-04-13,33.0,Pennsylvania,Shooting Guard,Left,Villanova,3,2015.0,2.0,8.0,Detroit Pistons,h/hillida01.html
2108,Darnell Hillman,1976-77,1979-80,206.0,97.0,1949-08-29,76.0,California,Power Forward and Center,Right,San Jose State,4,1971.0,1.0,8.0,Golden State Warriors,h/hillmda01.html
2109,Fred Hilton,1971-72,1972-73,190.0,83.0,1948-01-15,78.0,Louisiana,Shooting Guard,Right,Grambling State University,2,1971.0,2.0,2.0,Buffalo Braves,h/hiltofr01.html
2110,Kirk Hinrich,2003-04,2015-16,193.0,86.0,1981-01-02,45.0,Iowa,Point Guard and Shooting Guard,Right,Kansas,13,2003.0,1.0,7.0,Chicago Bulls,h/hinriki01.html
2111,Blake Hinson,2025-26,2025-26,203.0,108.0,1999-12-26,26.0,Florida,Small Forward,Right,Ole Miss,1,,,,,h/hinsobl01.html
2112,Roy Hinson,1983-84,1990-91,206.0,95.0,1961-05-02,65.0,New Jersey,Small Forward and Power Forward,Right,Rutgers University,8,1983.0,1.0,20.0,Cleveland Cavaliers,h/hinsoro01.html
2113,Nate Hinton,2020-21,2023-24,196.0,95.0,1999-06-08,27.0,North Carolina,Shooting Guard and Small Forward,Right,Houston,3,,,,,h/hintona01.html
2115,Lew Hitch,1951-52,1956-57,203.0,90.0,1929-07-16,97.0,Illinois,Power Forward,Right,Kansas State,6,1951.0,2.0,10.0,Minneapolis Lakers,h/hitchle01.html
2116,Robert Hite,2006-07,2006-07,188.0,83.0,1984-01-12,42.0,Ohio,Shooting Guard,Left,Miami (FL),1,,,,,h/hitero01.html
2117,Jaylen Hoard,2019-20,2021-22,203.0,97.0,1999-03-30,27.0,France,Small Forward and Power Forward,Right,Wake Forest,3,,,,,h/hoardja01.html
2118,Darington Hobson,2011-12,2011-12,201.0,95.0,1987-09-29,38.0,Nevada,Shooting Guard,Left,New Mexico,1,2010.0,2.0,7.0,Milwaukee Bucks,h/hobsoda01.html
2119,D'Moi Hodge,2023-24,2023-24,190.0,85.0,1998-12-20,27.0,British Virgin Islands,Shooting Guard,Right,"State College of Florida, Manatee-Sarasota",1,,,,,h/hodgedm01.html
2120,Donald Hodge,1991-92,1995-96,213.0,104.0,1969-02-25,57.0,District of Columbia,Center and Power Forward,Right,Temple,5,1991.0,2.0,6.0,Dallas Mavericks,h/hodgedo01.html
2121,Julius Hodge,2005-06,2006-07,201.0,95.0,1983-11-18,42.0,New York,Shooting Guard,Right,NC State,2,2005.0,1.0,20.0,Denver Nuggets,h/hodgeju01.html
2122,Craig Hodges,1982-83,1991-92,188.0,86.0,1960-06-27,66.0,Illinois,Shooting Guard and Point Guard,Right,Cal State Long Beach,10,1982.0,3.0,2.0,San Diego Clippers,h/hodgecr01.html
2124,Paul Hoffman,1949-50,1954-55,188.0,88.0,1925-05-05,101.0,Indiana,Shooting Guard and Point Guard,Right,Purdue,5,1947.0,5.0,,Toronto Huskies,h/hoffmpa01.html
2125,Bob Hogsett,1966-67,1966-67,201.0,104.0,1941-01-29,85.0,Virginia,Power Forward,Right,Tennessee,1,,,,,h/hogsebo01.html
2126,Paul Hogue,1962-63,1963-64,206.0,108.0,1940-04-28,86.0,Tennessee,Center,Right,Cincinnati,2,1962.0,1.0,2.0,New York Knicks,h/hoguedu01.html
2127,Fred Hoiberg,1995-96,2004-05,193.0,92.0,1972-10-15,53.0,Nebraska,Shooting Guard,Right,Iowa State,10,1995.0,2.0,23.0,Indiana Pacers,h/hoibefr01.html
2129,Randy Holcomb,2005-06,2005-06,206.0,102.0,1979-08-08,46.0,Illinois,Small Forward,Left,Fresno State,1,2002.0,2.0,28.0,San Antonio Spurs,h/holcora01.html
2130,Aaron Holiday,2018-19,2025-26,183.0,83.0,1996-09-30,29.0,Louisiana,Point Guard,Right,UCLA,8,2018.0,1.0,23.0,Indiana Pacers,h/holidaa01.html
2131,Jrue Holiday,2009-10,2025-26,193.0,99.0,1990-06-12,36.0,California,Point Guard and Shooting Guard,Right,UCLA,17,2009.0,1.0,17.0,Philadelphia 76ers,h/holidjr01.html
2132,Justin Holiday,2012-13,2023-24,198.0,81.0,1989-04-05,37.0,California,Shooting Guard and Small Forward,Right,Washington,11,,,,,h/holidju01.html
2133,Brad Holland,1979-80,1981-82,190.0,81.0,1956-12-06,69.0,Montana,Shooting Guard,Right,UCLA,3,1979.0,1.0,14.0,Los Angeles Lakers,h/hollabr01.html
2134,Joe Holland,1949-50,1951-52,193.0,83.0,1925-09-26,100.0,Kentucky,Small Forward,Right,Kentucky,3,1948.0,2.0,,Baltimore Bullets,h/hollajo01.html
2135,John Holland,2017-18,2018-19,196.0,92.0,1988-11-06,37.0,New York,Small Forward,Right,Boston University,2,,,,,h/hollajo02.html
2136,Ron Holland,2024-25,2025-26,203.0,93.0,2005-07-07,21.0,Texas,Small Forward,Right,,2,2024.0,1.0,5.0,Detroit Pistons,h/hollaro01.html
2137,Wilbur Holland,1975-76,1978-79,183.0,79.0,1951-11-08,74.0,Georgia,Shooting Guard,Left,New Orleans,4,1975.0,5.0,3.0,Atlanta Hawks,h/hollawi01.html
2138,Lionel Hollins,1975-76,1984-85,190.0,83.0,1953-10-19,72.0,Kansas,Point Guard and Shooting Guard,Left,Dixie State (UT),10,1975.0,1.0,6.0,Portland Trail Blazers,h/hollili01.html
2139,Ryan Hollins,2006-07,2015-16,213.0,108.0,1984-10-10,41.0,California,Center and Power Forward,Right,UCLA,10,2006.0,2.0,20.0,Charlotte Bobcats,h/holliry01.html
2140,Essie Hollis,1978-79,1978-79,198.0,88.0,1955-05-16,71.0,Pennsylvania,Small Forward,Right,St. Bonaventure,1,1977.0,2.0,22.0,New Orleans Jazz,h/hollies01.html
2141,Rondae Hollis-Jefferson,2015-16,2020-21,198.0,98.0,1995-01-03,31.0,Pennsylvania,Small Forward and Power Forward,Left,Arizona,6,2015.0,1.0,23.0,Portland Trail Blazers,h/holliro01.html
2143,DaRon Holmes,2025-26,2025-26,206.0,102.0,2002-08-15,23.0,Kansas,Power Forward,Right,Dayton,1,2024.0,1.0,22.0,Phoenix Suns,h/holmeda01.html
2144,Richaun Holmes,2015-16,2024-25,206.0,106.0,1993-10-15,32.0,Illinois,Center and Power Forward,Right,Bowling Green,10,2015.0,2.0,7.0,Philadelphia 76ers,h/holmeri01.html
2145,Chet Holmgren,2023-24,2025-26,216.0,94.0,2002-05-01,24.0,Minnesota,Center and Power Forward,Right,Gonzaga,3,2022.0,1.0,2.0,Oklahoma City Thunder,h/holmgch01.html
2146,Jim Holstein,1952-53,1955-56,190.0,81.0,1930-09-24,95.0,Ohio,Small Forward,Right,Cincinnati,4,1952.0,2.0,,Minneapolis Lakers,h/holstji01.html
2147,A.W. Holt,1970-71,1970-71,201.0,95.0,1946-08-26,79.0,United States,Small Forward,Left,Jackson State University,1,,,,,h/holtaw01.html
2148,Michael Holton,1984-85,1989-90,193.0,83.0,1961-08-04,64.0,Washington,Point Guard and Shooting Guard,Left,UCLA,6,1983.0,3.0,6.0,Golden State Warriors,h/holtomi01.html
2150,Joe Holup,1956-57,1958-59,198.0,97.0,1934-02-26,92.0,Pennsylvania,Small Forward,Right,George Washington,3,1956.0,1.0,5.0,Syracuse Nationals,h/holupjo01.html
2151,Red Holzman,1949-50,1953-54,178.0,79.0,1920-08-10,105.0,New York,Point Guard,Right,City College of New York,5,,,,,h/holzmre01.html
2152,Jerald Honeycutt,1997-98,1998-99,206.0,111.0,1974-10-20,51.0,Louisiana,Power Forward,Right,Tulane,2,1997.0,2.0,10.0,Milwaukee Bucks,h/honeyje01.html
2153,Tyler Honeycutt,2011-12,2012-13,203.0,85.0,1990-07-15,36.0,California,Small Forward,Right,UCLA,2,2011.0,2.0,5.0,Sacramento Kings,h/honeyty01.html
2154,Derek Hood,1999-00,1999-00,203.0,100.0,1976-12-22,49.0,Missouri,Power Forward,Right,Arkansas,1,,,,,h/hoodde01.html
2155,Rodney Hood,2014-15,2021-22,203.0,94.0,1992-10-20,33.0,Mississippi,"Shooting Guard, Small Forward, and Power Forward",Left,Mississippi State,8,2014.0,1.0,23.0,Utah Jazz,h/hoodro01.html
2156,Jalen Hood-Schifino,2023-24,2024-25,196.0,95.0,2003-06-19,23.0,Pennsylvania,Shooting Guard,Right,Indiana,2,2023.0,1.0,17.0,Los Angeles Lakers,h/hoodsja01.html
2159,Tom Hoover,1963-64,1966-67,206.0,104.0,1941-01-23,85.0,District of Columbia,Center,Right,Villanova,3,1963.0,1.0,7.0,Philadelphia 76ers,h/hooveto01.html
2160,Bob Hopkins,1956-57,1959-60,203.0,92.0,1934-11-03,91.0,Louisiana,Power Forward and Center,Right,Grambling State University,4,1956.0,10.0,5.0,Syracuse Nationals,h/hopkibo01.html
2161,Dave Hoppen,1987-88,1992-93,211.0,106.0,1964-03-13,62.0,Nebraska,Center,Right,Nebraska,6,1986.0,3.0,18.0,Atlanta Hawks,h/hoppeda01.html
2162,Dennis Hopson,1987-88,1991-92,196.0,90.0,1965-04-22,61.0,Ohio,Shooting Guard and Small Forward,Right,Ohio State,5,1987.0,1.0,3.0,New Jersey Nets,h/hopsode01.html
2163,Scotty Hopson,2013-14,2021-22,201.0,97.0,1989-08-08,36.0,Kentucky,Shooting Guard,Right,Tennessee,3,,,,,h/hopsosc01.html
2164,Johnny Horan,1955-56,1955-56,203.0,86.0,1932-11-24,93.0,Minnesota,Forward,Right,Dayton,1,1955.0,1.0,8.0,Fort Wayne Pistons,h/horanjo01.html
2165,Cedrick Hordges,1980-81,1981-82,203.0,99.0,1957-01-08,69.0,Alabama,Power Forward,Right,Auburn,2,1979.0,3.0,5.0,Chicago Bulls,h/hordgce01.html
2166,Al Horford,2007-08,2025-26,203.0,108.0,1986-06-03,40.0,Dominican Republic,Center,Right,Florida,19,2007.0,1.0,3.0,Atlanta Hawks,h/horfoal01.html
2167,Tito Horford,1988-89,1993-94,216.0,111.0,1966-01-19,60.0,Dominican Republic,Center,Right,Miami (FL),3,1988.0,2.0,14.0,Milwaukee Bucks,h/horfoti01.html
2168,Ron Horn,1961-62,1962-63,201.0,99.0,1938-05-24,88.0,Indiana,Small Forward,Right,Indiana,2,1961.0,2.0,11.0,St. Louis Hawks,h/hornro01.html
2169,Jeff Hornacek,1986-87,1999-00,193.0,86.0,1963-05-03,63.0,Illinois,Shooting Guard and Point Guard,Right,Iowa State,14,1986.0,2.0,22.0,Phoenix Suns,h/hornaje01.html
2170,Dennis Horner,2011-12,2011-12,206.0,104.0,1988-02-05,38.0,New Jersey,Power Forward,Right,NC State,1,,,,,h/hornede01.html
2171,Robert Horry,1992-93,2007-08,208.0,108.0,1970-08-25,55.0,Alabama,Power Forward and Small Forward,Right,Alabama,16,1992.0,1.0,11.0,Houston Rockets,h/horryro01.html
2172,Ed Horton,1989-90,1989-90,203.0,104.0,1967-12-17,58.0,Illinois,Power Forward,Right,Iowa,1,1989.0,2.0,12.0,Washington Bullets,h/hortoed01.html
2173,Talen Horton-Tucker,2019-20,2024-25,193.0,106.0,2000-11-25,25.0,Illinois,Shooting Guard and Point Guard,Right,Iowa State,6,2019.0,2.0,16.0,Orlando Magic,h/hortota01.html
2174,Bill Hosket,1968-69,1971-72,203.0,102.0,1946-12-20,79.0,Ohio,Power Forward,Right,Ohio State,4,1968.0,1.0,10.0,New York Knicks,h/hoskebi01.html
2175,Bob Houbregs,1953-54,1957-58,203.0,102.0,1932-03-12,94.0,British Columbia,Center and Power Forward,Right,Washington,5,1953.0,1.0,3.0,Milwaukee Hawks,h/houbrbo01.html
2176,Danuel House Jr.,2016-17,2023-24,198.0,99.0,1993-06-07,33.0,Texas,Small Forward and Shooting Guard,Right,Texas A&M,8,,,,,h/houseda01.html
2177,Eddie House,2000-01,2010-11,185.0,81.0,1978-05-14,48.0,California,Shooting Guard and Point Guard,Right,Arizona State,11,2000.0,2.0,8.0,Miami Heat,h/houseed01.html
2178,Caleb Houstan,2022-23,2025-26,203.0,92.0,2003-01-09,23.0,Ontario,Small Forward,Right,Michigan,4,2022.0,2.0,2.0,Orlando Magic,h/houstca01.html
2179,Allan Houston,1993-94,2004-05,198.0,90.0,1971-04-20,55.0,Kentucky,Shooting Guard,Right,Tennessee,12,1993.0,1.0,11.0,Detroit Pistons,h/houstal01.html
2180,Byron Houston,1992-93,1995-96,196.0,113.0,1969-11-22,56.0,Oklahoma,Power Forward,Right,Oklahoma State,4,1992.0,1.0,27.0,Chicago Bulls,h/houstby01.html
2181,Tom Hovasse,1994-95,1994-95,203.0,92.0,1967-01-31,59.0,Colorado,Small Forward,Right,Penn State,1,,,,,h/hovasto01.html
2182,Brian Howard,1991-92,1992-93,198.0,92.0,1967-10-19,58.0,North Carolina,Small Forward,Right,NC State,2,,,,,h/howarbr01.html
2183,Dwight Howard,2004-05,2021-22,208.0,120.0,1985-12-08,40.0,Georgia,Center and Power Forward,Right,,18,2004.0,1.0,1.0,Orlando Magic,h/howardw01.html
2184,Greg Howard,1970-71,1971-72,206.0,97.0,1948-01-08,78.0,Pennsylvania,Power Forward,Right,New Mexico,2,1970.0,1.0,10.0,Phoenix Suns,h/howargr01.html
2185,Jett Howard,2023-24,2025-26,203.0,97.0,2003-09-14,22.0,Illinois,Small Forward,Right,Michigan,3,2023.0,1.0,11.0,Orlando Magic,h/howarje01.html
2186,Josh Howard,2003-04,2012-13,201.0,95.0,1980-04-28,46.0,North Carolina,Small Forward,Right,Wake Forest,10,2003.0,1.0,29.0,Dallas Mavericks,h/howarjo01.html
2187,Juwan Howard,1994-95,2012-13,206.0,108.0,1973-02-07,53.0,Illinois,"Power Forward, Small Forward, and Center",Right,Michigan,19,1994.0,1.0,5.0,Washington Bullets,h/howarju01.html
2188,Markus Howard,2020-21,2021-22,178.0,79.0,1999-03-03,27.0,New Jersey,Shooting Guard,Right,Marquette,2,,,,,h/howarma02.html
2189,Mo Howard,1976-77,1976-77,188.0,77.0,1954-08-25,71.0,Pennsylvania,Shooting Guard,Right,Maryland,1,1976.0,2.0,15.0,Cleveland Cavaliers,h/howarmo01.html
2190,Otis Howard,1978-79,1978-79,201.0,99.0,1956-11-05,69.0,Tennessee,Power Forward,Right,Austin Peay State University,1,1978.0,4.0,14.0,Milwaukee Bucks,h/howarot01.html
2191,Stephen Howard,1992-93,1997-98,206.0,102.0,1970-07-15,56.0,Texas,Small Forward,Left,DePaul,4,,,,,h/howarst01.html
2192,William Howard,2019-20,2019-20,203.0,93.0,1993-10-25,32.0,France,Power Forward,Right,,1,,,,,h/howarwi01.html
2193,Bailey Howell,1959-60,1970-71,201.0,95.0,1937-01-20,89.0,Tennessee,Power Forward and Small Forward,Right,Mississippi State,12,1959.0,1.0,2.0,Detroit Pistons,h/howelba01.html
2195,Phil Hubbard,1979-80,1988-89,203.0,97.0,1956-12-13,69.0,Ohio,Small Forward and Power Forward,Right,Michigan,10,1979.0,1.0,15.0,Detroit Pistons,h/hubbaph01.html
2196,Trevor Hudgins,2022-23,2022-23,183.0,81.0,1999-03-23,27.0,Kansas,Point Guard,Left,Northwest Missouri State University,1,,,,,h/hudgitr01.html
2197,Lester Hudson,2009-10,2014-15,190.0,86.0,1984-08-07,41.0,Tennessee,Point Guard and Shooting Guard,Right,University of Tennessee at Martin,4,2009.0,2.0,28.0,Boston Celtics,h/hudsole01.html
2198,Lou Hudson,1966-67,1978-79,196.0,95.0,1944-07-11,82.0,North Carolina,Shooting Guard and Small Forward,Right,Minnesota,13,1966.0,1.0,4.0,St. Louis Hawks,h/hudsolo01.html
2199,Troy Hudson,1997-98,2007-08,185.0,77.0,1976-03-13,50.0,Illinois,Point Guard,Right,Missouri,11,,,,,h/hudsotr01.html
2200,Marcelo Huertas,2015-16,2016-17,190.0,90.0,1983-05-25,43.0,Brazil,Point Guard,Right,,2,,,,,h/huertma01.html
2201,Kevin Huerter,2018-19,2025-26,198.0,89.0,1998-08-27,27.0,New York,Shooting Guard and Small Forward,Right,Maryland,8,2018.0,1.0,19.0,Atlanta Hawks,h/huertke01.html
2202,Josh Huestis,2015-16,2017-18,201.0,104.0,1991-12-19,34.0,Texas,Power Forward,Right,Stanford,3,2014.0,1.0,29.0,Oklahoma City Thunder,h/huestjo01.html
2203,Jay Huff,2021-22,2025-26,216.0,108.0,1998-08-25,27.0,North Carolina,Center,Right,Virginia,5,,,,,h/huffja01.html
2204,Nate Huffman,2002-03,2002-03,216.0,111.0,1975-04-02,51.0,Michigan,Center,Right,Central Michigan University,1,,,,,h/huffmna01.html
2205,Alfredrick Hughes,1985-86,1985-86,196.0,97.0,1962-07-19,63.0,Illinois,Shooting Guard,Right,Loyola Chicago,1,1985.0,1.0,14.0,San Antonio Spurs,h/hugheri01.html
2206,Eddie Hughes,1987-88,1989-90,178.0,74.0,1960-05-26,66.0,Mississippi,Point Guard,Right,Colorado State,3,1982.0,7.0,2.0,San Diego Clippers,h/hugheed01.html
2207,Elijah Hughes,2020-21,2021-22,196.0,97.0,1998-03-10,28.0,New York,Shooting Guard and Small Forward,Right,East Carolina University,2,2020.0,2.0,9.0,New Orleans Pelicans,h/hugheel01.html
2208,Kim Hughes,1976-77,1980-81,211.0,99.0,1952-06-04,74.0,Illinois,Center,Left,Wisconsin,5,1974.0,3.0,9.0,Buffalo Braves,h/hugheki01.html
2209,Larry Hughes,1998-99,2011-12,196.0,83.0,1979-01-23,47.0,Missouri,"Shooting Guard, Point Guard, and Small Forward",Right,Saint Louis,13,1998.0,1.0,8.0,Philadelphia 76ers,h/hughela01.html
2210,Rick Hughes,1999-00,1999-00,206.0,106.0,1973-08-22,52.0,Ohio,Power Forward,Right,Thomas More College,1,,,,,h/hugheri02.html
2211,Ariel Hukporti,2024-25,2025-26,213.0,111.0,2002-04-12,24.0,Germany,Center,Left,,2,2024.0,2.0,28.0,Dallas Mavericks,h/hukpoar01.html
2212,Robbie Hummel,2013-14,2014-15,203.0,97.0,1989-03-08,37.0,Indiana,Small Forward,Right,Purdue,2,2012.0,2.0,28.0,Minnesota Timberwolves,h/hummero01.html
2213,John Hummer,1970-71,1975-76,206.0,104.0,1948-05-04,78.0,District of Columbia,Power Forward and Center,Right,Princeton,6,1970.0,1.0,15.0,Buffalo Braves,h/hummejo01.html
2214,Ryan Humphrey,2002-03,2004-05,203.0,106.0,1979-07-24,46.0,Oklahoma,Power Forward and Small Forward,Right,Oklahoma,3,2002.0,1.0,19.0,Utah Jazz,h/humphry01.html
2215,Isaac Humphries,2018-19,2018-19,213.0,115.0,1998-01-05,28.0,Australia,Center,Right,Kentucky,1,,,,,h/humphis01.html
2216,Jay Humphries,1984-85,1994-95,190.0,83.0,1962-10-17,63.0,California,Point Guard and Shooting Guard,Right,Colorado,11,1984.0,1.0,13.0,Phoenix Suns,h/humphja01.html
2217,Kris Humphries,2004-05,2016-17,206.0,106.0,1985-02-06,41.0,Minnesota,Power Forward and Small Forward,Right,Minnesota,13,2004.0,1.0,14.0,Utah Jazz,h/humphkr01.html
2218,Hot Rod Hundley,1957-58,1962-63,193.0,83.0,1934-10-26,91.0,West Virginia,Point Guard,Right,West Virginia,6,1957.0,1.0,1.0,Cincinnati Royals,h/hundlho01.html
2219,Feron Hunt,2021-22,2021-22,203.0,88.0,1999-07-05,27.0,Texas,Small Forward,Right,SMU,1,,,,,h/huntfe01.html
2220,Brandon Hunter,2003-04,2004-05,201.0,117.0,1980-11-24,45.0,Ohio,Power Forward,Right,Ohio University,2,2003.0,2.0,27.0,Boston Celtics,h/huntebr01.html
2221,Cedric Hunter,1991-92,1991-92,183.0,81.0,1965-01-16,61.0,Texas,Point Guard,Right,Kansas,1,,,,,h/huntece01.html
2222,Chris Hunter,2009-10,2009-10,211.0,108.0,1984-07-07,42.0,Indiana,Center,Right,Michigan,1,,,,,h/huntech01.html
2223,De'Andre Hunter,2019-20,2025-26,201.0,100.0,1997-12-02,28.0,Pennsylvania,Small Forward,Right,Virginia,7,2019.0,1.0,4.0,Los Angeles Lakers,h/huntede01.html
2224,Les Hunter,1964-65,1964-65,201.0,95.0,1942-08-16,83.0,Tennessee,Power Forward,Right,Loyola Chicago,1,1964.0,2.0,2.0,Detroit Pistons,h/huntele01.html
2225,Lindsey Hunter,1993-94,2009-10,188.0,77.0,1970-12-03,55.0,Mississippi,Point Guard and Shooting Guard,Right,Alcorn State,17,1993.0,1.0,10.0,Detroit Pistons,h/hunteli01.html
2226,Othello Hunter,2008-09,2009-10,203.0,102.0,1986-05-28,40.0,North Carolina,Small Forward and Power Forward,Right,Ohio State,2,,,,,h/hunteot01.html
2227,R.J. Hunter,2015-16,2018-19,196.0,83.0,1993-10-24,32.0,Ohio,Shooting Guard,Right,Georgia State University,4,2015.0,1.0,28.0,Boston Celtics,h/hunterj01.html
2228,Steven Hunter,2001-02,2009-10,213.0,99.0,1981-10-31,44.0,Illinois,Center and Power Forward,Right,DePaul,8,2001.0,1.0,15.0,Orlando Magic,h/huntest01.html
2229,Vince Hunter,2017-18,2017-18,203.0,97.0,1994-08-05,31.0,Michigan,Power Forward,Right,Texas-El Paso,1,,,,,h/huntevi01.html
2230,CJ Huntley,2025-26,2025-26,206.0,86.0,2002-01-06,24.0,North Carolina,Small Forward,Right,Appalachian State University,1,,,,,h/huntlcj01.html
2231,Bobby Hurley,1993-94,1997-98,183.0,74.0,1971-06-28,55.0,New Jersey,Point Guard,Right,Duke,5,1993.0,1.0,7.0,Sacramento Kings,h/hurlebo01.html
2233,Matthew Hurt,2023-24,2023-24,206.0,105.0,2000-04-20,26.0,Minnesota,Power Forward,Right,Duke,1,,,,,h/hurtma01.html
2234,Geoff Huston,1979-80,1986-87,188.0,79.0,1957-11-08,68.0,New York,Point Guard,Left,Texas Tech,8,1979.0,3.0,6.0,New York Knicks,h/hustoge01.html
2236,Mel Hutchins,1951-52,1957-58,198.0,90.0,1928-11-22,97.0,California,Power Forward and Center,Right,BYU,7,1951.0,1.0,2.0,Tri-Cities Blackhawks,h/hutchme01.html
2237,Chandler Hutchison,2018-19,2021-22,198.0,95.0,1996-04-26,30.0,California,Small Forward,Right,Boise State,4,2018.0,1.0,22.0,Chicago Bulls,h/hutchch01.html
2238,Joe Hutton,1950-51,1951-52,185.0,77.0,1928-10-06,97.0,Minnesota,Shooting Guard,Right,Hamline University,2,1950.0,7.0,11.0,Minneapolis Lakers,h/huttojo01.html
2239,Greg Hyder,1970-71,1970-71,198.0,97.0,1948-06-21,78.0,California,Small Forward,Right,Eastern New Mexico University,1,1970.0,3.0,5.0,Cincinnati Royals,h/hydergr01.html
2240,Bones Hyland,2021-22,2025-26,188.0,76.0,2000-09-14,25.0,Delaware,Point Guard and Shooting Guard,Right,VCU,5,2021.0,1.0,26.0,Denver Nuggets,h/hylanbo01.html
2241,Marc Iavaroni,1982-83,1988-89,208.0,102.0,1956-09-15,69.0,New York,Power Forward,Right,Virginia,7,1978.0,3.0,11.0,New York Knicks,i/iavarma01.html
2242,Serge Ibaka,2009-10,2022-23,211.0,106.0,1989-09-18,36.0,Republic of the Congo,Power Forward and Center,Right,,14,2008.0,1.0,24.0,Seattle SuperSonics,i/ibakase01.html
2243,Oso Ighodaro,2024-25,2025-26,211.0,106.0,2002-07-14,24.0,Arizona,Power Forward,Right,Marquette,2,2024.0,2.0,10.0,Portland Trail Blazers,i/ighodos01.html
2244,Andre Iguodala,2004-05,2022-23,198.0,97.0,1984-01-28,42.0,Illinois,"Small Forward, Shooting Guard, and Power Forward",Right,Arizona,19,2004.0,1.0,9.0,Philadelphia 76ers,i/iguodan01.html
2245,Zydrunas Ilgauskas,1997-98,2010-11,221.0,107.0,1975-06-05,51.0,Lithuania,Center,Right,,13,1996.0,1.0,20.0,Cleveland Cavaliers,i/ilgauzy01.html
2246,Mile Ilić,2006-07,2006-07,216.0,104.0,1984-06-02,42.0,Bosnia and Herzegovina,Center,Right,,1,2005.0,2.0,13.0,New Jersey Nets,i/ilicmi01.html
2247,D.J. Mbenga,2004-05,2010-11,213.0,111.0,1980-12-30,45.0,Democratic Republic of the Congo,Center,Right,,7,,,,,m/mbengdj01.html
2248,Ersan İlyasova,2006-07,2020-21,206.0,106.0,1987-05-15,39.0,Turkey,Power Forward,Right,,13,2005.0,2.0,6.0,Milwaukee Bucks,i/ilyaser01.html
2249,Darrall Imhoff,1960-61,1971-72,208.0,99.0,1938-10-11,87.0,California,Center,Left,California,12,1960.0,1.0,3.0,New York Knicks,i/imhofda01.html
2250,Tom Ingelsby,1973-74,1973-74,190.0,81.0,1951-02-12,75.0,Pennsylvania,Point Guard,Right,Villanova,1,1973.0,2.0,9.0,Atlanta Hawks,i/ingelto01.html
2251,Joe Ingles,2014-15,2025-26,203.0,99.0,1987-10-02,38.0,Australia,Small Forward and Power Forward,Left,,12,,,,,i/inglejo01.html
2252,Damien Inglis,2015-16,2015-16,203.0,111.0,1995-05-20,31.0,French Guiana,Small Forward,Right,,1,2014.0,2.0,1.0,Milwaukee Bucks,i/inglida01.html
2253,Andre Ingram,2017-18,2018-19,190.0,83.0,1985-11-19,40.0,Virginia,Shooting Guard,Right,American University,2,,,,,i/ingraan01.html
2254,Brandon Ingram,2016-17,2025-26,203.0,86.0,1997-09-02,28.0,North Carolina,Small Forward and Power Forward,Right,Duke,10,2016.0,1.0,2.0,Los Angeles Lakers,i/ingrabr01.html
2255,Harrison Ingram,2024-25,2025-26,196.0,104.0,2002-11-27,23.0,Texas,Small Forward,Right,Stanford,2,2024.0,2.0,18.0,San Antonio Spurs,i/ingraha01.html
2256,McCoy Ingram,1957-58,1957-58,203.0,95.0,1931-08-31,94.0,United States,Power Forward,Right,Jackson State University,1,,,,,i/ingramc01.html
2258,Byron Irvin,1989-90,1992-93,196.0,86.0,1966-12-02,59.0,Illinois,Shooting Guard,Right,Arkansas,3,1989.0,1.0,22.0,Portland Trail Blazers,i/irvinby01.html
2260,Kyrie Irving,2011-12,2024-25,188.0,88.0,1992-03-23,34.0,Australia,Point Guard and Shooting Guard,Right,Duke,14,2011.0,1.0,1.0,Cleveland Cavaliers,i/irvinky01.html
2261,Jonathan Isaac,2017-18,2025-26,208.0,104.0,1997-10-03,28.0,New York,Power Forward,Right,Florida State,7,2017.0,1.0,6.0,Orlando Magic,i/isaacjo01.html
2262,Dan Issel,1976-77,1984-85,206.0,106.0,1948-10-25,77.0,Illinois,Center and Power Forward,Right,Kentucky,9,1970.0,8.0,3.0,Detroit Pistons,i/isselda01.html
2263,Mike Iuzzolino,1991-92,1992-93,178.0,79.0,1968-01-22,58.0,Pennsylvania,Point Guard,Right,Penn State,2,1991.0,2.0,8.0,Dallas Mavericks,i/iuzzomi01.html
2264,Allen Iverson,1996-97,2009-10,183.0,74.0,1975-06-07,51.0,Virginia,Shooting Guard and Point Guard,Right,Georgetown,14,1996.0,1.0,1.0,Philadelphia 76ers,i/iversal01.html
2266,Jaden Ivey,2022-23,2025-26,190.0,88.0,2002-02-13,24.0,Indiana,Shooting Guard,Right,Purdue,4,2022.0,1.0,5.0,Detroit Pistons,i/iveyja01.html
2267,Royal Ivey,2004-05,2013-14,190.0,90.0,1981-12-20,44.0,New York,Shooting Guard and Point Guard,Right,Texas,10,2004.0,2.0,8.0,Atlanta Hawks,i/iveyro01.html
2269,Wes Iwundu,2017-18,2021-22,198.0,88.0,1994-12-20,31.0,Texas,Small Forward,Right,Kansas State,5,2017.0,2.0,3.0,Orlando Magic,i/iwundwe01.html
2271,Jarrett Jack,2005-06,2017-18,190.0,90.0,1983-10-28,42.0,Maryland,Point Guard and Shooting Guard,Right,Georgia Tech,13,2005.0,1.0,22.0,Denver Nuggets,j/jackja01.html
2272,Aaron Jackson,2017-18,2017-18,190.0,83.0,1986-05-06,40.0,Connecticut,Point Guard,Right,Duquesne,1,,,,,j/jacksaa01.html
2273,Al Jackson,1967-68,1967-68,185.0,83.0,1943-07-29,82.0,Ohio,Guard,Right,Wilberforce University,1,,,,,j/jacksal01.html
2274,Andre Jackson Jr.,2023-24,2025-26,198.0,94.0,2001-11-13,24.0,New York,Shooting Guard,Right,UConn,3,2023.0,2.0,6.0,Orlando Magic,j/jacksan01.html
2275,Bobby Jackson,1997-98,2008-09,185.0,83.0,1973-03-13,53.0,North Carolina,Point Guard and Shooting Guard,Right,Minnesota,12,1997.0,1.0,23.0,Seattle SuperSonics,j/jacksbo01.html
2276,Cedric Jackson,2009-10,2009-10,190.0,86.0,1986-03-05,40.0,New Mexico,Point Guard,Right,St. John's,1,,,,,j/jacksce01.html
2277,Darnell Jackson,2008-09,2010-11,206.0,114.0,1985-11-07,40.0,Oklahoma,Power Forward,Right,Kansas,3,2008.0,2.0,22.0,Miami Heat,j/jacksda01.html
2278,Demetrius Jackson,2016-17,2018-19,185.0,91.0,1994-09-07,31.0,Indiana,Point Guard,Right,Notre Dame,3,2016.0,2.0,15.0,Boston Celtics,j/jacksde01.html
2279,Frank Jackson,2018-19,2022-23,190.0,92.0,1998-05-04,28.0,District of Columbia,Point Guard,Right,Duke,5,2017.0,2.0,1.0,Charlotte Hornets,j/jacksfr01.html
2280,Greg Jackson,1974-75,1974-75,183.0,81.0,1952-08-02,73.0,New York,Shooting Guard,Right,Guilford College,1,1974.0,5.0,14.0,New York Knicks,j/jacksgr01.html
2281,GG Jackson II,2023-24,2025-26,206.0,95.0,2004-12-17,21.0,South Carolina,Power Forward,Right,South Carolina,3,2023.0,2.0,15.0,Memphis Grizzlies,j/jacksgg01.html
2282,Isaiah Jackson,2021-22,2025-26,203.0,92.0,2002-01-10,24.0,Michigan,Center,Right,Kentucky,5,2021.0,1.0,22.0,Los Angeles Lakers,j/jacksis01.html
2283,Jaren Jackson,1989-90,2001-02,193.0,86.0,1967-10-27,58.0,Louisiana,Shooting Guard,Right,Georgetown,12,,,,,j/jacksja01.html
2284,Jaren Jackson Jr.,2018-19,2025-26,208.0,109.0,1999-09-15,26.0,New Jersey,Center and Power Forward,Right,Michigan State,8,2018.0,1.0,4.0,Memphis Grizzlies,j/jacksja02.html
2285,Jermaine Jackson,1999-00,2005-06,193.0,92.0,1976-06-07,50.0,Michigan,Shooting Guard and Point Guard,Right,Detroit Mercy,5,,,,,j/jacksje01.html
2286,Jim Jackson,1992-93,2005-06,198.0,99.0,1970-10-14,55.0,Ohio,Small Forward and Shooting Guard,Right,Ohio State,14,1992.0,1.0,4.0,Dallas Mavericks,j/jacksji01.html
2287,Josh Jackson,2017-18,2021-22,203.0,93.0,1997-02-10,29.0,California,Small Forward and Shooting Guard,Right,Kansas,5,2017.0,1.0,4.0,Phoenix Suns,j/jacksjo02.html
2288,Justin Jackson,2017-18,2023-24,203.0,99.0,1995-03-28,31.0,Texas,Small Forward and Power Forward,Right,UNC,7,2017.0,1.0,15.0,Portland Trail Blazers,j/jacksju01.html
2289,Luke Jackson,1964-65,1971-72,206.0,108.0,1941-10-31,84.0,Texas,Power Forward and Center,Right,University of Texas Rio Grande Valley,8,1964.0,1.0,4.0,Philadelphia 76ers,j/jackslu01.html
2290,Luke Jackson,2004-05,2007-08,201.0,97.0,1981-11-06,44.0,Oregon,Small Forward,Left,Oregon,4,2004.0,1.0,10.0,Cleveland Cavaliers,j/jackslu02.html
2291,Marc Jackson,2000-01,2006-07,208.0,122.0,1975-01-16,51.0,Pennsylvania,Center and Power Forward,Right,VCU,7,1997.0,2.0,9.0,Golden State Warriors,j/jacksma02.html
2292,Mark Jackson,1987-88,2003-04,190.0,87.0,1965-04-01,61.0,New York,Point Guard,Right,St. John's,17,1987.0,1.0,18.0,New York Knicks,j/jacksma01.html
2294,Michael Jackson,1987-88,1989-90,188.0,83.0,1964-07-13,62.0,Virginia,Point Guard,Right,Georgetown,3,1986.0,2.0,23.0,New York Knicks,j/jacksmi02.html
2296,Myron Jackson,1986-87,1986-87,190.0,83.0,1964-05-06,62.0,Arkansas,Point Guard,Right,Little Rock,1,1986.0,4.0,15.0,Dallas Mavericks,j/jacksmy01.html
2297,Phil Jackson,1967-68,1979-80,203.0,99.0,1945-09-17,80.0,Montana,Power Forward,Left,University of North Dakota,12,1967.0,2.0,5.0,New York Knicks,j/jacksph01.html
2298,Pierre Jackson,2016-17,2016-17,178.0,81.0,1991-08-29,34.0,Nevada,Point Guard,Right,Baylor,1,2013.0,2.0,12.0,Philadelphia 76ers,j/jackspi01.html
2299,Quenton Jackson,2022-23,2025-26,193.0,78.0,1998-09-15,27.0,California,Point Guard,Right,Texas A&M,4,,,,,j/jacksqu01.html
2300,Ralph Jackson,1984-85,1984-85,188.0,86.0,1962-10-26,63.0,California,Point Guard,Right,UCLA,1,1984.0,4.0,1.0,Indiana Pacers,j/jacksra01.html
2301,Randell Jackson,1998-99,1999-00,211.0,97.0,1976-01-16,50.0,Massachusetts,Power Forward,Right,Florida State,2,,,,,j/jacksra02.html
2302,Reggie Jackson,2011-12,2024-25,188.0,94.0,1990-04-16,36.0,Italy,Point Guard and Shooting Guard,Right,Boston College,14,2011.0,1.0,24.0,Oklahoma City Thunder,j/jacksre01.html
2303,Stanley Jackson,1993-94,1993-94,190.0,83.0,1970-10-10,55.0,Alabama,Shooting Guard,Right,UAB,1,,,,,j/jacksst01.html
2304,Stephen Jackson,2000-01,2013-14,203.0,98.0,1978-04-05,48.0,Texas,"Small Forward, Shooting Guard, and Power Forward",Right,Butler County Community College,14,1997.0,2.0,14.0,Phoenix Suns,j/jacksst02.html
2306,Tony Jackson,1980-81,1980-81,183.0,77.0,1958-01-17,68.0,Kentucky,Point Guard,Right,Florida State,1,1980.0,4.0,18.0,Los Angeles Lakers,j/jacksto02.html
2307,Tracy Jackson,1981-82,1983-84,198.0,92.0,1959-04-21,67.0,Maryland,Shooting Guard,Right,Notre Dame,3,1981.0,2.0,2.0,Boston Celtics,j/jackstr01.html
2308,Wardell Jackson,1974-75,1974-75,201.0,90.0,1951-07-18,74.0,Mississippi,Small Forward,Right,Ohio State,1,1974.0,6.0,8.0,Seattle SuperSonics,j/jackswa01.html
2309,Trayce Jackson-Davis,2023-24,2025-26,206.0,111.0,2000-02-22,26.0,Indiana,Center and Power Forward,Left,Indiana,3,2023.0,2.0,27.0,Washington Wizards,j/jackstr02.html
2311,Casey Jacobsen,2002-03,2007-08,198.0,97.0,1981-03-19,45.0,California,Small Forward and Shooting Guard,Right,Stanford,4,2002.0,1.0,22.0,Phoenix Suns,j/jacobca01.html
2312,Sam Jacobson,1998-99,2000-01,193.0,97.0,1975-07-22,50.0,Minnesota,Point Guard,Right,Minnesota,3,1998.0,1.0,26.0,Los Angeles Lakers,j/jacobsa01.html
2313,Kasparas Jakučionis,2025-26,2025-26,196.0,90.0,2006-05-29,20.0,Lithuania,Shooting Guard and Point Guard,Right,Illinois,1,2025.0,1.0,20.0,Miami Heat,j/jakucka01.html
2314,Dave Jamerson,1990-91,1993-94,196.0,86.0,1967-08-13,58.0,West Virginia,Shooting Guard,Right,Ohio University,3,1990.0,1.0,15.0,Miami Heat,j/jamerda01.html
2315,Aaron James,1974-75,1978-79,203.0,95.0,1952-10-05,73.0,Louisiana,Small Forward,Right,Grambling State University,5,1974.0,2.0,10.0,New Orleans Jazz,j/jamesaa01.html
2316,Bernard James,2012-13,2014-15,208.0,108.0,1985-02-07,41.0,Georgia,Center,Left,Florida State,3,2012.0,2.0,3.0,Cleveland Cavaliers,j/jamesbe01.html
2318,Bronny James,2024-25,2025-26,188.0,95.0,2004-10-06,21.0,Ohio,Shooting Guard,Right,USC,2,2024.0,2.0,25.0,Los Angeles Lakers,j/jamesbr02.html
2319,Damion James,2010-11,2013-14,201.0,102.0,1987-10-07,38.0,New Mexico,Small Forward,Right,Texas,4,2010.0,1.0,24.0,Atlanta Hawks,j/jamesda01.html
2320,Gene James,1949-50,1950-51,193.0,81.0,1925-02-15,101.0,Ohio,Forward,Right,Marshall,2,,,,,j/jamesge01.html
2321,Henry James,1990-91,1997-98,203.0,99.0,1965-07-29,60.0,Alabama,Power Forward and Small Forward,Right,South Plains College,7,,,,,j/jameshe01.html
2322,Jerome James,1998-99,2008-09,216.0,136.0,1975-11-17,50.0,Florida,Center,Right,Florida A&M,9,1998.0,2.0,7.0,Sacramento Kings,j/jamesje01.html
2323,Justin James,2019-20,2020-21,198.0,86.0,1997-01-24,29.0,Florida,Small Forward,Right,Wyoming,2,2019.0,2.0,10.0,Sacramento Kings,j/jamesju01.html
2324,LeBron James,2003-04,2025-26,206.0,113.0,1984-12-30,41.0,Ohio,"Small Forward, Power Forward, Point Guard, Center, and Shooting Guard",Right,,23,2003.0,1.0,1.0,Cleveland Cavaliers,j/jamesle01.html
2325,Mike James,2001-02,2013-14,188.0,85.0,1975-06-23,51.0,New York,Point Guard,Right,Duquesne,12,,,,,j/jamesmi01.html
2326,Mike James,2017-18,2020-21,185.0,79.0,1990-08-18,35.0,Oregon,Point Guard,Right,Lamar,2,,,,,j/jamesmi02.html
2327,Sion James,2025-26,2025-26,196.0,99.0,2002-12-04,23.0,Georgia,Shooting Guard,Right,Tulane,1,2025.0,2.0,3.0,Charlotte Hornets,j/jamessi01.html
2328,Tim James,1999-00,2001-02,201.0,96.0,1976-12-26,49.0,Florida,Small Forward,Right,Miami (FL),3,1999.0,1.0,25.0,Miami Heat,j/jamesti01.html
2329,Antawn Jamison,1998-99,2013-14,206.0,101.0,1976-06-12,50.0,Louisiana,Power Forward and Small Forward,Right,UNC,16,1998.0,1.0,4.0,Toronto Raptors,j/jamisan01.html
2330,Harold Jamison,1999-00,2001-02,203.0,117.0,1976-11-20,49.0,South Carolina,Power Forward,Right,Clemson,2,,,,,j/jamisha01.html
2332,Howie Janotta,1949-50,1949-50,190.0,83.0,1924-10-19,101.0,New Jersey,Forward,Right,Seton Hall,1,1949.0,,,Baltimore Bullets,j/janotho01.html
2333,Jaime Jaquez Jr.,2023-24,2025-26,198.0,102.0,2001-02-18,25.0,California,Small Forward,Right,UCLA,3,2023.0,1.0,18.0,Miami Heat,j/jaqueja01.html
2334,Marko Jarić,2002-03,2008-09,201.0,89.0,1978-10-12,47.0,Serbia,"Shooting Guard, Point Guard, and Small Forward",Right,,7,2000.0,2.0,1.0,Los Angeles Clippers,j/jaricma01.html
2335,Tony Jaros,1949-50,1950-51,190.0,83.0,1920-02-22,106.0,Minnesota,Forward/Guard,Right,Minnesota,2,,,,,j/jarosto01.html
2336,DeJon Jarreau,2021-22,2025-26,196.0,83.0,1998-01-23,28.0,Louisiana,Shooting Guard,Right,UMass,3,,,,,j/jarrede01.html
2338,Šarūnas Jasikevičius,2005-06,2006-07,193.0,88.0,1976-03-05,50.0,Lithuania,Point Guard and Shooting Guard,Right,Maryland,2,,,,,j/jasiksa01.html
2339,Nathan Jawai,2008-09,2009-10,208.0,127.0,1986-10-10,39.0,Australia,Center and Power Forward,Right,Midland College,2,2008.0,2.0,11.0,Indiana Pacers,j/jawaina01.html
2340,Buddy Jeannette,1949-50,1949-50,180.0,79.0,1917-09-15,108.0,Pennsylvania,Guard,Right,Washington & Jefferson College,1,,,,,j/jeannbu01.html
2341,Abdul Jeelani,1979-80,1980-81,203.0,95.0,1954-02-10,72.0,Tennessee,Small Forward,Right,University of Wisconsin-Parkside,2,1976.0,3.0,16.0,Cleveland Cavaliers,j/jeelaab01.html
2342,Chris Jefferies,2002-03,2003-04,203.0,102.0,1980-02-13,46.0,California,Small Forward and Shooting Guard,Right,Arkansas,2,2002.0,1.0,27.0,Los Angeles Lakers,j/jeffech01.html
2343,Othyus Jeffers,2009-10,2013-14,196.0,90.0,1985-08-05,40.0,Illinois,Shooting Guard,Right,University of Illinois at Chicago,3,,,,,j/jeffeot01.html
2344,Al Jefferson,2004-05,2017-18,208.0,131.0,1985-01-04,41.0,Mississippi,Center and Power Forward,Right,,14,2004.0,1.0,15.0,Boston Celtics,j/jeffeal01.html
2345,Amile Jefferson,2018-19,2019-20,206.0,100.0,1993-05-07,33.0,Pennsylvania,Power Forward,Right,Duke,2,,,,,j/jeffeam01.html
2346,Cory Jefferson,2014-15,2015-16,206.0,98.0,1990-12-26,35.0,Washington,Power Forward,Right,Baylor,2,2014.0,2.0,30.0,San Antonio Spurs,j/jeffeco01.html
2347,Dontell Jefferson,2008-09,2008-09,196.0,88.0,1983-12-15,42.0,Georgia,Shooting Guard,Right,Arkansas,1,,,,,j/jeffedo01.html
2348,Richard Jefferson,2001-02,2017-18,201.0,105.0,1980-06-21,46.0,California,Small Forward,Right,Arizona,17,2001.0,1.0,13.0,Houston Rockets,j/jefferi01.html
2349,DaQuan Jeffries,2019-20,2025-26,196.0,100.0,1997-08-30,28.0,Oklahoma,Shooting Guard,Right,Oral Roberts,6,,,,,j/jeffrda01.html
2350,Jared Jeffries,2002-03,2012-13,211.0,104.0,1981-11-25,44.0,Indiana,Power Forward and Small Forward,Right,Indiana,11,2002.0,1.0,11.0,Washington Wizards,j/jeffrja01.html
2351,Trey Jemison,2023-24,2025-26,208.0,122.0,1999-11-28,26.0,Alabama,Center,Right,Clemson,3,,,,,j/jemistr01.html
2352,Charles Jenkins,2011-12,2012-13,190.0,99.0,1989-02-28,37.0,New York,Point Guard and Shooting Guard,Right,Hofstra,2,2011.0,2.0,14.0,Golden State Warriors,j/jenkich01.html
2353,Daniss Jenkins,2024-25,2025-26,193.0,74.0,2001-08-17,24.0,Texas,Point Guard,Right,University of the Pacific,2,,,,,j/jenkida01.html
2354,Horace Jenkins,2004-05,2004-05,185.0,81.0,1974-10-14,51.0,New Jersey,Point Guard,Right,William Paterson University,1,,,,,j/jenkiho01.html
2355,John Jenkins,2012-13,2018-19,193.0,97.0,1991-03-06,35.0,Tennessee,Shooting Guard,Right,Vanderbilt,6,2012.0,1.0,23.0,Atlanta Hawks,j/jenkijo01.html
2356,Brandon Jennings,2009-10,2017-18,185.0,77.0,1989-09-23,36.0,California,Point Guard,Left,,9,2009.0,1.0,10.0,Milwaukee Bucks,j/jennibr01.html
2357,Keith Jennings,1992-93,1994-95,170.0,72.0,1968-11-02,57.0,Virginia,Point Guard,Right,East Tennessee State University,3,,,,,j/jennike01.html
2358,Chris Jent,1993-94,1996-97,201.0,99.0,1970-01-11,56.0,California,Small Forward,Left,Ohio State,2,,,,,j/jentch01.html
2359,Les Jepsen,1990-91,1991-92,213.0,107.0,1967-06-24,59.0,North Dakota,Center,Right,Iowa,2,1990.0,2.0,1.0,Golden State Warriors,j/jepsele01.html
2360,Jonas Jerebko,2009-10,2018-19,208.0,104.0,1987-03-02,39.0,Sweden,Power Forward,Right,,9,2009.0,2.0,9.0,Detroit Pistons,j/jerebjo01.html
2361,Ty Jerome,2019-20,2025-26,196.0,88.0,1997-07-08,29.0,New York,Shooting Guard,Right,Virginia,7,2019.0,1.0,24.0,Philadelphia 76ers,j/jeromty01.html
2362,Grant Jerrett,2014-15,2014-15,208.0,106.0,1993-07-08,33.0,California,Power Forward,Right,Arizona,1,2013.0,2.0,10.0,Portland Trail Blazers,j/jerregr01.html
2363,Eugene Jeter,2010-11,2010-11,180.0,79.0,1983-12-02,42.0,California,Point Guard,Right,University of Portland,1,,,,,j/jetereu01.html
2365,Yi Jianlian,2007-08,2011-12,213.0,108.0,1987-10-27,38.0,China,Power Forward,Right,,5,2007.0,1.0,6.0,Milwaukee Bucks,j/jianlyi01.html
2366,Isaiah Joe,2020-21,2025-26,193.0,74.0,1999-07-02,27.0,Arkansas,Shooting Guard,Right,Arkansas,6,2020.0,2.0,19.0,Philadelphia 76ers,j/joeis01.html
2367,Britton Johnsen,2003-04,2004-05,208.0,95.0,1979-07-08,47.0,Utah,Small Forward and Center,Right,Utah,2,,,,,j/johnsbr01.html
2368,AJ Johnson,2024-25,2025-26,196.0,72.0,2004-12-01,21.0,California,Shooting Guard,Right,,2,2024.0,1.0,23.0,Milwaukee Bucks,j/johnsaj01.html
2369,Alexander Johnson,2006-07,2007-08,206.0,108.0,1983-02-08,43.0,Georgia,Power Forward,Right,Florida State,2,2006.0,2.0,15.0,Indiana Pacers,j/johnsal01.html
2370,Alize Johnson,2018-19,2022-23,206.0,96.0,1996-04-22,30.0,Pennsylvania,Power Forward,Right,Frank Phillips College,5,2018.0,2.0,20.0,Indiana Pacers,j/johnsal02.html
2371,Amir Johnson,2005-06,2018-19,206.0,108.0,1987-05-01,39.0,California,"Power Forward, Center, and Small Forward",Right,,14,2005.0,2.0,26.0,Detroit Pistons,j/johnsam01.html
2372,Andy Johnson,1958-59,1961-62,196.0,97.0,1932-11-08,93.0,California,Small Forward and Power Forward,Right,University of Portland,4,,,,,j/johnsan01.html
2373,Anthony Johnson,1997-98,2009-10,190.0,86.0,1974-10-02,51.0,South Carolina,Point Guard and Shooting Guard,Right,College of Charleston,13,1997.0,2.0,11.0,Sacramento Kings,j/johnsan02.html
2374,Armon Johnson,2010-11,2011-12,190.0,88.0,1989-02-23,37.0,Illinois,Point Guard,Left,Nevada,2,2010.0,2.0,4.0,Portland Trail Blazers,j/johnsar02.html
2375,Arnie Johnson,1949-50,1952-53,196.0,107.0,1920-05-16,106.0,Minnesota,Small Forward,Right,Bemidji State University,4,,,,,j/johnsar01.html
2376,Avery Johnson,1988-89,2003-04,178.0,79.0,1965-03-25,61.0,Louisiana,Point Guard,Left,Cameron University,16,,,,,j/johnsav01.html
2377,B.J. Johnson,2018-19,2021-22,201.0,90.0,1995-12-21,30.0,Pennsylvania,Small Forward,Left,Syracuse,3,,,,,j/johnsbj01.html
2378,Brice Johnson,2016-17,2017-18,208.0,104.0,1994-06-27,32.0,South Carolina,Power Forward,Right,UNC,2,2016.0,1.0,25.0,Los Angeles Clippers,j/johnsbr02.html
2379,Buck Johnson,1986-87,1992-93,201.0,86.0,1964-01-03,62.0,Alabama,Small Forward,Right,Alabama,7,1986.0,1.0,20.0,Houston Rockets,j/johnsbu01.html
2380,Cameron Johnson,2019-20,2025-26,203.0,95.0,1996-03-03,30.0,Pennsylvania,Power Forward and Small Forward,Right,Pitt,7,2019.0,1.0,11.0,Minnesota Timberwolves,j/johnsca02.html
2381,Carldell Johnson,2011-12,2011-12,178.0,81.0,1983-01-28,43.0,Louisiana,Point Guard,Right,UAB,1,,,,,j/johnsca01.html
2382,Chaney Johnson,2025-26,2025-26,201.0,99.0,2002-06-20,24.0,Alabama,Small Forward,Right,Auburn,1,,,,,j/johnsch06.html
2383,Charles Johnson,1972-73,1978-79,183.0,77.0,1949-03-31,77.0,Texas,Shooting Guard and Point Guard,Right,California,7,1971.0,6.0,8.0,Golden State Warriors,j/johnsch01.html
2384,Cheese Johnson,1979-80,1979-80,198.0,88.0,1957-09-07,68.0,New York,Small Forward,Right,Wichita State,1,1979.0,3.0,10.0,Golden State Warriors,j/johnsch02.html
2385,Chris Johnson,2010-11,2012-13,211.0,95.0,1985-07-15,41.0,District of Columbia,Center,Right,LSU,3,,,,,j/johnsch03.html
2386,Chris Johnson,2012-13,2015-16,198.0,93.0,1990-04-29,36.0,Florida,Small Forward,Left,Dayton,4,,,,,j/johnsch04.html
2387,Clay Johnson,1981-82,1983-84,193.0,79.0,1956-07-18,69.0,Mississippi,Shooting Guard,Right,Missouri,3,1978.0,5.0,22.0,Portland Trail Blazers,j/johnscl02.html
2388,Clemon Johnson,1978-79,1987-88,208.0,108.0,1956-09-12,69.0,Florida,Center,Right,Florida A&M,10,1978.0,2.0,22.0,Portland Trail Blazers,j/johnscl01.html
2389,Dakari Johnson,2017-18,2017-18,213.0,115.0,1995-09-22,30.0,New York,Center,Right,Kentucky,1,2015.0,2.0,18.0,Oklahoma City Thunder,j/johnsda04.html
2390,Darryl Johnson,1995-96,1995-96,185.0,77.0,1965-10-26,60.0,Michigan,Point Guard,Right,Michigan State,1,1987.0,3.0,12.0,Golden State Warriors,j/johnsda02.html
2391,Dave Johnson,1992-93,1993-94,201.0,95.0,1970-11-16,55.0,Louisiana,Shooting Guard,Right,Syracuse,2,1992.0,1.0,26.0,Portland Trail Blazers,j/johnsda01.html
2392,David Johnson,2021-22,2021-22,193.0,92.0,2001-02-26,25.0,Kentucky,Point Guard and Shooting Guard,Right,Louisville,1,2021.0,2.0,17.0,Toronto Raptors,j/johnsda08.html
2393,DeMarco Johnson,1999-00,1999-00,206.0,111.0,1975-10-06,50.0,North Carolina,Power Forward,Right,UNC Charlotte,1,1998.0,2.0,9.0,New York Knicks,j/johnsde02.html
2394,Dennis Johnson,1976-77,1989-90,193.0,83.0,1954-09-18,71.0,California,Point Guard and Shooting Guard,Right,Harbor College,14,1976.0,2.0,12.0,Seattle SuperSonics,j/johnsde01.html
2395,DerMarr Johnson,2000-01,2007-08,206.0,91.0,1980-05-05,46.0,District of Columbia,Small Forward and Shooting Guard,Right,Cincinnati,7,2000.0,1.0,6.0,Atlanta Hawks,j/johnsde03.html
2397,Eddie Johnson,1977-78,1986-87,188.0,81.0,1955-02-24,71.0,Florida,Shooting Guard,Right,Auburn,10,1977.0,3.0,5.0,Atlanta Hawks,j/johnsed02.html
2398,Eddie Johnson,1981-82,1998-99,201.0,97.0,1959-05-01,67.0,Illinois,Small Forward and Shooting Guard,Right,Illinois,17,1981.0,2.0,6.0,Kansas City Kings,j/johnsed03.html
2399,Eric Johnson,1989-90,1989-90,188.0,92.0,1966-02-07,60.0,New York,Point Guard,Right,Baylor,1,,,,,j/johnser01.html
2400,Ervin Johnson,1993-94,2005-06,211.0,111.0,1967-12-21,58.0,Louisiana,Center,Right,New Orleans,13,1993.0,1.0,23.0,Seattle SuperSonics,j/johnser02.html
2401,Frank Johnson,1981-82,1993-94,185.0,83.0,1958-11-23,67.0,Florida,Point Guard,Right,Wake Forest,10,1981.0,1.0,11.0,Washington Bullets,j/johnsfr01.html
2402,George Johnson,1970-71,1973-74,211.0,111.0,1947-06-19,79.0,Texas,Center,Right,Stephen F. Austin,3,1970.0,1.0,9.0,Baltimore Bullets,j/johnsge01.html
2403,George Johnson,1972-73,1985-86,211.0,92.0,1948-12-18,77.0,Mississippi,Center,Right,Dillard University,13,1970.0,5.0,11.0,Chicago Bulls,j/johnsge02.html
2404,George Johnson,1978-79,1985-86,201.0,95.0,1956-12-08,69.0,New York,Power Forward and Small Forward,Right,St. John's,8,1978.0,1.0,12.0,Milwaukee Bucks,j/johnsge03.html
2405,Gus Johnson,1963-64,1972-73,198.0,104.0,1938-12-13,87.0,Ohio,Power Forward and Small Forward,Right,Boise State,10,1963.0,2.0,2.0,Baltimore Bullets,j/johnsgu01.html
2407,Ivan Johnson,2011-12,2012-13,203.0,104.0,1984-04-10,42.0,Texas,Power Forward,Right,Oregon,2,,,,,j/johnsiv01.html
2408,JaJuan Johnson,2011-12,2011-12,208.0,100.0,1989-02-08,37.0,Indiana,Power Forward,Right,Purdue,1,2011.0,1.0,27.0,New Jersey Nets,j/johnsja02.html
2409,Jalen Johnson,2021-22,2025-26,203.0,99.0,2001-12-18,24.0,Wisconsin,Small Forward and Power Forward,Right,Duke,5,2021.0,1.0,20.0,Atlanta Hawks,j/johnsja05.html
2410,James Johnson,2009-10,2024-25,201.0,108.0,1987-02-20,39.0,Wyoming,"Power Forward, Small Forward, and Center",Right,Wake Forest,16,2009.0,1.0,16.0,Chicago Bulls,j/johnsja01.html
2411,Joe Johnson,2001-02,2021-22,201.0,108.0,1981-06-29,45.0,Arkansas,Shooting Guard and Small Forward,Right,Arkansas,18,2001.0,1.0,10.0,Boston Celtics,j/johnsjo02.html
2412,John Johnson,1970-71,1981-82,201.0,90.0,1947-10-18,78.0,Mississippi,Small Forward,Right,Northwest College,12,1970.0,1.0,7.0,Cleveland Cavaliers,j/johnsjo01.html
2413,Kannard Johnson,1987-88,1987-88,206.0,99.0,1965-06-24,61.0,Ohio,Small Forward,Right,Western Kentucky,1,1987.0,2.0,18.0,Cleveland Cavaliers,j/johnska01.html
2414,Keldon Johnson,2019-20,2025-26,198.0,99.0,1999-10-11,26.0,Virginia,Small Forward,Right,Kentucky,7,2019.0,1.0,29.0,San Antonio Spurs,j/johnske04.html
2415,Ken Johnson,1985-86,1985-86,203.0,108.0,1962-11-07,63.0,Alabama,Power Forward,Right,USC,1,1985.0,2.0,4.0,Chicago Bulls,j/johnske01.html
2416,Ken Johnson,2002-03,2002-03,211.0,108.0,1978-02-01,48.0,Michigan,Center,Right,Ohio State,1,2001.0,2.0,20.0,Miami Heat,j/johnske03.html
2417,Keon Johnson,2021-22,2024-25,196.0,83.0,2002-03-10,24.0,Tennessee,Shooting Guard,Right,Tennessee,4,2021.0,1.0,21.0,New York Knicks,j/johnske07.html
2418,Keshad Johnson,2024-25,2025-26,198.0,102.0,2001-06-23,25.0,California,Small Forward,Right,San Diego State,2,,,,,j/johnske10.html
2419,Kevin Johnson,1987-88,1999-00,185.0,81.0,1966-03-04,60.0,California,Point Guard,Right,California,12,1987.0,1.0,7.0,Cleveland Cavaliers,j/johnske02.html
2420,Keyontae Johnson,2023-24,2023-24,193.0,104.0,2000-05-24,26.0,Virginia,Small Forward,Right,Florida,1,2023.0,2.0,20.0,Oklahoma City Thunder,j/johnske08.html
2421,Larry Johnson,1977-78,1977-78,190.0,92.0,1954-11-28,71.0,Kentucky,Shooting Guard,Right,Kentucky,1,1977.0,2.0,2.0,Buffalo Braves,j/johnsla01.html
2422,Larry Johnson,1991-92,2000-01,201.0,113.0,1969-03-14,57.0,Texas,Power Forward and Small Forward,Right,Odessa College,10,1991.0,1.0,1.0,Charlotte Hornets,j/johnsla02.html
2423,Lee Johnson,1980-81,1980-81,211.0,92.0,1957-06-16,69.0,Arkansas,Power Forward,Right,Montana,1,1979.0,1.0,17.0,Houston Rockets,j/johnsle01.html
2424,Linton Johnson,2003-04,2008-09,203.0,92.0,1980-06-13,46.0,Illinois,Power Forward and Small Forward,Right,Tulane,6,,,,,j/johnsli01.html
2425,Magic Johnson,1979-80,1995-96,206.0,97.0,1959-08-14,66.0,Michigan,"Point Guard, Shooting Guard, and Power Forward",Right,Michigan State,13,1979.0,1.0,1.0,Los Angeles Lakers,j/johnsma02.html
2426,Marques Johnson,1977-78,1989-90,201.0,98.0,1956-02-08,70.0,Louisiana,Small Forward and Shooting Guard,Right,UCLA,11,1977.0,1.0,3.0,Milwaukee Bucks,j/johnsma01.html
2427,Mickey Johnson,1974-75,1985-86,208.0,86.0,1952-08-31,73.0,Illinois,Power Forward,Right,Aurora University,12,1974.0,4.0,2.0,Portland Trail Blazers,j/johnsmi01.html
2428,Neil Johnson,1966-67,1969-70,201.0,99.0,1943-04-17,83.0,Michigan,Power Forward,Right,Tulsa,4,1966.0,2.0,5.0,Baltimore Bullets,j/johnsne02.html
2429,Nick Johnson,2014-15,2014-15,190.0,90.0,1992-12-22,33.0,Arizona,Shooting Guard,Right,Arizona,1,2014.0,2.0,12.0,Houston Rockets,j/johnsni01.html
2430,Ollie Johnson,1972-73,1981-82,198.0,90.0,1949-05-11,77.0,Pennsylvania,Small Forward,Right,Temple,10,1972.0,2.0,17.0,Portland Trail Blazers,j/johnsol01.html
2431,Omari Johnson,2017-18,2017-18,206.0,99.0,1989-11-26,36.0,Jamaica,Power Forward,Right,Oregon State,1,,,,,j/johnsom01.html
2432,Orlando Johnson,2012-13,2015-16,196.0,99.0,1989-03-11,37.0,California,Shooting Guard,Right,Loyola Marymount,3,2012.0,2.0,6.0,Sacramento Kings,j/johnsor01.html
2433,Ralph Johnson,1949-50,1952-53,180.0,77.0,1921-12-06,104.0,Indiana,Point Guard,Right,Huntington University,4,,,,,j/johnsra01.html
2434,Reggie Johnson,1980-81,1983-84,206.0,92.0,1957-06-25,69.0,Georgia,Power Forward and Small Forward,Right,Tennessee,4,1980.0,1.0,15.0,San Antonio Spurs,j/johnsre01.html
2435,Rich Johnson,1968-69,1970-71,201.0,95.0,1946-12-18,79.0,Louisiana,Center and Power Forward,Right,Grambling State University,3,1968.0,4.0,10.0,Boston Celtics,j/johnsri01.html
2436,Ron Johnson,1960-61,1960-61,203.0,97.0,1938-07-20,87.0,Minnesota,Forward,Right,Minnesota,1,1960.0,2.0,4.0,Detroit Pistons,j/johnsro01.html
2437,Stanley Johnson,2015-16,2022-23,198.0,109.0,1996-05-29,30.0,California,Small Forward and Power Forward,Right,Arizona,8,2015.0,1.0,8.0,Detroit Pistons,j/johnsst04.html
2438,Steffond Johnson,1986-87,1986-87,203.0,108.0,1962-11-04,63.0,Texas,Power Forward,Right,LSU,1,1986.0,5.0,7.0,Los Angeles Clippers,j/johnsst02.html
2439,Steve Johnson,1981-82,1990-91,208.0,106.0,1957-11-03,68.0,Ohio,Center,Right,Oregon State,10,1981.0,1.0,7.0,Kansas City Kings,j/johnsst03.html
2441,Tre Johnson,2025-26,2025-26,196.0,86.0,2006-03-07,20.0,Texas,Shooting Guard,Right,Texas,1,2025.0,1.0,6.0,Washington Wizards,j/johnstr03.html
2442,Trey Johnson,2008-09,2011-12,196.0,98.0,1984-08-30,41.0,Mississippi,Shooting Guard,Right,Alcorn State,3,,,,,j/johnstr01.html
2443,Tyler Johnson,2014-15,2021-22,190.0,84.0,1992-05-07,34.0,North Dakota,Point Guard and Shooting Guard,Left,Fresno State,8,,,,,j/johnsty01.html
2444,Vinnie Johnson,1979-80,1991-92,188.0,90.0,1956-09-01,69.0,New York,Shooting Guard and Point Guard,Right,Baylor,13,1979.0,1.0,7.0,Seattle SuperSonics,j/johnsvi01.html
2445,Wesley Johnson,2010-11,2018-19,201.0,97.0,1987-07-11,39.0,Texas,Small Forward and Shooting Guard,Right,Iowa State,9,2010.0,1.0,4.0,Minnesota Timberwolves,j/johnswe01.html
2446,Darius Johnson-Odom,2012-13,2013-14,188.0,92.0,1989-09-28,36.0,North Carolina,Shooting Guard,Left,Marquette,2,2012.0,2.0,25.0,Dallas Mavericks,j/johnsda03.html
2447,Nate Johnston,1989-90,1989-90,203.0,95.0,1966-12-18,59.0,Alabama,Small Forward and Power Forward,Right,University of Tampa,1,1988.0,3.0,9.0,Miami Heat,j/johnsna01.html
2448,Neil Johnston,1951-52,1958-59,203.0,95.0,1929-02-04,97.0,Ohio,Center,Right,Ohio State,8,,,,,j/johnsne01.html
2449,Jim Johnstone,1982-83,1982-83,211.0,111.0,1960-09-20,65.0,Connecticut,Center and Power Forward,Right,Wake Forest,1,1982.0,3.0,5.0,Kansas City Kings,j/johnsji01.html
2450,Nikola Jokić,2015-16,2025-26,211.0,128.0,1995-02-19,31.0,Serbia,Center,Right,,11,2014.0,2.0,11.0,Denver Nuggets,j/jokicni01.html
2451,Howie Jolliff,1960-61,1962-63,201.0,98.0,1938-07-20,87.0,Ohio,Power Forward,Right,Ohio University,3,1960.0,7.0,2.0,Los Angeles Lakers,j/jolifho01.html
2452,Alvin Jones,2001-02,2001-02,211.0,120.0,1978-09-09,47.0,Luxembourg,Center,Right,Georgia Tech,1,2001.0,2.0,28.0,Philadelphia 76ers,j/jonesal01.html
2453,Anthony Jones,1986-87,1989-90,198.0,88.0,1962-09-13,63.0,District of Columbia,Shooting Guard and Small Forward,Right,Georgetown,3,1986.0,1.0,21.0,Washington Bullets,j/jonesan01.html
2454,Askia Jones,1994-95,1994-95,196.0,90.0,1971-12-03,54.0,Pennsylvania,Shooting Guard,Right,Kansas State,1,,,,,j/jonesas01.html
2455,Bill Jones,1988-89,1988-89,201.0,79.0,1966-03-18,60.0,Michigan,Power Forward,Right,Iowa,1,,,,,j/jonesbi01.html
2456,Bobby Jones,1976-77,1985-86,206.0,95.0,1951-12-18,74.0,Ohio,Power Forward,Right,UNC,10,1974.0,1.0,5.0,Houston Rockets,j/jonesbo01.html
2457,Bobby Jones,2006-07,2007-08,201.0,97.0,1984-01-09,42.0,California,Small Forward,Right,Washington,2,2006.0,2.0,7.0,Minnesota Timberwolves,j/jonesbo02.html
2458,Caldwell Jones,1976-77,1989-90,211.0,98.0,1950-08-04,75.0,Arkansas,Center and Power Forward,Right,Albany State University,14,1973.0,2.0,14.0,Philadelphia 76ers,j/jonesca01.html
2459,Carlik Jones,2021-22,2022-23,183.0,78.0,1997-12-23,28.0,Ohio,Point Guard,Right,Radford,2,,,,,j/jonesca03.html
2460,Charles Jones,1983-84,1997-98,206.0,97.0,1957-04-03,69.0,Arkansas,Center and Power Forward,Right,Albany State University,15,1979.0,8.0,18.0,Phoenix Suns,j/jonesch01.html
2461,Charles Jones,1984-85,1988-89,203.0,97.0,1962-01-12,64.0,Mississippi,Power Forward and Center,Right,Louisville,4,1984.0,2.0,12.0,Phoenix Suns,j/jonesch02.html
2462,Charles Jones,1998-99,1999-00,190.0,81.0,1975-07-17,50.0,New York,Point Guard and Shooting Guard,Right,Rutgers University,2,,,,,j/jonesch03.html
2463,Colby Jones,2023-24,2025-26,198.0,93.0,2002-05-28,24.0,Alabama,Shooting Guard,Right,Xavier,3,2023.0,2.0,4.0,Charlotte Hornets,j/jonesco02.html
2465,Curtis Jones,2025-26,2025-26,190.0,88.0,2001-12-04,24.0,Minnesota,Shooting Guard,Right,Indian Hills Community College,1,,,,,j/jonescu01.html
2466,Dahntay Jones,2003-04,2016-17,198.0,102.0,1980-12-27,45.0,New Jersey,Small Forward and Shooting Guard,Right,Rutgers University,13,2003.0,1.0,20.0,Boston Celtics,j/jonesda02.html
2467,Damian Jones,2016-17,2023-24,208.0,111.0,1995-06-30,31.0,Louisiana,Center,Right,Vanderbilt,8,2016.0,1.0,30.0,Golden State Warriors,j/jonesda03.html
2468,Damon Jones,1998-99,2008-09,190.0,83.0,1976-08-25,49.0,Texas,Point Guard and Shooting Guard,Right,Houston,11,,,,,j/jonesda01.html
2469,DeQuan Jones,2012-13,2012-13,203.0,100.0,1990-06-20,36.0,Georgia,Small Forward,Right,Miami (FL),1,,,,,j/jonesde01.html
2470,Derrick Jones Jr.,2016-17,2025-26,198.0,95.0,1997-02-15,29.0,Pennsylvania,Small Forward and Power Forward,Left,UNLV,10,,,,,j/jonesde02.html
2471,Dillon Jones,2024-25,2025-26,196.0,106.0,2001-10-29,24.0,South Carolina,Small Forward,Right,Weber State,2,2024.0,1.0,26.0,Washington Wizards,j/jonesdi01.html
2472,Dominique Jones,2010-11,2012-13,193.0,97.0,1988-10-15,37.0,Florida,Shooting Guard and Point Guard,Right,South Florida,3,2010.0,1.0,25.0,Memphis Grizzlies,j/jonesdo02.html
2473,Dontae' Jones,1997-98,1997-98,203.0,99.0,1975-06-02,51.0,Tennessee,Small Forward,Right,Northeast Mississippi Community College,1,1996.0,1.0,21.0,New York Knicks,j/jonesdo01.html
2474,Dwayne Jones,2005-06,2009-10,211.0,113.0,1983-06-09,43.0,West Virginia,Power Forward,Right,Saint Joseph's,5,,,,,j/jonesdw02.html
2475,Dwight Jones,1973-74,1982-83,208.0,95.0,1952-02-27,74.0,Texas,Power Forward and Center,Right,Houston,10,1973.0,1.0,9.0,Atlanta Hawks,j/jonesdw01.html
2476,Earl Jones,1984-85,1985-86,213.0,95.0,1961-01-13,65.0,West Virginia,Center,Right,University of the District of Columbia,2,1984.0,1.0,23.0,Los Angeles Lakers,j/jonesea01.html
2477,Eddie Jones,1994-95,2007-08,198.0,86.0,1971-10-20,54.0,Florida,Shooting Guard and Small Forward,Right,Temple,14,1994.0,1.0,10.0,Los Angeles Lakers,j/jonesed02.html
2478,Edgar Jones,1980-81,1985-86,208.0,102.0,1956-06-17,70.0,Alabama,Power Forward,Right,Nevada,6,1979.0,2.0,9.0,Milwaukee Bucks,j/jonesed01.html
2479,Fred Jones,2002-03,2008-09,193.0,95.0,1979-03-11,47.0,Arkansas,Shooting Guard and Small Forward,Right,Oregon,7,2002.0,1.0,14.0,Indiana Pacers,j/jonesfr01.html
2480,Herbert Jones,2021-22,2025-26,201.0,93.0,1998-10-06,27.0,Alabama,Small Forward and Power Forward,Left,Alabama,5,2021.0,2.0,5.0,New Orleans Pelicans,j/joneshe01.html
2481,Hutch Jones,1982-83,1983-84,203.0,86.0,1959-09-01,66.0,New York,Small Forward,Right,Buffalo State,2,1982.0,3.0,8.0,Los Angeles Lakers,j/joneshu01.html
2482,Isaac Jones,2024-25,2025-26,203.0,111.0,2000-07-11,26.0,Washington,Power Forward,Right,Wenatchee Valley College,2,,,,,j/jonesis01.html
2483,Jake Jones,1971-72,1971-72,190.0,81.0,1949-05-09,77.0,United States,Shooting Guard,Right,Assumption College,1,1971.0,6.0,12.0,Philadelphia 76ers,j/jonesja01.html
2484,Jalen Jones,2017-18,2018-19,201.0,99.0,1993-05-27,33.0,Texas,Small Forward,Right,SMU,2,,,,,j/jonesja04.html
2485,James Jones,2003-04,2016-17,203.0,98.0,1980-10-04,45.0,Florida,Small Forward and Shooting Guard,Right,Miami (FL),14,2003.0,2.0,20.0,Indiana Pacers,j/jonesja02.html
2486,Jemerrio Jones,2018-19,2021-22,196.0,78.0,1995-04-09,31.0,Tennessee,Small Forward,Right,Hill College,2,,,,,j/jonesje01.html
2487,Jimmy Jones,1974-75,1976-77,193.0,85.0,1945-01-01,81.0,Louisiana,Point Guard and Shooting Guard,Right,Grambling State University,3,1967.0,2.0,1.0,Baltimore Bullets,j/jonesji01.html
2488,Johnny Jones,1967-68,1967-68,201.0,92.0,1943-03-12,83.0,District of Columbia,Small Forward,Right,"California State University, Los Angeles",1,1966.0,5.0,6.0,Baltimore Bullets,j/jonesjo01.html
2489,Jumaine Jones,1999-00,2006-07,203.0,98.0,1979-02-10,47.0,Florida,"Small Forward, Power Forward, and Shooting Guard",Right,Georgia,8,1999.0,1.0,27.0,Atlanta Hawks,j/jonesju01.html
2490,K.C. Jones,1958-59,1966-67,185.0,90.0,1932-05-25,94.0,Texas,Point Guard,Right,San Francisco,9,1955.0,11.0,5.0,Minneapolis Lakers,j/joneskc01.html
2491,Kai Jones,2021-22,2024-25,211.0,100.0,2001-01-19,25.0,Bahamas,Center,Right,Texas,3,2021.0,1.0,19.0,New York Knicks,j/joneska01.html
2492,Kam Jones,2025-26,2025-26,193.0,90.0,2002-02-25,24.0,Colorado,Shooting Guard,Left,Marquette,1,2025.0,2.0,8.0,San Antonio Spurs,j/joneska03.html
2493,Kevin Jones,2012-13,2012-13,203.0,113.0,1989-08-25,36.0,New York,Power Forward,Right,West Virginia,1,,,,,j/joneske01.html
2494,Larry Jones,1964-65,1973-74,188.0,81.0,1942-09-22,83.0,Ohio,Point Guard and Shooting Guard,Right,Toledo,2,1963.0,5.0,8.0,Los Angeles Lakers,j/jonesla01.html
2495,Major Jones,1979-80,1984-85,206.0,102.0,1953-07-09,73.0,Arkansas,Power Forward,Right,Albany State University,6,1976.0,2.0,3.0,Portland Trail Blazers,j/jonesma01.html
2496,Mark Jones,1983-84,1983-84,185.0,79.0,1961-04-10,65.0,New York,Point Guard,Right,St. Bonaventure,1,1983.0,4.0,12.0,New York Knicks,j/jonesma02.html
2497,Mark Jones,2004-05,2004-05,198.0,97.0,1975-05-25,51.0,Wisconsin,Small Forward,Right,Minnesota,1,,,,,j/jonesma03.html
2498,Mason Jones,2020-21,2024-25,193.0,90.0,1998-07-21,27.0,Texas,Shooting Guard,Right,Connors State College,4,,,,,j/jonesma05.html
2499,Nick Jones,1967-68,1971-72,188.0,86.0,1945-03-28,81.0,United States,Shooting Guard and Point Guard,Right,Oregon,3,1967.0,3.0,12.0,San Diego Rockets,j/jonesni01.html
2500,Ozell Jones,1984-85,1985-86,211.0,106.0,1960-11-20,65.0,California,Center,Right,Wichita State,2,1984.0,4.0,20.0,San Antonio Spurs,j/jonesoz01.html
2501,Perry Jones,2012-13,2014-15,211.0,106.0,1991-09-24,34.0,Louisiana,Small Forward and Power Forward,Right,Baylor,3,2012.0,1.0,28.0,Oklahoma City Thunder,j/jonespe01.html
2502,Popeye Jones,1993-94,2003-04,203.0,113.0,1970-06-17,56.0,Tennessee,Power Forward,Right,Murray State,11,1992.0,2.0,14.0,Houston Rockets,j/jonespo01.html
2503,Rich Jones,1976-77,1976-77,198.0,99.0,1946-12-27,79.0,Tennessee,Small Forward and Power Forward,Right,Illinois,1,1968.0,4.0,13.0,Phoenix Suns,j/jonesri01.html
2504,Robin Jones,1976-77,1977-78,206.0,102.0,1954-02-02,72.0,Missouri,Center,Right,Saint Louis,2,,,,,j/jonesro01.html
2505,Sam Jones,1957-58,1968-69,193.0,89.0,1933-06-24,93.0,North Carolina,Shooting Guard,Right,NC Central,12,1956.0,8.0,3.0,Minneapolis Lakers,j/jonessa01.html
2506,Shelton Jones,1988-89,1988-89,206.0,95.0,1966-04-06,60.0,New York,Small Forward,Right,St. John's,1,1988.0,2.0,2.0,San Antonio Spurs,j/jonessh01.html
2507,Solomon Jones,2006-07,2013-14,208.0,104.0,1984-07-16,42.0,Florida,Power Forward and Center,Right,South Florida,8,2006.0,2.0,3.0,Atlanta Hawks,j/jonesso01.html
2508,Spencer Jones,2024-25,2025-26,201.0,102.0,2001-06-14,25.0,Kansas,Small Forward,Right,Stanford,2,,,,,j/jonessp01.html
2509,Steve Jones,1975-76,1975-76,196.0,92.0,1942-10-17,83.0,Louisiana,Shooting Guard,Right,Oregon,1,,,,,j/jonesst01.html
2510,Terrence Jones,2012-13,2018-19,206.0,114.0,1992-01-09,34.0,Oregon,Power Forward,Left,Kentucky,6,2012.0,1.0,18.0,Houston Rockets,j/joneste01.html
2511,Tre Jones,2020-21,2025-26,185.0,83.0,2000-01-08,26.0,Minnesota,Point Guard,Right,Duke,6,2020.0,2.0,11.0,San Antonio Spurs,j/jonestr01.html
2512,Tyus Jones,2015-16,2025-26,183.0,88.0,1996-05-10,30.0,Minnesota,Point Guard,Right,Duke,11,2015.0,1.0,24.0,Cleveland Cavaliers,j/jonesty01.html
2513,Wah Wah Jones,1949-50,1951-52,193.0,102.0,1926-07-14,100.0,Kentucky,Power Forward,Right,Kentucky,3,1949.0,1.0,9.0,Washington Capitols,j/joneswa01.html
2514,Wali Jones,1964-65,1975-76,188.0,81.0,1942-02-14,84.0,Pennsylvania,Point Guard and Shooting Guard,Right,Villanova,10,1964.0,3.0,2.0,Detroit Pistons,j/joneswa02.html
2515,Wil Jones,1976-77,1977-78,203.0,92.0,1947-02-27,79.0,Arkansas,Power Forward and Small Forward,Right,Albany State University,2,1969.0,5.0,12.0,Los Angeles Lakers,j/joneswi02.html
2516,Willie Jones,1960-61,1964-65,190.0,83.0,1936-06-29,90.0,United States,Point Guard,Right,Northwestern,5,1960.0,5.0,4.0,Detroit Pistons,j/joneswi01.html
2517,David Jones García,2025-26,2025-26,193.0,95.0,2001-11-24,24.0,Dominican Republic,Small Forward,Left,DePaul,1,,,,,j/jonesda06.html
2518,Adonis Jordan,1993-94,1998-99,180.0,77.0,1970-08-21,55.0,New York,Point Guard,Right,Kansas,2,1993.0,2.0,15.0,Seattle SuperSonics,j/jordaad01.html
2520,DeAndre Jordan,2008-09,2025-26,211.0,120.0,1988-07-21,37.0,Texas,Center,Left,Texas A&M,18,2008.0,2.0,5.0,Los Angeles Clippers,j/jordade01.html
2521,Eddie Jordan,1977-78,1983-84,185.0,77.0,1955-01-29,71.0,District of Columbia,Point Guard,Right,Rutgers University,7,1977.0,2.0,11.0,Cleveland Cavaliers,j/jordaed01.html
2522,Jerome Jordan,2011-12,2014-15,213.0,114.0,1986-09-29,39.0,Jamaica,Center,Right,Tulsa,2,2010.0,2.0,14.0,Milwaukee Bucks,j/jordaje01.html
2523,Michael Jordan,1984-85,2002-03,198.0,89.0,1963-02-17,63.0,New York,Shooting Guard and Small Forward,Right,UNC,15,1984.0,1.0,3.0,Chicago Bulls,j/jordami01.html
2524,Reggie Jordan,1993-94,1999-00,193.0,88.0,1968-01-26,58.0,Illinois,Shooting Guard and Point Guard,Left,New Mexico State,6,,,,,j/jordare01.html
2525,Thomas Jordan,1992-93,1992-93,208.0,99.0,1968-05-23,58.0,Maryland,Power Forward,Right,Oklahoma State,1,,,,,j/jordath01.html
2526,Walter Jordan,1980-81,1980-81,201.0,89.0,1956-02-19,70.0,Alabama,Small Forward,Right,Purdue,1,1978.0,4.0,18.0,New Jersey Nets,j/jordawa01.html
2527,Phil Jordon,1956-57,1962-63,208.0,92.0,1933-09-12,92.0,California,Center and Power Forward,Right,Whitworth,7,1956.0,6.0,3.0,Minneapolis Lakers,j/jordoph01.html
2529,Noble Jorgensen,1949-50,1952-53,206.0,103.0,1925-05-18,101.0,Ohio,Center,Right,Iowa,4,,,,,j/jorgeno01.html
2531,Cory Joseph,2011-12,2024-25,188.0,90.0,1991-08-20,34.0,Ontario,Point Guard and Shooting Guard,Right,Texas,14,2011.0,1.0,29.0,San Antonio Spurs,j/josepco01.html
2532,Garth Joseph,2000-01,2000-01,218.0,142.0,1973-08-08,52.0,Dominica,Center,Right,College of Saint Rose,1,,,,,j/josepga01.html
2533,Kris Joseph,2012-13,2012-13,201.0,95.0,1988-12-17,37.0,Quebec,Small Forward,Right,Syracuse,1,2012.0,2.0,21.0,Boston Celtics,j/josepkr01.html
2534,Yvon Joseph,1985-86,1985-86,211.0,111.0,1957-10-31,68.0,Haiti,Center,Right,Georgia Tech,1,1985.0,2.0,12.0,New Jersey Nets,j/josepyv01.html
2535,Nikola Jović,2022-23,2025-26,208.0,92.0,2003-06-09,23.0,United Kingdom,Power Forward,Right,,4,2022.0,1.0,27.0,Miami Heat,j/jovicni01.html
2538,Jeff Judkins,1978-79,1982-83,198.0,83.0,1956-03-23,70.0,Utah,Small Forward,Right,Utah,5,1978.0,2.0,8.0,Boston Celtics,j/judkije01.html
2539,Johnny Juzang,2022-23,2025-26,201.0,102.0,2001-03-17,25.0,California,Shooting Guard,Right,Kentucky,4,,,,,j/juzanjo01.html
2540,Mfiondu Kabengele,2019-20,2022-23,208.0,113.0,1997-08-14,28.0,Ontario,Power Forward and Center,Right,Florida State,3,2019.0,1.0,27.0,Brooklyn Nets,k/kabenmf01.html
2542,George Kaftan,1949-50,1952-53,190.0,86.0,1928-02-22,98.0,New York,Small Forward,Right,Holy Cross,4,1949.0,1.0,4.0,Boston Celtics,k/kaftage01.html
2543,Ed Kalafat,1954-55,1956-57,198.0,111.0,1932-10-13,93.0,Montana,Small Forward and Power Forward,Right,Minnesota,3,1954.0,1.0,9.0,Minneapolis Lakers,k/kalafed01.html
2544,Georgios Kalaitzakis,2021-22,2021-22,203.0,87.0,1999-01-02,27.0,Greece,Small Forward,Right,,1,2021.0,2.0,30.0,Indiana Pacers,k/kalaige01.html
2545,Ryan Kalkbrenner,2025-26,2025-26,216.0,116.0,2002-01-17,24.0,Missouri,Center,Right,Creighton,1,2025.0,2.0,4.0,Charlotte Hornets,k/kalkbry01.html
2546,Chris Kaman,2003-04,2015-16,213.0,120.0,1982-04-28,44.0,Michigan,Center,Right,Central Michigan University,13,2003.0,1.0,6.0,Los Angeles Clippers,k/kamanch01.html
2547,Frank Kaminsky,2015-16,2022-23,213.0,108.0,1993-04-04,33.0,Illinois,Center and Power Forward,Right,Wisconsin,8,2015.0,1.0,9.0,Charlotte Hornets,k/kaminfr01.html
2549,Jason Kapono,2003-04,2011-12,203.0,96.0,1981-02-04,45.0,California,Small Forward and Shooting Guard,Right,UCLA,9,2003.0,2.0,2.0,Cleveland Cavaliers,k/kaponja01.html
2551,Sergey Karasev,2013-14,2015-16,201.0,94.0,1993-10-26,32.0,Russia,Small Forward and Shooting Guard,Left,,3,2013.0,1.0,19.0,Cleveland Cavaliers,k/karasse01.html
2552,Coby Karl,2007-08,2009-10,196.0,97.0,1983-03-06,43.0,Montana,Shooting Guard and Small Forward,Right,Boise State,2,,,,,k/karlco01.html
2553,George Karl,1976-77,1977-78,188.0,86.0,1951-05-12,75.0,Pennsylvania,Point Guard,Right,UNC,2,1973.0,4.0,14.0,New York Knicks,k/karlge01.html
2555,Mario Kasun,2004-05,2005-06,216.0,117.0,1980-04-05,46.0,Croatia,Center,Right,,2,2002.0,2.0,12.0,Los Angeles Clippers,k/kasunma01.html
2556,Leo Katkaveck,1949-50,1949-50,183.0,83.0,1923-04-17,103.0,Connecticut,Guard,Right,NC State,1,1948.0,5.0,,Washington Capitols,k/katkale01.html
2557,Bob Kauffman,1968-69,1974-75,203.0,108.0,1946-07-13,80.0,New York,"Power Forward, Center, and Small Forward",Right,Guilford College,7,1968.0,1.0,3.0,Seattle SuperSonics,k/kauffbo01.html
2558,Sasha Kaun,2015-16,2015-16,211.0,117.0,1985-05-08,41.0,Russia,Center,Right,Kansas,1,2008.0,2.0,26.0,Seattle SuperSonics,k/kaunsa01.html
2560,Yuki Kawamura,2024-25,2025-26,170.0,72.0,2001-05-02,25.0,Japan,Point Guard,Right,,2,,,,,k/kawamyu01.html
2561,Clarence Kea,1980-81,1981-82,198.0,98.0,1959-02-02,67.0,North Carolina,Power Forward,Right,Lamar,2,1980.0,8.0,9.0,Dallas Mavericks,k/keacl01.html
2562,Mike Kearns,1954-55,1954-55,188.0,80.0,1929-06-18,97.0,New Jersey,Point Guard,Right,Princeton,1,1951.0,5.0,9.0,Philadelphia Warriors,k/kearnmi01.html
2563,Tommy Kearns,1958-59,1958-59,180.0,83.0,1936-10-06,89.0,New York,Guard,Right,UNC,1,1958.0,4.0,6.0,Syracuse Nationals,k/kearnto01.html
2564,Adam Keefe,1992-93,2000-01,206.0,104.0,1970-02-22,56.0,California,"Power Forward, Center, Forward, and Small Forward",Right,Stanford,9,1992.0,1.0,10.0,Atlanta Hawks,k/keefead01.html
2565,Harold Keeling,1985-86,1985-86,193.0,83.0,1963-09-18,62.0,Louisiana,Shooting Guard,Right,Santa Clara,1,1985.0,3.0,16.0,Dallas Mavericks,k/keeliha01.html
2566,Trevor Keels,2022-23,2025-26,190.0,97.0,2003-08-26,22.0,Maryland,Shooting Guard,Right,Duke,2,2022.0,2.0,12.0,New York Knicks,k/keelstr01.html
2570,Kylor Kelley,2024-25,2024-25,213.0,97.0,1997-08-26,28.0,Oregon,Center,Right,Oregon State,1,,,,,k/kelleky01.html
2571,Rich Kelley,1975-76,1985-86,213.0,106.0,1953-03-23,73.0,California,Center,Right,Stanford,11,1975.0,1.0,7.0,New Orleans Jazz,k/kelleri01.html
2572,Clark Kellogg,1982-83,1986-87,201.0,102.0,1961-07-02,65.0,Ohio,Power Forward,Right,Ohio State,5,1982.0,1.0,8.0,Indiana Pacers,k/kellocl01.html
2575,Miles Kelly,2025-26,2025-26,193.0,86.0,2003-01-26,23.0,Georgia,Point Guard,Right,Georgia Tech,1,,,,,k/kellymi02.html
2576,Ryan Kelly,2013-14,2016-17,211.0,104.0,1991-04-09,35.0,New York,Power Forward,Right,Duke,4,2013.0,2.0,18.0,Los Angeles Lakers,k/kellyry01.html
2578,Greg Kelser,1979-80,1984-85,201.0,86.0,1957-09-17,68.0,Florida,Small Forward,Right,Michigan State,6,1979.0,1.0,4.0,Detroit Pistons,k/kelsegr01.html
2579,Ben Kelso,1973-74,1973-74,190.0,88.0,1949-04-11,77.0,Michigan,Shooting Guard,Right,Central Michigan University,1,1972.0,8.0,4.0,Detroit Pistons,k/kelsobe01.html
2580,Shawn Kemp,1989-90,2002-03,208.0,104.0,1969-11-26,56.0,Indiana,Power Forward and Center,Right,Kentucky,14,1989.0,1.0,17.0,Seattle SuperSonics,k/kempsh01.html
2581,Tim Kempton,1986-87,1997-98,208.0,111.0,1964-01-25,62.0,New York,Power Forward,Right,Notre Dame,8,1986.0,6.0,8.0,Los Angeles Clippers,k/kemptti01.html
2582,Frank Kendrick,1974-75,1974-75,198.0,89.0,1950-09-11,75.0,Indiana,Small Forward,Right,Purdue,1,1974.0,3.0,11.0,Golden State Warriors,k/kendrfr01.html
2583,Luke Kennard,2017-18,2025-26,196.0,93.0,1996-06-24,30.0,Ohio,Shooting Guard,Left,Duke,9,2017.0,1.0,12.0,Detroit Pistons,k/kennalu01.html
2584,D.J. Kennedy,2011-12,2011-12,198.0,97.0,1989-11-05,36.0,Pennsylvania,Small Forward,Left,St. John's,1,,,,,k/kennedj01.html
2585,Goo Kennedy,1976-77,1976-77,196.0,92.0,1949-08-23,76.0,North Carolina,Small Forward and Power Forward,Right,Fort Worth Community College,1,1971.0,9.0,3.0,Portland Trail Blazers,k/kennego01.html
2586,Joe Kennedy,1968-69,1969-70,198.0,95.0,1947-01-12,79.0,United States,Small Forward,Right,Duke,2,1968.0,10.0,2.0,Seattle SuperSonics,k/kennejo01.html
2587,Pickles Kennedy,1960-61,1960-61,180.0,81.0,1938-05-17,88.0,Pennsylvania,Guard,Right,Temple,1,1960.0,2.0,7.0,Philadelphia Warriors,k/kennepi01.html
2588,Larry Kenon,1976-77,1982-83,206.0,92.0,1952-12-13,73.0,Alabama,Power Forward and Small Forward,Right,Amarillo College,7,1973.0,3.0,15.0,Detroit Pistons,k/kenonla01.html
2589,Jayson Kent,2025-26,2025-26,203.0,97.0,2002-02-03,24.0,Texas,Small Forward,Right,Bradley,1,,,,,k/kentja01.html
2590,Billy Kenville,1953-54,1959-60,188.0,84.0,1930-12-01,95.0,New York,Shooting Guard and Point Guard,Right,St. Bonaventure,6,1953.0,3.0,,Syracuse Nationals,k/kenvibi01.html
2591,Jonathan Kerner,1998-99,1998-99,211.0,111.0,1974-06-06,52.0,Georgia,Center,Right,Florida State,1,,,,,k/kernejo01.html
2592,Red Kerr,1954-55,1965-66,206.0,104.0,1932-07-17,93.0,Illinois,Center,Right,Illinois,12,1954.0,1.0,6.0,Syracuse Nationals,k/kerrre01.html
2593,Steve Kerr,1988-89,2002-03,190.0,79.0,1965-09-27,60.0,Lebanon,Point Guard and Shooting Guard,Right,Arizona,15,1988.0,2.0,25.0,Phoenix Suns,k/kerrst01.html
2594,Jack Kerris,1949-50,1952-53,198.0,97.0,1925-01-30,101.0,Illinois,Power Forward,Right,Loyola Chicago,4,1949.0,2.0,10.0,Chicago Stags,k/kerrija01.html
2595,Jerome Kersey,1984-85,2000-01,201.0,97.0,1962-06-26,64.0,Virginia,Small Forward,Right,Longwood University,17,1984.0,2.0,22.0,Portland Trail Blazers,k/kerseje01.html
2597,Alec Kessler,1990-91,1993-94,211.0,104.0,1967-01-13,59.0,Minnesota,Power Forward and Center,Right,Georgia,4,1990.0,1.0,12.0,Houston Rockets,k/kesslal01.html
2598,Walker Kessler,2022-23,2025-26,218.0,111.0,2001-07-26,24.0,Georgia,Center,Right,UNC,4,2022.0,1.0,22.0,Memphis Grizzlies,k/kesslwa01.html
2599,Lari Ketner,1999-00,2000-01,206.0,125.0,1977-02-01,49.0,Pennsylvania,Power Forward,Right,UMass,2,1999.0,2.0,20.0,Chicago Bulls,k/ketnela01.html
2600,Braxton Key,2021-22,2024-25,201.0,102.0,1997-02-14,29.0,North Carolina,Small Forward,Right,Alabama,4,,,,,k/keybr01.html
2602,Randolph Keys,1988-89,1995-96,201.0,88.0,1966-04-19,60.0,Mississippi,Small Forward,Right,Southern Miss,5,1988.0,1.0,22.0,Cleveland Cavaliers,k/keysra01.html
2603,Viktor Khryapa,2004-05,2007-08,206.0,95.0,1982-08-03,43.0,Ukraine,Power Forward and Small Forward,Right,,4,2004.0,1.0,22.0,New Jersey Nets,k/khryavi01.html
2604,Jason Kidd,1994-95,2012-13,193.0,92.0,1973-03-23,53.0,California,Point Guard and Shooting Guard,Right,California,19,1994.0,1.0,2.0,Dallas Mavericks,k/kiddja01.html
2605,Stanton Kidd,2019-20,2019-20,198.0,97.0,1992-03-18,34.0,Maryland,Shooting Guard,Right,South Plains College,1,,,,,k/kiddst01.html
2606,Warren Kidd,1993-94,1993-94,206.0,106.0,1970-09-09,55.0,Alabama,Power Forward,Right,Middle Tennessee,1,,,,,k/kiddwa01.html
2607,Michael Kidd-Gilchrist,2012-13,2019-20,198.0,104.0,1993-09-26,32.0,Pennsylvania,Small Forward and Power Forward,Right,Kentucky,8,2012.0,1.0,2.0,Charlotte Bobcats,k/kiddgmi01.html
2608,Irv Kiffin,1979-80,1979-80,206.0,102.0,1951-08-08,74.0,New York,Small Forward,Right,Oklahoma Baptist University,1,,,,,k/kiffiir01.html
2609,Jack Kiley,1951-52,1952-53,185.0,77.0,1929-01-05,97.0,New Jersey,Shooting Guard,Right,Syracuse,2,1951.0,2.0,4.0,Fort Wayne Pistons,k/kileyja01.html
2610,Earnie Killum,1970-71,1970-71,190.0,81.0,1948-06-11,78.0,Mississippi,Guard,Right,Stetson University,1,1970.0,2.0,13.0,Los Angeles Lakers,k/killuea01.html
2611,Carl Kilpatrick,1979-80,1979-80,208.0,104.0,1956-05-16,70.0,Louisiana,Center,Right,Louisiana-Monroe,1,1978.0,8.0,6.0,New Orleans Jazz,k/kilpaca01.html
2612,Sean Kilpatrick,2014-15,2017-18,193.0,95.0,1990-01-06,36.0,New York,Shooting Guard,Right,Cincinnati,4,,,,,k/kilpase01.html
2613,Toby Kimball,1966-67,1974-75,198.0,99.0,1942-09-07,83.0,Massachusetts,Power Forward,Right,UConn,9,1965.0,3.0,9.0,Boston Celtics,k/kimbato01.html
2614,Bo Kimble,1990-91,1992-93,193.0,86.0,1966-04-09,60.0,Pennsylvania,Shooting Guard,Right,USC,3,1990.0,1.0,8.0,Los Angeles Clippers,k/kimblbo01.html
2615,Stan Kimbrough,1989-90,1992-93,180.0,69.0,1966-04-24,60.0,Alabama,Point Guard,Right,Central Florida,2,,,,,k/kimbrst01.html
2616,Chad Kinch,1980-81,1980-81,193.0,86.0,1958-05-22,68.0,New Jersey,Shooting Guard,Right,UNC Charlotte,1,1980.0,1.0,22.0,Cleveland Cavaliers,k/kinchch01.html
2617,Albert King,1981-82,1991-92,198.0,86.0,1959-12-17,66.0,New York,Small Forward,Right,Maryland,9,1981.0,1.0,10.0,New Jersey Nets,k/kingal01.html
2618,Bernard King,1977-78,1992-93,201.0,92.0,1956-12-04,69.0,New York,Small Forward,Right,Tennessee,14,1977.0,1.0,7.0,New Jersey Nets,k/kingbe01.html
2619,Chris King,1993-94,1998-99,203.0,97.0,1969-07-24,56.0,North Carolina,Small Forward,Right,Wake Forest,3,1992.0,2.0,18.0,Seattle SuperSonics,k/kingch01.html
2620,Dan King,1954-55,1954-55,198.0,99.0,1931-01-07,95.0,Tennessee,Forward,Right,Western Kentucky,1,,,,,k/kingda01.html
2621,Frankie King,1995-96,1996-97,185.0,83.0,1972-06-06,54.0,Georgia,Shooting Guard and Point Guard,Right,Western Carolina University,2,1995.0,2.0,8.0,Los Angeles Lakers,k/kingfr01.html
2622,George King,1951-52,1957-58,183.0,79.0,1928-08-16,97.0,West Virginia,Point Guard,Right,University of Charleston,6,1950.0,8.0,6.0,Chicago Stags,k/kingge01.html
2623,George King,2018-19,2021-22,198.0,99.0,1994-01-15,32.0,North Carolina,Small Forward,Right,Colorado,2,2018.0,2.0,29.0,Phoenix Suns,k/kingge03.html
2624,Gerard King,1998-99,2000-01,206.0,104.0,1972-11-25,53.0,Louisiana,Small Forward,Right,Nicholls State,3,,,,,k/kingge02.html
2625,Jim King,1963-64,1972-73,188.0,79.0,1941-02-07,85.0,Oklahoma,Point Guard and Shooting Guard,Right,Tulsa,10,1963.0,2.0,5.0,Los Angeles Lakers,k/kingji01.html
2626,Jimmy King,1995-96,1996-97,196.0,95.0,1973-08-09,52.0,Indiana,Shooting Guard,Right,Michigan,2,1995.0,2.0,6.0,Toronto Raptors,k/kingji02.html
2627,Louis King,2019-20,2022-23,201.0,92.0,1999-04-06,27.0,New Jersey,Small Forward and Power Forward,Right,Oregon,4,,,,,k/kinglo02.html
2629,Maurice King,1959-60,1962-63,188.0,88.0,1935-03-12,91.0,Kansas,Point Guard,Right,Kansas,2,1957.0,6.0,8.0,Boston Celtics,k/kingma01.html
2630,Reggie King,1979-80,1984-85,198.0,102.0,1957-02-14,69.0,Alabama,Small Forward and Power Forward,Right,Alabama,6,1979.0,1.0,18.0,Kansas City Kings,k/kingre01.html
2631,Rich King,1991-92,1994-95,218.0,117.0,1969-04-04,57.0,Nebraska,Center,Right,Nebraska,4,1991.0,1.0,14.0,Seattle SuperSonics,k/kingri01.html
2633,Stacey King,1989-90,1996-97,211.0,104.0,1967-01-29,59.0,Oklahoma,Center and Power Forward,Left,Oklahoma,8,1989.0,1.0,6.0,Chicago Bulls,k/kingst01.html
2635,Bob Kinney,1949-50,1949-50,198.0,97.0,1920-09-16,105.0,Kansas,Center/Forward,Right,Rice University,1,,,,,k/kinnebo01.html
2636,Tarence Kinsey,2006-07,2008-09,198.0,83.0,1984-03-21,42.0,Florida,Shooting Guard,Right,South Carolina,3,,,,,k/kinseta01.html
2637,Andrei Kirilenko,2001-02,2014-15,206.0,99.0,1981-02-18,45.0,Russia,Small Forward and Power Forward,Right,,13,1999.0,1.0,24.0,Utah Jazz,k/kirilan01.html
2638,Alex Kirk,2014-15,2014-15,213.0,111.0,1991-11-14,34.0,New Mexico,Center,Right,New Mexico,1,,,,,k/kirkal01.html
2639,Walt Kirk,1949-50,1951-52,190.0,78.0,1924-09-03,101.0,Illinois,Point Guard,Right,Illinois,2,,,,,k/kirkwa01.html
2641,Corey Kispert,2021-22,2025-26,198.0,101.0,1999-03-03,27.0,Washington,Small Forward,Right,Gonzaga,5,2021.0,1.0,15.0,Washington Wizards,k/kispeco01.html
2643,Doug Kistler,1961-62,1961-62,206.0,95.0,1938-03-21,88.0,Pennsylvania,Forward,Right,Duke,1,1961.0,3.0,3.0,Detroit Pistons,k/kistldo01.html
2644,Curtis Kitchen,1986-87,1986-87,206.0,106.0,1964-01-30,62.0,Florida,Power Forward,Right,South Florida,1,1986.0,6.0,6.0,Seattle SuperSonics,k/kitchcu01.html
2645,Greg Kite,1983-84,1994-95,211.0,113.0,1961-08-05,64.0,Texas,Center,Right,BYU,12,1983.0,1.0,21.0,Boston Celtics,k/kitegr01.html
2646,Kerry Kittles,1996-97,2004-05,196.0,81.0,1974-06-12,52.0,Ohio,Shooting Guard,Right,Villanova,8,1996.0,1.0,8.0,New Jersey Nets,k/kittlke01.html
2647,Maxi Kleber,2017-18,2025-26,208.0,108.0,1992-01-29,34.0,Germany,Power Forward and Center,Right,,9,,,,,k/klebima01.html
2648,Joe Kleine,1985-86,1999-00,211.0,115.0,1962-01-04,64.0,Colorado,Center,Right,Notre Dame,15,1985.0,1.0,6.0,Sacramento Kings,k/kleinjo01.html
2649,Linas Kleiza,2005-06,2012-13,203.0,111.0,1985-01-03,41.0,Lithuania,Small Forward and Power Forward,Right,Missouri,7,2005.0,1.0,27.0,Portland Trail Blazers,k/kleizli01.html
2650,Leo Klier,1949-50,1949-50,188.0,77.0,1923-05-21,103.0,Indiana,Forward/Guard,Right,Notre Dame,1,,,,,k/klierle01.html
2651,Bobi Klintman,2024-25,2025-26,206.0,102.0,2003-03-06,23.0,Sweden,Small Forward,Right,Wake Forest,2,2024.0,2.0,7.0,Minnesota Timberwolves,k/klintbo01.html
2653,Duane Klueh,1949-50,1950-51,190.0,79.0,1926-01-06,100.0,North Dakota,Guard,Right,Indiana State University,2,1949.0,7.0,,Boston Celtics,k/kluehdu01.html
2655,Dalton Knecht,2024-25,2025-26,198.0,97.0,2001-04-19,25.0,North Dakota,Small Forward,Right,Northeastern Junior College,2,2024.0,1.0,17.0,Los Angeles Lakers,k/knechda01.html
2656,Billy Knight,1976-77,1984-85,198.0,88.0,1952-06-09,74.0,Pennsylvania,Small Forward and Shooting Guard,Right,Pitt,9,1974.0,2.0,3.0,Los Angeles Lakers,k/knighbi01.html
2657,Bob Knight,1954-55,1954-55,188.0,83.0,1929-04-30,97.0,Connecticut,Guard/Forward,Right,,1,,,,,k/knighbo01.html
2658,Brandin Knight,2004-05,2004-05,183.0,81.0,1981-12-16,44.0,New Jersey,Point Guard,Right,Pitt,1,,,,,k/knighbr02.html
2659,Brandon Knight,2011-12,2021-22,188.0,82.0,1991-12-02,34.0,Florida,Point Guard and Shooting Guard,Right,Kentucky,9,2011.0,1.0,8.0,Detroit Pistons,k/knighbr03.html
2660,Brevin Knight,1997-98,2008-09,178.0,78.0,1975-11-08,50.0,New Jersey,Point Guard,Right,Stanford,12,1997.0,1.0,16.0,Cleveland Cavaliers,k/knighbr01.html
2661,Nathan Knight,2020-21,2022-23,203.0,114.0,1997-09-20,28.0,New York,Power Forward and Center,Right,William & Mary,3,,,,,k/knighna01.html
2662,Negele Knight,1990-91,1998-99,185.0,79.0,1967-03-06,59.0,Michigan,Point Guard,Right,Dayton,6,1990.0,2.0,4.0,Phoenix Suns,k/knighne01.html
2663,Ron Knight,1970-71,1971-72,201.0,97.0,1947-08-04,78.0,United States,Small Forward and Power Forward,Right,"California State University, Los Angeles",2,1970.0,5.0,8.0,Portland Trail Blazers,k/knighro01.html
2664,Toby Knight,1977-78,1981-82,206.0,95.0,1955-05-03,71.0,New York,Small Forward,Left,Notre Dame,4,1977.0,2.0,10.0,New York Knicks,k/knighto01.html
2665,Travis Knight,1996-97,2002-03,213.0,106.0,1974-09-13,51.0,Utah,Center,Right,UConn,7,1996.0,1.0,29.0,Chicago Bulls,k/knightr01.html
2666,Lee Knorek,1949-50,1949-50,201.0,97.0,1921-07-15,105.0,Ohio,Center,Right,Detroit Mercy,1,,,,,k/knorele01.html
2667,Dick Knostman,1953-54,1953-54,198.0,97.0,1931-08-09,94.0,Kansas,Center,Right,Kansas State,1,1953.0,2.0,7.0,Syracuse Nationals,k/knostdi01.html
2668,Rod Knowles,1968-69,1968-69,206.0,97.0,1946-02-27,80.0,North Carolina,Center,Right,Davidson,1,1968.0,6.0,13.0,Phoenix Suns,k/knowlro01.html
2669,Kevin Knox,2018-19,2024-25,203.0,97.0,1999-08-11,26.0,Arizona,Small Forward and Power Forward,Right,Kentucky,7,2018.0,1.0,9.0,New York Knicks,k/knoxke01.html
2670,Kon Knueppel,2025-26,2025-26,198.0,97.0,2005-08-03,20.0,Wisconsin,Small Forward,Right,Duke,1,2025.0,1.0,4.0,Charlotte Hornets,k/knuepko01.html
2671,Bart Kofoed,1987-88,1992-93,193.0,95.0,1964-03-24,62.0,Nebraska,Shooting Guard,Right,Hastings College,5,1987.0,5.0,15.0,Utah Jazz,k/kofoeba01.html
2672,Don Kojis,1963-64,1974-75,196.0,97.0,1939-01-15,87.0,Wisconsin,Small Forward,Right,Marquette,12,1961.0,2.0,4.0,Chicago Packers,k/kojisdo01.html
2673,Tyler Kolek,2024-25,2025-26,188.0,88.0,2001-03-27,25.0,Rhode Island,Point Guard,Left,George Mason,2,2024.0,2.0,4.0,Portland Trail Blazers,k/kolekty01.html
2674,Christian Koloko,2022-23,2025-26,211.0,102.0,2000-06-20,26.0,Cameroon,Center,Right,Arizona,3,2022.0,2.0,3.0,Toronto Raptors,k/kolokch01.html
2675,Milo Komenich,1949-50,1949-50,201.0,96.0,1920-06-22,106.0,Indiana,Forward/Center,Right,Wyoming,1,,,,,k/komenmi01.html
2676,Howard Komives,1964-65,1973-74,185.0,83.0,1941-05-09,85.0,Ohio,Point Guard,Left,Bowling Green,10,1964.0,2.0,6.0,New York Knicks,k/komivho01.html
2677,Yanic Konan Niederhäuser,2025-26,2025-26,211.0,109.0,2003-03-14,23.0,Switzerland,Center,Right,Northern Illinois,1,2025.0,1.0,30.0,Los Angeles Clippers,k/konanya01.html
2678,Jon Koncak,1985-86,1995-96,213.0,113.0,1963-05-17,63.0,Iowa,Center,Right,SMU,11,1985.0,1.0,5.0,Atlanta Hawks,k/koncajo01.html
2679,John Konchar,2019-20,2025-26,196.0,95.0,1996-03-22,30.0,Illinois,Shooting Guard and Small Forward,Right,Purdue-Fort Wayne,7,,,,,k/konchjo01.html
2681,Bud Koper,1964-65,1964-65,198.0,95.0,1942-08-09,83.0,Oklahoma,Shooting Guard,Right,Oklahoma City University,1,1964.0,2.0,7.0,San Francisco Warriors,k/koperbu01.html
2682,Joe Kopicki,1982-83,1984-85,206.0,108.0,1960-06-12,66.0,Michigan,Power Forward,Right,Detroit Mercy,3,1982.0,3.0,10.0,Atlanta Hawks,k/kopicjo01.html
2683,Furkan Korkmaz,2017-18,2023-24,201.0,91.0,1997-07-24,28.0,Turkey,Shooting Guard,Right,,7,2016.0,1.0,26.0,Philadelphia 76ers,k/korkmfu01.html
2684,Frank Kornet,1989-90,1990-91,206.0,102.0,1967-01-27,59.0,Kentucky,Power Forward,Right,Vanderbilt,2,1989.0,2.0,3.0,Milwaukee Bucks,k/kornefr01.html
2685,Luke Kornet,2017-18,2025-26,216.0,113.0,1995-07-15,31.0,Texas,Center,Right,Vanderbilt,9,,,,,k/kornelu01.html
2686,Yaroslav Korolev,2005-06,2006-07,206.0,92.0,1987-05-07,39.0,Russia,Small Forward,Right,,2,2005.0,1.0,12.0,Los Angeles Clippers,k/korolya01.html
2687,Kyle Korver,2003-04,2019-20,201.0,96.0,1981-03-17,45.0,California,"Shooting Guard, Small Forward, and Power Forward",Right,Creighton,17,2003.0,2.0,22.0,New Jersey Nets,k/korveky01.html
2689,Len Kosmalski,1974-75,1975-76,213.0,111.0,1951-11-29,74.0,Ohio,Center,Right,Tennessee,2,1974.0,2.0,6.0,Kansas City-Omaha Kings,k/kosmale01.html
2692,Kosta Koufos,2008-09,2018-19,213.0,111.0,1989-02-24,37.0,Ohio,Center,Right,Ohio State,11,2008.0,1.0,23.0,Utah Jazz,k/koufoko01.html
2693,Tom Kozelko,1973-74,1975-76,203.0,99.0,1951-07-01,75.0,Michigan,Power Forward,Right,Toledo,3,1973.0,3.0,13.0,Capital Bullets,k/kozelto01.html
2695,Arvid Kramer,1979-80,1979-80,206.0,99.0,1956-10-02,69.0,Minnesota,Center,Right,Augustana College (SD),1,1979.0,3.0,1.0,Utah Jazz,k/kramear01.html
2696,Barry Kramer,1964-65,1964-65,193.0,90.0,1942-11-10,83.0,New York,Small Forward,Right,NYU,1,1964.0,1.0,7.0,San Francisco Warriors,k/krameba01.html
2697,Joel Kramer,1978-79,1982-83,201.0,92.0,1955-11-30,70.0,California,Power Forward and Center,Right,San Diego State,5,1978.0,3.0,19.0,Phoenix Suns,k/kramejo01.html
2701,Viacheslav Kravtsov,2012-13,2013-14,213.0,117.0,1987-08-25,38.0,Ukraine,Center,Right,,2,,,,,k/kravtvi01.html
2702,Jim Krebs,1957-58,1963-64,203.0,104.0,1935-09-08,90.0,Missouri,Center,Right,SMU,7,1957.0,1.0,3.0,Minneapolis Lakers,k/krebsji01.html
2703,Vít Krejčí,2021-22,2025-26,203.0,88.0,2000-06-19,26.0,Czechia,Point Guard and Shooting Guard,Right,,5,2020.0,2.0,7.0,Washington Wizards,k/krejcvi01.html
2704,Wayne Kreklow,1980-81,1980-81,193.0,79.0,1957-01-04,69.0,Wisconsin,Shooting Guard,Right,Drake University,1,1979.0,3.0,9.0,Boston Celtics,k/kreklwa01.html
2705,Tommy Kron,1966-67,1968-69,196.0,90.0,1943-02-28,83.0,Kentucky,Shooting Guard,Right,Kentucky,3,1966.0,3.0,4.0,St. Louis Hawks,k/kronto01.html
2706,Tom Kropp,1975-76,1976-77,190.0,92.0,1953-02-12,73.0,Nebraska,Shooting Guard,Right,University of Nebraska at Kearney,2,1975.0,3.0,12.0,Washington Bullets,k/kroppto01.html
2707,Nenad Krstić,2004-05,2010-11,213.0,108.0,1983-07-25,42.0,Serbia,Center and Power Forward,Right,,7,2002.0,1.0,24.0,New Jersey Nets,k/krstine01.html
2708,Larry Krystkowiak,1986-87,1996-97,206.0,99.0,1964-09-23,61.0,Montana,Power Forward,Right,Montana,9,1986.0,2.0,4.0,Chicago Bulls,k/krystla01.html
2709,Steve Kuberski,1969-70,1977-78,203.0,97.0,1947-11-06,78.0,Illinois,"Power Forward, Small Forward, and Center",Right,Bradley,9,1969.0,4.0,9.0,Boston Celtics,k/kuberst01.html
2710,Leo Kubiak,1949-50,1949-50,180.0,72.0,1926-12-25,99.0,Ohio,Guard,Right,Bowling Green,1,1948.0,4.0,,Rochester Royals,k/kubiale01.html
2711,Bruce Kuczenski,1983-84,1983-84,208.0,104.0,1961-02-03,65.0,Connecticut,Power Forward,Right,UConn,1,1983.0,3.0,12.0,New Jersey Nets,k/kuczebr01.html
2712,Frank Kudelka,1949-50,1952-53,188.0,87.0,1925-06-25,101.0,California,Shooting Guard and Small Forward,Right,Saint Mary's,4,,,,,k/kudelfr01.html
2713,John Kuester,1977-78,1979-80,188.0,81.0,1955-02-06,71.0,Virginia,Point Guard,Right,UNC,3,1977.0,3.0,9.0,Kansas City Kings,k/kuestjo01.html
2715,Toni Kukoč,1993-94,2005-06,208.0,87.0,1968-09-18,57.0,Croatia,Small Forward and Power Forward,Left,,13,1990.0,2.0,2.0,Chicago Bulls,k/kukocto01.html
2716,Arnoldas Kulboka,2021-22,2021-22,208.0,99.0,1998-01-04,28.0,Lithuania,Small Forward,Right,,1,2018.0,2.0,25.0,Charlotte Hornets,k/kulboar01.html
2717,Jonathan Kuminga,2021-22,2025-26,201.0,102.0,2002-10-06,23.0,Democratic Republic of the Congo,Power Forward and Small Forward,Right,,5,2021.0,1.0,7.0,Golden State Warriors,k/kuminjo01.html
2718,Kevin Kunnert,1973-74,1981-82,213.0,104.0,1951-11-11,74.0,Iowa,Center,Right,Iowa,9,1973.0,1.0,12.0,Chicago Bulls,k/kunneke01.html
2720,Mitch Kupchak,1976-77,1985-86,206.0,104.0,1954-05-24,72.0,New York,Power Forward and Center,Right,UNC,9,1976.0,1.0,13.0,Washington Bullets,k/kupchmi01.html
2721,C.J. Kupec,1975-76,1977-78,198.0,99.0,1953-01-26,73.0,Illinois,Small Forward,Right,Michigan,3,1975.0,4.0,2.0,Los Angeles Lakers,k/kupeccj01.html
2722,Rodions Kurucs,2018-19,2020-21,206.0,103.0,1998-02-05,28.0,Latvia,Small Forward and Power Forward,Right,,3,2018.0,2.0,10.0,Brooklyn Nets,k/kurucro01.html
2723,Rob Kurz,2008-09,2008-09,206.0,105.0,1985-03-05,41.0,Pennsylvania,Power Forward,Right,Notre Dame,1,,,,,k/kurzro01.html
2724,Ibo Kutluay,2004-05,2004-05,198.0,90.0,1974-07-01,52.0,Turkey,Shooting Guard,Right,,1,,,,,k/kutluib01.html
2725,Kyle Kuzma,2017-18,2025-26,203.0,100.0,1995-07-24,30.0,Michigan,Power Forward and Small Forward,Right,Utah,9,2017.0,1.0,27.0,Brooklyn Nets,k/kuzmaky01.html
2726,Ognjen Kuzmić,2013-14,2014-15,216.0,113.0,1990-05-16,36.0,Bosnia and Herzegovina,Center,Right,,2,2012.0,2.0,22.0,Golden State Warriors,k/kuzmiog01.html
2727,Mindaugas Kuzminskas,2016-17,2017-18,206.0,97.0,1989-10-19,36.0,Lithuania,Small Forward,Right,,2,,,,,k/kuzmimi01.html
2728,Fred LaCour,1960-61,1962-63,196.0,95.0,1938-02-07,88.0,California,Point Guard and Small Forward,Right,San Francisco,3,1960.0,3.0,6.0,St. Louis Hawks,l/lacoufr01.html
2729,Raef LaFrentz,1998-99,2007-08,211.0,108.0,1976-05-29,50.0,Iowa,Center and Power Forward,Left,Kansas,10,1998.0,1.0,3.0,Denver Nuggets,l/lafrera01.html
2730,Tom LaGarde,1977-78,1984-85,208.0,99.0,1955-02-10,71.0,Michigan,Center and Power Forward,Right,UNC,6,1977.0,1.0,9.0,Denver Nuggets,l/lagarto01.html
2731,Jake LaRavia,2022-23,2025-26,201.0,106.0,2001-11-03,24.0,California,Power Forward,Right,Indiana State University,4,2022.0,1.0,19.0,Minnesota Timberwolves,l/laravja01.html
2732,Rusty LaRue,1997-98,2003-04,188.0,95.0,1973-12-10,52.0,North Carolina,Point Guard,Right,Wake Forest,5,,,,,l/larueru01.html
2733,Rudy LaRusso,1959-60,1968-69,201.0,99.0,1937-11-11,88.0,New York,Power Forward and Small Forward,Right,Dartmouth College,10,1959.0,2.0,4.0,Minneapolis Lakers,l/larusru01.html
2734,Zach LaVine,2014-15,2025-26,196.0,90.0,1995-03-10,31.0,Washington,"Shooting Guard, Small Forward, and Point Guard",Right,UCLA,12,2014.0,1.0,13.0,Minnesota Timberwolves,l/lavinza01.html
2735,Skal Labissière,2016-17,2025-26,208.0,106.0,1996-03-18,30.0,Haiti,Power Forward and Center,Right,Kentucky,6,2016.0,1.0,28.0,Phoenix Suns,l/labissk01.html
2738,Sam Lacey,1970-71,1982-83,208.0,106.0,1948-03-28,78.0,Mississippi,Center,Right,New Mexico State,13,1970.0,1.0,5.0,Cincinnati Royals,l/laceysa01.html
2741,Christian Laettner,1992-93,2004-05,211.0,106.0,1969-08-17,56.0,New York,Power Forward and Center,Right,Duke,13,1992.0,1.0,3.0,Minnesota Timberwolves,l/laettch01.html
2742,Oliver Lafayette,2009-10,2009-10,188.0,86.0,1984-05-06,42.0,Louisiana,Shooting Guard,Right,Blinn College,1,,,,,l/lafayol01.html
2743,Bill Laimbeer,1980-81,1993-94,211.0,111.0,1957-05-19,69.0,Massachusetts,Center,Right,Notre Dame,14,1979.0,3.0,21.0,Cleveland Cavaliers,l/laimbbi01.html
2745,Bo Lamar,1976-77,1976-77,185.0,81.0,1951-04-07,75.0,Ohio,Point Guard and Shooting Guard,Right,Louisiana,1,1973.0,3.0,9.0,Detroit Pistons,l/lamarbo01.html
2746,Anthony Lamb,2020-21,2022-23,198.0,102.0,1998-01-20,28.0,New York,Small Forward,Right,University of Vermont,3,,,,,l/lamban01.html
2747,Doron Lamb,2012-13,2013-14,193.0,95.0,1991-11-06,34.0,New York,Shooting Guard,Right,Kentucky,2,2012.0,2.0,12.0,Milwaukee Bucks,l/lambdo01.html
2748,Jeremy Lamb,2012-13,2021-22,196.0,81.0,1992-05-30,34.0,Virginia,Shooting Guard and Small Forward,Right,UConn,10,2012.0,1.0,12.0,Houston Rockets,l/lambje01.html
2749,John Lambert,1975-76,1981-82,208.0,102.0,1953-01-14,73.0,California,Power Forward,Right,USC,7,1975.0,1.0,15.0,Cleveland Cavaliers,l/lambejo01.html
2750,Jeff Lamp,1981-82,1988-89,198.0,88.0,1959-03-09,67.0,Minnesota,Small Forward,Right,Virginia,6,1981.0,1.0,15.0,Portland Trail Blazers,l/lampje01.html
2751,Maciej Lampe,2003-04,2005-06,211.0,124.0,1985-02-05,41.0,Poland,Center,Right,,3,2003.0,2.0,1.0,New York Knicks,l/lampema01.html
2752,Jim Lampley,1986-87,1986-87,208.0,104.0,1960-07-02,66.0,Pennsylvania,Center,Right,Vanderbilt,1,1983.0,5.0,9.0,Dallas Mavericks,l/lamplji01.html
2753,Sean Lampley,2002-03,2003-04,201.0,102.0,1979-09-03,46.0,Illinois,Small Forward,Right,California,2,2001.0,2.0,16.0,Chicago Bulls,l/lamplse01.html
2754,Jock Landale,2021-22,2025-26,211.0,115.0,1995-10-25,30.0,Australia,Center,Right,Saint Mary's,5,,,,,l/landajo01.html
2755,Carl Landry,2007-08,2015-16,206.0,112.0,1983-09-19,42.0,Wisconsin,Power Forward,Right,Vincennes University,9,2007.0,2.0,1.0,Seattle SuperSonics,l/landrca01.html
2756,Marcus Landry,2009-10,2009-10,201.0,104.0,1985-11-01,40.0,Wisconsin,Small Forward,Right,Wisconsin,1,,,,,l/landrma01.html
2757,Mark Landsberger,1977-78,1983-84,203.0,97.0,1955-05-21,71.0,North Dakota,Power Forward and Center,Right,Minnesota,7,1977.0,2.0,13.0,Chicago Bulls,l/landsma01.html
2758,Jerome Lane,1988-89,1992-93,198.0,104.0,1966-12-04,59.0,Ohio,Power Forward,Right,Pitt,5,1988.0,1.0,23.0,Denver Nuggets,l/laneje01.html
2759,Andrew Lang,1988-89,1999-00,211.0,111.0,1966-06-28,60.0,Arkansas,Center,Right,Arkansas,12,1988.0,2.0,3.0,Phoenix Suns,l/langan01.html
2760,Antonio Lang,1994-95,1999-00,203.0,92.0,1972-05-15,54.0,Alabama,Small Forward and Power Forward,Right,Duke,6,1994.0,2.0,2.0,Phoenix Suns,l/langan02.html
2761,James Lang,2006-07,2006-07,208.0,129.0,1983-10-17,42.0,Alabama,Center,Right,,1,2003.0,2.0,19.0,New Orleans Hornets,l/langja01.html
2762,Trajan Langdon,1999-00,2001-02,190.0,89.0,1976-05-13,50.0,California,Shooting Guard,Right,Duke,3,1999.0,1.0,11.0,Cleveland Cavaliers,l/langdtr01.html
2763,Keith Langford,2007-08,2007-08,193.0,97.0,1983-09-15,42.0,Texas,Shooting Guard,Left,Kansas,1,,,,,l/langfke01.html
2764,Romeo Langford,2019-20,2022-23,196.0,97.0,1999-10-25,26.0,Indiana,Shooting Guard,Right,Indiana,4,2019.0,1.0,14.0,Boston Celtics,l/langfro01.html
2765,Dan Langhi,2000-01,2003-04,211.0,99.0,1977-11-28,48.0,Illinois,Small Forward,Right,Vanderbilt,4,2000.0,2.0,2.0,Dallas Mavericks,l/langhda01.html
2766,Bob Lanier,1970-71,1983-84,211.0,113.0,1948-09-10,77.0,New York,Center,Left,St. Bonaventure,14,1970.0,1.0,1.0,Detroit Pistons,l/laniebo01.html
2767,Chaz Lanier,2025-26,2025-26,190.0,93.0,2001-12-19,24.0,Tennessee,Shooting Guard,Right,University of North Florida,1,2025.0,2.0,7.0,Detroit Pistons,l/laniech01.html
2768,Stu Lantz,1968-69,1975-76,190.0,79.0,1946-07-13,80.0,Pennsylvania,Shooting Guard and Point Guard,Right,Nebraska,8,1968.0,3.0,1.0,San Diego Rockets,l/lantzst01.html
2769,Nicolás Laprovíttola,2016-17,2016-17,193.0,81.0,1990-01-31,36.0,Argentina,Point Guard,Right,,1,,,,,l/laproni01.html
2770,York Larese,1961-62,1961-62,193.0,83.0,1938-07-18,87.0,New York,Shooting Guard,Right,UNC,1,1960.0,6.0,6.0,St. Louis Hawks,l/laresyo01.html
2771,Shane Larkin,2013-14,2017-18,180.0,79.0,1992-10-02,33.0,Ohio,Point Guard,Right,Miami (FL),4,2013.0,1.0,18.0,Atlanta Hawks,l/larkish01.html
2772,Pelle Larsson,2024-25,2025-26,196.0,97.0,2001-02-23,25.0,Sweden,Shooting Guard,Right,Utah,2,2024.0,2.0,14.0,Houston Rockets,l/larsspe01.html
2773,John Laskowski,1975-76,1976-77,198.0,83.0,1953-06-07,73.0,Indiana,Shooting Guard,Right,Indiana,2,1975.0,2.0,14.0,Chicago Bulls,l/laskojo01.html
2774,Stéphane Lasme,2007-08,2007-08,203.0,97.0,1982-12-17,43.0,Gabon,Power Forward and Small Forward,Right,UMass,1,2007.0,2.0,16.0,Golden State Warriors,l/lasmest01.html
2775,Dave Lattin,1967-68,1968-69,198.0,102.0,1943-12-23,82.0,Texas,Power Forward,Right,Texas-El Paso,2,1967.0,1.0,10.0,San Francisco Warriors,l/lattida01.html
2776,Priest Lauderdale,1996-97,1997-98,224.0,147.0,1973-08-31,52.0,Illinois,Center,Left,Central State University,2,1996.0,1.0,28.0,Atlanta Hawks,l/laudepr01.html
2777,Rich Laurel,1977-78,1977-78,198.0,86.0,1954-07-11,72.0,Pennsylvania,Shooting Guard,Left,Hofstra,1,1977.0,1.0,19.0,Portland Trail Blazers,l/laureri01.html
2779,Walt Lautenbach,1949-50,1949-50,188.0,83.0,1922-11-17,103.0,Wisconsin,Guard/Forward,Right,Wisconsin,1,,,,,l/lautewa01.html
2780,Joffrey Lauvergne,2014-15,2017-18,211.0,117.0,1991-09-30,34.0,France,Center and Power Forward,Right,,4,2013.0,2.0,25.0,Memphis Grizzlies,l/lauvejo01.html
2781,Tony Lavelli,1949-50,1950-51,190.0,83.0,1926-07-11,100.0,Massachusetts,Forward,Right,Yale,2,1949.0,2.0,4.0,Boston Celtics,l/lavelto01.html
2782,Bob Lavoy,1950-51,1953-54,201.0,83.0,1926-06-29,100.0,Illinois,Power Forward,Right,Illinois,4,1950.0,1.0,9.0,Indianapolis Olympians,l/lavoybo01.html
2783,Acie Law,2007-08,2010-11,190.0,88.0,1985-01-25,41.0,Texas,Point Guard,Left,Texas A&M,4,2007.0,1.0,11.0,Atlanta Hawks,l/lawac01.html
2784,Vic Law,2019-20,2019-20,201.0,90.0,1995-12-19,30.0,Illinois,Power Forward,Right,Northwestern,1,,,,,l/lawvi01.html
2785,Gani Lawal,2010-11,2010-11,206.0,106.0,1988-11-07,37.0,Georgia,Power Forward,Right,Georgia Tech,1,2010.0,2.0,16.0,Phoenix Suns,l/lawalga01.html
2786,Edmund Lawrence,1980-81,1980-81,213.0,103.0,1952-12-08,73.0,Louisiana,Center,Right,McNeese State University,1,1976.0,5.0,16.0,Cleveland Cavaliers,l/lawreed01.html
2787,A.J. Lawson,2022-23,2025-26,198.0,81.0,2000-07-15,26.0,Ontario,Shooting Guard,Right,South Carolina,4,,,,,l/lawsoaj01.html
2788,Jason Lawson,1997-98,1997-98,211.0,108.0,1974-09-02,51.0,Pennsylvania,Center,Right,Villanova,1,1997.0,2.0,13.0,Denver Nuggets,l/lawsoja01.html
2789,Ty Lawson,2009-10,2016-17,180.0,88.0,1987-11-03,38.0,Maryland,Point Guard,Right,UNC,8,2009.0,1.0,18.0,Minnesota Timberwolves,l/lawsoty01.html
2790,Jake Layman,2016-17,2021-22,203.0,94.0,1994-03-07,32.0,Massachusetts,Small Forward,Right,Maryland,6,2016.0,2.0,17.0,Orlando Magic,l/laymaja01.html
2791,Mo Layton,1971-72,1977-78,185.0,81.0,1948-12-24,77.0,New Jersey,Point Guard and Shooting Guard,Left,Phoenix College,5,1971.0,3.0,13.0,Phoenix Suns,l/laytomo01.html
2792,Caris LeVert,2016-17,2025-26,201.0,92.0,1994-08-25,31.0,Ohio,Shooting Guard and Small Forward,Right,Michigan,10,2016.0,1.0,20.0,Indiana Pacers,l/leverca01.html
2793,T.J. Leaf,2017-18,2020-21,208.0,100.0,1997-04-30,29.0,Israel,Power Forward,Right,UCLA,4,2017.0,1.0,18.0,Indiana Pacers,l/leaftj01.html
2794,Manny Leaks,1972-73,1973-74,203.0,102.0,1945-11-27,80.0,Ohio,Center,Right,Niagara University,2,1968.0,2.0,6.0,Detroit Pistons,l/leaksma01.html
2795,Hal Lear,1956-57,1956-57,183.0,73.0,1935-01-31,91.0,Pennsylvania,Guard,Left,Temple,1,1956.0,1.0,8.0,Philadelphia Warriors,l/learha01.html
2796,Allen Leavell,1979-80,1988-89,185.0,77.0,1957-05-27,69.0,Indiana,Point Guard and Shooting Guard,Right,Oklahoma City University,10,1979.0,5.0,16.0,Houston Rockets,l/leaveal01.html
2797,Jeff Lebo,1989-90,1989-90,188.0,81.0,1966-10-05,59.0,Pennsylvania,Shooting Guard,Right,UNC,1,,,,,l/leboje01.html
2798,Eric Leckner,1988-89,1996-97,211.0,120.0,1966-05-27,60.0,California,Center,Right,Wyoming,8,1988.0,1.0,17.0,Utah Jazz,l/leckner01.html
2799,Jalen Lecque,2019-20,2020-21,193.0,83.0,2000-06-13,26.0,New York,Point Guard and Shooting Guard,Right,,2,,,,,l/lecquja01.html
2800,Ricky Ledo,2013-14,2014-15,201.0,88.0,1992-09-10,33.0,Rhode Island,Shooting Guard,Right,,2,2013.0,2.0,13.0,Milwaukee Bucks,l/ledori01.html
2801,Butch Lee,1978-79,1979-80,183.0,83.0,1956-12-05,69.0,Puerto Rico,Point Guard,Right,Marquette,2,1978.0,1.0,10.0,Atlanta Hawks,l/leebu01.html
2802,Clyde Lee,1966-67,1975-76,208.0,92.0,1944-03-14,82.0,Tennessee,Center and Power Forward,Right,Vanderbilt,10,1966.0,1.0,3.0,San Francisco Warriors,l/leecl01.html
2803,Courtney Lee,2008-09,2019-20,196.0,97.0,1985-10-03,40.0,Indiana,Shooting Guard,Right,Western Kentucky,12,2008.0,1.0,22.0,Orlando Magic,l/leeco01.html
2804,Damion Lee,2017-18,2024-25,198.0,95.0,1992-10-21,33.0,Maryland,Shooting Guard,Right,Drexel,7,,,,,l/leeda03.html
2806,David Lee,2005-06,2016-17,206.0,111.0,1983-04-29,43.0,Missouri,"Power Forward, Center, and Small Forward",Left,Florida,12,2005.0,1.0,30.0,New York Knicks,l/leeda02.html
2808,Doug Lee,1991-92,1994-95,196.0,90.0,1964-10-24,61.0,Illinois,Shooting Guard,Right,Texas A&M,3,1987.0,2.0,12.0,Houston Rockets,l/leedo01.html
2809,George Lee,1960-61,1967-68,193.0,90.0,1936-11-23,89.0,Michigan,Small Forward and Shooting Guard,Right,Michigan,7,1959.0,4.0,2.0,Detroit Pistons,l/leege01.html
2810,Greg Lee,1975-76,1975-76,190.0,86.0,1951-12-12,74.0,California,Point Guard,Right,UCLA,1,1974.0,7.0,7.0,Atlanta Hawks,l/leegr01.html
2811,Keith Lee,1985-86,1988-89,208.0,97.0,1962-12-28,63.0,Arkansas,Power Forward,Right,Memphis,3,1985.0,1.0,11.0,Chicago Bulls,l/leeke01.html
2812,Kurk Lee,1990-91,1990-91,190.0,86.0,1967-06-03,59.0,Maryland,Point Guard,Right,Western Kentucky,1,,,,,l/leeku01.html
2813,Malcolm Lee,2011-12,2014-15,196.0,90.0,1990-05-22,36.0,California,Shooting Guard,Right,UCLA,3,2011.0,2.0,13.0,Chicago Bulls,l/leema01.html
2814,Rock Lee,1981-82,1981-82,208.0,99.0,1955-05-01,71.0,California,Center,Right,California,1,,,,,l/leero02.html
2815,Ron Lee,1976-77,1981-82,193.0,87.0,1952-11-02,73.0,Massachusetts,Point Guard,Left,Oregon,6,1976.0,1.0,10.0,Phoenix Suns,l/leero01.html
2816,Russ Lee,1972-73,1974-75,196.0,83.0,1950-01-27,76.0,Massachusetts,Small Forward,Right,Marshall,3,1972.0,1.0,6.0,Milwaukee Bucks,l/leeru01.html
2817,Saben Lee,2020-21,2023-24,188.0,83.0,1999-06-23,27.0,Missouri,Point Guard,Right,Vanderbilt,4,2020.0,2.0,8.0,Utah Jazz,l/leesa01.html
2818,Ed Leede,1949-50,1950-51,190.0,83.0,1927-07-17,98.0,New York,Forward/Guard,Right,Dartmouth College,2,1949.0,2.0,,Providence Steamrollers,l/leedeed01.html
2820,Tim Legler,1989-90,1999-00,193.0,90.0,1966-12-26,59.0,District of Columbia,Shooting Guard,Right,La Salle,10,,,,,l/legleti01.html
2821,George Lehmann,1967-68,1968-69,183.0,81.0,1941-05-01,85.0,New Jersey,Point Guard and Shooting Guard,Right,Campbell,2,,,,,l/lehmage01.html
2823,Walt Lemon Jr.,2017-18,2018-19,190.0,81.0,1992-07-26,33.0,Illinois,Point Guard,Left,Bradley,2,,,,,l/lemonwa01.html
2824,Alex Len,2013-14,2024-25,213.0,113.0,1993-06-16,33.0,Ukraine,Center,Right,Maryland,12,2013.0,1.0,5.0,Phoenix Suns,l/lenal01.html
2825,Voshon Lenard,1995-96,2005-06,193.0,92.0,1973-05-14,53.0,Michigan,Shooting Guard,Right,Minnesota,11,1994.0,2.0,19.0,Milwaukee Bucks,l/lenarvo01.html
2827,Gary Leonard,1989-90,1991-92,216.0,113.0,1967-02-16,59.0,Illinois,Center,Right,Missouri,3,1989.0,2.0,7.0,Minnesota Timberwolves,l/leonaga01.html
2828,Kawhi Leonard,2011-12,2025-26,198.0,102.0,1991-06-29,35.0,California,Small Forward,Right,San Diego State,14,2011.0,1.0,15.0,Indiana Pacers,l/leonaka01.html
2829,Meyers Leonard,2012-13,2022-23,213.0,117.0,1992-02-27,34.0,Illinois,Center and Power Forward,Right,Illinois,10,2012.0,1.0,11.0,Portland Trail Blazers,l/leoname01.html
2830,Slick Leonard,1956-57,1962-63,190.0,83.0,1932-07-17,93.0,Indiana,Point Guard,Right,Indiana,7,1954.0,2.0,1.0,Baltimore Bullets,l/leonasl01.html
2831,Malevy Leons,2024-25,2025-26,206.0,95.0,1999-09-23,26.0,Netherlands,Small Forward,Right,Mineral Area College,2,,,,,l/leonsma01.html
2832,Jim Les,1988-89,1994-95,180.0,74.0,1963-08-18,62.0,Illinois,Point Guard,Right,Cleveland State University,7,1986.0,3.0,23.0,Atlanta Hawks,l/lesji01.html
2833,Travis Leslie,2011-12,2011-12,193.0,92.0,1990-03-29,36.0,Georgia,Shooting Guard,Right,Georgia,1,2011.0,2.0,17.0,Los Angeles Clippers,l/leslitr01.html
2834,Ronnie Lester,1980-81,1985-86,188.0,79.0,1959-01-01,67.0,Mississippi,Point Guard,Right,Iowa,6,1980.0,1.0,10.0,Portland Trail Blazers,l/lestero01.html
2835,Clifford Lett,1989-90,1990-91,190.0,77.0,1965-12-23,60.0,Florida,Point Guard,Right,Florida,2,,,,,l/lettcl01.html
2836,Jon Leuer,2011-12,2018-19,208.0,103.0,1989-05-14,37.0,Minnesota,Power Forward and Center,Right,Wisconsin,8,2011.0,2.0,10.0,Milwaukee Bucks,l/leuerjo01.html
2837,Andrew Levane,1949-50,1952-53,188.0,86.0,1920-04-11,106.0,New York,Shooting Guard,Right,St. John's,2,,,,,l/levanan01.html
2838,Fat Lever,1982-83,1993-94,190.0,77.0,1960-08-18,65.0,Arkansas,Point Guard and Shooting Guard,Right,Arizona State,11,1982.0,1.0,11.0,Portland Trail Blazers,l/leverfa01.html
2839,Cliff Levingston,1982-83,1994-95,203.0,95.0,1961-01-04,65.0,California,Power Forward,Right,Wichita State,11,1982.0,1.0,9.0,Detroit Pistons,l/levincl01.html
2840,Bobby Lewis,1967-68,1970-71,190.0,79.0,1945-03-20,81.0,District of Columbia,Shooting Guard,Right,UNC,4,1967.0,4.0,8.0,San Francisco Warriors,l/lewisbo01.html
2841,Cedric Lewis,1995-96,1995-96,208.0,106.0,1969-09-24,56.0,District of Columbia,Center,Right,Maryland,1,,,,,l/lewisce01.html
2842,Freddie Lewis,1949-50,1949-50,188.0,88.0,1921-01-06,105.0,New York,Forward/Guard,Right,Eastern Kentucky University,1,,,,,l/lewisfr01.html
2843,Freddie Lewis,1966-67,1976-77,183.0,79.0,1943-07-01,83.0,West Virginia,Point Guard and Shooting Guard,Right,Eastern Arizona College,2,1966.0,10.0,4.0,Cincinnati Royals,l/lewisfr02.html
2845,Kira Lewis Jr.,2020-21,2023-24,185.0,77.0,2001-04-06,25.0,Alabama,Point Guard,Right,Alabama,4,2020.0,1.0,13.0,New Orleans Pelicans,l/lewiski01.html
2846,Martin Lewis,1995-96,1996-97,196.0,95.0,1975-04-28,51.0,Kansas,Small Forward,Right,Butler County Community College,2,1995.0,2.0,21.0,Golden State Warriors,l/lewisma01.html
2847,Maxwell Lewis,2023-24,2024-25,201.0,97.0,2002-07-27,23.0,Nevada,Small Forward,Right,Pepperdine,2,2023.0,2.0,10.0,Denver Nuggets,l/lewisma05.html
2849,Quincy Lewis,1999-00,2003-04,201.0,97.0,1977-06-26,49.0,Arkansas,Small Forward and Shooting Guard,Right,Minnesota,4,1999.0,1.0,19.0,Utah Jazz,l/lewisqu01.html
2850,Ralph Lewis,1987-88,1989-90,198.0,90.0,1963-03-28,63.0,Pennsylvania,Small Forward and Shooting Guard,Right,La Salle,3,1985.0,6.0,23.0,Boston Celtics,l/lewisra01.html
2851,Rashard Lewis,1998-99,2013-14,208.0,97.0,1979-08-08,46.0,Louisiana,Small Forward and Power Forward,Right,,16,1998.0,2.0,3.0,Seattle SuperSonics,l/lewisra02.html
2852,Reggie Lewis,1987-88,1992-93,201.0,88.0,1965-11-21,60.0,Maryland,Shooting Guard and Small Forward,Right,Northeastern University,6,1987.0,1.0,22.0,Boston Celtics,l/lewisre01.html
2853,Scottie Lewis,2021-22,2021-22,193.0,85.0,2000-03-12,26.0,New York,Shooting Guard,Right,Florida,1,2021.0,2.0,26.0,Charlotte Hornets,l/lewissc01.html
2854,Marcus Liberty,1990-91,1993-94,203.0,92.0,1968-10-27,57.0,Illinois,Small Forward,Right,Illinois,4,1990.0,2.0,15.0,Denver Nuggets,l/liberma01.html
2855,Todd Lichti,1989-90,1993-94,193.0,92.0,1967-01-08,59.0,California,Shooting Guard,Right,Stanford,5,1989.0,1.0,15.0,Denver Nuggets,l/lichtto01.html
2856,E.J. Liddell,2023-24,2025-26,198.0,108.0,2000-12-18,25.0,Illinois,Power Forward,Right,Ohio State,3,2022.0,2.0,11.0,New Orleans Pelicans,l/liddeej01.html
2857,DeAndre Liggins,2011-12,2017-18,198.0,94.0,1988-03-31,38.0,Illinois,Shooting Guard and Small Forward,Right,Kentucky,5,2011.0,2.0,23.0,Orlando Magic,l/liggide01.html
2858,Bill Ligon,1974-75,1974-75,193.0,81.0,1952-05-29,74.0,Tennessee,Shooting Guard,Right,Vanderbilt,1,1974.0,10.0,15.0,Detroit Pistons,l/ligonbi01.html
2860,Damian Lillard,2012-13,2024-25,188.0,90.0,1990-07-15,36.0,California,Point Guard,Right,Weber State,13,2012.0,1.0,6.0,Portland Trail Blazers,l/lillada01.html
2861,Jeremy Lin,2010-11,2018-19,190.0,90.0,1988-08-23,37.0,California,Point Guard and Shooting Guard,Right,Harvard University,9,,,,,l/linje01.html
2862,Steve Lingenfelter,1982-83,1983-84,206.0,102.0,1958-06-10,68.0,Wisconsin,Power Forward,Right,Minnesota,2,1981.0,2.0,21.0,Washington Bullets,l/lingest01.html
2863,Alton Lister,1981-82,1997-98,213.0,108.0,1958-10-01,67.0,Texas,Center and Power Forward,Right,Arizona State,16,1981.0,1.0,21.0,Milwaukee Bucks,l/listeal01.html
2864,Nassir Little,2019-20,2023-24,198.0,99.0,2000-02-11,26.0,Florida,Small Forward and Power Forward,Right,UNC,5,2019.0,1.0,25.0,Portland Trail Blazers,l/littlna01.html
2867,Dereck Lively II,2023-24,2025-26,216.0,104.0,2004-02-12,22.0,Pennsylvania,Center,Right,Duke,3,2023.0,1.0,12.0,Oklahoma City Thunder,l/livelde01.html
2868,Isaiah Livers,2021-22,2025-26,198.0,105.0,1998-07-28,27.0,Michigan,Power Forward and Small Forward,Right,Michigan,4,2021.0,2.0,12.0,Detroit Pistons,l/liveris01.html
2869,Chris Livingston,2023-24,2025-26,198.0,99.0,2003-10-15,22.0,Ohio,Small Forward,Right,Kentucky,3,2023.0,2.0,28.0,Milwaukee Bucks,l/livinch01.html
2870,Randy Livingston,1996-97,2006-07,193.0,94.0,1975-04-02,51.0,Louisiana,Point Guard,Right,LSU,11,1996.0,2.0,13.0,Houston Rockets,l/livinra01.html
2871,Shaun Livingston,2004-05,2018-19,201.0,87.0,1985-09-11,40.0,Illinois,Point Guard and Shooting Guard,Right,,14,2004.0,1.0,4.0,Los Angeles Clippers,l/livinsh01.html
2872,Ron Livingstone,1949-50,1950-51,208.0,99.0,1925-10-09,100.0,California,Center,Right,Saint Mary's,2,1947.0,5.0,7.0,New York Knicks,l/livinro01.html
2873,Horacio Llamas,1996-97,1997-98,211.0,129.0,1973-07-17,52.0,Mexico,Center,Right,Grand Canyon University,2,,,,,l/llamaho01.html
2876,Earl Lloyd,1950-51,1959-60,196.0,90.0,1928-04-03,98.0,Virginia,Small Forward,Right,West Virginia State University,9,1950.0,9.0,5.0,Washington Capitols,l/lloydea01.html
2877,Lewis Lloyd,1981-82,1989-90,198.0,92.0,1959-02-22,67.0,Pennsylvania,Shooting Guard,Right,Drake University,7,1981.0,4.0,7.0,Golden State Warriors,l/lloydle01.html
2878,Scott Lloyd,1976-77,1982-83,208.0,104.0,1952-12-19,73.0,Illinois,Center and Power Forward,Right,Arizona State,6,1976.0,2.0,7.0,Milwaukee Bucks,l/lloydsc01.html
2880,Bob Lochmueller,1952-53,1952-53,196.0,83.0,1927-06-05,99.0,Indiana,Small Forward,Right,Louisville,1,1952.0,1.0,8.0,Syracuse Nationals,l/lochmbo01.html
2881,Rob Lock,1988-89,1988-89,206.0,102.0,1966-05-22,60.0,California,Power Forward,Right,Kentucky,1,1988.0,3.0,1.0,Los Angeles Clippers,l/lockro01.html
2882,Darrell Lockhart,1983-84,1983-84,206.0,111.0,1960-09-14,65.0,Georgia,Center,Right,Auburn,1,1983.0,2.0,11.0,San Antonio Spurs,l/lockhda01.html
2883,Ian Lockhart,1990-91,1990-91,203.0,108.0,1967-06-25,59.0,Bahamas,Small Forward,Right,Tennessee,1,,,,,l/lockhia01.html
2884,Kevin Loder,1981-82,1983-84,198.0,92.0,1959-03-15,67.0,Michigan,Small Forward,Right,Kentucky State University,3,1981.0,1.0,17.0,Kansas City Kings,l/loderke01.html
2885,Don Lofgran,1950-51,1953-54,196.0,90.0,1929-11-08,96.0,California,Small Forward,Right,San Francisco,4,1950.0,1.0,12.0,Syracuse Nationals,l/lofgrdo01.html
2886,Kenneth Lofton Jr.,2022-23,2023-24,198.0,124.0,2002-08-14,23.0,Texas,Power Forward,Left,Louisiana Tech,2,,,,,l/loftoke01.html
2887,Zach Lofton,2018-19,2018-19,193.0,81.0,1992-11-18,33.0,Minnesota,Shooting Guard,Right,Illinois State,1,,,,,l/loftoza01.html
2889,John Logan,1949-50,1950-51,188.0,79.0,1921-01-01,105.0,Indiana,Guard,Right,Indiana,2,,,,,l/loganjo01.html
2890,Brad Lohaus,1987-88,1997-98,211.0,104.0,1964-09-29,61.0,Minnesota,Power Forward,Left,Iowa,11,1987.0,2.0,22.0,Boston Celtics,l/lohaubr01.html
2891,Art Long,2000-01,2002-03,206.0,113.0,1972-10-01,53.0,New York,Power Forward,Right,Cincinnati,3,,,,,l/longar01.html
2892,Grant Long,1988-89,2002-03,203.0,102.0,1966-03-12,60.0,Michigan,Power Forward,Right,Eastern Michigan,15,1988.0,2.0,8.0,Miami Heat,l/longgr01.html
2893,John Long,1978-79,1996-97,196.0,88.0,1956-08-28,69.0,Michigan,Shooting Guard,Right,Detroit Mercy,14,1978.0,2.0,7.0,Detroit Pistons,l/longjo01.html
2894,Paul Long,1967-68,1970-71,188.0,81.0,1944-02-08,82.0,Kentucky,Shooting Guard,Right,Virginia Tech,3,1966.0,15.0,1.0,St. Louis Hawks,l/longpa01.html
2895,Shawn Long,2016-17,2016-17,206.0,115.0,1993-01-29,33.0,Louisiana,Center,Right,Louisiana,1,,,,,l/longsh01.html
2897,Luc Longley,1991-92,2000-01,218.0,120.0,1969-01-19,57.0,Australia,Center,Right,New Mexico,10,1991.0,1.0,7.0,Minnesota Timberwolves,l/longllu01.html
2898,Kevon Looney,2015-16,2025-26,206.0,100.0,1996-02-06,30.0,Wisconsin,Center and Power Forward,Right,UCLA,11,2015.0,1.0,30.0,Golden State Warriors,l/looneke01.html
2899,Brook Lopez,2008-09,2025-26,216.0,127.0,1988-04-01,38.0,California,Center,Right,Stanford,18,2008.0,1.0,10.0,New Jersey Nets,l/lopezbr01.html
2900,Felipe López,1998-99,2001-02,196.0,90.0,1974-12-19,51.0,Dominican Republic,Shooting Guard and Point Guard,Right,St. John's,4,1998.0,1.0,24.0,San Antonio Spurs,l/lopezfe01.html
2901,Raül López,2003-04,2004-05,185.0,77.0,1980-04-15,46.0,Spain,Point Guard,Right,,2,2001.0,1.0,24.0,Utah Jazz,l/lopezra01.html
2902,Robin Lopez,2008-09,2023-24,216.0,127.0,1988-04-01,38.0,California,Center,Right,Stanford,16,2008.0,1.0,15.0,Phoenix Suns,l/lopezro01.html
2903,Ryan Lorthridge,1994-95,1994-95,193.0,86.0,1972-07-27,53.0,Tennessee,Shooting Guard,Left,Jackson State University,1,,,,,l/lorthry01.html
2904,Jim Loscutoff,1955-56,1963-64,196.0,99.0,1930-02-04,96.0,California,Small Forward,Right,Oregon,9,1955.0,1.0,4.0,Boston Celtics,l/loscuji01.html
2905,Plummer Lott,1967-68,1968-69,196.0,95.0,1945-12-11,80.0,Mississippi,Small Forward,Right,Seattle University,2,1967.0,5.0,11.0,Seattle SuperSonics,l/lottpl01.html
2906,Kevin Loughery,1962-63,1972-73,190.0,86.0,1940-03-28,86.0,New York,Shooting Guard and Point Guard,Right,Boston College,11,1961.0,11.0,1.0,New York Knicks,l/loughke01.html
2907,Didi Louzada,2020-21,2021-22,196.0,85.0,1999-02-07,27.0,Brazil,Small Forward and Shooting Guard,Right,,2,2019.0,2.0,5.0,Atlanta Hawks,l/louzama01.html
2908,Bob Love,1966-67,1976-77,203.0,97.0,1942-12-08,83.0,Louisiana,Power Forward and Small Forward,Right,Southern University and A&M College,11,1965.0,4.0,7.0,Cincinnati Royals,l/lovebo01.html
2909,Caleb Love,2025-26,2025-26,190.0,96.0,2001-09-27,24.0,Missouri,Shooting Guard,Right,UNC,1,,,,,l/loveca01.html
2910,Kevin Love,2008-09,2025-26,208.0,113.0,1988-09-07,37.0,California,Power Forward and Center,Right,UCLA,18,2008.0,1.0,5.0,Memphis Grizzlies,l/loveke01.html
2911,Stan Love,1971-72,1974-75,206.0,97.0,1949-04-09,77.0,California,Power Forward,Right,Oregon,4,1971.0,1.0,9.0,Baltimore Bullets,l/lovest01.html
2912,Clyde Lovellette,1953-54,1963-64,206.0,106.0,1929-09-07,96.0,Indiana,Center,Right,Kansas,11,1952.0,1.0,10.0,Minneapolis Lakers,l/lovelcl01.html
2913,Lawson Lovering,2025-26,2025-26,213.0,111.0,2003-05-09,23.0,Wyoming,Center,Right,Colorado,1,,,,,l/loverla01.html
2914,Sidney Lowe,1983-84,1989-90,183.0,88.0,1960-01-21,66.0,District of Columbia,Point Guard and Shooting Guard,Right,NC State,4,1983.0,2.0,1.0,Chicago Bulls,l/lowesi01.html
2915,Charlie Lowery,1971-72,1971-72,190.0,83.0,1949-11-12,76.0,United States,Point Guard,Right,University of Puget Sound,1,1971.0,8.0,6.0,Seattle SuperSonics,l/lowerch01.html
2916,Kyle Lowry,2006-07,2025-26,183.0,88.0,1986-03-25,40.0,Pennsylvania,Point Guard,Right,Villanova,20,2006.0,1.0,24.0,Memphis Grizzlies,l/lowryky01.html
2917,Jordan Loyd,2018-19,2018-19,193.0,95.0,1993-07-27,32.0,Georgia,Point Guard,Right,Furman University,1,,,,,l/loydjo01.html
2919,Jerry Lucas,1963-64,1973-74,203.0,104.0,1940-03-30,86.0,Ohio,Power Forward and Center,Right,Ohio State,11,1962.0,1.0,6.0,Cincinnati Royals,l/lucasje01.html
2920,John Lucas,1976-77,1989-90,190.0,79.0,1953-10-31,72.0,North Carolina,Point Guard and Shooting Guard,Left,Maryland,14,1976.0,1.0,1.0,Houston Rockets,l/lucasjo01.html
2921,Kalin Lucas,2014-15,2018-19,185.0,88.0,1989-05-24,37.0,Michigan,Point Guard,Right,Michigan State,2,,,,,l/lucaska01.html
2922,Maurice Lucas,1976-77,1987-88,206.0,97.0,1952-02-18,74.0,Pennsylvania,Power Forward and Center,Right,Marquette,12,1974.0,1.0,14.0,Chicago Bulls,l/lucasma01.html
2923,John Lucas III,2005-06,2016-17,180.0,75.0,1982-11-21,43.0,District of Columbia,Point Guard,Right,Baylor,8,,,,,l/lucasjo02.html
2924,Ted Luckenbill,1961-62,1962-63,198.0,92.0,1939-07-27,86.0,Indiana,Power Forward,Left,Houston,2,1961.0,2.0,11.0,Philadelphia Warriors,l/luckete01.html
2925,Tyronn Lue,1998-99,2008-09,183.0,79.0,1977-05-03,49.0,Missouri,Point Guard,Right,Nebraska,11,1998.0,1.0,23.0,Denver Nuggets,l/luety01.html
2926,Jim Luisi,1953-54,1953-54,188.0,81.0,1928-11-02,97.0,New York,Point Guard,Right,St. Francis College,1,1951.0,6.0,7.0,Boston Celtics,l/luisiji01.html
2928,Phil Lumpkin,1974-75,1975-76,183.0,74.0,1951-12-20,74.0,Ohio,Point Guard,Right,Miami University,2,1974.0,2.0,16.0,Portland Trail Blazers,l/lumpkph01.html
2929,Ray Lumpp,1949-50,1952-53,185.0,80.0,1923-07-11,103.0,New York,Point Guard and Shooting Guard,Left,NYU,4,1948.0,2.0,,Indianapolis Jets,l/lumppra01.html
2930,Gabriel Lundberg,2021-22,2021-22,193.0,92.0,1994-12-04,31.0,Denmark,Shooting Guard,Right,,1,,,,,l/lundbga01.html
2931,Seth Lundy,2023-24,2023-24,193.0,99.0,2000-04-02,26.0,New Jersey,Small Forward,Right,Penn State,1,2023.0,2.0,16.0,Atlanta Hawks,l/lundyse01.html
2932,Timothé Luwawu-Cabarrot,2016-17,2021-22,201.0,95.0,1995-05-09,31.0,France,Small Forward,Right,,6,2016.0,1.0,24.0,Philadelphia 76ers,l/luwawti01.html
2933,Tyler Lydon,2017-18,2018-19,208.0,102.0,1996-04-09,30.0,New York,Power Forward,Right,Syracuse,2,2017.0,1.0,24.0,Utah Jazz,l/lydonty01.html
2934,Trey Lyles,2015-16,2024-25,206.0,106.0,1995-11-05,30.0,Saskatchewan,Power Forward,Right,Kentucky,10,2015.0,1.0,12.0,Utah Jazz,l/lylestr01.html
2936,George Lynch,1993-94,2004-05,203.0,98.0,1970-09-03,55.0,Virginia,Small Forward and Shooting Guard,Right,UNC,12,1993.0,1.0,12.0,Los Angeles Lakers,l/lynchge01.html
2937,Kevin Lynch,1991-92,1992-93,196.0,88.0,1968-12-24,57.0,Minnesota,Shooting Guard,Right,Minnesota,2,1991.0,2.0,1.0,Charlotte Hornets,l/lynchke01.html
2939,Mike Lynn,1969-70,1970-71,201.0,97.0,1945-11-25,80.0,California,Small Forward,Right,UCLA,2,1967.0,5.0,8.0,San Francisco Warriors,l/lynnmi01.html
2940,Sheldon Mac,2016-17,2016-17,198.0,90.0,1992-12-21,33.0,Texas,Shooting Guard,Right,Texas,1,,,,,m/mcclesh01.html
2941,Todd MacCulloch,1999-00,2002-03,213.0,127.0,1976-01-27,50.0,Manitoba,Center,Right,Washington,4,1999.0,2.0,18.0,Philadelphia 76ers,m/maccuto01.html
2942,Ronnie MacGilvray,1954-55,1954-55,188.0,83.0,1930-07-20,95.0,New York,Point Guard,Right,St. John's,1,1952.0,3.0,,Rochester Royals,m/macgiro01.html
2943,Don MacLean,1992-93,2000-01,208.0,106.0,1970-01-16,56.0,California,Small Forward and Power Forward,Right,UCLA,9,1992.0,1.0,19.0,Detroit Pistons,m/macledo01.html
2944,Mike Macaluso,1973-74,1973-74,196.0,95.0,1951-07-20,74.0,New York,Small Forward,Right,Canisius,1,1973.0,6.0,2.0,Buffalo Braves,m/macalmi01.html
2945,Ed Macauley,1949-50,1958-59,203.0,83.0,1928-03-22,98.0,Missouri,Center and Power Forward,Right,Saint Louis,10,1949.0,1.0,5.0,St. Louis Bombers,m/macaued01.html
2946,Scott Machado,2012-13,2018-19,185.0,92.0,1990-06-08,36.0,New York,Point Guard,Right,Iona College,2,,,,,m/machasc01.html
2947,Arvydas Macijauskas,2005-06,2005-06,193.0,97.0,1980-01-19,46.0,Lithuania,Shooting Guard,Right,,1,,,,,m/macijar01.html
2948,Ollie Mack,1979-80,1981-82,190.0,83.0,1957-06-06,69.0,New York,Shooting Guard,Right,East Carolina University,3,1979.0,2.0,3.0,Los Angeles Lakers,m/mackol01.html
2949,Sam Mack,1992-93,2001-02,201.0,99.0,1970-05-26,56.0,Illinois,Small Forward,Right,Iowa State,7,,,,,m/macksa01.html
2950,Shelvin Mack,2011-12,2018-19,190.0,92.0,1990-04-22,36.0,Kentucky,Point Guard and Shooting Guard,Right,Butler,8,2011.0,2.0,4.0,Washington Wizards,m/macksh01.html
2951,Malcolm Mackey,1993-94,1993-94,206.0,112.0,1970-07-11,56.0,Tennessee,Center,Right,Georgia Tech,1,1993.0,1.0,27.0,Phoenix Suns,m/mackema01.html
2952,Rudy Macklin,1981-82,1983-84,201.0,92.0,1958-02-19,68.0,Kentucky,Small Forward,Right,LSU,3,1981.0,3.0,6.0,Atlanta Hawks,m/macklru01.html
2953,Vernon Macklin,2011-12,2011-12,208.0,102.0,1986-09-20,39.0,Virginia,Center,Right,Georgetown,1,2011.0,2.0,22.0,Detroit Pistons,m/macklve01.html
2954,Johnny Macknowski,1949-50,1950-51,183.0,81.0,1923-01-07,103.0,Poland,Guard/Forward,Right,Seton Hall,2,1948.0,3.0,,Rochester Royals,m/macknjo01.html
2955,Daryl Macon,2018-19,2019-20,188.0,83.0,1995-11-29,30.0,Arkansas,Point Guard and Shooting Guard,Right,Arkansas,2,,,,,m/maconda01.html
2956,Mark Macon,1991-92,1998-99,196.0,83.0,1969-04-14,57.0,Michigan,Shooting Guard and Point Guard,Right,Temple,6,1991.0,1.0,8.0,Denver Nuggets,m/maconma01.html
2957,J.P. Macura,2018-19,2019-20,193.0,92.0,1995-06-05,31.0,Minnesota,Shooting Guard,Right,Xavier,2,,,,,m/macurjp01.html
2958,Kyle Macy,1980-81,1986-87,190.0,79.0,1957-04-09,69.0,Indiana,Point Guard,Right,Purdue,7,1979.0,1.0,22.0,Phoenix Suns,m/macyky01.html
2960,Tito Maddox,2002-03,2002-03,193.0,86.0,1981-06-07,45.0,California,Shooting Guard,Right,Fresno State,1,2002.0,2.0,9.0,Houston Rockets,m/maddoti01.html
2961,Gerald Madkins,1993-94,1997-98,193.0,90.0,1969-04-18,57.0,California,Shooting Guard,Right,UCLA,3,,,,,m/madkige01.html
2962,Mark Madsen,2000-01,2008-09,206.0,108.0,1976-01-28,50.0,California,Center and Power Forward,Right,Stanford,9,2000.0,1.0,29.0,Los Angeles Lakers,m/madsema01.html
2963,Norm Mager,1950-51,1950-51,196.0,83.0,1926-03-23,100.0,New York,Forward,Right,City College of New York,1,1950.0,5.0,2.0,Baltimore Bullets,m/magerno01.html
2964,Josh Magette,2017-18,2019-20,185.0,72.0,1989-11-28,36.0,Alabama,Point Guard,Left,Alabama-Huntsville,2,,,,,m/magetjo01.html
2965,Corey Maggette,1999-00,2012-13,198.0,98.0,1979-11-12,46.0,Illinois,"Small Forward, Shooting Guard, and Power Forward",Right,Duke,14,1999.0,1.0,13.0,Seattle SuperSonics,m/maggeco01.html
2966,Dave Magley,1982-83,1982-83,203.0,91.0,1959-11-24,66.0,Indiana,Small Forward,Right,Kansas,1,1982.0,2.0,5.0,Cleveland Cavaliers,m/magleda01.html
2967,Jamaal Magloire,2000-01,2011-12,211.0,117.0,1978-05-21,48.0,Ontario,Center,Right,Kentucky,12,2000.0,1.0,19.0,Charlotte Hornets,m/magloja01.html
2968,Will Magnay,2020-21,2020-21,208.0,106.0,1998-06-10,28.0,Australia,Center,Right,Tulsa,1,,,,,m/magnawi01.html
2970,Ian Mahinmi,2007-08,2019-20,211.0,118.0,1986-11-05,39.0,France,Center,Right,,12,2005.0,1.0,28.0,San Antonio Spurs,m/mahinia01.html
2971,John Mahnken,1949-50,1952-53,203.0,99.0,1922-06-16,104.0,New Jersey,Center,Right,Georgetown,4,,,,,m/mahnkjo01.html
2973,Mo Mahoney,1952-53,1953-54,188.0,92.0,1927-11-20,98.0,New York,Forward,Right,Brown University,2,1950.0,6.0,1.0,Boston Celtics,m/mahonmo01.html
2974,Rick Mahorn,1980-81,1998-99,208.0,108.0,1958-09-21,67.0,Connecticut,Power Forward and Center,Right,Hampton,18,1980.0,2.0,12.0,Washington Bullets,m/mahorri01.html
2975,Dan Majerle,1988-89,2001-02,198.0,97.0,1965-09-09,60.0,Michigan,Shooting Guard and Small Forward,Right,Central Michigan University,14,1988.0,1.0,14.0,Phoenix Suns,m/majerda01.html
2976,Renaldo Major,2006-07,2006-07,201.0,90.0,1982-05-07,44.0,Illinois,Power Forward,Right,South Plains College,1,,,,,m/majorre01.html
2977,Thon Maker,2016-17,2020-21,213.0,100.0,1997-02-25,29.0,South Sudan,Center and Power Forward,Right,,5,2016.0,1.0,10.0,Milwaukee Bucks,m/makerth01.html
2979,Théo Maledon,2020-21,2023-24,193.0,79.0,2001-06-12,25.0,France,Point Guard,Right,,4,2020.0,2.0,4.0,Philadelphia 76ers,m/maledth01.html
2980,Jeff Malone,1983-84,1995-96,193.0,92.0,1961-06-28,65.0,Alabama,Shooting Guard,Right,Mississippi State,13,1983.0,1.0,10.0,Washington Bullets,m/malonje01.html
2981,Karl Malone,1985-86,2003-04,206.0,113.0,1963-07-24,62.0,Louisiana,Power Forward,Right,Louisiana Tech,19,1985.0,1.0,13.0,Utah Jazz,m/malonka01.html
2982,Moses Malone,1976-77,1994-95,208.0,97.0,1955-03-23,71.0,Virginia,Center and Power Forward,Right,,19,,,,,m/malonmo01.html
2983,Matt Maloney,1996-97,2002-03,190.0,87.0,1971-12-06,54.0,Maryland,Point Guard,Right,Vanderbilt,6,,,,,m/malonma01.html
2984,Steve Malovic,1979-80,1979-80,208.0,104.0,1956-07-21,69.0,Ohio,Power Forward,Right,USC,1,1978.0,7.0,18.0,Phoenix Suns,m/malovst01.html
2986,Khaman Maluach,2025-26,2025-26,216.0,113.0,2006-09-14,19.0,South Sudan,Center,Right,Duke,1,2025.0,1.0,10.0,Houston Rockets,m/maluakh01.html
2987,Sandro Mamukelashvili,2021-22,2025-26,206.0,108.0,1999-05-23,27.0,New York,Center and Power Forward,Left,Seton Hall,5,2021.0,2.0,24.0,Indiana Pacers,m/mamuksa01.html
2988,Ted Manakas,1973-74,1973-74,188.0,81.0,1951-02-22,75.0,New Jersey,Shooting Guard,Right,Princeton,1,1973.0,3.0,1.0,Atlanta Hawks,m/manakte01.html
2989,John Mandic,1949-50,1949-50,193.0,92.0,1919-10-03,106.0,California,Forward/Center,Right,Oregon State,1,1947.0,9.0,,Washington Capitols,m/mandijo01.html
2990,Karim Mané,2020-21,2020-21,190.0,86.0,2000-05-16,26.0,Senegal,Point Guard,Right,Vanier College,1,,,,,m/maneka01.html
2992,Terance Mann,2019-20,2025-26,198.0,97.0,1996-10-18,29.0,New York,Shooting Guard and Small Forward,Right,Florida State,7,2019.0,2.0,18.0,Los Angeles Clippers,m/mannte01.html
2993,Tre Mann,2021-22,2025-26,193.0,80.0,2001-02-03,25.0,Florida,Point Guard,Right,Florida,5,2021.0,1.0,18.0,Oklahoma City Thunder,m/manntr01.html
2994,Danny Manning,1988-89,2002-03,208.0,104.0,1966-05-17,60.0,Mississippi,Power Forward,Right,Kansas,15,1988.0,1.0,1.0,Los Angeles Clippers,m/mannida01.html
2995,Ed Manning,1967-68,1970-71,201.0,95.0,1944-01-02,82.0,Mississippi,Small Forward and Power Forward,Right,Jackson State University,4,1967.0,8.0,1.0,Baltimore Bullets,m/mannied01.html
2997,Rich Manning,1995-96,1996-97,211.0,114.0,1970-06-23,56.0,Washington,Power Forward,Right,Syracuse,2,1993.0,2.0,13.0,Atlanta Hawks,m/manniri01.html
2998,Nico Mannion,2020-21,2020-21,188.0,86.0,2001-03-14,25.0,Italy,Point Guard,Right,Arizona,1,2020.0,2.0,18.0,Golden State Warriors,m/mannini01.html
2999,Pace Mannion,1983-84,1988-89,201.0,86.0,1960-09-22,65.0,Utah,Small Forward,Right,Utah,6,1983.0,2.0,19.0,Golden State Warriors,m/mannipa01.html
3000,Chris Mañon,2025-26,2025-26,193.0,94.0,2001-12-09,24.0,New Jersey,Shooting Guard,Right,Cornell,1,,,,,m/manonch01.html
3001,Nick Mantis,1959-60,1962-63,190.0,86.0,1935-12-07,90.0,Indiana,Shooting Guard,Right,Northwestern,2,1959.0,5.0,7.0,St. Louis Hawks,m/mantini01.html
3002,Pete Maravich,1970-71,1979-80,196.0,89.0,1947-06-22,79.0,Pennsylvania,Shooting Guard,Right,LSU,10,1970.0,1.0,3.0,Atlanta Hawks,m/maravpe01.html
3004,Devyn Marble,2014-15,2015-16,198.0,90.0,1992-09-21,33.0,Michigan,Shooting Guard,Right,Iowa,2,2014.0,2.0,26.0,Denver Nuggets,m/marblde01.html
3005,Roy Marble,1989-90,1993-94,198.0,86.0,1966-12-13,59.0,Michigan,Small Forward and Shooting Guard,Right,Iowa,2,1989.0,1.0,23.0,Atlanta Hawks,m/marblro01.html
3006,Stephon Marbury,1996-97,2008-09,188.0,81.0,1977-02-20,49.0,New York,Point Guard,Right,Georgia Tech,13,1996.0,1.0,4.0,Milwaukee Bucks,m/marbust01.html
3007,Šarūnas Marčiulionis,1989-90,1996-97,196.0,90.0,1964-06-13,62.0,Lithuania,Shooting Guard and Small Forward,Left,,7,1987.0,6.0,13.0,Golden State Warriors,m/marcisa01.html
3009,Jack Marin,1966-67,1976-77,201.0,90.0,1944-10-12,81.0,Pennsylvania,Small Forward,Left,Duke,11,1966.0,1.0,5.0,Baltimore Bullets,m/marinja01.html
3010,Shawn Marion,1999-00,2014-15,201.0,99.0,1978-05-07,48.0,Illinois,Small Forward and Power Forward,Right,Vincennes University,16,1999.0,1.0,9.0,Phoenix Suns,m/mariosh01.html
3011,Boban Marjanović,2015-16,2023-24,224.0,131.0,1988-08-15,37.0,Serbia,Center,Right,,9,,,,,m/marjabo01.html
3012,Lauri Markkanen,2017-18,2025-26,216.0,108.0,1997-05-22,29.0,Finland,Power Forward and Small Forward,Right,Arizona,9,2017.0,1.0,7.0,Minnesota Timberwolves,m/markkla01.html
3013,Damir Markota,2006-07,2006-07,208.0,102.0,1985-12-26,40.0,Bosnia and Herzegovina,Power Forward,Right,,1,2006.0,2.0,29.0,San Antonio Spurs,m/markoda01.html
3014,Sean Marks,1998-99,2010-11,208.0,113.0,1975-08-23,50.0,New Zealand,Power Forward and Center,Right,California,11,1998.0,2.0,15.0,New York Knicks,m/marksse01.html
3015,Harvey Marlatt,1970-71,1972-73,190.0,83.0,1948-08-26,77.0,Michigan,Shooting Guard,Right,Eastern Michigan,3,1970.0,16.0,2.0,Detroit Pistons,m/marlaha01.html
3016,Jim Marsh,1971-72,1971-72,201.0,97.0,1946-04-26,80.0,California,Small Forward,Right,USC,1,1968.0,11.0,2.0,Seattle SuperSonics,m/marshji01.html
3017,Ricky Marsh,1977-78,1977-78,190.0,90.0,1954-03-10,72.0,New York,Shooting Guard,Right,Manhattan University,1,1977.0,8.0,16.0,Golden State Warriors,m/marshri01.html
3018,Donny Marshall,1995-96,2002-03,201.0,104.0,1972-07-17,53.0,Michigan,Small Forward,Right,UConn,5,1995.0,2.0,10.0,Cleveland Cavaliers,m/marshdo02.html
3019,Donyell Marshall,1994-95,2008-09,206.0,98.0,1973-05-18,53.0,Pennsylvania,Power Forward and Small Forward,Right,UConn,15,1994.0,1.0,4.0,Minnesota Timberwolves,m/marshdo01.html
3020,Kendall Marshall,2012-13,2015-16,193.0,90.0,1991-08-19,34.0,Virginia,Point Guard,Left,UNC,4,2012.0,1.0,13.0,Phoenix Suns,m/marshke01.html
3021,Naji Marshall,2020-21,2025-26,198.0,99.0,1998-01-24,28.0,New Jersey,Small Forward,Right,Xavier,6,,,,,m/marshna01.html
3022,Rawle Marshall,2005-06,2006-07,206.0,86.0,1982-02-20,44.0,Guyana,Shooting Guard and Small Forward,Right,Ball State University,2,,,,,m/marshra01.html
3023,Tom Marshall,1954-55,1958-59,193.0,97.0,1931-01-06,95.0,Tennessee,Small Forward,Right,Western Kentucky,4,1954.0,1.0,7.0,Rochester Royals,m/marshto01.html
3024,Vester Marshall,1973-74,1973-74,201.0,90.0,1948-12-22,77.0,Alabama,Small Forward,Right,Oklahoma,1,,,,,m/marshve01.html
3025,Alijah Martin,2025-26,2025-26,188.0,95.0,2001-12-26,24.0,Mississippi,Shooting Guard,Right,Florida Atlantic University,1,2025.0,2.0,9.0,Toronto Raptors,m/martial01.html
3026,Bill Martin,1985-86,1987-88,201.0,92.0,1962-08-16,63.0,District of Columbia,Small Forward,Right,Georgetown,3,1985.0,2.0,2.0,Indiana Pacers,m/martibi01.html
3027,Bob Martin,1993-94,1994-95,213.0,113.0,1969-10-07,56.0,Minnesota,Center,Right,Minnesota,2,,,,,m/martibo01.html
3028,Brian Martin,1985-86,1985-86,206.0,96.0,1962-08-18,63.0,Arkansas,Small Forward and Power Forward,Right,Kansas,1,1984.0,9.0,1.0,Indiana Pacers,m/martibr01.html
3029,Caleb Martin,2019-20,2025-26,196.0,92.0,1995-09-28,30.0,North Carolina,Small Forward,Right,NC State,7,,,,,m/martica02.html
3030,Cartier Martin,2008-09,2014-15,201.0,99.0,1984-11-20,41.0,Texas,Small Forward,Right,Kansas State,7,,,,,m/martica01.html
3031,Cody Martin,2019-20,2025-26,198.0,92.0,1995-09-28,30.0,North Carolina,Small Forward,Right,NC State,7,2019.0,2.0,6.0,Charlotte Hornets,m/martico01.html
3032,Cuonzo Martin,1995-96,1996-97,196.0,96.0,1971-09-23,54.0,Missouri,Shooting Guard,Right,Purdue,2,1995.0,2.0,28.0,Atlanta Hawks,m/marticu01.html
3033,Darrick Martin,1994-95,2007-08,180.0,77.0,1971-03-06,55.0,Colorado,Point Guard,Left,UCLA,13,,,,,m/martida01.html
3036,Fernando Martín,1986-87,1986-87,206.0,99.0,1962-03-25,64.0,Spain,Center,Right,,1,1985.0,2.0,14.0,New Jersey Nets,m/martife01.html
3037,Jarell Martin,2015-16,2018-19,208.0,108.0,1994-05-24,32.0,Louisiana,Power Forward,Right,LSU,4,2015.0,1.0,25.0,Memphis Grizzlies,m/martija01.html
3038,Jaylen Martin,2024-25,2024-25,198.0,97.0,2004-01-28,22.0,Florida,Small Forward,Right,,1,,,,,m/martija02.html
3039,Jeff Martin,1989-90,1990-91,196.0,88.0,1967-01-14,59.0,Arkansas,Point Guard and Shooting Guard,Right,Murray State,2,1989.0,2.0,4.0,Los Angeles Clippers,m/martije01.html
3040,Jeremiah Martin,2019-20,2020-21,188.0,83.0,1996-06-19,30.0,Tennessee,Point Guard,Left,Memphis,2,,,,,m/martije02.html
3041,Kelan Martin,2019-20,2021-22,196.0,104.0,1995-08-03,30.0,Kentucky,Small Forward,Right,Butler,3,,,,,m/martike03.html
3042,Kenyon Martin,2000-01,2014-15,206.0,106.0,1977-12-30,48.0,Michigan,Power Forward and Center,Right,Cincinnati,15,2000.0,1.0,1.0,New Jersey Nets,m/martike01.html
3043,Kevin Martin,2004-05,2015-16,201.0,90.0,1983-02-01,43.0,Ohio,Shooting Guard and Point Guard,Right,Western Carolina University,12,2004.0,1.0,26.0,Sacramento Kings,m/martike02.html
3044,KJ Martin,2020-21,2024-25,198.0,97.0,2001-01-06,25.0,California,Small Forward and Power Forward,Right,,5,2020.0,2.0,22.0,Sacramento Kings,m/martike04.html
3045,LaRue Martin,1972-73,1975-76,211.0,94.0,1950-03-30,76.0,Illinois,Center,Right,Loyola Chicago,4,1972.0,1.0,1.0,Portland Trail Blazers,m/martila01.html
3046,Maurice Martin,1986-87,1987-88,198.0,90.0,1964-07-02,62.0,New York,Small Forward,Right,Saint Joseph's,2,1986.0,1.0,16.0,Denver Nuggets,m/martima01.html
3047,Phil Martin,1954-55,1954-55,190.0,86.0,1928-04-02,98.0,Michigan,Small Forward,Right,Toledo,1,1954.0,4.0,2.0,Milwaukee Hawks,m/martiph01.html
3048,Slater Martin,1949-50,1959-60,178.0,77.0,1925-10-22,100.0,Texas,Point Guard,Right,Texas,11,1949.0,3.0,,Minneapolis Lakers,m/martisl01.html
3049,Tyrese Martin,2022-23,2025-26,198.0,97.0,1999-03-07,27.0,Pennsylvania,Shooting Guard,Right,Rhode Island,3,2022.0,2.0,21.0,Golden State Warriors,m/martity01.html
3050,Whitey Martin,1961-62,1961-62,188.0,83.0,1939-04-11,87.0,New York,Shooting Guard,Right,St. Bonaventure,1,1961.0,2.0,6.0,New York Knicks,m/martiwh01.html
3051,Jahmai Mashack,2025-26,2025-26,193.0,92.0,2002-11-10,23.0,California,Shooting Guard,Right,Tennessee,1,2025.0,2.0,29.0,Houston Rockets,m/mashaja01.html
3052,Jamal Mashburn,1993-94,2003-04,203.0,108.0,1972-11-29,53.0,New York,Small Forward,Right,Kentucky,11,1993.0,1.0,4.0,Dallas Mavericks,m/mashbja01.html
3053,Al Masino,1952-53,1953-54,178.0,78.0,1928-02-05,98.0,New York,Point Guard,Right,Canisius,2,,,,,m/masinal01.html
3054,Anthony Mason,1989-90,2002-03,203.0,113.0,1966-12-14,59.0,Florida,"Power Forward, Small Forward, and Center",Left,Tennessee State,13,1988.0,3.0,3.0,Portland Trail Blazers,m/masonan01.html
3055,Desmond Mason,2000-01,2009-10,196.0,101.0,1977-10-11,48.0,Texas,Small Forward and Shooting Guard,Right,Oklahoma State,10,2000.0,1.0,17.0,Seattle SuperSonics,m/masonde01.html
3056,Frank Mason III,2017-18,2020-21,180.0,86.0,1994-04-03,32.0,Virginia,Point Guard,Right,Kansas,4,2017.0,2.0,4.0,Sacramento Kings,m/masonfr01.html
3057,Roger Mason,2002-03,2013-14,196.0,90.0,1980-09-10,45.0,District of Columbia,"Shooting Guard, Point Guard, and Small Forward",Right,Virginia,10,2002.0,2.0,2.0,Chicago Bulls,m/masonro01.html
3058,Tony Massenburg,1990-91,2004-05,206.0,99.0,1967-07-31,58.0,Virginia,Power Forward and Center,Right,Maryland,13,1990.0,2.0,16.0,San Antonio Spurs,m/masseto01.html
3059,Eddie Mast,1970-71,1972-73,206.0,99.0,1948-10-03,77.0,Pennsylvania,Power Forward,Right,Temple,3,1969.0,3.0,11.0,New York Knicks,m/masted01.html
3060,Yante Maten,2018-19,2018-19,201.0,108.0,1996-08-14,29.0,Michigan,Power Forward,Right,Georgia,1,,,,,m/matenya01.html
3061,Garrison Mathews,2019-20,2025-26,196.0,97.0,1996-10-24,29.0,Tennessee,Shooting Guard,Right,Lipscomb,7,,,,,m/mathega01.html
3062,Mangok Mathiang,2017-18,2017-18,208.0,104.0,1992-10-08,33.0,Australia,Center,Right,Louisville,1,,,,,m/mathima01.html
3063,Dakota Mathias,2020-21,2021-22,193.0,90.0,1995-07-11,31.0,Ohio,Shooting Guard,Right,Purdue,2,,,,,m/mathida01.html
3065,Bennedict Mathurin,2022-23,2025-26,196.0,95.0,2002-06-19,24.0,Quebec,Small Forward and Shooting Guard,Right,Arizona,4,2022.0,1.0,6.0,Indiana Pacers,m/mathube01.html
3066,Karlo Matković,2024-25,2025-26,208.0,104.0,2001-03-30,25.0,Bosnia and Herzegovina,Power Forward,Right,,2,2022.0,2.0,22.0,New Orleans Pelicans,m/matkoka01.html
3067,Wes Matthews,1980-81,1989-90,185.0,77.0,1959-08-24,66.0,Florida,Point Guard,Right,Wisconsin,9,1980.0,1.0,14.0,Washington Bullets,m/matthwe01.html
3068,Wesley Matthews,2009-10,2023-24,196.0,99.0,1986-10-14,39.0,Texas,Shooting Guard and Small Forward,Right,Marquette,15,,,,,m/matthwe02.html
3069,Ariel Maughan,1949-50,1950-51,193.0,86.0,1923-02-23,103.0,Utah,Forward,Right,Utah State University,2,,,,,m/maughar01.html
3070,Marlon Maxey,1992-93,1993-94,203.0,113.0,1969-02-19,57.0,Illinois,Power Forward,Right,Minnesota,2,1992.0,2.0,1.0,Minnesota Timberwolves,m/maxeyma01.html
3071,Tyrese Maxey,2020-21,2025-26,188.0,90.0,2000-11-04,25.0,Texas,Point Guard and Shooting Guard,Right,Kentucky,6,2020.0,1.0,21.0,Philadelphia 76ers,m/maxeyty01.html
3072,Jason Maxiell,2005-06,2014-15,201.0,117.0,1983-02-18,43.0,Illinois,Power Forward and Center,Right,Cincinnati,10,2005.0,1.0,26.0,Detroit Pistons,m/maxieja01.html
3073,Cedric Maxwell,1977-78,1987-88,203.0,92.0,1955-11-21,70.0,North Carolina,Small Forward,Right,UNC Charlotte,11,1977.0,1.0,12.0,Boston Celtics,m/maxwece01.html
3074,Vernon Maxwell,1988-89,2000-01,193.0,81.0,1965-09-12,60.0,Florida,Shooting Guard and Point Guard,Right,Florida,13,1988.0,2.0,22.0,Denver Nuggets,m/maxweve01.html
3075,Don May,1968-69,1974-75,193.0,90.0,1946-01-03,80.0,Ohio,Small Forward,Left,Dayton,7,1968.0,3.0,8.0,New York Knicks,m/maydo01.html
3076,Scott May,1976-77,1982-83,201.0,97.0,1954-03-19,72.0,Ohio,Small Forward,Right,Indiana,7,1976.0,1.0,2.0,Chicago Bulls,m/maysc01.html
3077,Sean May,2005-06,2009-10,206.0,120.0,1984-04-04,42.0,Illinois,Power Forward and Center,Right,UNC,4,2005.0,1.0,13.0,Charlotte Bobcats,m/mayse01.html
3078,Lee Mayberry,1992-93,1998-99,185.0,78.0,1970-06-12,56.0,Oklahoma,Point Guard,Right,Arkansas,7,1992.0,1.0,23.0,Milwaukee Bucks,m/maybele01.html
3079,Clyde Mayes,1975-76,1976-77,203.0,102.0,1953-03-17,73.0,South Carolina,Power Forward,Right,Furman University,2,1975.0,2.0,4.0,Milwaukee Bucks,m/mayescl01.html
3080,Tharon Mayes,1991-92,1991-92,190.0,79.0,1968-09-09,57.0,Connecticut,Shooting Guard,Right,Florida State,1,,,,,m/mayesth01.html
3081,Bill Mayfield,1980-81,1980-81,201.0,92.0,1957-10-17,68.0,Michigan,Small Forward,Right,Iowa,1,,,,,m/mayfibi01.html
3082,Ken Mayfield,1975-76,1975-76,188.0,83.0,1948-05-11,78.0,Illinois,Shooting Guard,Right,Tuskegee University,1,1971.0,3.0,15.0,New York Knicks,m/mayfike01.html
3083,Eric Maynor,2009-10,2013-14,190.0,79.0,1987-06-11,39.0,North Carolina,Point Guard and Shooting Guard,Right,VCU,5,2009.0,1.0,20.0,Utah Jazz,m/maynoer01.html
3084,O.J. Mayo,2008-09,2015-16,196.0,95.0,1987-11-05,38.0,West Virginia,Shooting Guard,Right,USC,8,2008.0,1.0,3.0,Minnesota Timberwolves,m/mayooj01.html
3085,Skylar Mays,2020-21,2023-24,193.0,92.0,1997-09-05,28.0,Louisiana,Shooting Guard and Point Guard,Right,LSU,4,2020.0,2.0,20.0,Atlanta Hawks,m/mayssk01.html
3086,Travis Mays,1990-91,1992-93,188.0,86.0,1968-06-19,58.0,Florida,Point Guard,Right,Texas,3,1990.0,1.0,14.0,Sacramento Kings,m/maystr01.html
3087,Matt Mazza,1949-50,1949-50,190.0,95.0,1923-09-23,102.0,New York,Forward,Right,Michigan State,1,,,,,m/mazzama01.html
3088,Luc Mbah a Moute,2008-09,2019-20,203.0,104.0,1986-09-09,39.0,Cameroon,Power Forward and Small Forward,Right,UCLA,12,2008.0,2.0,7.0,Milwaukee Bucks,m/mbahalu01.html
3089,Bez Mbeng,2025-26,2025-26,193.0,83.0,2003-05-02,23.0,Maryland,Shooting Guard,Right,Yale,1,,,,,m/mbengbe01.html
3090,Bob McAdoo,1972-73,1985-86,206.0,95.0,1951-09-25,74.0,North Carolina,Center and Power Forward,Right,Vincennes University,14,1972.0,1.0,2.0,Buffalo Braves,m/mcadobo01.html
3091,James Michael McAdoo,2014-15,2017-18,206.0,104.0,1993-01-04,33.0,Virginia,Power Forward,Right,UNC,4,,,,,m/mcadoja01.html
3092,Ken McBride,1954-55,1954-55,190.0,86.0,1929-05-23,97.0,Illinois,Shooting Guard,Right,University of Maryland Eastern Shore,1,1952.0,3.0,,Syracuse Nationals,m/mcbrike01.html
3093,Miles McBride,2021-22,2025-26,188.0,88.0,2000-09-08,25.0,Ohio,Point Guard and Shooting Guard,Right,West Virginia,5,2021.0,2.0,6.0,Oklahoma City Thunder,m/mcbrimi01.html
3094,Jared McCain,2024-25,2025-26,190.0,88.0,2004-02-20,22.0,California,Shooting Guard and Point Guard,Right,Duke,2,2024.0,1.0,16.0,Philadelphia 76ers,m/mccaija01.html
3095,Tahjere McCall,2018-19,2018-19,196.0,86.0,1994-08-17,31.0,Pennsylvania,Shooting Guard,Right,Tennessee State,1,,,,,m/mccalta01.html
3096,Ray McCallum,2013-14,2015-16,190.0,86.0,1991-06-12,35.0,Wisconsin,Point Guard,Right,Detroit Mercy,3,2013.0,2.0,6.0,Sacramento Kings,m/mccalra01.html
3097,Bob McCann,1989-90,1997-98,198.0,110.0,1964-04-22,62.0,New Jersey,Small Forward and Power Forward,Left,Upsala College,5,1987.0,2.0,9.0,Milwaukee Bucks,m/mccanbo01.html
3098,Brendan McCann,1957-58,1959-60,188.0,80.0,1935-07-05,91.0,New York,Point Guard,Right,St. Bonaventure,3,1957.0,1.0,5.0,New York Knicks,m/mccanbr01.html
3099,Mel McCants,1989-90,1989-90,203.0,108.0,1967-08-19,58.0,Illinois,Small Forward,Right,Purdue,1,,,,,m/mccanme01.html
3100,Rashad McCants,2005-06,2008-09,193.0,93.0,1984-09-25,41.0,North Carolina,Shooting Guard,Right,UNC,4,2005.0,1.0,14.0,Minnesota Timberwolves,m/mccanra01.html
3101,Mike McCarron,1949-50,1949-50,180.0,81.0,1922-03-02,104.0,New York,Guard,Right,Seton Hall,1,,,,,m/mccarmi01.html
3102,Andre McCarter,1976-77,1980-81,190.0,86.0,1953-08-25,72.0,Pennsylvania,Point Guard,Right,UCLA,3,1975.0,8.0,10.0,Cleveland Cavaliers,m/mccaran01.html
3103,Willie McCarter,1969-70,1971-72,190.0,79.0,1946-07-26,79.0,Indiana,Shooting Guard,Right,Drake University,3,1969.0,1.0,12.0,Los Angeles Lakers,m/mccarwi01.html
3104,Johnny McCarthy,1956-57,1963-64,185.0,83.0,1934-04-25,92.0,New York,Point Guard and Shooting Guard,Right,Canisius,6,1956.0,4.0,1.0,Rochester Royals,m/mccarjo01.html
3106,Kelly McCarty,1998-99,1998-99,201.0,90.0,1975-08-24,50.0,Illinois,Shooting Guard,Right,Southern Miss,1,,,,,m/mccarke01.html
3107,Walter McCarty,1996-97,2005-06,208.0,104.0,1974-02-01,52.0,Indiana,Power Forward and Small Forward,Right,Kentucky,10,1996.0,1.0,19.0,New York Knicks,m/mccarwa01.html
3108,Amal McCaskill,1996-97,2003-04,211.0,106.0,1973-10-28,52.0,Illinois,Center,Right,Marquette,4,1996.0,2.0,20.0,Orlando Magic,m/mccasam01.html
3109,Patrick McCaw,2016-17,2020-21,201.0,82.0,1995-10-25,30.0,Missouri,Shooting Guard and Small Forward,Right,UNLV,5,2016.0,2.0,8.0,Milwaukee Bucks,m/mccawpa01.html
3110,Dwayne McClain,1985-86,1985-86,198.0,83.0,1963-02-07,63.0,Massachusetts,Small Forward,Right,Villanova,1,1985.0,2.0,3.0,Indiana Pacers,m/mccladw01.html
3111,Ted McClain,1976-77,1978-79,185.0,81.0,1946-08-30,79.0,Tennessee,Shooting Guard and Point Guard,Right,Tennessee State,3,1971.0,2.0,5.0,Atlanta Hawks,m/mcclate01.html
3112,Dan McClintock,2000-01,2000-01,213.0,122.0,1977-04-19,49.0,California,Center,Right,Northern Arizona University,1,2000.0,2.0,24.0,Denver Nuggets,m/mcclida01.html
3113,Jack McCloskey,1952-53,1952-53,188.0,86.0,1925-09-19,100.0,Pennsylvania,Shooting Guard,Right,Pitt,1,,,,,m/mccloja01.html
3114,George McCloud,1989-90,2001-02,203.0,102.0,1967-05-27,59.0,Florida,Small Forward,Right,Florida State,12,1989.0,1.0,7.0,Indiana Pacers,m/mccloge01.html
3115,Mac McClung,2021-22,2025-26,188.0,83.0,1999-01-06,27.0,Virginia,Shooting Guard and Point Guard,Right,Georgetown,4,,,,,m/mccluma01.html
3116,CJ McCollum,2013-14,2025-26,190.0,86.0,1991-09-19,34.0,Ohio,Shooting Guard and Point Guard,Right,Lehigh,13,2013.0,1.0,10.0,Portland Trail Blazers,m/mccolcj01.html
3117,John McConathy,1951-52,1951-52,196.0,88.0,1930-04-09,96.0,Louisiana,Forward,Right,Northwestern State University,1,1951.0,1.0,5.0,Syracuse Nationals,m/mcconjo01.html
3118,Bucky McConnell,1952-53,1952-53,178.0,77.0,1928-07-01,98.0,New Jersey,Point Guard,Right,,1,,,,,m/mcconbu01.html
3119,T.J. McConnell,2015-16,2025-26,185.0,86.0,1992-03-25,34.0,Pennsylvania,Point Guard,Right,Duquesne,11,,,,,m/mccontj01.html
3120,Keith McCord,1980-81,1980-81,201.0,95.0,1957-06-22,69.0,Alabama,Shooting Guard,Right,Alabama,1,1979.0,10.0,14.0,Philadelphia 76ers,m/mccorke01.html
3121,Tim McCormick,1984-85,1991-92,211.0,108.0,1962-03-10,64.0,Michigan,Center,Right,Michigan,8,1984.0,1.0,12.0,Cleveland Cavaliers,m/mccorti01.html
3122,Jelani McCoy,1998-99,2007-08,208.0,111.0,1977-12-06,48.0,California,Center,Right,UCLA,8,1998.0,2.0,4.0,Seattle SuperSonics,m/mccoyje01.html
3123,Paul McCracken,1972-73,1976-77,193.0,81.0,1950-09-11,75.0,New York,Shooting Guard,Right,Cal State Northridge,3,,,,,m/mccrapa01.html
3124,Chris McCray,2006-07,2006-07,196.0,87.0,1984-05-27,42.0,Maryland,Shooting Guard,Right,Maryland,1,,,,,m/mccrach01.html
3125,Rodney McCray,1983-84,1992-93,201.0,99.0,1961-08-29,64.0,New York,Small Forward and Power Forward,Right,Louisville,10,1983.0,1.0,3.0,Houston Rockets,m/mccraro01.html
3126,Scooter McCray,1983-84,1986-87,206.0,97.0,1960-02-08,66.0,New York,Power Forward,Right,Louisville,3,1983.0,2.0,12.0,Seattle SuperSonics,m/mccrasc01.html
3127,Erik McCree,2017-18,2017-18,203.0,102.0,1993-12-20,32.0,Florida,Small Forward,Left,Louisiana Tech,1,,,,,m/mccreer01.html
3128,Kevin McCullar Jr.,2024-25,2025-26,198.0,95.0,2001-03-15,25.0,Texas,Small Forward,Right,Texas Tech,2,2024.0,2.0,26.0,Phoenix Suns,m/mcculke01.html
3129,Chris McCullough,2015-16,2017-18,211.0,90.0,1995-02-05,31.0,New York,Power Forward,Right,Syracuse,3,2015.0,1.0,29.0,Brooklyn Nets,m/mcculch01.html
3130,John McCullough,1981-82,1981-82,193.0,86.0,1956-10-05,69.0,Ohio,Shooting Guard,Right,Oklahoma,1,1979.0,4.0,19.0,Kansas City Kings,m/mcculjo01.html
3131,Clint McDaniel,1995-96,1995-96,193.0,81.0,1972-02-26,54.0,Oklahoma,Shooting Guard,Right,Arkansas,1,,,,,m/mcdancl01.html
3132,Xavier McDaniel,1985-86,1997-98,201.0,92.0,1963-06-04,63.0,South Carolina,Small Forward and Power Forward,Right,Wichita State,12,1985.0,1.0,4.0,Seattle SuperSonics,m/mcdanxa01.html
3133,Jaden McDaniels,2020-21,2025-26,206.0,83.0,2000-09-29,25.0,Washington,Power Forward and Small Forward,Right,Washington,6,2020.0,1.0,28.0,Los Angeles Lakers,m/mcdanja02.html
3134,Jalen McDaniels,2019-20,2024-25,206.0,92.0,1998-01-31,28.0,Washington,Small Forward,Right,San Diego State,6,2019.0,2.0,22.0,Charlotte Hornets,m/mcdanja01.html
3135,Jim McDaniels,1971-72,1977-78,211.0,103.0,1948-04-02,78.0,Kentucky,Center,Right,Western Kentucky,5,1971.0,2.0,6.0,Seattle SuperSonics,m/mcdanji01.html
3136,K.J. McDaniels,2014-15,2016-17,198.0,92.0,1993-02-09,33.0,Alabama,Small Forward and Shooting Guard,Right,Clemson,3,2014.0,2.0,2.0,Philadelphia 76ers,m/mcdankj01.html
3137,Doug McDermott,2014-15,2025-26,201.0,102.0,1992-01-03,34.0,North Dakota,Small Forward and Power Forward,Right,Creighton,12,2014.0,1.0,11.0,Denver Nuggets,m/mcderdo01.html
3138,Sean McDermott,2020-21,2020-21,198.0,88.0,1996-11-03,29.0,Indiana,Small Forward,Right,Butler,1,,,,,m/mcderse01.html
3139,Ben McDonald,1985-86,1988-89,203.0,95.0,1962-07-20,63.0,California,Power Forward and Small Forward,Right,"University of California, Irvine",4,1984.0,3.0,3.0,Cleveland Cavaliers,m/mcdonbe01.html
3140,Glenn McDonald,1974-75,1976-77,198.0,86.0,1952-03-18,74.0,Illinois,Small Forward,Right,Cal State Long Beach,3,1974.0,1.0,17.0,Boston Celtics,m/mcdongl01.html
3141,Michael McDonald,1997-98,1997-98,208.0,105.0,1969-02-13,57.0,Texas,Center,Right,Utah Valley,1,1995.0,2.0,26.0,Golden State Warriors,m/mcdonmi01.html
3143,Hank McDowell,1981-82,1986-87,206.0,97.0,1959-11-13,66.0,Tennessee,Power Forward,Right,Memphis,6,1981.0,5.0,10.0,Golden State Warriors,m/mcdowha01.html
3144,Antonio McDyess,1995-96,2010-11,206.0,99.0,1974-09-07,51.0,Mississippi,Power Forward and Center,Right,Alabama,15,1995.0,1.0,2.0,Los Angeles Clippers,m/mcdyean01.html
3145,Jim McElroy,1975-76,1981-82,190.0,86.0,1953-10-04,72.0,Arkansas,Point Guard,Right,Central Michigan University,7,1975.0,3.0,2.0,New Orleans Jazz,m/mcelrji01.html
3147,Ivan McFarlin,2006-07,2006-07,203.0,108.0,1982-04-26,44.0,Texas,Power Forward,Right,Oklahoma State,1,,,,,m/mcfariv01.html
3149,Mitch McGary,2014-15,2015-16,208.0,115.0,1992-06-06,34.0,Indiana,Power Forward,Left,Michigan,2,2014.0,1.0,21.0,Oklahoma City Thunder,m/mcgarmi01.html
3150,JaVale McGee,2008-09,2023-24,213.0,122.0,1988-01-19,38.0,Michigan,Center,Right,Nevada,16,2008.0,1.0,18.0,Washington Wizards,m/mcgeeja01.html
3151,Mike McGee,1981-82,1989-90,196.0,86.0,1959-07-29,66.0,Texas,Small Forward and Shooting Guard,Right,Michigan,9,1981.0,1.0,19.0,Los Angeles Lakers,m/mcgeemi01.html
3152,Billy McGill,1962-63,1964-65,206.0,102.0,1939-09-16,86.0,Texas,Center,Right,Utah,3,1962.0,1.0,1.0,Chicago Zephyrs,m/mcgilbi01.html
3153,George McGinnis,1975-76,1981-82,203.0,106.0,1950-08-12,75.0,Alabama,Power Forward and Small Forward,Right,Indiana,7,1973.0,2.0,4.0,Philadelphia 76ers,m/mcginge01.html
3154,Jon McGlocklin,1965-66,1975-76,196.0,92.0,1943-06-10,83.0,Indiana,Shooting Guard and Small Forward,Right,Indiana,11,1965.0,3.0,7.0,Cincinnati Royals,m/mcglojo01.html
3155,Bryce McGowens,2022-23,2025-26,198.0,86.0,2002-11-08,23.0,South Carolina,Shooting Guard,Right,Nebraska,4,2022.0,2.0,10.0,Minnesota Timberwolves,m/mcgowbr01.html
3156,Tracy McGrady,1997-98,2011-12,203.0,95.0,1979-05-24,47.0,Florida,Shooting Guard and Small Forward,Right,,15,1997.0,1.0,9.0,Toronto Raptors,m/mcgratr01.html
3157,Gil McGregor,1971-72,1971-72,203.0,108.0,1949-06-14,77.0,North Carolina,Power Forward,Right,Wake Forest,1,1971.0,6.0,4.0,Cincinnati Royals,m/mcgregi01.html
3158,Cameron McGriff,2021-22,2021-22,201.0,99.0,1997-09-30,28.0,Texas,Small Forward,Right,Oklahoma State,1,,,,,m/mcgrica01.html
3160,Rodney McGruder,2016-17,2022-23,193.0,92.0,1991-07-29,34.0,Maryland,Shooting Guard,Right,Kansas State,7,,,,,m/mcgruro01.html
3161,Al McGuire,1951-52,1954-55,188.0,81.0,1928-09-07,97.0,New York,Point Guard,Right,St. John's,4,1951.0,6.0,6.0,New York Knicks,m/mcguial01.html
3162,Allie McGuire,1973-74,1973-74,190.0,79.0,1951-07-10,75.0,New York,Shooting Guard,Right,Marquette,1,1973.0,3.0,14.0,New York Knicks,m/mcguial02.html
3163,Dick McGuire,1949-50,1959-60,183.0,81.0,1926-01-25,100.0,New York,Point Guard,Right,St. John's,11,1949.0,1.0,8.0,New York Knicks,m/mcguidi01.html
3164,Dominic McGuire,2007-08,2012-13,206.0,99.0,1985-10-20,40.0,California,"Small Forward, Power Forward, and Shooting Guard",Right,California,6,2007.0,2.0,17.0,Washington Wizards,m/mcguido01.html
3165,Kevin McHale,1980-81,1992-93,208.0,95.0,1957-12-19,68.0,Minnesota,Power Forward,Right,Minnesota,13,1980.0,1.0,3.0,Boston Celtics,m/mchalke01.html
3167,Jim McIlvaine,1994-95,2000-01,216.0,108.0,1972-07-30,53.0,Wisconsin,Center,Right,Marquette,7,1994.0,2.0,5.0,Washington Bullets,m/mcilvji01.html
3168,Jeff McInnis,1996-97,2007-08,193.0,86.0,1974-10-22,51.0,North Carolina,Point Guard and Shooting Guard,Right,UNC,11,1996.0,2.0,8.0,Denver Nuggets,m/mcinnje01.html
3169,Kenny McIntosh,1971-72,1974-75,201.0,102.0,1949-01-21,77.0,Michigan,Small Forward,Right,Eastern Michigan,4,1971.0,1.0,15.0,Chicago Bulls,m/mcintke01.html
3172,Kevin McKenna,1981-82,1987-88,196.0,88.0,1959-01-08,67.0,Minnesota,Shooting Guard,Right,Creighton,6,1981.0,4.0,19.0,Los Angeles Lakers,m/mckenke01.html
3173,Forrest McKenzie,1986-87,1986-87,201.0,90.0,1963-02-16,63.0,New Jersey,Small Forward,Right,Loyola Marymount,1,1986.0,3.0,1.0,San Antonio Spurs,m/mckenfo01.html
3174,Stan McKenzie,1967-68,1973-74,196.0,88.0,1944-10-06,81.0,Florida,Small Forward and Shooting Guard,Right,NYU,7,1966.0,11.0,3.0,Baltimore Bullets,m/mckenst01.html
3175,Derrick McKey,1987-88,2001-02,208.0,109.0,1966-10-10,59.0,Mississippi,Small Forward,Right,Alabama,15,1987.0,1.0,9.0,Seattle SuperSonics,m/mckeyde01.html
3176,Aaron McKie,1994-95,2006-07,196.0,94.0,1972-10-02,53.0,Pennsylvania,"Shooting Guard, Small Forward, and Point Guard",Right,Temple,13,1994.0,1.0,17.0,Portland Trail Blazers,m/mckieaa01.html
3177,Billy McKinney,1978-79,1985-86,183.0,72.0,1955-06-05,71.0,Illinois,Point Guard,Left,Northwestern,7,1977.0,6.0,5.0,Phoenix Suns,m/mckinbi01.html
3178,Bones McKinney,1949-50,1951-52,198.0,83.0,1919-01-01,107.0,North Carolina,Small Forward,Right,UNC,3,,,,,m/mckinbo01.html
3179,Carlton McKinney,1989-90,1991-92,193.0,86.0,1964-10-21,61.0,California,Shooting Guard,Right,Tulsa,2,,,,,m/mckinca01.html
3180,Trey McKinney-Jones,2017-18,2017-18,196.0,99.0,1990-08-27,35.0,Wisconsin,Shooting Guard,Right,Missouri-Kansas City,1,,,,,m/mckintr01.html
3181,Alfonzo McKinnie,2017-18,2021-22,201.0,97.0,1992-09-17,33.0,Illinois,Small Forward,Right,Green Bay,5,,,,,m/mckinal01.html
3182,JaQuori McLaughlin,2021-22,2021-22,193.0,86.0,1998-01-29,28.0,Washington,Point Guard,Right,Oregon State,1,,,,,m/mclauja01.html
3183,Jordan McLaughlin,2019-20,2025-26,180.0,83.0,1996-04-09,30.0,California,Point Guard,Right,USC,7,,,,,m/mclaujo01.html
3184,Ben McLemore,2013-14,2021-22,190.0,88.0,1993-02-11,33.0,Missouri,Shooting Guard and Small Forward,Right,Kansas,9,2013.0,1.0,7.0,Sacramento Kings,m/mclembe01.html
3185,McCoy McLemore,1964-65,1971-72,201.0,104.0,1942-04-03,84.0,Texas,Small Forward,Right,Drake University,8,1964.0,3.0,7.0,San Francisco Warriors,m/mclemmc01.html
3186,George McLeod,1952-53,1952-53,196.0,90.0,1931-01-03,95.0,Texas,Forward,Right,TCU,1,1952.0,4.0,,Milwaukee Hawks,m/mcleoge01.html
3187,Keith McLeod,2003-04,2006-07,188.0,85.0,1979-11-05,46.0,Ohio,Point Guard,Right,Bowling Green,4,,,,,m/mcleoke01.html
3188,Roshown McLeod,1998-99,2000-01,203.0,100.0,1975-11-17,50.0,New Jersey,Small Forward,Right,St. John's,3,1998.0,1.0,20.0,Atlanta Hawks,m/mcleoro01.html
3189,Jack McMahon,1952-53,1959-60,185.0,83.0,1928-12-03,97.0,New York,Point Guard and Shooting Guard,Right,St. John's,8,1952.0,2.0,,Rochester Royals,m/mcmahja01.html
3190,Nate McMillan,1986-87,1997-98,196.0,88.0,1964-08-03,61.0,North Carolina,Point Guard and Shooting Guard,Right,NC State,12,1986.0,2.0,6.0,Seattle SuperSonics,m/mcmilna01.html
3191,Tom McMillen,1975-76,1985-86,211.0,97.0,1952-05-26,74.0,New York,Center,Left,Maryland,11,1974.0,1.0,9.0,Buffalo Braves,m/mcmilto01.html
3192,Jim McMillian,1970-71,1978-79,196.0,97.0,1948-03-11,78.0,North Carolina,Small Forward,Right,Columbia University,9,1970.0,1.0,13.0,Los Angeles Lakers,m/mcmilji01.html
3193,Shellie McMillon,1958-59,1961-62,196.0,92.0,1936-03-11,90.0,Illinois,Small Forward and Power Forward,Right,Bradley,4,1958.0,6.0,3.0,Detroit Pistons,m/mcmilsh01.html
3194,Mal McMullen,1949-50,1950-51,196.0,95.0,1927-08-23,98.0,Ohio,Forward/Center,Right,Xavier,2,,,,,m/mcmulma01.html
3196,Mark McNamara,1982-83,1990-91,211.0,106.0,1959-06-08,67.0,California,Center,Left,Santa Clara,8,1982.0,1.0,22.0,Philadelphia 76ers,m/mcnamma01.html
3197,Joe McNamee,1950-51,1951-52,198.0,95.0,1926-09-24,99.0,California,Small Forward,Right,San Francisco,2,1950.0,1.0,10.0,Rochester Royals,m/mcnamjo01.html
3198,Jerel McNeal,2014-15,2014-15,190.0,90.0,1987-06-01,39.0,Illinois,Point Guard,Right,Marquette,1,,,,,m/mcneaje01.html
3199,Chris McNealy,1985-86,1987-88,201.0,95.0,1961-07-15,65.0,California,Power Forward,Right,San Jose State,3,1983.0,2.0,14.0,Kansas City Kings,m/mcneach01.html
3200,Liam McNeeley,2025-26,2025-26,201.0,95.0,2005-10-10,20.0,Texas,Small Forward,Right,UConn,1,2025.0,1.0,29.0,Phoenix Suns,m/mcneeli01.html
3201,Bob McNeill,1960-61,1961-62,185.0,77.0,1938-10-22,87.0,Pennsylvania,Point Guard,Left,Saint Joseph's,2,1960.0,3.0,3.0,New York Knicks,m/mcneibo01.html
3202,Larry McNeill,1973-74,1978-79,206.0,88.0,1951-01-31,75.0,North Carolina,Power Forward,Right,Marquette,6,1973.0,2.0,7.0,Kansas City-Omaha Kings,m/mcneila01.html
3203,Carl McNulty,1954-55,1954-55,190.0,83.0,1930-02-14,96.0,Indiana,Shooting Guard,Right,Purdue,1,1952.0,3.0,,Minneapolis Lakers,m/mcnulca01.html
3204,Paul McPherson,2000-01,2000-01,193.0,95.0,1978-07-03,48.0,Illinois,Point Guard,Right,DePaul,1,,,,,m/mcphepa01.html
3206,Cozell McQueen,1986-87,1986-87,211.0,106.0,1962-01-18,64.0,France,Power Forward,Left,NC State,1,1985.0,4.0,21.0,Milwaukee Bucks,m/mcqueco01.html
3207,Jordan McRae,2015-16,2019-20,196.0,81.0,1991-03-28,35.0,Georgia,Shooting Guard and Point Guard,Right,Tennessee,4,2014.0,2.0,28.0,San Antonio Spurs,m/mcraejo01.html
3208,Thales McReynolds,1965-66,1965-66,190.0,83.0,1943-06-08,83.0,Alabama,Guard,Right,Miles College,1,1965.0,11.0,2.0,Baltimore Bullets,m/mcreyth01.html
3209,Josh McRoberts,2007-08,2017-18,208.0,108.0,1987-02-28,39.0,Indiana,Power Forward and Center,Left,Duke,11,2007.0,2.0,7.0,Portland Trail Blazers,m/mcrobjo01.html
3210,Jack McVeigh,2024-25,2024-25,203.0,97.0,1996-06-27,30.0,Australia,Power Forward,Right,Nebraska,1,,,,,m/mcveija01.html
3211,Eric McWilliams,1972-73,1972-73,203.0,90.0,1950-04-18,76.0,Colorado,Power Forward,Right,Cal State Long Beach,1,1972.0,3.0,7.0,Houston Rockets,m/mcwiler01.html
3213,Stanislav Medvedenko,2000-01,2006-07,208.0,113.0,1979-04-04,47.0,Ukraine,Power Forward and Center,Right,,7,,,,,m/medvest01.html
3214,Darnell Mee,1993-94,1994-95,196.0,79.0,1971-02-11,55.0,Tennessee,Shooting Guard,Right,Western Kentucky,2,1993.0,2.0,7.0,Golden State Warriors,m/meeda01.html
3215,Jodie Meeks,2009-10,2018-19,193.0,95.0,1987-08-21,38.0,Tennessee,Shooting Guard,Right,Kentucky,10,2009.0,2.0,11.0,Milwaukee Bucks,m/meeksjo01.html
3216,Cliff Meely,1971-72,1975-76,203.0,97.0,1947-07-10,79.0,Mississippi,Power Forward,Right,Colorado,5,1971.0,1.0,7.0,Houston Rockets,m/meelycl01.html
3217,Scott Meents,1989-90,1990-91,208.0,102.0,1964-01-04,62.0,Illinois,Power Forward,Right,Illinois,2,1986.0,4.0,4.0,Chicago Bulls,m/meentsc01.html
3218,Dick Mehen,1949-50,1951-52,196.0,88.0,1922-05-20,104.0,West Virginia,Power Forward,Right,Tennessee,3,,,,,m/mehendi01.html
3219,Monk Meineke,1952-53,1957-58,201.0,94.0,1930-10-30,95.0,Ohio,Power Forward,Right,Dayton,5,1952.0,2.0,,Fort Wayne Pistons,m/meinemo01.html
3221,Salah Mejri,2015-16,2018-19,218.0,106.0,1986-06-15,40.0,Tunisia,Center,Right,,4,,,,,m/mejrisa01.html
3222,Gal Mekel,2013-14,2014-15,190.0,86.0,1988-03-04,38.0,Israel,Point Guard,Right,Wichita State,2,,,,,m/mekelga01.html
3223,Bill Melchionni,1966-67,1967-68,185.0,74.0,1944-10-19,81.0,Pennsylvania,Point Guard,Right,Villanova,2,1966.0,2.0,9.0,Philadelphia 76ers,m/melchbi01.html
3224,Gary Melchionni,1973-74,1974-75,188.0,83.0,1951-01-19,75.0,New Jersey,Shooting Guard and Point Guard,Left,Duke,2,1973.0,2.0,15.0,Phoenix Suns,m/melchga01.html
3225,Nicolò Melli,2019-20,2020-21,206.0,107.0,1991-01-26,35.0,Italy,Power Forward and Center,Right,,2,,,,,m/mellini01.html
3226,Fab Melo,2012-13,2012-13,213.0,115.0,1990-06-20,36.0,Brazil,Center,Right,Syracuse,1,2012.0,1.0,22.0,Boston Celtics,m/melofa01.html
3227,De'Anthony Melton,2018-19,2025-26,188.0,90.0,1998-05-28,28.0,California,Point Guard and Shooting Guard,Right,USC,8,2018.0,2.0,16.0,Houston Rockets,m/meltode01.html
3229,Dean Meminger,1971-72,1976-77,183.0,79.0,1948-05-13,78.0,South Carolina,Shooting Guard and Point Guard,Right,Marquette,6,1971.0,1.0,16.0,New York Knicks,m/meminde01.html
3230,Chuck Mencel,1955-56,1956-57,183.0,76.0,1933-04-21,93.0,Wisconsin,Point Guard,Right,Minnesota,2,1955.0,2.0,6.0,Minneapolis Lakers,m/mencech01.html
3231,John Mengelt,1971-72,1980-81,188.0,88.0,1949-10-16,76.0,Wisconsin,Shooting Guard,Right,Auburn,10,1971.0,2.0,4.0,Cincinnati Royals,m/mengejo01.html
3232,Ken Menke,1949-50,1949-50,183.0,76.0,1922-10-02,103.0,Illinois,Guard,Right,Illinois,1,,,,,m/menkeke01.html
3233,Nathan Mensah,2023-24,2023-24,206.0,104.0,1998-04-09,28.0,Ghana,Center,Left,San Diego State,1,,,,,m/mensana01.html
3234,Pops Mensah-Bonsu,2006-07,2010-11,206.0,108.0,1983-09-07,42.0,United Kingdom,Power Forward,Right,George Washington,4,,,,,m/mensapo01.html
3236,Ron Mercer,1997-98,2004-05,201.0,95.0,1976-05-18,50.0,Tennessee,Shooting Guard and Small Forward,Right,Kentucky,8,1997.0,1.0,6.0,Boston Celtics,m/mercero01.html
3237,Joe Meriweather,1975-76,1984-85,208.0,97.0,1953-10-26,72.0,Alabama,Center and Power Forward,Right,Southern Illinois,10,1975.0,1.0,11.0,Houston Rockets,m/meriwjo01.html
3238,Porter Meriwether,1962-63,1962-63,188.0,81.0,1940-03-16,86.0,Indiana,Point Guard,Right,Tennessee State,1,1962.0,3.0,5.0,Syracuse Nationals,m/meriwpo01.html
3239,Sam Merrill,2020-21,2025-26,193.0,92.0,1996-05-15,30.0,Utah,Shooting Guard,Right,Utah State University,6,2020.0,2.0,30.0,New Orleans Pelicans,m/merrisa01.html
3240,Tom Meschery,1961-62,1970-71,198.0,97.0,1938-10-26,87.0,China,Small Forward and Power Forward,Right,Saint Mary's,10,1961.0,1.0,7.0,Philadelphia Warriors,m/meschto01.html
3241,Chimezie Metu,2018-19,2023-24,208.0,102.0,1997-03-22,29.0,California,Center and Power Forward,Right,USC,6,2018.0,2.0,19.0,San Antonio Spurs,m/metuch01.html
3243,Loren Meyer,1995-96,1998-99,208.0,116.0,1972-12-30,53.0,Iowa,Power Forward and Center,Right,Iowa State,3,1995.0,1.0,24.0,Dallas Mavericks,m/meyerlo01.html
3244,Dave Meyers,1975-76,1979-80,203.0,97.0,1953-04-21,73.0,California,Power Forward,Right,UCLA,4,1975.0,1.0,2.0,Los Angeles Lakers,m/meyerda01.html
3245,Stan Miasek,1949-50,1952-53,196.0,95.0,1923-09-19,102.0,New York,Small Forward and Power Forward,Right,,3,,,,,m/miasest01.html
3246,Larry Micheaux,1983-84,1984-85,206.0,99.0,1960-03-24,66.0,Texas,Power Forward,Right,Houston,2,1983.0,2.0,5.0,Chicago Bulls,m/michela01.html
3247,Vasilije Micić,2023-24,2024-25,190.0,85.0,1994-01-13,32.0,Serbia,Point Guard,Right,,2,2014.0,2.0,22.0,Philadelphia 76ers,m/micicva01.html
3248,Jordan Mickey,2015-16,2017-18,203.0,106.0,1994-07-09,32.0,Texas,Power Forward,Right,LSU,3,2015.0,2.0,3.0,Boston Celtics,m/mickejo01.html
3249,Khris Middleton,2012-13,2025-26,201.0,100.0,1991-08-12,34.0,South Carolina,Small Forward and Shooting Guard,Right,Texas A&M,14,2012.0,2.0,9.0,Detroit Pistons,m/middlkh01.html
3251,Chris Mihm,2000-01,2008-09,213.0,120.0,1979-07-16,47.0,Wisconsin,Center and Power Forward,Right,Texas,8,2000.0,1.0,7.0,Chicago Bulls,m/mihmch01.html
3252,Eric Mika,2019-20,2019-20,208.0,108.0,1995-01-05,31.0,Utah,Center,Right,BYU,1,,,,,m/mikaer01.html
3253,Ed Mikan,1949-50,1953-54,203.0,104.0,1925-10-20,100.0,Illinois,Center,Right,DePaul,5,1948.0,1.0,5.0,Chicago Stags,m/mikaned01.html
3254,George Mikan,1949-50,1955-56,208.0,111.0,1924-06-18,102.0,Illinois,Center,Right,DePaul,6,,,,,m/mikange01.html
3255,Larry Mikan,1970-71,1970-71,201.0,95.0,1948-04-08,78.0,Minnesota,Small Forward,Right,Minnesota,1,1970.0,4.0,13.0,Los Angeles Lakers,m/mikanla01.html
3256,Vern Mikkelsen,1949-50,1958-59,201.0,104.0,1928-10-21,97.0,California,Power Forward,Right,Hamline University,10,1949.0,1.0,11.0,Minneapolis Lakers,m/mikkeve01.html
3257,Al Miksis,1949-50,1949-50,201.0,95.0,1928-02-02,98.0,Illinois,Center,Right,Western Illinois University,1,,,,,m/miksial01.html
3258,Aaron Miles,2005-06,2005-06,185.0,79.0,1983-04-13,43.0,Oregon,Point Guard,Right,Kansas,1,,,,,m/milesaa01.html
3259,C.J. Miles,2005-06,2021-22,198.0,99.0,1987-03-18,39.0,Texas,"Small Forward, Shooting Guard, and Point Guard",Left,,16,2005.0,2.0,4.0,Utah Jazz,m/milescj01.html
3260,Darius Miles,2000-01,2008-09,206.0,95.0,1981-10-09,44.0,Illinois,Small Forward,Right,,7,2000.0,1.0,3.0,Los Angeles Clippers,m/milesda01.html
3261,Eddie Miles,1963-64,1971-72,193.0,88.0,1940-07-05,86.0,Arkansas,Shooting Guard and Point Guard,Right,Seattle University,9,1963.0,1.0,4.0,Detroit Pistons,m/milesed01.html
3262,Marko Milič,1997-98,1998-99,198.0,106.0,1977-05-07,49.0,Slovenia,Shooting Guard and Small Forward,Right,,2,1997.0,2.0,5.0,Philadelphia 76ers,m/milicma01.html
3263,Darko Miličić,2003-04,2012-13,213.0,113.0,1985-06-20,41.0,Serbia,Center and Power Forward,Left,,10,2003.0,1.0,2.0,Detroit Pistons,m/milicda01.html
3265,Andre Miller,1999-00,2015-16,190.0,90.0,1976-03-19,50.0,California,Point Guard and Shooting Guard,Right,Utah,17,1999.0,1.0,8.0,Cleveland Cavaliers,m/millean02.html
3266,Anthony Miller,1994-95,2004-05,206.0,102.0,1971-10-22,54.0,Michigan,Power Forward,Right,Michigan State,8,1994.0,2.0,12.0,Golden State Warriors,m/millean01.html
3268,Bob Miller,1983-84,1983-84,208.0,104.0,1956-07-09,70.0,Kentucky,Power Forward,Left,Cincinnati,1,1978.0,4.0,19.0,Phoenix Suns,m/millebo01.html
3269,Brad Miller,1998-99,2011-12,211.0,110.0,1976-04-12,50.0,Indiana,Center and Power Forward,Right,Purdue,14,,,,,m/millebr01.html
3270,Brandon Miller,2023-24,2025-26,201.0,90.0,2002-11-22,23.0,Tennessee,Small Forward,Right,Alabama,3,2023.0,1.0,2.0,Charlotte Hornets,m/millebr02.html
3271,Darius Miller,2012-13,2020-21,198.0,102.0,1990-03-21,36.0,Kentucky,Small Forward,Right,Kentucky,6,2012.0,2.0,16.0,New Orleans Hornets,m/milleda01.html
3272,Dick Miller,1980-81,1980-81,198.0,97.0,1958-04-26,68.0,Wisconsin,Small Forward,Right,Toledo,1,1980.0,2.0,17.0,Indiana Pacers,m/milledi01.html
3273,Eddie Miller,1952-53,1953-54,203.0,102.0,1931-06-18,95.0,New York,Center,Right,Syracuse,2,1952.0,2.0,,Milwaukee Hawks,m/milleed01.html
3274,Emanuel Miller,2024-25,2025-26,196.0,97.0,2000-06-19,26.0,Ontario,Power Forward,Right,Texas A&M,2,,,,,m/milleem01.html
3276,Jay Miller,1967-68,1968-69,196.0,92.0,1943-07-19,82.0,Missouri,Small Forward,Right,Notre Dame,2,,,,,m/milleja01.html
3277,Jordan Miller,2023-24,2025-26,196.0,87.0,2000-01-23,26.0,California,Small Forward,Left,George Mason,3,2023.0,2.0,18.0,Los Angeles Clippers,m/millejo02.html
3279,Leonard Miller,2023-24,2025-26,208.0,99.0,2003-11-26,22.0,Ontario,Small Forward,Left,,3,2023.0,2.0,3.0,San Antonio Spurs,m/millele01.html
3280,Malcolm Miller,2017-18,2019-20,201.0,95.0,1993-03-06,33.0,Maryland,Small Forward,Right,Holy Cross,3,,,,,m/millema01.html
3281,Mike Miller,2000-01,2016-17,203.0,98.0,1980-02-19,46.0,South Dakota,Small Forward and Shooting Guard,Right,Florida,17,2000.0,1.0,5.0,Orlando Magic,m/millemi01.html
3282,Oliver Miller,1992-93,2003-04,206.0,127.0,1970-04-06,56.0,Texas,Center and Power Forward,Right,Arkansas,9,1992.0,1.0,22.0,Phoenix Suns,m/milleol01.html
3283,Quincy Miller,2012-13,2014-15,206.0,95.0,1992-11-18,33.0,Illinois,Power Forward,Right,Baylor,3,2012.0,2.0,8.0,Denver Nuggets,m/millequ01.html
3284,Reggie Miller,1987-88,2004-05,201.0,83.0,1965-08-24,60.0,California,Shooting Guard,Right,UCLA,18,1987.0,1.0,11.0,Indiana Pacers,m/millere01.html
3286,Chris Mills,1993-94,2002-03,198.0,97.0,1970-01-25,56.0,California,Small Forward and Power Forward,Right,Kentucky,10,1993.0,1.0,22.0,Cleveland Cavaliers,m/millsch01.html
3288,Patty Mills,2009-10,2024-25,188.0,81.0,1988-08-11,37.0,Australia,Point Guard and Shooting Guard,Right,Saint Mary's,16,2009.0,2.0,25.0,Portland Trail Blazers,m/millspa02.html
3289,Terry Mills,1990-91,2000-01,208.0,104.0,1967-12-21,58.0,Michigan,Power Forward,Right,Michigan,11,1990.0,1.0,16.0,Milwaukee Bucks,m/millste01.html
3290,Elijah Millsap,2014-15,2016-17,198.0,102.0,1987-08-12,38.0,Louisiana,Shooting Guard,Right,Louisiana,3,,,,,m/millsel01.html
3291,Paul Millsap,2006-07,2021-22,201.0,116.0,1985-02-10,41.0,Louisiana,Power Forward and Center,Right,Louisiana Tech,16,2006.0,2.0,17.0,Utah Jazz,m/millspa01.html
3292,Shake Milton,2018-19,2024-25,196.0,92.0,1996-09-26,29.0,Oklahoma,Shooting Guard,Right,SMU,7,2018.0,2.0,24.0,Dallas Mavericks,m/miltosh01.html
3293,Justin Minaya,2022-23,2024-25,196.0,92.0,1999-03-26,27.0,New Jersey,Small Forward,Left,South Carolina,3,,,,,m/minayju01.html
3294,Harold Miner,1992-93,1995-96,196.0,95.0,1971-05-05,55.0,California,Shooting Guard,Left,USC,4,1992.0,1.0,12.0,Miami Heat,m/minerha01.html
3295,Yao Ming,2002-03,2010-11,229.0,140.0,1980-09-12,45.0,China,Center,Right,,8,2002.0,1.0,1.0,Houston Rockets,m/mingya01.html
3296,Riley Minix,2024-25,2025-26,201.0,104.0,2000-09-22,25.0,Florida,Small Forward,Right,Southeastern University,2,,,,,m/minixri01.html
3297,Dirk Minniefield,1985-86,1987-88,190.0,81.0,1961-01-17,65.0,Kentucky,Point Guard,Right,Kentucky,3,1983.0,2.0,9.0,Dallas Mavericks,m/minnidi01.html
3298,Dave Minor,1951-52,1952-53,188.0,83.0,1922-02-23,104.0,Mississippi,Point Guard and Shooting Guard,Right,Toledo,2,,,,,m/minorda01.html
3299,Greg Minor,1994-95,1998-99,198.0,95.0,1971-09-18,54.0,Georgia,Shooting Guard and Small Forward,Right,Louisville,5,1994.0,1.0,25.0,Los Angeles Clippers,m/minorgr01.html
3300,Mark Minor,1972-73,1972-73,198.0,97.0,1950-05-14,76.0,United States,Small Forward,Right,Ohio State,1,1972.0,11.0,9.0,Boston Celtics,m/minorma01.html
3301,Josh Minott,2022-23,2025-26,203.0,92.0,2002-11-25,23.0,Florida,Small Forward and Power Forward,Right,Memphis,4,2022.0,2.0,15.0,Charlotte Hornets,m/minotjo01.html
3302,Nikola Mirotić,2014-15,2018-19,208.0,113.0,1991-02-11,35.0,Montenegro,Power Forward,Right,,5,2011.0,1.0,23.0,Houston Rockets,m/mirotni01.html
3304,Jason Miskiri,1999-00,1999-00,188.0,79.0,1975-08-19,50.0,Guyana,Point Guard,Right,George Mason,1,,,,,m/miskija01.html
3305,Yves Missi,2024-25,2025-26,211.0,106.0,2004-05-14,22.0,Belgium,Center,Right,Baylor,2,2024.0,1.0,21.0,New Orleans Pelicans,m/missiyv01.html
3306,Ajay Mitchell,2024-25,2025-26,193.0,86.0,2002-06-25,24.0,Belgium,Shooting Guard,Left,UC Santa Barbara,2,2024.0,2.0,8.0,New York Knicks,m/mitchaj01.html
3307,Davion Mitchell,2021-22,2025-26,183.0,91.0,1998-09-05,27.0,Georgia,Point Guard,Right,Auburn,5,2021.0,1.0,9.0,Sacramento Kings,m/mitchda01.html
3308,Donovan Mitchell,2017-18,2025-26,188.0,97.0,1996-09-07,29.0,New York,Shooting Guard and Point Guard,Right,Louisville,9,2017.0,1.0,13.0,Denver Nuggets,m/mitchdo01.html
3310,Mike Mitchell,1978-79,1987-88,201.0,97.0,1956-01-01,70.0,Georgia,Small Forward,Right,Auburn,10,1978.0,1.0,15.0,Cleveland Cavaliers,m/mitchmi01.html
3311,Murray Mitchell,1949-50,1949-50,198.0,,1923-03-19,103.0,Texas,Center,Right,Sam Houston State University,1,1948.0,5.0,,Boston Celtics,m/mitchmu01.html
3312,Sam Mitchell,1989-90,2001-02,198.0,95.0,1963-09-02,62.0,Georgia,Small Forward and Power Forward,Right,Mercer University,13,1985.0,3.0,7.0,Houston Rockets,m/mitchsa01.html
3313,Todd Mitchell,1988-89,1988-89,201.0,92.0,1966-07-26,59.0,Ohio,Small Forward,Right,Purdue,1,1988.0,2.0,18.0,Denver Nuggets,m/mitchto01.html
3314,Tony Mitchell,2013-14,2013-14,198.0,97.0,1989-08-07,36.0,Georgia,Small Forward,Right,Alabama,1,,,,,m/mitchto03.html
3315,Tony Mitchell,2013-14,2013-14,203.0,106.0,1992-04-07,34.0,Wisconsin,Power Forward,Right,University of North Texas,1,2013.0,2.0,7.0,Detroit Pistons,m/mitchto02.html
3316,Naz Mitrou-Long,2017-18,2019-20,190.0,98.0,1993-08-03,32.0,Ontario,Shooting Guard,Right,Iowa State,3,,,,,m/mitrona01.html
3317,Steve Mix,1969-70,1982-83,201.0,97.0,1947-12-30,78.0,Ohio,Small Forward and Power Forward,Left,Toledo,13,1969.0,5.0,4.0,Detroit Pistons,m/mixst01.html
3318,Bill Mlkvy,1952-53,1952-53,193.0,86.0,1931-01-19,95.0,Pennsylvania,Small Forward,Right,Temple,1,1952.0,1.0,4.0,Philadelphia Warriors,m/mlkvybi01.html
3319,Cuttino Mobley,1998-99,2008-09,193.0,86.0,1975-09-01,50.0,Pennsylvania,Shooting Guard and Point Guard,Left,Rhode Island,11,1998.0,2.0,12.0,Houston Rockets,m/moblecu01.html
3320,Eric Mobley,1994-95,1996-97,211.0,106.0,1970-02-01,56.0,New York,Center,Right,Pitt,3,1994.0,1.0,18.0,Milwaukee Bucks,m/mobleer01.html
3321,Evan Mobley,2021-22,2025-26,211.0,97.0,2001-06-18,25.0,California,Power Forward,Right,USC,5,2021.0,1.0,3.0,Cleveland Cavaliers,m/mobleev01.html
3322,Isaiah Mobley,2022-23,2024-25,203.0,107.0,1999-09-24,26.0,California,Power Forward,Right,USC,3,2022.0,2.0,19.0,Cleveland Cavaliers,m/mobleis01.html
3324,Larry Moffett,1977-78,1977-78,203.0,95.0,1954-11-05,71.0,Alabama,Small Forward,Right,UNLV,1,1977.0,2.0,12.0,Houston Rockets,m/moffela01.html
3325,Jonathan Mogbo,2024-25,2025-26,206.0,102.0,2001-10-29,24.0,Florida,Power Forward,Right,Missouri State,2,2024.0,2.0,1.0,Toronto Raptors,m/mogbojo01.html
3326,Leo Mogus,1949-50,1950-51,193.0,86.0,1921-04-13,105.0,Ohio,Forward/Center,Right,Youngstown State University,2,,,,,m/mogusle01.html
3327,Nazr Mohammed,1998-99,2015-16,208.0,100.0,1977-09-05,48.0,Illinois,Center,Right,Kentucky,18,1998.0,1.0,29.0,Utah Jazz,m/mohamna01.html
3328,Jérôme Moïso,2000-01,2004-05,208.0,106.0,1978-06-15,48.0,France,Center and Power Forward,Left,UCLA,5,2000.0,1.0,11.0,Boston Celtics,m/moisoje01.html
3329,Paul Mokeski,1979-80,1990-91,213.0,113.0,1957-01-03,69.0,Washington,Center,Right,Kansas,12,1979.0,2.0,20.0,Houston Rockets,m/mokespa01.html
3330,Adam Mokoka,2019-20,2020-21,193.0,86.0,1998-07-18,27.0,France,Shooting Guard and Small Forward,Right,,2,,,,,m/mokokad01.html
3331,Jack Molinas,1953-54,1953-54,198.0,90.0,1931-10-31,94.0,New York,Small Forward,Right,Columbia University,1,1953.0,1.0,4.0,Fort Wayne Pistons,m/molinja01.html
3332,Wayne Molis,1966-67,1966-67,203.0,104.0,1943-04-17,83.0,Illinois,Center,Right,Chicago State,1,1965.0,10.0,1.0,New York Knicks,m/moliswa01.html
3333,Sidney Moncrief,1979-80,1990-91,193.0,81.0,1957-09-21,68.0,Arkansas,Shooting Guard and Point Guard,Right,Arkansas,11,1979.0,1.0,5.0,Milwaukee Bucks,m/moncrsi01.html
3334,Chima Moneke,2022-23,2022-23,196.0,101.0,1995-12-24,30.0,Nigeria,Small Forward,Right,Northeast Community College,1,,,,,m/monekch01.html
3335,Eric Money,1974-75,1979-80,183.0,77.0,1955-02-06,71.0,Michigan,Point Guard and Shooting Guard,Right,Arizona,6,1974.0,2.0,15.0,Detroit Pistons,m/moneyer01.html
3336,Sergei Monia,2005-06,2005-06,203.0,99.0,1983-04-15,43.0,Russia,Small Forward,Right,,1,2004.0,1.0,23.0,Portland Trail Blazers,m/moniase01.html
3337,Malik Monk,2017-18,2025-26,190.0,90.0,1998-02-04,28.0,Arkansas,Shooting Guard,Right,Kentucky,9,2017.0,1.0,11.0,Charlotte Hornets,m/monkma01.html
3338,Earl Monroe,1967-68,1979-80,190.0,83.0,1944-11-21,81.0,Pennsylvania,Shooting Guard and Point Guard,Right,Winston-Salem State,13,1967.0,1.0,2.0,Baltimore Bullets,m/monroea01.html
3339,Greg Monroe,2010-11,2021-22,211.0,120.0,1990-06-04,36.0,Louisiana,Center and Power Forward,Left,Georgetown,10,2010.0,1.0,7.0,Detroit Pistons,m/monrogr01.html
3340,Rodney Monroe,1991-92,1991-92,190.0,83.0,1968-04-16,58.0,Maryland,Shooting Guard,Right,NC State,1,1991.0,2.0,3.0,Atlanta Hawks,m/monroro01.html
3341,Luis Montero,2015-16,2017-18,201.0,90.0,1993-04-06,33.0,Dominican Republic,Shooting Guard,Right,Westchester CC,2,,,,,m/montelu01.html
3342,Howie Montgomery,1962-63,1962-63,196.0,99.0,1940-08-22,85.0,United States,Small Forward,Right,University of Texas Rio Grande Valley,1,1962.0,7.0,7.0,San Francisco Warriors,m/montgho01.html
3343,Eric Montross,1994-95,2001-02,213.0,122.0,1971-09-23,54.0,Indiana,Center,Right,UNC,8,1994.0,1.0,9.0,Boston Celtics,m/montrer01.html
3344,Moses Moody,2021-22,2025-26,196.0,95.0,2002-05-31,24.0,Arkansas,Shooting Guard,Right,Arkansas,5,2021.0,1.0,14.0,Golden State Warriors,m/moodymo01.html
3345,Jamario Moon,2007-08,2011-12,203.0,92.0,1980-06-13,46.0,Alabama,Small Forward,Right,Meridian Community College,5,,,,,m/moonja01.html
3346,Xavier Moon,2021-22,2023-24,183.0,74.0,1995-01-02,31.0,Alabama,Shooting Guard,Right,Northwest Florida State College,3,,,,,m/moonxa01.html
3347,Jim Mooney,1952-53,1952-53,196.0,97.0,1930-07-08,96.0,Pennsylvania,Small Forward,Right,Villanova,1,,,,,m/mooneji01.html
3348,Matt Mooney,2019-20,2021-22,190.0,90.0,1996-02-07,30.0,Illinois,Shooting Guard,Right,Air Force,2,,,,,m/moonema01.html
3349,Andre Moore,1987-88,1987-88,206.0,97.0,1964-07-02,62.0,Illinois,Small Forward and Power Forward,Right,Loyola Chicago,1,1987.0,2.0,8.0,Denver Nuggets,m/moorean01.html
3350,Ben Moore,2017-18,2017-18,203.0,99.0,1995-05-13,31.0,Illinois,Power Forward,Right,SMU,1,,,,,m/moorebe01.html
3351,E'Twaun Moore,2011-12,2020-21,190.0,86.0,1989-02-25,37.0,Indiana,Shooting Guard and Point Guard,Right,Purdue,10,2011.0,2.0,25.0,Boston Celtics,m/mooreet01.html
3353,Jackie Moore,1954-55,1956-57,196.0,81.0,1932-09-24,93.0,Pennsylvania,Small Forward,Right,La Salle,3,,,,,m/mooreja01.html
3354,Johnny Moore,1980-81,1989-90,185.0,79.0,1958-03-03,68.0,Pennsylvania,Point Guard,Right,Texas,9,1979.0,2.0,21.0,Seattle SuperSonics,m/moorejo01.html
3356,Lowes Moore,1980-81,1982-83,185.0,77.0,1957-05-05,69.0,South Carolina,Point Guard,Right,West Virginia,3,1980.0,3.0,6.0,New Jersey Nets,m/moorelo01.html
3357,Mikki Moore,1998-99,2011-12,213.0,102.0,1975-11-04,50.0,South Carolina,Center and Power Forward,Right,Nebraska,13,,,,,m/mooremi01.html
3358,Otto Moore,1968-69,1976-77,211.0,92.0,1946-08-27,79.0,Florida,Center,Right,University of Texas Rio Grande Valley,9,1968.0,1.0,6.0,Detroit Pistons,m/mooreot01.html
3360,Ron Moore,1987-88,1987-88,213.0,117.0,1962-01-16,64.0,New York,Center,Right,Salem University,1,1987.0,2.0,2.0,New York Knicks,m/moorero01.html
3361,Taze Moore,2023-24,2024-25,196.0,88.0,1998-06-29,28.0,Tennessee,Shooting Guard,Left,Cal State-Bakersfield,2,,,,,m/mooreta02.html
3362,Tracy Moore,1991-92,1996-97,193.0,90.0,1965-12-28,60.0,Oklahoma,Shooting Guard and Small Forward,Right,Tulsa,5,,,,,m/mooretr01.html
3363,Wendell Moore Jr.,2022-23,2025-26,196.0,97.0,2001-09-18,24.0,Virginia,Shooting Guard,Right,Duke,4,2022.0,1.0,26.0,Dallas Mavericks,m/moorewe01.html
3364,Alex Morales,2025-26,2025-26,198.0,81.0,1997-11-21,28.0,New Jersey,Point Guard,Right,Prince George Community College,1,,,,,m/moralal01.html
3365,Ja Morant,2019-20,2025-26,188.0,78.0,1999-08-10,26.0,South Carolina,Point Guard,Right,Murray State,7,2019.0,1.0,2.0,Memphis Grizzlies,m/moranja01.html
3366,Eric Moreland,2014-15,2018-19,208.0,107.0,1991-12-24,34.0,Texas,Power Forward,Right,Oregon State,4,,,,,m/moreler01.html
3367,Jackie Moreland,1960-61,1964-65,201.0,97.0,1938-03-11,88.0,Louisiana,Power Forward and Small Forward,Left,Louisiana Tech,5,1960.0,1.0,4.0,Detroit Pistons,m/morelja01.html
3368,Guy Morgan,1982-83,1982-83,203.0,92.0,1960-08-23,65.0,Virginia,Shooting Guard,Right,Wake Forest,1,1982.0,2.0,17.0,Indiana Pacers,m/morgagu01.html
3369,Juwan Morgan,2019-20,2021-22,201.0,105.0,1997-04-17,29.0,Missouri,Power Forward,Right,Indiana,3,,,,,m/morgaju01.html
3370,Rex Morgan,1970-71,1971-72,196.0,86.0,1948-10-27,77.0,Illinois,Shooting Guard,Right,Jacksonville University,2,1970.0,2.0,4.0,Boston Celtics,m/morgare01.html
3372,Darren Morningstar,1993-94,1993-94,208.0,106.0,1969-04-22,57.0,Washington,Center,Right,United States Naval Academy,1,1992.0,2.0,20.0,Boston Celtics,m/mornida01.html
3373,Chris Morris,1988-89,1998-99,203.0,95.0,1966-01-20,60.0,Georgia,Small Forward and Shooting Guard,Right,Auburn,11,1988.0,1.0,4.0,New Jersey Nets,m/morrich01.html
3374,Darius Morris,2011-12,2014-15,193.0,88.0,1991-01-03,35.0,California,Point Guard,Right,Michigan,4,2011.0,2.0,11.0,Los Angeles Lakers,m/morrida01.html
3375,Isaiah Morris,1992-93,1992-93,203.0,103.0,1969-04-02,57.0,Virginia,Small Forward,Right,Arkansas,1,1992.0,2.0,10.0,Miami Heat,m/morriis01.html
3376,Jaylen Morris,2017-18,2021-22,196.0,83.0,1995-09-19,30.0,New York,Shooting Guard,Right,Molloy,3,,,,,m/morrija01.html
3377,Marcus Morris,2011-12,2023-24,203.0,98.0,1989-09-02,36.0,Pennsylvania,Power Forward and Small Forward,Right,Kansas,13,2011.0,1.0,14.0,Houston Rockets,m/morrima03.html
3378,Markieff Morris,2011-12,2024-25,206.0,111.0,1989-09-02,36.0,Pennsylvania,Power Forward,Right,Kansas,14,2011.0,1.0,13.0,Phoenix Suns,m/morrima02.html
3379,Max Morris,1949-50,1949-50,188.0,88.0,1925-03-14,101.0,Illinois,Forward/Center,Right,Northwestern,1,,,,,m/morrima01.html
3380,Monte Morris,2017-18,2025-26,188.0,83.0,1995-06-27,31.0,Michigan,Point Guard,Right,Iowa State,9,2017.0,2.0,21.0,Denver Nuggets,m/morrimo01.html
3381,Randolph Morris,2006-07,2009-10,208.0,120.0,1986-01-02,40.0,Texas,Center and Power Forward,Right,Kentucky,4,,,,,m/morrira01.html
3382,Terence Morris,2001-02,2005-06,206.0,100.0,1979-01-11,47.0,Maryland,Small Forward,Right,Maryland,3,2001.0,2.0,5.0,Atlanta Hawks,m/morrite01.html
3383,Adam Morrison,2006-07,2009-10,203.0,92.0,1984-07-19,41.0,Montana,Small Forward and Power Forward,Right,Gonzaga,3,2006.0,1.0,3.0,Charlotte Bobcats,m/morriad01.html
3385,Mike Morrison,1989-90,1989-90,193.0,88.0,1967-08-16,58.0,District of Columbia,Shooting Guard,Right,Loyola (MD),1,1989.0,2.0,24.0,Phoenix Suns,m/morrimi01.html
3386,Red Morrison,1954-55,1957-58,203.0,99.0,1932-04-26,94.0,California,Center,Right,Idaho,3,1954.0,2.0,5.0,Boston Celtics,m/morrire01.html
3387,Anthony Morrow,2008-09,2016-17,196.0,95.0,1985-09-27,40.0,North Carolina,Shooting Guard,Right,Georgia Tech,9,,,,,m/morroan01.html
3388,Dwayne Morton,1994-95,1994-95,201.0,88.0,1971-08-08,54.0,Kentucky,Point Guard,Right,Louisville,1,1994.0,2.0,18.0,Golden State Warriors,m/mortodw01.html
3389,John Morton,1989-90,1991-92,190.0,81.0,1967-05-18,59.0,New York,Small Forward and Shooting Guard,Right,Seton Hall,3,1989.0,1.0,25.0,Cleveland Cavaliers,m/mortojo01.html
3390,Richard Morton,1988-89,1988-89,190.0,86.0,1966-02-02,60.0,California,Point Guard,Right,Cal State Fullerton,1,,,,,m/mortori01.html
3391,Glenn Mosley,1977-78,1978-79,203.0,88.0,1955-12-26,70.0,New Jersey,Power Forward,Right,Seton Hall,2,1977.0,1.0,20.0,Philadelphia 76ers,m/moslegl01.html
3392,Perry Moss,1985-86,1986-87,188.0,83.0,1958-11-11,67.0,Arizona,Point Guard,Right,Northeastern University,2,1982.0,3.0,23.0,Boston Celtics,m/mosspe01.html
3393,Lawrence Moten,1995-96,1997-98,196.0,83.0,1972-03-25,54.0,District of Columbia,Shooting Guard,Right,Syracuse,3,1995.0,2.0,7.0,Vancouver Grizzlies,m/motenla01.html
3394,Donatas Motiejūnas,2012-13,2018-19,213.0,115.0,1990-09-20,35.0,Lithuania,Power Forward,Left,,6,2011.0,1.0,20.0,Minnesota Timberwolves,m/motiedo01.html
3395,Johnathan Motley,2017-18,2019-20,203.0,104.0,1995-05-04,31.0,Texas,Power Forward,Right,Baylor,3,,,,,m/motlejo01.html
3396,Hanno Möttölä,2000-01,2001-02,211.0,112.0,1976-09-09,49.0,Finland,Center and Small Forward,Right,Utah,2,2000.0,2.0,11.0,Atlanta Hawks,m/mottoha01.html
3397,Arnett Moultrie,2012-13,2013-14,211.0,112.0,1990-11-18,35.0,New York,Power Forward,Right,Texas-El Paso,2,2012.0,1.0,27.0,Miami Heat,m/moultar01.html
3399,Alonzo Mourning,1992-93,2007-08,208.0,108.0,1970-02-08,56.0,Virginia,Center and Power Forward,Right,Georgetown,15,1992.0,1.0,2.0,Charlotte Hornets,m/mournal01.html
3400,Timofey Mozgov,2010-11,2017-18,216.0,124.0,1986-07-16,40.0,Russia,Center,Right,,8,,,,,m/mozgoti01.html
3401,Chuck Mrazovich,1950-51,1950-51,196.0,83.0,1924-02-26,102.0,Pennsylvania,Forward,Right,Eastern Kentucky University,1,1950.0,3.0,9.0,Indianapolis Olympians,m/mrazoch01.html
3402,Emmanuel Mudiay,2015-16,2021-22,190.0,90.0,1996-03-05,30.0,Democratic Republic of the Congo,Point Guard,Right,,6,2015.0,1.0,7.0,Denver Nuggets,m/mudiaem01.html
3403,Erwin Mueller,1966-67,1972-73,203.0,104.0,1944-03-12,82.0,California,Power Forward and Center,Right,San Francisco,7,1966.0,2.0,10.0,Chicago Bulls,m/mueller01.html
3404,Shabazz Muhammad,2013-14,2017-18,196.0,102.0,1992-11-13,33.0,California,Small Forward and Shooting Guard,Left,UCLA,5,2013.0,1.0,14.0,Utah Jazz,m/muhamsh01.html
3405,Mychal Mulder,2019-20,2021-22,190.0,88.0,1994-06-12,32.0,Ontario,Point Guard and Small Forward,Right,Vincennes University,3,,,,,m/muldemy01.html
3406,Joe Mullaney,1949-50,1949-50,183.0,74.0,1924-11-17,101.0,New York,Guard,Right,Holy Cross,1,1949.0,3.0,,Boston Celtics,m/mullajo01.html
3408,Byron Mullens,2009-10,2013-14,213.0,124.0,1989-02-14,37.0,Ohio,Center and Power Forward,Right,Ohio State,5,2009.0,1.0,24.0,Dallas Mavericks,m/mulleby01.html
3409,Chris Mullin,1985-86,2000-01,201.0,97.0,1963-07-30,62.0,New York,Small Forward and Shooting Guard,Left,St. John's,16,1985.0,1.0,7.0,Golden State Warriors,m/mullich01.html
3410,Jeff Mullins,1964-65,1975-76,193.0,86.0,1942-03-18,84.0,New York,Shooting Guard,Right,Duke,12,1964.0,1.0,6.0,St. Louis Hawks,m/mullije01.html
3411,Todd Mundt,1995-96,1995-96,213.0,113.0,1970-05-17,56.0,Iowa,Center,Right,Memphis,1,,,,,m/mundtto01.html
3412,Xavier Munford,2015-16,2017-18,193.0,78.0,1992-06-01,34.0,New Jersey,Shooting Guard,Right,Rhode Island,2,,,,,m/munfoxa02.html
3413,Chris Munk,1990-91,1990-91,206.0,102.0,1967-08-05,58.0,California,Power Forward,Right,USC,1,,,,,m/munkch01.html
3415,Eric Murdock,1991-92,1999-00,185.0,86.0,1968-06-14,58.0,New Jersey,Point Guard,Right,Providence,9,1991.0,1.0,21.0,Utah Jazz,m/murdoer01.html
3416,Gheorghe Mureșan,1993-94,1999-00,231.0,137.0,1971-02-14,55.0,Romania,Center,Right,,6,1993.0,2.0,3.0,Washington Bullets,m/muresgh01.html
3417,Ade Murkey,2021-22,2021-22,196.0,90.0,1998-01-29,28.0,Minnesota,Shooting Guard,Right,Denver,1,,,,,m/murkead01.html
3418,Allen Murphy,1976-77,1976-77,196.0,86.0,1952-07-15,74.0,Alabama,Shooting Guard,Right,Louisville,1,1975.0,2.0,17.0,Phoenix Suns,m/murphal01.html
3419,Calvin Murphy,1970-71,1982-83,175.0,74.0,1948-05-09,78.0,Connecticut,Point Guard and Shooting Guard,Right,Niagara University,13,1970.0,2.0,1.0,San Diego Rockets,m/murphca01.html
3421,Erik Murphy,2013-14,2013-14,208.0,104.0,1990-10-26,35.0,France,Center,Right,Florida,1,2013.0,2.0,19.0,Chicago Bulls,m/murpher01.html
3422,Jay Murphy,1984-85,1987-88,206.0,99.0,1962-06-26,64.0,Connecticut,Power Forward and Small Forward,Right,Boston College,4,1984.0,2.0,7.0,Golden State Warriors,m/murphja01.html
3424,Kevin Murphy,2012-13,2012-13,196.0,83.0,1990-03-06,36.0,Georgia,Shooting Guard,Right,Tennessee Technological University,1,2012.0,2.0,17.0,Utah Jazz,m/murphke01.html
3425,Ronnie Murphy,1987-88,1987-88,196.0,102.0,1964-07-29,61.0,Delaware,Small Forward,Right,Jacksonville University,1,1987.0,1.0,17.0,Portland Trail Blazers,m/murphro01.html
3426,Tod Murphy,1987-88,1993-94,206.0,99.0,1963-12-24,62.0,California,Power Forward and Center,Right,"University of California, Irvine",5,1986.0,3.0,6.0,Seattle SuperSonics,m/murphto01.html
3427,Trey Murphy III,2021-22,2025-26,203.0,93.0,2000-06-18,26.0,North Carolina,Small Forward,Right,Rice University,5,2021.0,1.0,17.0,Memphis Grizzlies,m/murphtr02.html
3428,Troy Murphy,2001-02,2012-13,211.0,111.0,1980-05-02,46.0,New Jersey,Power Forward,Left,Notre Dame,12,2001.0,1.0,14.0,Golden State Warriors,m/murphtr01.html
3429,Dejounte Murray,2016-17,2025-26,193.0,81.0,1996-09-19,29.0,Washington,Point Guard and Shooting Guard,Right,Washington,9,2016.0,1.0,29.0,San Antonio Spurs,m/murrade01.html
3430,Jamal Murray,2016-17,2025-26,193.0,97.0,1997-02-23,29.0,Ontario,Point Guard and Shooting Guard,Right,Kentucky,9,2016.0,1.0,7.0,Denver Nuggets,m/murraja01.html
3431,Keegan Murray,2022-23,2025-26,203.0,102.0,2000-08-19,25.0,Iowa,Power Forward and Small Forward,Right,Iowa,4,2022.0,1.0,4.0,Sacramento Kings,m/murrake02.html
3432,Ken Murray,1950-51,1954-55,188.0,86.0,1928-04-20,98.0,New Jersey,Shooting Guard,Right,St. Bonaventure,3,1950.0,4.0,6.0,Chicago Stags,m/murrake01.html
3433,Kris Murray,2023-24,2025-26,203.0,98.0,2000-08-19,25.0,Iowa,Small Forward,Left,Iowa,3,2023.0,1.0,23.0,Portland Trail Blazers,m/murrakr01.html
3434,Lamond Murray,1994-95,2005-06,201.0,107.0,1973-04-20,53.0,California,Small Forward,Right,California,11,1994.0,1.0,7.0,Los Angeles Clippers,m/murrala01.html
3435,Ronald Murray,2002-03,2009-10,193.0,86.0,1979-07-29,46.0,Pennsylvania,Shooting Guard and Point Guard,Right,Meridian Community College,8,2002.0,2.0,13.0,Milwaukee Bucks,m/murraro01.html
3436,Tracy Murray,1992-93,2003-04,201.0,102.0,1971-07-25,54.0,California,Small Forward,Right,UCLA,12,1992.0,1.0,18.0,San Antonio Spurs,m/murratr01.html
3437,Collin Murray-Boyles,2025-26,2025-26,201.0,111.0,2005-06-10,21.0,South Carolina,Power Forward,Left,South Carolina,1,2025.0,1.0,9.0,Toronto Raptors,m/murraco01.html
3439,Dorie Murrey,1966-67,1971-72,203.0,97.0,1943-09-07,82.0,United States,Power Forward and Center,Right,Detroit Mercy,6,1966.0,2.0,2.0,Detroit Pistons,m/murredo01.html
3440,Toure' Murry,2013-14,2014-15,196.0,88.0,1989-11-08,36.0,Texas,Point Guard and Shooting Guard,Right,Wichita State,2,,,,,m/murryto01.html
3441,Džanan Musa,2018-19,2019-20,206.0,98.0,1999-05-08,27.0,Bosnia and Herzegovina,Small Forward and Shooting Guard,Right,,2,2018.0,1.0,29.0,Brooklyn Nets,m/musadz01.html
3442,Mike Muscala,2013-14,2023-24,208.0,108.0,1991-07-01,35.0,Minnesota,Center and Power Forward,Right,Bucknell,11,2013.0,2.0,14.0,Dallas Mavericks,m/muscami01.html
3444,Jerrod Mustaf,1990-91,1993-94,208.0,107.0,1969-10-28,56.0,North Carolina,Power Forward,Right,Maryland,4,1990.0,1.0,17.0,New York Knicks,m/mustaje01.html
3445,Dikembe Mutombo,1991-92,2008-09,218.0,111.0,1966-06-25,60.0,Democratic Republic of the Congo,Center,Right,Georgetown,18,1991.0,1.0,4.0,Denver Nuggets,m/mutomdi01.html
3446,Martin Müürsepp,1996-97,1997-98,206.0,106.0,1974-09-26,51.0,Estonia,Power Forward,Right,,2,1996.0,1.0,25.0,Utah Jazz,m/muursma01.html
3447,Pete Myers,1986-87,1997-98,198.0,81.0,1963-09-15,62.0,Alabama,Shooting Guard,Right,Little Rock,9,1986.0,6.0,4.0,Chicago Bulls,m/myerspe01.html
3448,Svi Mykhailiuk,2018-19,2025-26,201.0,92.0,1997-06-10,29.0,Ukraine,Small Forward,Right,Kansas,8,2018.0,2.0,17.0,Los Angeles Lakers,m/mykhasv01.html
3449,Hamady N'Diaye,2010-11,2013-14,213.0,106.0,1987-01-12,39.0,Senegal,Center,Right,Rutgers University,3,2010.0,2.0,26.0,Minnesota Timberwolves,n/ndiayha01.html
3450,Makhtar N'Diaye,1998-99,1998-99,203.0,111.0,1973-12-12,52.0,Senegal,Power Forward,Right,Michigan,1,,,,,n/ndiayma01.html
3451,Mamadou N'Diaye,2000-01,2004-05,213.0,115.0,1975-06-16,51.0,Senegal,Center,Right,Auburn,5,2000.0,1.0,26.0,Denver Nuggets,n/ndiayma02.html
3452,Boniface N'Dong,2005-06,2005-06,213.0,89.0,1977-03-09,49.0,Senegal,Center,Right,,1,,,,,n/ndongbo01.html
3453,Bob Naber,1952-53,1952-53,190.0,83.0,1929-09-03,96.0,Kentucky,Forward,Right,Louisville,1,,,,,n/naberbo01.html
3454,Boris Nachamkin,1954-55,1954-55,198.0,95.0,1933-12-06,92.0,New York,Forward,Right,NYU,1,1954.0,2.0,7.0,Rochester Royals,n/nachabo01.html
3455,Boštjan Nachbar,2002-03,2007-08,206.0,100.0,1980-07-03,46.0,Slovenia,Small Forward and Power Forward,Right,,6,2002.0,1.0,15.0,Houston Rockets,n/nachbbo01.html
3456,Abdel Nader,2017-18,2021-22,196.0,102.0,1993-09-25,32.0,Egypt,Small Forward,Right,Northern Illinois,5,2016.0,2.0,28.0,Boston Celtics,n/naderab01.html
3457,Jerry Nagel,1949-50,1949-50,183.0,86.0,1928-05-18,98.0,Illinois,Guard,Right,Loyola Chicago,1,1949.0,4.0,,Fort Wayne Pistons,n/nagelje01.html
3459,Lee Nailon,2000-01,2005-06,206.0,107.0,1975-02-22,51.0,Indiana,Small Forward and Power Forward,Left,Butler County Community College,6,1999.0,2.0,14.0,Charlotte Hornets,n/nailole01.html
3460,Eduardo Nájera,2000-01,2011-12,203.0,108.0,1976-07-11,50.0,Mexico,Power Forward and Small Forward,Right,Oklahoma,12,2000.0,2.0,9.0,Houston Rockets,n/najered01.html
3461,Larry Nance,1981-82,1993-94,208.0,92.0,1959-02-12,67.0,South Carolina,Power Forward,Right,Clemson,13,1981.0,1.0,20.0,Phoenix Suns,n/nancela01.html
3462,Larry Nance Jr.,2015-16,2025-26,198.0,111.0,1993-01-01,33.0,Ohio,Power Forward and Center,Right,Wyoming,11,2015.0,1.0,27.0,Los Angeles Lakers,n/nancela02.html
3463,Pete Nance,2023-24,2025-26,206.0,102.0,2000-02-19,26.0,Ohio,Power Forward and Center,Right,Northwestern,3,,,,,n/nancepe01.html
3464,Shabazz Napier,2014-15,2019-20,183.0,79.0,1991-07-14,35.0,Massachusetts,Point Guard,Right,UConn,6,2014.0,1.0,24.0,Charlotte Hornets,n/napiesh01.html
3466,Bob Nash,1972-73,1978-79,203.0,88.0,1950-08-24,75.0,Connecticut,Small Forward,Right,San Jacinto College,4,1972.0,1.0,9.0,Detroit Pistons,n/nashbo01.html
3467,Cotton Nash,1964-65,1964-65,196.0,97.0,1942-07-24,83.0,New Jersey,Small Forward,Right,Kentucky,1,1964.0,2.0,5.0,Los Angeles Lakers,n/nashco01.html
3468,Steve Nash,1996-97,2013-14,190.0,88.0,1974-02-07,52.0,South Africa,Point Guard,Right,Santa Clara,18,1996.0,1.0,15.0,Phoenix Suns,n/nashst01.html
3469,Swen Nater,1976-77,1983-84,211.0,108.0,1950-01-14,76.0,Netherlands,Center,Right,Cypress College,8,1973.0,1.0,16.0,Milwaukee Bucks,n/natersw01.html
3470,Howard Nathan,1995-96,1995-96,180.0,79.0,1972-01-21,54.0,Illinois,Point Guard,Right,DePaul,1,,,,,n/nathaho01.html
3471,Calvin Natt,1979-80,1989-90,198.0,99.0,1957-01-08,69.0,Louisiana,Small Forward and Power Forward,Right,Louisiana-Monroe,11,1979.0,1.0,8.0,New Jersey Nets,n/nattca01.html
3472,Kenny Natt,1980-81,1984-85,190.0,83.0,1958-10-05,67.0,Louisiana,Shooting Guard,Right,Louisiana-Monroe,3,1980.0,2.0,7.0,Indiana Pacers,n/nattke01.html
3473,Willie Naulls,1956-57,1965-66,198.0,102.0,1934-10-07,91.0,Texas,Small Forward and Power Forward,Right,UCLA,10,1956.0,2.0,2.0,St. Louis Hawks,n/naullwi01.html
3474,Juan Carlos Navarro,2007-08,2007-08,190.0,77.0,1980-06-13,46.0,Spain,Shooting Guard,Right,,1,2002.0,2.0,11.0,Washington Wizards,n/navarju01.html
3475,Maurice Ndour,2016-17,2016-17,206.0,90.0,1992-06-18,34.0,Senegal,Power Forward,Right,Ohio University,1,,,,,n/ndourma01.html
3476,Craig Neal,1988-89,1990-91,196.0,74.0,1964-02-16,62.0,Indiana,Point Guard,Right,Georgia Tech,2,1988.0,3.0,21.0,Portland Trail Blazers,n/nealcr01.html
3477,Gary Neal,2010-11,2016-17,193.0,95.0,1984-10-03,41.0,Maryland,Shooting Guard,Right,La Salle,7,,,,,n/nealga01.html
3478,Jim Neal,1953-54,1954-55,211.0,106.0,1930-05-21,96.0,South Carolina,Center,Right,Wofford College,2,1953.0,1.0,7.0,Syracuse Nationals,n/nealji01.html
3479,Lloyd Neal,1972-73,1978-79,201.0,102.0,1950-12-10,75.0,Georgia,Power Forward and Center,Right,Tennessee State,7,1972.0,3.0,1.0,Portland Trail Blazers,n/nealll01.html
3480,Ed Nealy,1982-83,1992-93,201.0,107.0,1960-02-19,66.0,Kansas,Power Forward,Right,Kansas State,10,1982.0,8.0,5.0,Kansas City Kings,n/nealyed01.html
3481,Nemanja Nedović,2013-14,2013-14,190.0,87.0,1991-06-16,35.0,Serbia,Shooting Guard,Right,,1,2013.0,1.0,30.0,Phoenix Suns,n/nedovne01.html
3483,Barry Nelson,1971-72,1971-72,208.0,104.0,1949-09-19,76.0,United States,Center,Right,Duquesne,1,1971.0,5.0,17.0,Milwaukee Bucks,n/nelsoba01.html
3484,DeMarcus Nelson,2008-09,2008-09,193.0,90.0,1985-11-02,40.0,California,Point Guard,Right,Duke,1,,,,,n/nelsode01.html
3485,Don Nelson,1962-63,1975-76,198.0,95.0,1940-05-15,86.0,Michigan,Small Forward and Power Forward,Right,Iowa,14,1962.0,3.0,1.0,Chicago Zephyrs,n/nelsodo01.html
3486,Grant Nelson,2025-26,2025-26,213.0,97.0,2002-03-18,24.0,North Dakota,Power Forward,Right,North Dakota State University,1,,,,,n/nelsogr02.html
3487,Jameer Nelson,2004-05,2017-18,183.0,86.0,1982-02-09,44.0,Pennsylvania,Point Guard,Right,Saint Joseph's,14,2004.0,1.0,20.0,Denver Nuggets,n/nelsoja01.html
3488,Louie Nelson,1973-74,1977-78,190.0,86.0,1951-05-28,75.0,California,Shooting Guard and Point Guard,Right,Washington,5,1973.0,2.0,1.0,Capital Bullets,n/nelsolo01.html
3490,Andrew Nembhard,2022-23,2025-26,193.0,86.0,2000-01-16,26.0,Ontario,Point Guard and Shooting Guard,Right,Florida,4,2022.0,2.0,1.0,Indiana Pacers,n/nembhan01.html
3491,RJ Nembhard Jr.,2021-22,2021-22,196.0,90.0,1999-03-22,27.0,Texas,Shooting Guard,Right,TCU,1,,,,,n/nembhrj01.html
3492,Ruben Nembhard,1996-97,1996-97,190.0,94.0,1972-02-20,54.0,New York,Shooting Guard and Point Guard,Right,Weber State,1,,,,,n/nembhru01.html
3493,Ryan Nembhard,2025-26,2025-26,180.0,81.0,2003-03-10,23.0,Ontario,Point Guard,Right,Creighton,1,,,,,n/nembhry01.html
3495,Tyrone Nesby,1998-99,2001-02,198.0,102.0,1976-01-31,50.0,Illinois,Small Forward and Shooting Guard,Right,Vincennes University,4,,,,,n/nesbyty01.html
3496,Aaron Nesmith,2020-21,2025-26,196.0,97.0,1999-10-16,26.0,South Carolina,Small Forward,Right,Vanderbilt,6,2020.0,1.0,14.0,Boston Celtics,n/nesmiaa01.html
3497,Martin Nessley,1987-88,1987-88,218.0,117.0,1965-02-16,61.0,Ohio,Center,Right,Duke,1,1987.0,6.0,2.0,Los Angeles Clippers,n/nesslma01.html
3498,Rasho Nesterović,1998-99,2009-10,213.0,112.0,1976-05-30,50.0,Slovenia,Center,Right,,12,1998.0,1.0,17.0,Minnesota Timberwolves,n/nestera01.html
3499,Raul Neto,2015-16,2022-23,188.0,81.0,1992-05-19,34.0,Brazil,Point Guard,Right,,8,2013.0,2.0,17.0,Atlanta Hawks,n/netora01.html
3501,Johnny Neumann,1976-77,1977-78,198.0,90.0,1951-09-11,74.0,Tennessee,Shooting Guard and Small Forward,Right,Ole Miss,2,1973.0,6.0,12.0,Chicago Bulls,n/neumajo01.html
3502,Paul Neumann,1961-62,1966-67,185.0,79.0,1938-01-30,88.0,United States,Point Guard,Right,Stanford,6,1959.0,4.0,5.0,Syracuse Nationals,n/neumapa01.html
3503,Chuck Nevitt,1982-83,1993-94,226.0,98.0,1959-06-13,67.0,Colorado,Center,Right,NC State,9,1982.0,3.0,17.0,Houston Rockets,n/nevitch01.html
3504,Melvin Newbern,1992-93,1992-93,193.0,90.0,1967-06-11,59.0,Ohio,Shooting Guard,Right,Minnesota,1,,,,,n/newbeme01.html
3505,Ivano Newbill,1994-95,1997-98,206.0,111.0,1970-12-12,55.0,Missouri,Power Forward and Small Forward,Right,Georgia Tech,3,,,,,n/newbiiv01.html
3506,Ira Newble,2000-01,2007-08,201.0,99.0,1975-01-20,51.0,Michigan,Small Forward and Shooting Guard,Right,Miami University,8,,,,,n/newblir01.html
3507,Asa Newell,2025-26,2025-26,208.0,99.0,2005-10-05,20.0,Georgia,Power Forward,Left,Georgia,1,2025.0,1.0,23.0,Indiana Pacers,n/newelas01.html
3508,Mike Newlin,1971-72,1981-82,193.0,90.0,1949-01-02,77.0,Oregon,Shooting Guard,Right,Utah,11,1971.0,2.0,7.0,Houston Rockets,n/newlimi01.html
3509,Johnny Newman,1986-87,2001-02,201.0,86.0,1963-11-28,62.0,Virginia,Small Forward and Shooting Guard,Right,Richmond,16,1986.0,2.0,5.0,Cleveland Cavaliers,n/newmajo01.html
3510,Malik Newman,2019-20,2021-22,190.0,86.0,1997-02-21,29.0,Louisiana,Point Guard and Shooting Guard,Right,Mississippi State,2,,,,,n/newmama01.html
3511,Dave Newmark,1968-69,1969-70,213.0,108.0,1946-09-11,79.0,New York,Center,Right,Columbia University,2,1968.0,3.0,9.0,Chicago Bulls,n/newmada01.html
3513,Tristen Newton,2024-25,2025-26,196.0,86.0,2001-04-26,25.0,Florida,Shooting Guard,Right,East Carolina University,2,2024.0,2.0,19.0,Indiana Pacers,n/newtotr01.html
3514,Georges Niang,2016-17,2024-25,198.0,104.0,1993-06-17,33.0,Massachusetts,Power Forward,Right,Iowa State,9,2016.0,2.0,20.0,Indiana Pacers,n/niangge01.html
3515,Demetris Nichols,2007-08,2008-09,203.0,97.0,1984-09-04,41.0,Massachusetts,Small Forward,Right,Syracuse,2,2007.0,2.0,23.0,Portland Trail Blazers,n/nichode01.html
3516,Jack Nichols,1949-50,1957-58,201.0,100.0,1926-04-09,100.0,Washington,Power Forward,Left,Washington,8,1948.0,1.0,12.0,Washington Capitols,n/nichoja01.html
3517,Andrew Nicholson,2012-13,2016-17,206.0,113.0,1989-12-08,36.0,Ontario,Power Forward,Right,St. Bonaventure,5,2012.0,1.0,19.0,Orlando Magic,n/nichoan01.html
3518,Gaylon Nickerson,1996-97,1996-97,190.0,86.0,1969-02-05,57.0,Arkansas,Shooting Guard,Right,Wichita State,1,1994.0,2.0,7.0,Atlanta Hawks,n/nickega01.html
3519,Carl Nicks,1980-81,1982-83,185.0,79.0,1958-10-06,67.0,Illinois,Shooting Guard and Point Guard,Left,Indiana State University,3,1980.0,1.0,23.0,Denver Nuggets,n/nicksca01.html
3520,Rich Niemann,1968-69,1969-70,213.0,111.0,1946-07-02,80.0,Missouri,Center,Right,Saint Louis,2,1968.0,4.0,6.0,Detroit Pistons,n/niemari01.html
3521,Richie Niemiera,1949-50,1949-50,185.0,74.0,1921-05-26,105.0,Illinois,Guard/Forward,Right,Notre Dame,1,,,,,n/niemiri01.html
3522,Mike Niles,1980-81,1980-81,198.0,102.0,1955-03-31,71.0,California,Small Forward,Right,Cal State Fullerton,1,1979.0,4.0,17.0,Philadelphia 76ers,n/nilesmi01.html
3523,Kurt Nimphius,1981-82,1989-90,208.0,98.0,1958-03-13,68.0,Wisconsin,Center and Power Forward,Right,Arizona State,8,1980.0,3.0,1.0,Denver Nuggets,n/nimphku01.html
3524,Daishen Nix,2021-22,2024-25,190.0,102.0,2002-02-13,24.0,Alaska,Point Guard and Shooting Guard,Right,,4,,,,,n/nixda01.html
3525,Dyron Nix,1989-90,1989-90,201.0,95.0,1967-02-11,59.0,Mississippi,Small Forward,Right,Tennessee,1,1989.0,2.0,2.0,Charlotte Hornets,n/nixdy01.html
3526,Norm Nixon,1977-78,1988-89,188.0,77.0,1955-10-11,70.0,Georgia,Point Guard,Right,Duquesne,10,1977.0,1.0,22.0,Los Angeles Lakers,n/nixonno01.html
3527,Zeke Nnaji,2020-21,2025-26,208.0,108.0,2001-01-09,25.0,Minnesota,Power Forward,Right,Arizona,6,2020.0,1.0,22.0,Denver Nuggets,n/nnajize01.html
3528,Joakim Noah,2007-08,2019-20,211.0,104.0,1985-02-25,41.0,New York,Center,Right,Florida,13,2007.0,1.0,9.0,Chicago Bulls,n/noahjo01.html
3529,Chuck Noble,1955-56,1961-62,193.0,86.0,1931-07-24,94.0,Ohio,Shooting Guard,Right,Louisville,7,1954.0,4.0,3.0,Philadelphia Warriors,n/noblech01.html
3530,Andrés Nocioni,2004-05,2011-12,201.0,102.0,1979-11-30,46.0,Argentina,Small Forward and Power Forward,Right,,8,,,,,n/nocioan01.html
3531,David Noel,2006-07,2006-07,198.0,104.0,1984-02-27,42.0,North Carolina,Power Forward,Right,UNC,1,2006.0,2.0,9.0,Milwaukee Bucks,n/noelda01.html
3532,Nerlens Noel,2014-15,2022-23,208.0,99.0,1994-04-10,32.0,Massachusetts,Center and Power Forward,Right,Kentucky,9,2013.0,1.0,6.0,New Orleans Hornets,n/noelne01.html
3533,Paul Noel,1949-50,1951-52,193.0,83.0,1924-08-17,101.0,Kentucky,Forward,Right,Kentucky,3,,,,,n/noelpa01.html
3534,Lucas Nogueira,2014-15,2017-18,213.0,109.0,1992-07-26,33.0,Brazil,Center,Right,,4,2013.0,1.0,16.0,Boston Celtics,n/noguelu01.html
3535,Jim Nolan,1949-50,1949-50,203.0,95.0,1927-06-09,99.0,Georgia,Center,Right,Georgia Tech,1,1949.0,2.0,6.0,Philadelphia Warriors,n/nolanji01.html
3536,Paul Nolen,1953-54,1953-54,208.0,,1929-09-03,96.0,Texas,Center,Right,Texas Tech,1,1953.0,4.0,,Baltimore Bullets,n/nolenpa01.html
3537,Jeff Nordgaard,1997-98,1997-98,201.0,102.0,1973-02-23,53.0,Minnesota,Power Forward,Right,Green Bay,1,1996.0,2.0,24.0,Milwaukee Bucks,n/nordgje01.html
3538,Bevo Nordmann,1961-62,1964-65,208.0,102.0,1939-12-11,86.0,Missouri,Center,Right,Saint Louis,4,1961.0,3.0,2.0,Cincinnati Royals,n/nordmbe01.html
3539,Johnny Norlander,1949-50,1950-51,190.0,81.0,1921-03-05,105.0,Minnesota,Forward,Right,Hamline University,2,,,,,n/norlajo01.html
3540,Connie Norman,1974-75,1978-79,190.0,79.0,1953-09-24,72.0,Michigan,Shooting Guard,Right,Arizona,3,1974.0,3.0,1.0,Philadelphia 76ers,n/normaco01.html
3541,Ken Norman,1987-88,1996-97,203.0,97.0,1964-09-05,61.0,Illinois,Small Forward,Right,Illinois,10,1987.0,1.0,19.0,Los Angeles Clippers,n/normake01.html
3542,Audie Norris,1982-83,1984-85,206.0,104.0,1960-12-18,65.0,Mississippi,Center,Right,Jackson State University,3,1982.0,2.0,14.0,Portland Trail Blazers,n/norriau01.html
3543,Miles Norris,2024-25,2024-25,201.0,99.0,2000-04-15,26.0,California,Power Forward,Right,Oregon,1,,,,,n/norrimi01.html
3544,Moochie Norris,1996-97,2005-06,185.0,79.0,1973-07-27,52.0,District of Columbia,Point Guard,Left,Auburn,9,1996.0,2.0,4.0,Milwaukee Bucks,n/norrimo01.html
3545,Sylvester Norris,1979-80,1979-80,211.0,99.0,1957-02-18,69.0,Mississippi,Center,Right,Jackson State University,1,1979.0,3.0,19.0,San Antonio Spurs,n/norrisy01.html
3546,Zach Norvell,2019-20,2019-20,196.0,93.0,1997-12-09,28.0,Illinois,Shooting Guard,Left,Gonzaga,1,,,,,n/norveza01.html
3547,Willie Norwood,1971-72,1977-78,201.0,99.0,1947-08-08,78.0,Mississippi,Small Forward,Right,Alcorn State,7,1969.0,2.0,4.0,Detroit Pistons,n/norwowi01.html
3548,George Nostrand,1949-50,1949-50,203.0,88.0,1924-01-25,102.0,New York,Center/Forward,Right,Wyoming,1,,,,,n/nostrge01.html
3550,Mike Novak,1949-50,1953-54,206.0,99.0,1915-04-23,111.0,Illinois,Power Forward,Right,Loyola Chicago,2,,,,,n/novakmi01.html
3551,Steve Novak,2006-07,2016-17,208.0,102.0,1983-06-13,43.0,Illinois,Power Forward and Small Forward,Right,Marquette,11,2006.0,2.0,2.0,Houston Rockets,n/novakst01.html
3552,Jaylen Nowell,2019-20,2024-25,193.0,91.0,1999-07-09,27.0,Washington,Shooting Guard,Right,Washington,6,2019.0,2.0,13.0,Minnesota Timberwolves,n/nowelja01.html
3553,Markquis Nowell,2023-24,2023-24,170.0,72.0,1999-12-25,26.0,New York,Shooting Guard,Right,Little Rock,1,,,,,n/nowelma01.html
3554,Mel Nowell,1962-63,1962-63,188.0,77.0,1939-12-27,86.0,Ohio,Point Guard and Shooting Guard,Right,Ohio State,1,1962.0,12.0,1.0,Chicago Zephyrs,n/nowelme01.html
3555,Dirk Nowitzki,1998-99,2018-19,213.0,111.0,1978-06-19,48.0,Germany,Power Forward and Center,Right,,21,1998.0,1.0,9.0,Milwaukee Bucks,n/nowitdi01.html
3556,Frank Ntilikina,2017-18,2023-24,193.0,90.0,1998-07-28,27.0,Belgium,Point Guard and Shooting Guard,Right,,7,2017.0,1.0,8.0,New York Knicks,n/ntilila01.html
3557,Kendrick Nunn,2019-20,2022-23,190.0,86.0,1995-08-03,30.0,Illinois,Shooting Guard and Point Guard,Left,Illinois,3,,,,,n/nunnke01.html
3558,James Nunnally,2013-14,2020-21,201.0,92.0,1990-07-14,36.0,California,Small Forward,Right,UC Santa Barbara,3,,,,,n/nunnaja01.html
3559,Jusuf Nurkić,2014-15,2025-26,211.0,131.0,1994-08-23,31.0,Bosnia and Herzegovina,Center,Right,,12,2014.0,1.0,16.0,Chicago Bulls,n/nurkiju01.html
3560,Dennis Nutt,1986-87,1986-87,188.0,77.0,1963-03-25,63.0,Arkansas,Point Guard,Right,TCU,1,,,,,n/nuttde01.html
3561,David Nwaba,2016-17,2021-22,196.0,99.0,1993-01-14,33.0,California,Small Forward and Shooting Guard,Right,Cal Poly,6,,,,,n/nwabada01.html
3562,Jordan Nwora,2020-21,2023-24,203.0,102.0,1998-09-09,27.0,New York,Small Forward,Right,Louisville,4,2020.0,2.0,15.0,Milwaukee Bucks,n/nworajo01.html
3563,Julius Nwosu,1994-95,1994-95,208.0,115.0,1971-05-01,55.0,Nigeria,Center,Right,Liberty,1,,,,,n/nwosuju01.html
3564,Charles O'Bannon,1997-98,1998-99,196.0,94.0,1975-02-22,51.0,California,Shooting Guard,Right,UCLA,2,1997.0,2.0,3.0,Detroit Pistons,o/obannch01.html
3565,Ed O'Bannon,1995-96,1996-97,203.0,100.0,1972-08-14,53.0,California,Small Forward and Shooting Guard,Left,UCLA,2,1995.0,1.0,9.0,New Jersey Nets,o/obanned01.html
3566,John O'Boyle,1952-53,1952-53,188.0,83.0,1928-03-07,98.0,New York,Shooting Guard,Right,Colorado State,1,,,,,o/oboyljo01.html
3568,J.J. O'Brien,2015-16,2015-16,201.0,103.0,1992-04-08,34.0,California,Small Forward,Right,San Diego State,1,,,,,o/obriejj01.html
3571,Ralph O'Brien,1951-52,1952-53,175.0,72.0,1928-04-08,98.0,Kentucky,Point Guard and Shooting Guard,Right,Butler,2,1950.0,6.0,9.0,Indianapolis Olympians,o/obriera01.html
3572,Johnny O'Bryant,2014-15,2017-18,206.0,116.0,1993-06-01,33.0,Mississippi,Power Forward,Right,LSU,4,2014.0,2.0,6.0,Milwaukee Bucks,o/obryajo01.html
3573,Patrick O'Bryant,2006-07,2009-10,213.0,117.0,1986-06-20,40.0,Iowa,Center,Right,Bradley,4,2006.0,1.0,9.0,Golden State Warriors,o/obryapa01.html
3574,Dermie O'Connell,1949-50,1949-50,183.0,78.0,1928-04-13,98.0,New York,Guard,Right,Holy Cross,1,,,,,o/oconnde01.html
3575,Andy O'Donnell,1949-50,1949-50,185.0,81.0,1925-03-10,101.0,Pennsylvania,Guard,Right,Loyola (MD),1,,,,,o/odonnan01.html
3578,Dick O'Keefe,1949-50,1950-51,188.0,83.0,1923-09-29,102.0,California,Guard/Forward,Right,Santa Clara,2,1947.0,1.0,9.0,Washington Capitols,o/okeefdi01.html
3579,Tommy O'Keefe,1950-51,1950-51,188.0,83.0,1928-06-03,98.0,New Jersey,Guard,Right,Georgetown,1,1950.0,4.0,5.0,Washington Capitols,o/okeefto01.html
3580,Mike O'Koren,1980-81,1987-88,201.0,93.0,1958-02-07,68.0,New Jersey,Small Forward,Right,UNC,8,1980.0,1.0,6.0,New Jersey Nets,o/okoremi01.html
3581,Grady O'Malley,1969-70,1969-70,196.0,92.0,1948-04-25,78.0,Massachusetts,Forward,Right,Manhattan University,1,1969.0,19.0,3.0,Atlanta Hawks,o/omallgr01.html
3582,Jermaine O'Neal,1996-97,2013-14,211.0,102.0,1978-10-13,47.0,South Carolina,Center and Power Forward,Right,,18,1996.0,1.0,17.0,Portland Trail Blazers,o/onealje01.html
3583,Shaquille O'Neal,1992-93,2010-11,216.0,147.0,1972-03-06,54.0,New Jersey,Center,Right,LSU,19,1992.0,1.0,1.0,Orlando Magic,o/onealsh01.html
3584,Royce O'Neale,2017-18,2025-26,198.0,102.0,1993-06-05,33.0,Texas,Small Forward,Right,Denver,9,,,,,o/onealro01.html
3585,Mike O'Neill,1952-53,1952-53,190.0,95.0,1928-08-11,97.0,California,Small Forward,Right,California,1,,,,,o/oneilmi01.html
3586,Kyle O'Quinn,2012-13,2019-20,206.0,113.0,1990-03-26,36.0,New York,Center and Power Forward,Right,Norfolk State,8,2012.0,2.0,19.0,Orlando Magic,o/oquinky01.html
3587,Kevin O'Shea,1950-51,1952-53,188.0,79.0,1925-07-10,101.0,California,Shooting Guard and Point Guard,Right,Notre Dame,3,1950.0,1.0,11.0,Minneapolis Lakers,o/osheake01.html
3589,Dan O'Sullivan,1990-91,1995-96,208.0,113.0,1968-03-03,58.0,New York,Center,Right,Fordham,4,,,,,o/osullda01.html
3590,Charles Oakley,1985-86,2003-04,206.0,102.0,1963-12-18,62.0,Ohio,Power Forward and Center,Right,Virginia Union University,19,1985.0,1.0,9.0,Cleveland Cavaliers,o/oaklech01.html
3591,Fabricio Oberto,2005-06,2010-11,208.0,111.0,1975-03-21,51.0,Argentina,Center,Right,,6,,,,,o/obertfa01.html
3592,Daniel Ochefu,2016-17,2016-17,211.0,111.0,1993-12-15,32.0,Maryland,Center,Right,Villanova,1,,,,,o/ochefda01.html
3593,Greg Oden,2008-09,2013-14,213.0,113.0,1988-01-22,38.0,New York,Center,Right,Ohio State,3,2007.0,1.0,1.0,Portland Trail Blazers,o/odengr01.html
3594,Lamar Odom,1999-00,2012-13,208.0,99.0,1979-11-06,46.0,New York,Power Forward and Small Forward,Left,Rhode Island,14,1999.0,1.0,4.0,Los Angeles Clippers,o/odomla01.html
3595,Josh Oduro,2025-26,2025-26,206.0,108.0,2000-10-14,25.0,Virginia,Power Forward,Right,George Mason,1,,,,,o/odurojo01.html
3596,Bud Ogden,1969-70,1970-71,198.0,97.0,1946-12-29,79.0,California,Small Forward,Left,Santa Clara,2,1968.0,13.0,2.0,Seattle SuperSonics,o/ogdenbu01.html
3597,Ralph Ogden,1970-71,1970-71,196.0,92.0,1948-01-25,78.0,California,Forward,Right,Santa Clara,1,1970.0,4.0,2.0,San Francisco Warriors,o/ogdenra01.html
3598,Alan Ogg,1990-91,1992-93,218.0,108.0,1967-07-05,59.0,Ohio,Center,Right,UAB,3,,,,,o/oggal01.html
3599,Don Ohl,1960-61,1969-70,190.0,86.0,1936-04-18,90.0,Illinois,Shooting Guard and Point Guard,Right,Illinois,10,1958.0,5.0,5.0,Philadelphia Warriors,o/ohldo01.html
3600,Tim Ohlbrecht,2012-13,2012-13,211.0,115.0,1988-08-30,37.0,Germany,Center,Right,,1,,,,,o/ohlbrti01.html
3601,Semi Ojeleye,2017-18,2021-22,198.0,108.0,1994-12-05,31.0,Kansas,Power Forward,Right,Duke,5,2017.0,2.0,7.0,Boston Celtics,o/ojelese01.html
3602,Emeka Okafor,2004-05,2017-18,208.0,114.0,1982-09-28,43.0,Texas,Center and Power Forward,Right,UConn,10,2004.0,1.0,2.0,Charlotte Bobcats,o/okafoem01.html
3603,Jahlil Okafor,2015-16,2024-25,208.0,122.0,1995-12-15,30.0,Illinois,Center,Right,Duke,7,2015.0,1.0,3.0,Philadelphia 76ers,o/okafoja01.html
3604,Toby Okani,2025-26,2025-26,203.0,95.0,2001-10-05,24.0,New Jersey,Shooting Guard,Right,Duquesne,1,,,,,o/okanito01.html
3605,Chuma Okeke,2020-21,2024-25,201.0,103.0,1998-08-18,27.0,Georgia,Power Forward and Small Forward,Right,Auburn,5,2019.0,1.0,16.0,Orlando Magic,o/okekech01.html
3606,Elie Okobo,2018-19,2019-20,190.0,86.0,1997-10-23,28.0,France,Point Guard,Left,,2,2018.0,2.0,1.0,Phoenix Suns,o/okoboel01.html
3607,Josh Okogie,2018-19,2025-26,193.0,96.0,1998-09-01,27.0,Nigeria,Shooting Guard,Right,Georgia Tech,8,2018.0,1.0,20.0,Minnesota Timberwolves,o/okogijo01.html
3608,Onyeka Okongwu,2020-21,2025-26,208.0,108.0,2000-12-11,25.0,California,Center,Right,USC,6,2020.0,1.0,6.0,Atlanta Hawks,o/okongon01.html
3609,Isaac Okoro,2020-21,2025-26,193.0,102.0,2001-01-26,25.0,Georgia,Shooting Guard and Small Forward,Right,Auburn,6,2020.0,1.0,5.0,Cleveland Cavaliers,o/okorois01.html
3610,KZ Okpala,2019-20,2022-23,203.0,97.0,1999-04-28,27.0,California,Power Forward,Right,Stanford,4,2019.0,2.0,2.0,Phoenix Suns,o/okpalkz01.html
3611,Mehmet Okur,2002-03,2011-12,211.0,112.0,1979-05-26,47.0,Turkey,Center and Power Forward,Right,,10,2001.0,2.0,9.0,Detroit Pistons,o/okurme01.html
3612,Victor Oladipo,2013-14,2022-23,190.0,96.0,1992-05-04,34.0,Maryland,Shooting Guard and Point Guard,Right,Indiana,10,2013.0,1.0,2.0,Orlando Magic,o/oladivi01.html
3613,Hakeem Olajuwon,1984-85,2001-02,213.0,115.0,1963-01-21,63.0,Nigeria,Center,Right,Houston,18,1984.0,1.0,1.0,Houston Rockets,o/olajuha01.html
3614,Mark Olberding,1976-77,1986-87,203.0,102.0,1956-04-21,70.0,Minnesota,Power Forward and Small Forward,Right,Minnesota,11,,,,,o/olberma01.html
3615,Lachlan Olbrich,2025-26,2025-26,203.0,107.0,2003-12-30,22.0,Australia,Center and Power Forward,Right,"University of California, Riverside",1,2025.0,2.0,25.0,Los Angeles Lakers,o/olbrila01.html
3616,Jawann Oldham,1980-81,1990-91,213.0,97.0,1957-07-04,69.0,Illinois,Center,Right,Seattle University,10,1980.0,2.0,18.0,Denver Nuggets,o/oldhaja01.html
3617,John Oldham,1949-50,1950-51,190.0,79.0,1923-06-22,103.0,Kentucky,Guard,Right,Western Kentucky,2,1949.0,2.0,3.0,Fort Wayne Pistons,o/oldhajo01.html
3618,Frank Oleynick,1975-76,1976-77,188.0,83.0,1955-02-20,71.0,Connecticut,Point Guard and Shooting Guard,Right,Seattle University,2,1975.0,1.0,12.0,Seattle SuperSonics,o/oleynfr01.html
3619,Quincy Olivari,2024-25,2024-25,188.0,91.0,2001-05-27,25.0,Georgia,Point Guard,Right,Rice University,1,,,,,o/olivaqu01.html
3620,John Olive,1978-79,1979-80,201.0,95.0,1955-03-01,71.0,Pennsylvania,Small Forward,Right,Villanova,2,1977.0,8.0,20.0,Philadelphia 76ers,o/olivejo01.html
3621,Brian Oliver,1990-91,1997-98,193.0,95.0,1968-06-01,58.0,Illinois,Shooting Guard,Right,Georgia Tech,4,1990.0,2.0,5.0,Philadelphia 76ers,o/olivebr01.html
3622,Cameron Oliver,2020-21,2021-22,203.0,102.0,1996-07-11,30.0,California,Small Forward,Right,Nevada,2,,,,,o/oliveca01.html
3623,Dean Oliver,2001-02,2002-03,180.0,81.0,1978-11-05,47.0,Illinois,Point Guard,Left,Iowa,2,,,,,o/olivede01.html
3624,Jimmy Oliver,1991-92,1998-99,196.0,92.0,1969-07-12,57.0,Arkansas,Shooting Guard,Right,Purdue,5,1991.0,2.0,12.0,Cleveland Cavaliers,o/oliveji01.html
3625,Kevin Ollie,1997-98,2009-10,188.0,88.0,1972-12-27,53.0,Texas,Point Guard and Shooting Guard,Right,UConn,13,,,,,o/ollieke01.html
3626,Gene Ollrich,1949-50,1949-50,180.0,72.0,1922-06-30,104.0,Indiana,Guard,Right,Drake University,1,,,,,o/ollrige01.html
3627,Michael Olowokandi,1998-99,2006-07,213.0,122.0,1975-04-03,51.0,Nigeria,Center,Right,University of the Pacific,9,1998.0,1.0,1.0,Los Angeles Clippers,o/olowomi01.html
3628,Bud Olsen,1962-63,1968-69,203.0,99.0,1940-07-25,85.0,Indiana,Power Forward,Right,Louisville,7,1962.0,2.0,6.0,Cincinnati Royals,o/olsenbu01.html
3629,Kelly Olynyk,2013-14,2025-26,213.0,108.0,1991-04-19,35.0,Ontario,Center and Power Forward,Right,Gonzaga,13,2013.0,1.0,13.0,Dallas Mavericks,o/olynyke01.html
3630,Norchad Omier,2025-26,2025-26,196.0,112.0,2001-08-28,24.0,Nicaragua,Power Forward,Right,Arkansas State University,1,,,,,o/omierno01.html
3631,Eugene Omoruyi,2021-22,2023-24,198.0,106.0,1997-02-14,29.0,Nigeria,Small Forward,Right,Rutgers University,3,,,,,o/omorueu01.html
3632,Miye Oni,2019-20,2021-22,196.0,93.0,1997-08-04,28.0,California,Shooting Guard and Small Forward,Right,Yale,3,2019.0,2.0,28.0,Golden State Warriors,o/onimi01.html
3633,Arinze Onuaku,2013-14,2016-17,206.0,115.0,1987-07-13,39.0,Maryland,Center and Power Forward,Right,Syracuse,3,,,,,o/onuakar01.html
3634,Chinanu Onuaku,2016-17,2017-18,208.0,111.0,1996-11-01,29.0,Maryland,Center,Right,Louisville,2,2016.0,2.0,7.0,Houston Rockets,o/onuakch01.html
3635,Barry Orms,1968-69,1968-69,190.0,86.0,1946-05-01,80.0,Missouri,Point Guard,Right,Saint Louis,1,1968.0,8.0,4.0,Baltimore Bullets,o/ormsba01.html
3636,Johnny Orr,1949-50,1949-50,190.0,88.0,1927-06-10,99.0,Kansas,Forward,Right,Beloit College,1,1948.0,2.0,5.0,Minneapolis Lakers,o/orrjo01.html
3637,Louis Orr,1980-81,1987-88,203.0,79.0,1958-05-07,68.0,Ohio,Small Forward and Power Forward,Right,Syracuse,8,1980.0,2.0,6.0,Indiana Pacers,o/orrlo01.html
3638,José Ortiz,1988-89,1989-90,208.0,102.0,1963-10-25,62.0,Puerto Rico,Power Forward,Right,Oregon State,2,1987.0,1.0,15.0,Utah Jazz,o/ortizjo01.html
3639,Daniel Orton,2011-12,2013-14,208.0,115.0,1990-08-06,35.0,Oklahoma,Center and Power Forward,Right,Kentucky,3,2010.0,1.0,29.0,Orlando Magic,o/ortonda01.html
3640,Chuck Osborne,1961-62,1961-62,198.0,95.0,1939-01-21,87.0,Kentucky,Power Forward,Right,Western Kentucky,1,1961.0,3.0,5.0,Syracuse Nationals,o/osborch01.html
3641,Cedi Osman,2017-18,2023-24,201.0,104.0,1995-04-08,31.0,North Macedonia,Small Forward,Right,,7,2015.0,2.0,1.0,Minnesota Timberwolves,o/osmande01.html
3642,Wally Osterkorn,1951-52,1954-55,196.0,97.0,1928-07-06,98.0,Illinois,Small Forward and Power Forward,Right,Illinois,4,1950.0,2.0,6.0,Chicago Stags,o/osterwa01.html
3643,Greg Ostertag,1995-96,2005-06,218.0,127.0,1973-03-06,53.0,Texas,Center,Right,Kansas,11,1995.0,1.0,28.0,Utah Jazz,o/ostergr01.html
3644,Matt Othick,1992-93,1992-93,188.0,74.0,1969-03-16,57.0,New Mexico,Point Guard,Left,Arizona,1,,,,,o/othicma01.html
3645,Don Otten,1949-50,1952-53,211.0,108.0,1921-04-18,105.0,Ohio,Center,Right,Bowling Green,4,,,,,o/ottendo01.html
3646,Mac Otten,1949-50,1949-50,201.0,99.0,1925-12-16,100.0,Ohio,Forward/Center,Right,Bowling Green,1,1949.0,3.0,,Indianapolis Jets,o/ottenma01.html
3647,Daniel Oturu,2020-21,2021-22,208.0,108.0,1999-09-20,26.0,New York,Center,Right,Minnesota,2,2020.0,2.0,3.0,Minnesota Timberwolves,o/oturuda01.html
3648,Kelly Oubre Jr.,2015-16,2025-26,203.0,92.0,1995-12-09,30.0,Louisiana,Small Forward,Left,Kansas,11,2015.0,1.0,15.0,Atlanta Hawks,o/oubreke01.html
3649,Bo Outlaw,1993-94,2007-08,203.0,95.0,1971-04-13,55.0,Texas,"Power Forward, Center, and Small Forward",Right,South Plains College,15,,,,,o/outlabo01.html
3650,Travis Outlaw,2003-04,2013-14,206.0,95.0,1984-09-18,41.0,Mississippi,Small Forward and Power Forward,Right,,11,2003.0,1.0,23.0,Portland Trail Blazers,o/outlatr01.html
3651,Claude Overton,1952-53,1952-53,188.0,88.0,1927-12-16,98.0,Oklahoma,Shooting Guard,Right,East Central University,1,1950.0,5.0,5.0,Washington Capitols,o/overtcl01.html
3652,Doug Overton,1992-93,2003-04,190.0,86.0,1969-08-03,56.0,Pennsylvania,Point Guard,Right,La Salle,11,1991.0,2.0,13.0,Detroit Pistons,o/overtdo01.html
3653,Andre Owens,2005-06,2007-08,193.0,90.0,1980-10-31,45.0,Indiana,Point Guard,Right,Indiana,2,,,,,o/owensan01.html
3654,Billy Owens,1991-92,2000-01,206.0,102.0,1969-05-01,57.0,Pennsylvania,"Small Forward, Power Forward, and Shooting Guard",Right,Syracuse,10,1991.0,1.0,3.0,Sacramento Kings,o/owensbi01.html
3655,Chris Owens,2002-03,2002-03,201.0,111.0,1979-03-01,47.0,Ohio,Small Forward,Right,Tulane,1,2002.0,2.0,19.0,Milwaukee Bucks,o/owensch01.html
3656,Eddie Owens,1977-78,1977-78,201.0,95.0,1953-12-26,72.0,United States,Small Forward,Right,UNLV,1,1977.0,2.0,9.0,Kansas City Kings,o/owensed01.html
3657,Jim Owens,1973-74,1974-75,196.0,90.0,1950-05-01,76.0,California,Small Forward,Right,Arizona State,2,1973.0,8.0,8.0,Phoenix Suns,o/owensji01.html
3658,Keith Owens,1991-92,1991-92,201.0,102.0,1969-05-31,57.0,California,Small Forward,Right,UCLA,1,,,,,o/owenske01.html
3659,Larry Owens,2010-11,2011-12,201.0,95.0,1983-01-08,43.0,Arizona,Small Forward,Right,Oral Roberts,2,,,,,o/owensla01.html
3660,Red Owens,1949-50,1951-52,190.0,83.0,1925-09-02,100.0,Texas,Shooting Guard,Right,Baylor,2,1949.0,2.0,9.0,Washington Capitols,o/owensre01.html
3661,Tariq Owens,2019-20,2019-20,208.0,92.0,1995-06-30,31.0,New York,Power Forward,Right,Tennessee,1,,,,,o/owensta01.html
3662,Tom Owens,1976-77,1982-83,208.0,97.0,1949-06-28,77.0,New York,Center and Power Forward,Right,South Carolina,7,1971.0,4.0,7.0,Houston Rockets,o/owensto01.html
3663,Ray Owes,1996-97,1996-97,206.0,101.0,1972-12-11,53.0,California,Power Forward,Right,Arizona,1,,,,,o/owesra01.html
3664,Olumide Oyedeji,2000-01,2002-03,208.0,108.0,1981-05-11,45.0,Nigeria,Center,Right,,3,2000.0,2.0,13.0,Seattle SuperSonics,o/oyedeol01.html
3665,Joe Pace,1976-77,1977-78,208.0,99.0,1953-12-18,72.0,New Jersey,Center,Right,Coppin State University,2,1975.0,5.0,4.0,Phoenix Suns,p/pacejo01.html
3666,Zaza Pachulia,2003-04,2018-19,211.0,122.0,1984-02-10,42.0,Georgia,Center,Right,,16,2003.0,2.0,13.0,Orlando Magic,p/pachuza01.html
3667,Robert Pack,1991-92,2003-04,188.0,81.0,1969-02-03,57.0,Louisiana,Point Guard,Right,USC,13,,,,,p/packro01.html
3669,Gerald Paddio,1990-91,1993-94,201.0,92.0,1965-04-21,61.0,Louisiana,Small Forward,Right,UNLV,3,1988.0,3.0,24.0,Boston Celtics,p/paddige01.html
3670,Scott Padgett,1999-00,2006-07,206.0,108.0,1976-04-19,50.0,Kentucky,Power Forward,Right,Kentucky,8,1999.0,1.0,28.0,Utah Jazz,p/padgesc01.html
3672,Jaysean Paige,2021-22,2021-22,188.0,90.0,1994-07-30,31.0,New York,Point Guard,Right,College of Southern Idaho,1,,,,,p/paigeja01.html
3673,Marcus Paige,2017-18,2017-18,183.0,74.0,1993-09-11,32.0,Iowa,Point Guard,Left,UNC,1,2016.0,2.0,25.0,Brooklyn Nets,p/paigema01.html
3675,Milt Palacio,1999-00,2005-06,190.0,88.0,1978-02-07,48.0,California,Point Guard and Shooting Guard,Right,Midland College,7,,,,,p/palacmi01.html
3676,Togo Palazzi,1954-55,1959-60,193.0,92.0,1932-08-08,93.0,New Jersey,Small Forward and Shooting Guard,Right,Holy Cross,6,1954.0,1.0,5.0,Boston Celtics,p/palazto01.html
3679,Jim Palmer,1958-59,1960-61,203.0,101.0,1933-06-08,93.0,Virginia,Center,Right,Dayton,3,1957.0,2.0,4.0,St. Louis Hawks,p/palmeji01.html
3680,Trayvon Palmer,2021-22,2021-22,198.0,90.0,1994-11-13,31.0,Wisconsin,Shooting Guard,Right,North Dakota State College of Science,1,,,,,p/palmetr01.html
3681,Walter Palmer,1990-91,1992-93,216.0,97.0,1968-10-23,57.0,New York,Center,Right,Dartmouth College,2,1990.0,2.0,6.0,Utah Jazz,p/palmewa01.html
3682,Kevin Pangos,2021-22,2021-22,185.0,81.0,1993-01-26,33.0,Ontario,Point Guard,Right,Gonzaga,1,,,,,p/pangoke01.html
3683,Andy Panko,2000-01,2000-01,206.0,100.0,1977-11-27,48.0,Pennsylvania,Small Forward,Right,Lebanon Valley College,1,,,,,p/pankoan01.html
3684,Georgios Papagiannis,2016-17,2017-18,216.0,108.0,1997-07-03,29.0,Greece,Center,Right,,2,2016.0,1.0,13.0,Phoenix Suns,p/papagge01.html
3685,Kostas Papanikolaou,2014-15,2015-16,203.0,102.0,1990-07-31,35.0,Greece,Small Forward,Left,,2,2012.0,2.0,18.0,New York Knicks,p/papanko01.html
3686,Jannero Pargo,2002-03,2014-15,185.0,79.0,1979-10-22,46.0,Illinois,Point Guard and Shooting Guard,Right,Arkansas,11,,,,,p/pargoja01.html
3687,Jeremy Pargo,2011-12,2019-20,188.0,99.0,1986-03-17,40.0,Illinois,Point Guard and Shooting Guard,Right,Gonzaga,3,,,,,p/pargoje01.html
3688,Easy Parham,1949-50,1950-51,190.0,90.0,1921-12-27,104.0,Texas,Forward/Guard,Right,Texas Wesleyan University,2,1948.0,3.0,,St. Louis Bombers,p/parhaea01.html
3689,Robert Parish,1976-77,1996-97,216.0,104.0,1953-08-30,72.0,Louisiana,Center,Right,Centenary (LA),21,1976.0,1.0,8.0,Golden State Warriors,p/parisro01.html
3690,Med Park,1955-56,1959-60,188.0,92.0,1933-04-11,93.0,South Dakota,Shooting Guard and Small Forward,Right,Missouri,5,,,,,p/parkme01.html
3691,Anthony Parker,1997-98,2011-12,198.0,97.0,1975-06-19,51.0,Illinois,Shooting Guard and Small Forward,Right,Bradley,9,1997.0,1.0,21.0,New Jersey Nets,p/parkean01.html
3692,Jabari Parker,2014-15,2021-22,201.0,111.0,1995-03-15,31.0,Illinois,Power Forward,Right,Duke,8,2014.0,1.0,2.0,Milwaukee Bucks,p/parkeja01.html
3693,Smush Parker,2002-03,2007-08,193.0,86.0,1981-06-01,45.0,New York,Point Guard,Right,Fordham,5,,,,,p/parkesm01.html
3694,Sonny Parker,1976-77,1981-82,198.0,90.0,1955-03-22,71.0,Illinois,Small Forward and Shooting Guard,Right,Texas A&M,6,1976.0,1.0,17.0,Golden State Warriors,p/parkeso01.html
3695,Tony Parker,2001-02,2018-19,188.0,83.0,1982-05-17,44.0,Belgium,Point Guard,Right,,18,2001.0,1.0,28.0,San Antonio Spurs,p/parketo01.html
3697,Jack Parkinson,1949-50,1949-50,183.0,78.0,1924-03-04,102.0,Indiana,Guard,Right,Kentucky,1,1948.0,2.0,,Washington Capitols,p/parkija01.html
3699,Cherokee Parks,1995-96,2003-04,211.0,106.0,1972-10-11,53.0,California,Center and Power Forward,Right,Duke,9,1995.0,1.0,12.0,Dallas Mavericks,p/parksch02.html
3701,Jack Parr,1958-59,1958-59,206.0,99.0,1936-03-13,90.0,Kentucky,Center,Right,Kansas State,1,1958.0,10.0,2.0,Cincinnati Royals,p/parrja01.html
3703,Charlie Parsley,1949-50,1949-50,188.0,79.0,1925-10-13,100.0,Kentucky,Guard,Right,Western Kentucky,1,1949.0,,,Fort Wayne Pistons,p/parslch01.html
3704,Chandler Parsons,2011-12,2019-20,206.0,104.0,1988-10-25,37.0,Florida,Small Forward and Power Forward,Right,Florida,9,2011.0,2.0,8.0,Houston Rockets,p/parsoch01.html
3705,Eric Paschall,2019-20,2021-22,198.0,115.0,1996-11-04,29.0,New York,Power Forward,Right,Fordham,3,2019.0,2.0,11.0,Golden State Warriors,p/pascher01.html
3706,Anžejs Pasečņiks,2019-20,2020-21,216.0,103.0,1995-12-20,30.0,Latvia,Center,Right,,2,2017.0,1.0,25.0,Orlando Magic,p/pasecan01.html
3707,Žarko Paspalj,1989-90,1989-90,206.0,97.0,1966-03-27,60.0,Montenegro,Small Forward,Left,,1,,,,,p/paspaza01.html
3710,Myles Patrick,1980-81,1980-81,203.0,99.0,1954-11-19,71.0,Georgia,Small Forward,Right,Auburn,1,,,,,p/patrimy01.html
3711,Stan Patrick,1949-50,1949-50,188.0,83.0,1922-05-05,104.0,Illinois,Forward/Guard,Right,Illinois,1,,,,,p/patrist01.html
3712,Andrae Patterson,1998-99,1999-00,206.0,107.0,1975-11-12,50.0,California,Power Forward,Right,Indiana,2,1998.0,2.0,17.0,Minnesota Timberwolves,p/pattean01.html
3713,George Patterson,1967-68,1967-68,203.0,104.0,1939-11-26,86.0,United States,Center,Right,Toledo,1,1961.0,12.0,2.0,Cincinnati Royals,p/pattege01.html
3714,Lamar Patterson,2015-16,2016-17,196.0,102.0,1991-08-12,34.0,Pennsylvania,Shooting Guard,Right,Pitt,2,2014.0,2.0,18.0,Milwaukee Bucks,p/pattela01.html
3715,Patrick Patterson,2010-11,2020-21,203.0,106.0,1989-03-14,37.0,District of Columbia,Power Forward,Right,Kentucky,11,2010.0,1.0,14.0,Houston Rockets,p/pattepa01.html
3716,Ruben Patterson,1998-99,2007-08,196.0,101.0,1975-07-31,50.0,Ohio,Small Forward and Shooting Guard,Right,Cincinnati,10,1998.0,2.0,2.0,Los Angeles Lakers,p/patteru01.html
3717,Steve Patterson,1971-72,1975-76,206.0,102.0,1948-06-24,78.0,California,Center,Right,UCLA,5,1970.0,8.0,10.0,Phoenix Suns,p/pattest01.html
3718,Tom Patterson,1972-73,1973-74,198.0,99.0,1948-10-15,77.0,Texas,Small Forward and Power Forward,Right,Ouachita Baptist University,2,1972.0,2.0,12.0,Baltimore Bullets,p/patteto01.html
3719,Worthy Patterson,1957-58,1957-58,188.0,79.0,1931-06-17,95.0,Connecticut,Guard,Right,UConn,1,,,,,p/pattewo01.html
3720,Justin Patton,2017-18,2020-21,211.0,109.0,1997-06-14,29.0,Nebraska,Center,Right,Creighton,4,2017.0,1.0,16.0,Chicago Bulls,p/pattoju01.html
3721,Brandon Paul,2017-18,2017-18,193.0,90.0,1991-04-30,35.0,Illinois,Shooting Guard,Right,Illinois,1,,,,,p/paulbr01.html
3722,Chris Paul,2005-06,2025-26,183.0,79.0,1985-05-06,41.0,North Carolina,Point Guard,Right,Wake Forest,21,2005.0,1.0,4.0,New Orleans Hornets,p/paulch01.html
3723,Charlie Paulk,1968-69,1971-72,203.0,99.0,1946-06-14,80.0,Georgia,Power Forward,Right,Northeastern State University,3,1967.0,17.0,3.0,Philadelphia 76ers,p/paulkch01.html
3724,Jerry Paulson,1957-58,1957-58,188.0,83.0,1935-07-21,90.0,New York,Guard,Right,Manhattan University,1,1957.0,3.0,1.0,Cincinnati Royals,p/paulsje01.html
3725,Billy Paultz,1976-77,1984-85,211.0,106.0,1948-07-30,77.0,New Jersey,Center and Power Forward,Right,Cameron University,9,1970.0,7.0,1.0,San Diego Rockets,p/paultbi01.html
3726,Sasha Pavlović,2003-04,2012-13,203.0,99.0,1983-11-15,42.0,Montenegro,Shooting Guard and Small Forward,Right,,10,2003.0,1.0,19.0,Utah Jazz,p/pavloal01.html
3727,Jim Paxson,1956-57,1957-58,198.0,90.0,1932-12-19,93.0,Indiana,Shooting Guard and Small Forward,Right,Dayton,2,1954.0,11.0,7.0,Rochester Royals,p/paxsoji01.html
3728,Jim Paxson,1979-80,1989-90,198.0,90.0,1957-07-09,69.0,Ohio,Shooting Guard and Point Guard,Right,Dayton,11,1979.0,1.0,12.0,Portland Trail Blazers,p/paxsoji02.html
3729,John Paxson,1983-84,1993-94,188.0,83.0,1960-09-29,65.0,Ohio,Point Guard,Right,Notre Dame,11,1983.0,1.0,19.0,San Antonio Spurs,p/paxsojo01.html
3730,Johnny Payak,1949-50,1952-53,193.0,78.0,1926-11-20,99.0,Ohio,Shooting Guard,Right,Bowling Green,2,1949.0,,,Philadelphia Warriors,p/payakjo01.html
3731,Adreian Payne,2014-15,2017-18,208.0,107.0,1991-02-19,35.0,Ohio,Power Forward,Right,Michigan State,4,2014.0,1.0,15.0,Atlanta Hawks,p/paynead01.html
3732,Cameron Payne,2015-16,2025-26,188.0,83.0,1994-08-08,31.0,Tennessee,Point Guard and Shooting Guard,Left,Murray State,11,2015.0,1.0,14.0,Oklahoma City Thunder,p/payneca01.html
3733,Kenny Payne,1989-90,1992-93,203.0,88.0,1966-11-25,59.0,Mississippi,Small Forward,Left,Louisville,4,1989.0,1.0,19.0,Philadelphia 76ers,p/payneke01.html
3734,Tom Payne,1971-72,1971-72,218.0,108.0,1950-11-19,75.0,Kentucky,Center,Right,Kentucky,1,,,,Atlanta Hawks,p/payneto01.html
3735,Elfrid Payton,2014-15,2024-25,190.0,88.0,1994-02-22,32.0,Louisiana,Point Guard,Right,Louisiana,9,2014.0,1.0,10.0,Philadelphia 76ers,p/paytoel01.html
3736,Gary Payton,1990-91,2006-07,193.0,81.0,1968-07-23,57.0,California,Point Guard,Right,Oregon State,17,1990.0,1.0,2.0,Seattle SuperSonics,p/paytoga01.html
3737,Gary Payton II,2016-17,2025-26,188.0,88.0,1992-12-01,33.0,Washington,"Shooting Guard, Point Guard, and Small Forward",Left,Oregon State,10,,,,,p/paytoga02.html
3738,Mel Payton,1951-52,1952-53,193.0,83.0,1926-07-16,100.0,Indiana,Small Forward,Right,Tulane,2,1951.0,2.0,9.0,Philadelphia Warriors,p/paytome01.html
3741,Micah Peavy,2025-26,2025-26,201.0,97.0,2001-07-16,25.0,Texas,Shooting Guard,Right,Texas Tech,1,2025.0,2.0,10.0,Washington Wizards,p/peavymi01.html
3742,Oleksiy Pecherov,2007-08,2009-10,213.0,105.0,1985-12-08,40.0,Ukraine,Center,Right,,3,2006.0,1.0,18.0,Washington Wizards,p/pecheol01.html
3743,Wiley Peck,1979-80,1979-80,201.0,99.0,1957-09-15,68.0,Alabama,Small Forward,Right,Mississippi State,1,1979.0,1.0,19.0,San Antonio Spurs,p/peckwi01.html
3744,Sean Pedulla,2025-26,2025-26,185.0,88.0,2002-10-10,23.0,Oklahoma,Point Guard,Right,Virginia Tech,1,,,,,p/pedulse01.html
3746,Anthony Peeler,1992-93,2004-05,193.0,94.0,1969-11-25,56.0,Missouri,Shooting Guard,Left,Missouri,13,1992.0,1.0,15.0,Los Angeles Lakers,p/peelean01.html
3748,Nikola Peković,2010-11,2015-16,211.0,139.0,1986-01-03,40.0,Montenegro,Center,Right,,6,2008.0,2.0,1.0,Minnesota Timberwolves,p/pekovni01.html
3750,Norvel Pelle,2019-20,2021-22,208.0,104.0,1993-02-03,33.0,Antigua and Barbuda,Center,Right,,3,,,,,p/pelleno01.html
3751,Sam Pellom,1979-80,1982-83,206.0,102.0,1951-10-02,74.0,North Carolina,Power Forward,Right,Buffalo,4,,,,,p/pellosa01.html
3752,Mike Penberthy,2000-01,2001-02,190.0,83.0,1974-11-29,51.0,California,Point Guard,Right,Master's College,2,,,,,p/penbemi01.html
3753,Noah Penda,2025-26,2025-26,201.0,97.0,2005-01-07,21.0,France,Small Forward,Right,,1,2025.0,2.0,2.0,Boston Celtics,p/pendano01.html
3755,Desmond Penigar,2003-04,2003-04,201.0,111.0,1981-07-16,45.0,California,Power Forward,Right,Utah State University,1,,,,,p/penigde01.html
3756,Kirk Penney,2003-04,2004-05,196.0,99.0,1980-11-23,45.0,New Zealand,Shooting Guard,Right,Wisconsin,2,,,,,p/penneki01.html
3757,Mike Peplowski,1993-94,1995-96,208.0,122.0,1970-10-15,55.0,Michigan,Center,Right,Michigan State,3,1993.0,2.0,25.0,Sacramento Kings,p/peplomi01.html
3758,Will Perdue,1988-89,2000-01,213.0,108.0,1965-08-29,60.0,Florida,Center,Right,Vanderbilt,13,1988.0,1.0,11.0,Chicago Bulls,p/perduwi01.html
3759,Mãozinha Pereira,2023-24,2023-24,203.0,80.0,2000-08-28,25.0,Brazil,Small Forward,Right,,1,,,,,p/pereima01.html
3760,Kendrick Perkins,2003-04,2017-18,208.0,122.0,1984-11-10,41.0,Texas,Center,Right,,14,2003.0,1.0,27.0,Memphis Grizzlies,p/perkike01.html
3761,Sam Perkins,1984-85,2000-01,206.0,106.0,1961-06-14,65.0,New York,"Power Forward, Center, and Small Forward",Left,UNC,17,1984.0,1.0,4.0,Dallas Mavericks,p/perkisa01.html
3762,Warren Perkins,1949-50,1950-51,190.0,86.0,1922-02-02,104.0,Louisiana,Guard/Forward,Right,Tulane,2,1949.0,4.0,,Providence Steamrollers,p/perkiwa01.html
3763,Kosta Perović,2007-08,2007-08,218.0,108.0,1985-02-19,41.0,Croatia,Center,Right,,1,2006.0,2.0,8.0,Golden State Warriors,p/perovko01.html
3764,London Perrantes,2017-18,2017-18,188.0,90.0,1994-10-03,31.0,California,Point Guard,Right,Virginia,1,,,,,p/perralo01.html
3766,Curtis Perry,1970-71,1977-78,201.0,99.0,1948-09-13,77.0,District of Columbia,Power Forward and Center,Right,Missouri State,8,1970.0,3.0,1.0,San Diego Rockets,p/perrycu01.html
3767,Elliot Perry,1991-92,2001-02,183.0,68.0,1969-03-28,57.0,Tennessee,Point Guard,Left,Memphis,10,1991.0,2.0,10.0,Los Angeles Clippers,p/perryel01.html
3768,Reggie Perry,2020-21,2021-22,203.0,113.0,2000-03-21,26.0,Mississippi,Power Forward,Right,Mississippi State,2,2020.0,2.0,27.0,Los Angeles Clippers,p/perryre01.html
3770,Tim Perry,1988-89,1995-96,206.0,90.0,1965-06-04,61.0,New Jersey,Power Forward and Center,Right,Temple,8,1988.0,1.0,7.0,Phoenix Suns,p/perryti01.html
3771,Chuck Person,1986-87,1999-00,203.0,99.0,1964-06-27,62.0,Alabama,Small Forward and Power Forward,Right,Auburn,13,1986.0,1.0,4.0,Indiana Pacers,p/persoch01.html
3772,Wesley Person,1994-95,2004-05,198.0,88.0,1971-03-28,55.0,Alabama,Shooting Guard and Small Forward,Right,Auburn,11,1994.0,1.0,23.0,Phoenix Suns,p/persowe01.html
3773,Taelon Peter,2025-26,2025-26,190.0,83.0,2002-02-27,24.0,Arkansas,Shooting Guard,Right,Tennessee Technological University,1,2025.0,2.0,24.0,Indiana Pacers,p/peterta01.html
3774,Alec Peters,2017-18,2017-18,206.0,106.0,1995-04-13,31.0,Illinois,Power Forward,Right,Valparaiso,1,2017.0,2.0,24.0,Phoenix Suns,p/peteral01.html
3775,Jim Petersen,1984-85,1991-92,208.0,106.0,1962-02-22,64.0,Minnesota,Power Forward and Center,Right,Minnesota,8,1984.0,3.0,4.0,Houston Rockets,p/peterji01.html
3776,Loy Petersen,1968-69,1969-70,196.0,92.0,1945-07-26,80.0,California,Shooting Guard,Right,Oregon State,2,1967.0,17.0,1.0,Baltimore Bullets,p/peterlo01.html
3777,Bob Peterson,1953-54,1955-56,196.0,95.0,1932-01-25,94.0,California,Small Forward and Power Forward,Right,Oregon,3,1952.0,11.0,,Baltimore Bullets,p/peterbo01.html
3778,Drew Peterson,2023-24,2025-26,203.0,92.0,1999-11-09,26.0,Illinois,Power Forward,Right,Rice University,3,,,,,p/peterdr01.html
3779,Ed Peterson,1949-50,1950-51,206.0,99.0,1924-06-27,102.0,New York,Center,Right,Cornell,2,1948.0,4.0,,New York Knicks,p/petered01.html
3780,Mel Peterson,1963-64,1963-64,193.0,83.0,1938-03-23,88.0,Minnesota,Shooting Guard and Small Forward,Right,Wheaton College,1,1960.0,11.0,4.0,Detroit Pistons,p/peterme01.html
3781,Morris Peterson,2000-01,2010-11,201.0,98.0,1977-08-26,48.0,Michigan,Shooting Guard and Small Forward,Left,Michigan State,11,2000.0,1.0,21.0,Toronto Raptors,p/petermo01.html
3782,Geoff Petrie,1970-71,1975-76,193.0,86.0,1948-04-17,78.0,Pennsylvania,Shooting Guard and Point Guard,Right,Princeton,6,1970.0,1.0,8.0,Portland Trail Blazers,p/petrige01.html
3783,Johan Petro,2005-06,2012-13,213.0,112.0,1986-01-27,40.0,France,Center,Right,,8,2005.0,1.0,25.0,Seattle SuperSonics,p/petrojo01.html
3784,Dražen Petrović,1989-90,1992-93,196.0,88.0,1964-10-22,61.0,Croatia,Shooting Guard,Right,,4,1986.0,3.0,13.0,Portland Trail Blazers,p/petrodr01.html
3785,Filip Petrušev,2023-24,2023-24,211.0,102.0,2000-04-15,26.0,Serbia,Center,Right,Gonzaga,1,2021.0,2.0,20.0,Philadelphia 76ers,p/petrufi01.html
3786,Richard Petruška,1993-94,1993-94,208.0,117.0,1969-01-25,57.0,Slovakia,Center,Left,Loyola Marymount,1,1993.0,2.0,19.0,Houston Rockets,p/petruri01.html
3787,Bob Pettit,1954-55,1964-65,206.0,92.0,1932-12-12,93.0,Louisiana,Power Forward and Center,Right,LSU,11,1954.0,1.0,2.0,Milwaukee Hawks,p/pettibo01.html
3789,Roger Phegley,1978-79,1983-84,198.0,92.0,1956-10-16,69.0,Illinois,Shooting Guard,Right,Bradley,6,1978.0,1.0,14.0,Washington Bullets,p/pheglro01.html
3790,Jack Phelan,1949-50,1949-50,196.0,88.0,1925-11-06,100.0,Illinois,Forward,Right,DePaul,1,1949.0,,,Providence Steamrollers,p/phelaja01.html
3791,Jim Phelan,1953-54,1953-54,185.0,79.0,1929-03-19,97.0,Pennsylvania,Guard,Right,La Salle,1,1951.0,8.0,8.0,Philadelphia Warriors,p/phelaja02.html
3792,Derrick Phelps,1994-95,1994-95,193.0,82.0,1972-07-31,53.0,New York,Point Guard,Right,UNC,1,,,,,p/phelpde01.html
3793,Michael Phelps,1985-86,1987-88,193.0,81.0,1961-10-03,64.0,Mississippi,Shooting Guard,Right,Alcorn State,3,1985.0,7.0,5.0,Seattle SuperSonics,p/phelpmi01.html
3794,Andy Phillip,1949-50,1957-58,188.0,88.0,1922-03-07,104.0,Illinois,Point Guard and Shooting Guard,Right,Illinois,9,1947.0,5.0,,Chicago Stags,p/phillan01.html
3795,Eddie Phillips,1982-83,1982-83,201.0,102.0,1961-09-29,64.0,Alabama,Small Forward,Right,Alabama,1,1982.0,1.0,21.0,New Jersey Nets,p/philled01.html
3796,Gary Phillips,1961-62,1965-66,190.0,85.0,1939-12-07,86.0,Illinois,Shooting Guard and Point Guard,Right,Houston,5,1961.0,1.0,9.0,Boston Celtics,p/phillga01.html
3798,Julian Phillips,2023-24,2025-26,198.0,89.0,2003-11-05,22.0,Texas,Small Forward,Right,Tennessee,3,2023.0,2.0,5.0,Boston Celtics,p/phillju01.html
3799,Bobby Phills,1991-92,1999-00,196.0,95.0,1969-12-20,56.0,Louisiana,Shooting Guard,Right,Southern University and A&M College,9,1991.0,2.0,18.0,Milwaukee Bucks,p/phillbo01.html
3800,Eric Piatkowski,1994-95,2007-08,201.0,97.0,1970-09-30,55.0,Ohio,Shooting Guard and Small Forward,Right,Nebraska,14,1994.0,1.0,15.0,Indiana Pacers,p/piatker01.html
3802,Jalen Pickett,2023-24,2025-26,188.0,91.0,1999-10-22,26.0,New York,Shooting Guard,Right,Siena College,3,2023.0,2.0,2.0,Indiana Pacers,p/pickeja02.html
3803,Jamorko Pickett,2021-22,2021-22,206.0,93.0,1997-12-24,28.0,District of Columbia,Small Forward and Power Forward,Right,Georgetown,1,,,,,p/pickeja01.html
3804,Paul Pierce,1998-99,2016-17,201.0,106.0,1977-10-13,48.0,California,Small Forward and Shooting Guard,Right,Kansas,19,1998.0,1.0,10.0,Boston Celtics,p/piercpa01.html
3805,Ricky Pierce,1982-83,1997-98,193.0,92.0,1959-08-19,66.0,Texas,Shooting Guard and Point Guard,Right,Walla Walla Community College,16,1982.0,1.0,18.0,Detroit Pistons,p/piercri01.html
3806,Stan Pietkiewicz,1978-79,1980-81,196.0,90.0,1956-07-14,70.0,Alabama,Shooting Guard and Point Guard,Right,Auburn,3,1978.0,7.0,2.0,San Diego Clippers,p/pietkst01.html
3807,Mickaël Piétrus,2003-04,2012-13,198.0,97.0,1982-02-07,44.0,Guadeloupe,"Small Forward, Shooting Guard, and Point Guard",Right,,10,2003.0,1.0,11.0,Golden State Warriors,p/pietrmi01.html
3808,John Pilch,1951-52,1951-52,190.0,83.0,1925-07-11,101.0,Wyoming,Forward,Right,Wyoming,1,1950.0,2.0,2.0,Baltimore Bullets,p/pilchjo01.html
3809,Ed Pinckney,1985-86,1996-97,206.0,88.0,1963-03-27,63.0,New York,Power Forward and Small Forward,Right,Villanova,12,1985.0,1.0,10.0,Phoenix Suns,p/pincked01.html
3810,Kevinn Pinkney,2006-07,2006-07,208.0,111.0,1983-10-20,42.0,California,Power Forward,Right,Nevada,1,,,,,p/pinknke01.html
3811,John Pinone,1983-84,1983-84,203.0,104.0,1961-02-19,65.0,Connecticut,Small Forward,Right,Villanova,1,1983.0,3.0,11.0,Atlanta Hawks,p/pinonjo01.html
3812,Theo Pinson,2018-19,2022-23,196.0,96.0,1995-11-05,30.0,North Carolina,Shooting Guard and Small Forward,Right,UNC,5,,,,,p/pinsoth01.html
3813,Dave Piontek,1956-57,1962-63,198.0,104.0,1934-08-27,91.0,Pennsylvania,Small Forward and Power Forward,Right,Xavier,7,1956.0,3.0,1.0,Rochester Royals,p/piontda01.html
3814,Tom Piotrowski,1983-84,1983-84,216.0,108.0,1960-10-17,65.0,Pennsylvania,Center,Right,La Salle,1,1983.0,3.0,15.0,Portland Trail Blazers,p/piotrto01.html
3815,Scottie Pippen,1987-88,2003-04,203.0,95.0,1965-09-25,60.0,Arkansas,Small Forward,Right,University of Central Arkansas,17,1987.0,1.0,5.0,Seattle SuperSonics,p/pippesc01.html
3816,Scotty Pippen Jr.,2022-23,2025-26,188.0,77.0,2000-11-10,25.0,Oregon,Point Guard,Right,Vanderbilt,4,,,,,p/pippesc02.html
3817,Charles Pittman,1982-83,1985-86,203.0,99.0,1958-03-23,68.0,North Carolina,Power Forward and Small Forward,Right,Maryland,4,1982.0,3.0,15.0,Phoenix Suns,p/pittmch01.html
3818,Dexter Pittman,2010-11,2013-14,211.0,139.0,1988-03-02,38.0,Texas,Center,Right,Texas,4,2010.0,2.0,2.0,Miami Heat,p/pittmde01.html
3819,Zoran Planinić,2003-04,2005-06,201.0,88.0,1982-09-12,43.0,Bosnia and Herzegovina,Point Guard and Shooting Guard,Right,,3,2003.0,1.0,22.0,New Jersey Nets,p/planizo01.html
3820,Tibor Pleiß,2015-16,2015-16,221.0,116.0,1989-11-02,36.0,Germany,Center,Right,,1,2010.0,2.0,1.0,New Jersey Nets,p/pleisti01.html
3821,Daeqwon Plowden,2024-25,2025-26,193.0,97.0,1998-08-29,27.0,Pennsylvania,Shooting Guard,Right,Bowling Green,2,,,,,p/plowdda01.html
3822,Marshall Plumlee,2016-17,2017-18,213.0,113.0,1992-07-14,34.0,Indiana,Center,Right,Duke,2,,,,,p/plumlma02.html
3823,Mason Plumlee,2013-14,2025-26,213.0,115.0,1990-03-05,36.0,Indiana,Center,,Duke,13,2013.0,1.0,22.0,Brooklyn Nets,p/plumlma01.html
3824,Miles Plumlee,2012-13,2018-19,211.0,112.0,1988-09-01,37.0,Indiana,Center,Right,Duke,7,2012.0,1.0,26.0,Indiana Pacers,p/plumlmi01.html
3825,Gary Plummer,1984-85,1992-93,206.0,97.0,1962-02-21,64.0,Michigan,Power Forward,Right,Boston University,2,1984.0,2.0,21.0,Golden State Warriors,p/plummga01.html
3826,Pavel Podkolzin,2004-05,2005-06,226.0,117.0,1985-01-15,41.0,Russia,Center,Right,,2,2004.0,1.0,21.0,Utah Jazz,p/podkopa01.html
3827,Brandin Podziemski,2023-24,2025-26,193.0,92.0,2003-02-25,23.0,Wisconsin,Shooting Guard,Left,Illinois,3,2023.0,1.0,19.0,Golden State Warriors,p/podzibr01.html
3828,Jakob Poeltl,2016-17,2025-26,213.0,114.0,1995-10-15,30.0,Austria,Center,Right,Utah,10,2016.0,1.0,9.0,Toronto Raptors,p/poeltja01.html
3829,Vincent Poirier,2019-20,2020-21,213.0,106.0,1993-10-17,32.0,France,Center,Right,,2,,,,,p/poirivi01.html
3830,Aleksej Pokusevski,2020-21,2023-24,213.0,95.0,2001-12-26,24.0,Serbia,Power Forward,Right,,4,2020.0,1.0,17.0,Minnesota Timberwolves,p/pokusal01.html
3831,Dwayne Polee,1986-87,1986-87,196.0,81.0,1963-03-02,63.0,California,Shooting Guard,Right,UNLV,1,1986.0,3.0,7.0,Los Angeles Clippers,p/poleedw01.html
3832,Jim Pollard,1949-50,1954-55,193.0,83.0,1922-07-09,104.0,California,Small Forward,Right,Stanford,6,1947.0,7.0,,Chicago Stags,p/pollaji01.html
3833,Scot Pollard,1997-98,2007-08,211.0,120.0,1975-02-12,51.0,Utah,Center,Right,Kansas,11,1997.0,1.0,19.0,Detroit Pistons,p/pollasc01.html
3834,Ralph Polson,1952-53,1952-53,201.0,90.0,1929-10-26,96.0,California,Power Forward,Right,Whitworth,1,1952.0,1.0,6.0,New York Knicks,p/polsora01.html
3835,Olden Polynice,1987-88,2003-04,213.0,113.0,1964-11-21,61.0,Haiti,Center,Right,Virginia,15,1987.0,1.0,8.0,Chicago Bulls,p/polynol01.html
3836,Cliff Pondexter,1975-76,1977-78,206.0,105.0,1954-09-15,71.0,California,Power Forward,Right,Cal State Long Beach,3,1974.0,1.0,16.0,Chicago Bulls,p/pondecl01.html
3837,Quincy Pondexter,2010-11,2018-19,201.0,104.0,1988-03-10,38.0,California,Small Forward and Shooting Guard,Right,Washington,7,2010.0,1.0,26.0,Oklahoma City Thunder,p/pondequ01.html
3838,Shamorie Ponds,2019-20,2019-20,183.0,79.0,1998-06-29,28.0,New York,Point Guard,Left,St. John's,1,,,,,p/pondssh01.html
3839,Yves Pons,2021-22,2021-22,196.0,93.0,1999-05-07,27.0,Haiti,Small Forward,Left,Tennessee,1,,,,,p/ponsyv01.html
3840,Jordan Poole,2019-20,2025-26,193.0,87.0,1999-06-19,27.0,Wisconsin,Shooting Guard and Point Guard,Right,Michigan,7,2019.0,1.0,28.0,Golden State Warriors,p/poolejo01.html
3841,David Pope,1984-85,1985-86,201.0,99.0,1962-04-15,64.0,Virginia,Small Forward,Right,Norfolk State,2,1984.0,3.0,15.0,Utah Jazz,p/popeda01.html
3842,Mark Pope,1997-98,2004-05,208.0,106.0,1972-09-11,53.0,Nebraska,Power Forward and Small Forward,Right,Washington,6,1996.0,2.0,23.0,Indiana Pacers,p/popema01.html
3843,Dave Popson,1988-89,1991-92,208.0,99.0,1964-05-17,62.0,Pennsylvania,Power Forward,Right,UNC,3,1987.0,4.0,19.0,Detroit Pistons,p/popsoda01.html
3844,Ben Poquette,1977-78,1986-87,206.0,106.0,1955-05-07,71.0,Michigan,Power Forward and Center,Right,Central Michigan University,10,1977.0,2.0,14.0,Detroit Pistons,p/poquebe01.html
3845,Chris Porter,2000-01,2000-01,201.0,98.0,1978-05-09,48.0,Alabama,Small Forward,Right,Auburn,1,2000.0,2.0,26.0,Golden State Warriors,p/portech01.html
3846,Craig Porter Jr.,2023-24,2025-26,185.0,81.0,2000-02-26,26.0,Indiana,Point Guard,Right,Vincennes University,3,,,,,p/portecr01.html
3847,Howard Porter,1971-72,1977-78,203.0,99.0,1948-08-31,77.0,Florida,Small Forward and Power Forward,Right,Villanova,7,1971.0,2.0,15.0,Chicago Bulls,p/porteho01.html
3848,Jontay Porter,2020-21,2023-24,211.0,108.0,1999-11-15,26.0,Missouri,Power Forward,Left,Missouri,2,,,,,p/portejo01.html
3849,Kevin Porter,1972-73,1982-83,183.0,77.0,1950-04-17,76.0,Illinois,Point Guard,Right,Saint Francis University,10,1972.0,3.0,9.0,Baltimore Bullets,p/porteke01.html
3850,Kevin Porter Jr.,2019-20,2025-26,196.0,92.0,2000-05-04,26.0,Washington,"Shooting Guard, Point Guard, and Small Forward",Left,USC,6,2019.0,1.0,30.0,Milwaukee Bucks,p/porteke02.html
3851,Michael Porter Jr.,2019-20,2025-26,208.0,98.0,1998-06-29,28.0,Indiana,Small Forward,Right,Missouri,7,2018.0,1.0,14.0,Denver Nuggets,p/portemi01.html
3852,Otto Porter Jr.,2013-14,2023-24,203.0,89.0,1993-06-03,33.0,Missouri,Small Forward and Power Forward,Right,Georgetown,11,2013.0,1.0,3.0,Washington Wizards,p/porteot01.html
3853,Terry Porter,1985-86,2001-02,190.0,88.0,1963-04-08,63.0,Wisconsin,Point Guard,Right,University of Wisconsin-Stevens Point,17,1985.0,1.0,24.0,Portland Trail Blazers,p/portete01.html
3855,Bobby Portis,2015-16,2025-26,206.0,113.0,1995-02-10,31.0,Arkansas,Power Forward and Center,Right,Arkansas,11,2015.0,1.0,22.0,Chicago Bulls,p/portibo01.html
3856,Bob Portman,1969-70,1972-73,196.0,90.0,1947-03-22,79.0,California,Shooting Guard and Small Forward,Right,Creighton,4,1969.0,1.0,7.0,San Francisco Warriors,p/portmbo01.html
3857,Kristaps Porziņģis,2015-16,2025-26,218.0,108.0,1995-08-02,30.0,Latvia,Center and Power Forward,Right,,10,2015.0,1.0,4.0,New York Knicks,p/porzikr01.html
3858,James Posey,1999-00,2010-11,203.0,97.0,1977-01-13,49.0,Ohio,"Small Forward, Shooting Guard, and Power Forward",Right,Xavier,12,1999.0,1.0,18.0,Denver Nuggets,p/poseyja01.html
3859,Quinten Post,2024-25,2025-26,213.0,107.0,2000-03-21,26.0,Netherlands,Power Forward,Right,Mississippi State,2,2024.0,2.0,22.0,Golden State Warriors,p/postqu01.html
3860,Lavor Postell,2000-01,2002-03,196.0,97.0,1978-02-26,48.0,Georgia,Shooting Guard,Right,St. John's,3,2000.0,2.0,10.0,New York Knicks,p/postela01.html
3862,Vitaly Potapenko,1996-97,2006-07,208.0,127.0,1975-03-21,51.0,Ukraine,Center,Right,Wright State University,11,1996.0,1.0,12.0,Cleveland Cavaliers,p/potapvi01.html
3863,Micah Potter,2021-22,2025-26,206.0,112.0,1998-04-06,28.0,Ohio,Center and Power Forward,Right,Ohio State,5,,,,,p/pottemi01.html
3864,John Poulakidas,2025-26,2025-26,198.0,92.0,2003-04-04,23.0,Illinois,Shooting Guard,Left,Yale,1,,,,,p/poulajo01.html
3865,Leon Powe,2006-07,2010-11,203.0,108.0,1984-01-22,42.0,California,"Center, Power Forward, and Small Forward",Right,California,5,2006.0,2.0,19.0,Denver Nuggets,p/powele01.html
3867,Drake Powell,2025-26,2025-26,196.0,88.0,2005-09-08,20.0,North Carolina,Shooting Guard,Right,UNC,1,2025.0,1.0,22.0,Atlanta Hawks,p/poweldr01.html
3868,Dwight Powell,2014-15,2025-26,208.0,108.0,1991-07-20,34.0,Ontario,Center and Power Forward,Right,Stanford,12,2014.0,2.0,15.0,Charlotte Hornets,p/poweldw01.html
3869,Josh Powell,2005-06,2013-14,206.0,102.0,1983-01-25,43.0,South Carolina,Power Forward and Center,Right,NC State,7,,,,,p/poweljo01.html
3870,Kasib Powell,2007-08,2007-08,201.0,97.0,1981-03-18,45.0,New Jersey,Small Forward,Right,Texas Tech,1,,,,,p/powelka01.html
3871,Myles Powell,2021-22,2021-22,188.0,88.0,1997-07-07,29.0,New Jersey,Point Guard,Right,Seton Hall,1,,,,,p/powelmy01.html
3872,Norman Powell,2015-16,2025-26,190.0,97.0,1993-05-25,33.0,California,Shooting Guard and Small Forward,Right,UCLA,11,2015.0,2.0,16.0,Milwaukee Bucks,p/powelno01.html
3873,Roger Powell,2006-07,2006-07,198.0,106.0,1983-01-15,43.0,Illinois,Small Forward,Right,Illinois,1,,,,,p/powelro01.html
3874,Alex Poythress,2016-17,2018-19,206.0,106.0,1993-09-06,32.0,Georgia,Power Forward,Right,Kentucky,3,,,,,p/poythal01.html
3877,Paul Pressey,1982-83,1992-93,196.0,83.0,1958-12-24,67.0,Virginia,Shooting Guard and Small Forward,Right,Western Texas College,11,1982.0,1.0,20.0,Milwaukee Bucks,p/presspa01.html
3878,Phil Pressey,2013-14,2015-16,180.0,79.0,1991-02-17,35.0,Texas,Point Guard,Right,Missouri,3,,,,,p/pressph01.html
3879,Dominic Pressley,1988-89,1988-89,188.0,77.0,1964-05-30,62.0,District of Columbia,Point Guard,Right,Boston College,1,1986.0,5.0,6.0,Seattle SuperSonics,p/pressdo01.html
3880,Harold Pressley,1986-87,1989-90,201.0,95.0,1963-07-14,63.0,New York,Small Forward and Power Forward,Right,Villanova,4,1986.0,1.0,17.0,Sacramento Kings,p/pressha01.html
3881,Jason Preston,2022-23,2023-24,190.0,82.0,1999-08-10,26.0,Florida,Point Guard,Right,Ohio University,2,2021.0,2.0,3.0,Orlando Magic,p/prestja01.html
3883,A.J. Price,2009-10,2014-15,188.0,82.0,1986-10-07,39.0,New Jersey,Point Guard and Shooting Guard,Right,UConn,6,2009.0,2.0,22.0,Indiana Pacers,p/priceaj01.html
3884,Brent Price,1992-93,2001-02,185.0,74.0,1968-12-09,57.0,Oklahoma,Point Guard,Right,South Carolina,9,1992.0,2.0,5.0,Washington Bullets,p/pricebr01.html
3885,Jim Price,1972-73,1978-79,190.0,88.0,1949-11-27,76.0,Kentucky,Point Guard,Right,Louisville,7,1972.0,2.0,3.0,Los Angeles Lakers,p/priceji01.html
3886,Mark Price,1986-87,1997-98,183.0,77.0,1964-02-15,62.0,Oklahoma,Point Guard,Right,Georgia Tech,12,1986.0,2.0,1.0,Dallas Mavericks,p/pricema01.html
3887,Mike Price,1970-71,1972-73,190.0,90.0,1948-09-11,77.0,Kentucky,Shooting Guard,Right,Illinois,3,1970.0,1.0,17.0,New York Knicks,p/pricemi01.html
3888,Ronnie Price,2005-06,2016-17,188.0,86.0,1983-06-21,43.0,Texas,Point Guard and Shooting Guard,Right,Nicholls State,12,,,,,p/pricero01.html
3889,Tony Price,1980-81,1980-81,198.0,86.0,1957-01-05,69.0,New York,Shooting Guard,Right,Penn,1,1979.0,2.0,7.0,Detroit Pistons,p/priceto01.html
3890,Bob Priddy,1952-53,1952-53,190.0,86.0,1930-03-24,96.0,Oklahoma,Forward,Right,New Mexico State,1,1952.0,6.0,,Baltimore Bullets,p/priddbo01.html
3891,Pablo Prigioni,2012-13,2015-16,190.0,83.0,1977-05-17,49.0,Argentina,Point Guard,Right,,4,,,,,p/prigipa01.html
3892,Joshua Primo,2021-22,2023-24,193.0,85.0,2002-12-24,23.0,Ontario,Shooting Guard and Small Forward,Right,Alabama,3,2021.0,1.0,12.0,San Antonio Spurs,p/primojo01.html
3893,Taurean Prince,2016-17,2025-26,198.0,98.0,1994-03-22,32.0,Texas,Power Forward and Small Forward,Right,Baylor,10,2016.0,1.0,12.0,Utah Jazz,p/princta02.html
3894,Tayshaun Prince,2002-03,2015-16,206.0,96.0,1980-02-28,46.0,California,Small Forward,Left,Kentucky,14,2002.0,1.0,23.0,Detroit Pistons,p/princta01.html
3895,John Pritchard,1949-50,1949-50,206.0,99.0,1927-01-23,99.0,Minnesota,Center,Right,Drake University,1,1949.0,,,St. Louis Bombers,p/pritcjo01.html
3896,Kevin Pritchard,1990-91,1995-96,190.0,81.0,1967-07-17,58.0,Indiana,Point Guard,Right,Kansas,4,1990.0,2.0,7.0,Golden State Warriors,p/pritcke01.html
3897,Payton Pritchard,2020-21,2025-26,185.0,88.0,1998-01-28,28.0,Oregon,Point Guard and Shooting Guard,Right,Oregon,6,2020.0,1.0,26.0,Boston Celtics,p/pritcpa01.html
3898,Tyrese Proctor,2025-26,2025-26,193.0,83.0,2004-04-01,22.0,Australia,Point Guard,Right,Duke,1,2025.0,2.0,19.0,Cleveland Cavaliers,p/proctty01.html
3899,Laron Profit,1999-00,2005-06,196.0,92.0,1977-08-05,48.0,South Carolina,"Shooting Guard, Small Forward, and Point Guard",Right,Maryland,4,1999.0,2.0,9.0,Orlando Magic,p/profila01.html
3900,Olivier-Maxence Prosper,2023-24,2025-26,201.0,104.0,2002-07-03,24.0,Quebec,Power Forward,Right,Clemson,3,2023.0,1.0,24.0,Sacramento Kings,p/prospol01.html
3901,Gabe Pruitt,2007-08,2008-09,193.0,77.0,1986-04-19,40.0,California,Shooting Guard and Point Guard,Right,USC,2,2007.0,2.0,2.0,Boston Celtics,p/pruitga01.html
3902,Joel Przybilla,2000-01,2012-13,216.0,115.0,1979-10-10,46.0,Minnesota,Center,Right,Minnesota,13,2000.0,1.0,9.0,Houston Rockets,p/przybjo01.html
3903,Les Pugh,1949-50,1949-50,201.0,86.0,1922-09-18,103.0,Ohio,Center/Forward,Right,Ohio State,1,,,,,p/pughle01.html
3905,Anthony Pullard,1992-93,1992-93,208.0,111.0,1966-06-23,60.0,Louisiana,Power Forward,Right,McNeese State University,1,,,,,p/pullaan01.html
3906,Jacob Pullen,2017-18,2017-18,185.0,90.0,1989-11-10,36.0,Illinois,Point Guard,Right,Kansas State,1,,,,,p/pulleja01.html
3907,Zyon Pullin,2024-25,2025-26,193.0,93.0,2001-03-03,25.0,California,Shooting Guard,Right,"University of California, Riverside",2,,,,,p/pullizy01.html
3908,Rodney Purvis,2017-18,2017-18,193.0,92.0,1994-02-14,32.0,North Carolina,Shooting Guard,Right,UConn,1,,,,,p/purviro01.html
3909,Don Putman,1949-50,1949-50,185.0,77.0,1922-11-13,103.0,Colorado,Guard,Right,Colorado,1,,,,,p/putnado01.html
3910,Zhou Qi,2017-18,2018-19,216.0,95.0,1996-01-16,30.0,China,Power Forward and Center,Right,,2,2016.0,2.0,13.0,Houston Rockets,q/qizh01.html
3911,Tim Quarterman,2016-17,2017-18,198.0,86.0,1994-10-27,31.0,Georgia,Shooting Guard,Right,LSU,2,,,,,q/quartti01.html
3912,Derik Queen,2025-26,2025-26,206.0,113.0,2004-12-27,21.0,Maryland,Center,Right,Maryland,1,2025.0,1.0,13.0,Atlanta Hawks,q/queende01.html
3913,Trevelin Queen,2021-22,2024-25,196.0,86.0,1997-02-25,29.0,Maryland,Shooting Guard,Right,College of Marin,4,,,,,q/queentr01.html
3914,Neemias Queta,2021-22,2025-26,213.0,112.0,1999-07-13,27.0,Portugal,Center,Right,Utah State University,5,2021.0,2.0,9.0,Sacramento Kings,q/quetane01.html
3915,Bob Quick,1968-69,1971-72,196.0,97.0,1946-03-05,80.0,Mississippi,Small Forward,Right,Xavier,4,1968.0,2.0,4.0,Baltimore Bullets,q/quickbo01.html
3916,Immanuel Quickley,2020-21,2025-26,188.0,86.0,1999-06-17,27.0,Maryland,Point Guard and Shooting Guard,Right,Kentucky,6,2020.0,1.0,25.0,Oklahoma City Thunder,q/quickim01.html
3917,Chris Quinn,2006-07,2012-13,188.0,83.0,1983-09-27,42.0,Louisiana,Point Guard and Shooting Guard,Right,Notre Dame,6,,,,,q/quinnch01.html
3918,Brian Quinnett,1989-90,1991-92,203.0,106.0,1966-05-30,60.0,Washington,Shooting Guard,Right,Washington State,3,1989.0,2.0,23.0,New York Knicks,q/quinnbr01.html
3919,Lester Quiñones,2022-23,2024-25,196.0,94.0,2000-11-16,25.0,New York,Shooting Guard,Right,Memphis,3,,,,,q/quinole01.html
3920,Ivan Rabb,2017-18,2018-19,208.0,99.0,1997-02-04,29.0,California,Power Forward,Right,California,2,2017.0,2.0,5.0,Orlando Magic,r/rabbiv01.html
3921,Luther Rackley,1969-70,1973-74,208.0,99.0,1946-06-11,80.0,Georgia,Center,Right,Xavier,5,1969.0,3.0,8.0,Cincinnati Royals,r/rackllu01.html
3923,Mark Radford,1981-82,1982-83,193.0,86.0,1959-07-05,67.0,Washington,Shooting Guard,Right,Oregon State,2,1981.0,3.0,7.0,Seattle SuperSonics,r/radfoma01.html
3924,Wayne Radford,1978-79,1978-79,190.0,92.0,1956-05-29,70.0,Indiana,Shooting Guard,Right,Indiana,1,1978.0,2.0,5.0,Indiana Pacers,r/radfowa01.html
3925,Dino Radja,1993-94,1996-97,211.0,102.0,1967-04-24,59.0,Croatia,Power Forward and Center,Right,,4,1989.0,2.0,13.0,Boston Celtics,r/radjadi01.html
3926,Vladimir Radmanović,2001-02,2012-13,208.0,102.0,1980-11-19,45.0,Bosnia and Herzegovina,Power Forward and Small Forward,Right,,12,2001.0,1.0,12.0,Seattle SuperSonics,r/radmavl01.html
3927,Aleksandar Radojević,1999-00,2004-05,221.0,113.0,1976-08-08,49.0,Montenegro,Center,Right,Barton County Community College,2,1999.0,1.0,12.0,Toronto Raptors,r/radojal01.html
3928,Frank Radovich,1961-62,1961-62,203.0,106.0,1938-03-03,88.0,Indiana,Power Forward,Right,Indiana,1,1960.0,2.0,6.0,St. Louis Hawks,r/radovfr01.html
3929,Moe Radovich,1952-53,1952-53,183.0,72.0,1929-05-05,97.0,Wyoming,Point Guard,Right,Wyoming,1,1952.0,3.0,,Philadelphia Warriors,r/radovmo01.html
3930,Miroslav Raduljica,2013-14,2014-15,213.0,113.0,1988-01-05,38.0,Serbia,Center,Right,,2,,,,,r/radulmi01.html
3931,Ray Radziszewski,1957-58,1957-58,196.0,95.0,1935-03-01,91.0,New Jersey,Forward,Right,Saint Joseph's,1,1957.0,4.0,6.0,Philadelphia Warriors,r/radzira01.html
3932,Ray Ragelis,1951-52,1951-52,193.0,92.0,1928-12-10,97.0,Indiana,Small Forward,Right,Northwestern,1,1951.0,2.0,8.0,Rochester Royals,r/ragelra01.html
3933,Sherwin Raiken,1952-53,1952-53,188.0,83.0,1928-10-29,97.0,Pennsylvania,Guard,Right,Villanova,1,,,,,r/raikesh01.html
3934,Ed Rains,1981-82,1982-83,201.0,86.0,1956-12-24,69.0,Florida,Small Forward,Right,University of South Alabama,2,1981.0,2.0,7.0,San Antonio Spurs,r/rainsed01.html
3935,Igor Rakočević,2002-03,2002-03,190.0,83.0,1978-03-29,48.0,Serbia,Point Guard,Right,,1,2000.0,2.0,22.0,Minnesota Timberwolves,r/rakocig01.html
3936,Kurt Rambis,1981-82,1994-95,203.0,96.0,1958-02-25,68.0,Indiana,Power Forward,Right,Santa Clara,14,1980.0,3.0,12.0,New York Knicks,r/rambiku01.html
3937,Peter John Ramos,2004-05,2004-05,221.0,124.0,1985-05-13,41.0,Puerto Rico,Center,Right,,1,2004.0,2.0,3.0,Washington Wizards,r/ramospe01.html
3938,Cal Ramsey,1959-60,1960-61,193.0,90.0,1937-07-13,89.0,Alabama,Small Forward,Right,NYU,2,1959.0,2.0,7.0,St. Louis Hawks,r/ramseca01.html
3939,Frank Ramsey,1954-55,1963-64,190.0,86.0,1931-07-13,95.0,Kentucky,Shooting Guard and Small Forward,Right,Kentucky,9,1953.0,1.0,6.0,Boston Celtics,r/ramsefr01.html
3940,Jahmi'us Ramsey,2020-21,2023-24,190.0,86.0,2001-06-09,25.0,Texas,Shooting Guard,Right,Texas Tech,3,2020.0,2.0,13.0,Sacramento Kings,r/ramseja01.html
3942,Mark Randall,1991-92,1994-95,203.0,106.0,1967-09-30,58.0,Minnesota,Power Forward,Right,Kansas,4,1991.0,1.0,26.0,Chicago Bulls,r/randama01.html
3943,Chasson Randle,2016-17,2020-21,188.0,83.0,1993-02-05,33.0,Illinois,Point Guard,Right,Stanford,4,,,,,r/randlch01.html
3944,Julius Randle,2014-15,2025-26,206.0,113.0,1994-11-29,31.0,Texas,Power Forward and Center,Left,Kentucky,12,2014.0,1.0,7.0,Los Angeles Lakers,r/randlju01.html
3945,Anthony Randolph,2008-09,2013-14,208.0,92.0,1989-07-15,37.0,Germany,Power Forward and Center,Left,LSU,6,2008.0,1.0,14.0,Golden State Warriors,r/randoan01.html
3946,Shavlik Randolph,2005-06,2014-15,208.0,108.0,1983-11-24,42.0,North Carolina,Power Forward,Right,Duke,8,,,,,r/randosh01.html
3947,Zach Randolph,2001-02,2017-18,206.0,113.0,1981-07-16,45.0,Indiana,Power Forward and Center,Left,Michigan State,17,2001.0,1.0,19.0,Portland Trail Blazers,r/randoza01.html
3948,Wally Rank,1980-81,1980-81,198.0,99.0,1958-03-01,68.0,California,Small Forward,Right,San Jose State,1,1980.0,5.0,7.0,San Diego Clippers,r/rankwa01.html
3949,Kelvin Ransey,1980-81,1985-86,185.0,77.0,1958-05-03,68.0,Ohio,Point Guard,Right,Ohio State,6,1980.0,1.0,4.0,Chicago Bulls,r/ranseke01.html
3950,Sam Ranzino,1951-52,1951-52,185.0,83.0,1928-06-23,98.0,Indiana,Shooting Guard,Right,NC State,1,1951.0,1.0,8.0,Rochester Royals,r/ranzisa01.html
3952,Blair Rasmussen,1985-86,1992-93,213.0,113.0,1962-11-13,63.0,Washington,Center,Right,Oregon,8,1985.0,1.0,15.0,Denver Nuggets,r/rasmubl01.html
3953,Xavier Rathan-Mayes,2017-18,2017-18,193.0,94.0,1994-04-29,32.0,Ontario,Shooting Guard,Right,Florida State,1,,,,,r/rathaxa01.html
3954,George Ratkovicz,1949-50,1954-55,198.0,99.0,1922-11-13,103.0,Illinois,Power Forward,Right,,6,,,,,r/ratkoge01.html
3955,Ed Ratleff,1973-74,1977-78,198.0,88.0,1950-03-29,76.0,Ohio,Small Forward,Right,Cal State Long Beach,5,1973.0,1.0,6.0,Houston Rockets,r/ratleed01.html
3956,Mike Ratliff,1972-73,1973-74,208.0,104.0,1951-06-07,75.0,Mississippi,Center,Right,University of Wisconsin-Eau Claire,2,1972.0,2.0,15.0,Kansas City-Omaha Kings,r/ratlimi01.html
3957,Theo Ratliff,1995-96,2010-11,208.0,102.0,1973-04-17,53.0,Alabama,Center and Power Forward,Right,Wyoming,16,1995.0,1.0,18.0,Detroit Pistons,r/ratlith01.html
3958,Andy Rautins,2010-11,2010-11,193.0,86.0,1986-11-02,39.0,New York,Shooting Guard,Right,Syracuse,1,2010.0,2.0,8.0,New York Knicks,r/rautian01.html
3959,Leo Rautins,1983-84,1984-85,203.0,97.0,1960-03-20,66.0,Ontario,Small Forward,Left,Minnesota,2,1983.0,1.0,17.0,Philadelphia 76ers,r/rautile01.html
3960,Allan Ray,2006-07,2006-07,188.0,86.0,1984-06-17,42.0,New York,Shooting Guard,Right,Villanova,1,,,,,r/rayal01.html
3961,Clifford Ray,1971-72,1980-81,206.0,104.0,1949-01-21,77.0,South Carolina,Center,Right,Oklahoma,10,1971.0,3.0,5.0,Chicago Bulls,r/raycl01.html
3962,Don Ray,1949-50,1949-50,196.0,86.0,1921-07-08,105.0,Tennessee,Forward/Center,Right,Western Kentucky,1,1948.0,1.0,11.0,Philadelphia Warriors,r/raydo01.html
3963,James Ray,1980-81,1982-83,203.0,97.0,1957-07-27,68.0,Louisiana,Power Forward,Right,Jacksonville University,3,1980.0,1.0,5.0,Denver Nuggets,r/rayja01.html
3964,Jim Ray,1956-57,1959-60,185.0,81.0,1934-01-12,92.0,United States,Guard,Right,Toledo,2,1956.0,5.0,5.0,Syracuse Nationals,r/rayji01.html
3966,Craig Raymond,1968-69,1968-69,211.0,106.0,1945-04-05,81.0,Washington,Center,Right,BYU,1,1967.0,1.0,12.0,Philadelphia 76ers,r/raymocr01.html
3967,Maxime Raynaud,2025-26,2025-26,216.0,113.0,2003-04-07,23.0,France,Center and Power Forward,Right,Stanford,1,2025.0,2.0,12.0,Sacramento Kings,r/raynama01.html
3968,Connie Rea,1953-54,1953-54,190.0,79.0,1931-01-27,95.0,Indiana,Guard/Forward,Right,Centenary (LA),1,1953.0,8.0,,Baltimore Bullets,r/reaco01.html
3969,Duop Reath,2023-24,2025-26,206.0,111.0,1996-06-26,30.0,South Sudan,Center,Right,Lee College,3,,,,,r/reathdu01.html
3970,Austin Reaves,2021-22,2025-26,196.0,89.0,1998-05-29,28.0,Arkansas,Shooting Guard,Right,Wichita State,5,,,,,r/reaveau01.html
3971,Joe Reaves,1973-74,1973-74,196.0,95.0,1950-05-27,76.0,Tennessee,Small Forward,Right,Bethel College,1,1973.0,3.0,7.0,Phoenix Suns,r/reavejo01.html
3972,Josh Reaves,2019-20,2019-20,193.0,97.0,1997-06-04,29.0,Virginia,Small Forward,Left,Penn State,1,,,,,r/reavejo02.html
3973,Željko Rebrača,2001-02,2005-06,213.0,116.0,1972-04-09,54.0,Serbia,Center,Right,,5,1994.0,2.0,27.0,Seattle SuperSonics,r/rebraze01.html
3974,Eldridge Recasner,1994-95,2001-02,190.0,86.0,1967-12-14,58.0,Louisiana,Shooting Guard and Point Guard,Right,Washington,8,,,,,r/recasel01.html
3975,Michael Redd,2000-01,2011-12,198.0,99.0,1979-08-24,46.0,Ohio,Shooting Guard and Small Forward,Left,Ohio State,12,2000.0,2.0,14.0,Milwaukee Bucks,r/reddmi01.html
3976,Cam Reddish,2019-20,2024-25,201.0,104.0,1999-09-01,26.0,Pennsylvania,Small Forward,Right,Duke,6,2019.0,1.0,10.0,Atlanta Hawks,r/reddica01.html
3977,Frank Reddout,1953-54,1953-54,196.0,88.0,1931-03-04,95.0,New York,Forward,Right,Syracuse,1,1953.0,3.0,,Rochester Royals,r/reddofr01.html
3978,JJ Redick,2006-07,2020-21,190.0,90.0,1984-06-24,42.0,Tennessee,Shooting Guard and Point Guard,Right,Duke,15,2006.0,1.0,11.0,Orlando Magic,r/redicjj01.html
3979,Marlon Redmond,1978-79,1979-80,198.0,85.0,1955-04-15,71.0,California,Shooting Guard,Right,San Francisco,2,1977.0,3.0,16.0,Golden State Warriors,r/redmoma01.html
3980,Davon Reed,2017-18,2022-23,196.0,93.0,1995-06-11,31.0,New Jersey,Shooting Guard,Right,Miami (FL),4,2017.0,2.0,2.0,Phoenix Suns,r/reedda01.html
3981,Hub Reed,1958-59,1964-65,206.0,97.0,1936-10-04,89.0,Oklahoma,Center and Power Forward,Right,Oklahoma City University,7,1958.0,2.0,7.0,St. Louis Hawks,r/reedhu01.html
3982,Justin Reed,2004-05,2006-07,203.0,108.0,1982-01-16,44.0,Mississippi,Small Forward and Power Forward,Right,Ole Miss,3,2004.0,2.0,11.0,Boston Celtics,r/reedju01.html
3983,Paul Reed,2020-21,2025-26,206.0,95.0,1999-06-14,27.0,Florida,Center and Power Forward,Right,DePaul,6,2020.0,2.0,28.0,Philadelphia 76ers,r/reedpa01.html
3984,Ron Reed,1965-66,1966-67,196.0,92.0,1942-11-02,83.0,Indiana,Power Forward,Right,Notre Dame,2,1965.0,3.0,3.0,Detroit Pistons,r/reedro01.html
3985,Willie Reed,2015-16,2017-18,211.0,111.0,1990-05-16,36.0,Missouri,Center,Right,Saint Louis,3,,,,,r/reedwi02.html
3986,Willis Reed,1964-65,1973-74,208.0,106.0,1942-06-25,84.0,Louisiana,Center and Power Forward,Left,Grambling State University,10,1964.0,2.0,1.0,New York Knicks,r/reedwi01.html
3987,Alex Reese,2024-25,2024-25,206.0,111.0,1999-05-21,27.0,Alabama,Power Forward,Right,Alabama,1,,,,,r/reeseal01.html
3988,Julian Reese,2025-26,2025-26,206.0,104.0,2003-06-30,23.0,Maryland,Power Forward,Left,Maryland,1,,,,,r/reeseju01.html
3989,Antonio Reeves,2024-25,2025-26,196.0,92.0,2000-11-20,25.0,Illinois,Shooting Guard,Right,Illinois State,2,2024.0,2.0,17.0,Orlando Magic,r/reevean01.html
3990,Bryant Reeves,1995-96,2000-01,213.0,124.0,1973-06-08,53.0,Arkansas,Center,Right,Oklahoma State,6,1995.0,1.0,6.0,Vancouver Grizzlies,r/reevebr01.html
3991,Khalid Reeves,1994-95,1999-00,190.0,90.0,1972-07-15,54.0,New York,Point Guard,Right,Arizona,6,1994.0,1.0,12.0,Miami Heat,r/reevekh01.html
3992,Richie Regan,1955-56,1957-58,188.0,81.0,1930-11-30,95.0,New Jersey,Point Guard and Shooting Guard,Right,Seton Hall,3,1953.0,1.0,5.0,Rochester Royals,r/reganri01.html
3993,Don Rehfeldt,1950-51,1951-52,201.0,95.0,1927-01-07,99.0,Illinois,Small Forward,Left,Wisconsin,2,1950.0,1.0,2.0,Baltimore Bullets,r/rehfedo01.html
3994,Billy Reid,1980-81,1980-81,196.0,86.0,1957-09-10,68.0,New York,Shooting Guard,Right,New Mexico,1,1979.0,5.0,10.0,Indiana Pacers,r/reidbi01.html
3995,Don Reid,1995-96,2002-03,203.0,113.0,1973-12-30,52.0,District of Columbia,Power Forward,Right,Georgetown,8,1995.0,2.0,29.0,Detroit Pistons,r/reiddo01.html
3996,J.R. Reid,1989-90,2000-01,206.0,112.0,1968-03-31,58.0,Virginia,Power Forward and Center,Right,UNC,11,1989.0,1.0,5.0,Charlotte Hornets,r/reidjr01.html
3997,Jim Reid,1967-68,1967-68,198.0,95.0,1945-08-03,80.0,United States,Forward,Right,Winston-Salem State,1,1967.0,5.0,10.0,Philadelphia 76ers,r/reidji01.html
3998,Naz Reid,2019-20,2025-26,206.0,119.0,1999-08-26,26.0,New Jersey,Center and Power Forward,Right,LSU,7,,,,,r/reidna01.html
3999,Robert Reid,1977-78,1990-91,203.0,92.0,1955-08-30,70.0,Georgia,Small Forward and Shooting Guard,Right,St. Mary's University,13,1977.0,2.0,18.0,Houston Rockets,r/reidro01.html
4000,Ryan Reid,2011-12,2011-12,203.0,105.0,1986-10-30,39.0,Florida,Power Forward,Right,Florida State,1,2010.0,2.0,27.0,Indiana Pacers,r/reidry01.html
4001,Jared Reiner,2004-05,2006-07,211.0,115.0,1982-04-08,44.0,South Dakota,Center,Right,Iowa,2,,,,,r/reineja01.html
4002,Chick Reiser,1949-50,1949-50,180.0,74.0,1914-12-17,111.0,New York,Guard/Forward,Right,NYU,1,1947.0,9.0,,Baltimore Bullets,r/reisech01.html
4003,Richard Rellford,1987-88,1987-88,198.0,104.0,1964-02-16,62.0,Florida,Small Forward,Right,Michigan,1,1986.0,5.0,2.0,Indiana Pacers,r/rellfri01.html
4004,Terrence Rencher,1995-96,1995-96,190.0,83.0,1973-02-19,53.0,New York,Point Guard,Right,Texas,1,1995.0,2.0,3.0,Washington Bullets,r/renchte01.html
4005,John Rennicke,1951-52,1951-52,188.0,83.0,1929-08-11,96.0,Illinois,Guard,Right,Drake University,1,1951.0,6.0,2.0,Tri-Cities Blackhawks,r/rennijo01.html
4007,Efthimios Rentzias,2002-03,2002-03,211.0,113.0,1976-01-11,50.0,Greece,Center,Right,,1,1996.0,1.0,23.0,Denver Nuggets,r/rentzef01.html
4008,Shawn Respert,1995-96,1998-99,185.0,88.0,1972-02-06,54.0,Michigan,Shooting Guard,Right,Michigan State,4,1995.0,1.0,8.0,Portland Trail Blazers,r/respesh01.html
4009,Kevin Restani,1974-75,1981-82,206.0,102.0,1951-12-23,74.0,California,Power Forward and Small Forward,Right,San Francisco,8,1974.0,3.0,3.0,Cleveland Cavaliers,r/restake01.html
4010,Cameron Reynolds,2018-19,2020-21,201.0,102.0,1995-02-07,31.0,Texas,Small Forward and Shooting Guard,Left,Tulane,2,,,,,r/reynoca01.html
4011,George Reynolds,1969-70,1969-70,193.0,88.0,1947-11-23,78.0,United States,Guard,Right,Houston,1,1969.0,9.0,4.0,Detroit Pistons,r/reynoge01.html
4012,Jerry Reynolds,1985-86,1995-96,203.0,90.0,1962-12-23,63.0,New York,Small Forward and Shooting Guard,Right,LSU,8,1985.0,1.0,22.0,Milwaukee Bucks,r/reynoje01.html
4014,Jared Rhoden,2022-23,2024-25,196.0,95.0,1999-08-27,26.0,New York,Shooting Guard,Right,Seton Hall,3,,,,,r/rhodeja01.html
4015,Gene Rhodes,1952-53,1952-53,185.0,77.0,1927-09-02,98.0,Missouri,Shooting Guard,Right,Western Kentucky,1,1952.0,4.0,,Indianapolis Olympians,r/rhodege01.html
4016,Rodrick Rhodes,1997-98,1999-00,198.0,102.0,1973-09-24,52.0,New Jersey,Small Forward and Shooting Guard,Right,Kentucky,3,1997.0,1.0,24.0,Houston Rockets,r/rhodero01.html
4017,Glen Rice,1989-90,2003-04,203.0,97.0,1967-05-28,59.0,Arkansas,Small Forward,Right,Michigan,15,1989.0,1.0,4.0,Miami Heat,r/ricegl01.html
4018,Glen Rice Jr.,2013-14,2014-15,198.0,93.0,1991-01-01,35.0,Florida,Shooting Guard,Right,Georgia Tech,2,2013.0,2.0,5.0,Philadelphia 76ers,r/ricegl02.html
4019,Chris Richard,2007-08,2009-10,206.0,122.0,1984-12-25,41.0,Florida,Power Forward and Center,Right,Florida,2,2007.0,2.0,11.0,Minnesota Timberwolves,r/richach01.html
4020,Will Richard,2025-26,2025-26,190.0,93.0,2002-12-24,23.0,Georgia,Shooting Guard,Right,Belmont,1,2025.0,2.0,26.0,Memphis Grizzlies,r/richawi02.html
4021,Nick Richards,2020-21,2025-26,211.0,111.0,1997-11-29,28.0,Jamaica,Center and Power Forward,Right,Kentucky,6,2020.0,2.0,12.0,New Orleans Pelicans,r/richani01.html
4022,Clint Richardson,1979-80,1986-87,190.0,88.0,1956-08-07,69.0,Washington,Shooting Guard,Right,Seattle University,8,1979.0,2.0,14.0,Philadelphia 76ers,r/richacl01.html
4023,Jase Richardson,2025-26,2025-26,185.0,81.0,2005-10-16,20.0,California,Shooting Guard,Left,Michigan State,1,2025.0,1.0,25.0,Orlando Magic,r/richaja02.html
4024,Jason Richardson,2001-02,2014-15,198.0,99.0,1981-01-20,45.0,Michigan,Shooting Guard and Small Forward,Right,Michigan State,13,2001.0,1.0,5.0,Golden State Warriors,r/richaja01.html
4025,Jeremy Richardson,2006-07,2008-09,198.0,83.0,1984-03-01,42.0,Pennsylvania,Small Forward and Shooting Guard,Right,Delta State University,3,,,,,r/richaje01.html
4026,Josh Richardson,2015-16,2024-25,196.0,90.0,1993-09-15,32.0,Oklahoma,Shooting Guard and Small Forward,Right,Tennessee,10,2015.0,2.0,10.0,Miami Heat,r/richajo01.html
4027,Malachi Richardson,2016-17,2018-19,198.0,92.0,1996-01-05,30.0,New Jersey,Shooting Guard,Right,Syracuse,3,2016.0,1.0,22.0,Charlotte Hornets,r/richama01.html
4028,Michael Ray Richardson,1978-79,1985-86,196.0,85.0,1955-04-11,71.0,Texas,Point Guard and Shooting Guard,Right,Montana,8,1978.0,1.0,4.0,New York Knicks,r/richami01.html
4029,Norm Richardson,2001-02,2001-02,196.0,86.0,1979-07-24,46.0,New York,Shooting Guard,Right,Hofstra,1,,,,,r/richano01.html
4030,Pooh Richardson,1989-90,1998-99,185.0,81.0,1966-05-14,60.0,Pennsylvania,Point Guard,Right,UCLA,10,1989.0,1.0,10.0,Minnesota Timberwolves,r/richapo01.html
4031,Quentin Richardson,2000-01,2012-13,198.0,101.0,1980-04-13,46.0,Illinois,Small Forward and Shooting Guard,Right,DePaul,13,2000.0,1.0,18.0,Los Angeles Clippers,r/richaqu01.html
4032,Kadary Richmond,2025-26,2025-26,196.0,92.0,2001-08-25,24.0,New York,Shooting Guard,Right,Syracuse,1,,,,,r/richmka01.html
4033,Mitch Richmond,1988-89,2001-02,196.0,97.0,1965-06-30,61.0,Florida,Shooting Guard,Right,Moberly Area Community College,14,1988.0,1.0,5.0,Golden State Warriors,r/richmmi01.html
4034,John Richter,1959-60,1959-60,206.0,102.0,1937-03-12,89.0,Pennsylvania,Center,Right,NC State,1,1959.0,1.0,8.0,Boston Celtics,r/richtjo01.html
4035,Dick Ricketts,1955-56,1957-58,201.0,97.0,1933-12-04,92.0,Pennsylvania,Power Forward and Center,Right,Duquesne,3,1955.0,1.0,1.0,St. Louis Hawks,r/rickedi01.html
4036,Isaiah Rider,1993-94,2001-02,196.0,97.0,1971-03-12,55.0,California,Shooting Guard,Right,UNLV,9,1993.0,1.0,5.0,Minnesota Timberwolves,r/rideris01.html
4037,Jackie Ridgle,1971-72,1971-72,193.0,88.0,1948-02-13,78.0,Arkansas,Shooting Guard,Right,California,1,1971.0,3.0,6.0,Cleveland Cavaliers,r/ridglja01.html
4038,Luke Ridnour,2003-04,2014-15,188.0,79.0,1981-02-13,45.0,Idaho,Point Guard and Shooting Guard,Right,Oregon,12,2003.0,1.0,14.0,Seattle SuperSonics,r/ridnolu01.html
4041,Jim Riffey,1950-51,1950-51,193.0,90.0,1923-12-14,102.0,Indiana,Forward,Right,Tulane,1,1950.0,2.0,8.0,Fort Wayne Pistons,r/riffeji01.html
4042,Antoine Rigaudeau,2002-03,2002-03,201.0,95.0,1971-12-17,54.0,France,Shooting Guard,Right,,1,,,,,r/rigauan01.html
4043,Tom Riker,1972-73,1974-75,208.0,102.0,1950-02-28,76.0,New York,Center,Right,South Carolina,3,1972.0,1.0,8.0,New York Knicks,r/rikerto01.html
4044,Bob Riley,1970-71,1970-71,206.0,106.0,1948-07-06,78.0,Ohio,Forward,Right,Mount St. Mary's University,1,1970.0,5.0,14.0,Atlanta Hawks,r/rileybo01.html
4045,Eric Riley,1993-94,1998-99,213.0,111.0,1970-06-02,56.0,Ohio,Center,Right,Michigan,5,1993.0,2.0,6.0,Dallas Mavericks,r/rileyer01.html
4046,Pat Riley,1967-68,1975-76,193.0,92.0,1945-03-20,81.0,New York,Shooting Guard and Small Forward,Right,Kentucky,9,1967.0,1.0,7.0,San Diego Rockets,r/rileypa01.html
4047,Ron Riley,1972-73,1975-76,203.0,88.0,1950-11-11,75.0,California,Power Forward,Right,USC,4,1972.0,3.0,8.0,Kansas City-Omaha Kings,r/rileyro01.html
4048,Will Riley,2025-26,2025-26,206.0,81.0,2006-02-10,20.0,Ontario,Small Forward,Right,Illinois,1,2025.0,1.0,21.0,Utah Jazz,r/rileywi01.html
4049,Grant Riller,2020-21,2020-21,188.0,86.0,1997-02-08,29.0,Florida,Point Guard,Right,College of Charleston,1,2020.0,2.0,26.0,Charlotte Hornets,r/rillegr01.html
4050,Rich Rinaldi,1971-72,1973-74,190.0,88.0,1949-08-03,76.0,New York,Shooting Guard,Right,Saint Peter's College,3,1971.0,3.0,8.0,Baltimore Bullets,r/rinalri01.html
4051,Mike Riordan,1968-69,1976-77,193.0,90.0,1945-07-09,81.0,New York,Small Forward and Shooting Guard,Left,Providence,9,1967.0,12.0,5.0,New York Knicks,r/riordmi01.html
4052,Zaccharie Risacher,2024-25,2025-26,203.0,90.0,2005-04-08,21.0,Spain,Small Forward,Right,,2,2024.0,1.0,1.0,Atlanta Hawks,r/risacza01.html
4053,Arnie Risen,1949-50,1957-58,206.0,90.0,1924-10-09,101.0,Kentucky,Center,Right,Eastern Kentucky University,9,,,,,r/risenar01.html
4054,Tex Ritter,1949-50,1950-51,188.0,83.0,1924-02-26,102.0,Kentucky,Guard/Forward,Right,Eastern Kentucky University,2,1948.0,7.0,,New York Knicks,r/rittete01.html
4055,Ramón Rivas,1988-89,1988-89,208.0,117.0,1966-06-03,60.0,Puerto Rico,Center,Right,Temple,1,,,,,r/rivasra01.html
4056,Austin Rivers,2012-13,2022-23,193.0,90.0,1992-08-01,33.0,California,Shooting Guard and Point Guard,Right,Duke,11,2012.0,1.0,10.0,New Orleans Hornets,r/riverau01.html
4057,David Rivers,1988-89,1991-92,183.0,77.0,1965-01-20,61.0,New Jersey,Point Guard,Right,Notre Dame,3,1988.0,1.0,25.0,Los Angeles Lakers,r/riverda01.html
4058,Doc Rivers,1983-84,1995-96,193.0,83.0,1961-10-13,64.0,Illinois,Point Guard,Right,Marquette,13,1983.0,2.0,7.0,Atlanta Hawks,r/riverdo01.html
4060,Liam Robbins,2024-25,2024-25,213.0,113.0,1999-07-12,27.0,Iowa,Center,Right,Drake University,1,,,,,r/robbili01.html
4062,Andre Roberson,2013-14,2020-21,201.0,95.0,1991-12-04,34.0,New Mexico,Shooting Guard and Small Forward,Right,Colorado,7,2013.0,1.0,26.0,Minnesota Timberwolves,r/roberan03.html
4063,Anthony Roberson,2005-06,2008-09,188.0,81.0,1983-02-14,43.0,Michigan,Point Guard,Right,Florida,3,,,,,r/roberan02.html
4064,Rick Roberson,1969-70,1975-76,206.0,104.0,1947-07-07,79.0,Tennessee,Center and Power Forward,Right,Cincinnati,7,1969.0,1.0,15.0,Los Angeles Lakers,r/roberri01.html
4065,Terrance Roberson,2000-01,2000-01,201.0,97.0,1976-12-30,49.0,Michigan,Small Forward,Right,Fresno State,1,,,,,r/roberte01.html
4066,Anthony Roberts,1977-78,1983-84,196.0,83.0,1955-04-15,71.0,Tennessee,Small Forward,Right,Oral Roberts,5,1977.0,1.0,21.0,Denver Nuggets,r/roberan01.html
4067,Bill Roberts,1949-50,1949-50,206.0,95.0,1925-03-13,101.0,Indiana,Center,Right,Wyoming,1,,,,,r/roberbi01.html
4068,Brian Roberts,2012-13,2016-17,185.0,78.0,1985-12-03,40.0,Ohio,Point Guard,Right,Dayton,5,,,,,r/roberbr01.html
4069,Fred Roberts,1983-84,1996-97,208.0,98.0,1960-08-14,65.0,Utah,"Power Forward, Center, and Small Forward",Right,BYU,13,1982.0,2.0,4.0,Milwaukee Bucks,r/roberfr01.html
4070,Joe Roberts,1960-61,1962-63,198.0,97.0,1936-05-18,90.0,Ohio,Power Forward and Small Forward,Right,Ohio State,3,1960.0,3.0,5.0,Syracuse Nationals,r/roberjo01.html
4071,Lawrence Roberts,2005-06,2006-07,206.0,108.0,1982-10-20,43.0,Texas,Power Forward and Center,Right,Baylor,2,2005.0,2.0,25.0,Seattle SuperSonics,r/roberla01.html
4072,Marv Roberts,1976-77,1976-77,203.0,90.0,1950-01-29,76.0,New York,Small Forward and Power Forward,Right,Utah State University,1,1971.0,3.0,10.0,Detroit Pistons,r/roberma01.html
4073,Stanley Roberts,1991-92,1999-00,213.0,129.0,1970-02-07,56.0,South Carolina,Center,Right,LSU,8,1991.0,1.0,23.0,Orlando Magic,r/roberst01.html
4074,Alvin Robertson,1984-85,1995-96,193.0,83.0,1962-07-22,63.0,Ohio,Shooting Guard,Right,Arkansas,10,1984.0,1.0,7.0,San Antonio Spurs,r/roberal01.html
4075,Oscar Robertson,1960-61,1973-74,196.0,92.0,1938-11-24,87.0,Tennessee,Point Guard,Right,Cincinnati,14,1960.0,1.0,1.0,Cincinnati Royals,r/roberos01.html
4076,Ryan Robertson,1999-00,1999-00,196.0,86.0,1976-10-02,49.0,Oklahoma,Shooting Guard,Right,Kansas,1,1999.0,2.0,16.0,Sacramento Kings,r/roberry01.html
4077,Tony Robertson,1977-78,1978-79,193.0,88.0,1956-01-01,70.0,Michigan,Shooting Guard,Right,West Virginia,2,1977.0,4.0,22.0,Los Angeles Lakers,r/roberto01.html
4078,Rick Robey,1978-79,1985-86,211.0,104.0,1956-01-30,70.0,Florida,Center,Right,Kentucky,8,1978.0,1.0,3.0,Indiana Pacers,r/robeyri01.html
4079,Bernard Robinson,2004-05,2006-07,198.0,95.0,1980-12-26,45.0,District of Columbia,Small Forward and Shooting Guard,Left,Michigan,3,2004.0,2.0,16.0,Charlotte Bobcats,r/robinbe01.html
4080,Chris Robinson,1996-97,1997-98,196.0,90.0,1974-04-02,52.0,Georgia,Shooting Guard,Right,Western Kentucky,2,1996.0,2.0,22.0,Vancouver Grizzlies,r/robinch01.html
4081,Cliff Robinson,1979-80,1991-92,206.0,99.0,1960-03-13,66.0,California,"Power Forward, Small Forward, and Center",Right,USC,11,1979.0,1.0,11.0,New Jersey Nets,r/robincl01.html
4082,Clifford Robinson,1989-90,2006-07,208.0,102.0,1966-12-16,59.0,New York,"Power Forward, Small Forward, and Center",Right,UConn,18,1989.0,2.0,9.0,Portland Trail Blazers,r/robincl02.html
4083,David Robinson,1989-90,2002-03,216.0,106.0,1965-08-06,60.0,Florida,Center,Left,United States Naval Academy,14,1987.0,1.0,1.0,San Antonio Spurs,r/robinda01.html
4084,Devin Robinson,2017-18,2018-19,203.0,90.0,1995-03-07,31.0,Virginia,Small Forward,Right,Florida,2,,,,,r/robinde01.html
4085,Duncan Robinson,2018-19,2025-26,201.0,97.0,1994-04-22,32.0,Maine,Small Forward and Shooting Guard,Right,Williams,8,,,,,r/robindu01.html
4086,Eddie Robinson,1999-00,2003-04,203.0,95.0,1976-04-19,50.0,Michigan,Small Forward,Right,University of Central Oklahoma,5,,,,,r/robined01.html
4087,Flynn Robinson,1966-67,1972-73,185.0,83.0,1941-04-28,85.0,Illinois,Point Guard and Shooting Guard,Right,Southern Illinois,7,1965.0,2.0,7.0,Cincinnati Royals,r/robinfl01.html
4088,Glenn Robinson,1994-95,2004-05,201.0,102.0,1973-01-10,53.0,Indiana,Small Forward,Right,Purdue,11,1994.0,1.0,1.0,Milwaukee Bucks,r/robingl01.html
4089,Glenn Robinson III,2014-15,2020-21,198.0,100.0,1994-01-08,32.0,Indiana,Small Forward and Shooting Guard,Right,Michigan,7,2014.0,2.0,10.0,Minnesota Timberwolves,r/robingl02.html
4090,Jackie Robinson,1978-79,1981-82,198.0,95.0,1955-05-20,71.0,California,Small Forward,Right,UNLV,3,1978.0,4.0,1.0,Houston Rockets,r/robinja01.html
4091,Jamal Robinson,2000-01,2000-01,201.0,96.0,1973-12-27,52.0,New York,Small Forward,Right,Virginia,1,,,,,r/robinja03.html
4092,James Robinson,1993-94,2000-01,188.0,81.0,1970-08-31,55.0,Mississippi,Point Guard,Right,Alabama,7,1993.0,1.0,21.0,Portland Trail Blazers,r/robinja02.html
4093,Jerome Robinson,2018-19,2023-24,196.0,86.0,1997-02-22,29.0,North Carolina,Shooting Guard,Right,Boston College,4,2018.0,1.0,13.0,Los Angeles Clippers,r/robinje01.html
4094,Justin Robinson,2019-20,2021-22,185.0,88.0,1997-10-12,28.0,Virginia,Point Guard,Left,Virginia Tech,3,,,,,r/robinju01.html
4095,Larry Robinson,1990-91,2001-02,190.0,81.0,1968-01-11,58.0,Louisiana,"Shooting Guard, Point Guard, and Small Forward",Right,Centenary (LA),7,,,,,r/robinla01.html
4096,Mitchell Robinson,2018-19,2025-26,213.0,108.0,1998-04-01,28.0,Florida,Center,Right,Western Kentucky,8,2018.0,2.0,6.0,New York Knicks,r/robinmi01.html
4097,Nate Robinson,2005-06,2015-16,175.0,81.0,1984-05-31,42.0,Washington,Point Guard,Right,Washington,11,2005.0,1.0,21.0,Phoenix Suns,r/robinna01.html
4098,Oliver Robinson,1982-83,1982-83,193.0,81.0,1960-03-13,66.0,Alabama,Shooting Guard,Right,UAB,1,1982.0,2.0,1.0,San Antonio Spurs,r/robinol01.html
4099,Orlando Robinson,2022-23,2025-26,208.0,106.0,2000-07-10,26.0,Nevada,Center,Right,Fresno State,4,,,,,r/robinor01.html
4101,Rumeal Robinson,1990-91,1996-97,188.0,88.0,1966-11-13,59.0,Jamaica,Point Guard,Right,Michigan,6,1990.0,1.0,10.0,Atlanta Hawks,r/robinru01.html
4103,Thomas Robinson,2012-13,2016-17,208.0,107.0,1991-03-17,35.0,District of Columbia,Power Forward,Right,Kansas,5,2012.0,1.0,5.0,Sacramento Kings,r/robinth01.html
4104,Truck Robinson,1974-75,1984-85,201.0,102.0,1951-10-04,74.0,Florida,Power Forward,Right,Tennessee State,11,1974.0,2.0,4.0,Washington Bullets,r/robintr01.html
4105,Wayne Robinson,1980-81,1980-81,203.0,98.0,1958-04-19,68.0,North Carolina,Power Forward,Right,Virginia Tech,1,1980.0,2.0,8.0,Los Angeles Lakers,r/robinwa01.html
4107,Jeremiah Robinson-Earl,2021-22,2025-26,206.0,108.0,2000-11-03,25.0,Missouri,Power Forward and Center,Right,Villanova,5,2021.0,2.0,2.0,New York Knicks,r/robinje02.html
4108,Bill Robinzine,1975-76,1981-82,201.0,104.0,1953-01-20,73.0,Illinois,Power Forward,Left,DePaul,7,1975.0,1.0,10.0,Kansas City Kings,r/robinbi01.html
4109,Dave Robisch,1976-77,1983-84,208.0,106.0,1949-12-22,76.0,Ohio,Center and Power Forward,Left,Kansas,8,1971.0,3.0,9.0,Boston Celtics,r/robisda01.html
4110,Isaiah Roby,2019-20,2022-23,198.0,104.0,1998-02-03,28.0,Illinois,Power Forward,Right,Nebraska,4,2019.0,2.0,15.0,Detroit Pistons,r/robyis01.html
4111,Red Rocha,1949-50,1956-57,206.0,83.0,1923-09-18,102.0,Hawaii,Center,Right,Hawaii,7,1947.0,2.0,,Toronto Huskies,r/rochare01.html
4112,John Roche,1975-76,1981-82,190.0,77.0,1949-09-26,76.0,New York,Shooting Guard and Point Guard,Right,South Carolina,4,1971.0,1.0,14.0,Phoenix Suns,r/rochejo01.html
4115,David Roddy,2022-23,2025-26,196.0,115.0,2001-03-27,25.0,Minnesota,Power Forward,Right,Colorado State,4,2022.0,1.0,23.0,Philadelphia 76ers,r/roddyda01.html
4116,Guy Rodgers,1958-59,1969-70,183.0,83.0,1935-09-01,90.0,Pennsylvania,Point Guard and Shooting Guard,Left,Temple,12,1958.0,1.0,5.0,Philadelphia Warriors,r/rodgegu01.html
4117,Dennis Rodman,1986-87,1999-00,201.0,95.0,1961-05-13,65.0,New Jersey,Power Forward and Small Forward,Right,North Central Texas College,14,1986.0,2.0,3.0,Detroit Pistons,r/rodmade01.html
4118,Sergio Rodríguez,2006-07,2016-17,190.0,79.0,1986-06-12,40.0,Spain,Point Guard,Right,,5,2006.0,1.0,27.0,Phoenix Suns,r/rodrise01.html
4119,Lou Roe,1995-96,1996-97,201.0,99.0,1972-07-14,54.0,New Jersey,Small Forward,Right,UMass,2,1995.0,2.0,1.0,Detroit Pistons,r/roelo01.html
4120,Carlos Rogers,1994-95,2001-02,211.0,99.0,1971-02-06,55.0,Michigan,Power Forward and Center,Right,Little Rock,8,1994.0,1.0,11.0,Seattle SuperSonics,r/rogerca01.html
4122,Johnny Rogers,1986-87,1987-88,208.0,102.0,1963-12-30,62.0,California,Power Forward,Right,Stanford,2,1986.0,2.0,10.0,Sacramento Kings,r/rogerjo01.html
4123,Marshall Rogers,1976-77,1976-77,185.0,86.0,1953-08-27,72.0,Missouri,Point Guard,Right,University of Texas Rio Grande Valley,1,1976.0,2.0,17.0,Golden State Warriors,r/rogerma01.html
4124,Rodney Rogers,1993-94,2004-05,201.0,106.0,1971-06-20,55.0,North Carolina,Small Forward and Power Forward,Left,Wake Forest,12,1993.0,1.0,9.0,Denver Nuggets,r/rogerro01.html
4125,Roy Rogers,1996-97,1999-00,208.0,106.0,1973-08-19,52.0,Alabama,Power Forward,Right,Alabama,3,1996.0,1.0,22.0,Vancouver Grizzlies,r/rogerro02.html
4127,Al Roges,1953-54,1954-55,193.0,88.0,1930-10-25,95.0,Ohio,Shooting Guard and Small Forward,Right,Long Island University,2,,,,,r/rogesal01.html
4128,Ken Rohloff,1963-64,1963-64,183.0,88.0,1939-04-18,87.0,New Jersey,Guard,Right,NC State,1,1963.0,7.0,6.0,St. Louis Hawks,r/rohloke01.html
4129,Kenny Rollins,1949-50,1952-53,183.0,76.0,1923-09-14,102.0,Missouri,Point Guard,Right,Kentucky,2,1948.0,3.0,,Fort Wayne Pistons,r/rollike01.html
4130,Phil Rollins,1958-59,1960-61,188.0,83.0,1934-01-19,92.0,Kentucky,Shooting Guard and Point Guard,Right,Louisville,3,1956.0,2.0,8.0,Philadelphia Warriors,r/rolliph01.html
4131,Ryan Rollins,2022-23,2025-26,190.0,81.0,2002-07-03,24.0,Michigan,Point Guard,Right,Toledo,4,2022.0,2.0,14.0,Atlanta Hawks,r/rolliry01.html
4132,Tree Rollins,1977-78,1994-95,216.0,106.0,1955-06-16,71.0,Florida,Center,Right,Clemson,18,1977.0,1.0,14.0,Atlanta Hawks,r/rollitr01.html
4133,Lorenzo Romar,1980-81,1984-85,185.0,79.0,1958-11-13,67.0,California,Point Guard,Left,Washington,5,1980.0,7.0,3.0,Golden State Warriors,r/romarlo01.html
4134,Rajon Rondo,2006-07,2021-22,185.0,81.0,1986-02-22,40.0,Kentucky,Point Guard,Right,Kentucky,16,2006.0,1.0,21.0,Phoenix Suns,r/rondora01.html
4136,Sean Rooks,1992-93,2003-04,208.0,113.0,1969-09-09,56.0,New York,Center,Right,Arizona,12,1992.0,2.0,3.0,Dallas Mavericks,r/rooksse01.html
4137,Derrick Rose,2008-09,2023-24,190.0,90.0,1988-10-04,37.0,Illinois,Point Guard,Right,Memphis,15,2008.0,1.0,1.0,Chicago Bulls,r/rosede01.html
4138,Jalen Rose,1994-95,2006-07,203.0,95.0,1973-01-30,53.0,Michigan,"Small Forward, Shooting Guard, and Point Guard",Left,Michigan,13,1994.0,1.0,13.0,Denver Nuggets,r/roseja01.html
4139,Malik Rose,1996-97,2008-09,201.0,113.0,1974-11-23,51.0,Pennsylvania,Power Forward,Right,Drexel,13,1996.0,2.0,15.0,Charlotte Hornets,r/rosema01.html
4140,Rob Rose,1988-89,1988-89,196.0,81.0,1964-12-27,61.0,New York,Shooting Guard,Right,George Mason,1,,,,,r/rosero01.html
4142,Lennie Rosenbluth,1957-58,1958-59,193.0,86.0,1933-01-22,93.0,New York,Small Forward,Right,UNC,2,1957.0,1.0,6.0,Philadelphia Warriors,r/rosenle01.html
4144,Dick Rosenthal,1954-55,1956-57,196.0,92.0,1930-01-20,96.0,Missouri,Small Forward,Right,Notre Dame,2,1954.0,1.0,4.0,Fort Wayne Pistons,r/rosendi01.html
4145,Quinton Ross,2004-05,2010-11,198.0,88.0,1981-04-30,45.0,Texas,Small Forward and Shooting Guard,Right,SMU,7,,,,,r/rossqu01.html
4146,Terrence Ross,2012-13,2022-23,198.0,93.0,1991-02-05,35.0,Oregon,Shooting Guard and Small Forward,Right,Washington,11,2012.0,1.0,8.0,Toronto Raptors,r/rosste01.html
4147,Doug Roth,1989-90,1989-90,211.0,115.0,1967-08-24,58.0,Tennessee,Center,Right,Tennessee,1,1989.0,2.0,14.0,Washington Bullets,r/rothdo01.html
4148,Scott Roth,1987-88,1989-90,203.0,96.0,1963-06-03,63.0,Ohio,Small Forward,Left,Wisconsin,3,1985.0,4.0,12.0,San Antonio Spurs,r/rothsc01.html
4151,Dan Roundfield,1976-77,1986-87,203.0,92.0,1953-05-26,73.0,Michigan,Power Forward,Right,Central Michigan University,11,1975.0,2.0,10.0,Cleveland Cavaliers,r/roundda01.html
4153,Ron Rowan,1986-87,1986-87,196.0,90.0,1962-04-23,64.0,Pennsylvania,Shooting Guard,Right,Notre Dame,1,1986.0,3.0,20.0,Philadelphia 76ers,r/rowanro01.html
4154,Curtis Rowe,1971-72,1978-79,201.0,102.0,1949-07-02,77.0,Alabama,Power Forward,Right,UCLA,8,1971.0,1.0,11.0,Detroit Pistons,r/rowecu01.html
4155,Jackson Rowe,2024-25,2024-25,198.0,95.0,1997-01-04,29.0,Ontario,Power Forward,Right,Cal State Fullerton,1,,,,,r/roweja01.html
4156,Jim Rowinski,1988-89,1989-90,203.0,113.0,1961-01-04,65.0,New York,Power Forward and Center,Right,Purdue,2,1984.0,4.0,16.0,Utah Jazz,r/rowinji01.html
4157,Derrick Rowland,1985-86,1985-86,196.0,88.0,1959-06-21,67.0,New York,Shooting Guard,Right,State University of New York at Potsdam,1,1981.0,10.0,8.0,Denver Nuggets,r/rowlade01.html
4158,Brian Rowsom,1987-88,1989-90,206.0,99.0,1965-10-23,60.0,New Jersey,Power Forward,Right,UNC Wilmington,3,1987.0,2.0,11.0,Indiana Pacers,r/rowsobr01.html
4159,Brandon Roy,2006-07,2012-13,198.0,97.0,1984-07-23,41.0,Washington,Shooting Guard,Right,Washington,6,2006.0,1.0,6.0,Minnesota Timberwolves,r/roybr01.html
4160,Donald Royal,1989-90,1997-98,203.0,95.0,1966-05-22,60.0,Louisiana,Small Forward,Right,Notre Dame,8,1987.0,3.0,6.0,Cleveland Cavaliers,r/royaldo01.html
4162,Bob Royer,1949-50,1949-50,178.0,70.0,1927-10-15,98.0,Indiana,Guard,Right,Indiana State University,1,1949.0,8.0,,Providence Steamrollers,r/royerbo01.html
4163,Clifford Rozier,1994-95,1997-98,211.0,111.0,1972-10-31,53.0,Florida,Center,Right,UNC,4,1994.0,1.0,16.0,Golden State Warriors,r/roziecl01.html
4164,Terry Rozier,2015-16,2024-25,185.0,86.0,1994-03-17,32.0,Ohio,Point Guard and Shooting Guard,Right,Louisville,10,2015.0,1.0,16.0,Boston Celtics,r/roziete01.html
4165,Ricky Rubio,2011-12,2022-23,188.0,86.0,1990-10-21,35.0,Spain,Point Guard,Right,,12,2009.0,1.0,5.0,Minnesota Timberwolves,r/rubiori01.html
4166,Guy Rucker,2002-03,2002-03,211.0,120.0,1977-07-27,48.0,Michigan,Power Forward,Right,Iowa,1,,,,,r/ruckegu01.html
4167,Delaney Rudd,1989-90,1992-93,188.0,81.0,1962-11-08,63.0,North Carolina,Point Guard and Shooting Guard,Right,Wake Forest,4,1985.0,4.0,13.0,Utah Jazz,r/ruddde01.html
4168,John Rudd,1978-79,1978-79,201.0,104.0,1955-08-07,70.0,Louisiana,Small Forward,Right,McNeese State University,1,1978.0,2.0,10.0,New York Knicks,r/ruddjo01.html
4169,Damjan Rudež,2014-15,2016-17,208.0,103.0,1986-06-17,40.0,Croatia,Small Forward,Right,,3,,,,,r/rudezda01.html
4170,John Rudometkin,1962-63,1964-65,198.0,92.0,1940-06-06,86.0,California,Small Forward,Right,USC,3,1962.0,2.0,2.0,New York Knicks,r/rudomjo01.html
4171,Michael Ruffin,1999-00,2008-09,206.0,111.0,1977-01-21,49.0,Colorado,Power Forward and Center,Right,Tulsa,9,1999.0,2.0,3.0,Chicago Bulls,r/ruffimi01.html
4172,Trevor Ruffin,1994-95,1995-96,185.0,83.0,1970-09-26,55.0,New York,Point Guard,Right,Hawaii,2,,,,,r/ruffitr01.html
4173,Paul Ruffner,1970-71,1974-75,208.0,102.0,1948-10-15,77.0,California,Center,Right,Cerritos College,3,1970.0,2.0,11.0,Chicago Bulls,r/ruffnpa01.html
4174,Joe Ruklick,1959-60,1961-62,206.0,99.0,1938-08-03,87.0,Illinois,Power Forward,Right,Northwestern,3,1959.0,2.0,3.0,Philadelphia Warriors,r/ruklijo01.html
4175,Jeff Ruland,1981-82,1992-93,208.0,108.0,1958-12-16,67.0,New York,Center and Power Forward,Right,Iona College,8,1980.0,2.0,2.0,Golden State Warriors,r/rulanje01.html
4176,Bob Rule,1967-68,1974-75,206.0,99.0,1944-06-29,82.0,California,Center,Left,Riverside Community College,8,1967.0,2.0,7.0,Seattle SuperSonics,r/rulebo01.html
4177,Jerry Rullo,1949-50,1949-50,178.0,74.0,1923-06-23,103.0,Pennsylvania,Guard,Right,Temple,1,,,,,r/rulloje01.html
4178,Rayan Rupert,2023-24,2025-26,201.0,92.0,2004-05-31,22.0,France,Shooting Guard,Right,,3,2023.0,2.0,13.0,Portland Trail Blazers,r/ruperra01.html
4179,Stefano Rusconi,1995-96,1995-96,206.0,108.0,1968-10-02,57.0,Italy,Power Forward,Right,,1,1990.0,2.0,25.0,Cleveland Cavaliers,r/ruscost01.html
4180,Brandon Rush,2008-09,2016-17,198.0,99.0,1985-07-07,41.0,Missouri,Shooting Guard and Small Forward,Right,Kansas,9,2008.0,1.0,13.0,Portland Trail Blazers,r/rushbr01.html
4181,Kareem Rush,2002-03,2009-10,198.0,97.0,1980-10-30,45.0,Missouri,Shooting Guard and Point Guard,Left,Missouri,7,2002.0,1.0,20.0,Toronto Raptors,r/rushka01.html
4182,Bill Russell,1956-57,1968-69,208.0,97.0,1934-02-12,92.0,Louisiana,Center,Left,San Francisco,13,1956.0,1.0,2.0,St. Louis Hawks,r/russebi01.html
4183,Bryon Russell,1993-94,2005-06,201.0,102.0,1970-12-31,55.0,California,Small Forward and Shooting Guard,Right,Cal State Long Beach,13,1993.0,2.0,18.0,Utah Jazz,r/russebr01.html
4184,Campy Russell,1974-75,1984-85,203.0,97.0,1952-01-12,74.0,Tennessee,Small Forward,Right,Michigan,9,1974.0,1.0,8.0,Cleveland Cavaliers,r/russeca02.html
4185,Cazzie Russell,1966-67,1977-78,196.0,98.0,1944-06-07,82.0,Illinois,Small Forward,Right,Michigan,12,1966.0,1.0,1.0,New York Knicks,r/russeca01.html
4186,D'Angelo Russell,2015-16,2025-26,190.0,87.0,1996-02-23,30.0,Kentucky,Point Guard,Left,Ohio State,11,2015.0,1.0,2.0,Los Angeles Lakers,r/russeda01.html
4187,Frank Russell,1972-73,1972-73,190.0,81.0,1949-04-17,77.0,Tennessee,Shooting Guard,Right,Detroit Mercy,1,1972.0,3.0,5.0,Chicago Bulls,r/russefr01.html
4190,Walker Russell,1982-83,1987-88,196.0,88.0,1960-10-26,65.0,Michigan,Point Guard,Right,Houston,6,1982.0,4.0,9.0,Detroit Pistons,r/russewa01.html
4191,Walker Russell,2011-12,2011-12,183.0,77.0,1982-10-06,43.0,Michigan,Point Guard,Right,Jacksonville State University,1,,,,,r/russewa02.html
4192,Cormac Ryan,2025-26,2025-26,196.0,88.0,1998-10-26,27.0,New York,Shooting Guard,Right,Stanford,1,,,,,r/ryanco01.html
4193,Matt Ryan,2021-22,2024-25,198.0,97.0,1997-04-17,29.0,New York,Small Forward,Right,Notre Dame,4,,,,,r/ryanma01.html
4194,Arvydas Sabonis,1995-96,2002-03,221.0,126.0,1964-12-19,61.0,Lithuania,Center,Right,,7,1985.0,4.0,7.0,Atlanta Hawks,s/sabonar01.html
4195,Domantas Sabonis,2016-17,2025-26,208.0,108.0,1996-05-03,30.0,Oregon,Center and Power Forward,Left,Gonzaga,10,2016.0,1.0,11.0,Orlando Magic,s/sabondo01.html
4196,Robert Sacre,2012-13,2015-16,213.0,122.0,1989-06-06,37.0,Louisiana,Center,Right,Gonzaga,4,2012.0,2.0,30.0,Los Angeles Lakers,s/sacrero01.html
4197,Ed Sadowski,1949-50,1949-50,196.0,108.0,1915-07-11,111.0,Pennsylvania,Center,Right,Seton Hall,1,,,,,s/sadowed01.html
4198,Kenny Sailors,1949-50,1950-51,178.0,79.0,1921-01-14,105.0,Nebraska,Guard,Right,Wyoming,2,,,,,s/sailoke01.html
4199,Tidjane Salaün,2024-25,2025-26,208.0,93.0,2005-08-10,20.0,France,Power Forward,Right,,2,2024.0,1.0,6.0,Charlotte Hornets,s/salauti01.html
4200,John Salley,1986-87,1999-00,211.0,104.0,1964-05-16,62.0,New York,Power Forward and Center,Right,Georgia Tech,11,1986.0,1.0,11.0,Detroit Pistons,s/sallejo01.html
4201,Hunter Sallis,2025-26,2025-26,193.0,83.0,2003-03-26,23.0,Nebraska,Shooting Guard,Right,Gonzaga,1,,,,,s/sallihu01.html
4202,John Salmons,2002-03,2014-15,198.0,93.0,1979-12-12,46.0,Pennsylvania,"Shooting Guard, Small Forward, and Point Guard",Right,Miami (FL),13,2002.0,1.0,26.0,San Antonio Spurs,s/salmojo01.html
4204,Kevin Salvadori,1996-97,1997-98,213.0,104.0,1970-12-30,55.0,West Virginia,Center,Right,UNC,2,,,,,s/salvake01.html
4205,Soumaila Samake,2000-01,2002-03,213.0,104.0,1978-03-18,48.0,Mali,Center,Right,,2,2000.0,2.0,7.0,New Jersey Nets,s/samakso01.html
4206,Luka Šamanić,2019-20,2023-24,208.0,102.0,2000-01-09,26.0,Croatia,Power Forward,Right,,4,2019.0,1.0,19.0,San Antonio Spurs,s/samanlu01.html
4207,Cheikh Samb,2007-08,2008-09,216.0,111.0,1984-10-22,41.0,Senegal,Center,Right,,2,2006.0,2.0,21.0,Los Angeles Lakers,s/sambch01.html
4208,Brandon Sampson,2018-19,2018-19,196.0,83.0,1997-05-01,29.0,Louisiana,Shooting Guard,Right,LSU,1,,,,,s/sampsbr01.html
4209,JaKarr Sampson,2014-15,2020-21,201.0,97.0,1993-03-20,33.0,Ohio,Small Forward and Power Forward,Right,St. John's,6,,,,,s/sampsja02.html
4210,Jamal Sampson,2002-03,2006-07,211.0,106.0,1983-05-15,43.0,California,Power Forward and Center,Right,California,5,2002.0,2.0,18.0,Utah Jazz,s/sampsja01.html
4211,Ralph Sampson,1983-84,1991-92,224.0,103.0,1960-07-07,66.0,Virginia,Center and Power Forward,Right,Virginia,9,1983.0,1.0,1.0,Houston Rockets,s/sampsra01.html
4212,Jermaine Samuels,2023-24,2023-24,198.0,104.0,1998-11-13,27.0,Massachusetts,Small Forward,Right,Villanova,1,,,,,s/samueje01.html
4213,Samardo Samuels,2010-11,2012-13,206.0,117.0,1989-01-09,37.0,Jamaica,Center and Power Forward,Right,Louisville,3,,,,,s/samuesa01.html
4214,Pepe Sánchez,2000-01,2002-03,193.0,88.0,1977-05-08,49.0,Argentina,Point Guard,Left,Temple,2,,,,,s/sanchpe01.html
4216,Frankie Sanders,1978-79,1980-81,198.0,90.0,1957-01-23,69.0,Ohio,Small Forward,Right,Southern University and A&M College,2,1978.0,1.0,20.0,San Antonio Spurs,s/sandefr01.html
4217,Jeff Sanders,1989-90,1992-93,203.0,102.0,1966-01-14,60.0,Georgia,Power Forward and Small Forward,Right,Georgia Southern University,4,1989.0,1.0,20.0,Chicago Bulls,s/sandeje01.html
4218,Kobe Sanders,2025-26,2025-26,203.0,93.0,2002-05-30,24.0,California,Shooting Guard,Right,Cal Poly,1,2025.0,2.0,20.0,New York Knicks,s/sandeko01.html
4219,Larry Sanders,2010-11,2016-17,211.0,106.0,1988-11-21,37.0,Florida,Center and Power Forward,Right,VCU,6,2010.0,1.0,15.0,Milwaukee Bucks,s/sandela01.html
4220,Melvin Sanders,2005-06,2005-06,196.0,95.0,1981-01-03,45.0,Kansas,Shooting Guard,Right,Seward County Community College,1,,,,,s/sandeme01.html
4221,Mike Sanders,1982-83,1992-93,198.0,95.0,1960-05-07,66.0,Louisiana,Small Forward,Right,UCLA,11,1982.0,4.0,5.0,Kansas City Kings,s/sandemi01.html
4222,Tom Sanders,1960-61,1972-73,198.0,95.0,1938-11-08,87.0,New York,Small Forward and Power Forward,Right,NYU,13,1960.0,1.0,8.0,Boston Celtics,s/sandeto01.html
4223,Payton Sandfort,2025-26,2025-26,201.0,97.0,2002-12-04,23.0,Iowa,Small Forward,Right,Iowa,1,,,,,s/sandfpa01.html
4225,Adama Sanogo,2023-24,2024-25,206.0,111.0,2002-02-12,24.0,Mali,Power Forward and Center,Right,UConn,2,,,,,s/sanogad01.html
4226,Daniel Santiago,2000-01,2004-05,216.0,116.0,1976-06-24,50.0,Texas,Center,Right,New Mexico,4,,,,,s/santida01.html
4227,Bob Santini,1955-56,1955-56,196.0,86.0,1935-02-17,91.0,New York,Forward,Right,Iona College,1,1953.0,5.0,,New York Knicks,s/santibo01.html
4228,Gui Santos,2023-24,2025-26,201.0,83.0,2002-06-22,24.0,Brazil,Power Forward,Right,,3,2022.0,2.0,25.0,Golden State Warriors,s/santogu01.html
4229,Wayne Sappleton,1984-85,1984-85,206.0,97.0,1960-11-17,65.0,Jamaica,Power Forward,Right,Loyola Chicago,1,1982.0,2.0,15.0,Golden State Warriors,s/sapplwa01.html
4230,Ben Saraf,2025-26,2025-26,198.0,90.0,2006-04-14,20.0,South Africa,Shooting Guard,Left,,1,2025.0,1.0,26.0,Brooklyn Nets,s/sarafbe01.html
4231,Dario Šarić,2016-17,2025-26,208.0,102.0,1994-04-08,32.0,Croatia,Center and Power Forward,Right,,9,2014.0,1.0,12.0,Orlando Magic,s/saricda01.html
4232,Alex Sarr,2024-25,2025-26,213.0,92.0,2005-04-26,21.0,France,Center and Power Forward,Right,,2,2024.0,1.0,2.0,Washington Wizards,s/sarral01.html
4233,Olivier Sarr,2021-22,2025-26,208.0,108.0,1999-02-20,27.0,France,Center,Right,Wake Forest,4,,,,,s/sarrol01.html
4234,Jason Sasser,1996-97,1998-99,201.0,102.0,1974-01-13,52.0,Texas,Small Forward,Right,Texas Tech,2,1996.0,2.0,12.0,Sacramento Kings,s/sasseja01.html
4235,Jeryl Sasser,2001-02,2002-03,198.0,90.0,1979-02-13,47.0,Texas,Shooting Guard,Right,SMU,2,2001.0,1.0,22.0,Orlando Magic,s/sasseje01.html
4236,Marcus Sasser,2023-24,2025-26,185.0,88.0,2000-09-21,25.0,Texas,Point Guard,Right,Houston,3,2023.0,1.0,25.0,Memphis Grizzlies,s/sassema01.html
4237,Tomáš Satoranský,2016-17,2021-22,201.0,95.0,1991-10-30,34.0,Czechia,"Shooting Guard, Point Guard, and Small Forward",Right,,6,2012.0,2.0,2.0,Washington Wizards,s/satorto01.html
4238,Kenny Satterfield,2001-02,2002-03,188.0,84.0,1981-04-10,45.0,New York,Point Guard,Right,Cincinnati,2,2001.0,2.0,25.0,Dallas Mavericks,s/satteke01.html
4239,Pep Saul,1949-50,1954-55,188.0,83.0,1924-02-16,102.0,New Jersey,Shooting Guard,Right,Seton Hall,6,1949.0,1.0,12.0,Rochester Royals,s/saulpe01.html
4240,Woody Sauldsberry,1957-58,1965-66,201.0,99.0,1934-07-11,92.0,Louisiana,Power Forward and Center,Right,Texas Southern,7,1957.0,8.0,5.0,Philadelphia Warriors,s/sauldwo01.html
4242,Fred Saunders,1974-75,1977-78,201.0,95.0,1951-06-13,75.0,Ohio,Small Forward,Right,Syracuse,4,1974.0,2.0,13.0,Phoenix Suns,s/saundfr01.html
4243,Don Savage,1951-52,1956-57,190.0,92.0,1928-04-09,98.0,New York,Forward/Guard,Right,LeMoyne College,2,1951.0,2.0,5.0,Syracuse Nationals,s/savagdo01.html
4244,Predrag Savović,2002-03,2002-03,198.0,102.0,1976-05-21,50.0,Croatia,Shooting Guard,Right,UAB,1,,,,,s/savovpr01.html
4245,Alan Sawyer,1950-51,1950-51,196.0,88.0,1928-01-01,98.0,California,Forward,Right,UCLA,1,1950.0,3.0,5.0,Washington Capitols,s/sawyeal01.html
4246,Brian Scalabrine,2001-02,2011-12,206.0,109.0,1978-03-18,48.0,California,Power Forward and Center,Right,USC,11,2001.0,2.0,6.0,New Jersey Nets,s/scalabr01.html
4247,Alex Scales,2005-06,2005-06,193.0,83.0,1978-07-03,48.0,Wisconsin,Shooting Guard,Right,Oregon,1,,,,,s/scaleal01.html
4248,DeWayne Scales,1980-81,1983-84,203.0,94.0,1958-12-28,67.0,Texas,Power Forward,Right,LSU,3,1980.0,2.0,13.0,New York Knicks,s/scalede01.html
4249,Frank Schade,1972-73,1972-73,185.0,77.0,1950-01-22,76.0,Wisconsin,Point Guard,Right,University of Wisconsin-Eau Claire,1,1972.0,4.0,6.0,Kansas City-Omaha Kings,s/schadfr01.html
4251,Herm Schaefer,1949-50,1949-50,183.0,79.0,1918-12-20,107.0,Indiana,Guard/Forward,Right,Indiana,1,,,,,s/schaehe01.html
4253,Bob Schafer,1955-56,1956-57,190.0,88.0,1933-03-29,93.0,Pennsylvania,Shooting Guard,Right,Villanova,2,1955.0,3.0,3.0,Philadelphia Warriors,s/schafbo01.html
4254,Jordan Schakel,2021-22,2022-23,198.0,90.0,1998-06-13,28.0,California,Small Forward and Shooting Guard,Right,San Diego State,2,,,,,s/schakjo01.html
4256,Marv Schatzman,1949-50,1949-50,196.0,90.0,1927-02-18,99.0,Missouri,Forward,Right,Saint Louis,1,1949.0,3.0,,St. Louis Bombers,s/schatma01.html
4257,Fred Schaus,1949-50,1953-54,196.0,92.0,1925-06-30,101.0,Ohio,Small Forward,Right,West Virginia,5,1949.0,3.0,,Fort Wayne Pistons,s/schaufr01.html
4258,Danny Schayes,1981-82,1998-99,211.0,106.0,1959-05-10,67.0,New York,Center and Power Forward,Right,Syracuse,18,1981.0,1.0,13.0,Utah Jazz,s/schayda01.html
4259,Dolph Schayes,1949-50,1963-64,203.0,99.0,1928-05-19,98.0,New York,Power Forward and Center,Right,NYU,15,1948.0,1.0,4.0,New York Knicks,s/schaydo01.html
4261,Steve Scheffler,1990-91,1996-97,206.0,113.0,1967-09-03,58.0,Michigan,Center,Left,Purdue,7,1990.0,2.0,12.0,Charlotte Hornets,s/schefst01.html
4262,Tom Scheffler,1984-85,1984-85,211.0,108.0,1954-10-27,71.0,Michigan,Center,Right,Purdue,1,1977.0,6.0,7.0,Indiana Pacers,s/schefto01.html
4263,Baylor Scheierman,2024-25,2025-26,198.0,92.0,2000-09-26,25.0,Nebraska,Shooting Guard,Left,South Dakota State,2,2024.0,1.0,30.0,Boston Celtics,s/scheiba01.html
4264,Dave Schellhase,1966-67,1967-68,190.0,92.0,1944-10-14,81.0,Indiana,Point Guard,Right,Purdue,2,1966.0,1.0,10.0,Chicago Bulls,s/schelda01.html
4265,Luke Schenscher,2005-06,2006-07,216.0,115.0,1982-12-31,43.0,Australia,Center,Right,Georgia Tech,2,,,,,s/schenlu01.html
4266,Herb Scherer,1950-51,1951-52,206.0,96.0,1928-12-21,97.0,New Jersey,Center,Right,Long Island University,2,1950.0,2.0,7.0,New York Knicks,s/scherhe01.html
4267,Dwayne Schintzius,1990-91,1998-99,216.0,117.0,1968-10-14,57.0,Florida,Center,Right,Florida,8,1990.0,1.0,24.0,San Antonio Spurs,s/schindw01.html
4268,Dale Schlueter,1968-69,1977-78,208.0,102.0,1945-11-12,80.0,Washington,Center,Right,Colorado State,10,1967.0,6.0,8.0,San Francisco Warriors,s/schluda01.html
4270,Dick Schnittker,1950-51,1957-58,196.0,90.0,1928-05-27,98.0,Ohio,Small Forward,Right,Ohio State,6,1950.0,1.0,5.0,Washington Capitols,s/schnidi01.html
4271,Russ Schoene,1982-83,1988-89,208.0,95.0,1960-04-16,66.0,Illinois,Power Forward,Right,Chattanooga,4,1982.0,2.0,22.0,Philadelphia 76ers,s/schoeru01.html
4272,Admiral Schofield,2019-20,2023-24,196.0,109.0,1997-03-30,29.0,United Kingdom,Power Forward and Small Forward,Right,Tennessee,4,2019.0,2.0,12.0,Philadelphia 76ers,s/schofad01.html
4273,Dave Scholz,1969-70,1969-70,203.0,99.0,1948-04-12,78.0,United States,Forward,Right,Illinois,1,1969.0,4.0,13.0,Philadelphia 76ers,s/scholda01.html
4274,Milt Schoon,1949-50,1949-50,201.0,104.0,1922-02-25,104.0,Indiana,Center,Right,Valparaiso,1,,,,,s/schoomi01.html
4275,Detlef Schrempf,1985-86,2000-01,208.0,106.0,1963-01-21,63.0,Germany,Small Forward and Power Forward,Right,Washington,16,1985.0,1.0,8.0,Dallas Mavericks,s/schrede01.html
4276,Dennis Schröder,2013-14,2025-26,185.0,79.0,1993-09-15,32.0,Germany,Point Guard and Shooting Guard,Right,,13,2013.0,1.0,17.0,Atlanta Hawks,s/schrode01.html
4277,Howie Schultz,1949-50,1952-53,198.0,90.0,1922-07-03,104.0,Minnesota,Power Forward,Right,Hamline University,3,,,,,s/schulho01.html
4278,Dick Schulz,1949-50,1949-50,188.0,87.0,1917-01-03,109.0,Wisconsin,Forward/Guard,Right,Wisconsin,1,,,,,s/schuldi01.html
4280,John Schweitz,1984-85,1986-87,198.0,95.0,1960-04-19,66.0,New York,Shooting Guard,Right,Richmond,2,1982.0,6.0,23.0,Boston Celtics,s/schwejo01.html
4281,Luis Scola,2007-08,2016-17,206.0,108.0,1980-04-30,46.0,Argentina,Power Forward,Right,,10,2002.0,2.0,27.0,San Antonio Spurs,s/scolalu01.html
4282,Fred Scolari,1949-50,1954-55,178.0,81.0,1922-03-01,104.0,California,Point Guard,Right,San Francisco,6,,,,,s/scolafr01.html
4283,Alvin Scott,1977-78,1984-85,201.0,83.0,1955-09-14,70.0,Tennessee,Small Forward,Right,Oral Roberts,8,1977.0,7.0,5.0,Phoenix Suns,s/scottal01.html
4284,Brent Scott,1996-97,1996-97,208.0,113.0,1971-06-15,55.0,Michigan,Power Forward,Right,Rice University,1,,,,,s/scottbr01.html
4285,Byron Scott,1983-84,1996-97,193.0,90.0,1961-03-28,65.0,Utah,Shooting Guard and Point Guard,Right,Arizona State,14,1983.0,1.0,4.0,San Diego Clippers,s/scottby01.html
4286,Charlie Scott,1971-72,1979-80,196.0,79.0,1948-12-15,77.0,New York,Shooting Guard and Point Guard,Right,UNC,9,1970.0,7.0,4.0,Boston Celtics,s/scottch01.html
4287,Dennis Scott,1990-91,1999-00,203.0,103.0,1968-09-05,57.0,Maryland,Small Forward and Shooting Guard,Right,Georgia Tech,10,1990.0,1.0,4.0,Orlando Magic,s/scottde01.html
4288,James Scott,1996-97,1996-97,198.0,81.0,1972-06-06,54.0,New Jersey,Small Forward,Right,St. John's,1,,,,,s/scottja01.html
4289,Mike Scott,2012-13,2020-21,201.0,107.0,1988-07-16,38.0,Virginia,Power Forward,Right,Virginia,9,2012.0,2.0,13.0,Atlanta Hawks,s/scottmi01.html
4290,Ray Scott,1961-62,1969-70,206.0,97.0,1938-07-12,88.0,Pennsylvania,Power Forward and Center,Right,New York City College of Technology,9,1961.0,1.0,4.0,Detroit Pistons,s/scottra01.html
4291,Shawnelle Scott,1996-97,2001-02,208.0,113.0,1972-06-16,54.0,New York,Center,Right,St. John's,4,1994.0,2.0,16.0,Portland Trail Blazers,s/scottsh01.html
4292,Tre Scott,2021-22,2025-26,203.0,102.0,1996-11-25,29.0,Georgia,Power Forward and Small Forward,Right,Cincinnati,2,,,,,s/scotttr01.html
4295,Jay Scrubb,2020-21,2022-23,196.0,99.0,2000-09-01,25.0,Kentucky,Shooting Guard,Left,John A. Logan College,3,2020.0,2.0,25.0,Brooklyn Nets,s/scrubja01.html
4296,Carey Scurry,1985-86,1987-88,201.0,85.0,1962-12-04,63.0,New York,Small Forward,Right,Long Island University,3,1985.0,2.0,13.0,Utah Jazz,s/scurrca01.html
4297,Dereon Seabron,2022-23,2023-24,196.0,81.0,2000-05-26,26.0,Virginia,Shooting Guard,Right,NC State,2,,,,,s/seabrde01.html
4298,Bruce Seals,1975-76,1977-78,203.0,95.0,1953-06-18,73.0,Louisiana,Small Forward and Power Forward,Right,Xavier University of Louisiana,3,1975.0,2.0,3.0,Seattle SuperSonics,s/sealsbr01.html
4299,Shea Seals,1997-98,1997-98,196.0,95.0,1975-08-26,50.0,Oklahoma,Shooting Guard,Right,Tulsa,1,,,,,s/sealssh01.html
4300,Malik Sealy,1992-93,1999-00,203.0,86.0,1970-02-01,56.0,New York,Small Forward and Shooting Guard,Right,St. John's,8,1992.0,1.0,14.0,Indiana Pacers,s/sealyma01.html
4301,Ed Searcy,1975-76,1975-76,198.0,95.0,1952-04-17,74.0,New York,Small Forward,Right,St. John's,1,1974.0,5.0,10.0,New Orleans Jazz,s/searced01.html
4302,Kenny Sears,1955-56,1963-64,206.0,89.0,1933-08-17,92.0,California,Small Forward and Power Forward,Right,Santa Clara,8,1953.0,15.0,5.0,Rochester Royals,s/searske01.html
4303,Mark Sears,2025-26,2025-26,183.0,83.0,2002-02-19,24.0,Alabama,Point Guard,Left,Ohio University,1,,,,,s/searsma01.html
4304,Wayne See,1949-50,1949-50,190.0,86.0,1923-11-03,102.0,Arizona,Guard,Right,Northern Arizona University,1,,,,,s/seewa01.html
4305,Thabo Sefolosha,2006-07,2019-20,198.0,97.0,1984-05-02,42.0,Switzerland,"Shooting Guard, Small Forward, and Power Forward",Right,,14,2006.0,1.0,13.0,Philadelphia 76ers,s/sefolth01.html
4306,Rony Seikaly,1988-89,1998-99,211.0,104.0,1965-05-10,61.0,Lebanon,Center,Right,Syracuse,11,1988.0,1.0,9.0,Miami Heat,s/seikaro01.html
4307,Glen Selbo,1949-50,1949-50,190.0,88.0,1926-03-29,100.0,Wisconsin,Guard/Forward,Right,Wisconsin,1,1947.0,1.0,2.0,Toronto Huskies,s/selbogl01.html
4308,Josh Selby,2011-12,2012-13,188.0,83.0,1991-03-27,35.0,Maryland,Point Guard,Right,Kansas,2,2011.0,2.0,19.0,Memphis Grizzlies,s/selbyjo01.html
4309,Wayne Selden,2016-17,2021-22,193.0,105.0,1994-09-30,31.0,Massachusetts,Shooting Guard,Right,Kansas,4,,,,,s/seldewa01.html
4310,Brad Sellers,1986-87,1992-93,213.0,95.0,1962-12-17,63.0,Ohio,Power Forward and Small Forward,Right,Wisconsin,6,1986.0,1.0,9.0,Chicago Bulls,s/sellebr01.html
4311,Phil Sellers,1976-77,1976-77,193.0,88.0,1953-11-20,72.0,New York,Shooting Guard,Right,Rutgers University,1,1976.0,3.0,4.0,Detroit Pistons,s/selleph01.html
4312,Rollie Seltz,1949-50,1949-50,178.0,74.0,1924-01-25,102.0,Minnesota,Guard/Forward,Right,Hamline University,1,,,,,s/seltzro01.html
4314,Frank Selvy,1954-55,1963-64,190.0,81.0,1932-11-09,93.0,Kentucky,Shooting Guard and Small Forward,Right,Furman University,9,1954.0,1.0,1.0,Baltimore Bullets,s/selvyfr01.html
4315,Jim Seminoff,1949-50,1949-50,188.0,86.0,1922-09-01,103.0,California,Guard/Forward,Right,USC,1,,,,,s/seminji01.html
4316,Mouhamed Sene,2006-07,2008-09,211.0,104.0,1986-05-12,40.0,Senegal,Center,Right,,3,2006.0,1.0,10.0,Seattle SuperSonics,s/senesa01.html
4317,George Senesky,1949-50,1953-54,188.0,81.0,1922-04-04,104.0,Pennsylvania,Point Guard,Right,Saint Joseph's,5,,,,,s/senesge01.html
4318,Alperen Şengün,2021-22,2025-26,211.0,110.0,2002-07-25,23.0,Turkey,Center,Right,,5,2021.0,1.0,16.0,Oklahoma City Thunder,s/sengual01.html
4319,Brice Sensabaugh,2023-24,2025-26,198.0,106.0,2003-10-30,22.0,Florida,Small Forward,Right,Ohio State,3,2023.0,1.0,28.0,Utah Jazz,s/sensabr01.html
4320,Kevin Séraphin,2010-11,2016-17,206.0,129.0,1989-12-07,36.0,French Guiana,Center and Power Forward,Right,,7,2010.0,1.0,17.0,Chicago Bulls,s/serapke01.html
4321,Ansu Sesay,2001-02,2004-05,206.0,102.0,1976-07-29,49.0,North Carolina,Small Forward,Left,Ole Miss,4,1998.0,2.0,1.0,Dallas Mavericks,s/sesayan01.html
4322,Ramon Sessions,2007-08,2017-18,190.0,86.0,1986-04-11,40.0,South Carolina,Point Guard and Shooting Guard,Right,Nevada,11,2007.0,2.0,26.0,Milwaukee Bucks,s/sessira01.html
4323,Ha Seung-Jin,2004-05,2005-06,221.0,138.0,1985-08-04,40.0,South Korea,Center,Right,,2,2004.0,2.0,17.0,Portland Trail Blazers,s/seungha01.html
4324,Tom Sewell,1984-85,1984-85,196.0,83.0,1962-03-11,64.0,Florida,Shooting Guard,Right,Lamar,1,1984.0,1.0,22.0,Philadelphia 76ers,s/sewelto01.html
4325,Collin Sexton,2018-19,2025-26,190.0,86.0,1999-01-04,27.0,Georgia,Shooting Guard and Point Guard,Right,Alabama,8,2018.0,1.0,8.0,Cleveland Cavaliers,s/sextoco01.html
4326,Paul Seymour,1949-50,1959-60,185.0,81.0,1928-01-30,98.0,Ohio,Shooting Guard and Point Guard,Right,Toledo,11,,,,,s/seymopa01.html
4329,Charles Shackleford,1988-89,1998-99,211.0,111.0,1966-04-22,60.0,North Carolina,Center and Power Forward,Right,NC State,6,1988.0,2.0,7.0,New Jersey Nets,s/shackch01.html
4330,Carl Shaeffer,1949-50,1950-51,190.0,83.0,1924-10-25,101.0,Indiana,Forward/Guard,Right,Alabama,2,1949.0,,,Providence Steamrollers,s/shaefca01.html
4331,Lee Shaffer,1961-62,1963-64,201.0,99.0,1939-02-23,87.0,Illinois,Small Forward,Right,UNC,3,1960.0,1.0,5.0,Syracuse Nationals,s/shaffle01.html
4332,Mustafa Shakur,2010-11,2013-14,190.0,86.0,1984-08-18,41.0,Pennsylvania,Point Guard,Right,Arizona,2,,,,,s/shakumu01.html
4333,Landry Shamet,2018-19,2025-26,196.0,86.0,1997-03-13,29.0,Missouri,Shooting Guard,Right,Wichita State,8,2018.0,1.0,26.0,Philadelphia 76ers,s/shamela01.html
4334,God Shammgod,1997-98,1997-98,183.0,76.0,1976-04-29,50.0,New York,Point Guard,Right,Providence,1,1997.0,2.0,17.0,Washington Wizards,s/shammgo01.html
4336,Howie Shannon,1949-50,1949-50,188.0,79.0,1923-06-10,103.0,Kansas,Guard/Forward,Right,University of North Texas,1,1949.0,1.0,1.0,Providence Steamrollers,s/shannho01.html
4337,Terrence Shannon Jr.,2024-25,2025-26,198.0,97.0,2000-07-30,25.0,Illinois,Shooting Guard,Left,Texas Tech,2,2024.0,1.0,27.0,Minnesota Timberwolves,s/shannte01.html
4338,Chuck Share,1951-52,1959-60,211.0,106.0,1927-03-14,99.0,Ohio,Center,Right,Bowling Green,9,1950.0,1.0,1.0,Boston Celtics,s/sharech01.html
4339,Bill Sharman,1950-51,1960-61,185.0,79.0,1926-05-25,100.0,Texas,Shooting Guard,Right,USC,11,1950.0,2.0,5.0,Washington Capitols,s/sharmbi01.html
4340,Day'Ron Sharpe,2021-22,2025-26,208.0,120.0,2001-11-06,24.0,North Carolina,Center and Power Forward,Right,UNC,5,2021.0,1.0,29.0,Phoenix Suns,s/sharpda01.html
4341,Shaedon Sharpe,2022-23,2025-26,196.0,95.0,2003-05-30,23.0,Ontario,Shooting Guard,Right,Kentucky,4,2022.0,1.0,7.0,Portland Trail Blazers,s/sharpsh01.html
4342,Walter Sharpe,2008-09,2008-09,206.0,111.0,1986-07-18,39.0,Alabama,Power Forward,Right,Mississippi State,1,2008.0,2.0,2.0,Seattle SuperSonics,s/sharpwa01.html
4343,John Shasky,1988-89,1990-91,211.0,106.0,1964-07-31,61.0,Michigan,Center,Right,Minnesota,3,1986.0,3.0,14.0,Utah Jazz,s/shaskjo01.html
4344,Ron Shavlik,1956-57,1957-58,203.0,90.0,1933-12-04,92.0,Colorado,Forward,Right,NC State,2,1956.0,1.0,4.0,New York Knicks,s/shavlro01.html
4345,Brian Shaw,1988-89,2002-03,198.0,86.0,1966-03-22,60.0,California,Point Guard and Shooting Guard,Right,Saint Mary's,14,1988.0,1.0,24.0,Boston Celtics,s/shawbr01.html
4346,Casey Shaw,1998-99,1998-99,211.0,117.0,1975-07-20,50.0,Ohio,Center,Right,Toledo,1,1998.0,2.0,8.0,Philadelphia 76ers,s/shawca01.html
4347,Marial Shayok,2019-20,2019-20,196.0,89.0,1995-07-26,30.0,Ontario,Shooting Guard,Right,Virginia,1,2019.0,2.0,24.0,Philadelphia 76ers,s/shayoma01.html
4349,Jamal Shead,2024-25,2025-26,185.0,90.0,2002-06-24,24.0,Texas,Point Guard,Right,Houston,2,2024.0,2.0,15.0,Sacramento Kings,s/sheadja01.html
4351,Craig Shelton,1980-81,1981-82,201.0,95.0,1957-05-01,69.0,District of Columbia,Small Forward,Right,Georgetown,2,1980.0,2.0,5.0,Atlanta Hawks,s/sheltcr01.html
4352,Lonnie Shelton,1976-77,1985-86,203.0,108.0,1955-10-19,70.0,California,Power Forward,Right,Oregon State,10,1976.0,2.0,8.0,New York Knicks,s/sheltlo01.html
4353,Tornike Shengelia,2012-13,2013-14,206.0,98.0,1991-10-05,34.0,Georgia,Small Forward,Right,,2,2012.0,2.0,24.0,Philadelphia 76ers,s/shengto01.html
4355,Ben Sheppard,2023-24,2025-26,198.0,86.0,2001-07-16,25.0,Georgia,Shooting Guard,Right,Belmont,3,2023.0,1.0,26.0,Indiana Pacers,s/sheppbe01.html
4356,Jeff Sheppard,1998-99,1998-99,190.0,86.0,1974-09-29,51.0,Georgia,Shooting Guard,Right,Kentucky,1,,,,,s/sheppje01.html
4357,Reed Sheppard,2024-25,2025-26,188.0,83.0,2004-06-24,22.0,Kentucky,Shooting Guard and Point Guard,Right,Kentucky,2,2024.0,1.0,3.0,Houston Rockets,s/sheppre01.html
4358,Steve Sheppard,1977-78,1978-79,198.0,97.0,1954-03-21,72.0,New York,Small Forward,Right,Maryland,2,1977.0,2.0,8.0,Chicago Bulls,s/sheppst01.html
4359,Ed Sherod,1982-83,1982-83,188.0,77.0,1959-09-13,66.0,Virginia,Point Guard,Right,VCU,1,1981.0,4.0,3.0,New Jersey Nets,s/sheroed01.html
4360,Charley Shipp,1949-50,1949-50,185.0,90.0,1913-12-03,112.0,Indiana,Guard/Forward,Right,Catholic University of America,1,,,,,s/shippch01.html
4361,Paul Shirley,2002-03,2004-05,208.0,104.0,1977-12-23,48.0,Kansas,Power Forward,Right,Iowa State,3,,,,,s/shirlpa01.html
4362,Gene Short,1975-76,1975-76,198.0,90.0,1953-08-07,72.0,Mississippi,Small Forward,Right,Jackson State University,1,1975.0,1.0,9.0,New York Knicks,s/shortge01.html
4363,Purvis Short,1978-79,1989-90,201.0,95.0,1957-07-02,69.0,Mississippi,"Small Forward, Shooting Guard, and Power Forward",Right,Jackson State University,12,1978.0,1.0,5.0,Golden State Warriors,s/shortpu01.html
4364,Dexter Shouse,1989-90,1989-90,188.0,90.0,1963-03-24,63.0,Indiana,Point Guard,Right,University of South Alabama,1,1985.0,4.0,22.0,Los Angeles Lakers,s/shousde01.html
4366,Gene Shue,1954-55,1963-64,188.0,77.0,1931-12-18,94.0,Maryland,Point Guard and Shooting Guard,Right,Maryland,10,1954.0,1.0,3.0,Philadelphia Warriors,s/shuege01.html
4367,Max Shulga,2025-26,2025-26,193.0,95.0,2002-06-25,24.0,Ukraine,Shooting Guard,Right,Utah State University,1,2025.0,2.0,27.0,Orlando Magic,s/shulgma01.html
4368,John Shumate,1975-76,1980-81,206.0,106.0,1952-04-06,74.0,South Carolina,Power Forward,Right,Notre Dame,5,1974.0,1.0,4.0,Phoenix Suns,s/shumajo01.html
4369,Iman Shumpert,2011-12,2020-21,196.0,96.0,1990-06-26,36.0,Illinois,"Shooting Guard, Small Forward, and Point Guard",Right,Georgia Tech,10,2011.0,1.0,17.0,New York Knicks,s/shumpim01.html
4370,Alexey Shved,2012-13,2014-15,198.0,86.0,1988-12-16,37.0,Russia,Shooting Guard,Right,,3,,,,,s/shvedal01.html
4371,Pascal Siakam,2016-17,2025-26,203.0,111.0,1994-04-02,32.0,Cameroon,Power Forward,Right,New Mexico State,10,2016.0,1.0,27.0,Toronto Raptors,s/siakapa01.html
4372,Jordan Sibert,2018-19,2018-19,193.0,84.0,1992-08-01,33.0,Ohio,Shooting Guard,Right,Ohio State,1,,,,,s/siberjo01.html
4373,Sam Sibert,1972-73,1972-73,201.0,97.0,1949-02-11,77.0,South Carolina,Power Forward,Right,Kentucky State University,1,1972.0,2.0,6.0,Kansas City-Omaha Kings,s/sibersa01.html
4374,Mark Sibley,1973-74,1973-74,188.0,79.0,1950-11-13,75.0,United States,Shooting Guard,Right,Northwestern,1,1973.0,4.0,12.0,Chicago Bulls,s/siblema01.html
4375,Jerry Sichting,1980-81,1989-90,185.0,76.0,1956-11-29,69.0,Indiana,Point Guard,Right,Purdue,10,1979.0,4.0,16.0,Golden State Warriors,s/sichtje01.html
4377,Larry Siegfried,1963-64,1971-72,190.0,86.0,1939-05-22,87.0,Ohio,Point Guard and Shooting Guard,Right,Ohio State,9,1961.0,1.0,3.0,Cincinnati Royals,s/siegfla01.html
4379,Jack Sikma,1977-78,1990-91,211.0,104.0,1955-11-14,70.0,Illinois,Center and Power Forward,Right,Illinois Wesleyan University,14,1977.0,1.0,8.0,Seattle SuperSonics,s/sikmaja01.html
4380,James Silas,1976-77,1981-82,185.0,81.0,1949-02-11,77.0,Louisiana,Point Guard and Shooting Guard,Right,Stephen F. Austin,6,1972.0,5.0,7.0,Houston Rockets,s/silasja01.html
4381,Paul Silas,1964-65,1979-80,201.0,99.0,1943-07-12,83.0,Arkansas,Power Forward,Right,Creighton,16,1964.0,2.0,3.0,St. Louis Hawks,s/silaspa01.html
4382,Xavier Silas,2011-12,2017-18,196.0,92.0,1988-01-22,38.0,Texas,Shooting Guard,Right,Colorado,2,,,,,s/silasxa01.html
4383,Garret Siler,2010-11,2010-11,211.0,138.0,1986-10-25,39.0,Georgia,Center,Right,Augusta State University,1,,,,,s/silerga01.html
4384,Mike Silliman,1970-71,1970-71,198.0,102.0,1944-05-05,82.0,Kentucky,Small Forward,Right,United States Military Academy,1,1966.0,8.0,1.0,New York Knicks,s/sillimi01.html
4385,Chris Silva,2019-20,2022-23,203.0,106.0,1996-09-19,29.0,Gabon,Power Forward,Right,South Carolina,4,,,,,s/silvach01.html
4386,Wayne Simien,2005-06,2006-07,206.0,115.0,1983-03-09,43.0,Kansas,Power Forward,Right,Kansas,2,2005.0,1.0,29.0,Miami Heat,s/simiewa01.html
4387,Ben Simmons,2017-18,2024-25,208.0,108.0,1996-07-20,29.0,Australia,Point Guard,Left,LSU,7,2016.0,1.0,1.0,Philadelphia 76ers,s/simmobe01.html
4388,Bobby Simmons,2001-02,2011-12,201.0,95.0,1980-06-02,46.0,Illinois,"Small Forward, Power Forward, and Shooting Guard",Right,DePaul,10,2001.0,2.0,13.0,Seattle SuperSonics,s/simmobo01.html
4389,Cedric Simmons,2006-07,2008-09,206.0,106.0,1986-01-03,40.0,North Carolina,Power Forward,Right,NC State,3,2006.0,1.0,15.0,New Orleans/Oklahoma City Hornets,s/simmoce01.html
4390,Connie Simmons,1949-50,1955-56,203.0,100.0,1925-03-15,101.0,New Jersey,Center and Power Forward,Right,,7,,,,,s/simmoco01.html
4393,Jonathon Simmons,2015-16,2018-19,198.0,88.0,1989-09-14,36.0,Texas,Shooting Guard and Small Forward,Right,Houston,4,,,,,s/simmojo02.html
4394,Kobi Simmons,2017-18,2023-24,196.0,81.0,1997-07-04,29.0,Georgia,Point Guard and Shooting Guard,Right,Arizona,4,,,,,s/simmoko01.html
4395,Lionel Simmons,1990-91,1996-97,201.0,95.0,1968-11-14,57.0,Pennsylvania,Small Forward,Right,La Salle,7,1990.0,1.0,7.0,Sacramento Kings,s/simmoli01.html
4396,Miles Simon,1998-99,1998-99,190.0,91.0,1975-11-21,50.0,Sweden,Shooting Guard,Right,Arizona,1,1998.0,2.0,13.0,Orlando Magic,s/simonmi01.html
4398,Marko Simonovic,2021-22,2022-23,213.0,99.0,1999-10-15,26.0,Montenegro,Center,Right,,2,2020.0,2.0,14.0,Chicago Bulls,s/simonma01.html
4399,Anfernee Simons,2018-19,2025-26,190.0,90.0,1999-06-08,27.0,Florida,Shooting Guard,Right,,8,2018.0,1.0,24.0,Portland Trail Blazers,s/simonan01.html
4400,Dickey Simpkins,1994-95,2001-02,206.0,112.0,1972-04-06,54.0,Maryland,Power Forward and Center,Right,Providence,7,1994.0,1.0,21.0,Chicago Bulls,s/simpkdi01.html
4401,KJ Simpson,2024-25,2025-26,188.0,85.0,2002-08-08,23.0,California,Point Guard,Right,Colorado,2,2024.0,2.0,12.0,Charlotte Hornets,s/simpskj01.html
4402,Ralph Simpson,1976-77,1979-80,196.0,90.0,1949-08-10,76.0,Michigan,Shooting Guard and Small Forward,Right,Michigan State,4,1972.0,1.0,11.0,Chicago Bulls,s/simpsra01.html
4403,Zavier Simpson,2021-22,2023-24,183.0,86.0,1997-02-11,29.0,Ohio,Point Guard,Right,Michigan,2,,,,,s/simpsza01.html
4404,Alvin Sims,1998-99,1998-99,193.0,106.0,1974-10-18,51.0,Kentucky,Shooting Guard,Right,Louisville,1,,,,,s/simsal01.html
4405,Bob Sims,1961-62,1961-62,196.0,99.0,1938-10-09,87.0,United States,Shooting Guard,Right,Pepperdine,1,1960.0,7.0,6.0,St. Louis Hawks,s/simsbo01.html
4406,Courtney Sims,2007-08,2008-09,208.0,111.0,1983-10-21,42.0,Massachusetts,Center,Right,Michigan,2,,,,,s/simsco01.html
4407,Doug Sims,1968-69,1968-69,201.0,88.0,1943-06-29,83.0,Alabama,Forward,Right,Kent State University,1,,,,,s/simsdo01.html
4408,Henry Sims,2012-13,2015-16,208.0,112.0,1990-03-27,36.0,Maryland,Center,Right,Georgetown,4,,,,,s/simshe01.html
4409,Jaylen Sims,2024-25,2024-25,198.0,95.0,1998-12-11,27.0,North Carolina,Shooting Guard,Right,UNC Wilmington,1,,,,,s/simsja01.html
4410,Jericho Sims,2021-22,2025-26,208.0,113.0,1998-10-20,27.0,Minnesota,Center and Power Forward,Right,Texas,5,2021.0,2.0,28.0,New York Knicks,s/simsje01.html
4411,Scott Sims,1977-78,1977-78,185.0,77.0,1955-04-18,71.0,Missouri,Point Guard,Right,Missouri,1,1977.0,5.0,15.0,San Antonio Spurs,s/simssc01.html
4412,Kyle Singler,2012-13,2017-18,203.0,103.0,1988-05-04,38.0,Oregon,Small Forward,Right,Duke,6,2011.0,2.0,3.0,Detroit Pistons,s/singlky01.html
4413,Sean Singletary,2008-09,2008-09,183.0,83.0,1985-09-06,40.0,Pennsylvania,Point Guard,Right,Virginia,1,2008.0,2.0,12.0,Sacramento Kings,s/singlse01.html
4414,Chris Singleton,2011-12,2013-14,203.0,104.0,1989-11-21,36.0,Georgia,Small Forward and Power Forward,Right,Florida State,3,2011.0,1.0,18.0,Washington Wizards,s/singlch01.html
4415,James Singleton,2005-06,2011-12,203.0,97.0,1981-07-20,44.0,Illinois,Power Forward and Small Forward,Right,Murray State,5,,,,,s/singlja01.html
4416,McKinley Singleton,1986-87,1986-87,196.0,79.0,1961-10-29,64.0,Tennessee,Point Guard,Right,UAB,1,1984.0,6.0,4.0,Milwaukee Bucks,s/singlmc01.html
4417,Zeke Sinicola,1951-52,1953-54,178.0,74.0,1929-01-25,97.0,New York,Guard,Right,Niagara University,2,1951.0,1.0,4.0,Fort Wayne Pistons,s/sinicze01.html
4418,Deividas Sirvydis,2020-21,2021-22,203.0,86.0,2000-06-10,26.0,Lithuania,Shooting Guard,Left,,2,2019.0,2.0,7.0,Dallas Mavericks,s/sirvyde01.html
4419,Charlie Sitton,1984-85,1984-85,203.0,95.0,1962-07-03,64.0,Oregon,Small Forward,Right,Oregon State,1,1984.0,2.0,14.0,Dallas Mavericks,s/sittoch01.html
4420,Peyton Siva,2013-14,2013-14,183.0,83.0,1990-10-24,35.0,Washington,Shooting Guard,Right,Louisville,1,2013.0,2.0,26.0,Detroit Pistons,s/sivape01.html
4421,Dmytro Skapintsev,2023-24,2023-24,216.0,117.0,1998-05-12,28.0,Ukraine,Center,Right,Cal State Northridge,1,,,,,s/skapidm01.html
4422,Scott Skiles,1986-87,1995-96,185.0,81.0,1964-03-05,62.0,Indiana,Point Guard,Right,Michigan State,10,1986.0,1.0,22.0,Milwaukee Bucks,s/skilesc01.html
4423,Al Skinner,1976-77,1979-80,190.0,86.0,1952-06-16,74.0,New York,Shooting Guard,Left,UMass,4,1974.0,9.0,16.0,Boston Celtics,s/skinnal01.html
4424,Brian Skinner,1998-99,2011-12,206.0,115.0,1976-05-19,50.0,Texas,Power Forward and Center,Right,Baylor,14,1998.0,1.0,22.0,Los Angeles Clippers,s/skinnbr01.html
4425,Tal Skinner,1974-75,1975-76,196.0,88.0,1952-09-10,73.0,Maryland,Small Forward,Right,University of Maryland Eastern Shore,2,1974.0,3.0,8.0,Seattle SuperSonics,s/skinnta01.html
4426,Whitey Skoog,1951-52,1956-57,180.0,81.0,1926-11-02,99.0,Minnesota,Shooting Guard,Right,Minnesota,6,1951.0,1.0,10.0,Minneapolis Lakers,s/skoogwh01.html
4427,Jeff Slade,1962-63,1962-63,198.0,99.0,1941-03-01,85.0,Illinois,Forward,Right,Kenyon College,1,1962.0,11.0,1.0,Chicago Zephyrs,s/sladeje01.html
4428,Reggie Slater,1994-95,2002-03,201.0,97.0,1970-08-27,55.0,Texas,Power Forward,Right,Wyoming,8,,,,,s/slatere01.html
4429,Jim Slaughter,1951-52,1951-52,211.0,95.0,1928-05-13,98.0,Tennessee,Center,Right,South Carolina,1,1951.0,4.0,2.0,Tri-Cities Blackhawks,s/slaugji01.html
4430,Jose Slaughter,1982-83,1982-83,196.0,92.0,1960-09-09,65.0,California,Shooting Guard,Right,University of Portland,1,1982.0,2.0,20.0,Indiana Pacers,s/slaugjo01.html
4431,Jalen Slawson,2023-24,2025-26,201.0,97.0,1999-10-22,26.0,South Carolina,Small Forward,Right,Furman University,2,2023.0,2.0,24.0,Sacramento Kings,s/slawsja01.html
4432,Tamar Slay,2002-03,2004-05,203.0,97.0,1980-04-02,46.0,West Virginia,Shooting Guard,Right,Marshall,3,2002.0,2.0,25.0,New Jersey Nets,s/slayta01.html
4433,Donald Sloan,2011-12,2015-16,190.0,92.0,1988-01-15,38.0,Louisiana,Point Guard and Shooting Guard,Right,Texas A&M,5,,,,,s/sloando01.html
4434,Jerry Sloan,1965-66,1975-76,196.0,88.0,1942-03-28,84.0,Illinois,Shooting Guard and Small Forward,Right,University of Evansville,11,1964.0,3.0,3.0,Baltimore Bullets,s/sloanje01.html
4435,Uroš Slokar,2006-07,2006-07,208.0,107.0,1983-05-14,43.0,Slovenia,Center,Left,,1,2005.0,2.0,28.0,Toronto Raptors,s/slokaur01.html
4436,Tom Sluby,1984-85,1984-85,193.0,90.0,1962-02-18,64.0,District of Columbia,Shooting Guard,Right,Notre Dame,1,1984.0,2.0,17.0,Dallas Mavericks,s/slubyto01.html
4437,Alen Smailagić,2019-20,2020-21,208.0,97.0,2000-08-18,25.0,Serbia,Power Forward and Center,Right,,2,2019.0,2.0,9.0,New Orleans Pelicans,s/smailal01.html
4438,Javon Small,2025-26,2025-26,185.0,86.0,2002-12-19,23.0,Indiana,Point Guard,Right,East Carolina University,1,2025.0,2.0,18.0,Memphis Grizzlies,s/smallja01.html
4439,Javonte Smart,2021-22,2023-24,193.0,92.0,1999-06-03,27.0,Louisiana,Point Guard,Right,LSU,2,,,,,s/smartja01.html
4440,Keith Smart,1988-89,1988-89,185.0,79.0,1964-09-21,61.0,Louisiana,Point Guard,Right,Indiana,1,1988.0,2.0,16.0,Golden State Warriors,s/smartke01.html
4441,Marcus Smart,2014-15,2025-26,190.0,99.0,1994-03-06,32.0,Texas,Point Guard and Shooting Guard,Right,Oklahoma State,12,2014.0,1.0,6.0,Boston Celtics,s/smartma01.html
4442,Belus Smawley,1949-50,1951-52,185.0,88.0,1918-03-20,108.0,North Carolina,Shooting Guard,Right,Appalachian State University,3,,,,,s/smawlbe01.html
4443,Jack Smiley,1949-50,1949-50,190.0,86.0,1922-12-22,103.0,Illinois,Forward/Guard,Right,Illinois,1,,,,,s/smileja01.html
4444,Adrian Smith,1961-62,1970-71,185.0,81.0,1936-10-05,89.0,Kentucky,Shooting Guard,Right,Northeast Mississippi Community College,10,1958.0,15.0,1.0,Cincinnati Royals,s/smithad01.html
4446,Bill Smith,1961-62,1961-62,196.0,86.0,1939-04-26,87.0,New Jersey,Guard/Forward,Right,Saint Peter's College,1,1961.0,5.0,1.0,New York Knicks,s/smithbi01.html
4447,Bill Smith,1971-72,1972-73,213.0,99.0,1949-02-14,77.0,New York,Center,Right,Syracuse,2,1971.0,3.0,7.0,Portland Trail Blazers,s/smithwi01.html
4448,Bingo Smith,1969-70,1979-80,196.0,88.0,1946-02-26,80.0,Tennessee,Shooting Guard and Small Forward,Right,Tulsa,11,1969.0,1.0,6.0,San Diego Rockets,s/smithbi02.html
4449,Bobby Smith,1959-60,1961-62,193.0,86.0,1937-08-20,88.0,West Virginia,Guard,Right,West Virginia,2,1959.0,3.0,4.0,Minneapolis Lakers,s/smithbo01.html
4450,Charles Smith,1988-89,1996-97,208.0,104.0,1965-07-16,61.0,Connecticut,Small Forward and Power Forward,Right,Pitt,9,1988.0,1.0,3.0,Philadelphia 76ers,s/smithch01.html
4451,Charles Smith,1989-90,1995-96,185.0,72.0,1967-11-29,58.0,District of Columbia,Point Guard,Right,Georgetown,3,,,,,s/smithch02.html
4452,Charles Smith,1997-98,2005-06,193.0,87.0,1975-08-22,50.0,Texas,Shooting Guard,Right,New Mexico,5,1997.0,1.0,26.0,Miami Heat,s/smithch04.html
4453,Chris Smith,1992-93,1994-95,190.0,86.0,1970-05-17,56.0,Connecticut,Shooting Guard and Point Guard,Right,UConn,3,1992.0,2.0,7.0,Minnesota Timberwolves,s/smithch03.html
4454,Chris Smith,2013-14,2013-14,188.0,90.0,1987-10-13,38.0,New Jersey,Point Guard,Right,Manhattan University,1,,,,,s/smithch05.html
4455,Clinton Smith,1986-87,1990-91,198.0,95.0,1964-01-19,62.0,Ohio,Shooting Guard,Right,Ohio State,2,1986.0,5.0,4.0,Golden State Warriors,s/smithcl01.html
4456,Craig Smith,2006-07,2011-12,201.0,113.0,1983-11-10,42.0,California,Power Forward,Right,Boston College,6,2006.0,2.0,6.0,Minnesota Timberwolves,s/smithcr01.html
4458,Dennis Smith Jr.,2017-18,2023-24,188.0,92.0,1997-11-25,28.0,North Carolina,Point Guard,Right,NC State,7,2017.0,1.0,9.0,Dallas Mavericks,s/smithde03.html
4459,Derek Smith,1982-83,1990-91,198.0,92.0,1961-11-01,64.0,Georgia,Shooting Guard and Small Forward,Right,Louisville,9,1982.0,2.0,12.0,Golden State Warriors,s/smithde02.html
4461,Don Smith,1974-75,1974-75,183.0,72.0,1951-10-10,74.0,Ohio,Shooting Guard,Right,Dayton,1,1974.0,2.0,1.0,Philadelphia 76ers,s/smithdo02.html
4462,Donta Smith,2004-05,2005-06,201.0,97.0,1983-11-27,42.0,Kentucky,Shooting Guard,Right,Southeastern Illinois College,2,2004.0,2.0,5.0,Atlanta Hawks,s/smithdo04.html
4463,Doug Smith,1991-92,1995-96,208.0,99.0,1969-09-17,56.0,Michigan,Power Forward,Right,Missouri,5,1991.0,1.0,6.0,Dallas Mavericks,s/smithdo03.html
4464,Dru Smith,2022-23,2025-26,188.0,92.0,1997-12-30,28.0,Indiana,Shooting Guard,Right,University of Evansville,4,,,,,s/smithdr01.html
4465,Ed Smith,1953-54,1953-54,198.0,81.0,1929-07-05,97.0,Ohio,Small Forward,Right,Harvard University,1,1951.0,1.0,6.0,New York Knicks,s/smithed01.html
4466,Elmore Smith,1971-72,1978-79,213.0,113.0,1949-05-09,77.0,Georgia,Center,Right,Kentucky State University,8,1971.0,1.0,3.0,Buffalo Braves,s/smithel01.html
4467,Garfield Smith,1970-71,1971-72,206.0,106.0,1945-11-18,80.0,Kentucky,Center and Power Forward,Right,Eastern Kentucky University,2,1968.0,3.0,10.0,Boston Celtics,s/smithga01.html
4468,Greg Smith,1968-69,1975-76,196.0,88.0,1947-01-28,79.0,Kentucky,Small Forward and Power Forward,Left,Western Kentucky,8,1968.0,4.0,14.0,Milwaukee Bucks,s/smithgr01.html
4469,Greg Smith,2011-12,2015-16,208.0,113.0,1991-01-08,35.0,California,Center and Power Forward,Right,Fresno State,5,,,,,s/smithgr02.html
4470,Ish Smith,2010-11,2023-24,183.0,79.0,1988-07-05,38.0,North Carolina,Point Guard,Right,Wake Forest,14,,,,,s/smithis01.html
4471,J.R. Smith,2004-05,2019-20,198.0,102.0,1985-09-09,40.0,New Jersey,Shooting Guard and Small Forward,Right,North Carolina A&T,16,2004.0,1.0,18.0,New Orleans Hornets,s/smithjr01.html
4472,Jabari Smith,2000-01,2004-05,211.0,113.0,1977-02-12,49.0,Georgia,Center and Power Forward,Right,LSU,4,2000.0,2.0,16.0,Sacramento Kings,s/smithja01.html
4473,Jabari Smith Jr.,2022-23,2025-26,211.0,99.0,2003-05-13,23.0,Georgia,Power Forward,Right,Auburn,4,2022.0,1.0,3.0,Houston Rockets,s/smithja05.html
4474,Jalen Smith,2020-21,2025-26,203.0,97.0,2000-03-16,26.0,Virginia,Center and Power Forward,Right,Maryland,6,2020.0,1.0,10.0,Phoenix Suns,s/smithja04.html
4475,Jason Smith,2007-08,2018-19,213.0,108.0,1986-03-02,40.0,Colorado,Center and Power Forward,Right,Colorado State,11,2007.0,1.0,20.0,Miami Heat,s/smithja02.html
4476,Jerry Smith,2011-12,2011-12,188.0,86.0,1987-09-26,38.0,Wisconsin,Point Guard,Right,Louisville,1,,,,,s/smithje01.html
4477,Jim Smith,1981-82,1982-83,206.0,102.0,1958-04-12,68.0,Ohio,Power Forward,Right,Ohio State,2,1981.0,3.0,8.0,San Diego Clippers,s/smithji01.html
4478,Joe Smith,1995-96,2010-11,208.0,102.0,1975-07-26,50.0,Virginia,"Power Forward, Center, and Small Forward",Right,Maryland,16,1995.0,1.0,1.0,Golden State Warriors,s/smithjo02.html
4480,Josh Smith,2004-05,2017-18,206.0,102.0,1985-12-05,40.0,Georgia,Power Forward and Small Forward,Left,,13,2004.0,1.0,17.0,Atlanta Hawks,s/smithjo03.html
4481,Keith Smith,1986-87,1986-87,190.0,81.0,1964-03-09,62.0,Michigan,Shooting Guard,Left,Loyola Marymount,1,1986.0,2.0,21.0,Milwaukee Bucks,s/smithke03.html
4483,Kenny Smith,1987-88,1996-97,190.0,77.0,1965-03-08,61.0,New York,Point Guard,Right,UNC,10,1987.0,1.0,6.0,Sacramento Kings,s/smithke01.html
4484,LaBradford Smith,1991-92,1993-94,190.0,90.0,1969-04-03,57.0,Texas,Shooting Guard,Right,Louisville,3,1991.0,1.0,19.0,Washington Bullets,s/smithla02.html
4485,Larry Smith,1980-81,1992-93,203.0,97.0,1958-01-18,68.0,Mississippi,Power Forward,Right,Alcorn State,13,1980.0,2.0,1.0,Golden State Warriors,s/smithla01.html
4486,Leon Smith,2001-02,2003-04,208.0,106.0,1980-11-02,45.0,Illinois,Center,Right,,2,1999.0,1.0,29.0,San Antonio Spurs,s/smithle01.html
4487,Malachi Smith,2025-26,2025-26,193.0,92.0,1999-12-06,26.0,Indiana,Shooting Guard,Right,Wright State University,1,,,,,s/smithma02.html
4488,Michael Smith,1989-90,1994-95,208.0,102.0,1965-05-19,61.0,New York,Power Forward,Right,BYU,3,1989.0,1.0,13.0,Boston Celtics,s/smithmi01.html
4489,Michael Smith,1994-95,2000-01,203.0,104.0,1972-03-28,54.0,District of Columbia,Power Forward and Small Forward,Left,Providence,7,1994.0,2.0,8.0,Sacramento Kings,s/smithmi02.html
4490,Mike Smith,2000-01,2000-01,203.0,88.0,1976-04-15,50.0,Louisiana,Small Forward,Right,Louisiana-Monroe,1,2000.0,2.0,6.0,Washington Wizards,s/smithmi03.html
4491,Nick Smith Jr.,2023-24,2025-26,188.0,83.0,2004-04-18,22.0,Arkansas,Shooting Guard,Right,Arkansas,3,2023.0,1.0,27.0,Charlotte Hornets,s/smithni01.html
4492,Nolan Smith,2011-12,2012-13,188.0,83.0,1988-07-25,37.0,Kentucky,Point Guard,Right,Duke,2,2011.0,1.0,21.0,Portland Trail Blazers,s/smithno01.html
4493,Otis Smith,1986-87,1991-92,196.0,95.0,1964-01-30,62.0,Florida,Shooting Guard and Small Forward,Right,Jacksonville University,6,1986.0,2.0,17.0,Denver Nuggets,s/smithot01.html
4495,Phil Smith,1974-75,1982-83,193.0,83.0,1952-04-22,74.0,California,Shooting Guard,Right,San Francisco,9,1974.0,2.0,11.0,Golden State Warriors,s/smithph01.html
4496,Randy Smith,1971-72,1982-83,190.0,81.0,1948-12-12,77.0,New York,Shooting Guard and Small Forward,Right,Buffalo State,12,1970.0,14.0,2.0,Detroit Pistons,s/smithra01.html
4497,Reggie Smith,1992-93,1993-94,208.0,108.0,1970-08-21,55.0,California,Power Forward and Center,Right,TCU,2,1992.0,2.0,4.0,Portland Trail Blazers,s/smithre01.html
4498,Robert Smith,1977-78,1984-85,180.0,74.0,1955-03-10,71.0,California,Point Guard,Right,UNLV,7,1977.0,3.0,21.0,Denver Nuggets,s/smithro01.html
4499,Russ Smith,2014-15,2015-16,183.0,74.0,1991-04-19,35.0,New York,Point Guard,Right,Louisville,2,2014.0,2.0,17.0,Philadelphia 76ers,s/smithru01.html
4501,Sam Smith,1978-79,1979-80,193.0,90.0,1955-01-08,71.0,Louisiana,Small Forward,Right,UNLV,2,1977.0,3.0,4.0,Atlanta Hawks,s/smithsa02.html
4502,Steve Smith,1991-92,2004-05,203.0,90.0,1969-03-31,57.0,Michigan,Shooting Guard,Right,Michigan State,14,1991.0,1.0,5.0,Miami Heat,s/smithst01.html
4503,Steven Smith,2006-07,2006-07,203.0,106.0,1983-04-12,43.0,Pennsylvania,Power Forward,Right,La Salle,1,,,,,s/smithst03.html
4504,Stevin Smith,1996-97,1996-97,188.0,94.0,1972-01-24,54.0,Texas,Shooting Guard,Right,Arizona State,1,,,,,s/smithst02.html
4505,Terquavion Smith,2023-24,2023-24,193.0,72.0,2002-12-31,23.0,North Carolina,Point Guard,Right,NC State,1,,,,,s/smithte01.html
4506,Theron Smith,2003-04,2004-05,203.0,102.0,1980-10-03,45.0,Florida,Small Forward,Right,Ball State University,2,,,,,s/smithth01.html
4507,Tolu Smith,2024-25,2025-26,211.0,115.0,2000-07-26,25.0,Mississippi,Power Forward,Right,Western Kentucky,2,,,,,s/smithto05.html
4508,Tony Smith,1990-91,2000-01,190.0,83.0,1968-06-14,58.0,Wisconsin,Shooting Guard and Point Guard,Right,Marquette,9,1990.0,2.0,24.0,Los Angeles Lakers,s/smithto02.html
4509,Tyler Smith,2024-25,2025-26,206.0,101.0,2004-11-02,21.0,Louisiana,Power Forward,Left,,2,2024.0,2.0,3.0,Milwaukee Bucks,s/smithty02.html
4510,Willie Smith,1976-77,1979-80,188.0,77.0,1953-10-26,72.0,Nevada,Point Guard,Left,Missouri,4,1976.0,2.0,1.0,Chicago Bulls,s/smithwi02.html
4511,Zhaire Smith,2018-19,2019-20,190.0,92.0,1999-06-04,27.0,Texas,Shooting Guard and Small Forward,Right,Texas Tech,2,2018.0,1.0,16.0,Phoenix Suns,s/smithzh01.html
4512,Rik Smits,1988-89,1999-00,224.0,113.0,1966-08-23,59.0,Netherlands,Center,Right,Marist College,12,1988.0,1.0,2.0,Indiana Pacers,s/smitsri01.html
4513,Mike Smrek,1985-86,1991-92,213.0,113.0,1962-08-31,63.0,Ontario,Center and Power Forward,Right,Canisius,7,1985.0,2.0,1.0,Portland Trail Blazers,s/smrekmi01.html
4514,Joe Smyth,1953-54,1953-54,190.0,97.0,1929-05-22,97.0,New York,Small Forward,Right,Niagara University,1,1953.0,6.0,,New York Knicks,s/smythjo01.html
4515,Xavier Sneed,2021-22,2022-23,196.0,97.0,1997-12-21,28.0,Missouri,Small Forward,Right,Kansas State,2,,,,,s/sneedxa01.html
4516,Tony Snell,2013-14,2021-22,198.0,96.0,1991-11-10,34.0,California,Shooting Guard and Small Forward,Right,New Mexico,9,2013.0,1.0,20.0,Chicago Bulls,s/snellto01.html
4517,Eric Snow,1995-96,2007-08,190.0,86.0,1973-04-24,53.0,Ohio,Point Guard and Shooting Guard,Right,Michigan State,13,1995.0,2.0,14.0,Milwaukee Bucks,s/snower01.html
4518,Dick Snyder,1966-67,1978-79,196.0,93.0,1944-02-01,82.0,Ohio,Shooting Guard and Small Forward,Right,Davidson,13,1966.0,2.0,4.0,St. Louis Hawks,s/snydedi01.html
4519,Kirk Snyder,2004-05,2007-08,198.0,102.0,1983-06-05,43.0,California,"Small Forward, Shooting Guard, and Power Forward",Right,Nevada,4,2004.0,1.0,16.0,Utah Jazz,s/snydeki01.html
4520,Chips Sobek,1949-50,1949-50,183.0,81.0,1920-02-10,106.0,Indiana,Guard/Forward,Right,Notre Dame,1,,,,,s/sobekch01.html
4521,Ricky Sobers,1975-76,1985-86,190.0,89.0,1953-01-15,73.0,New York,Shooting Guard and Point Guard,Right,UNLV,11,1975.0,1.0,16.0,Phoenix Suns,s/soberri01.html
4522,Ron Sobie,1956-57,1959-60,190.0,83.0,1934-09-21,91.0,Illinois,Point Guard and Shooting Guard,Right,DePaul,4,1956.0,1.0,7.0,Fort Wayne Pistons,s/sobiero01.html
4523,Jeremy Sochan,2022-23,2025-26,203.0,104.0,2003-05-20,23.0,Oklahoma,Power Forward,Right,Baylor,4,2022.0,1.0,9.0,San Antonio Spurs,s/sochaje01.html
4524,Mike Sojourner,1974-75,1976-77,206.0,102.0,1953-10-16,72.0,Pennsylvania,Center and Power Forward,Right,Utah,3,1974.0,1.0,10.0,Atlanta Hawks,s/sojoumi01.html
4526,Will Solomon,2001-02,2008-09,185.0,83.0,1978-07-20,47.0,Connecticut,Point Guard and Shooting Guard,Right,Clemson,2,2001.0,2.0,4.0,Memphis Grizzlies,s/solomwi01.html
4527,Willie Somerset,1965-66,1965-66,173.0,77.0,1942-03-17,84.0,Pennsylvania,Point Guard,Right,Duquesne,1,1965.0,7.0,3.0,Baltimore Bullets,s/somerwi01.html
4528,Darius Songaila,2003-04,2010-11,206.0,112.0,1978-02-14,48.0,Lithuania,Center and Power Forward,Right,Wake Forest,8,2002.0,2.0,21.0,Boston Celtics,s/songada01.html
4529,Dave Sorenson,1970-71,1972-73,203.0,102.0,1948-07-08,78.0,Ohio,Power Forward,Right,Ohio State,3,1970.0,2.0,9.0,Cleveland Cavaliers,s/sorenda01.html
4530,James Southerland,2013-14,2013-14,203.0,97.0,1990-04-28,36.0,New York,Small Forward,Right,Syracuse,1,,,,,s/southja01.html
4532,Pape Sow,2004-05,2006-07,208.0,113.0,1981-11-22,44.0,Senegal,Center,Right,Cal State Fullerton,3,2004.0,2.0,18.0,Miami Heat,s/sowpa01.html
4534,Ray Spalding,2018-19,2020-21,208.0,97.0,1997-03-11,29.0,Kentucky,Power Forward and Center,Right,Louisville,2,2018.0,2.0,26.0,Philadelphia 76ers,s/spaldra01.html
4535,Jim Spanarkel,1979-80,1983-84,196.0,86.0,1957-06-28,69.0,New Jersey,Shooting Guard and Small Forward,Right,Duke,5,1979.0,1.0,16.0,Philadelphia 76ers,s/spanaji01.html
4536,Vassilis Spanoulis,2006-07,2006-07,193.0,88.0,1982-08-07,43.0,Greece,Shooting Guard,Right,,1,2004.0,2.0,21.0,Dallas Mavericks,s/spanova01.html
4538,Guy Sparrow,1957-58,1959-60,198.0,98.0,1932-11-02,93.0,Michigan,Power Forward and Small Forward,Right,Detroit Mercy,3,1955.0,3.0,5.0,New York Knicks,s/sparrgu01.html
4539,Rory Sparrow,1980-81,1991-92,188.0,79.0,1958-06-12,68.0,Virginia,Point Guard,Right,Villanova,12,1980.0,4.0,6.0,New Jersey Nets,s/sparrro01.html
4540,Odie Spears,1949-50,1956-57,196.0,92.0,1924-06-17,102.0,Kentucky,Small Forward,Right,Western Kentucky,7,1948.0,4.0,,Chicago Stags,s/spearod01.html
4541,Art Spector,1949-50,1949-50,193.0,90.0,1918-10-17,107.0,New Jersey,Forward,Right,Villanova,1,,,,,s/spectar01.html
4542,Marreese Speights,2008-09,2017-18,208.0,115.0,1987-08-04,38.0,Florida,Center and Power Forward,Right,Florida,10,2008.0,1.0,16.0,Philadelphia 76ers,s/speigma01.html
4543,Omari Spellman,2018-19,2019-20,203.0,111.0,1997-07-21,28.0,Ohio,Center and Power Forward,Right,Villanova,2,2018.0,1.0,30.0,Atlanta Hawks,s/spellom01.html
4544,Andre Spencer,1992-93,1993-94,198.0,95.0,1964-07-20,61.0,California,Small Forward,Right,Northern Arizona University,2,,,,,s/spencan01.html
4545,Cam Spencer,2024-25,2025-26,190.0,92.0,2000-04-06,26.0,Maryland,Shooting Guard,Right,Loyola (MD),2,2024.0,2.0,23.0,Detroit Pistons,s/spencca01.html
4546,Elmore Spencer,1992-93,1996-97,213.0,122.0,1969-12-06,56.0,Georgia,Center,Left,Georgia,5,1992.0,1.0,25.0,Los Angeles Clippers,s/spencel01.html
4547,Felton Spencer,1990-91,2001-02,213.0,120.0,1968-01-15,58.0,Kentucky,Center,Right,Louisville,12,1990.0,1.0,6.0,Minnesota Timberwolves,s/spencfe01.html
4548,Pat Spencer,2023-24,2025-26,188.0,92.0,1996-07-04,30.0,Maryland,Point Guard,Right,Loyola (MD),3,,,,,s/spencpa01.html
4550,Craig Spitzer,1967-68,1967-68,213.0,102.0,1945-12-18,80.0,United States,Center,Right,Tulane,1,,,,,s/spitzcr01.html
4551,Tiago Splitter,2010-11,2016-17,211.0,111.0,1985-01-01,41.0,Brazil,Center and Power Forward,Right,,7,2007.0,1.0,28.0,San Antonio Spurs,s/splitti01.html
4552,Art Spoelstra,1954-55,1957-58,206.0,99.0,1932-09-11,93.0,Michigan,Center,Right,Western Kentucky,4,1954.0,4.0,7.0,Rochester Royals,s/spoelar01.html
4554,Latrell Sprewell,1992-93,2004-05,196.0,86.0,1970-09-08,55.0,Wisconsin,Small Forward and Shooting Guard,Right,Three Rivers Community College,13,1992.0,1.0,24.0,Golden State Warriors,s/sprewla01.html
4555,Larry Spriggs,1981-82,1985-86,201.0,104.0,1959-09-08,66.0,Maryland,Small Forward and Power Forward,Left,Howard University,5,1981.0,4.0,12.0,Houston Rockets,s/sprigla01.html
4556,Jaden Springer,2021-22,2024-25,193.0,91.0,2002-09-25,23.0,North Carolina,Shooting Guard and Point Guard,Right,Tennessee,4,2021.0,1.0,28.0,Philadelphia 76ers,s/sprinja01.html
4559,Ryan Stack,1998-99,1999-00,211.0,97.0,1975-07-24,50.0,Tennessee,Power Forward,Right,South Carolina,2,1998.0,2.0,19.0,Cleveland Cavaliers,s/stackry01.html
4560,Jerry Stackhouse,1995-96,2012-13,198.0,98.0,1974-11-05,51.0,North Carolina,Shooting Guard and Small Forward,Right,UNC,18,1995.0,1.0,3.0,Philadelphia 76ers,s/stackje01.html
4561,Kevin Stacom,1974-75,1981-82,190.0,83.0,1951-09-04,74.0,New York,Shooting Guard,Right,Holy Cross,6,1973.0,2.0,6.0,Chicago Bulls,s/stacoke01.html
4563,Bud Stallworth,1972-73,1976-77,196.0,86.0,1950-01-18,76.0,Alabama,Small Forward,Right,Kansas,5,1972.0,1.0,7.0,Seattle SuperSonics,s/stallbu01.html
4564,Dave Stallworth,1965-66,1974-75,201.0,90.0,1941-12-20,84.0,Texas,Small Forward,Right,Wichita State,8,1965.0,1.0,5.0,New York Knicks,s/stallda01.html
4565,Ed Stanczak,1949-50,1950-51,185.0,83.0,1921-08-15,104.0,Indiana,Forward,Right,,2,,,,,s/stanced01.html
4566,Cassius Stanley,2020-21,2021-22,196.0,86.0,1999-08-18,26.0,California,Shooting Guard,Right,Duke,2,2020.0,2.0,24.0,Indiana Pacers,s/stanlca01.html
4567,Terence Stansbury,1984-85,1986-87,196.0,77.0,1961-02-27,65.0,Delaware,Shooting Guard,Right,Temple,3,1984.0,1.0,15.0,Dallas Mavericks,s/stanste01.html
4568,John Starks,1988-89,2001-02,196.0,81.0,1965-08-10,60.0,Oklahoma,Shooting Guard,Right,Northern Oklahoma College,13,,,,,s/starkjo01.html
4569,Keith Starr,1976-77,1976-77,198.0,86.0,1954-03-14,72.0,Pennsylvania,Shooting Guard,Right,Pitt,1,1976.0,4.0,1.0,Chicago Bulls,s/starrke01.html
4570,Nik Stauskas,2014-15,2021-22,198.0,92.0,1993-10-07,32.0,Ontario,Shooting Guard,Right,Michigan,6,2014.0,1.0,8.0,Sacramento Kings,s/stausni01.html
4571,Larry Staverman,1958-59,1963-64,201.0,92.0,1936-10-11,89.0,Ohio,Power Forward,Right,Thomas More College,5,1958.0,9.0,2.0,Cincinnati Royals,s/stavela01.html
4572,Larry Steele,1971-72,1979-80,196.0,81.0,1949-05-05,77.0,Indiana,Shooting Guard and Small Forward,Right,Kentucky,9,1971.0,3.0,2.0,Portland Trail Blazers,s/steella01.html
4573,Matt Steigenga,1996-97,1996-97,201.0,102.0,1970-03-27,56.0,Michigan,Small Forward,Right,Michigan State,1,1992.0,2.0,25.0,Chicago Bulls,s/steigma01.html
4574,Vladimir Stepania,1998-99,2003-04,213.0,107.0,1976-05-08,50.0,Georgia,Center,Right,,6,1998.0,1.0,27.0,Seattle SuperSonics,s/stepavl01.html
4575,D.J. Stephens,2013-14,2018-19,196.0,85.0,1990-12-19,35.0,Texas,Shooting Guard,Right,Memphis,2,,,,,s/stephdj01.html
4576,Everette Stephens,1988-89,1990-91,188.0,79.0,1966-10-21,59.0,Illinois,Point Guard,Right,Purdue,2,1988.0,2.0,6.0,Philadelphia 76ers,s/stephev01.html
4577,Jack Stephens,1955-56,1955-56,190.0,83.0,1933-05-18,93.0,United States,Shooting Guard,Right,Notre Dame,1,1955.0,2.0,1.0,St. Louis Hawks,s/stephja01.html
4578,Joe Stephens,1996-97,1999-00,201.0,95.0,1973-01-28,53.0,California,Small Forward and Power Forward,Right,Colorado,3,,,,,s/stephjo01.html
4579,Lance Stephenson,2010-11,2021-22,198.0,104.0,1990-09-05,35.0,New York,"Shooting Guard, Small Forward, and Point Guard",Right,Cincinnati,10,2010.0,2.0,10.0,Indiana Pacers,s/stephla01.html
4580,Alex Stepheson,2015-16,2015-16,208.0,122.0,1987-08-07,38.0,California,Power Forward,Right,UNC,1,,,,,s/stephal01.html
4581,Brook Steppe,1982-83,1988-89,196.0,88.0,1959-11-07,66.0,North Carolina,Shooting Guard and Point Guard,Right,Georgia Tech,5,1982.0,1.0,17.0,Kansas City Kings,s/steppbr01.html
4582,Barry Stevens,1992-93,1992-93,196.0,88.0,1963-01-17,63.0,Michigan,Small Forward,Right,Iowa State,1,1985.0,2.0,19.0,Denver Nuggets,s/steveba01.html
4583,Isaiah Stevens,2024-25,2025-26,180.0,83.0,2000-11-01,25.0,Texas,Point Guard,Right,Colorado State,2,,,,,s/steveis01.html
4584,Lamar Stevens,2020-21,2024-25,201.0,104.0,1997-07-09,29.0,Pennsylvania,Power Forward and Small Forward,Right,Penn State,5,,,,,s/stevela01.html
4585,Wayne Stevens,1959-60,1959-60,190.0,83.0,1936-06-19,90.0,Ohio,Forward,Right,Cincinnati,1,1958.0,7.0,2.0,Cincinnati Royals,s/stevewa01.html
4586,DeShawn Stevenson,2000-01,2012-13,196.0,95.0,1981-04-03,45.0,California,Shooting Guard and Small Forward,Right,,13,2000.0,1.0,23.0,Utah Jazz,s/stevede01.html
4587,Dennis Stewart,1970-71,1970-71,198.0,99.0,1947-04-11,79.0,Pennsylvania,Forward,Right,Michigan,1,1969.0,4.0,1.0,Phoenix Suns,s/stewade01.html
4588,Isaiah Stewart,2020-21,2025-26,203.0,113.0,2001-05-22,25.0,New York,Center and Power Forward,Right,Washington,6,2020.0,1.0,16.0,Portland Trail Blazers,s/stewais01.html
4589,Kebu Stewart,1997-98,1997-98,203.0,108.0,1973-12-19,52.0,New York,Power Forward,Right,UNLV,1,1997.0,2.0,7.0,Philadelphia 76ers,s/stewake01.html
4590,Larry Stewart,1991-92,1996-97,203.0,99.0,1968-09-21,57.0,Pennsylvania,Small Forward and Power Forward,Right,Coppin State University,5,,,,,s/stewala01.html
4591,Michael Stewart,1997-98,2004-05,208.0,104.0,1975-04-25,51.0,France,Center and Power Forward,Right,California,8,,,,,s/stewami01.html
4592,Norm Stewart,1956-57,1956-57,196.0,92.0,1935-01-20,91.0,Missouri,Forward,Right,Missouri,1,1956.0,5.0,2.0,St. Louis Hawks,s/stewano01.html
4593,Greg Stiemsma,2011-12,2014-15,211.0,117.0,1985-09-26,40.0,Wisconsin,Center,Right,Wisconsin,4,,,,,s/stiemgr01.html
4594,Steve Stipanovich,1983-84,1987-88,211.0,111.0,1960-11-17,65.0,Missouri,Center,Right,Missouri,5,1983.0,1.0,2.0,Indiana Pacers,s/stipast01.html
4595,Bryant Stith,1992-93,2001-02,196.0,94.0,1970-12-10,55.0,Virginia,Shooting Guard,Right,Virginia,10,1992.0,1.0,13.0,Denver Nuggets,s/stithbr01.html
4596,Sam Stith,1961-62,1961-62,188.0,83.0,1937-07-22,88.0,Virginia,Shooting Guard,Right,St. Bonaventure,1,1960.0,8.0,1.0,Cincinnati Royals,s/stithsa01.html
4597,Tom Stith,1962-63,1962-63,196.0,95.0,1939-01-21,87.0,Virginia,Small Forward,Right,St. Bonaventure,1,1961.0,1.0,2.0,New York Knicks,s/stithto01.html
4598,Alex Stivrins,1985-86,1992-93,203.0,99.0,1962-11-29,63.0,Nebraska,Small Forward and Power Forward,Right,Creighton,2,1985.0,4.0,5.0,Seattle SuperSonics,s/stivral01.html
4599,David Stockton,2014-15,2017-18,180.0,74.0,1991-06-24,35.0,Washington,Point Guard,Right,Gonzaga,2,,,,,s/stockda01.html
4600,John Stockton,1984-85,2002-03,185.0,77.0,1962-03-26,64.0,Washington,Point Guard,Right,Gonzaga,19,1984.0,1.0,16.0,Utah Jazz,s/stockjo01.html
4601,Peja Stojaković,1998-99,2010-11,208.0,103.0,1977-06-09,49.0,Croatia,Small Forward,Right,,13,1996.0,1.0,14.0,Sacramento Kings,s/stojape01.html
4602,Ed Stokes,1997-98,1997-98,213.0,119.0,1971-09-03,54.0,New York,Center,Right,Arizona,1,1993.0,2.0,8.0,Miami Heat,s/stokeed01.html
4603,Greg Stokes,1985-86,1989-90,208.0,99.0,1963-08-05,62.0,Connecticut,Power Forward,Right,Iowa,2,1985.0,2.0,9.0,Philadelphia 76ers,s/stokegr01.html
4604,Jarnell Stokes,2014-15,2016-17,206.0,115.0,1994-01-07,32.0,Tennessee,Center and Power Forward,Right,Tennessee,3,2014.0,2.0,5.0,Utah Jazz,s/stokeja01.html
4605,Maurice Stokes,1955-56,1957-58,201.0,105.0,1933-06-17,93.0,Pennsylvania,Power Forward and Center,Right,Saint Francis University,3,1955.0,1.0,2.0,Rochester Royals,s/stokema01.html
4608,Diamond Stone,2016-17,2016-17,211.0,115.0,1997-02-10,29.0,Wisconsin,Center,Right,Maryland,1,2016.0,2.0,10.0,New Orleans Pelicans,s/stonedi01.html
4610,Julyan Stone,2011-12,2017-18,198.0,90.0,1988-12-07,37.0,Virginia,Shooting Guard and Point Guard,Right,Texas-El Paso,4,,,,,s/stoneju01.html
4611,Awvee Storey,2004-05,2007-08,198.0,100.0,1977-04-18,49.0,Illinois,Shooting Guard and Small Forward,Right,Illinois,3,,,,,s/storeaw01.html
4612,Damon Stoudamire,1995-96,2007-08,178.0,77.0,1973-09-03,52.0,Oregon,Point Guard,Left,Arizona,13,1995.0,1.0,7.0,Toronto Raptors,s/stoudda01.html
4613,Salim Stoudamire,2005-06,2007-08,185.0,81.0,1982-10-11,43.0,Oregon,Shooting Guard and Point Guard,Left,Arizona,3,2005.0,2.0,1.0,Atlanta Hawks,s/stoudsa01.html
4614,Amar'e Stoudemire,2002-03,2015-16,208.0,111.0,1982-11-16,43.0,Florida,Power Forward and Center,Right,,14,2002.0,1.0,9.0,Phoenix Suns,s/stoudam01.html
4615,Paul Stovall,1972-73,1972-73,193.0,97.0,1948-08-16,77.0,California,Small Forward,Right,Pratt Community College,1,1972.0,2.0,9.0,Los Angeles Lakers,s/stovapa01.html
4616,D.J. Strawberry,2007-08,2007-08,196.0,91.0,1985-06-15,41.0,New York,Shooting Guard,Right,Maryland,1,2007.0,2.0,29.0,Phoenix Suns,s/strawdj01.html
4617,Joe Strawder,1965-66,1967-68,208.0,106.0,1940-09-21,85.0,Florida,Center,Right,Bradley,3,1964.0,4.0,9.0,Boston Celtics,s/strawjo01.html
4618,Julian Strawther,2023-24,2025-26,198.0,92.0,2002-04-18,24.0,Nevada,Shooting Guard and Small Forward,Right,Gonzaga,3,2023.0,1.0,29.0,Indiana Pacers,s/strawju01.html
4619,Bill Stricker,1970-71,1970-71,206.0,95.0,1948-01-22,78.0,California,Forward,Right,University of the Pacific,1,1970.0,4.0,3.0,Baltimore Bullets,s/stricbi01.html
4620,Erick Strickland,1996-97,2004-05,190.0,95.0,1973-11-25,52.0,Alabama,Shooting Guard and Point Guard,Left,Nebraska,9,,,,,s/stricer01.html
4621,Mark Strickland,1994-95,2002-03,206.0,95.0,1970-07-14,56.0,Georgia,Small Forward and Power Forward,Right,Temple,8,,,,,s/stricma01.html
4622,Rod Strickland,1988-89,2004-05,190.0,79.0,1966-07-11,60.0,New York,Point Guard and Shooting Guard,Right,DePaul,17,1988.0,1.0,19.0,New York Knicks,s/stricro02.html
4623,Roger Strickland,1963-64,1963-64,196.0,90.0,1940-09-04,85.0,Florida,Forward,Right,Jacksonville University,1,1962.0,4.0,9.0,Boston Celtics,s/stricro01.html
4624,John Stroeder,1987-88,1988-89,208.0,117.0,1958-07-24,67.0,Washington,Power Forward,Right,Montana,2,1980.0,8.0,8.0,Portland Trail Blazers,s/stroejo01.html
4625,Derek Strong,1991-92,2000-01,203.0,99.0,1968-02-09,58.0,California,Power Forward,Right,Xavier,10,1990.0,2.0,20.0,Philadelphia 76ers,s/stronde01.html
4626,Lamont Strothers,1991-92,1992-93,193.0,86.0,1968-05-10,58.0,Virginia,Shooting Guard,Right,Christopher Newport University,2,1991.0,2.0,16.0,Golden State Warriors,s/strotla01.html
4627,John Stroud,1980-81,1980-81,201.0,97.0,1957-10-29,68.0,Mississippi,Small Forward,Right,Ole Miss,1,1980.0,2.0,4.0,Houston Rockets,s/stroujo01.html
4629,Max Strus,2019-20,2025-26,196.0,97.0,1996-03-28,30.0,Illinois,Small Forward,Right,Lewis (IL),7,,,,,s/strusma01.html
4630,Rodney Stuckey,2007-08,2016-17,196.0,95.0,1986-04-21,40.0,Washington,Point Guard and Shooting Guard,Right,Eastern Washington,10,2007.0,1.0,15.0,Detroit Pistons,s/stuckro01.html
4631,Gene Stump,1949-50,1949-50,188.0,83.0,1925-08-09,100.0,Illinois,Forward/Guard,Right,DePaul,1,1947.0,3.0,,Boston Celtics,s/stumpge01.html
4633,Jalen Suggs,2021-22,2025-26,196.0,92.0,2001-06-03,25.0,Minnesota,Point Guard and Shooting Guard,Right,Gonzaga,5,2021.0,1.0,5.0,Orlando Magic,s/suggsja01.html
4634,Gary Suiter,1970-71,1970-71,206.0,102.0,1945-01-18,81.0,Nebraska,Center/Forward,Right,Midwestern State University,1,,,,,s/suitega01.html
4635,Jared Sullinger,2012-13,2016-17,206.0,117.0,1992-03-04,34.0,Ohio,Power Forward,Right,Ohio State,5,2012.0,1.0,21.0,Boston Celtics,s/sullija01.html
4636,DaJuan Summers,2009-10,2012-13,203.0,104.0,1988-01-24,38.0,Maryland,Small Forward and Power Forward,Right,Georgetown,4,2009.0,2.0,5.0,Detroit Pistons,s/summeda01.html
4637,Edmond Sumner,2017-18,2022-23,193.0,86.0,1995-12-31,30.0,Michigan,Shooting Guard and Point Guard,Right,Xavier,5,2017.0,2.0,22.0,New Orleans Pelicans,s/sumneed01.html
4638,Barry Sumpter,1988-89,1988-89,211.0,97.0,1965-11-11,60.0,Illinois,Power Forward,Right,Louisville,1,1988.0,3.0,6.0,San Antonio Spurs,s/sumptba01.html
4639,Don Sunderlage,1953-54,1954-55,185.0,81.0,1929-12-20,96.0,Illinois,Shooting Guard,Right,Illinois,2,1951.0,1.0,9.0,Philadelphia Warriors,s/sundedo01.html
4640,Bruno Šundov,1998-99,2004-05,218.0,99.0,1980-02-10,46.0,Croatia,Center,Right,,7,1998.0,2.0,6.0,Dallas Mavericks,s/sundobr01.html
4641,Jon Sundvold,1983-84,1991-92,188.0,77.0,1961-07-02,65.0,South Dakota,Point Guard and Shooting Guard,Right,Missouri,9,1983.0,1.0,16.0,Seattle SuperSonics,s/sundvjo01.html
4642,Bob Sura,1995-96,2004-05,196.0,90.0,1973-03-25,53.0,Pennsylvania,Shooting Guard and Point Guard,Right,Florida State,10,1995.0,1.0,17.0,Cleveland Cavaliers,s/surabo01.html
4643,Dick Surhoff,1952-53,1953-54,193.0,95.0,1929-11-16,96.0,New Jersey,Power Forward and Small Forward,Right,Long Island University,2,1952.0,6.0,,New York Knicks,s/surhodi01.html
4645,Dane Suttle,1983-84,1984-85,190.0,86.0,1961-08-09,64.0,California,Shooting Guard,Right,Pepperdine,2,1983.0,7.0,13.0,Kansas City Kings,s/suttlda01.html
4646,Greg Sutton,1991-92,1995-96,188.0,77.0,1967-12-03,58.0,California,Point Guard,Right,Oral Roberts,3,1991.0,2.0,22.0,San Antonio Spurs,s/suttogr01.html
4648,Bennie Swain,1958-59,1958-59,203.0,99.0,1933-12-16,92.0,Alabama,Power Forward,Right,Texas Southern,1,1958.0,1.0,8.0,Boston Celtics,s/swainbe01.html
4649,Caleb Swanigan,2017-18,2019-20,206.0,117.0,1997-04-18,29.0,Indiana,Power Forward and Center,Right,Purdue,3,2017.0,1.0,26.0,Portland Trail Blazers,s/swanica01.html
4650,Norm Swanson,1953-54,1953-54,198.0,95.0,1930-10-04,95.0,Illinois,Small Forward,Right,Detroit Mercy,1,1953.0,2.0,5.0,Rochester Royals,s/swansno01.html
4651,Dan Swartz,1962-63,1962-63,193.0,97.0,1934-12-23,91.0,Kentucky,Small Forward,Right,Morehead State University,1,1956.0,4.0,6.0,Boston Celtics,s/swartda01.html
4652,Mike Sweetney,2003-04,2006-07,203.0,124.0,1982-10-25,43.0,Maryland,Center and Power Forward,Right,Georgetown,4,2003.0,1.0,9.0,New York Knicks,s/sweetmi01.html
4653,Cole Swider,2022-23,2024-25,208.0,99.0,1999-05-08,27.0,Rhode Island,Small Forward,Right,Villanova,3,,,,,s/swideco01.html
4654,Robert Swift,2004-05,2008-09,213.0,111.0,1985-12-03,40.0,California,Center,Right,,4,2004.0,1.0,12.0,Seattle SuperSonics,s/swiftro01.html
4656,Stromile Swift,2000-01,2008-09,206.0,102.0,1979-11-21,46.0,Louisiana,Power Forward and Center,Right,LSU,9,2000.0,1.0,2.0,Vancouver Grizzlies,s/swiftst01.html
4657,Aaron Swinson,1994-95,1994-95,196.0,104.0,1971-01-09,55.0,Georgia,Small Forward,Right,Auburn,1,,,,,s/swinsaa01.html
4658,Craig Sword,2021-22,2021-22,190.0,88.0,1994-01-16,32.0,Alabama,Shooting Guard,Right,Mississippi State,1,,,,,s/swordcr01.html
4659,Pape Sy,2010-11,2010-11,201.0,102.0,1988-04-05,38.0,France,Small Forward,Right,,1,2010.0,2.0,23.0,Atlanta Hawks,s/sypa01.html
4661,Keifer Sykes,2021-22,2021-22,180.0,75.0,1993-12-30,32.0,Illinois,Point Guard,Right,Green Bay,1,,,,,s/sykeske01.html
4662,Larry Sykes,1995-96,1995-96,206.0,115.0,1973-04-11,53.0,Ohio,Power Forward,Right,Xavier,1,,,,,s/sykesla01.html
4663,Brett Szabo,1996-97,1996-97,211.0,104.0,1968-02-01,58.0,Iowa,Center,Right,Augustana College (SD),1,,,,,s/szabobr01.html
4664,Wally Szczerbiak,1999-00,2008-09,201.0,110.0,1977-03-05,49.0,Spain,Small Forward,Right,Miami University,10,1999.0,1.0,6.0,Minnesota Timberwolves,s/szczewa02.html
4666,Žan Tabak,1994-95,2000-01,213.0,111.0,1970-06-15,56.0,Croatia,Center,Right,,6,1991.0,2.0,24.0,Houston Rockets,t/tabakza01.html
4667,Yuta Tabuse,2004-05,2004-05,175.0,74.0,1980-10-05,45.0,Japan,Point Guard,Right,Brigham Young University Hawaii,1,,,,,t/tabusyu01.html
4668,Chris Taft,2005-06,2005-06,208.0,117.0,1985-03-10,41.0,New York,Center,Right,Pitt,1,2005.0,2.0,12.0,Golden State Warriors,t/taftch01.html
4670,Dragan Tarlać,2000-01,2000-01,208.0,117.0,1973-05-09,53.0,Serbia,Center,Right,,1,1995.0,2.0,2.0,Chicago Bulls,t/tarladr01.html
4671,Roy Tarpley,1986-87,1994-95,213.0,111.0,1964-11-28,61.0,New York,Power Forward and Center,Right,Michigan,6,1986.0,1.0,7.0,Dallas Mavericks,t/tarplro01.html
4673,Jae'Sean Tate,2020-21,2025-26,193.0,104.0,1995-10-28,30.0,Ohio,Small Forward and Power Forward,Left,Ohio State,6,,,,,t/tateja01.html
4674,Earl Tatum,1976-77,1979-80,196.0,83.0,1953-07-26,72.0,New York,Shooting Guard,Right,Marquette,4,1976.0,2.0,4.0,Los Angeles Lakers,t/tatumea01.html
4675,Jayson Tatum,2017-18,2025-26,203.0,95.0,1998-03-03,28.0,Missouri,Small Forward and Power Forward,Right,Duke,9,2017.0,1.0,3.0,Boston Celtics,t/tatumja01.html
4676,Edy Tavares,2015-16,2016-17,221.0,117.0,1992-03-22,34.0,Cabo Verde,Center,Right,,2,2014.0,2.0,13.0,Atlanta Hawks,t/tavarwa01.html
4677,Anthony Taylor,1988-89,1988-89,193.0,79.0,1965-11-30,60.0,California,Point Guard,Right,Oregon,1,1988.0,2.0,19.0,Atlanta Hawks,t/tayloan01.html
4678,Brian Taylor,1976-77,1981-82,188.0,83.0,1951-06-09,75.0,New Jersey,Point Guard,Right,Princeton,6,1972.0,2.0,10.0,Seattle SuperSonics,t/taylobr01.html
4679,Donell Taylor,2005-06,2006-07,198.0,81.0,1982-07-26,43.0,District of Columbia,Shooting Guard,Right,Okaloosa-Walton Community College,2,,,,,t/taylodo01.html
4680,Fatty Taylor,1976-77,1976-77,183.0,79.0,1946-03-13,80.0,District of Columbia,Point Guard,Right,Dodge City Community College,1,1969.0,12.0,12.0,Philadelphia 76ers,t/taylofa01.html
4681,Fred Taylor,1970-71,1971-72,196.0,81.0,1948-02-05,78.0,Texas,Shooting Guard,Right,University of Texas Rio Grande Valley,2,1970.0,2.0,10.0,Phoenix Suns,t/taylofr01.html
4682,Isaiah Taylor,2016-17,2017-18,190.0,77.0,1994-07-11,32.0,California,Point Guard,Right,Texas,2,,,,,t/taylois01.html
4683,Jay Taylor,1989-90,1989-90,190.0,86.0,1967-10-03,58.0,Illinois,Shooting Guard,Right,Eastern Illinois University,1,,,,,t/tayloja01.html
4684,Jeff Taylor,1982-83,1986-87,193.0,79.0,1960-01-01,66.0,Arkansas,Shooting Guard,Right,Texas Tech,2,1982.0,2.0,19.0,Houston Rockets,t/tayloje01.html
4685,Jeff Taylor,2012-13,2014-15,201.0,102.0,1989-05-23,37.0,Sweden,Small Forward,Right,Vanderbilt,3,2012.0,2.0,1.0,Charlotte Bobcats,t/tayloje03.html
4686,Jermaine Taylor,2009-10,2010-11,193.0,95.0,1986-12-08,39.0,Florida,Shooting Guard,Right,Central Florida,2,2009.0,2.0,2.0,Washington Wizards,t/tayloje02.html
4687,Johnny Taylor,1997-98,1999-00,206.0,99.0,1974-06-04,52.0,Tennessee,Small Forward,Right,Indian Hills Community College,3,1997.0,1.0,17.0,Orlando Magic,t/taylojo01.html
4688,Leonard Taylor,1989-90,1989-90,203.0,99.0,1966-05-02,60.0,California,Power Forward,Right,California,1,,,,,t/taylole01.html
4689,Maurice Taylor,1997-98,2006-07,206.0,117.0,1976-10-30,49.0,Michigan,"Power Forward, Center, and Small Forward",Right,Michigan,9,1997.0,1.0,14.0,Los Angeles Clippers,t/tayloma01.html
4690,Mike Taylor,2008-09,2008-09,188.0,74.0,1986-01-21,40.0,Illinois,Point Guard,Right,Chipola College,1,2008.0,2.0,25.0,Portland Trail Blazers,t/taylomi01.html
4693,Terry Taylor,2021-22,2024-25,196.0,104.0,1999-09-23,26.0,Kentucky,Power Forward,Left,Austin Peay State University,4,,,,,t/taylote01.html
4694,Tyshawn Taylor,2012-13,2013-14,190.0,83.0,1990-04-12,36.0,New Jersey,Point Guard,Right,Kansas,2,2012.0,2.0,11.0,Portland Trail Blazers,t/tayloty01.html
4695,Vince Taylor,1982-83,1982-83,196.0,81.0,1960-09-11,65.0,Kentucky,Shooting Guard,Right,Duke,1,1982.0,2.0,11.0,New York Knicks,t/taylovi01.html
4696,Terry Teagle,1982-83,1992-93,196.0,88.0,1960-04-10,66.0,Texas,Shooting Guard and Small Forward,Right,Baylor,11,1982.0,1.0,16.0,Houston Rockets,t/teaglte01.html
4697,Jeff Teague,2009-10,2020-21,190.0,88.0,1988-06-10,38.0,Indiana,Point Guard,Right,Wake Forest,12,2009.0,1.0,19.0,Atlanta Hawks,t/teaguje01.html
4698,Marquis Teague,2012-13,2017-18,188.0,85.0,1993-02-28,33.0,Indiana,Shooting Guard and Point Guard,Right,Kentucky,3,2012.0,1.0,29.0,Chicago Bulls,t/teaguma01.html
4699,Mirza Teletović,2012-13,2017-18,206.0,109.0,1985-09-18,40.0,Bosnia and Herzegovina,Power Forward and Small Forward,Right,,6,,,,,t/teletmi01.html
4700,Sebastian Telfair,2004-05,2014-15,183.0,74.0,1985-06-09,41.0,New York,Point Guard,Right,,10,2004.0,1.0,13.0,Portland Trail Blazers,t/telfase01.html
4701,Jahmyl Telfort,2025-26,2025-26,201.0,102.0,2001-04-30,25.0,Quebec,Power Forward,Right,Northeastern University,1,,,,,t/telfoja01.html
4703,Garrett Temple,2009-10,2025-26,196.0,88.0,1986-05-08,40.0,Louisiana,"Shooting Guard, Small Forward, and Point Guard",Right,LSU,16,,,,,t/templga01.html
4704,Miloš Teodosić,2017-18,2018-19,196.0,88.0,1987-03-19,39.0,Serbia,Point Guard,Right,,2,,,,,t/teodomi01.html
4705,Ira Terrell,1976-77,1978-79,203.0,90.0,1954-06-19,72.0,Texas,Small Forward,Right,SMU,2,1976.0,3.0,11.0,Phoenix Suns,t/terreir01.html
4706,Jared Terrell,2018-19,2018-19,190.0,102.0,1995-02-10,31.0,Massachusetts,Shooting Guard,Right,Rhode Island,1,,,,,t/terreja01.html
4707,Carlos Terry,1980-81,1982-83,196.0,95.0,1956-06-22,70.0,North Carolina,Shooting Guard,Right,Winston-Salem State,3,1978.0,5.0,16.0,Los Angeles Lakers,t/terryca01.html
4708,Chuck Terry,1972-73,1976-77,198.0,97.0,1950-09-27,75.0,California,Small Forward,Right,Cal State Long Beach,3,1972.0,2.0,16.0,Milwaukee Bucks,t/terrych01.html
4709,Claude Terry,1976-77,1977-78,193.0,88.0,1950-01-12,76.0,California,Shooting Guard and Small Forward,Right,Stanford,2,1972.0,3.0,12.0,Phoenix Suns,t/terrycl01.html
4710,Dalen Terry,2022-23,2025-26,198.0,88.0,2002-07-12,24.0,Arizona,Shooting Guard,Right,Arizona,4,2022.0,1.0,18.0,Chicago Bulls,t/terryda01.html
4711,Emanuel Terry,2018-19,2021-22,206.0,99.0,1996-08-21,29.0,Alabama,Power Forward,Right,Lincoln Memorial,2,,,,,t/terryem01.html
4712,Jason Terry,1999-00,2017-18,188.0,83.0,1977-09-15,48.0,Washington,Shooting Guard and Point Guard,Right,Arizona,19,1999.0,1.0,10.0,Atlanta Hawks,t/terryja01.html
4713,Tyrell Terry,2020-21,2021-22,188.0,72.0,2000-09-28,25.0,Minnesota,Point Guard,Right,Stanford,2,2020.0,2.0,1.0,Dallas Mavericks,t/terryty01.html
4714,Jon Teske,2021-22,2021-22,216.0,120.0,1997-05-04,29.0,Indiana,Center,Right,Michigan,1,,,,,t/teskejo01.html
4715,Hasheem Thabeet,2009-10,2013-14,221.0,119.0,1987-02-16,39.0,Tanzania,Center,Right,UConn,5,2009.0,1.0,2.0,Memphis Grizzlies,t/thabeha01.html
4716,Tom Thacker,1963-64,1967-68,188.0,77.0,1939-11-02,86.0,Kentucky,Point Guard and Shooting Guard,Right,Cincinnati,4,1963.0,1.0,5.0,Cincinnati Royals,t/thackto01.html
4718,Daniel Theis,2017-18,2024-25,203.0,111.0,1992-04-04,34.0,Germany,Center,Right,,8,,,,,t/theisda01.html
4719,Reggie Theus,1978-79,1990-91,198.0,86.0,1957-10-13,68.0,California,Shooting Guard and Point Guard,Right,UNLV,13,1978.0,1.0,9.0,Chicago Bulls,t/theusre01.html
4720,Peter Thibeaux,1984-85,1985-86,201.0,95.0,1961-10-03,64.0,California,Small Forward,Right,Saint Mary's,2,1983.0,4.0,7.0,Golden State Warriors,t/thibepe01.html
4721,Bill Thieben,1956-57,1957-58,201.0,97.0,1935-03-28,91.0,New York,Power Forward,Right,Hofstra,2,1956.0,3.0,7.0,Fort Wayne Pistons,t/thiebbi01.html
4722,Adou Thiero,2025-26,2025-26,201.0,99.0,2004-05-08,22.0,Utah,Small Forward and Power Forward,Right,Kentucky,1,2025.0,2.0,6.0,Brooklyn Nets,t/thierad01.html
4723,Justus Thigpen,1972-73,1973-74,185.0,72.0,1947-08-13,78.0,Michigan,Shooting Guard,Right,Mott Community College,2,1969.0,11.0,6.0,San Diego Rockets,t/thigpju01.html
4724,David Thirdkill,1982-83,1986-87,201.0,88.0,1960-04-12,66.0,Missouri,Small Forward and Power Forward,Right,Bradley,5,1982.0,1.0,15.0,Phoenix Suns,t/thirdda01.html
4725,Adonis Thomas,2013-14,2013-14,201.0,90.0,1993-03-25,33.0,Tennessee,Small Forward,Right,Memphis,1,,,,,t/thomaad01.html
4726,Billy Thomas,2004-05,2007-08,193.0,94.0,1975-12-23,50.0,Louisiana,Small Forward and Shooting Guard,Right,Kansas,3,,,,,t/thomabi01.html
4727,Brodric Thomas,2020-21,2021-22,196.0,83.0,1997-01-28,29.0,Illinois,Shooting Guard,Right,Truman State University,2,,,,,t/thomabr01.html
4728,Cam Thomas,2021-22,2025-26,190.0,95.0,2001-10-13,24.0,Japan,Shooting Guard,Right,LSU,5,2021.0,1.0,27.0,Brooklyn Nets,t/thomaca02.html
4729,Carl Thomas,1991-92,1997-98,193.0,79.0,1969-10-03,56.0,Ohio,Shooting Guard,Right,Eastern Michigan,3,,,,,t/thomaca01.html
4730,Charles Thomas,1991-92,1991-92,190.0,79.0,1969-10-03,56.0,Ohio,Shooting Guard,Right,Eastern Michigan,1,,,,,t/thomach01.html
4731,Etan Thomas,2001-02,2010-11,206.0,116.0,1978-04-01,48.0,New York,Center and Power Forward,Right,Syracuse,9,2000.0,1.0,12.0,Dallas Mavericks,t/thomaet01.html
4732,Irving Thomas,1990-91,1990-91,203.0,102.0,1966-01-02,60.0,New York,Power Forward,Right,Kentucky,1,,,,,t/thomair01.html
4733,Isaiah Thomas,2011-12,2023-24,175.0,83.0,1989-02-07,37.0,Washington,Point Guard and Shooting Guard,Left,Washington,12,2011.0,2.0,30.0,Sacramento Kings,t/thomais02.html
4734,Isiah Thomas,1981-82,1993-94,185.0,81.0,1961-04-30,65.0,Illinois,Point Guard,Right,Indiana,13,1981.0,1.0,2.0,Detroit Pistons,t/thomais01.html
4735,Jamel Thomas,1999-00,2000-01,198.0,97.0,1973-03-25,53.0,New York,Small Forward,Right,Providence,2,,,,,t/thomaja01.html
4736,James Thomas,2004-05,2005-06,203.0,106.0,1980-11-22,45.0,New York,Power Forward,Right,Texas,2,,,,,t/thomaja02.html
4737,Jim Thomas,1983-84,1990-91,190.0,86.0,1960-10-19,65.0,Florida,Shooting Guard,Right,Indiana,4,1983.0,2.0,16.0,Indiana Pacers,t/thomaji01.html
4738,Joe Thomas,1970-71,1970-71,198.0,92.0,1948-03-09,78.0,Georgia,Small Forward,Right,Marquette,1,1970.0,6.0,10.0,Phoenix Suns,t/thomajo01.html
4739,John Thomas,1997-98,2005-06,206.0,120.0,1975-09-08,50.0,Minnesota,Center and Power Forward,Right,Minnesota,5,1997.0,1.0,25.0,New York Knicks,t/thomajo02.html
4740,Kenny Thomas,1999-00,2009-10,201.0,118.0,1977-07-25,48.0,Georgia,Power Forward,Right,New Mexico,11,1999.0,1.0,22.0,Houston Rockets,t/thomake01.html
4741,Khyri Thomas,2018-19,2020-21,190.0,95.0,1996-05-08,30.0,Nebraska,Shooting Guard,Right,Creighton,3,2018.0,2.0,8.0,Philadelphia 76ers,t/thomakh01.html
4742,Kurt Thomas,1995-96,2012-13,206.0,104.0,1972-10-04,53.0,Texas,Power Forward and Center,Right,TCU,18,1995.0,1.0,10.0,Miami Heat,t/thomaku01.html
4743,Lance Thomas,2011-12,2019-20,203.0,108.0,1988-04-24,38.0,New York,Power Forward and Small Forward,Right,Duke,9,,,,,t/thomala01.html
4744,Malcolm Thomas,2011-12,2014-15,206.0,102.0,1988-11-08,37.0,Missouri,Power Forward,Right,Pepperdine,4,,,,,t/thomama01.html
4745,Matt Thomas,2019-20,2021-22,190.0,86.0,1994-08-04,31.0,Illinois,Shooting Guard,Right,Iowa State,3,,,,,t/thomama02.html
4747,Terry Thomas,1975-76,1975-76,203.0,99.0,1953-08-20,72.0,Michigan,Power Forward,Right,Detroit Mercy,1,1975.0,9.0,7.0,Detroit Pistons,t/thomate01.html
4748,Tim Thomas,1997-98,2009-10,208.0,104.0,1977-02-26,49.0,New Jersey,Small Forward and Power Forward,Right,Villanova,13,1997.0,1.0,7.0,New Jersey Nets,t/thomati01.html
4749,Tyrus Thomas,2006-07,2014-15,206.0,97.0,1986-08-17,39.0,Louisiana,Power Forward and Center,Right,LSU,8,2006.0,1.0,4.0,Portland Trail Blazers,t/thomaty01.html
4751,Trey Thompkins,2011-12,2011-12,208.0,111.0,1990-05-20,36.0,New York,Center,Right,Georgia,1,2011.0,2.0,7.0,Los Angeles Clippers,t/thomptr02.html
4752,Amen Thompson,2023-24,2025-26,201.0,90.0,2003-01-30,23.0,California,Small Forward and Point Guard,Right,,3,2023.0,1.0,4.0,Houston Rockets,t/thompam01.html
4753,Ausar Thompson,2023-24,2025-26,201.0,92.0,2003-01-30,23.0,California,Small Forward,Right,,3,2023.0,1.0,5.0,Detroit Pistons,t/thompau01.html
4754,Bernard Thompson,1984-85,1988-89,198.0,95.0,1962-08-30,63.0,Arizona,"Small Forward, Power Forward, and Shooting Guard",Right,Fresno State,5,1984.0,1.0,19.0,Portland Trail Blazers,t/thompbe01.html
4755,Billy Thompson,1986-87,1991-92,201.0,88.0,1963-12-01,62.0,New Jersey,Small Forward,Right,Louisville,6,1986.0,1.0,19.0,Atlanta Hawks,t/thompbi01.html
4756,Brooks Thompson,1994-95,1997-98,193.0,87.0,1970-07-19,55.0,Texas,Point Guard,Left,Texas A&M,4,1994.0,1.0,27.0,Orlando Magic,t/thompbr01.html
4757,Corny Thompson,1982-83,1982-83,203.0,102.0,1960-02-05,66.0,Connecticut,Power Forward,Right,UConn,1,1982.0,3.0,4.0,Dallas Mavericks,t/thompco01.html
4758,David Thompson,1976-77,1983-84,193.0,88.0,1954-07-13,72.0,North Carolina,Shooting Guard and Small Forward,Right,NC State,8,1975.0,1.0,1.0,Atlanta Hawks,t/thompda01.html
4759,Dijon Thompson,2005-06,2006-07,201.0,88.0,1983-02-23,43.0,California,Small Forward and Shooting Guard,Right,UCLA,2,2005.0,2.0,24.0,New York Knicks,t/thompdi01.html
4760,Ethan Thompson,2025-26,2025-26,193.0,88.0,1999-05-04,27.0,California,Shooting Guard,Right,Oregon State,1,,,,,t/thompet01.html
4761,George Thompson,1974-75,1974-75,188.0,90.0,1947-11-29,78.0,New York,Shooting Guard and Point Guard,Right,Marquette,1,1969.0,5.0,9.0,Boston Celtics,t/thompge01.html
4762,Hollis Thompson,2013-14,2016-17,203.0,93.0,1991-04-03,35.0,California,Shooting Guard and Small Forward,Right,Georgetown,4,,,,,t/thompho01.html
4764,Jason Thompson,2008-09,2015-16,211.0,113.0,1986-07-21,39.0,New Jersey,Power Forward and Center,Right,Rider University,8,2008.0,1.0,12.0,Sacramento Kings,t/thompja02.html
4765,John Thompson,1964-65,1965-66,208.0,102.0,1941-09-02,84.0,District of Columbia,Center and Power Forward,Right,Providence,2,1964.0,3.0,9.0,Boston Celtics,t/thompjo01.html
4766,Kevin Thompson,1993-94,1993-94,211.0,117.0,1971-02-07,55.0,North Carolina,Center,Right,NC State,1,1993.0,2.0,21.0,Portland Trail Blazers,t/thompke01.html
4767,Klay Thompson,2011-12,2025-26,196.0,99.0,1990-02-08,36.0,California,Shooting Guard and Small Forward,Right,Washington State,13,2011.0,1.0,11.0,Golden State Warriors,t/thompkl01.html
4768,LaSalle Thompson,1982-83,1996-97,208.0,111.0,1961-06-23,65.0,Ohio,Center,Right,Texas,15,1982.0,1.0,5.0,Kansas City Kings,t/thompla01.html
4769,Mychal Thompson,1978-79,1990-91,208.0,102.0,1955-01-30,71.0,Bahamas,Center and Power Forward,Right,Minnesota,12,1978.0,1.0,1.0,Portland Trail Blazers,t/thompmy01.html
4770,Mychel Thompson,2011-12,2011-12,198.0,95.0,1988-06-01,38.0,California,Shooting Guard,Right,Pepperdine,1,,,,,t/thompmy02.html
4771,Paul Thompson,1983-84,1985-86,198.0,95.0,1961-05-25,65.0,Tennessee,Small Forward,Right,Tulane,3,1983.0,3.0,3.0,Cleveland Cavaliers,t/thomppa01.html
4772,Stephen Thompson,1991-92,1991-92,193.0,83.0,1968-12-02,57.0,California,Shooting Guard,Left,Syracuse,1,,,,,t/thompst01.html
4773,Tristan Thompson,2011-12,2024-25,206.0,115.0,1991-03-13,35.0,Ontario,Center and Power Forward,,Texas,13,2011.0,1.0,4.0,Cleveland Cavaliers,t/thomptr01.html
4774,JT Thor,2021-22,2024-25,206.0,92.0,2002-08-26,23.0,Nebraska,Power Forward,Left,Auburn,4,2021.0,2.0,7.0,Detroit Pistons,t/thorjt01.html
4776,Rod Thorn,1963-64,1970-71,193.0,88.0,1941-05-23,85.0,West Virginia,Shooting Guard and Point Guard,Right,West Virginia,8,1963.0,1.0,2.0,Baltimore Bullets,t/thornro01.html
4777,Al Thornton,2007-08,2010-11,203.0,99.0,1983-12-07,42.0,Georgia,Small Forward and Power Forward,Right,Florida State,4,2007.0,1.0,14.0,Los Angeles Clippers,t/thornal01.html
4778,Bob Thornton,1985-86,1995-96,208.0,102.0,1962-07-10,64.0,California,Power Forward,Right,"University of California, Irvine",8,1984.0,4.0,17.0,New York Knicks,t/thornbo01.html
4780,Marcus Thornton,2009-10,2016-17,193.0,92.0,1987-06-05,39.0,Louisiana,Shooting Guard,Right,LSU,8,2009.0,2.0,13.0,Miami Heat,t/thornma01.html
4781,Sindarius Thornwell,2017-18,2020-21,193.0,97.0,1994-11-15,31.0,South Carolina,Shooting Guard and Small Forward,Right,South Carolina,4,2017.0,2.0,18.0,Milwaukee Bucks,t/thornsi01.html
4782,Otis Thorpe,1984-85,2000-01,208.0,112.0,1962-08-05,63.0,Florida,Power Forward and Center,Right,Providence,17,1984.0,1.0,9.0,Kansas City Kings,t/thorpot01.html
4783,Sedale Threatt,1983-84,1996-97,188.0,79.0,1961-09-10,64.0,Georgia,Point Guard and Shooting Guard,Right,West Virginia Tech,14,1983.0,6.0,23.0,Philadelphia 76ers,t/threase01.html
4784,Nate Thurmond,1963-64,1976-77,211.0,102.0,1941-07-25,84.0,Ohio,Center and Power Forward,Right,Bowling Green,14,1963.0,1.0,3.0,San Francisco Warriors,t/thurmna01.html
4786,Matisse Thybulle,2019-20,2025-26,196.0,91.0,1997-03-04,29.0,Arizona,Shooting Guard and Small Forward,Right,Washington,7,2019.0,1.0,20.0,Boston Celtics,t/thybuma01.html
4788,Dan Tieman,1962-63,1962-63,183.0,83.0,1940-11-30,85.0,Kentucky,Point Guard,Right,Thomas More College,1,,,,,t/tiemada01.html
4789,Killian Tillie,2020-21,2021-22,206.0,99.0,1998-03-05,28.0,France,Center,Right,Gonzaga,2,,,,,t/tilliki02.html
4790,Darren Tillis,1982-83,1983-84,211.0,97.0,1960-02-23,66.0,Texas,Center,Right,Cleveland State University,2,1982.0,1.0,23.0,Boston Celtics,t/tillida01.html
4791,Xavier Tillman Sr.,2020-21,2025-26,203.0,111.0,1999-01-12,27.0,Michigan,Center and Power Forward,Right,Michigan State,6,2020.0,2.0,5.0,Sacramento Kings,t/tillmxa01.html
4792,Drew Timme,2024-25,2025-26,206.0,106.0,2000-09-09,25.0,Texas,Power Forward,Right,Gonzaga,2,,,,,t/timmedr01.html
4795,Jamaal Tinsley,2001-02,2013-14,190.0,88.0,1978-02-28,48.0,New York,Point Guard,Right,Iowa State,11,2001.0,1.0,27.0,Memphis Grizzlies,t/tinslja01.html
4796,Wayman Tisdale,1985-86,1996-97,206.0,108.0,1964-06-09,62.0,Oklahoma,Power Forward,Left,Oklahoma,12,1985.0,1.0,2.0,Indiana Pacers,t/tisdawa01.html
4797,Mike Tobey,2016-17,2016-17,213.0,117.0,1994-10-10,31.0,New York,Center,Right,Virginia,1,,,,,t/tobeymi01.html
4798,Isaiah Todd,2021-22,2022-23,206.0,99.0,2001-10-17,24.0,Maryland,Power Forward,Right,,2,2021.0,2.0,1.0,Milwaukee Bucks,t/toddis01.html
4799,Mike Todorovich,1949-50,1950-51,196.0,99.0,1923-06-11,103.0,Illinois,Forward/Center,Right,Washington University in Saint Louis,2,,,,,t/todormi01.html
4800,Ray Tolbert,1981-82,1988-89,206.0,102.0,1958-09-10,67.0,Indiana,Power Forward,Right,Indiana,5,1981.0,1.0,18.0,New Jersey Nets,t/tolbera01.html
4801,Tom Tolbert,1988-89,1994-95,201.0,106.0,1965-10-16,60.0,California,Power Forward and Small Forward,Right,"University of California, Irvine",7,1988.0,2.0,9.0,Charlotte Hornets,t/tolbeto01.html
4802,Anthony Tolliver,2008-09,2020-21,203.0,108.0,1985-06-01,41.0,Missouri,Power Forward and Small Forward,Right,Creighton,13,,,,,t/tollian01.html
4803,Dean Tolson,1974-75,1977-78,203.0,86.0,1951-11-25,74.0,Missouri,Power Forward,Right,Arkansas,3,1974.0,5.0,8.0,Seattle SuperSonics,t/tolsode01.html
4804,Rudy Tomjanovich,1970-71,1980-81,203.0,98.0,1948-11-24,77.0,Michigan,Power Forward and Small Forward,Right,Michigan,11,1970.0,1.0,2.0,San Diego Rockets,t/tomjaru01.html
4805,Nae'Qwan Tomlin,2024-25,2025-26,203.0,95.0,2000-12-10,25.0,New York,Power Forward,Right,Monroe Community College,2,,,,,t/tomlina01.html
4806,Andrew Toney,1980-81,1987-88,190.0,80.0,1957-11-23,68.0,Alabama,Shooting Guard,Right,Louisiana,8,1980.0,1.0,8.0,Philadelphia 76ers,t/toneyan01.html
4807,Sedric Toney,1985-86,1993-94,188.0,80.0,1962-04-13,64.0,Mississippi,Point Guard,Right,Dayton,5,1985.0,3.0,12.0,Atlanta Hawks,t/toneyse01.html
4808,John Tonje,2025-26,2025-26,193.0,98.0,2001-04-23,25.0,Nebraska,Shooting Guard,Right,Colorado State,1,2025.0,2.0,23.0,Utah Jazz,t/tonjejo01.html
4810,Andy Toolson,1990-91,1995-96,198.0,95.0,1966-01-19,60.0,Illinois,Small Forward,Right,BYU,2,,,,,t/toolsan01.html
4811,Jack Toomay,1949-50,1949-50,198.0,97.0,1922-08-09,103.0,California,Center/Forward,Right,University of the Pacific,1,,,,,t/toomaja01.html
4812,Bernard Toone,1979-80,1979-80,206.0,95.0,1956-07-14,70.0,New York,Power Forward,Right,Marquette,1,1979.0,2.0,15.0,Philadelphia 76ers,t/toonebe01.html
4813,Nikola Topić,2025-26,2025-26,198.0,90.0,2005-08-10,20.0,Serbia,Point Guard,Right,,1,2024.0,1.0,12.0,Oklahoma City Thunder,t/topicni01.html
4814,Jacob Toppin,2023-24,2025-26,206.0,90.0,2000-05-08,26.0,New York,Small Forward,Right,Rhode Island,3,,,,,t/toppija01.html
4815,Obi Toppin,2020-21,2025-26,206.0,99.0,1998-03-04,28.0,New York,Power Forward,Right,Dayton,6,2020.0,1.0,8.0,New York Knicks,t/toppiob01.html
4817,Gene Tormohlen,1962-63,1969-70,203.0,104.0,1937-05-12,89.0,Indiana,Center,Right,Tennessee,6,1959.0,2.0,5.0,Syracuse Nationals,t/tormobu01.html
4818,Óscar Torres,2001-02,2002-03,198.0,95.0,1976-12-18,49.0,Venezuela,Shooting Guard,Right,,2,,,,,t/torreos01.html
4819,Juan Toscano-Anderson,2019-20,2023-24,198.0,94.0,1993-04-10,33.0,California,Small Forward and Shooting Guard,Right,Marquette,5,,,,,t/toscaju01.html
4820,Bill Tosheff,1951-52,1953-54,185.0,79.0,1926-06-02,100.0,Indiana,Point Guard,Right,Indiana,3,1951.0,4.0,3.0,Indianapolis Olympians,t/toshebi01.html
4821,Bob Tough,1949-50,1949-50,183.0,83.0,1920-08-28,105.0,New York,Guard/Forward,Right,St. John's,1,,,,,t/toughbo01.html
4822,Axel Toupane,2015-16,2020-21,201.0,95.0,1992-07-23,33.0,France,Small Forward,Right,,3,,,,,t/toupaax01.html
4823,Monte Towe,1976-77,1976-77,170.0,68.0,1953-09-27,72.0,Indiana,Point Guard,Right,NC State,1,1975.0,4.0,3.0,Atlanta Hawks,t/towemo01.html
4824,Keith Tower,1993-94,1996-97,211.0,113.0,1970-05-15,56.0,Montana,Center,Right,Notre Dame,4,,,,,t/towerke01.html
4825,Blackie Towery,1949-50,1949-50,193.0,95.0,1920-06-20,106.0,Kentucky,Forward/Center,Right,Western Kentucky,1,,,,,t/towerbl01.html
4826,Linton Townes,1982-83,1984-85,201.0,86.0,1959-11-30,66.0,Virginia,Small Forward,Right,James Madison University,3,1982.0,2.0,10.0,Portland Trail Blazers,t/towneli01.html
4827,Karl-Anthony Towns,2015-16,2025-26,213.0,112.0,1995-11-15,30.0,New Jersey,Center and Power Forward,Right,Kentucky,11,2015.0,1.0,1.0,Minnesota Timberwolves,t/townska01.html
4828,Raymond Townsend,1978-79,1981-82,190.0,79.0,1955-12-20,70.0,California,Shooting Guard,Right,UCLA,3,1978.0,1.0,22.0,Golden State Warriors,t/townsra01.html
4829,Armel Traoré,2024-25,2024-25,206.0,111.0,2003-01-23,23.0,France,Small Forward,Right,,1,,,,,a/armeltr01.html
4830,Nolan Traoré,2025-26,2025-26,190.0,83.0,2006-05-28,20.0,France,Point Guard,Right,,1,2025.0,1.0,19.0,Brooklyn Nets,t/traorno01.html
4831,George Trapp,1971-72,1976-77,203.0,92.0,1948-07-11,78.0,Michigan,Power Forward,Right,Cal State Long Beach,6,1971.0,1.0,5.0,Atlanta Hawks,t/trappge01.html
4832,John Trapp,1968-69,1972-73,201.0,95.0,1945-10-02,80.0,Michigan,Small Forward,Right,Voorhees College,5,1968.0,2.0,1.0,San Diego Rockets,t/trappjo01.html
4833,Luke Travers,2024-25,2025-26,198.0,93.0,2001-09-03,24.0,Australia,Shooting Guard,Right,,2,2022.0,2.0,26.0,Cleveland Cavaliers,t/travelu01.html
4834,Robert Traylor,1998-99,2004-05,203.0,128.0,1977-02-01,49.0,Michigan,Center and Power Forward,Right,Michigan,7,1998.0,1.0,6.0,Dallas Mavericks,t/traylro01.html
4835,Gary Trent,1995-96,2003-04,203.0,113.0,1974-09-22,51.0,Ohio,"Power Forward, Small Forward, and Center",Right,Ohio University,9,1995.0,1.0,11.0,Milwaukee Bucks,t/trentga01.html
4836,Gary Trent Jr.,2018-19,2025-26,196.0,92.0,1999-01-18,27.0,Ohio,Shooting Guard and Small Forward,Right,Duke,8,2018.0,2.0,7.0,Sacramento Kings,t/trentga02.html
4837,Jeff Trepagnier,2001-02,2003-04,193.0,90.0,1979-07-11,47.0,California,Shooting Guard,Left,USC,3,2001.0,2.0,7.0,Cleveland Cavaliers,t/trepaje01.html
4838,John Tresvant,1964-65,1972-73,201.0,97.0,1939-11-06,86.0,District of Columbia,Power Forward,Right,Seattle University,9,1964.0,5.0,6.0,St. Louis Hawks,t/tresvjo01.html
4839,Allonzo Trier,2018-19,2019-20,193.0,90.0,1996-01-17,30.0,Washington,Shooting Guard,Right,Arizona,2,,,,,t/trieral01.html
4840,Dick Triptow,1949-50,1949-50,183.0,77.0,1922-11-03,103.0,Illinois,Guard/Forward,Right,DePaul,1,,,,,t/triptdi01.html
4841,Kelly Tripucka,1981-82,1990-91,198.0,99.0,1959-02-16,67.0,New Jersey,Small Forward,Right,Notre Dame,10,1981.0,1.0,12.0,Detroit Pistons,t/tripuke01.html
4843,Cezary Trybański,2002-03,2003-04,218.0,108.0,1979-09-22,46.0,Poland,Center,Right,,2,,,,,t/trybace01.html
4844,Jake Tsakalidis,2000-01,2006-07,218.0,129.0,1979-06-10,47.0,Georgia,Center,Right,,7,2000.0,1.0,25.0,Phoenix Suns,t/tsakaja01.html
4845,John Tschogl,1972-73,1974-75,198.0,93.0,1950-04-25,76.0,California,Small Forward,Right,UC Santa Barbara,3,1972.0,4.0,13.0,Golden State Warriors,t/tschojo01.html
4846,Oscar Tshiebwe,2023-24,2025-26,203.0,115.0,1999-11-27,26.0,Democratic Republic of the Congo,Center and Power Forward,Right,West Virginia,3,,,,,t/tshieos01.html
4847,Lou Tsioropoulos,1956-57,1958-59,196.0,86.0,1930-08-31,95.0,Massachusetts,Small Forward,Right,Kentucky,3,1953.0,7.0,,Boston Celtics,t/tsiorlo01.html
4848,Nikoloz Tskitishvili,2002-03,2005-06,213.0,102.0,1983-04-14,43.0,Georgia,Power Forward and Small Forward,Right,,4,2002.0,1.0,5.0,Denver Nuggets,t/tskitni01.html
4849,Al Tucker,1967-68,1970-71,203.0,86.0,1943-02-24,83.0,Ohio,Power Forward,Right,Oklahoma Baptist University,4,1967.0,1.0,6.0,Seattle SuperSonics,t/tuckeal01.html
4850,Alando Tucker,2007-08,2009-10,198.0,92.0,1984-02-11,42.0,Illinois,Small Forward and Shooting Guard,Right,Wisconsin,3,2007.0,1.0,29.0,Phoenix Suns,t/tuckeal02.html
4851,Anthony Tucker,1994-95,1994-95,203.0,99.0,1969-04-04,57.0,District of Columbia,Small Forward,Right,Georgetown,1,,,,,t/tuckean01.html
4852,Jim Tucker,1954-55,1956-57,201.0,83.0,1932-12-11,93.0,Kentucky,Power Forward,Right,Duquesne,3,1954.0,3.0,6.0,Syracuse Nationals,t/tuckeji01.html
4853,P.J. Tucker,2006-07,2024-25,196.0,111.0,1985-05-05,41.0,North Carolina,"Small Forward, Power Forward, and Shooting Guard",Right,Texas,14,2006.0,2.0,5.0,Toronto Raptors,t/tuckepj01.html
4854,Rayjon Tucker,2019-20,2021-22,190.0,94.0,1997-09-24,28.0,North Carolina,Shooting Guard and Point Guard,Right,Florida Gulf Coast,3,,,,,t/tuckera01.html
4855,Trent Tucker,1982-83,1992-93,196.0,87.0,1959-12-20,66.0,North Carolina,Shooting Guard,Right,Minnesota,11,1982.0,1.0,6.0,New York Knicks,t/tucketr01.html
4856,Ronny Turiaf,2005-06,2014-15,208.0,112.0,1983-01-13,43.0,Martinique,Center,Right,Gonzaga,10,2005.0,2.0,7.0,Los Angeles Lakers,t/turiaro01.html
4857,Mirsad Türkcan,1999-00,1999-00,206.0,107.0,1976-06-07,50.0,Serbia,Power Forward,Right,,1,1998.0,1.0,18.0,Houston Rockets,t/turkcmi01.html
4858,Hedo Türkoğlu,2000-01,2014-15,208.0,99.0,1979-03-19,47.0,Turkey,Small Forward and Power Forward,Right,,15,2000.0,1.0,16.0,Sacramento Kings,t/turkohe01.html
4859,Andre Turner,1986-87,1991-92,180.0,72.0,1964-12-13,61.0,Tennessee,Point Guard,Right,Memphis,6,1986.0,3.0,22.0,Los Angeles Lakers,t/turnean01.html
4860,Bill Turner,1967-68,1972-73,201.0,99.0,1944-02-18,82.0,Ohio,Power Forward and Small Forward,Right,University of Akron,6,1966.0,9.0,1.0,New York Knicks,t/turnebi01.html
4861,Elston Turner,1981-82,1988-89,196.0,86.0,1959-06-10,67.0,Tennessee,Small Forward and Shooting Guard,Right,Ole Miss,8,1981.0,2.0,20.0,Dallas Mavericks,t/turneel01.html
4862,Evan Turner,2010-11,2019-20,198.0,99.0,1988-10-27,37.0,Illinois,"Small Forward, Shooting Guard, and Point Guard",Right,Ohio State,10,2010.0,1.0,2.0,Philadelphia 76ers,t/turneev01.html
4864,Henry Turner,1989-90,1994-95,201.0,90.0,1966-08-18,59.0,California,Power Forward,Right,Cal State Fullerton,2,,,,,t/turnehe02.html
4866,Jack Turner,1954-55,1954-55,193.0,77.0,1930-06-29,96.0,Indiana,Small Forward,Right,Western Kentucky,1,1954.0,1.0,8.0,New York Knicks,t/turneja01.html
4867,Jack Turner,1961-62,1961-62,196.0,90.0,1939-06-05,87.0,Kentucky,Shooting Guard,Right,Louisville,1,1961.0,2.0,1.0,Chicago Packers,t/turneja02.html
4868,Jeff Turner,1984-85,1995-96,206.0,104.0,1962-04-09,64.0,Maine,Power Forward and Small Forward,Left,Vanderbilt,10,1984.0,1.0,17.0,New Jersey Nets,t/turneje01.html
4869,John Turner,1991-92,1991-92,203.0,111.0,1967-11-30,58.0,District of Columbia,Small Forward,Right,Georgetown,1,1991.0,1.0,20.0,Houston Rockets,t/turnejo01.html
4870,Myles Turner,2015-16,2025-26,211.0,113.0,1996-03-24,30.0,Texas,Center,Right,Texas,11,2015.0,1.0,11.0,Indiana Pacers,t/turnemy01.html
4871,Wayne Turner,1999-00,1999-00,188.0,86.0,1976-03-22,50.0,Massachusetts,Point Guard,Right,Kentucky,1,,,,,t/turnewa01.html
4872,Melvin Turpin,1984-85,1989-90,211.0,108.0,1960-12-28,65.0,Kentucky,Center,Right,Kentucky,5,1984.0,1.0,6.0,Washington Bullets,t/turpime01.html
4873,Dave Twardzik,1976-77,1979-80,185.0,79.0,1950-09-20,75.0,Pennsylvania,Point Guard,Right,Old Dominion,4,1972.0,2.0,13.0,Portland Trail Blazers,t/twardda01.html
4874,Jack Twyman,1955-56,1965-66,198.0,95.0,1934-05-11,92.0,Pennsylvania,Small Forward and Shooting Guard,Right,Cincinnati,11,1955.0,2.0,2.0,Rochester Royals,t/twymaja01.html
4875,B.J. Tyler,1994-95,1994-95,185.0,83.0,1971-04-30,55.0,Texas,Point Guard,Right,DePaul,1,1994.0,1.0,20.0,Philadelphia 76ers,t/tylerbj01.html
4876,Jeremy Tyler,2011-12,2013-14,208.0,117.0,1991-06-21,35.0,California,Center,Right,,3,2011.0,2.0,9.0,Charlotte Bobcats,t/tylerje01.html
4877,Terry Tyler,1978-79,1988-89,201.0,97.0,1956-10-30,69.0,Michigan,Small Forward and Power Forward,Right,Detroit Mercy,11,1978.0,2.0,1.0,Detroit Pistons,t/tylerte01.html
4878,Charlie Tyra,1957-58,1961-62,203.0,104.0,1935-08-16,90.0,Kentucky,Center and Power Forward,Right,Louisville,5,1957.0,1.0,2.0,Detroit Pistons,t/tyrach01.html
4879,Hunter Tyson,2023-24,2025-26,203.0,97.0,2000-06-13,26.0,North Carolina,Power Forward,Right,Clemson,3,2023.0,2.0,7.0,Oklahoma City Thunder,t/tysonhu01.html
4880,Jaylon Tyson,2024-25,2025-26,198.0,97.0,2002-12-02,23.0,Texas,Shooting Guard,Right,Texas,2,2024.0,1.0,20.0,Cleveland Cavaliers,t/tysonja01.html
4881,Edwin Ubiles,2011-12,2011-12,198.0,92.0,1986-11-26,39.0,New York,Small Forward,Right,Siena College,1,,,,,u/ubileed01.html
4882,Ekpe Udoh,2010-11,2018-19,208.0,111.0,1987-05-20,39.0,Oklahoma,Center and Power Forward,Right,Michigan,7,2010.0,1.0,6.0,Golden State Warriors,u/udohek01.html
4883,Ime Udoka,2003-04,2010-11,198.0,97.0,1977-08-09,48.0,Oregon,"Small Forward, Shooting Guard, and Power Forward",Right,San Francisco,7,,,,,u/udokaim01.html
4884,Beno Udrih,2004-05,2016-17,190.0,92.0,1982-07-05,44.0,Slovenia,Point Guard and Shooting Guard,Left,,13,2004.0,1.0,28.0,San Antonio Spurs,u/udrihbe01.html
4885,Roko Ukić,2008-09,2009-10,196.0,83.0,1984-05-12,42.0,Croatia,Point Guard,Right,,2,2005.0,2.0,11.0,Toronto Raptors,u/ukicro01.html
4886,Tyler Ulis,2016-17,2018-19,178.0,72.0,1996-01-05,30.0,Michigan,Point Guard,Right,Kentucky,3,2016.0,2.0,4.0,Phoenix Suns,u/ulisty01.html
4887,Stanley Umude,2022-23,2025-26,198.0,95.0,1999-04-12,27.0,Oregon,Shooting Guard,Right,South Dakota,4,,,,,u/umudest01.html
4888,Wes Unseld,1968-69,1980-81,201.0,111.0,1946-03-14,80.0,Kentucky,Center,Right,Louisville,13,1968.0,1.0,2.0,Baltimore Bullets,u/unselwe01.html
4889,Hal Uplinger,1953-54,1953-54,193.0,83.0,1929-09-30,96.0,Pennsylvania,Shooting Guard,Right,Long Island University,1,,,,,u/uplinha01.html
4890,Kelvin Upshaw,1988-89,1990-91,188.0,81.0,1963-01-24,63.0,Illinois,Shooting Guard,Right,Utah,3,,,,,u/upshake01.html
4891,Jarrod Uthoff,2016-17,2019-20,206.0,99.0,1993-05-19,33.0,Iowa,Power Forward,Right,Iowa,2,,,,,u/uthofja01.html
4892,Ben Uzoh,2010-11,2011-12,190.0,92.0,1988-03-19,38.0,Texas,Point Guard,Right,Tulsa,2,,,,,u/uzohbe01.html
4894,Jonas Valančiūnas,2012-13,2025-26,211.0,120.0,1992-05-06,34.0,Lithuania,Center,Right,,14,2011.0,1.0,5.0,Toronto Raptors,v/valanjo01.html
4895,Darnell Valentine,1981-82,1990-91,185.0,83.0,1959-02-03,67.0,Illinois,Point Guard and Shooting Guard,Right,Kansas,9,1981.0,1.0,16.0,Portland Trail Blazers,v/valenda01.html
4896,Denzel Valentine,2016-17,2021-22,193.0,99.0,1993-11-16,32.0,Michigan,Shooting Guard and Small Forward,Right,Michigan State,5,2016.0,1.0,14.0,Chicago Bulls,v/valende01.html
4897,Ronnie Valentine,1980-81,1980-81,201.0,95.0,1957-11-27,68.0,Virginia,Small Forward,Right,Old Dominion,1,1980.0,3.0,5.0,Denver Nuggets,v/valenro01.html
4898,John Vallely,1970-71,1971-72,190.0,83.0,1948-10-03,77.0,California,Shooting Guard,Right,UCLA,2,1970.0,1.0,14.0,Atlanta Hawks,v/vallejo01.html
4899,Dick Van Arsdale,1965-66,1976-77,196.0,95.0,1943-02-22,83.0,Indiana,Shooting Guard,Right,Indiana,12,1965.0,2.0,2.0,New York Knicks,v/vanardi01.html
4900,Tom Van Arsdale,1965-66,1976-77,196.0,91.0,1943-02-22,83.0,Indiana,Small Forward and Shooting Guard,Right,Indiana,12,1965.0,2.0,3.0,Detroit Pistons,v/vanarto01.html
4901,Nick Van Exel,1993-94,2005-06,185.0,77.0,1971-11-27,54.0,Wisconsin,Point Guard and Shooting Guard,Left,Trinity Valley CC,13,1993.0,2.0,10.0,Los Angeles Lakers,v/vanexni01.html
4902,Keith Van Horn,1997-98,2005-06,208.0,99.0,1975-10-23,50.0,California,Small Forward and Power Forward,Right,Utah,9,1997.0,1.0,2.0,Philadelphia 76ers,v/vanhoke01.html
4903,Norm Van Lier,1969-70,1978-79,185.0,78.0,1947-04-01,79.0,Ohio,Point Guard and Shooting Guard,Right,Saint Francis University,10,1969.0,3.0,5.0,Chicago Bulls,v/vanlino01.html
4905,Fred VanVleet,2016-17,2024-25,183.0,89.0,1994-02-25,32.0,Illinois,Point Guard and Shooting Guard,Right,Wichita State,9,,,,,v/vanvlfr01.html
4906,Gene Vance,1949-50,1951-52,190.0,88.0,1923-02-25,103.0,Illinois,Guard/Forward,Right,Illinois,3,1947.0,4.0,,Chicago Stags,v/vancege01.html
4907,Logan Vander Velden,1995-96,1995-96,203.0,97.0,1971-04-03,55.0,Wisconsin,Small Forward,Right,Green Bay,1,,,,,v/vandelo01.html
4908,Jarred Vanderbilt,2018-19,2025-26,203.0,97.0,1999-04-03,27.0,Texas,Power Forward,Left,Kentucky,8,2018.0,2.0,11.0,Orlando Magic,v/vandeja01.html
4909,Ernie Vandeweghe,1949-50,1955-56,190.0,88.0,1928-09-12,97.0,Quebec,Shooting Guard and Small Forward,Right,Colgate,6,1949.0,4.0,,New York Knicks,v/vandeer01.html
4910,Kiki Vandeweghe,1980-81,1992-93,203.0,99.0,1958-08-01,67.0,Germany,Small Forward and Power Forward,Right,UCLA,13,1980.0,1.0,11.0,Dallas Mavericks,v/vandeki01.html
4911,Nick Vanos,1985-86,1986-87,216.0,115.0,1963-04-13,63.0,California,Center,Right,Santa Clara,2,1985.0,2.0,8.0,Phoenix Suns,v/vanosni01.html
4912,David Vanterpool,2000-01,2000-01,196.0,90.0,1973-03-31,53.0,Florida,Point Guard,Right,St. Bonaventure,1,,,,,v/vanteda01.html
4913,Ratko Varda,2001-02,2001-02,216.0,117.0,1979-05-06,47.0,Bosnia and Herzegovina,Center,Right,,1,,,,,v/vardara01.html
4914,Anderson Varejão,2004-05,2020-21,211.0,123.0,1982-09-28,43.0,Brazil,Center and Power Forward,Right,,14,2004.0,2.0,1.0,Orlando Magic,v/varejan01.html
4915,Jarvis Varnado,2012-13,2013-14,206.0,104.0,1988-03-01,38.0,Virginia,Power Forward,Right,Mississippi State,2,2010.0,2.0,11.0,Miami Heat,v/varnaja01.html
4916,Greivis Vásquez,2010-11,2016-17,198.0,98.0,1987-01-16,39.0,Venezuela,Point Guard,Right,Maryland,7,2010.0,1.0,28.0,Memphis Grizzlies,v/vasqugr01.html
4917,Devin Vassell,2020-21,2025-26,196.0,90.0,2000-08-23,25.0,Georgia,Shooting Guard and Small Forward,Right,Florida State,6,2020.0,1.0,11.0,San Antonio Spurs,v/vassede01.html
4918,Chico Vaughn,1962-63,1966-67,188.0,86.0,1940-02-19,86.0,Oregon,Shooting Guard and Point Guard,Right,Southern Illinois,5,1962.0,4.0,1.0,St. Louis Hawks,v/vaughch01.html
4920,David Vaughn,1995-96,1998-99,206.0,108.0,1973-03-23,53.0,Oklahoma,Power Forward,Right,Memphis,4,1995.0,1.0,25.0,Orlando Magic,v/vaughda02.html
4921,Jacque Vaughn,1997-98,2008-09,185.0,86.0,1975-02-11,51.0,California,Point Guard and Shooting Guard,Right,Kansas,12,1997.0,1.0,27.0,Utah Jazz,v/vaughja01.html
4922,Rashad Vaughn,2015-16,2017-18,198.0,95.0,1996-08-16,29.0,Minnesota,Shooting Guard,Right,UNLV,3,2015.0,1.0,17.0,Milwaukee Bucks,v/vaughra01.html
4924,Loy Vaught,1990-91,2000-01,206.0,104.0,1968-02-27,58.0,Michigan,Power Forward,Right,Michigan,11,1990.0,1.0,13.0,Los Angeles Clippers,v/vaughlo01.html
4925,Bob Verga,1973-74,1973-74,185.0,86.0,1945-09-07,80.0,New Jersey,Shooting Guard and Point Guard,Right,Duke,1,1967.0,3.0,6.0,St. Louis Hawks,v/vergabo01.html
4926,Pete Verhoeven,1981-82,1986-87,206.0,97.0,1959-02-15,67.0,California,Power Forward,Right,Fresno State,6,1981.0,4.0,16.0,Portland Trail Blazers,v/verhope01.html
4927,Jan Veselý,2011-12,2013-14,211.0,108.0,1990-04-24,36.0,Czechia,Power Forward,Right,,3,2011.0,1.0,6.0,Washington Wizards,v/veselja01.html
4928,Gundars Vētra,1992-93,1992-93,198.0,88.0,1967-05-22,59.0,Latvia,Small Forward,Right,,1,,,,,v/vetragu01.html
4929,Sasha Vezenkov,2023-24,2023-24,203.0,102.0,1995-08-06,30.0,Cyprus,Power Forward,Left,,1,2017.0,2.0,27.0,Brooklyn Nets,v/vezenal01.html
4930,João Vianna,1991-92,1991-92,206.0,97.0,1966-11-15,59.0,Brazil,Small Forward,Right,,1,,,,,v/viannjo01.html
4931,Charlie Villanueva,2005-06,2015-16,211.0,105.0,1984-08-24,41.0,New York,Power Forward,Right,UConn,11,2005.0,1.0,7.0,Toronto Raptors,v/villach01.html
4932,Gabe Vincent,2019-20,2025-26,188.0,90.0,1996-06-14,30.0,California,Point Guard,Right,UC Santa Barbara,7,,,,,v/vincega01.html
4933,Jay Vincent,1981-82,1989-90,201.0,99.0,1959-06-10,67.0,Michigan,Small Forward and Power Forward,Right,Michigan State,9,1981.0,2.0,1.0,Dallas Mavericks,v/vinceja01.html
4934,Sam Vincent,1985-86,1991-92,188.0,83.0,1963-05-18,63.0,Michigan,Point Guard and Shooting Guard,Right,Michigan State,7,1985.0,1.0,20.0,Boston Celtics,v/vincesa01.html
4935,Marcus Vinicius,2006-07,2007-08,203.0,102.0,1984-05-31,42.0,Brazil,Small Forward,Right,,2,2006.0,2.0,13.0,New Orleans/Oklahoma City Hornets,v/vincima01.html
4936,Fred Vinson,1994-95,1999-00,193.0,86.0,1971-01-28,55.0,North Carolina,Shooting Guard,Right,Georgia Tech,2,,,,,v/vinsofr01.html
4938,Gary Voce,1989-90,1989-90,206.0,108.0,1965-11-24,60.0,Jamaica,Power Forward,Right,Notre Dame,1,,,,,v/vocega01.html
4939,Floyd Volker,1949-50,1949-50,193.0,92.0,1921-06-21,105.0,Wyoming,Forward/Center,Right,Wyoming,1,,,,,v/volkefl01.html
4940,Alexander Volkov,1989-90,1991-92,208.0,98.0,1964-03-29,62.0,Russia,Center,Right,,2,1986.0,6.0,18.0,Atlanta Hawks,v/volkoal01.html
4941,Whitey Von Nieda,1949-50,1949-50,185.0,77.0,1922-06-19,104.0,Pennsylvania,Guard/Forward,Right,Penn State,1,,,,,v/vonniwh01.html
4942,Noah Vonleh,2014-15,2022-23,208.0,116.0,1995-08-24,30.0,Massachusetts,Power Forward and Center,Right,Indiana,8,2014.0,1.0,9.0,Charlotte Hornets,v/vonleno01.html
4943,Jake Voskuhl,2000-01,2008-09,211.0,111.0,1977-11-01,48.0,Oklahoma,Center,Right,UConn,9,2000.0,2.0,4.0,Chicago Bulls,v/voskuja01.html
4944,Danny Vranes,1981-82,1987-88,201.0,95.0,1958-10-29,67.0,Utah,Small Forward,Right,Utah,7,1981.0,1.0,5.0,Seattle SuperSonics,v/vraneda01.html
4945,Slavko Vraneš,2003-04,2003-04,226.0,124.0,1983-01-30,43.0,Serbia,Center,Right,,1,2003.0,2.0,10.0,New York Knicks,v/vranesl01.html
4946,Stojko Vranković,1990-91,1998-99,218.0,117.0,1964-01-22,62.0,Croatia,Center,Right,,5,,,,,v/vrankst01.html
4947,Brett Vroman,1980-81,1980-81,213.0,99.0,1955-12-25,70.0,California,Center,Right,UCLA,1,1978.0,4.0,21.0,Philadelphia 76ers,v/vromabr01.html
4948,Jackson Vroman,2004-05,2005-06,208.0,99.0,1981-06-06,45.0,California,Power Forward and Center,Right,Iowa State,2,2004.0,2.0,2.0,Chicago Bulls,v/vromaja01.html
4949,Nikola Vučević,2011-12,2025-26,206.0,117.0,1990-10-24,35.0,Switzerland,Center,Right,USC,15,2011.0,1.0,16.0,Philadelphia 76ers,v/vucevni01.html
4950,Sasha Vujačić,2004-05,2016-17,201.0,88.0,1984-03-08,42.0,Slovenia,Shooting Guard and Point Guard,Right,,10,2004.0,1.0,27.0,Los Angeles Lakers,v/vujacsa01.html
4951,Tristan Vukcevic,2023-24,2025-26,213.0,99.0,2003-03-11,23.0,Italy,Center,Right,,3,2023.0,2.0,12.0,Washington Wizards,v/vukcetr01.html
4952,Butch van Breda Kolff,1949-50,1949-50,190.0,83.0,1922-10-28,103.0,New Jersey,Guard/Forward,Right,NYU,1,,,,,v/vanbrbu01.html
4953,Jan van Breda Kolff,1976-77,1982-83,201.0,88.0,1951-12-16,74.0,California,Small Forward,Right,Vanderbilt,7,1974.0,2.0,2.0,Portland Trail Blazers,v/vanbrja01.html
4954,Dean Wade,2019-20,2025-26,206.0,103.0,1996-11-20,29.0,Kansas,Power Forward,Right,Kansas State,7,,,,,w/wadede01.html
4955,Dwyane Wade,2003-04,2018-19,193.0,99.0,1982-01-17,44.0,Illinois,Shooting Guard and Point Guard,Right,Marquette,16,2003.0,1.0,5.0,Miami Heat,w/wadedw01.html
4956,Mark Wade,1987-88,1989-90,180.0,72.0,1965-10-15,60.0,California,Point Guard,Left,Oklahoma,2,,,,,w/wadema01.html
4957,Von Wafer,2005-06,2011-12,196.0,95.0,1985-07-21,40.0,Louisiana,Shooting Guard and Small Forward,Right,Florida State,6,2005.0,2.0,9.0,Los Angeles Lakers,w/wafervo01.html
4958,Clint Wager,1949-50,1949-50,198.0,95.0,1920-01-20,106.0,Minnesota,Center/Forward,Right,Saint Mary's University of Minnesota,1,,,,,w/wagercl01.html
4959,Dajuan Wagner,2002-03,2006-07,188.0,90.0,1983-02-04,43.0,New Jersey,Shooting Guard,Right,Memphis,4,2002.0,1.0,6.0,Cleveland Cavaliers,w/wagneda02.html
4960,Danny Wagner,1949-50,1949-50,183.0,77.0,1922-08-01,103.0,Oklahoma,Guard,Right,Texas,1,,,,,w/wagneda01.html
4961,Franz Wagner,2021-22,2025-26,208.0,99.0,2001-08-27,24.0,Germany,Small Forward,Right,Michigan,5,2021.0,1.0,8.0,Orlando Magic,w/wagnefr01.html
4962,Milt Wagner,1987-88,1990-91,196.0,83.0,1963-02-20,63.0,New Jersey,Shooting Guard,Right,Louisville,2,1986.0,2.0,11.0,Dallas Mavericks,w/wagnemi01.html
4963,Moritz Wagner,2018-19,2025-26,211.0,111.0,1997-04-26,29.0,Germany,Center,Right,Michigan,8,2018.0,1.0,25.0,Los Angeles Lakers,w/wagnemo01.html
4965,Ish Wainright,2021-22,2023-24,196.0,113.0,1994-09-12,31.0,Missouri,Small Forward and Power Forward,Right,Baylor,3,,,,,w/wainris01.html
4966,Dion Waiters,2012-13,2019-20,190.0,97.0,1991-12-10,34.0,Pennsylvania,Shooting Guard,Right,Syracuse,8,2012.0,1.0,4.0,Cleveland Cavaliers,w/waitedi01.html
4967,Granville Waiters,1983-84,1987-88,211.0,102.0,1961-01-08,65.0,Ohio,Center,Right,Ohio State,5,1983.0,2.0,15.0,Portland Trail Blazers,w/waitegr01.html
4968,Andre Wakefield,1978-79,1979-80,190.0,79.0,1955-01-11,71.0,Illinois,Shooting Guard,Right,Loyola Chicago,2,1978.0,5.0,19.0,Phoenix Suns,w/wakefan01.html
4969,Neal Walk,1969-70,1976-77,208.0,99.0,1948-07-29,77.0,Ohio,Center,Left,Florida,8,1969.0,1.0,2.0,Phoenix Suns,w/walkne01.html
4970,Andy Walker,1976-77,1976-77,193.0,86.0,1955-03-25,71.0,New York,Small Forward,Right,Niagara University,1,1976.0,7.0,7.0,New Orleans Jazz,w/walkean01.html
4971,Antoine Walker,1996-97,2007-08,206.0,101.0,1976-08-12,49.0,Illinois,Power Forward,Right,Kentucky,12,1996.0,1.0,6.0,Boston Celtics,w/walkean02.html
4972,Brady Walker,1949-50,1951-52,198.0,92.0,1921-03-15,105.0,Utah,Power Forward,Right,BYU,3,1948.0,2.0,,Providence Steamrollers,w/walkebr01.html
4973,Chet Walker,1962-63,1974-75,201.0,96.0,1940-02-22,86.0,Mississippi,Small Forward,Right,Bradley,13,1962.0,2.0,5.0,Syracuse Nationals,w/walkech01.html
4974,Darrell Walker,1983-84,1992-93,193.0,81.0,1961-03-09,65.0,Illinois,Point Guard and Shooting Guard,Right,Arkansas,10,1983.0,1.0,12.0,New York Knicks,w/walkeda01.html
4975,Foots Walker,1974-75,1983-84,183.0,83.0,1951-05-21,75.0,New York,Point Guard,Right,Vincennes University,10,1974.0,3.0,2.0,Cleveland Cavaliers,w/walkefo01.html
4976,Henry Walker,2008-09,2014-15,198.0,99.0,1987-10-09,38.0,West Virginia,Shooting Guard and Small Forward,Right,Kansas State,5,2008.0,2.0,17.0,Washington Wizards,w/walkebi01.html
4977,Horace Walker,1961-62,1961-62,190.0,95.0,1937-04-17,89.0,Pennsylvania,Small Forward,Right,Michigan State,1,1960.0,4.0,6.0,St. Louis Hawks,w/walkeho01.html
4978,Jabari Walker,2022-23,2025-26,201.0,107.0,2002-07-30,23.0,Kansas,Power Forward,Right,Colorado,4,2022.0,2.0,27.0,Portland Trail Blazers,w/walkeja01.html
4979,Jarace Walker,2023-24,2025-26,201.0,106.0,2003-09-04,22.0,Pennsylvania,Power Forward,Right,Houston,3,2023.0,1.0,8.0,Washington Wizards,w/walkeja02.html
4980,Jimmy Walker,1967-68,1975-76,190.0,88.0,1944-04-08,82.0,Virginia,Shooting Guard and Point Guard,Right,Providence,9,1967.0,1.0,1.0,Detroit Pistons,w/walkeji01.html
4981,Kemba Walker,2011-12,2022-23,183.0,83.0,1990-05-08,36.0,New York,Point Guard,Right,UConn,12,2011.0,1.0,9.0,Charlotte Bobcats,w/walkeke02.html
4982,Kenny Walker,1986-87,1994-95,203.0,95.0,1964-08-18,61.0,Georgia,Small Forward and Power Forward,Right,Kentucky,7,1986.0,1.0,5.0,New York Knicks,w/walkeke01.html
4983,Lonnie Walker IV,2018-19,2024-25,193.0,92.0,1998-12-14,27.0,Pennsylvania,Shooting Guard,Right,Miami (FL),7,2018.0,1.0,18.0,San Antonio Spurs,w/walkelo01.html
4984,M.J. Walker,2021-22,2021-22,196.0,96.0,1998-03-28,28.0,Georgia,Shooting Guard,Right,Florida State,1,,,,,w/walkemj01.html
4985,Phil Walker,1977-78,1977-78,190.0,81.0,1956-03-20,70.0,Pennsylvania,Shooting Guard,Right,Millersville,1,1976.0,7.0,13.0,Philadelphia 76ers,w/walkeph01.html
4986,Samaki Walker,1996-97,2005-06,206.0,108.0,1976-02-25,50.0,Ohio,Power Forward and Center,Right,Louisville,10,1996.0,1.0,9.0,Dallas Mavericks,w/walkesa01.html
4987,Wally Walker,1976-77,1983-84,201.0,86.0,1954-07-18,71.0,Pennsylvania,Small Forward,Right,Virginia,8,1976.0,1.0,5.0,Portland Trail Blazers,w/walkewa01.html
4988,John Wall,2010-11,2022-23,190.0,95.0,1990-09-06,35.0,North Carolina,Point Guard,Right,Kentucky,11,2010.0,1.0,1.0,Washington Wizards,w/walljo01.html
4989,Ben Wallace,1996-97,2011-12,206.0,108.0,1974-09-10,51.0,Alabama,Center and Power Forward,Right,Cuyahoga Community College,16,,,,,w/wallabe01.html
4990,Cason Wallace,2023-24,2025-26,190.0,88.0,2003-11-07,22.0,Texas,Shooting Guard,Right,Kentucky,3,2023.0,1.0,10.0,Dallas Mavericks,w/wallaca01.html
4991,Gerald Wallace,2001-02,2014-15,201.0,97.0,1982-07-23,43.0,Alabama,Small Forward and Power Forward,Right,Alabama,14,2001.0,1.0,25.0,Sacramento Kings,w/wallage01.html
4992,John Wallace,1996-97,2003-04,203.0,102.0,1974-02-09,52.0,New York,Small Forward,Right,Syracuse,7,1996.0,1.0,18.0,New York Knicks,w/wallajo01.html
4993,Keaton Wallace,2024-25,2025-26,190.0,83.0,1999-02-26,27.0,Texas,Point Guard,Left,Texas-San Antonio,2,,,,,w/wallake01.html
4994,Rasheed Wallace,1995-96,2012-13,211.0,102.0,1974-09-17,51.0,Pennsylvania,"Power Forward, Center, and Small Forward",Right,UNC,16,1995.0,1.0,4.0,Washington Bullets,w/wallara01.html
4996,Tyrone Wallace,2017-18,2021-22,196.0,89.0,1994-06-10,32.0,California,Shooting Guard and Point Guard,Left,California,4,2016.0,2.0,30.0,Utah Jazz,w/wallaty01.html
4997,Dwight Waller,1968-69,1968-69,198.0,99.0,1945-10-05,80.0,Tennessee,Forward,Right,Tennessee State,1,1968.0,10.0,11.0,Atlanta Hawks,w/walledw01.html
4998,Jamie Waller,1987-88,1987-88,193.0,97.0,1964-11-20,61.0,Virginia,Shooting Guard,Right,Virginia Union University,1,1987.0,3.0,2.0,New Jersey Nets,w/walleja01.html
4999,Jim Walsh,1957-58,1957-58,193.0,88.0,1930-08-29,95.0,California,Forward,Right,Stanford,1,1952.0,3.0,,Baltimore Bullets,w/walshji01.html
5000,Jordan Walsh,2023-24,2025-26,198.0,92.0,2004-03-03,22.0,Texas,Power Forward and Small Forward,Right,Arkansas,3,2023.0,2.0,8.0,Sacramento Kings,w/walshjo01.html
5001,Matt Walsh,2005-06,2005-06,198.0,92.0,1982-12-02,43.0,Pennsylvania,Shooting Guard,Right,Florida,1,,,,,w/walshma01.html
5002,Ja'Kobe Walter,2024-25,2025-26,193.0,81.0,2004-09-04,21.0,Texas,Shooting Guard,Right,Baylor,2,2024.0,1.0,19.0,Toronto Raptors,w/walteja01.html
5003,Rex Walters,1993-94,1999-00,193.0,86.0,1970-03-12,56.0,Nebraska,Shooting Guard and Point Guard,Left,Northwestern,7,1993.0,1.0,16.0,New Jersey Nets,w/waltere01.html
5004,Paul Walther,1949-50,1954-55,188.0,72.0,1927-03-23,99.0,Kentucky,Shooting Guard,Left,Tennessee,6,1949.0,4.0,,Minneapolis Lakers,w/walthpa01.html
5005,Isaac Walthour,1953-54,1953-54,180.0,73.0,1930-08-25,95.0,New York,Guard,Right,,1,,,,,w/walthis01.html
5006,Bill Walton,1974-75,1986-87,211.0,95.0,1952-11-05,73.0,California,Center,Right,UCLA,10,1974.0,1.0,1.0,Portland Trail Blazers,w/waltobi01.html
5007,Derrick Walton,2017-18,2021-22,183.0,85.0,1995-04-03,31.0,Michigan,Point Guard,Right,Michigan,3,,,,,w/waltode01.html
5008,Lloyd Walton,1976-77,1980-81,183.0,72.0,1953-11-23,72.0,Illinois,Point Guard,Right,Marquette,5,1976.0,3.0,6.0,Milwaukee Bucks,w/waltoll01.html
5009,Luke Walton,2003-04,2012-13,203.0,106.0,1980-03-28,46.0,California,Small Forward and Power Forward,Right,Arizona,10,2003.0,2.0,3.0,Los Angeles Lakers,w/waltolu01.html
5010,Brad Wanamaker,2018-19,2021-22,190.0,95.0,1989-07-25,36.0,Pennsylvania,Point Guard,Right,Pitt,4,,,,,w/wanambr01.html
5011,Bobby Wanzer,1949-50,1956-57,183.0,77.0,1921-06-04,105.0,New York,Shooting Guard and Point Guard,Right,Seton Hall,8,1948.0,1.0,10.0,Rochester Royals,w/wanzebo01.html
5012,Perry Warbington,1974-75,1974-75,188.0,74.0,1952-09-07,73.0,Georgia,Point Guard,Right,Georgia Southern University,1,1974.0,9.0,1.0,Philadelphia 76ers,w/warbipe01.html
5013,Charlie Ward,1994-95,2004-05,188.0,86.0,1970-10-12,55.0,Georgia,Point Guard,Right,Florida State,11,1994.0,1.0,26.0,New York Knicks,w/wardch01.html
5014,Gerry Ward,1963-64,1966-67,193.0,88.0,1941-09-26,84.0,New York,Shooting Guard,Right,Boston College,4,1963.0,1.0,6.0,St. Louis Hawks,w/wardge01.html
5015,Henry Ward,1976-77,1976-77,193.0,88.0,1952-01-30,74.0,Mississippi,Shooting Guard,Right,Jackson State University,1,1975.0,6.0,9.0,Cleveland Cavaliers,w/wardhe01.html
5016,Casper Ware,2013-14,2013-14,178.0,79.0,1990-01-17,36.0,California,Point Guard,Right,Cal State Long Beach,1,,,,,w/wareca01.html
5017,Jim Ware,1966-67,1967-68,201.0,95.0,1944-05-02,82.0,Mississippi,Power Forward,Right,Oklahoma City University,2,1966.0,3.0,6.0,Cincinnati Royals,w/wareji01.html
5018,Kel'el Ware,2024-25,2025-26,213.0,104.0,2004-04-20,22.0,Arkansas,Center,Right,Oregon,2,2024.0,1.0,15.0,Miami Heat,w/wareke01.html
5019,Ben Warley,1962-63,1966-67,196.0,90.0,1936-09-04,89.0,District of Columbia,Small Forward and Power Forward,Right,Tennessee State,5,1960.0,4.0,3.0,Los Angeles Lakers,w/warlebe01.html
5020,Bob Warlick,1965-66,1968-69,196.0,90.0,1941-03-20,85.0,North Carolina,Shooting Guard,Right,University of Southern Colorado,4,,,,,w/warlibo01.html
5021,Cornell Warner,1970-71,1976-77,206.0,99.0,1948-08-12,77.0,Mississippi,Center and Power Forward,Right,Jackson State University,7,1970.0,2.0,7.0,Buffalo Braves,w/warneco01.html
5022,Jameel Warney,2017-18,2017-18,203.0,117.0,1994-01-31,32.0,New Jersey,Power Forward,Right,Stony Brook University,1,,,,,w/warneja01.html
5024,John Warren,1969-70,1973-74,190.0,81.0,1947-07-07,79.0,Georgia,Shooting Guard and Point Guard,Right,St. John's,5,1969.0,1.0,11.0,New York Knicks,w/warrejo01.html
5025,T.J. Warren,2014-15,2023-24,203.0,99.0,1993-09-05,32.0,North Carolina,Small Forward and Power Forward,Right,NC State,9,2014.0,1.0,14.0,Phoenix Suns,w/warretj01.html
5026,Willie Warren,2010-11,2010-11,193.0,92.0,1989-10-22,36.0,Texas,Point Guard,Right,Oklahoma,1,2010.0,2.0,24.0,Los Angeles Clippers,w/warrewi01.html
5027,Bryan Warrick,1982-83,1985-86,196.0,88.0,1959-07-22,66.0,Washington,Point Guard,Right,Saint Joseph's,4,1982.0,2.0,2.0,Washington Bullets,w/warribr01.html
5028,Hakim Warrick,2005-06,2012-13,206.0,99.0,1982-07-08,44.0,Pennsylvania,Power Forward,Right,Syracuse,8,2005.0,1.0,19.0,Memphis Grizzlies,w/warriha01.html
5029,Chris Washburn,1986-87,1987-88,211.0,102.0,1965-05-13,61.0,North Carolina,Center,Right,NC State,2,1986.0,1.0,3.0,Golden State Warriors,w/washbch01.html
5030,Julian Washburn,2018-19,2018-19,203.0,95.0,1991-12-18,34.0,Texas,Small Forward,Right,Texas-El Paso,1,,,,,w/washbju01.html
5031,Bobby Washington,1970-71,1971-72,180.0,79.0,1947-07-11,79.0,Kentucky,Point Guard,Right,Eastern Kentucky University,2,,,,,w/washibo01.html
5032,Darius Washington,2007-08,2007-08,188.0,88.0,1985-12-06,40.0,Florida,Shooting Guard,Right,Memphis,1,,,,,w/washida01.html
5034,Duane Washington,1987-88,1992-93,193.0,88.0,1964-08-31,61.0,Germany,Shooting Guard,Right,Middle Tennessee,2,1987.0,2.0,13.0,Washington Bullets,w/washidu01.html
5035,Duane Washington Jr.,2021-22,2022-23,188.0,89.0,2000-03-24,26.0,Germany,Shooting Guard and Point Guard,Right,Ohio State,2,,,,,w/washidu02.html
5036,Eric Washington,1997-98,1998-99,193.0,86.0,1974-03-23,52.0,Mississippi,Shooting Guard,Right,Alabama,2,1997.0,2.0,18.0,Orlando Magic,w/washier01.html
5037,Jim Washington,1965-66,1975-76,198.0,95.0,1943-07-01,83.0,Pennsylvania,"Power Forward, Small Forward, and Center",Right,Villanova,11,1965.0,1.0,8.0,St. Louis Hawks,w/washiji01.html
5038,Kermit Washington,1973-74,1987-88,203.0,104.0,1951-09-17,74.0,District of Columbia,Power Forward,Right,American University,10,1973.0,1.0,5.0,Los Angeles Lakers,w/washike01.html
5039,P.J. Washington,2019-20,2025-26,201.0,104.0,1998-08-23,27.0,Kentucky,Power Forward and Center,Right,Kentucky,7,2019.0,1.0,12.0,Charlotte Hornets,w/washipj01.html
5040,Pearl Washington,1986-87,1988-89,188.0,86.0,1964-01-06,62.0,New York,Point Guard,Right,Syracuse,3,1986.0,1.0,13.0,New Jersey Nets,w/washipe01.html
5041,Richard Washington,1976-77,1981-82,211.0,99.0,1955-07-15,71.0,Oregon,Power Forward,Right,UCLA,6,1976.0,1.0,3.0,Kansas City Kings,w/washiri01.html
5042,Stan Washington,1974-75,1974-75,193.0,86.0,1952-01-23,74.0,District of Columbia,Shooting Guard,Right,University of San Diego,1,1974.0,4.0,12.0,Washington Bullets,w/washist01.html
5044,TyTy Washington Jr.,2022-23,2025-26,190.0,88.0,2001-11-15,24.0,Arizona,Point Guard,Right,Kentucky,4,2022.0,1.0,29.0,Memphis Grizzlies,w/washity02.html
5045,Wilson Washington,1977-78,1978-79,206.0,102.0,1955-08-03,70.0,Virginia,Power Forward,Right,Old Dominion,2,1977.0,2.0,3.0,Philadelphia 76ers,w/washiwi01.html
5046,Yuta Watanabe,2018-19,2023-24,206.0,97.0,1994-10-13,31.0,Japan,Small Forward,Left,George Washington,6,,,,,w/watanyu01.html
5047,Lindy Waters III,2021-22,2025-26,196.0,95.0,1997-07-28,28.0,Oklahoma,Shooting Guard,Right,Oklahoma State,5,,,,,w/waterli01.html
5048,Tremont Waters,2019-20,2021-22,178.0,79.0,1998-01-10,28.0,Connecticut,Point Guard,Right,LSU,3,2019.0,2.0,21.0,Boston Celtics,w/watertr01.html
5049,Trendon Watford,2021-22,2025-26,203.0,107.0,2000-11-09,25.0,Alabama,Power Forward and Small Forward,Right,LSU,5,,,,,w/watfotr01.html
5050,Darryl Watkins,2007-08,2011-12,211.0,117.0,1984-11-08,41.0,New Jersey,Center,Right,Syracuse,2,,,,,w/watkida01.html
5051,Jamir Watkins,2025-26,2025-26,198.0,95.0,2001-07-06,25.0,New Jersey,Shooting Guard,Right,VCU,1,2025.0,2.0,13.0,Utah Jazz,w/watkija01.html
5052,Anton Watson,2024-25,2024-25,203.0,102.0,2000-10-06,25.0,Idaho,Small Forward,Right,Gonzaga,1,2024.0,2.0,24.0,Boston Celtics,w/watsoan02.html
5053,Bobby Watson,1954-55,1954-55,183.0,72.0,1930-03-22,96.0,Kentucky,Point Guard,Right,Kentucky,1,1952.0,3.0,,Milwaukee Hawks,w/watsobo01.html
5054,C.J. Watson,2007-08,2016-17,188.0,79.0,1984-04-17,42.0,Nevada,Point Guard,Right,Tennessee,10,,,,,w/watsocj01.html
5055,Earl Watson,2001-02,2013-14,185.0,88.0,1979-06-12,47.0,Kansas,Point Guard,Right,UCLA,13,2001.0,2.0,11.0,Seattle SuperSonics,w/watsoea01.html
5056,Jamie Watson,1994-95,1998-99,201.0,86.0,1972-02-23,54.0,North Carolina,Small Forward,Right,South Carolina,4,1994.0,2.0,20.0,Utah Jazz,w/watsoja01.html
5057,Paul Watson,2019-20,2021-22,198.0,95.0,1994-12-30,31.0,Arizona,Small Forward,Right,Fresno State,3,,,,,w/watsopa01.html
5058,Peyton Watson,2022-23,2025-26,203.0,90.0,2002-09-11,23.0,California,Small Forward and Shooting Guard,Right,UCLA,4,2022.0,1.0,30.0,Oklahoma City Thunder,w/watsope01.html
5059,Ron Watts,1965-66,1966-67,198.0,95.0,1943-05-21,83.0,District of Columbia,Forward,Right,Wake Forest,2,1965.0,2.0,9.0,Boston Celtics,w/wattsro01.html
5061,Slick Watts,1973-74,1978-79,185.0,79.0,1951-07-22,74.0,Mississippi,Point Guard,Right,Xavier University of Louisiana,6,,,,,w/wattssl01.html
5062,Maalik Wayns,2012-13,2013-14,188.0,90.0,1991-05-02,35.0,Pennsylvania,Point Guard,Right,Villanova,2,,,,,w/waynsma01.html
5063,David Wear,2014-15,2014-15,208.0,104.0,1990-09-21,35.0,California,Power Forward,Right,UNC,1,,,,,w/wearda01.html
5064,Travis Wear,2014-15,2017-18,206.0,99.0,1990-09-21,35.0,California,Small Forward,Right,UNC,2,,,,,w/weartr01.html
5065,Clarence Weatherspoon,1992-93,2004-05,201.0,108.0,1970-09-08,55.0,Mississippi,Power Forward and Small Forward,Right,Southern Miss,13,1992.0,1.0,9.0,Philadelphia 76ers,w/weathcl01.html
5066,Nick Weatherspoon,1973-74,1979-80,201.0,88.0,1950-07-20,75.0,Mississippi,Small Forward,Right,Illinois,7,1973.0,1.0,13.0,Capital Bullets,w/weathni01.html
5067,Quinndary Weatherspoon,2019-20,2021-22,190.0,93.0,1996-09-10,29.0,Mississippi,Shooting Guard,Right,Mississippi State,3,2019.0,2.0,19.0,San Antonio Spurs,w/weathqu01.html
5068,Kyle Weaver,2008-09,2010-11,198.0,91.0,1986-02-18,40.0,Wisconsin,Shooting Guard,Right,Washington State,3,2008.0,2.0,8.0,Charlotte Bobcats,w/weaveky01.html
5069,James Webb III,2017-18,2017-18,206.0,91.0,1993-08-19,32.0,Georgia,Small Forward,Right,Boise State,1,,,,,w/webbja01.html
5070,Jeff Webb,1970-71,1971-72,193.0,77.0,1948-07-06,78.0,Wisconsin,Shooting Guard,Right,Kansas State,2,,,,,w/webbje01.html
5071,Marcus Webb,1992-93,1992-93,206.0,115.0,1970-05-09,56.0,Alabama,Power Forward,Right,Alabama,1,,,,,w/webbma01.html
5072,Spud Webb,1985-86,1997-98,168.0,60.0,1963-07-13,63.0,Texas,Point Guard,Right,Midland College,12,1985.0,4.0,17.0,Detroit Pistons,w/webbsp01.html
5073,Chris Webber,1993-94,2007-08,208.0,111.0,1973-03-01,53.0,Michigan,Power Forward and Center,Right,Michigan,15,1993.0,1.0,1.0,Orlando Magic,w/webbech01.html
5074,Briante Weber,2015-16,2017-18,188.0,77.0,1992-12-29,33.0,Virginia,Point Guard,Right,VCU,3,,,,,w/weberbr01.html
5077,Jeff Webster,1995-96,1995-96,203.0,105.0,1971-02-19,55.0,Arkansas,Small Forward,Right,Oklahoma,1,1994.0,2.0,13.0,Miami Heat,w/webstje01.html
5078,Martell Webster,2005-06,2014-15,201.0,104.0,1986-12-04,39.0,Washington,Small Forward,Right,,10,2005.0,1.0,6.0,Portland Trail Blazers,w/webstma02.html
5079,Marvin Webster,1976-77,1986-87,216.0,102.0,1952-04-13,74.0,Maryland,Center,Right,Morgan State University,9,1975.0,1.0,3.0,Atlanta Hawks,w/webstma01.html
5080,Scott Wedman,1974-75,1986-87,201.0,97.0,1952-07-29,73.0,Kansas,Small Forward,Right,Colorado,13,1974.0,1.0,6.0,Kansas City-Omaha Kings,w/wedmasc01.html
5081,Sonny Weems,2008-09,2015-16,198.0,92.0,1986-07-08,40.0,Arkansas,Shooting Guard and Small Forward,Right,Arkansas,4,2008.0,2.0,9.0,Chicago Bulls,w/weemsso01.html
5083,Brant Weidner,1983-84,1983-84,206.0,104.0,1960-10-28,65.0,Pennsylvania,Power Forward,Right,William & Mary,1,1983.0,4.0,20.0,San Antonio Spurs,w/weidnbr01.html
5084,Bob Weiss,1965-66,1976-77,190.0,81.0,1942-05-07,84.0,Pennsylvania,Point Guard and Shooting Guard,Left,Penn State,12,1965.0,3.0,5.0,Philadelphia 76ers,w/weissbo01.html
5085,Rick Weitzman,1967-68,1967-68,188.0,79.0,1946-04-30,80.0,Massachusetts,Shooting Guard,Right,Northeastern University,1,1967.0,10.0,8.0,Boston Celtics,w/weitzri01.html
5086,Bonzi Wells,1998-99,2007-08,196.0,95.0,1976-09-28,49.0,Indiana,Shooting Guard and Small Forward,Right,Ball State University,10,1998.0,1.0,11.0,Detroit Pistons,w/wellsbo01.html
5087,Bubba Wells,1997-98,1997-98,196.0,104.0,1974-07-26,51.0,Kentucky,Shooting Guard,Right,Austin Peay State University,1,1997.0,2.0,6.0,Dallas Mavericks,w/wellsbu01.html
5088,Jaylen Wells,2024-25,2025-26,201.0,93.0,2003-08-26,22.0,California,Shooting Guard and Small Forward,Right,Sonoma State University,2,2024.0,2.0,9.0,Memphis Grizzlies,w/wellsja01.html
5089,Owen Wells,1974-75,1974-75,201.0,90.0,1950-12-09,75.0,Rhode Island,Small Forward,Right,Detroit Mercy,1,1974.0,5.0,5.0,Houston Rockets,w/wellsow01.html
5090,Ralph Wells,1962-63,1962-63,185.0,81.0,1940-09-03,85.0,Illinois,Guard,Right,Northwestern,1,,,,,w/wellsra01.html
5091,Chris Welp,1987-88,1989-90,213.0,111.0,1964-01-02,62.0,Germany,Center,Left,Washington,3,1987.0,1.0,16.0,Philadelphia 76ers,w/welpch01.html
5092,Jiří Welsch,2002-03,2005-06,201.0,94.0,1980-01-27,46.0,Czechia,Small Forward and Shooting Guard,Right,,4,2002.0,1.0,16.0,Philadelphia 76ers,w/welscji01.html
5093,Thomas Welsh,2018-19,2018-19,213.0,115.0,1996-02-03,30.0,California,Center,Right,UCLA,1,2018.0,2.0,28.0,Denver Nuggets,w/welshth01.html
5094,Victor Wembanyama,2023-24,2025-26,224.0,106.0,2004-01-04,22.0,France,Center and Power Forward,Right,,3,2023.0,1.0,1.0,San Antonio Spurs,w/wembavi01.html
5095,Bill Wennington,1985-86,1999-00,213.0,111.0,1963-04-26,63.0,Quebec,Center,Right,St. John's,13,1985.0,1.0,16.0,Dallas Mavericks,w/wennibi01.html
5096,Matt Wenstrom,1993-94,1993-94,216.0,113.0,1970-11-04,55.0,Minnesota,Center,Right,UNC,1,,,,,w/wenstma01.html
5097,Robert Werdann,1992-93,1996-97,211.0,113.0,1970-09-12,55.0,New York,Center,Right,St. John's,3,1992.0,2.0,19.0,Denver Nuggets,w/werdaro01.html
5099,Blake Wesley,2022-23,2025-26,193.0,86.0,2003-03-16,23.0,Indiana,Shooting Guard,Right,Notre Dame,4,2022.0,1.0,25.0,San Antonio Spurs,w/weslebl01.html
5100,David Wesley,1993-94,2006-07,183.0,86.0,1970-11-14,55.0,Texas,Shooting Guard and Point Guard,Right,Baylor,14,,,,,w/wesleda01.html
5101,Walt Wesley,1966-67,1975-76,211.0,99.0,1945-01-25,81.0,Florida,Center,Right,Kansas,10,1966.0,1.0,6.0,Cincinnati Royals,w/weslewa01.html
5102,David West,2003-04,2017-18,206.0,113.0,1980-08-29,45.0,New Jersey,"Power Forward, Center, and Small Forward",Right,Xavier,15,2003.0,1.0,18.0,New Orleans Hornets,w/westda01.html
5103,Delonte West,2004-05,2011-12,190.0,81.0,1983-07-26,42.0,District of Columbia,Point Guard and Shooting Guard,Left,Saint Joseph's,8,2004.0,1.0,24.0,Boston Celtics,w/westde01.html
5104,Doug West,1989-90,2000-01,198.0,90.0,1967-05-27,59.0,Pennsylvania,Shooting Guard,Right,Villanova,12,1989.0,2.0,11.0,Minnesota Timberwolves,w/westdo01.html
5105,Jerry West,1960-61,1973-74,190.0,79.0,1938-05-28,88.0,West Virginia,Point Guard and Shooting Guard,Right,West Virginia,14,1960.0,1.0,2.0,Los Angeles Lakers,w/westje01.html
5106,Mario West,2007-08,2010-11,196.0,95.0,1984-06-19,42.0,Alabama,Shooting Guard,Right,Georgia Tech,4,,,,,w/westma02.html
5107,Mark West,1983-84,1999-00,208.0,104.0,1960-11-05,65.0,Virginia,Center,Right,Old Dominion,17,1983.0,2.0,6.0,Dallas Mavericks,w/westma01.html
5108,Roland West,1967-68,1967-68,193.0,80.0,1944-06-06,82.0,Ohio,Guard,Right,Cincinnati,1,1966.0,8.0,5.0,Baltimore Bullets,w/westro01.html
5110,Russell Westbrook,2008-09,2025-26,193.0,90.0,1988-11-12,37.0,California,Point Guard and Small Forward,Right,UCLA,18,2008.0,1.0,4.0,Seattle SuperSonics,w/westbru01.html
5111,Paul Westphal,1972-73,1983-84,193.0,88.0,1950-11-30,75.0,California,Shooting Guard and Point Guard,Right,USC,12,1972.0,1.0,10.0,Boston Celtics,w/westppa01.html
5112,John Wetzel,1967-68,1975-76,196.0,86.0,1944-10-22,81.0,Virginia,Shooting Guard and Small Forward,Right,Virginia Tech,7,1966.0,8.0,7.0,Los Angeles Lakers,w/wetzejo01.html
5113,Robert Whaley,2005-06,2005-06,208.0,117.0,1982-04-16,44.0,Michigan,Center,Right,Barton County Community College,1,2005.0,2.0,21.0,Utah Jazz,w/whalero01.html
5114,Ennis Whatley,1983-84,1996-97,190.0,80.0,1962-08-11,63.0,Alabama,Point Guard,Right,Alabama,10,1983.0,1.0,13.0,Kansas City Kings,w/whatlen01.html
5115,DeJuan Wheat,1997-98,1998-99,183.0,74.0,1973-10-14,52.0,Kentucky,Point Guard,Right,Louisville,2,1997.0,2.0,23.0,Los Angeles Lakers,w/wheatde01.html
5116,Clinton Wheeler,1987-88,1988-89,185.0,83.0,1959-10-27,66.0,New Jersey,Point Guard,Right,William Paterson University,2,1981.0,7.0,12.0,Kansas City Kings,w/wheelcl01.html
5117,Phillip Wheeler,2024-25,2024-25,203.0,83.0,2002-04-23,24.0,New Jersey,Power Forward,Right,,1,,,,,w/wheelph02.html
5118,Tyson Wheeler,1998-99,1998-99,178.0,74.0,1975-10-08,50.0,Connecticut,Point Guard,Left,Rhode Island,1,1998.0,2.0,18.0,Toronto Raptors,w/wheelty01.html
5119,Skippy Whitaker,1954-55,1954-55,185.0,81.0,1930-08-29,95.0,Virginia,Point Guard,Right,Kentucky,1,1952.0,3.0,,Indianapolis Olympians,w/whitask01.html
5120,Andrew White,2017-18,2017-18,201.0,95.0,1993-06-16,33.0,Virginia,Small Forward,Right,Nebraska,1,,,,,w/whitean01.html
5121,Coby White,2019-20,2025-26,193.0,88.0,2000-02-16,26.0,North Carolina,Shooting Guard and Point Guard,Right,UNC,7,2019.0,1.0,7.0,Chicago Bulls,w/whiteco01.html
5122,D.J. White,2008-09,2013-14,206.0,113.0,1986-08-31,39.0,Alabama,Power Forward and Center,Right,Indiana,6,2008.0,1.0,29.0,Detroit Pistons,w/whitedj01.html
5123,Derrick White,2017-18,2025-26,193.0,86.0,1994-07-02,32.0,Colorado,Shooting Guard and Point Guard,Right,Colorado-Colorado Springs,9,2017.0,1.0,29.0,San Antonio Spurs,w/whitede01.html
5124,Eric White,1987-88,1988-89,203.0,90.0,1965-12-30,60.0,California,Small Forward,Right,Pepperdine,2,1987.0,3.0,19.0,Detroit Pistons,w/whiteer01.html
5125,Herb White,1970-71,1970-71,188.0,88.0,1948-06-15,78.0,Georgia,Point Guard,Right,Georgia,1,1970.0,8.0,14.0,Atlanta Hawks,w/whitehe01.html
5126,Hubie White,1962-63,1963-64,193.0,92.0,1940-01-26,86.0,Pennsylvania,Shooting Guard,Right,Villanova,2,1962.0,2.0,7.0,San Francisco Warriors,w/whitehu01.html
5127,Jack White,2022-23,2023-24,201.0,102.0,1997-08-05,28.0,Australia,Small Forward,Right,Duke,2,,,,,w/whiteja03.html
5128,Jahidi White,1998-99,2004-05,206.0,131.0,1976-02-19,50.0,Missouri,Center and Power Forward,Right,Georgetown,7,1998.0,2.0,14.0,Washington Wizards,w/whiteja01.html
5129,James White,2006-07,2012-13,201.0,90.0,1982-10-21,43.0,District of Columbia,Small Forward and Shooting Guard,Right,Florida,3,2006.0,2.0,1.0,Portland Trail Blazers,w/whiteja02.html
5130,Jo Jo White,1969-70,1980-81,190.0,86.0,1946-11-16,79.0,Missouri,Point Guard,Right,Kansas,12,1969.0,1.0,9.0,Boston Celtics,w/whitejo01.html
5131,Okaro White,2016-17,2018-19,203.0,92.0,1992-08-13,33.0,Florida,Power Forward and Small Forward,Right,Florida State,3,,,,,w/whiteok01.html
5132,Randy White,1989-90,1993-94,203.0,108.0,1967-11-04,58.0,Louisiana,Power Forward,Right,Louisiana Tech,5,1989.0,1.0,8.0,Dallas Mavericks,w/whitera01.html
5133,Rodney White,2001-02,2004-05,206.0,107.0,1980-06-28,46.0,Pennsylvania,Small Forward and Shooting Guard,Right,UNC Charlotte,4,2001.0,1.0,9.0,Detroit Pistons,w/whitero02.html
5134,Rory White,1982-83,1986-87,203.0,95.0,1959-08-16,66.0,Alabama,Small Forward and Power Forward,Right,University of South Alabama,5,1982.0,4.0,17.0,Phoenix Suns,w/whitero01.html
5135,Royce White,2013-14,2013-14,203.0,122.0,1991-04-10,35.0,Minnesota,Power Forward,Right,Iowa State,1,2012.0,1.0,16.0,Houston Rockets,w/whitero03.html
5136,Rudy White,1975-76,1980-81,188.0,88.0,1953-06-23,73.0,New Mexico,Shooting Guard,Right,Arizona State,5,1975.0,3.0,11.0,Houston Rockets,w/whiteru01.html
5137,Tony White,1987-88,1987-88,188.0,77.0,1965-02-15,61.0,North Carolina,Point Guard,Right,Tennessee,1,1987.0,2.0,10.0,Chicago Bulls,w/whiteto01.html
5138,Willie White,1984-85,1985-86,190.0,88.0,1962-08-20,63.0,Tennessee,Shooting Guard,Right,Chattanooga,2,1984.0,2.0,18.0,Denver Nuggets,w/whitewi01.html
5139,Dariq Whitehead,2023-24,2025-26,198.0,99.0,2004-08-01,21.0,New Jersey,Small Forward,Right,Duke,3,2023.0,1.0,22.0,Brooklyn Nets,w/whiteda01.html
5140,Isaiah Whitehead,2016-17,2017-18,193.0,96.0,1995-03-08,31.0,New York,Point Guard,Right,Seton Hall,2,2016.0,2.0,12.0,Utah Jazz,w/whiteis01.html
5141,Jerome Whitehead,1978-79,1988-89,208.0,99.0,1956-09-30,69.0,Illinois,Center,Right,Marquette,11,1978.0,2.0,19.0,San Diego Clippers,w/whiteje01.html
5142,Donald Whiteside,1996-97,1997-98,178.0,72.0,1969-04-25,57.0,Illinois,Point Guard,Right,Northern Illinois,2,,,,,w/whitedo01.html
5143,Hassan Whiteside,2010-11,2021-22,213.0,120.0,1989-06-13,37.0,North Carolina,Center,Right,Marshall,10,2010.0,2.0,3.0,Sacramento Kings,w/whiteha01.html
5144,Dwayne Whitfield,1995-96,1995-96,206.0,108.0,1972-08-21,53.0,Mississippi,Power Forward,Right,Jackson State University,1,1995.0,2.0,11.0,Golden State Warriors,w/whitfdw01.html
5145,Cam Whitmore,2023-24,2025-26,198.0,104.0,2004-07-08,22.0,Maryland,Small Forward,Right,Villanova,3,2023.0,1.0,20.0,Houston Rockets,w/whitmca01.html
5146,Chris Whitney,1993-94,2003-04,183.0,76.0,1971-10-05,54.0,Kentucky,Point Guard,Right,Clemson,11,1993.0,2.0,20.0,San Antonio Spurs,w/whitnch01.html
5148,Hawkeye Whitney,1980-81,1981-82,196.0,106.0,1957-06-22,69.0,District of Columbia,Shooting Guard,Right,NC State,2,1980.0,1.0,16.0,Kansas City Kings,w/whitnha02.html
5149,Greg Whittington,2020-21,2020-21,203.0,95.0,1993-02-07,33.0,Maryland,Power Forward,Right,Georgetown,1,,,,,w/whittgr01.html
5150,Shayne Whittington,2014-15,2015-16,211.0,113.0,1991-03-27,35.0,Michigan,Power Forward,Right,Western Michigan,2,,,,,w/whittsh01.html
5151,Sidney Wicks,1971-72,1980-81,203.0,102.0,1949-09-19,76.0,California,Power Forward,Right,Santa Monica College,10,1971.0,1.0,2.0,Portland Trail Blazers,w/wickssi01.html
5153,Murray Wier,1949-50,1949-50,175.0,70.0,1926-12-12,99.0,Iowa,Guard,Right,Iowa,1,1948.0,5.0,,Fort Wayne Pistons,w/wiermu01.html
5154,Bob Wiesenhahn,1961-62,1961-62,193.0,97.0,1938-12-22,87.0,Ohio,Small Forward,Right,Cincinnati,1,1961.0,2.0,7.0,Cincinnati Royals,w/wiesebo01.html
5155,Joe Wieskamp,2021-22,2022-23,198.0,92.0,1999-08-23,26.0,Iowa,Small Forward and Shooting Guard,Right,Iowa,2,2021.0,2.0,11.0,San Antonio Spurs,w/wieskjo01.html
5156,Aaron Wiggins,2021-22,2025-26,196.0,86.0,1999-01-02,27.0,North Carolina,Shooting Guard,Right,Maryland,5,2021.0,2.0,25.0,Oklahoma City Thunder,w/wiggiaa01.html
5157,Andrew Wiggins,2014-15,2025-26,198.0,89.0,1995-02-23,31.0,Ontario,Small Forward and Power Forward,Right,Kansas,12,2014.0,1.0,1.0,Cleveland Cavaliers,w/wiggian01.html
5158,Mitchell Wiggins,1983-84,1991-92,193.0,83.0,1959-09-28,66.0,North Carolina,Shooting Guard,Right,Clemson,6,1983.0,1.0,23.0,Indiana Pacers,w/wiggimi01.html
5159,Lindell Wigginton,2021-22,2023-24,185.0,85.0,1998-03-28,28.0,Nova Scotia,Point Guard,Right,Iowa State,3,,,,,w/wiggili01.html
5160,Ken Wilburn,1967-68,1968-69,198.0,88.0,1944-06-08,82.0,Michigan,Small Forward,Right,Central State University,2,1966.0,4.0,9.0,Philadelphia 76ers,w/wilbuke01.html
5161,C.J. Wilcox,2014-15,2016-17,196.0,88.0,1990-12-30,35.0,Utah,Shooting Guard,Right,Washington,3,2014.0,1.0,28.0,Los Angeles Clippers,w/wilcocj01.html
5162,Chris Wilcox,2002-03,2012-13,208.0,100.0,1982-09-03,43.0,North Carolina,Center and Power Forward,Right,Maryland,11,2002.0,1.0,8.0,Los Angeles Clippers,w/wilcoch01.html
5163,D.C. Wilcutt,1949-50,1949-50,188.0,74.0,1923-03-25,103.0,Alabama,Guard,Right,Saint Louis,1,1948.0,4.0,,St. Louis Bombers,w/wilcudc01.html
5164,Gene Wiley,1962-63,1965-66,208.0,95.0,1937-11-12,88.0,United States,Center,Right,Wichita State,4,1962.0,2.0,8.0,Los Angeles Lakers,w/wileyge01.html
5165,Jacob Wiley,2017-18,2017-18,203.0,101.0,1994-09-04,31.0,Washington,Power Forward,Right,Eastern Washington,1,,,,,w/wileyja01.html
5166,Michael Wiley,1980-81,1981-82,206.0,90.0,1957-10-16,68.0,California,Power Forward,Right,Cal State Long Beach,2,1980.0,2.0,16.0,San Antonio Spurs,w/wileymi01.html
5167,Morlon Wiley,1988-89,1994-95,193.0,83.0,1966-09-24,59.0,Louisiana,Point Guard,Right,Cal State Long Beach,7,1988.0,2.0,21.0,Dallas Mavericks,w/wileymo01.html
5168,Win Wilfong,1957-58,1960-61,188.0,83.0,1933-03-18,93.0,Missouri,Point Guard,Right,Memphis,4,1957.0,1.0,4.0,St. Louis Hawks,w/wilfowi01.html
5169,Lenny Wilkens,1960-61,1974-75,185.0,81.0,1937-10-28,88.0,New York,Point Guard,Left,Providence,15,1960.0,1.0,6.0,St. Louis Hawks,w/wilkele01.html
5170,Bob Wilkerson,1976-77,1982-83,198.0,88.0,1954-08-15,71.0,Indiana,Small Forward and Shooting Guard,Right,Indiana,7,1976.0,1.0,11.0,Seattle SuperSonics,w/wilkebo01.html
5171,Jamaal Wilkes,1974-75,1985-86,198.0,86.0,1953-05-02,73.0,California,Small Forward and Power Forward,Right,UCLA,12,1974.0,1.0,11.0,Golden State Warriors,w/wilkeja01.html
5172,James Wilkes,1980-81,1982-83,201.0,88.0,1958-04-01,68.0,Tennessee,Small Forward,Right,UCLA,3,1980.0,3.0,4.0,Chicago Bulls,w/wilkeja02.html
5173,Damien Wilkins,2004-05,2017-18,198.0,102.0,1980-01-11,46.0,North Carolina,Small Forward and Shooting Guard,Right,NC State,10,,,,,w/wilkida02.html
5174,Dominique Wilkins,1982-83,1998-99,203.0,97.0,1960-01-12,66.0,France,Small Forward,Right,Georgia,15,1982.0,1.0,3.0,Utah Jazz,w/wilkido01.html
5175,Eddie Lee Wilkins,1984-85,1992-93,208.0,99.0,1962-05-07,64.0,Georgia,Center and Power Forward,Right,Gardner-Webb University,6,1984.0,6.0,17.0,New York Knicks,w/wilkied01.html
5176,Gerald Wilkins,1985-86,1998-99,198.0,83.0,1963-09-11,62.0,Georgia,Shooting Guard and Small Forward,Right,Chattanooga,13,1985.0,2.0,23.0,New York Knicks,w/wilkige01.html
5177,Jeff Wilkins,1980-81,1985-86,211.0,104.0,1955-03-09,71.0,Illinois,Center,Right,Illinois State,6,1977.0,2.0,15.0,San Antonio Spurs,w/wilkije01.html
5178,Dale Wilkinson,1984-85,1984-85,208.0,99.0,1960-03-18,66.0,Idaho,Small Forward and Power Forward,Right,Idaho State University,1,1982.0,10.0,16.0,Phoenix Suns,w/wilkida01.html
5179,Mike Wilks,2002-03,2009-10,178.0,83.0,1979-05-07,47.0,Wisconsin,Point Guard and Shooting Guard,Right,Rice University,7,,,,,w/wilksmi01.html
5180,Aaron Williams,1993-94,2007-08,206.0,99.0,1971-10-02,54.0,Illinois,Power Forward and Center,Left,Xavier,14,,,,,w/williaa01.html
5182,Alan Williams,2015-16,2018-19,203.0,120.0,1993-01-28,33.0,Arizona,Power Forward and Center,Right,UC Santa Barbara,4,,,,,w/willial03.html
5183,Alondes Williams,2022-23,2025-26,193.0,95.0,1999-06-19,27.0,Wisconsin,Shooting Guard,Right,Triton College,4,,,,,w/willial06.html
5184,Alvin Williams,1997-98,2006-07,196.0,83.0,1974-08-06,51.0,Pennsylvania,Point Guard and Shooting Guard,Right,Villanova,9,1997.0,2.0,19.0,Portland Trail Blazers,w/willial02.html
5185,Amari Williams,2025-26,2025-26,211.0,113.0,2002-01-28,24.0,United Kingdom,Power Forward and Center,Left,Drexel,1,2025.0,2.0,16.0,Orlando Magic,w/william01.html
5186,Art Williams,1967-68,1973-74,185.0,81.0,1939-09-29,86.0,Texas,Point Guard,Right,Cal Poly Pomona,7,,,,,w/williar01.html
5187,Bernie Williams,1969-70,1970-71,190.0,79.0,1945-12-30,80.0,District of Columbia,Shooting Guard,Right,La Salle,2,1969.0,2.0,6.0,San Diego Rockets,w/willibe01.html
5188,Bob Williams,1955-56,1956-57,198.0,104.0,1931-05-12,95.0,Florida,Forward,Left,Florida A&M,2,,,,,w/willibo01.html
5189,Brandon Williams,1997-98,2002-03,198.0,97.0,1975-02-27,51.0,Louisiana,Shooting Guard and Small Forward,Right,Davidson,3,,,,,w/willibr01.html
5190,Brandon Williams,2021-22,2025-26,185.0,86.0,1999-11-22,26.0,California,Point Guard,Right,Arizona,4,,,,,w/willibr03.html
5191,Buck Williams,1981-82,1997-98,203.0,97.0,1960-03-08,66.0,North Carolina,Power Forward,Right,Maryland,17,1981.0,1.0,3.0,New Jersey Nets,w/willibu01.html
5192,C.J. Williams,2017-18,2018-19,196.0,106.0,1990-02-06,36.0,North Carolina,Shooting Guard,Right,NC State,2,,,,,w/willicj01.html
5194,Chuck Williams,1976-77,1977-78,188.0,79.0,1946-06-06,80.0,Colorado,Point Guard,Right,Colorado,2,1968.0,6.0,12.0,Philadelphia 76ers,w/willich02.html
5195,Chuckie Williams,1976-77,1976-77,190.0,81.0,1953-12-31,72.0,Ohio,Shooting Guard,Right,Kansas State,1,1976.0,1.0,15.0,Cleveland Cavaliers,w/willich03.html
5196,Cliff Williams,1968-69,1968-69,190.0,81.0,1945-04-15,81.0,Michigan,Guard,Right,Bowling Green,1,,,,,w/willicl01.html
5197,Cody Williams,2024-25,2025-26,203.0,86.0,2004-11-20,21.0,California,Shooting Guard,Right,Colorado,2,2024.0,1.0,10.0,Utah Jazz,w/willico04.html
5198,Corey Williams,1992-93,1993-94,188.0,86.0,1970-04-24,56.0,Georgia,Point Guard,Right,Oklahoma State,2,1992.0,2.0,6.0,Chicago Bulls,w/willico01.html
5199,Deron Williams,2005-06,2016-17,190.0,90.0,1984-06-26,42.0,West Virginia,Point Guard,Right,Illinois,12,2005.0,1.0,3.0,Utah Jazz,w/willide01.html
5200,Derrick Williams,2011-12,2017-18,203.0,108.0,1991-05-25,35.0,California,Power Forward and Small Forward,Right,Arizona,7,2011.0,1.0,2.0,Minnesota Timberwolves,w/willide02.html
5201,Donovan Williams,2022-23,2022-23,198.0,86.0,2001-09-06,24.0,Texas,Shooting Guard,Right,Texas,1,,,,,w/willido02.html
5202,Duck Williams,1979-80,1979-80,188.0,81.0,1956-08-02,69.0,Alabama,Point Guard,Right,Notre Dame,1,1978.0,5.0,8.0,New Orleans Jazz,w/willidu01.html
5203,Earl Williams,1974-75,1978-79,201.0,104.0,1951-03-24,75.0,Pennsylvania,Center,Right,Winston-Salem State,4,1974.0,3.0,13.0,Phoenix Suns,w/williea01.html
5204,Elliot Williams,2011-12,2015-16,196.0,86.0,1989-06-20,37.0,Tennessee,Shooting Guard and Point Guard,Left,Duke,4,2010.0,1.0,22.0,Portland Trail Blazers,w/williel01.html
5205,Eric Williams,1995-96,2006-07,203.0,99.0,1972-07-17,53.0,New Jersey,Small Forward and Shooting Guard,Right,Vincennes University,12,1995.0,1.0,14.0,Boston Celtics,w/willier01.html
5207,Frank Williams,2002-03,2004-05,190.0,96.0,1980-02-25,46.0,Illinois,Point Guard and Shooting Guard,Right,Illinois,3,2002.0,1.0,25.0,Denver Nuggets,w/willifr02.html
5208,Freeman Williams,1978-79,1985-86,193.0,86.0,1956-05-15,70.0,California,Shooting Guard,Right,Portland State,6,1978.0,1.0,8.0,Boston Celtics,w/willifr01.html
5210,Grant Williams,2019-20,2025-26,201.0,107.0,1998-11-30,27.0,Texas,Power Forward,Right,Tennessee,7,2019.0,1.0,22.0,Boston Celtics,w/willigr01.html
5211,Gus Williams,1975-76,1986-87,188.0,79.0,1953-10-10,72.0,New York,Point Guard and Shooting Guard,Right,USC,11,1975.0,2.0,2.0,Golden State Warriors,w/willigu01.html
5212,Guy Williams,1984-85,1985-86,206.0,90.0,1960-07-01,66.0,California,Power Forward and Small Forward,Right,San Francisco,2,1983.0,2.0,10.0,Washington Bullets,w/willigu02.html
5214,Herb Williams,1981-82,1998-99,211.0,117.0,1958-02-16,68.0,Ohio,Center and Power Forward,Right,Ohio State,18,1981.0,1.0,14.0,Indiana Pacers,w/willihe01.html
5215,Hot Rod Williams,1986-87,1998-99,211.0,97.0,1962-08-09,63.0,Louisiana,Center and Power Forward,Right,Tulane,13,1985.0,2.0,21.0,Cleveland Cavaliers,w/williho01.html
5216,Jalen Williams,2022-23,2025-26,196.0,95.0,2001-04-14,25.0,Colorado,Shooting Guard and Power Forward,Right,Santa Clara,4,2022.0,1.0,12.0,Oklahoma City Thunder,w/willija06.html
5217,Jason Williams,1998-99,2010-11,185.0,86.0,1975-11-18,50.0,West Virginia,Point Guard,Right,Marshall,12,1998.0,1.0,7.0,Sacramento Kings,w/willija02.html
5218,Jawad Williams,2008-09,2010-11,206.0,98.0,1983-02-19,43.0,Ohio,Small Forward and Point Guard,Right,UNC,3,,,,,w/willija04.html
5219,Jay Williams,2002-03,2002-03,188.0,88.0,1981-09-10,44.0,New Jersey,Point Guard,Right,Duke,1,2002.0,1.0,2.0,Chicago Bulls,w/willija03.html
5220,Jaylin Williams,2022-23,2025-26,206.0,108.0,2002-06-29,24.0,Arkansas,Power Forward and Center,Right,Arkansas,4,2022.0,2.0,4.0,Oklahoma City Thunder,w/willija07.html
5221,Jayson Williams,1990-91,1998-99,206.0,108.0,1968-02-22,58.0,South Carolina,Power Forward and Center,Right,St. John's,9,1990.0,1.0,21.0,Phoenix Suns,w/willija01.html
5222,Jerome Williams,1996-97,2004-05,206.0,93.0,1973-05-10,53.0,District of Columbia,Power Forward and Small Forward,Right,Georgetown,9,1996.0,1.0,26.0,Detroit Pistons,w/willije01.html
5223,John Williams,1986-87,1994-95,203.0,106.0,1966-10-26,59.0,California,Small Forward,Right,LSU,8,1986.0,1.0,12.0,Washington Bullets,w/willijo02.html
5224,Johnathan Williams,2018-19,2019-20,206.0,103.0,1995-05-22,31.0,Tennessee,Power Forward and Center,Left,Missouri,2,,,,,w/willijo04.html
5225,Jordan Williams,2011-12,2011-12,208.0,117.0,1990-10-11,35.0,Connecticut,Center,Right,Maryland,1,2011.0,2.0,6.0,New Jersey Nets,w/willijo03.html
5226,Justin Williams,2006-07,2007-08,208.0,102.0,1984-05-12,42.0,Illinois,Center,Right,Wyoming,2,,,,,w/williju01.html
5227,Kenny Williams,1990-91,1993-94,206.0,92.0,1969-06-09,57.0,North Carolina,Small Forward and Power Forward,Right,Barton County Community College,4,1990.0,2.0,19.0,Indiana Pacers,w/willike03.html
5228,Kenrich Williams,2018-19,2025-26,201.0,95.0,1994-12-02,31.0,Texas,Power Forward and Small Forward,Right,TCU,8,,,,,w/willike04.html
5229,Kevin Williams,1983-84,1988-89,188.0,79.0,1961-09-11,64.0,New York,Shooting Guard,Right,St. John's,5,1983.0,2.0,22.0,San Antonio Spurs,w/willike01.html
5230,Lorenzo Williams,1992-93,1999-00,206.0,90.0,1969-07-15,57.0,Florida,Power Forward and Center,Right,Stetson University,7,,,,,w/willilo01.html
5231,Lou Williams,2005-06,2021-22,188.0,79.0,1986-10-27,39.0,Tennessee,Point Guard and Shooting Guard,Right,,17,2005.0,2.0,15.0,Philadelphia 76ers,w/willilo02.html
5232,Malik Williams,2023-24,2023-24,211.0,113.0,1998-08-26,27.0,Indiana,Center,Right,Louisville,1,,,,,w/willima11.html
5233,Marcus Williams,2006-07,2009-10,190.0,92.0,1985-12-03,40.0,California,Point Guard,Left,UConn,4,2006.0,1.0,22.0,New Jersey Nets,w/willima03.html
5234,Marcus Williams,2007-08,2008-09,201.0,92.0,1986-11-18,39.0,Washington,Power Forward and Small Forward,Right,Arizona,2,2007.0,2.0,3.0,San Antonio Spurs,w/willima04.html
5235,Mark Williams,2022-23,2025-26,216.0,108.0,2001-12-16,24.0,Virginia,Center,Right,Duke,4,2022.0,1.0,15.0,Charlotte Hornets,w/willima07.html
5236,Marvin Williams,2005-06,2019-20,203.0,107.0,1986-06-19,40.0,Washington,Power Forward and Small Forward,Right,UNC,15,2005.0,1.0,2.0,Atlanta Hawks,w/willima02.html
5237,Matt Williams,2017-18,2017-18,196.0,95.0,1993-10-14,32.0,Florida,Shooting Guard,Right,Central Florida,1,,,,,w/willima05.html
5238,Micheal Williams,1988-89,1998-99,188.0,79.0,1966-07-23,59.0,Texas,Point Guard,Right,Baylor,10,1988.0,2.0,23.0,Detroit Pistons,w/willimi02.html
5239,Mike Williams,1989-90,1989-90,203.0,115.0,1963-08-14,62.0,Illinois,Power Forward and Small Forward,Left,Cincinnati,1,1986.0,3.0,4.0,Golden State Warriors,w/willimi03.html
5240,Milt Williams,1970-71,1973-74,188.0,82.0,1945-11-22,80.0,Washington,Point Guard,Right,Lincoln University of Missouri,3,1968.0,17.0,5.0,New York Knicks,w/willimi01.html
5241,Mo Williams,2003-04,2015-16,185.0,89.0,1982-12-19,43.0,Mississippi,Point Guard and Shooting Guard,Right,Alabama,13,2003.0,2.0,18.0,Utah Jazz,w/willima01.html
5242,Monty Williams,1994-95,2002-03,203.0,102.0,1971-10-08,54.0,Virginia,Small Forward,Right,Notre Dame,9,1994.0,1.0,24.0,New York Knicks,w/willimo01.html
5243,Nate Williams,1971-72,1978-79,196.0,97.0,1950-05-02,76.0,Louisiana,Shooting Guard and Small Forward,Right,Utah State University,8,,,,Cincinnati Royals,w/willina01.html
5244,Nate Williams,2022-23,2025-26,196.0,92.0,1999-02-12,27.0,New York,Shooting Guard,Left,Buffalo,4,,,,,w/willije02.html
5245,Patrick Williams,2020-21,2025-26,198.0,97.0,2001-08-26,24.0,North Carolina,Power Forward,Right,Florida State,6,2020.0,1.0,4.0,Chicago Bulls,w/willipa01.html
5246,Pete Williams,1985-86,1986-87,201.0,86.0,1965-03-10,61.0,California,Power Forward,Right,Arizona,2,1985.0,4.0,19.0,Denver Nuggets,w/willipe01.html
5247,Ray Williams,1977-78,1986-87,190.0,85.0,1954-10-14,71.0,New York,Point Guard and Shooting Guard,Right,Minnesota,10,1977.0,1.0,10.0,New York Knicks,w/willira01.html
5248,Reggie Williams,1987-88,1996-97,201.0,86.0,1964-03-05,62.0,Maryland,Small Forward,Right,Georgetown,10,1987.0,1.0,4.0,Los Angeles Clippers,w/willire01.html
5249,Reggie Williams,2009-10,2016-17,198.0,92.0,1986-09-14,39.0,Virginia,Small Forward,Left,Virginia Military Institute,7,,,,,w/willire02.html
5250,Rickey Williams,1982-83,1982-83,185.0,79.0,1957-03-12,69.0,New York,Shooting Guard,Right,New Mexico,1,1978.0,10.0,4.0,New Orleans Jazz,w/williri01.html
5251,Rob Williams,1982-83,1983-84,188.0,79.0,1961-05-05,65.0,Texas,Point Guard,Right,Houston,2,1982.0,1.0,19.0,Denver Nuggets,w/williro02.html
5252,Robert Williams,2018-19,2025-26,206.0,112.0,1997-10-17,28.0,Louisiana,Center,Right,Texas A&M,8,2018.0,1.0,27.0,Boston Celtics,w/williro04.html
5253,Ron Williams,1968-69,1975-76,190.0,85.0,1944-09-24,81.0,West Virginia,Point Guard,Right,West Virginia,8,1968.0,1.0,9.0,San Francisco Warriors,w/williro01.html
5254,Sam Williams,1968-69,1969-70,190.0,81.0,1945-01-22,81.0,Michigan,Shooting Guard,Right,Iowa,2,1968.0,3.0,13.0,Milwaukee Bucks,w/willisa01.html
5255,Sam Williams,1981-82,1984-85,203.0,95.0,1959-03-07,67.0,California,Power Forward,Right,Arizona State,4,1981.0,2.0,10.0,Golden State Warriors,w/willisa02.html
5256,Scott Williams,1990-91,2004-05,208.0,104.0,1968-03-21,58.0,California,Center and Power Forward,Right,UNC,15,,,,,w/willisc01.html
5257,Sean Williams,2007-08,2011-12,208.0,106.0,1986-09-13,39.0,Texas,Center and Power Forward,Right,Boston College,4,2007.0,1.0,17.0,New Jersey Nets,w/willise01.html
5258,Shammond Williams,1998-99,2006-07,185.0,91.0,1975-04-05,51.0,New York,Point Guard and Shooting Guard,Right,UNC,7,1998.0,2.0,5.0,Chicago Bulls,w/willish01.html
5259,Shawne Williams,2006-07,2014-15,206.0,102.0,1986-02-16,40.0,Tennessee,"Small Forward, Power Forward, and Shooting Guard",Right,Memphis,7,2006.0,1.0,17.0,Indiana Pacers,w/willish03.html
5260,Shelden Williams,2006-07,2011-12,206.0,113.0,1983-10-21,42.0,Oklahoma,Power Forward and Center,Right,Duke,6,2006.0,1.0,5.0,Atlanta Hawks,w/willish02.html
5261,Sly Williams,1979-80,1985-86,201.0,95.0,1958-01-26,68.0,Connecticut,Small Forward and Power Forward,Left,Rhode Island,7,1979.0,1.0,21.0,New York Knicks,w/willisl01.html
5262,Terrence Williams,2009-10,2012-13,198.0,99.0,1987-06-28,39.0,Washington,Shooting Guard and Small Forward,Right,Louisville,4,2009.0,1.0,11.0,New Jersey Nets,w/willite01.html
5263,Travis Williams,1997-98,1998-99,198.0,97.0,1969-05-27,57.0,South Carolina,Small Forward,Left,South Carolina State,2,,,,,w/willitr01.html
5264,Troy Williams,2016-17,2018-19,201.0,98.0,1994-12-30,31.0,Virginia,Small Forward,Right,Indiana,3,,,,,w/willitr02.html
5265,Vince Williams Jr.,2022-23,2025-26,193.0,92.0,2000-08-30,25.0,Ohio,Shooting Guard and Point Guard,Left,VCU,4,2022.0,2.0,17.0,Memphis Grizzlies,w/willivi01.html
5266,Walt Williams,1992-93,2002-03,203.0,99.0,1970-04-16,56.0,District of Columbia,Small Forward,Right,Maryland,11,1992.0,1.0,7.0,Sacramento Kings,w/williwa02.html
5268,Willie Williams,1970-71,1970-71,201.0,90.0,1946-07-28,79.0,United States,Forward,Right,Miami-Dade College,1,1970.0,3.0,4.0,Boston Celtics,w/williwi01.html
5269,Ziaire Williams,2021-22,2025-26,206.0,83.0,2001-09-12,24.0,California,Small Forward,Right,Stanford,5,2021.0,1.0,10.0,New Orleans Pelicans,w/willizi02.html
5270,Nigel Williams-Goss,2019-20,2019-20,188.0,86.0,1994-09-16,31.0,Oregon,Point Guard,Right,Gonzaga,1,2017.0,2.0,25.0,Utah Jazz,w/willini01.html
5271,Corliss Williamson,1995-96,2006-07,201.0,111.0,1973-12-04,52.0,Arkansas,Small Forward and Power Forward,Right,Arkansas,12,1995.0,1.0,13.0,Sacramento Kings,w/willico02.html
5272,John Williamson,1976-77,1980-81,188.0,83.0,1951-11-10,74.0,Connecticut,Shooting Guard,Right,New Mexico State,5,1973.0,6.0,10.0,Atlanta Hawks,w/willijo01.html
5273,Lucas Williamson,2025-26,2025-26,193.0,92.0,1999-01-28,27.0,Illinois,Shooting Guard,Right,Loyola Chicago,1,,,,,w/willilu01.html
5274,Zion Williamson,2019-20,2025-26,198.0,128.0,2000-07-06,26.0,North Carolina,Power Forward,Left,Duke,6,2019.0,1.0,1.0,New Orleans Pelicans,w/willizi01.html
5276,Kevin Willis,1984-85,2006-07,213.0,99.0,1962-09-06,63.0,California,Power Forward and Center,Right,Michigan State,21,1984.0,1.0,11.0,Atlanta Hawks,w/willike02.html
5277,Bill Willoughby,1975-76,1983-84,203.0,92.0,1957-05-20,69.0,New Jersey,Small Forward,Right,,8,1975.0,2.0,1.0,Atlanta Hawks,w/willobi01.html
5278,Dedric Willoughby,1999-00,1999-00,190.0,81.0,1974-05-27,52.0,Louisiana,Point Guard,Right,New Orleans,1,,,,,w/willode01.html
5279,Bob Wilson,1951-52,1951-52,193.0,83.0,1926-03-08,100.0,West Virginia,Point Guard,Right,West Virginia State University,1,,,,,w/wilsobo01.html
5281,Bobby Wilson,1974-75,1977-78,190.0,79.0,1951-01-15,75.0,Indiana,Shooting Guard,Right,Wichita State,4,1974.0,3.0,16.0,Chicago Bulls,w/wilsobo03.html
5282,Bubba Wilson,1979-80,1979-80,190.0,79.0,1955-08-07,70.0,North Carolina,Shooting Guard,Right,Western Carolina University,1,1978.0,5.0,13.0,Golden State Warriors,w/wilsobu01.html
5283,D.J. Wilson,2017-18,2023-24,208.0,104.0,1996-02-19,30.0,California,Power Forward,Right,Michigan,6,2017.0,1.0,17.0,Milwaukee Bucks,w/wilsodj01.html
5284,George Wilson,1964-65,1970-71,203.0,102.0,1942-05-09,84.0,Mississippi,Center and Power Forward,Right,Cincinnati,7,1964.0,1.0,8.0,Cincinnati Royals,w/wilsoge01.html
5285,Isaiah Wilson,1971-72,1971-72,188.0,79.0,1948-05-31,78.0,Pennsylvania,Shooting Guard,Right,University of Baltimore,1,1971.0,2.0,12.0,Detroit Pistons,w/wilsois01.html
5286,Jalen Wilson,2023-24,2025-26,198.0,99.0,2000-11-04,25.0,Texas,Power Forward,Right,Kansas,3,2023.0,2.0,21.0,Brooklyn Nets,w/wilsoja03.html
5287,Jamil Wilson,2017-18,2017-18,201.0,103.0,1990-11-21,35.0,Wisconsin,Small Forward,Right,Oregon,1,,,,,w/wilsoja02.html
5290,Michael Wilson,1983-84,1986-87,193.0,79.0,1959-09-15,66.0,Tennessee,Shooting Guard and Point Guard,Right,Marquette,3,1982.0,3.0,1.0,Cleveland Cavaliers,w/wilsomi01.html
5291,Nikita Wilson,1987-88,1987-88,203.0,90.0,1964-02-25,62.0,Louisiana,Small Forward,Right,LSU,1,1987.0,2.0,7.0,Portland Trail Blazers,w/wilsoni01.html
5292,Othell Wilson,1984-85,1986-87,183.0,86.0,1961-10-26,64.0,Virginia,Point Guard,Right,Virginia,2,1984.0,2.0,11.0,Golden State Warriors,w/wilsoot01.html
5293,Rick Wilson,1978-79,1979-80,196.0,90.0,1956-02-07,70.0,Kentucky,Shooting Guard,Right,Louisville,2,1978.0,2.0,3.0,Atlanta Hawks,w/wilsori01.html
5294,Ricky Wilson,1987-88,1987-88,190.0,88.0,1964-07-16,62.0,Virginia,Point Guard,Right,George Mason,1,1986.0,3.0,5.0,Chicago Bulls,w/wilsori02.html
5296,Trevor Wilson,1990-91,1995-96,201.0,95.0,1968-03-16,58.0,California,Power Forward,Right,UCLA,4,1990.0,2.0,9.0,Atlanta Hawks,w/wilsotr01.html
5297,Kyle Wiltjer,2016-17,2016-17,208.0,108.0,1992-10-20,33.0,Oregon,Power Forward,Right,Kentucky,1,,,,,w/wiltjky01.html
5298,Kennard Winchester,1990-91,1992-93,196.0,95.0,1966-09-03,59.0,Maryland,Shooting Guard and Small Forward,Right,James Madison University,3,,,,,w/winchke01.html
5299,Tony Windis,1959-60,1959-60,185.0,72.0,1933-01-27,93.0,New York,Point Guard,Right,Wyoming,1,1959.0,5.0,2.0,Detroit Pistons,w/windito01.html
5300,Dylan Windler,2020-21,2023-24,201.0,88.0,1996-09-22,29.0,Indiana,Small Forward,Left,Belmont,4,2019.0,1.0,26.0,Cleveland Cavaliers,w/windldy01.html
5301,John Windsor,1963-64,1963-64,203.0,97.0,1940-04-03,86.0,California,Power Forward,Right,Stanford,1,1962.0,5.0,5.0,Syracuse Nationals,w/windsjo01.html
5302,Lee Winfield,1969-70,1975-76,188.0,78.0,1947-02-04,79.0,Missouri,Point Guard,Right,University of North Texas,7,1969.0,3.0,3.0,Seattle SuperSonics,w/winfile01.html
5303,David Wingate,1986-87,2000-01,196.0,83.0,1963-12-15,62.0,Maryland,Shooting Guard and Small Forward,Right,Georgetown,15,1986.0,2.0,20.0,Philadelphia 76ers,w/wingada01.html
5304,Dontonio Wingfield,1994-95,1997-98,203.0,116.0,1974-06-23,52.0,Georgia,Small Forward,Right,Cincinnati,4,1994.0,2.0,10.0,Seattle SuperSonics,w/wingfdo01.html
5305,Harthorne Wingo,1972-73,1975-76,198.0,95.0,1947-09-09,78.0,North Carolina,Power Forward,Right,Friendship Junior College,4,,,,,w/wingoha01.html
5306,Marv Winkler,1970-71,1970-71,185.0,74.0,1948-02-18,78.0,Indiana,Shooting Guard,Right,Louisiana,1,1970.0,3.0,16.0,Milwaukee Bucks,w/winklma01.html
5307,Justise Winslow,2015-16,2022-23,198.0,100.0,1996-03-26,30.0,Texas,"Power Forward, Small Forward, and Shooting Guard",Left,Duke,8,2015.0,1.0,10.0,Miami Heat,w/winslju01.html
5308,Rickie Winslow,1987-88,1987-88,203.0,102.0,1964-07-26,61.0,Texas,Small Forward,Right,Houston,1,1987.0,2.0,5.0,Chicago Bulls,w/winslri01.html
5309,Cassius Winston,2020-21,2021-22,185.0,83.0,1998-02-28,28.0,Michigan,Point Guard,Right,Michigan State,2,2020.0,2.0,23.0,Oklahoma City Thunder,w/winstca01.html
5310,Trevor Winter,1998-99,1998-99,213.0,124.0,1974-01-07,52.0,Minnesota,Center,Right,Minnesota,1,,,,,w/wintetr01.html
5311,Brian Winters,1974-75,1982-83,193.0,83.0,1952-03-01,74.0,New York,Shooting Guard,Right,South Carolina,9,1974.0,1.0,12.0,Los Angeles Lakers,w/wintebr01.html
5312,Voise Winters,1985-86,1985-86,203.0,90.0,1962-10-12,63.0,Illinois,Small Forward,Right,Bradley,1,1985.0,2.0,20.0,Philadelphia 76ers,w/wintevo01.html
5314,Willie Wise,1976-77,1977-78,196.0,95.0,1947-03-03,79.0,California,Small Forward and Power Forward,Right,City College of San Francisco,2,1969.0,5.0,7.0,San Francisco Warriors,w/wisewi01.html
5315,James Wiseman,2020-21,2025-26,211.0,108.0,2001-03-31,25.0,Tennessee,Center,Left,Memphis,5,2020.0,1.0,2.0,Golden State Warriors,w/wisemja01.html
5316,Jeff Withey,2013-14,2017-18,213.0,104.0,1990-03-07,36.0,California,Center,Right,Kansas,5,2013.0,2.0,9.0,Portland Trail Blazers,w/witheje01.html
5317,Luke Witte,1973-74,1975-76,213.0,106.0,1950-10-19,75.0,Pennsylvania,Center,Left,Ohio State,3,1973.0,4.0,5.0,Cleveland Cavaliers,w/wittelu01.html
5319,Randy Wittman,1983-84,1991-92,198.0,95.0,1959-10-28,66.0,Indiana,Shooting Guard and Small Forward,Right,Indiana,9,1983.0,1.0,22.0,Washington Bullets,w/wittmra01.html
5320,Garry Witts,1981-82,1981-82,201.0,86.0,1959-07-03,67.0,New Jersey,Small Forward,Right,Holy Cross,1,1981.0,5.0,11.0,Washington Bullets,w/wittsga01.html
5321,Dave Wohl,1971-72,1977-78,188.0,83.0,1949-11-02,76.0,New York,Point Guard,Left,Penn,7,1971.0,3.0,11.0,Philadelphia 76ers,w/wohlda01.html
5322,Danny Wolf,2025-26,2025-26,211.0,113.0,2004-05-05,22.0,Illinois,Power Forward,Right,Yale,1,2025.0,1.0,27.0,Brooklyn Nets,w/wolfda01.html
5323,Joe Wolf,1987-88,1998-99,211.0,104.0,1964-12-17,61.0,Wisconsin,Center and Power Forward,Right,UNC,11,1987.0,1.0,13.0,Los Angeles Clippers,w/wolfjo01.html
5324,Rubén Wolkowyski,2000-01,2002-03,208.0,122.0,1973-09-30,52.0,Argentina,Power Forward,Right,,2,,,,,w/wolkoru01.html
5325,Nate Wolters,2013-14,2017-18,193.0,86.0,1991-05-15,35.0,Minnesota,Point Guard,Right,South Dakota State,3,2013.0,2.0,8.0,Washington Wizards,w/woltena01.html
5326,Isaiah Wong,2023-24,2024-25,190.0,83.0,2001-01-28,25.0,New Jersey,Shooting Guard,Right,Miami (FL),2,2023.0,2.0,25.0,Indiana Pacers,w/wongis01.html
5327,Al Wood,1981-82,1986-87,198.0,87.0,1958-06-02,68.0,Georgia,Shooting Guard and Small Forward,Right,UNC,6,1981.0,1.0,4.0,Atlanta Hawks,w/woodal01.html
5328,Bob Wood,1949-50,1949-50,178.0,,1921-10-07,104.0,Wisconsin,Guard,Right,Northern Illinois,1,,,,,w/woodbo01.html
5329,Christian Wood,2015-16,2023-24,203.0,97.0,1995-09-27,30.0,California,Power Forward and Center,Right,UNLV,8,,,,,w/woodch01.html
5330,David Wood,1988-89,1996-97,206.0,102.0,1964-11-30,61.0,Washington,Power Forward and Small Forward,Right,Nevada,7,,,,,w/woodda01.html
5331,Howard Wood,1981-82,1981-82,201.0,106.0,1959-05-20,67.0,New York,Small Forward,Right,Tennessee,1,1981.0,2.0,4.0,Utah Jazz,w/woodho01.html
5332,Leon Wood,1984-85,1990-91,190.0,83.0,1962-03-25,64.0,South Carolina,Point Guard and Shooting Guard,Right,Arizona,6,1984.0,1.0,10.0,Philadelphia 76ers,w/woodle01.html
5333,Robert Woodard II,2020-21,2021-22,198.0,106.0,1999-09-22,26.0,Mississippi,Small Forward,Right,Mississippi State,2,2020.0,2.0,10.0,Memphis Grizzlies,w/woodaro01.html
5334,Loren Woods,2001-02,2007-08,216.0,111.0,1978-06-21,48.0,Missouri,Center,Right,Wake Forest,6,2001.0,2.0,17.0,Minnesota Timberwolves,w/woodslo01.html
5335,Qyntel Woods,2002-03,2005-06,203.0,100.0,1981-02-16,45.0,Tennessee,Small Forward and Power Forward,Right,Northeast Mississippi Community College,4,2002.0,1.0,21.0,Portland Trail Blazers,w/woodsqy01.html
5336,Randy Woods,1992-93,1995-96,178.0,83.0,1970-09-23,55.0,Pennsylvania,Point Guard,Right,La Salle,4,1992.0,1.0,16.0,Los Angeles Clippers,w/woodsra01.html
5338,Mike Woodson,1980-81,1990-91,196.0,88.0,1958-03-24,68.0,Indiana,Shooting Guard,Right,Indiana,11,1980.0,1.0,12.0,New York Knicks,w/woodsmi01.html
5340,Orlando Woolridge,1981-82,1993-94,206.0,97.0,1959-12-16,66.0,Louisiana,Small Forward,Right,Notre Dame,13,1981.0,1.0,6.0,Chicago Bulls,w/woolror01.html
5341,Haywoode Workman,1989-90,1999-00,188.0,81.0,1966-01-23,60.0,North Carolina,Point Guard,Right,Winston-Salem State,8,1989.0,2.0,22.0,Atlanta Hawks,w/workmha01.html
5342,Mark Workman,1952-53,1953-54,206.0,97.0,1930-03-10,96.0,West Virginia,Power Forward,Right,West Virginia,2,1952.0,1.0,1.0,Milwaukee Hawks,w/workmma01.html
5343,Tom Workman,1967-68,1969-70,201.0,98.0,1944-11-14,81.0,Washington,Forward/Center,Right,Seattle University,3,1967.0,1.0,8.0,St. Louis Hawks,w/workmto01.html
5344,Metta World Peace,1999-00,2016-17,201.0,117.0,1979-11-13,46.0,New York,Small Forward,Right,St. John's,17,1999.0,1.0,16.0,Chicago Bulls,a/artesro01.html
5346,Sam Worthen,1980-81,1981-82,196.0,88.0,1958-01-17,68.0,New York,Point Guard,Right,Marquette,2,1980.0,2.0,3.0,Chicago Bulls,w/worthsa01.html
5347,James Worthy,1982-83,1993-94,206.0,102.0,1961-02-27,65.0,North Carolina,Small Forward and Power Forward,Right,UNC,12,1982.0,1.0,1.0,Los Angeles Lakers,w/worthja01.html
5348,Antoine Wright,2005-06,2010-11,201.0,95.0,1984-02-06,42.0,California,Shooting Guard and Small Forward,Right,Texas A&M,6,2005.0,1.0,15.0,New Jersey Nets,w/wrighan01.html
5349,Bracey Wright,2005-06,2006-07,190.0,95.0,1984-07-01,42.0,Texas,Shooting Guard,Right,Indiana,2,2005.0,2.0,17.0,Minnesota Timberwolves,w/wrighbr02.html
5350,Brad Wright,1986-87,1987-88,211.0,102.0,1962-03-26,64.0,California,Power Forward,Right,UCLA,2,1985.0,3.0,2.0,Golden State Warriors,w/wrighbr01.html
5351,Brandan Wright,2007-08,2017-18,208.0,106.0,1987-10-05,38.0,Tennessee,Power Forward and Center,Left,UNC,10,2007.0,1.0,8.0,Charlotte Bobcats,w/wrighbr03.html
5352,Chris Wright,2011-12,2013-14,203.0,102.0,1988-09-30,37.0,Ohio,Small Forward,Right,Dayton,2,,,,,w/wrighch01.html
5353,Chris Wright,2012-13,2012-13,185.0,95.0,1989-11-04,36.0,District of Columbia,Shooting Guard,Right,Georgetown,1,,,,,w/wrighch02.html
5354,Delon Wright,2015-16,2024-25,193.0,83.0,1992-04-26,34.0,California,Point Guard and Shooting Guard,Right,Utah,10,2015.0,1.0,20.0,Toronto Raptors,w/wrighde01.html
5355,Dorell Wright,2004-05,2014-15,206.0,92.0,1985-12-02,40.0,California,Small Forward,Right,,11,2004.0,1.0,19.0,Miami Heat,w/wrighdo01.html
5356,Howard Wright,1990-91,1992-93,203.0,99.0,1967-12-20,58.0,California,Power Forward,Right,Stanford,2,,,,,w/wrighho02.html
5358,Joby Wright,1972-73,1972-73,203.0,99.0,1950-09-05,75.0,United States,Power Forward,Right,Indiana,1,1972.0,2.0,5.0,Seattle SuperSonics,w/wrighjo01.html
5359,Julian Wright,2007-08,2010-11,203.0,102.0,1987-05-20,39.0,Illinois,Small Forward,Right,Kansas,4,2007.0,1.0,13.0,New Orleans/Oklahoma City Hornets,w/wrighju01.html
5360,Larry Wright,1976-77,1981-82,185.0,72.0,1954-11-23,71.0,Louisiana,Point Guard,Right,Grambling State University,6,1976.0,1.0,14.0,Washington Bullets,w/wrighla01.html
5363,Lorenzen Wright,1996-97,2008-09,211.0,102.0,1975-11-04,50.0,Tennessee,Center,Right,Memphis,13,1996.0,1.0,7.0,Los Angeles Clippers,w/wrighlo02.html
5364,Luther Wright,1993-94,1993-94,218.0,122.0,1971-09-22,54.0,New Jersey,Center,Right,Seton Hall,1,1993.0,1.0,18.0,Utah Jazz,w/wrighlu01.html
5365,McKinley Wright IV,2021-22,2022-23,180.0,87.0,1998-10-25,27.0,Minnesota,Point Guard,Right,Colorado,2,,,,,w/wrighmc01.html
5366,Moses Wright,2021-22,2021-22,203.0,102.0,1998-12-23,27.0,North Carolina,Power Forward,Right,Georgia Tech,1,,,,,w/wrighmo01.html
5367,Sharone Wright,1994-95,1997-98,211.0,117.0,1973-01-30,53.0,Georgia,Center,Right,Clemson,4,1994.0,1.0,6.0,Philadelphia 76ers,w/wrighsh01.html
5368,Justin Wright-Foreman,2019-20,2019-20,183.0,86.0,1997-10-27,28.0,New York,Point Guard,Left,Hofstra,1,2019.0,2.0,23.0,Utah Jazz,w/wrighju02.html
5369,Tony Wroten,2012-13,2015-16,198.0,92.0,1993-04-13,33.0,Washington,Point Guard and Shooting Guard,Left,Washington,4,2012.0,1.0,25.0,Memphis Grizzlies,w/wroteto01.html
5371,A.J. Wynder,1990-91,1990-91,188.0,81.0,1964-09-11,61.0,New York,Point Guard,Right,UMass,1,,,,,w/wyndeaj01.html
5372,Guerschon Yabusele,2017-18,2025-26,201.0,120.0,1995-12-17,30.0,France,Center and Power Forward,Right,,4,2016.0,1.0,16.0,Boston Celtics,y/yabusgu01.html
5373,Vincent Yarbrough,2002-03,2002-03,201.0,95.0,1981-03-21,45.0,Tennessee,Shooting Guard,Right,Tennessee,1,2002.0,2.0,4.0,Denver Nuggets,y/yarbrvi01.html
5374,George Yardley,1953-54,1959-60,196.0,86.0,1928-11-03,97.0,California,Small Forward,Right,Stanford,7,1950.0,1.0,8.0,Fort Wayne Pistons,y/yardlge01.html
5375,Barry Yates,1971-72,1971-72,201.0,97.0,1946-01-30,80.0,Iowa,Power Forward,Right,Maryland,1,1971.0,8.0,12.0,Philadelphia 76ers,y/yatesba01.html
5376,Wayne Yates,1961-62,1961-62,203.0,106.0,1937-11-07,88.0,Arkansas,Center,Right,Memphis,1,1961.0,1.0,5.0,Los Angeles Lakers,y/yateswa01.html
5377,Charlie Yelverton,1971-72,1971-72,188.0,86.0,1948-12-05,77.0,New York,Shooting Guard,Right,Fordham,1,1971.0,2.0,8.0,Portland Trail Blazers,y/yelvech01.html
5378,Rich Yonakor,1981-82,1981-82,206.0,99.0,1958-10-03,67.0,Ohio,Power Forward,Left,UNC,1,1980.0,3.0,15.0,San Antonio Spurs,y/yonakri01.html
5379,Gabe York,2021-22,2022-23,190.0,83.0,1993-08-02,32.0,California,Shooting Guard,Right,Arizona,2,,,,,y/yorkga01.html
5380,Danny Young,1984-85,1994-95,190.0,79.0,1962-07-26,63.0,North Carolina,Point Guard,Right,Wake Forest,10,1984.0,2.0,15.0,Seattle SuperSonics,y/youngda01.html
5381,Jahmir Young,2024-25,2025-26,183.0,83.0,2000-10-07,25.0,Maryland,Point Guard,Left,UNC Charlotte,2,,,,,y/youngja05.html
5382,James Young,2014-15,2017-18,198.0,97.0,1995-08-16,30.0,Michigan,Shooting Guard,Left,Kentucky,4,2014.0,1.0,17.0,Boston Celtics,y/youngja01.html
5383,Joe Young,2015-16,2017-18,188.0,83.0,1992-06-27,34.0,Texas,Point Guard,Right,Houston,3,2015.0,2.0,13.0,Indiana Pacers,y/youngjo01.html
5384,Korleone Young,1998-99,1998-99,201.0,96.0,1978-12-31,47.0,Kansas,Small Forward,Right,,1,1998.0,2.0,11.0,Detroit Pistons,y/youngko01.html
5385,Michael Young,1984-85,1989-90,201.0,99.0,1961-01-02,65.0,Texas,Small Forward,Left,Houston,3,1984.0,1.0,24.0,Boston Celtics,y/youngmi01.html
5386,Nick Young,2007-08,2018-19,201.0,95.0,1985-06-01,41.0,California,Shooting Guard,Right,USC,12,2007.0,1.0,16.0,Washington Wizards,y/youngni01.html
5387,Perry Young,1986-87,1986-87,196.0,95.0,1963-08-04,62.0,Maryland,Shooting Guard,Right,Virginia Tech,1,1985.0,3.0,14.0,Portland Trail Blazers,y/youngpe01.html
5388,Sam Young,2009-10,2012-13,198.0,99.0,1985-06-01,41.0,District of Columbia,Small Forward and Shooting Guard,Right,Pitt,4,2009.0,2.0,6.0,Memphis Grizzlies,y/youngsa01.html
5389,Thaddeus Young,2007-08,2023-24,203.0,102.0,1988-06-21,38.0,Louisiana,Power Forward,Left,Georgia Tech,17,2007.0,1.0,12.0,Philadelphia 76ers,y/youngth01.html
5390,Tim Young,1999-00,1999-00,218.0,113.0,1976-02-06,50.0,California,Center,Right,Stanford,1,1999.0,2.0,27.0,Golden State Warriors,y/youngti01.html
5391,Trae Young,2018-19,2025-26,188.0,74.0,1998-09-19,27.0,Texas,Point Guard,Right,Oklahoma,8,2018.0,1.0,5.0,Dallas Mavericks,y/youngtr01.html
5392,Chris Youngblood,2025-26,2025-26,193.0,100.0,2002-02-09,24.0,Alabama,Shooting Guard,Right,Kennesaw State University,1,,,,,y/youngch01.html
5393,Sun Yue,2008-09,2008-09,206.0,92.0,1985-11-06,40.0,China,Shooting Guard,Left,,1,2007.0,2.0,10.0,Los Angeles Lakers,y/yuesu01.html
5394,Omer Yurtseven,2021-22,2025-26,211.0,124.0,1998-06-19,28.0,Uzbekistan,Center,Right,NC State,4,,,,,y/yurtsom01.html
5395,Max Zaslofsky,1949-50,1955-56,188.0,77.0,1925-12-07,100.0,New York,Shooting Guard,Right,St. John's,7,,,,,z/zasloma01.html
5396,Zeke Zawoluk,1952-53,1954-55,201.0,97.0,1930-10-13,95.0,New York,Power Forward and Small Forward,Right,St. John's,3,1952.0,2.0,,Indianapolis Olympians,z/zawolze01.html
5397,Cody Zeller,2013-14,2023-24,211.0,108.0,1992-10-05,33.0,Indiana,Center,Right,Indiana,11,2013.0,1.0,4.0,Charlotte Bobcats,z/zelleco01.html
5398,Dave Zeller,1961-62,1961-62,185.0,79.0,1939-06-08,87.0,Ohio,Point Guard,Right,Miami University,1,1961.0,7.0,2.0,Cincinnati Royals,z/zelleda01.html
5399,Gary Zeller,1970-71,1971-72,190.0,92.0,1947-11-20,78.0,Kansas,Shooting Guard,Right,University of North Texas,2,1970.0,5.0,15.0,Baltimore Bullets,z/zellega01.html
5401,Luke Zeller,2012-13,2012-13,211.0,111.0,1987-04-07,39.0,Iowa,Center,Right,Notre Dame,1,,,,,z/zellelu01.html
5402,Tyler Zeller,2012-13,2019-20,213.0,114.0,1990-01-17,36.0,California,Center,Right,UNC,8,2012.0,1.0,17.0,Dallas Mavericks,z/zellety01.html
5403,Tony Zeno,1979-80,1979-80,203.0,95.0,1957-10-01,68.0,Louisiana,Small Forward,Right,Arizona State,1,1979.0,2.0,10.0,Indiana Pacers,z/zenoto01.html
5404,Phil Zevenbergen,1987-88,1987-88,208.0,104.0,1964-04-13,62.0,Washington,Center,Right,Seattle Pacific University,1,1987.0,3.0,4.0,San Antonio Spurs,z/zevenph01.html
5405,Wang Zhizhi,2000-01,2004-05,213.0,115.0,1977-07-08,49.0,China,Center,Left,,5,1999.0,2.0,7.0,Dallas Mavericks,z/zhizhwa01.html
5406,George Zídek,1995-96,1997-98,213.0,113.0,1973-08-02,52.0,Czechia,Center,Right,UCLA,3,1995.0,1.0,22.0,Charlotte Hornets,z/zidekge01.html
5407,Rocco Zikarsky,2025-26,2025-26,221.0,102.0,2006-07-11,20.0,Australia,Center,Left,,1,2025.0,2.0,15.0,Chicago Bulls,z/zikarro01.html
5408,Derrick Zimmerman,2005-06,2005-06,190.0,88.0,1981-12-02,44.0,Louisiana,Point Guard,Right,Mississippi State,1,2003.0,2.0,11.0,Golden State Warriors,z/zimmede01.html
5409,Stephen Zimmerman,2016-17,2016-17,213.0,108.0,1996-09-09,29.0,Tennessee,Center,Left,UNLV,1,2016.0,2.0,11.0,Orlando Magic,z/zimmest01.html
5410,Paul Zipser,2016-17,2017-18,203.0,102.0,1994-02-18,32.0,Germany,Small Forward,Right,,2,2016.0,2.0,18.0,Chicago Bulls,z/zipsepa01.html
5411,Ante Žižić,2017-18,2019-20,208.0,120.0,1997-01-04,29.0,Croatia,Center,Right,,3,2016.0,1.0,23.0,Boston Celtics,z/zizican01.html
5412,Jim Zoet,1982-83,1982-83,216.0,108.0,1953-12-20,72.0,Ontario,Center,Right,Kent State University,1,,,,,z/zoetji01.html
5413,Bill Zopf,1970-71,1970-71,185.0,77.0,1948-06-07,78.0,Pennsylvania,Point Guard,Right,Duquesne,1,1970.0,2.0,16.0,Milwaukee Bucks,z/zopfbi01.html
5414,Ivica Zubac,2016-17,2025-26,213.0,108.0,1997-03-18,29.0,Bosnia and Herzegovina,Center,Right,,10,2016.0,2.0,2.0,Los Angeles Lakers,z/zubaciv01.html