season,player_name,position,current_team,destination_team,current_standing,destination_standing,player_rating,destination_player_rating,team_improvement,player_gap,acceptance_score,recommendation_score
2025,A.J. Green,SG,Milwaukee Bucks,Oklahoma City Thunder,11,1,-0.014,1.265,1.406,1.279,0.825,1.174
2025,A.J. Green,SG,Milwaukee Bucks,Cleveland Cavaliers,11,2,-0.014,1.342,1.075,1.356,0.816,0.972
2025,A.J. Green,SG,Milwaukee Bucks,Boston Celtics,11,3,-0.014,0.808,0.977,0.822,0.884,0.94
2025,A.J. Green,SG,Milwaukee Bucks,Houston Rockets,11,4,-0.014,0.724,0.493,0.738,0.895,0.654
2025,A.J. Green,SG,Milwaukee Bucks,New York Knicks,11,5,-0.014,0.807,0.386,0.821,0.884,0.585
2025,A.J. Green,SG,Milwaukee Bucks,Indiana Pacers,11,6,-0.014,0.275,0.227,0.289,0.958,0.519
2025,A.J. Green,SG,Milwaukee Bucks,Los Angeles Clippers,11,9,-0.014,1.026,0.265,1.04,0.856,0.501
2025,A.J. Green,SG,Milwaukee Bucks,Denver Nuggets,11,8,-0.014,0.812,0.213,0.826,0.884,0.481
2025,A.J. Green,SG,Milwaukee Bucks,Minnesota Timberwolves,11,10,-0.014,1.353,0.206,1.367,0.815,0.449
2025,A.J. Green,SG,Milwaukee Bucks,Los Angeles Lakers,11,7,-0.014,1.047,0.135,1.061,0.853,0.422
2025,A.J. Green,SG,Milwaukee Bucks,Golden State Warriors,11,12,-0.014,0.448,0.013,0.462,0.933,0.381
2025,A.J. Green,SG,Milwaukee Bucks,Memphis Grizzlies,11,13,-0.014,0.996,0.028,1.009,0.859,0.361
2025,A.J. Lawson,SG,Toronto Raptors,Oklahoma City Thunder,24,1,0.025,1.265,2.681,1.24,0.83,1.941
2025,A.J. Lawson,SG,Toronto Raptors,Cleveland Cavaliers,24,2,0.025,1.342,2.35,1.317,0.821,1.738
2025,A.J. Lawson,SG,Toronto Raptors,Boston Celtics,24,3,0.025,0.808,2.251,0.783,0.889,1.706
2025,A.J. Lawson,SG,Toronto Raptors,Houston Rockets,24,4,0.025,0.724,1.768,0.699,0.9,1.421
2025,A.J. Lawson,SG,Toronto Raptors,New York Knicks,24,5,0.025,0.807,1.66,0.782,0.889,1.352
2025,A.J. Lawson,SG,Toronto Raptors,Indiana Pacers,24,6,0.025,0.275,1.501,0.25,0.963,1.286
2025,A.J. Lawson,SG,Toronto Raptors,Los Angeles Clippers,24,9,0.025,1.026,1.539,1.001,0.861,1.268
2025,A.J. Lawson,SG,Toronto Raptors,Denver Nuggets,24,8,0.025,0.812,1.487,0.787,0.889,1.248
2025,A.J. Lawson,SG,Toronto Raptors,Minnesota Timberwolves,24,10,0.025,1.353,1.48,1.328,0.819,1.216
2025,A.J. Lawson,SG,Toronto Raptors,Los Angeles Lakers,24,7,0.025,1.047,1.409,1.022,0.858,1.189
2025,A.J. Lawson,SG,Toronto Raptors,Golden State Warriors,24,12,0.025,0.448,1.287,0.423,0.939,1.148
2025,A.J. Lawson,SG,Toronto Raptors,Memphis Grizzlies,24,13,0.025,0.996,1.302,0.971,0.865,1.127
2025,A.J. Lawson,SG,Toronto Raptors,Milwaukee Bucks,24,11,0.025,0.683,1.274,0.658,0.906,1.127
2025,A.J. Lawson,SG,Toronto Raptors,Detroit Pistons,24,14,0.025,2.249,1.037,2.224,0.716,0.909
2025,A.J. Lawson,SG,Toronto Raptors,Orlando Magic,24,15,0.025,0.142,0.856,0.117,0.983,0.907
2025,A.J. Lawson,SG,Toronto Raptors,Sacramento Kings,24,17,0.025,0.908,0.73,0.883,0.876,0.788
2025,A.J. Lawson,SG,Toronto Raptors,Atlanta Hawks,24,16,0.025,1.001,0.698,0.976,0.864,0.764
2025,A.J. Lawson,SG,Toronto Raptors,Chicago Bulls,24,18,0.025,0.842,0.576,0.817,0.885,0.7
2025,A.J. Lawson,SG,Toronto Raptors,Miami Heat,24,20,0.025,1.223,0.572,1.198,0.835,0.678
2025,A.J. Lawson,SG,Toronto Raptors,Dallas Mavericks,24,19,0.025,1.335,0.547,1.31,0.822,0.657
2025,A.J. Lawson,SG,Toronto Raptors,Portland Trail Blazers,24,22,0.025,0.782,0.281,0.757,0.893,0.526
2025,A.J. Lawson,SG,Toronto Raptors,Phoenix Suns,24,21,0.025,1.298,0.277,1.273,0.826,0.497
2025,A.J. Lawson,SG,Toronto Raptors,San Antonio Spurs,24,23,0.025,0.668,0.184,0.643,0.908,0.473
2025,Aaron Gordon,PF,Denver Nuggets,Oklahoma City Thunder,8,1,0.4,0.795,1.194,0.395,0.942,1.093
2025,Aaron Gordon,PF,Denver Nuggets,Cleveland Cavaliers,8,2,0.4,1.717,0.863,1.317,0.821,0.846
2025,Aaron Gordon,PF,Denver Nuggets,Boston Celtics,8,3,0.4,1.509,0.764,1.109,0.847,0.797
2025,Aaron Gordon,PF,Denver Nuggets,Houston Rockets,8,4,0.4,0.863,0.28,0.463,0.933,0.541
2025,Aaron Gordon,PF,Denver Nuggets,New York Knicks,8,5,0.4,0.825,0.173,0.425,0.938,0.479
2025,Aaron Gordon,PF,Denver Nuggets,Los Angeles Clippers,8,9,0.4,-0.25,0.052,0,1,0.431
2025,Aaron Gordon,PF,Denver Nuggets,Indiana Pacers,8,6,0.4,0.96,0.014,0.56,0.919,0.376
2025,Aaron Holiday,PG,Houston Rockets,Oklahoma City Thunder,4,1,-0.358,1.646,0.913,2.004,0.74,0.844
2025,Aaron Holiday,PG,Houston Rockets,Cleveland Cavaliers,4,2,-0.358,0.908,0.582,1.266,0.827,0.68
2025,Aaron Holiday,PG,Houston Rockets,Boston Celtics,4,3,-0.358,0.432,0.484,0.789,0.888,0.646
2025,Aaron Nesmith,SF,Indiana Pacers,Oklahoma City Thunder,6,1,0.363,0.332,1.18,0,1,1.108
2025,Aaron Nesmith,SF,Indiana Pacers,Cleveland Cavaliers,6,2,0.363,0.475,0.849,0.112,0.983,0.902
2025,Aaron Nesmith,SF,Indiana Pacers,Boston Celtics,6,3,0.363,1.283,0.75,0.92,0.871,0.798
2025,Aaron Nesmith,SF,Indiana Pacers,Houston Rockets,6,4,0.363,1.573,0.266,1.21,0.834,0.493
2025,Aaron Nesmith,SF,Indiana Pacers,New York Knicks,6,5,0.363,0.764,0.159,0.401,0.942,0.472
2025,Aaron Nesmith,SF,Indiana Pacers,Los Angeles Clippers,6,9,0.363,1.392,0.038,1.029,0.857,0.365
2025,Adama Sanogo,C,Chicago Bulls,Oklahoma City Thunder,18,1,-0.876,1.018,2.105,1.893,0.753,1.564
2025,Adama Sanogo,C,Chicago Bulls,Cleveland Cavaliers,18,2,-0.876,0.96,1.774,1.835,0.759,1.368
2025,Adama Sanogo,C,Chicago Bulls,Boston Celtics,18,3,-0.876,0.929,1.675,1.805,0.763,1.31
2025,Adama Sanogo,C,Chicago Bulls,Houston Rockets,18,4,-0.876,0.807,1.191,1.683,0.777,1.026
2025,Adama Sanogo,C,Chicago Bulls,New York Knicks,18,5,-0.876,1.332,1.084,2.208,0.718,0.938
2025,Adama Sanogo,C,Chicago Bulls,Los Angeles Clippers,18,9,-0.876,1.266,0.963,2.141,0.725,0.868
2025,Adama Sanogo,C,Chicago Bulls,Indiana Pacers,18,6,-0.876,0.754,0.925,1.63,0.783,0.868
2025,Adama Sanogo,C,Chicago Bulls,Minnesota Timberwolves,18,10,-0.876,1.008,0.904,1.883,0.754,0.844
2025,Adama Sanogo,C,Chicago Bulls,Denver Nuggets,18,8,-0.876,1.827,0.911,2.703,0.667,0.813
2025,Adama Sanogo,C,Chicago Bulls,Golden State Warriors,18,12,-0.876,-0.087,0.711,0.789,0.888,0.782
2025,Adama Sanogo,C,Chicago Bulls,Los Angeles Lakers,18,7,-0.876,1.908,0.833,2.784,0.659,0.763
2025,Adama Sanogo,C,Chicago Bulls,Memphis Grizzlies,18,13,-0.876,0.773,0.726,1.649,0.781,0.748
2025,Adama Sanogo,C,Chicago Bulls,Milwaukee Bucks,18,11,-0.876,0.498,0.698,1.374,0.814,0.744
2025,Adama Sanogo,C,Chicago Bulls,Detroit Pistons,18,14,-0.876,0.988,0.461,1.863,0.756,0.579
2025,Adama Sanogo,C,Chicago Bulls,Orlando Magic,18,15,-0.876,0.455,0.28,1.33,0.819,0.496
2025,Adama Sanogo,C,Chicago Bulls,Atlanta Hawks,18,16,-0.876,0.616,0.122,1.492,0.8,0.393
2025,Adama Sanogo,C,Chicago Bulls,Sacramento Kings,18,17,-0.876,1.198,0.154,2.074,0.733,0.385
2025,Adem Bona,C,Philadelphia 76ers,Oklahoma City Thunder,26,1,0.171,1.018,3.024,0.847,0.881,2.166
2025,Adem Bona,C,Philadelphia 76ers,Cleveland Cavaliers,26,2,0.171,0.96,2.693,0.789,0.888,1.971
2025,Adem Bona,C,Philadelphia 76ers,Boston Celtics,26,3,0.171,0.929,2.594,0.758,0.892,1.914
2025,Adem Bona,C,Philadelphia 76ers,Houston Rockets,26,4,0.171,0.807,2.11,0.637,0.909,1.63
2025,Adem Bona,C,Philadelphia 76ers,New York Knicks,26,5,0.171,1.332,2.003,1.162,0.84,1.538
2025,Adem Bona,C,Philadelphia 76ers,Indiana Pacers,26,6,0.171,0.754,1.844,0.584,0.916,1.473
2025,Adem Bona,C,Philadelphia 76ers,Los Angeles Clippers,26,9,0.171,1.266,1.882,1.095,0.849,1.469
2025,Adem Bona,C,Philadelphia 76ers,Minnesota Timberwolves,26,10,0.171,1.008,1.823,0.837,0.882,1.447
2025,Adem Bona,C,Philadelphia 76ers,Denver Nuggets,26,8,0.171,1.827,1.83,1.657,0.78,1.41
2025,Adem Bona,C,Philadelphia 76ers,Golden State Warriors,26,12,0.171,-0.087,1.63,0,1,1.378
2025,Adem Bona,C,Philadelphia 76ers,Los Angeles Lakers,26,7,0.171,1.908,1.752,1.737,0.771,1.36
2025,Adem Bona,C,Philadelphia 76ers,Memphis Grizzlies,26,13,0.171,0.773,1.645,0.603,0.914,1.353
2025,Adem Bona,C,Philadelphia 76ers,Milwaukee Bucks,26,11,0.171,0.498,1.617,0.328,0.952,1.351
2025,Adem Bona,C,Philadelphia 76ers,Detroit Pistons,26,14,0.171,0.988,1.38,0.817,0.885,1.182
2025,Adem Bona,C,Philadelphia 76ers,Orlando Magic,26,15,0.171,0.455,1.199,0.284,0.958,1.103
2025,Adem Bona,C,Philadelphia 76ers,Atlanta Hawks,26,16,0.171,0.616,1.041,0.446,0.935,0.999
2025,Adem Bona,C,Philadelphia 76ers,Sacramento Kings,26,17,0.171,1.198,1.073,1.027,0.857,0.987
2025,Adem Bona,C,Philadelphia 76ers,Miami Heat,26,20,0.171,0.612,0.915,0.442,0.936,0.924
2025,Adem Bona,C,Philadelphia 76ers,Chicago Bulls,26,18,0.171,0.827,0.919,0.656,0.906,0.914
2025,Adem Bona,C,Philadelphia 76ers,Dallas Mavericks,26,19,0.171,1.114,0.89,0.944,0.868,0.881
2025,Adem Bona,C,Philadelphia 76ers,Phoenix Suns,26,21,0.171,0.34,0.62,0.17,0.975,0.762
2025,Adem Bona,C,Philadelphia 76ers,Portland Trail Blazers,26,22,0.171,0.7,0.624,0.53,0.924,0.744
2025,Adem Bona,C,Philadelphia 76ers,San Antonio Spurs,26,23,0.171,2.35,0.526,2.179,0.721,0.604
2025,Adem Bona,C,Philadelphia 76ers,Toronto Raptors,26,24,0.171,0.899,0.343,0.728,0.897,0.564
2025,Adem Bona,C,Philadelphia 76ers,Brooklyn Nets,26,25,0.171,0.443,0.058,0.273,0.96,0.419
2025,AJ Johnson,SG,Washington Wizards,Oklahoma City Thunder,29,1,-0.267,1.265,3.577,1.532,0.795,2.464
2025,AJ Johnson,SG,Washington Wizards,Cleveland Cavaliers,29,2,-0.267,1.342,3.246,1.609,0.786,2.262
2025,AJ Johnson,SG,Washington Wizards,Boston Celtics,29,3,-0.267,0.808,3.148,1.075,0.851,2.229
2025,AJ Johnson,SG,Washington Wizards,Houston Rockets,29,4,-0.267,0.724,2.664,0.991,0.862,1.943
2025,AJ Johnson,SG,Washington Wizards,New York Knicks,29,5,-0.267,0.807,2.557,1.073,0.851,1.874
2025,AJ Johnson,SG,Washington Wizards,Indiana Pacers,29,6,-0.267,0.275,2.398,0.541,0.922,1.807
2025,AJ Johnson,SG,Washington Wizards,Los Angeles Clippers,29,9,-0.267,1.026,2.436,1.292,0.824,1.791
2025,AJ Johnson,SG,Washington Wizards,Denver Nuggets,29,8,-0.267,0.812,2.384,1.079,0.851,1.771
2025,AJ Johnson,SG,Washington Wizards,Minnesota Timberwolves,29,10,-0.267,1.353,2.377,1.62,0.784,1.74
2025,AJ Johnson,SG,Washington Wizards,Los Angeles Lakers,29,7,-0.267,1.047,2.306,1.314,0.821,1.712
2025,AJ Johnson,SG,Washington Wizards,Golden State Warriors,29,12,-0.267,0.448,2.183,0.715,0.898,1.669
2025,AJ Johnson,SG,Washington Wizards,Memphis Grizzlies,29,13,-0.267,0.996,2.199,1.262,0.828,1.65
2025,AJ Johnson,SG,Washington Wizards,Milwaukee Bucks,29,11,-0.267,0.683,2.171,0.949,0.867,1.649
2025,AJ Johnson,SG,Washington Wizards,Detroit Pistons,29,14,-0.267,2.249,1.933,2.516,0.686,1.434
2025,AJ Johnson,SG,Washington Wizards,Orlando Magic,29,15,-0.267,0.142,1.753,0.408,0.941,1.428
2025,AJ Johnson,SG,Washington Wizards,Sacramento Kings,29,17,-0.267,0.908,1.626,1.175,0.838,1.311
2025,AJ Johnson,SG,Washington Wizards,Atlanta Hawks,29,16,-0.267,1.001,1.594,1.268,0.827,1.287
2025,AJ Johnson,SG,Washington Wizards,Chicago Bulls,29,18,-0.267,0.842,1.473,1.108,0.847,1.222
2025,AJ Johnson,SG,Washington Wizards,Miami Heat,29,20,-0.267,1.223,1.469,1.49,0.8,1.201
2025,AJ Johnson,SG,Washington Wizards,Dallas Mavericks,29,19,-0.267,1.335,1.443,1.602,0.786,1.18
2025,AJ Johnson,SG,Milwaukee Bucks,Oklahoma City Thunder,11,1,-0.482,1.265,1.406,1.747,0.769,1.152
2025,AJ Johnson,SG,Washington Wizards,Portland Trail Blazers,29,22,-0.267,0.782,1.177,1.049,0.854,1.048
2025,AJ Johnson,SG,Washington Wizards,Phoenix Suns,29,21,-0.267,1.298,1.173,1.565,0.791,1.02
2025,AJ Johnson,SG,Washington Wizards,San Antonio Spurs,29,23,-0.267,0.668,1.08,0.934,0.869,0.996
2025,AJ Johnson,SG,Milwaukee Bucks,Cleveland Cavaliers,11,2,-0.482,1.342,1.075,1.824,0.761,0.95
2025,AJ Johnson,SG,Milwaukee Bucks,Boston Celtics,11,3,-0.482,0.808,0.977,1.29,0.824,0.916
2025,AJ Johnson,SG,Washington Wizards,Toronto Raptors,29,24,-0.267,0.479,0.897,0.746,0.894,0.896
2025,AJ Johnson,SG,Washington Wizards,Brooklyn Nets,29,25,-0.267,0.95,0.612,1.216,0.833,0.7
2025,AJ Johnson,SG,Washington Wizards,Philadelphia 76ers,29,26,-0.267,1.127,0.554,1.394,0.811,0.657
2025,AJ Johnson,SG,Milwaukee Bucks,Houston Rockets,11,4,-0.482,0.724,0.493,1.206,0.834,0.63
2025,AJ Johnson,SG,Milwaukee Bucks,New York Knicks,11,5,-0.482,0.807,0.386,1.289,0.824,0.561
2025,AJ Johnson,SG,Washington Wizards,New Orleans Pelicans,29,27,-0.267,0.263,0.276,0.529,0.924,0.535
2025,AJ Johnson,SG,Washington Wizards,Charlotte Hornets,29,28,-0.267,0.355,0.228,0.621,0.911,0.501
2025,AJ Johnson,SG,Milwaukee Bucks,Indiana Pacers,11,6,-0.482,0.275,0.227,0.757,0.893,0.493
2025,AJ Johnson,SG,Milwaukee Bucks,Los Angeles Clippers,11,9,-0.482,1.026,0.265,1.508,0.798,0.478
2025,AJ Johnson,SG,Milwaukee Bucks,Denver Nuggets,11,8,-0.482,0.812,0.213,1.294,0.824,0.457
2025,AJ Johnson,SG,Milwaukee Bucks,Minnesota Timberwolves,11,10,-0.482,1.353,0.206,1.835,0.759,0.427
2025,AJ Johnson,SG,Milwaukee Bucks,Los Angeles Lakers,11,7,-0.482,1.047,0.135,1.529,0.795,0.399
2025,AJ Johnson,SG,Washington Wizards,Utah Jazz,29,30,-0.267,0.696,0.073,0.962,0.866,0.39
2025,AJ Johnson,SG,Milwaukee Bucks,Golden State Warriors,11,12,-0.482,0.448,0.013,0.93,0.87,0.355
2025,AJ Johnson,SG,Milwaukee Bucks,Memphis Grizzlies,11,13,-0.482,0.996,0.028,1.478,0.801,0.337
2025,Al Horford,C,Boston Celtics,Oklahoma City Thunder,3,1,-0.052,1.018,0.429,1.07,0.852,0.598
2025,Al Horford,C,Boston Celtics,Cleveland Cavaliers,3,2,-0.052,0.96,0.098,1.012,0.859,0.403
2025,Alec Burks,SG,Miami Heat,Oklahoma City Thunder,20,1,0.063,1.265,2.108,1.202,0.835,1.599
2025,Alec Burks,SG,Miami Heat,Cleveland Cavaliers,20,2,0.063,1.342,1.777,1.279,0.825,1.397
2025,Alec Burks,SG,Miami Heat,Boston Celtics,20,3,0.063,0.808,1.679,0.745,0.894,1.365
2025,Alec Burks,SG,Miami Heat,Houston Rockets,20,4,0.063,0.724,1.195,0.661,0.906,1.079
2025,Alec Burks,SG,Miami Heat,New York Knicks,20,5,0.063,0.807,1.088,0.744,0.894,1.01
2025,Alec Burks,SG,Miami Heat,Indiana Pacers,20,6,0.063,0.275,0.929,0.212,0.969,0.945
2025,Alec Burks,SG,Miami Heat,Los Angeles Clippers,20,9,0.063,1.026,0.967,0.963,0.866,0.926
2025,Alec Burks,SG,Miami Heat,Denver Nuggets,20,8,0.063,0.812,0.915,0.749,0.894,0.906
2025,Alec Burks,SG,Miami Heat,Minnesota Timberwolves,20,10,0.063,1.353,0.908,1.29,0.824,0.874
2025,Alec Burks,SG,Miami Heat,Los Angeles Lakers,20,7,0.063,1.047,0.837,0.984,0.863,0.847
2025,Alec Burks,SG,Miami Heat,Golden State Warriors,20,12,0.063,0.448,0.714,0.385,0.944,0.806
2025,Alec Burks,SG,Miami Heat,Memphis Grizzlies,20,13,0.063,0.996,0.73,0.932,0.869,0.786
2025,Alec Burks,SG,Miami Heat,Milwaukee Bucks,20,11,0.063,0.683,0.702,0.62,0.911,0.786
2025,Alec Burks,SG,Miami Heat,Detroit Pistons,20,14,0.063,2.249,0.464,2.186,0.72,0.567
2025,Alec Burks,SG,Miami Heat,Orlando Magic,20,15,0.063,0.142,0.284,0.079,0.988,0.566
2025,Alec Burks,SG,Miami Heat,Sacramento Kings,20,17,0.063,0.908,0.157,0.845,0.881,0.447
2025,Alec Burks,SG,Miami Heat,Atlanta Hawks,20,16,0.063,1.001,0.125,0.938,0.869,0.423
2025,Alec Burks,SG,Miami Heat,Chicago Bulls,20,18,0.063,0.842,0.004,0.778,0.89,0.358
2025,Alex Len,C,Sacramento Kings,Oklahoma City Thunder,17,1,-0.79,1.018,1.951,1.807,0.763,1.476
2025,Alex Len,C,Sacramento Kings,Cleveland Cavaliers,17,2,-0.79,0.96,1.62,1.75,0.769,1.28
2025,Alex Len,C,Sacramento Kings,Boston Celtics,17,3,-0.79,0.929,1.521,1.719,0.773,1.222
2025,Alex Len,C,Los Angeles Lakers,Oklahoma City Thunder,7,1,-1.133,1.018,1.271,2.15,0.724,1.053
2025,Alex Len,C,Sacramento Kings,Houston Rockets,17,4,-0.79,0.807,1.038,1.597,0.787,0.937
2025,Alex Len,C,Los Angeles Lakers,Cleveland Cavaliers,7,2,-1.133,0.96,0.94,2.092,0.731,0.856
2025,Alex Len,C,Sacramento Kings,New York Knicks,17,5,-0.79,1.332,0.93,2.122,0.727,0.849
2025,Alex Len,C,Los Angeles Lakers,Boston Celtics,7,3,-1.133,0.929,0.842,2.062,0.734,0.799
2025,Alex Len,C,Sacramento Kings,Indiana Pacers,17,6,-0.79,0.754,0.771,1.544,0.793,0.78
2025,Alex Len,C,Sacramento Kings,Los Angeles Clippers,17,9,-0.79,1.266,0.809,2.056,0.735,0.779
2025,Alex Len,C,Sacramento Kings,Minnesota Timberwolves,17,10,-0.79,1.008,0.75,1.798,0.764,0.756
2025,Alex Len,C,Sacramento Kings,Denver Nuggets,17,8,-0.79,1.827,0.757,2.617,0.675,0.725
2025,Alex Len,C,Sacramento Kings,Golden State Warriors,17,12,-0.79,-0.087,0.557,0.703,0.9,0.694
2025,Alex Len,C,Sacramento Kings,Los Angeles Lakers,17,7,-0.79,1.908,0.68,2.698,0.667,0.675
2025,Alex Len,C,Sacramento Kings,Memphis Grizzlies,17,13,-0.79,0.773,0.573,1.563,0.791,0.66
2025,Alex Len,C,Sacramento Kings,Milwaukee Bucks,17,11,-0.79,0.498,0.544,1.288,0.824,0.656
2025,Alex Len,C,Los Angeles Lakers,Houston Rockets,7,4,-1.133,0.807,0.358,1.94,0.748,0.514
2025,Alex Len,C,Sacramento Kings,Detroit Pistons,17,14,-0.79,0.988,0.307,1.777,0.766,0.491
2025,Alex Len,C,Los Angeles Lakers,New York Knicks,7,5,-1.133,1.332,0.251,2.465,0.691,0.427
2025,Alex Len,C,Sacramento Kings,Orlando Magic,17,15,-0.79,0.455,0.127,1.245,0.83,0.408
2025,Alex Len,C,Los Angeles Lakers,Los Angeles Clippers,7,9,-1.133,1.266,0.13,2.398,0.698,0.357
2025,Alex Len,C,Los Angeles Lakers,Indiana Pacers,7,6,-1.133,0.754,0.092,1.887,0.753,0.356
2025,Alex Len,C,Los Angeles Lakers,Minnesota Timberwolves,7,10,-1.133,1.008,0.071,2.14,0.725,0.333
2025,Alex Len,C,Los Angeles Lakers,Denver Nuggets,7,8,-1.133,1.827,0.078,2.96,0.641,0.303
2025,Alex Reese,PF,Philadelphia 76ers,Oklahoma City Thunder,26,1,-0.025,0.795,3.024,0.82,0.884,2.168
2025,Alex Reese,PF,Philadelphia 76ers,Cleveland Cavaliers,26,2,-0.025,1.717,2.693,1.742,0.77,1.924
2025,Alex Reese,PF,Philadelphia 76ers,Boston Celtics,26,3,-0.025,1.509,2.594,1.534,0.794,1.874
2025,Alex Reese,PF,Philadelphia 76ers,Houston Rockets,26,4,-0.025,0.863,2.11,0.888,0.875,1.616
2025,Alex Reese,PF,Philadelphia 76ers,New York Knicks,26,5,-0.025,0.825,2.003,0.85,0.88,1.554
2025,Alex Reese,PF,Philadelphia 76ers,Los Angeles Clippers,26,9,-0.025,-0.25,1.882,0,1,1.529
2025,Alex Reese,PF,Philadelphia 76ers,Denver Nuggets,26,8,-0.025,0.4,1.83,0.425,0.938,1.473
2025,Alex Reese,PF,Philadelphia 76ers,Indiana Pacers,26,6,-0.025,0.96,1.844,0.985,0.863,1.452
2025,Alex Reese,PF,Philadelphia 76ers,Minnesota Timberwolves,26,10,-0.025,0.731,1.823,0.756,0.893,1.451
2025,Alex Reese,PF,Philadelphia 76ers,Los Angeles Lakers,26,7,-0.025,0.286,1.752,0.311,0.954,1.433
2025,Alex Reese,PF,Philadelphia 76ers,Memphis Grizzlies,26,13,-0.025,0.525,1.645,0.55,0.921,1.356
2025,Alex Reese,PF,Philadelphia 76ers,Golden State Warriors,26,12,-0.025,0.698,1.63,0.723,0.897,1.337
2025,Alex Reese,PF,Philadelphia 76ers,Milwaukee Bucks,26,11,-0.025,2.524,1.617,2.549,0.682,1.243
2025,Alex Reese,PF,Philadelphia 76ers,Detroit Pistons,26,14,-0.025,0.573,1.38,0.598,0.914,1.194
2025,Alex Reese,PF,Philadelphia 76ers,Orlando Magic,26,15,-0.025,1.217,1.199,1.242,0.83,1.052
2025,Alex Reese,PF,Philadelphia 76ers,Sacramento Kings,26,17,-0.025,0.523,1.073,0.548,0.921,1.012
2025,Alex Reese,PF,Philadelphia 76ers,Atlanta Hawks,26,16,-0.025,0.235,1.041,0.26,0.962,1.009
2025,Alex Reese,PF,Philadelphia 76ers,Chicago Bulls,26,18,-0.025,0.411,0.919,0.436,0.937,0.926
2025,Alex Reese,PF,Philadelphia 76ers,Miami Heat,26,20,-0.025,0.861,0.915,0.886,0.876,0.899
2025,Alex Reese,PF,Philadelphia 76ers,Dallas Mavericks,26,19,-0.025,1.939,0.89,1.964,0.745,0.832
2025,Alex Reese,PF,Philadelphia 76ers,Portland Trail Blazers,26,22,-0.025,0.482,0.624,0.507,0.927,0.745
2025,Alex Reese,PF,Philadelphia 76ers,Phoenix Suns,26,21,-0.025,1.486,0.62,1.511,0.797,0.691
2025,Alex Reese,PF,Philadelphia 76ers,San Antonio Spurs,26,23,-0.025,0.484,0.526,0.509,0.927,0.686
2025,Alex Reese,PF,Philadelphia 76ers,Toronto Raptors,26,24,-0.025,1.283,0.343,1.308,0.822,0.534
2025,Alex Reese,PF,Philadelphia 76ers,Brooklyn Nets,26,25,-0.025,0.624,0.058,0.649,0.907,0.398
2025,Alex Sarr,C,Washington Wizards,Oklahoma City Thunder,29,1,0.184,1.018,3.577,0.834,0.882,2.499
2025,Alex Sarr,C,Washington Wizards,Cleveland Cavaliers,29,2,0.184,0.96,3.246,0.776,0.89,2.304
2025,Alex Sarr,C,Washington Wizards,Boston Celtics,29,3,0.184,0.929,3.148,0.745,0.894,2.246
2025,Alex Sarr,C,Washington Wizards,Houston Rockets,29,4,0.184,0.807,2.664,0.623,0.911,1.963
2025,Alex Sarr,C,Washington Wizards,New York Knicks,29,5,0.184,1.332,2.557,1.148,0.842,1.871
2025,Alex Sarr,C,Washington Wizards,Indiana Pacers,29,6,0.184,0.754,2.398,0.57,0.918,1.806
2025,Alex Sarr,C,Washington Wizards,Los Angeles Clippers,29,9,0.184,1.266,2.436,1.082,0.85,1.801
2025,Alex Sarr,C,Washington Wizards,Minnesota Timberwolves,29,10,0.184,1.008,2.377,0.824,0.884,1.78
2025,Alex Sarr,C,Washington Wizards,Denver Nuggets,29,8,0.184,1.827,2.384,1.643,0.782,1.743
2025,Alex Sarr,C,Washington Wizards,Golden State Warriors,29,12,0.184,-0.087,2.183,0,1,1.71
2025,Alex Sarr,C,Washington Wizards,Los Angeles Lakers,29,7,0.184,1.908,2.306,1.724,0.772,1.692
2025,Alex Sarr,C,Washington Wizards,Memphis Grizzlies,29,13,0.184,0.773,2.199,0.589,0.915,1.686
2025,Alex Sarr,C,Washington Wizards,Milwaukee Bucks,29,11,0.184,0.498,2.171,0.314,0.954,1.684
2025,Alex Sarr,C,Washington Wizards,Detroit Pistons,29,14,0.184,0.988,1.933,0.803,0.886,1.515
2025,Alex Sarr,C,Washington Wizards,Orlando Magic,29,15,0.184,0.455,1.753,0.271,0.96,1.436
2025,Alex Sarr,C,Washington Wizards,Atlanta Hawks,29,16,0.184,0.616,1.594,0.432,0.937,1.332
2025,Alex Sarr,C,Washington Wizards,Sacramento Kings,29,17,0.184,1.198,1.626,1.014,0.859,1.319
2025,Alex Sarr,C,Washington Wizards,Miami Heat,29,20,0.184,0.612,1.469,0.428,0.938,1.256
2025,Alex Sarr,C,Washington Wizards,Chicago Bulls,29,18,0.184,0.827,1.473,0.643,0.908,1.247
2025,Alex Sarr,C,Washington Wizards,Dallas Mavericks,29,19,0.184,1.114,1.443,0.93,0.87,1.214
2025,Alex Sarr,C,Washington Wizards,Phoenix Suns,29,21,0.184,0.34,1.173,0.156,0.977,1.095
2025,Alex Sarr,C,Washington Wizards,Portland Trail Blazers,29,22,0.184,0.7,1.177,0.516,0.925,1.077
2025,Alex Sarr,C,Washington Wizards,San Antonio Spurs,29,23,0.184,2.35,1.08,2.166,0.723,0.937
2025,Alex Sarr,C,Washington Wizards,Toronto Raptors,29,24,0.184,0.899,0.897,0.715,0.898,0.897
2025,Alex Sarr,C,Washington Wizards,Brooklyn Nets,29,25,0.184,0.443,0.612,0.259,0.962,0.752
2025,Alex Sarr,C,Washington Wizards,Philadelphia 76ers,29,26,0.184,0.849,0.554,0.665,0.905,0.694
2025,Alex Sarr,C,Washington Wizards,New Orleans Pelicans,29,27,0.184,0.363,0.276,0.179,0.974,0.555
2025,Alex Sarr,C,Washington Wizards,Charlotte Hornets,29,28,0.184,1.081,0.228,0.897,0.874,0.487
2025,Alex Sarr,C,Washington Wizards,Utah Jazz,29,30,0.184,1.536,0.073,1.352,0.816,0.37
2025,Alondes Williams,SG,Detroit Pistons,Oklahoma City Thunder,14,1,2.249,1.265,1.644,0,1,1.386
2025,Alondes Williams,SG,Detroit Pistons,Cleveland Cavaliers,14,2,2.249,1.342,1.313,0,1,1.188
2025,Alondes Williams,SG,Detroit Pistons,Boston Celtics,14,3,2.249,0.808,1.215,0,1,1.129
2025,Alondes Williams,SG,Detroit Pistons,Houston Rockets,14,4,2.249,0.724,0.731,0,1,0.838
2025,Alondes Williams,SG,Detroit Pistons,New York Knicks,14,5,2.249,0.807,0.623,0,1,0.774
2025,Alondes Williams,SG,Detroit Pistons,Los Angeles Clippers,14,9,2.249,1.026,0.502,0,1,0.701
2025,Alondes Williams,SG,Detroit Pistons,Indiana Pacers,14,6,2.249,0.275,0.464,0,1,0.679
2025,Alondes Williams,SG,Detroit Pistons,Denver Nuggets,14,8,2.249,0.812,0.45,0,1,0.67
2025,Alondes Williams,SG,Detroit Pistons,Minnesota Timberwolves,14,10,2.249,1.353,0.443,0,1,0.666
2025,Alondes Williams,SG,Detroit Pistons,Los Angeles Lakers,14,7,2.249,1.047,0.373,0,1,0.624
2025,Alondes Williams,SG,Detroit Pistons,Memphis Grizzlies,14,13,2.249,0.996,0.266,0,1,0.559
2025,Alondes Williams,SG,Detroit Pistons,Golden State Warriors,14,12,2.249,0.448,0.25,0,1,0.55
2025,Alondes Williams,SG,Detroit Pistons,Milwaukee Bucks,14,11,2.249,0.683,0.237,0,1,0.542
2025,Alperen Şengün,C,Houston Rockets,Oklahoma City Thunder,4,1,0.807,1.018,0.913,0.21,0.969,0.936
2025,Alperen Şengün,C,Houston Rockets,Cleveland Cavaliers,4,2,0.807,0.96,0.582,0.152,0.977,0.74
2025,Alperen Şengün,C,Houston Rockets,Boston Celtics,4,3,0.807,0.929,0.484,0.122,0.982,0.683
2025,Amen Thompson,SF,Houston Rockets,Oklahoma City Thunder,4,1,1.573,0.332,0.913,0,1,0.948
2025,Amen Thompson,SF,Houston Rockets,Cleveland Cavaliers,4,2,1.573,0.475,0.582,0,1,0.749
2025,Amen Thompson,SF,Houston Rockets,Boston Celtics,4,3,1.573,1.283,0.484,0,1,0.69
2025,Amir Coffey,SG,Los Angeles Clippers,Oklahoma City Thunder,9,1,0.107,1.265,1.142,1.159,0.84,1.021
2025,Amir Coffey,SG,Los Angeles Clippers,Cleveland Cavaliers,9,2,0.107,1.342,0.811,1.235,0.831,0.819
2025,Amir Coffey,SG,Los Angeles Clippers,Boston Celtics,9,3,0.107,0.808,0.712,0.701,0.9,0.787
2025,Amir Coffey,SG,Los Angeles Clippers,Houston Rockets,9,4,0.107,0.724,0.228,0.617,0.912,0.502
2025,Amir Coffey,SG,Los Angeles Clippers,New York Knicks,9,5,0.107,0.807,0.121,0.7,0.9,0.433
2025,Andre Drummond,C,Philadelphia 76ers,Oklahoma City Thunder,26,1,-0.069,1.018,3.024,1.087,0.85,2.154
2025,Andre Drummond,C,Philadelphia 76ers,Cleveland Cavaliers,26,2,-0.069,0.96,2.693,1.029,0.857,1.958
2025,Andre Drummond,C,Philadelphia 76ers,Boston Celtics,26,3,-0.069,0.929,2.594,0.998,0.861,1.901
2025,Andre Drummond,C,Philadelphia 76ers,Houston Rockets,26,4,-0.069,0.807,2.11,0.877,0.877,1.617
2025,Andre Drummond,C,Philadelphia 76ers,New York Knicks,26,5,-0.069,1.332,2.003,1.402,0.81,1.526
2025,Andre Drummond,C,Philadelphia 76ers,Indiana Pacers,26,6,-0.069,0.754,1.844,0.824,0.884,1.46
2025,Andre Drummond,C,Philadelphia 76ers,Los Angeles Clippers,26,9,-0.069,1.266,1.882,1.335,0.819,1.457
2025,Andre Drummond,C,Philadelphia 76ers,Minnesota Timberwolves,26,10,-0.069,1.008,1.823,1.077,0.851,1.434
2025,Andre Drummond,C,Philadelphia 76ers,Denver Nuggets,26,8,-0.069,1.827,1.83,1.897,0.752,1.399
2025,Andre Drummond,C,Philadelphia 76ers,Golden State Warriors,26,12,-0.069,-0.087,1.63,0,1,1.378
2025,Andre Drummond,C,Philadelphia 76ers,Los Angeles Lakers,26,7,-0.069,1.908,1.752,1.977,0.743,1.349
2025,Andre Drummond,C,Philadelphia 76ers,Memphis Grizzlies,26,13,-0.069,0.773,1.645,0.842,0.881,1.34
2025,Andre Drummond,C,Philadelphia 76ers,Milwaukee Bucks,26,11,-0.069,0.498,1.617,0.568,0.918,1.338
2025,Andre Drummond,C,Philadelphia 76ers,Detroit Pistons,26,14,-0.069,0.988,1.38,1.057,0.853,1.169
2025,Andre Drummond,C,Philadelphia 76ers,Orlando Magic,26,15,-0.069,0.455,1.199,0.524,0.924,1.089
2025,Andre Drummond,C,Philadelphia 76ers,Atlanta Hawks,26,16,-0.069,0.616,1.041,0.685,0.902,0.985
2025,Andre Drummond,C,Philadelphia 76ers,Sacramento Kings,26,17,-0.069,1.198,1.073,1.267,0.827,0.974
2025,Andre Drummond,C,Philadelphia 76ers,Miami Heat,26,20,-0.069,0.612,0.915,0.682,0.903,0.91
2025,Andre Drummond,C,Philadelphia 76ers,Chicago Bulls,26,18,-0.069,0.827,0.919,0.896,0.874,0.901
2025,Andre Drummond,C,Philadelphia 76ers,Dallas Mavericks,26,19,-0.069,1.114,0.89,1.183,0.837,0.869
2025,Andre Drummond,C,Philadelphia 76ers,Phoenix Suns,26,21,-0.069,0.34,0.62,0.409,0.94,0.748
2025,Andre Drummond,C,Philadelphia 76ers,Portland Trail Blazers,26,22,-0.069,0.7,0.624,0.77,0.891,0.731
2025,Andre Drummond,C,Philadelphia 76ers,San Antonio Spurs,26,23,-0.069,2.35,0.526,2.419,0.696,0.594
2025,Andre Drummond,C,Philadelphia 76ers,Toronto Raptors,26,24,-0.069,0.899,0.343,0.968,0.865,0.552
2025,Andre Drummond,C,Philadelphia 76ers,Brooklyn Nets,26,25,-0.069,0.443,0.058,0.512,0.926,0.405
2025,Andre Jackson Jr.,SG,Milwaukee Bucks,Oklahoma City Thunder,11,1,-0.386,1.265,1.406,1.651,0.781,1.156
2025,Andre Jackson Jr.,SG,Milwaukee Bucks,Cleveland Cavaliers,11,2,-0.386,1.342,1.075,1.728,0.772,0.954
2025,Andre Jackson Jr.,SG,Milwaukee Bucks,Boston Celtics,11,3,-0.386,0.808,0.977,1.194,0.836,0.921
2025,Andre Jackson Jr.,SG,Milwaukee Bucks,Houston Rockets,11,4,-0.386,0.724,0.493,1.11,0.847,0.635
2025,Andre Jackson Jr.,SG,Milwaukee Bucks,New York Knicks,11,5,-0.386,0.807,0.386,1.193,0.836,0.566
2025,Andre Jackson Jr.,SG,Milwaukee Bucks,Indiana Pacers,11,6,-0.386,0.275,0.227,0.661,0.906,0.498
2025,Andre Jackson Jr.,SG,Milwaukee Bucks,Los Angeles Clippers,11,9,-0.386,1.026,0.265,1.412,0.809,0.482
2025,Andre Jackson Jr.,SG,Milwaukee Bucks,Denver Nuggets,11,8,-0.386,0.812,0.213,1.198,0.836,0.462
2025,Andre Jackson Jr.,SG,Milwaukee Bucks,Minnesota Timberwolves,11,10,-0.386,1.353,0.206,1.739,0.77,0.432
2025,Andre Jackson Jr.,SG,Milwaukee Bucks,Los Angeles Lakers,11,7,-0.386,1.047,0.135,1.433,0.807,0.404
2025,Andre Jackson Jr.,SG,Milwaukee Bucks,Golden State Warriors,11,12,-0.386,0.448,0.013,0.834,0.882,0.361
2025,Andre Jackson Jr.,SG,Milwaukee Bucks,Memphis Grizzlies,11,13,-0.386,0.996,0.028,1.381,0.813,0.342
2025,Andrew Nembhard,SG,Indiana Pacers,Oklahoma City Thunder,6,1,0.275,1.265,1.18,0.991,0.862,1.053
2025,Andrew Nembhard,SG,Indiana Pacers,Cleveland Cavaliers,6,2,0.275,1.342,0.849,1.067,0.852,0.85
2025,Andrew Nembhard,SG,Indiana Pacers,Boston Celtics,6,3,0.275,0.808,0.75,0.533,0.923,0.819
2025,Andrew Nembhard,SG,Indiana Pacers,Houston Rockets,6,4,0.275,0.724,0.266,0.449,0.935,0.534
2025,Andrew Nembhard,SG,Indiana Pacers,New York Knicks,6,5,0.275,0.807,0.159,0.532,0.923,0.465
2025,Andrew Nembhard,SG,Indiana Pacers,Los Angeles Clippers,6,9,0.275,1.026,0.038,0.751,0.893,0.38
2025,Andrew Wiggins,SF,Miami Heat,Oklahoma City Thunder,20,1,1.143,0.332,2.108,0,1,1.665
2025,Andrew Wiggins,SF,Miami Heat,Cleveland Cavaliers,20,2,1.143,0.475,1.777,0,1,1.466
2025,Andrew Wiggins,SF,Miami Heat,Boston Celtics,20,3,1.143,1.283,1.679,0.14,0.979,1.399
2025,Andrew Wiggins,SF,Golden State Warriors,Oklahoma City Thunder,12,1,0.891,0.332,1.394,0,1,1.236
2025,Andrew Wiggins,SF,Miami Heat,Houston Rockets,20,4,1.143,1.573,1.195,0.43,0.938,1.092
2025,Andrew Wiggins,SF,Miami Heat,New York Knicks,20,5,1.143,0.764,1.088,0,1,1.053
2025,Andrew Wiggins,SF,Golden State Warriors,Cleveland Cavaliers,12,2,0.891,0.475,1.063,0,1,1.038
2025,Andrew Wiggins,SF,Miami Heat,Los Angeles Clippers,20,9,1.143,1.392,0.967,0.249,0.963,0.965
2025,Andrew Wiggins,SF,Miami Heat,Indiana Pacers,20,6,1.143,0.534,0.929,0,1,0.957
2025,Andrew Wiggins,SF,Golden State Warriors,Boston Celtics,12,3,0.891,1.283,0.964,0.392,0.943,0.956
2025,Andrew Wiggins,SF,Miami Heat,Denver Nuggets,20,8,1.143,0.927,0.915,0,1,0.949
2025,Andrew Wiggins,SF,Miami Heat,Minnesota Timberwolves,20,10,1.143,-0.433,0.908,0,1,0.945
2025,Andrew Wiggins,SF,Miami Heat,Los Angeles Lakers,20,7,1.143,2.119,0.837,0.976,0.864,0.848
2025,Andrew Wiggins,SF,Miami Heat,Milwaukee Bucks,20,11,1.143,0.667,0.702,0,1,0.821
2025,Andrew Wiggins,SF,Miami Heat,Golden State Warriors,20,12,1.143,1.484,0.714,0.341,0.95,0.809
2025,Andrew Wiggins,SF,Miami Heat,Detroit Pistons,20,14,1.143,0.84,0.464,0,1,0.679
2025,Andrew Wiggins,SF,Golden State Warriors,Houston Rockets,12,4,0.891,1.573,0.481,0.682,0.903,0.649
2025,Andrew Wiggins,SF,Golden State Warriors,New York Knicks,12,5,0.891,0.764,0.373,0,1,0.624
2025,Andrew Wiggins,SF,Miami Heat,Orlando Magic,20,15,1.143,1.486,0.284,0.343,0.95,0.55
2025,Andrew Wiggins,SF,Golden State Warriors,Indiana Pacers,12,6,0.891,0.534,0.214,0,1,0.529
2025,Andrew Wiggins,SF,Golden State Warriors,Los Angeles Clippers,12,9,0.891,1.392,0.252,0.501,0.928,0.522
2025,Andrew Wiggins,SF,Golden State Warriors,Denver Nuggets,12,8,0.891,0.927,0.2,0.036,0.995,0.518
2025,Andrew Wiggins,SF,Golden State Warriors,Minnesota Timberwolves,12,10,0.891,-0.433,0.193,0,1,0.516
2025,Andrew Wiggins,SF,Miami Heat,Sacramento Kings,20,17,1.143,1.064,0.157,0,1,0.494
2025,Andrew Wiggins,SF,Miami Heat,Atlanta Hawks,20,16,1.143,1.882,0.125,0.739,0.895,0.433
2025,Andrew Wiggins,SF,Golden State Warriors,Los Angeles Lakers,12,7,0.891,2.119,0.123,1.228,0.832,0.406
2025,Andrew Wiggins,SF,Miami Heat,Chicago Bulls,20,18,1.143,1.234,0.004,0.091,0.986,0.397
2025,Anfernee Simons,SG,Portland Trail Blazers,Oklahoma City Thunder,22,1,0.782,1.265,2.4,0.483,0.93,1.812
2025,Anfernee Simons,SG,Portland Trail Blazers,Cleveland Cavaliers,22,2,0.782,1.342,2.069,0.56,0.919,1.609
2025,Anfernee Simons,SG,Portland Trail Blazers,Boston Celtics,22,3,0.782,0.808,1.97,0.026,0.996,1.581
2025,Anfernee Simons,SG,Portland Trail Blazers,Houston Rockets,22,4,0.782,0.724,1.487,0,1,1.292
2025,Anfernee Simons,SG,Portland Trail Blazers,New York Knicks,22,5,0.782,0.807,1.379,0.025,0.996,1.226
2025,Anfernee Simons,SG,Portland Trail Blazers,Los Angeles Clippers,22,9,0.782,1.026,1.258,0.244,0.964,1.141
2025,Anfernee Simons,SG,Portland Trail Blazers,Indiana Pacers,22,6,0.782,0.275,1.22,0,1,1.132
2025,Anfernee Simons,SG,Portland Trail Blazers,Denver Nuggets,22,8,0.782,0.812,1.206,0.03,0.996,1.122
2025,Anfernee Simons,SG,Portland Trail Blazers,Minnesota Timberwolves,22,10,0.782,1.353,1.199,0.571,0.918,1.087
2025,Anfernee Simons,SG,Portland Trail Blazers,Los Angeles Lakers,22,7,0.782,1.047,1.129,0.265,0.961,1.062
2025,Anfernee Simons,SG,Portland Trail Blazers,Golden State Warriors,22,12,0.782,0.448,1.006,0,1,1.004
2025,Anfernee Simons,SG,Portland Trail Blazers,Memphis Grizzlies,22,13,0.782,0.996,1.022,0.213,0.969,1
2025,Anfernee Simons,SG,Portland Trail Blazers,Milwaukee Bucks,22,11,0.782,0.683,0.993,0,1,0.996
2025,Anfernee Simons,SG,Portland Trail Blazers,Detroit Pistons,22,14,0.782,2.249,0.756,1.467,0.803,0.775
2025,Anfernee Simons,SG,Portland Trail Blazers,Orlando Magic,22,15,0.782,0.142,0.576,0,1,0.745
2025,Anfernee Simons,SG,Portland Trail Blazers,Sacramento Kings,22,17,0.782,0.908,0.449,0.126,0.981,0.662
2025,Anfernee Simons,SG,Portland Trail Blazers,Atlanta Hawks,22,16,0.782,1.001,0.417,0.219,0.968,0.637
2025,Anfernee Simons,SG,Portland Trail Blazers,Chicago Bulls,22,18,0.782,0.842,0.295,0.059,0.991,0.574
2025,Anfernee Simons,SG,Portland Trail Blazers,Miami Heat,22,20,0.782,1.223,0.292,0.441,0.936,0.549
2025,Anfernee Simons,SG,Portland Trail Blazers,Dallas Mavericks,22,19,0.782,1.335,0.266,0.553,0.92,0.528
2025,Anthony Black,PG,Orlando Magic,Oklahoma City Thunder,15,1,-0.134,1.646,1.824,1.78,0.766,1.401
2025,Anthony Black,PG,Orlando Magic,Cleveland Cavaliers,15,2,-0.134,0.908,1.493,1.042,0.855,1.238
2025,Anthony Black,PG,Orlando Magic,Boston Celtics,15,3,-0.134,0.432,1.395,0.566,0.919,1.204
2025,Anthony Black,PG,Orlando Magic,Houston Rockets,15,4,-0.134,0.457,0.911,0.591,0.915,0.913
2025,Anthony Black,PG,Orlando Magic,New York Knicks,15,5,-0.134,1.105,0.804,1.239,0.83,0.814
2025,Anthony Black,PG,Orlando Magic,Minnesota Timberwolves,15,10,-0.134,0.2,0.624,0.334,0.951,0.755
2025,Anthony Black,PG,Orlando Magic,Los Angeles Clippers,15,9,-0.134,1.03,0.683,1.164,0.84,0.745
2025,Anthony Black,PG,Orlando Magic,Denver Nuggets,15,8,-0.134,0.822,0.631,0.956,0.866,0.725
2025,Anthony Black,PG,Orlando Magic,Indiana Pacers,15,6,-0.134,1.379,0.645,1.513,0.797,0.706
2025,Anthony Black,PG,Orlando Magic,Los Angeles Lakers,15,7,-0.134,1.252,0.553,1.387,0.812,0.657
2025,Anthony Black,PG,Orlando Magic,Memphis Grizzlies,15,13,-0.134,0.849,0.446,0.983,0.863,0.613
2025,Anthony Black,PG,Orlando Magic,Golden State Warriors,15,12,-0.134,1.025,0.43,1.159,0.84,0.594
2025,Anthony Black,PG,Orlando Magic,Milwaukee Bucks,15,11,-0.134,1.065,0.418,1.199,0.835,0.585
2025,Anthony Black,PG,Orlando Magic,Detroit Pistons,15,14,-0.134,1.099,0.18,1.233,0.831,0.441
2025,Anthony Davis,PF,Dallas Mavericks,Oklahoma City Thunder,19,1,1.939,0.795,2.134,0,1,1.68
2025,Anthony Davis,PF,Dallas Mavericks,Cleveland Cavaliers,19,2,1.939,1.717,1.803,0,1,1.482
2025,Anthony Davis,PF,Dallas Mavericks,Boston Celtics,19,3,1.939,1.509,1.705,0,1,1.423
2025,Anthony Davis,C,Los Angeles Lakers,Oklahoma City Thunder,7,1,1.908,1.018,1.271,0,1,1.163
2025,Anthony Davis,PF,Dallas Mavericks,Houston Rockets,19,4,1.939,0.863,1.221,0,1,1.132
2025,Anthony Davis,PF,Dallas Mavericks,New York Knicks,19,5,1.939,0.825,1.113,0,1,1.068
2025,Anthony Davis,PF,Dallas Mavericks,Los Angeles Clippers,19,9,1.939,-0.25,0.992,0,1,0.995
2025,Anthony Davis,PF,Dallas Mavericks,Indiana Pacers,19,6,1.939,0.96,0.955,0,1,0.973
2025,Anthony Davis,PF,Dallas Mavericks,Denver Nuggets,19,8,1.939,0.4,0.941,0,1,0.964
2025,Anthony Davis,C,Los Angeles Lakers,Cleveland Cavaliers,7,2,1.908,0.96,0.94,0,1,0.964
2025,Anthony Davis,PF,Dallas Mavericks,Minnesota Timberwolves,19,10,1.939,0.731,0.933,0,1,0.96
2025,Anthony Davis,PF,Dallas Mavericks,Los Angeles Lakers,19,7,1.939,0.286,0.863,0,1,0.918
2025,Anthony Davis,C,Los Angeles Lakers,Boston Celtics,7,3,1.908,0.929,0.842,0,1,0.905
2025,Anthony Davis,PF,Dallas Mavericks,Memphis Grizzlies,19,13,1.939,0.525,0.756,0,1,0.853
2025,Anthony Davis,PF,Dallas Mavericks,Golden State Warriors,19,12,1.939,0.698,0.74,0,1,0.844
2025,Anthony Davis,PF,Dallas Mavericks,Milwaukee Bucks,19,11,1.939,2.524,0.728,0.585,0.916,0.803
2025,Anthony Davis,PF,Dallas Mavericks,Detroit Pistons,19,14,1.939,0.573,0.49,0,1,0.694
2025,Anthony Davis,C,Los Angeles Lakers,Houston Rockets,7,4,1.908,0.807,0.358,0,1,0.615
2025,Anthony Davis,PF,Dallas Mavericks,Orlando Magic,19,15,1.939,1.217,0.31,0,1,0.586
2025,Anthony Davis,C,Los Angeles Lakers,New York Knicks,7,5,1.908,1.332,0.251,0,1,0.55
2025,Anthony Davis,PF,Dallas Mavericks,Sacramento Kings,19,17,1.939,0.523,0.183,0,1,0.51
2025,Anthony Davis,PF,Dallas Mavericks,Atlanta Hawks,19,16,1.939,0.235,0.151,0,1,0.491
2025,Anthony Davis,C,Los Angeles Lakers,Los Angeles Clippers,7,9,1.908,1.266,0.13,0,1,0.478
2025,Anthony Davis,C,Los Angeles Lakers,Indiana Pacers,7,6,1.908,0.754,0.092,0,1,0.455
2025,Anthony Davis,C,Los Angeles Lakers,Denver Nuggets,7,8,1.908,1.827,0.078,0,1,0.447
2025,Anthony Davis,C,Los Angeles Lakers,Minnesota Timberwolves,7,10,1.908,1.008,0.071,0,1,0.442
2025,Anthony Davis,PF,Dallas Mavericks,Chicago Bulls,19,18,1.939,0.411,0.029,0,1,0.418
2025,Anthony Davis,PF,Dallas Mavericks,Miami Heat,19,20,1.939,0.861,0.026,0,1,0.415
2025,Anthony Edwards,SG,Minnesota Timberwolves,Oklahoma City Thunder,10,1,1.353,1.265,1.201,0,1,1.12
2025,Anthony Edwards,SG,Minnesota Timberwolves,Cleveland Cavaliers,10,2,1.353,1.342,0.87,0,1,0.922
2025,Anthony Edwards,SG,Minnesota Timberwolves,Boston Celtics,10,3,1.353,0.808,0.771,0,1,0.863
2025,Anthony Edwards,SG,Minnesota Timberwolves,Houston Rockets,10,4,1.353,0.724,0.287,0,1,0.572
2025,Anthony Edwards,SG,Minnesota Timberwolves,New York Knicks,10,5,1.353,0.807,0.18,0,1,0.508
2025,Anthony Edwards,SG,Minnesota Timberwolves,Los Angeles Clippers,10,9,1.353,1.026,0.059,0,1,0.435
2025,Anthony Edwards,SG,Minnesota Timberwolves,Indiana Pacers,10,6,1.353,0.275,0.021,0,1,0.413
2025,Anthony Edwards,SG,Minnesota Timberwolves,Denver Nuggets,10,8,1.353,0.812,0.007,0,1,0.404
2025,Anthony Gill,PF,Washington Wizards,Oklahoma City Thunder,29,1,-0.87,0.795,3.577,1.665,0.779,2.458
2025,Anthony Gill,PF,Washington Wizards,Cleveland Cavaliers,29,2,-0.87,1.717,3.246,2.587,0.678,2.219
2025,Anthony Gill,PF,Washington Wizards,Boston Celtics,29,3,-0.87,1.509,3.148,2.378,0.7,2.169
2025,Anthony Gill,PF,Washington Wizards,Houston Rockets,29,4,-0.87,0.863,2.664,1.733,0.771,1.907
2025,Anthony Gill,PF,Washington Wizards,New York Knicks,29,5,-0.87,0.825,2.557,1.695,0.775,1.844
2025,Anthony Gill,PF,Washington Wizards,Los Angeles Clippers,29,9,-0.87,-0.25,2.436,0.62,0.911,1.826
2025,Anthony Gill,PF,Washington Wizards,Denver Nuggets,29,8,-0.87,0.4,2.384,1.27,0.827,1.761
2025,Anthony Gill,PF,Washington Wizards,Indiana Pacers,29,6,-0.87,0.96,2.398,1.829,0.76,1.743
2025,Anthony Gill,PF,Washington Wizards,Minnesota Timberwolves,29,10,-0.87,0.731,2.377,1.601,0.787,1.741
2025,Anthony Gill,PF,Washington Wizards,Los Angeles Lakers,29,7,-0.87,0.286,2.306,1.156,0.841,1.72
2025,Anthony Gill,PF,Washington Wizards,Memphis Grizzlies,29,13,-0.87,0.525,2.199,1.394,0.811,1.644
2025,Anthony Gill,PF,Washington Wizards,Golden State Warriors,29,12,-0.87,0.698,2.183,1.568,0.79,1.626
2025,Anthony Gill,PF,Washington Wizards,Milwaukee Bucks,29,11,-0.87,2.524,2.171,3.394,0.601,1.543
2025,Anthony Gill,PF,Washington Wizards,Detroit Pistons,29,14,-0.87,0.573,1.933,1.443,0.805,1.482
2025,Anthony Gill,PF,Washington Wizards,Orlando Magic,29,15,-0.87,1.217,1.753,2.087,0.731,1.344
2025,Anthony Gill,PF,Washington Wizards,Sacramento Kings,29,17,-0.87,0.523,1.626,1.393,0.811,1.3
2025,Anthony Gill,PF,Washington Wizards,Atlanta Hawks,29,16,-0.87,0.235,1.594,1.104,0.847,1.296
2025,Anthony Gill,PF,Washington Wizards,Chicago Bulls,29,18,-0.87,0.411,1.473,1.281,0.825,1.214
2025,Anthony Gill,PF,Washington Wizards,Miami Heat,29,20,-0.87,0.861,1.469,1.731,0.771,1.19
2025,Anthony Gill,PF,Washington Wizards,Dallas Mavericks,29,19,-0.87,1.939,1.443,2.809,0.656,1.128
2025,Anthony Gill,PF,Washington Wizards,Portland Trail Blazers,29,22,-0.87,0.482,1.177,1.351,0.817,1.033
2025,Anthony Gill,PF,Washington Wizards,Phoenix Suns,29,21,-0.87,1.486,1.173,2.356,0.702,0.985
2025,Anthony Gill,PF,Washington Wizards,San Antonio Spurs,29,23,-0.87,0.484,1.08,1.354,0.816,0.975
2025,Anthony Gill,PF,Washington Wizards,Toronto Raptors,29,24,-0.87,1.283,0.897,2.153,0.724,0.828
2025,Anthony Gill,PF,Washington Wizards,Brooklyn Nets,29,25,-0.87,0.624,0.612,1.493,0.799,0.687
2025,Anthony Gill,PF,Washington Wizards,Philadelphia 76ers,29,26,-0.87,0.711,0.554,1.581,0.789,0.648
2025,Anthony Gill,PF,Washington Wizards,Charlotte Hornets,29,28,-0.87,0.956,0.228,1.826,0.76,0.441
2025,Anthony Gill,PF,Washington Wizards,New Orleans Pelicans,29,27,-0.87,1.672,0.276,2.542,0.683,0.439
2025,Anthony Gill,PF,Washington Wizards,Utah Jazz,29,30,-0.87,1.224,0.073,2.093,0.731,0.336
2025,Anton Watson,SF,New York Knicks,Oklahoma City Thunder,5,1,-1.064,0.332,1.021,1.396,0.811,0.937
2025,Anton Watson,SF,New York Knicks,Cleveland Cavaliers,5,2,-1.064,0.475,0.69,1.539,0.794,0.731
2025,Anton Watson,SF,New York Knicks,Boston Celtics,5,3,-1.064,1.283,0.591,2.348,0.703,0.636
2025,Anton Watson,SF,New York Knicks,Houston Rockets,5,4,-1.064,1.573,0.107,2.637,0.673,0.334
2025,Antonio Reeves,SG,New Orleans Pelicans,Oklahoma City Thunder,27,1,-0.081,1.265,3.302,1.347,0.817,2.308
2025,Antonio Reeves,SG,New Orleans Pelicans,Cleveland Cavaliers,27,2,-0.081,1.342,2.971,1.423,0.808,2.105
2025,Antonio Reeves,SG,New Orleans Pelicans,Boston Celtics,27,3,-0.081,0.808,2.872,0.89,0.875,2.073
2025,Antonio Reeves,SG,New Orleans Pelicans,Houston Rockets,27,4,-0.081,0.724,2.388,0.806,0.886,1.787
2025,Antonio Reeves,SG,New Orleans Pelicans,New York Knicks,27,5,-0.081,0.807,2.281,0.888,0.875,1.719
2025,Antonio Reeves,SG,New Orleans Pelicans,Indiana Pacers,27,6,-0.081,0.275,2.122,0.356,0.948,1.652
2025,Antonio Reeves,SG,New Orleans Pelicans,Los Angeles Clippers,27,9,-0.081,1.026,2.16,1.107,0.847,1.635
2025,Antonio Reeves,SG,New Orleans Pelicans,Denver Nuggets,27,8,-0.081,0.812,2.108,0.893,0.875,1.615
2025,Antonio Reeves,SG,New Orleans Pelicans,Minnesota Timberwolves,27,10,-0.081,1.353,2.101,1.435,0.806,1.583
2025,Antonio Reeves,SG,New Orleans Pelicans,Los Angeles Lakers,27,7,-0.081,1.047,2.03,1.129,0.844,1.556
2025,Antonio Reeves,SG,New Orleans Pelicans,Golden State Warriors,27,12,-0.081,0.448,1.908,0.53,0.924,1.514
2025,Antonio Reeves,SG,New Orleans Pelicans,Memphis Grizzlies,27,13,-0.081,0.996,1.923,1.077,0.851,1.494
2025,Antonio Reeves,SG,New Orleans Pelicans,Milwaukee Bucks,27,11,-0.081,0.683,1.895,0.764,0.892,1.494
2025,Antonio Reeves,SG,New Orleans Pelicans,Detroit Pistons,27,14,-0.081,2.249,1.658,2.331,0.705,1.277
2025,Antonio Reeves,SG,New Orleans Pelicans,Orlando Magic,27,15,-0.081,0.142,1.477,0.223,0.967,1.273
2025,Antonio Reeves,SG,New Orleans Pelicans,Sacramento Kings,27,17,-0.081,0.908,1.351,0.99,0.862,1.155
2025,Antonio Reeves,SG,New Orleans Pelicans,Atlanta Hawks,27,16,-0.081,1.001,1.319,1.082,0.85,1.131
2025,Antonio Reeves,SG,New Orleans Pelicans,Chicago Bulls,27,18,-0.081,0.842,1.197,0.923,0.871,1.066
2025,Antonio Reeves,SG,New Orleans Pelicans,Miami Heat,27,20,-0.081,1.223,1.193,1.305,0.822,1.045
2025,Antonio Reeves,SG,New Orleans Pelicans,Dallas Mavericks,27,19,-0.081,1.335,1.167,1.417,0.809,1.024
2025,Antonio Reeves,SG,New Orleans Pelicans,Portland Trail Blazers,27,22,-0.081,0.782,0.902,0.864,0.878,0.892
2025,Antonio Reeves,SG,New Orleans Pelicans,Phoenix Suns,27,21,-0.081,1.298,0.898,1.38,0.813,0.864
2025,Antonio Reeves,SG,New Orleans Pelicans,San Antonio Spurs,27,23,-0.081,0.668,0.804,0.749,0.894,0.84
2025,Antonio Reeves,SG,New Orleans Pelicans,Toronto Raptors,27,24,-0.081,0.479,0.621,0.56,0.919,0.74
2025,Antonio Reeves,SG,New Orleans Pelicans,Brooklyn Nets,27,25,-0.081,0.95,0.336,1.031,0.857,0.544
2025,Antonio Reeves,SG,New Orleans Pelicans,Philadelphia 76ers,27,26,-0.081,1.127,0.278,1.209,0.834,0.5
2025,Ariel Hukporti,C,New York Knicks,Oklahoma City Thunder,5,1,-0.729,1.018,1.021,1.746,0.77,0.92
2025,Ariel Hukporti,C,New York Knicks,Cleveland Cavaliers,5,2,-0.729,0.96,0.69,1.688,0.776,0.724
2025,Ariel Hukporti,C,New York Knicks,Boston Celtics,5,3,-0.729,0.929,0.591,1.658,0.78,0.667
2025,Ariel Hukporti,C,New York Knicks,Houston Rockets,5,4,-0.729,0.807,0.107,1.536,0.794,0.382
2025,Armel Traoré,SF,Los Angeles Lakers,Oklahoma City Thunder,7,1,-0.943,0.332,1.271,1.275,0.826,1.093
2025,Armel Traoré,SF,Los Angeles Lakers,Cleveland Cavaliers,7,2,-0.943,0.475,0.94,1.417,0.808,0.888
2025,Armel Traoré,SF,Los Angeles Lakers,Boston Celtics,7,3,-0.943,1.283,0.842,2.226,0.716,0.792
2025,Armel Traoré,SF,Los Angeles Lakers,Houston Rockets,7,4,-0.943,1.573,0.358,2.516,0.686,0.489
2025,Armel Traoré,SF,Los Angeles Lakers,New York Knicks,7,5,-0.943,0.764,0.251,1.707,0.774,0.46
2025,Armel Traoré,SF,Los Angeles Lakers,Minnesota Timberwolves,7,10,-0.943,-0.433,0.071,0.509,0.926,0.413
2025,Armel Traoré,SF,Los Angeles Lakers,Indiana Pacers,7,6,-0.943,0.534,0.092,1.477,0.801,0.376
2025,Armel Traoré,SF,Los Angeles Lakers,Los Angeles Clippers,7,9,-0.943,1.392,0.13,2.334,0.705,0.36
2025,Armel Traoré,SF,Los Angeles Lakers,Denver Nuggets,7,8,-0.943,0.927,0.078,1.87,0.755,0.349
2025,Ausar Thompson,SF,Detroit Pistons,Oklahoma City Thunder,14,1,0.84,0.332,1.644,0,1,1.386
2025,Ausar Thompson,SF,Detroit Pistons,Cleveland Cavaliers,14,2,0.84,0.475,1.313,0,1,1.188
2025,Ausar Thompson,SF,Detroit Pistons,Boston Celtics,14,3,0.84,1.283,1.215,0.443,0.936,1.103
2025,Ausar Thompson,SF,Detroit Pistons,Houston Rockets,14,4,0.84,1.573,0.731,0.733,0.896,0.797
2025,Ausar Thompson,SF,Detroit Pistons,New York Knicks,14,5,0.84,0.764,0.623,0,1,0.774
2025,Ausar Thompson,SF,Detroit Pistons,Indiana Pacers,14,6,0.84,0.534,0.464,0,1,0.679
2025,Ausar Thompson,SF,Detroit Pistons,Los Angeles Clippers,14,9,0.84,1.392,0.502,0.552,0.921,0.67
2025,Ausar Thompson,SF,Detroit Pistons,Minnesota Timberwolves,14,10,0.84,-0.433,0.443,0,1,0.666
2025,Ausar Thompson,SF,Detroit Pistons,Denver Nuggets,14,8,0.84,0.927,0.45,0.087,0.987,0.665
2025,Ausar Thompson,SF,Detroit Pistons,Los Angeles Lakers,14,7,0.84,2.119,0.373,1.279,0.825,0.554
2025,Ausar Thompson,SF,Detroit Pistons,Milwaukee Bucks,14,11,0.84,0.667,0.237,0,1,0.542
2025,Ausar Thompson,SF,Detroit Pistons,Golden State Warriors,14,12,0.84,1.484,0.25,0.644,0.908,0.513
2025,Austin Reaves,SG,Los Angeles Lakers,Oklahoma City Thunder,7,1,1.047,1.265,1.271,0.218,0.968,1.15
2025,Austin Reaves,SG,Los Angeles Lakers,Cleveland Cavaliers,7,2,1.047,1.342,0.94,0.295,0.957,0.947
2025,Austin Reaves,SG,Los Angeles Lakers,Boston Celtics,7,3,1.047,0.808,0.842,0,1,0.905
2025,Austin Reaves,SG,Los Angeles Lakers,Houston Rockets,7,4,1.047,0.724,0.358,0,1,0.615
2025,Austin Reaves,SG,Los Angeles Lakers,New York Knicks,7,5,1.047,0.807,0.251,0,1,0.55
2025,Austin Reaves,SG,Los Angeles Lakers,Los Angeles Clippers,7,9,1.047,1.026,0.13,0,1,0.478
2025,Austin Reaves,SG,Los Angeles Lakers,Indiana Pacers,7,6,1.047,0.275,0.092,0,1,0.455
2025,Austin Reaves,SG,Los Angeles Lakers,Denver Nuggets,7,8,1.047,0.812,0.078,0,1,0.447
2025,Austin Reaves,SG,Los Angeles Lakers,Minnesota Timberwolves,7,10,1.047,1.353,0.071,0.306,0.955,0.424
2025,Ayo Dosunmu,SG,Chicago Bulls,Oklahoma City Thunder,18,1,0.439,1.265,2.105,0.826,0.883,1.616
2025,Ayo Dosunmu,SG,Chicago Bulls,Cleveland Cavaliers,18,2,0.439,1.342,1.774,0.903,0.873,1.414
2025,Ayo Dosunmu,SG,Chicago Bulls,Boston Celtics,18,3,0.439,0.808,1.675,0.369,0.946,1.384
2025,Ayo Dosunmu,SG,Chicago Bulls,Houston Rockets,18,4,0.439,0.724,1.191,0.285,0.958,1.098
2025,Ayo Dosunmu,SG,Chicago Bulls,New York Knicks,18,5,0.439,0.807,1.084,0.368,0.946,1.029
2025,Ayo Dosunmu,SG,Chicago Bulls,Indiana Pacers,18,6,0.439,0.275,0.925,0,1,0.955
2025,Ayo Dosunmu,SG,Chicago Bulls,Los Angeles Clippers,18,9,0.439,1.026,0.963,0.587,0.916,0.944
2025,Ayo Dosunmu,SG,Chicago Bulls,Denver Nuggets,18,8,0.439,0.812,0.911,0.373,0.946,0.925
2025,Ayo Dosunmu,SG,Chicago Bulls,Minnesota Timberwolves,18,10,0.439,1.353,0.904,0.914,0.872,0.891
2025,Ayo Dosunmu,SG,Chicago Bulls,Los Angeles Lakers,18,7,0.439,1.047,0.833,0.608,0.913,0.865
2025,Ayo Dosunmu,SG,Chicago Bulls,Golden State Warriors,18,12,0.439,0.448,0.711,0.009,0.999,0.826
2025,Ayo Dosunmu,SG,Chicago Bulls,Milwaukee Bucks,18,11,0.439,0.683,0.698,0.244,0.964,0.805
2025,Ayo Dosunmu,SG,Chicago Bulls,Memphis Grizzlies,18,13,0.439,0.996,0.726,0.557,0.92,0.804
2025,Ayo Dosunmu,SG,Chicago Bulls,Detroit Pistons,18,14,0.439,2.249,0.461,1.81,0.762,0.581
2025,Ayo Dosunmu,SG,Chicago Bulls,Orlando Magic,18,15,0.439,0.142,0.28,0,1,0.568
2025,Ayo Dosunmu,SG,Chicago Bulls,Sacramento Kings,18,17,0.439,0.908,0.154,0.469,0.932,0.465
2025,Ayo Dosunmu,SG,Chicago Bulls,Atlanta Hawks,18,16,0.439,1.001,0.122,0.562,0.919,0.441
2025,Bam Adebayo,C,Miami Heat,Oklahoma City Thunder,20,1,0.612,1.018,2.108,0.405,0.941,1.641
2025,Bam Adebayo,C,Miami Heat,Cleveland Cavaliers,20,2,0.612,0.96,1.777,0.347,0.949,1.446
2025,Bam Adebayo,C,Miami Heat,Boston Celtics,20,3,0.612,0.929,1.679,0.316,0.954,1.389
2025,Bam Adebayo,C,Miami Heat,Houston Rockets,20,4,0.612,0.807,1.195,0.195,0.971,1.106
2025,Bam Adebayo,C,Miami Heat,New York Knicks,20,5,0.612,1.332,1.088,0.72,0.898,1.012
2025,Bam Adebayo,C,Miami Heat,Indiana Pacers,20,6,0.612,0.754,0.929,0.142,0.979,0.949
2025,Bam Adebayo,C,Miami Heat,Los Angeles Clippers,20,9,0.612,1.266,0.967,0.653,0.907,0.943
2025,Bam Adebayo,C,Miami Heat,Minnesota Timberwolves,20,10,0.612,1.008,0.908,0.395,0.942,0.922
2025,Bam Adebayo,C,Miami Heat,Denver Nuggets,20,8,0.612,1.827,0.915,1.215,0.833,0.882
2025,Bam Adebayo,C,Miami Heat,Los Angeles Lakers,20,7,0.612,1.908,0.837,1.296,0.823,0.832
2025,Bam Adebayo,C,Miami Heat,Golden State Warriors,20,12,0.612,-0.087,0.714,0,1,0.829
2025,Bam Adebayo,C,Miami Heat,Memphis Grizzlies,20,13,0.612,0.773,0.73,0.161,0.976,0.828
2025,Bam Adebayo,C,Miami Heat,Milwaukee Bucks,20,11,0.612,0.498,0.702,0,1,0.821
2025,Bam Adebayo,C,Miami Heat,Detroit Pistons,20,14,0.612,0.988,0.464,0.375,0.945,0.657
2025,Bam Adebayo,C,Miami Heat,Orlando Magic,20,15,0.612,0.455,0.284,0,1,0.57
2025,Bam Adebayo,C,Miami Heat,Atlanta Hawks,20,16,0.612,0.616,0.125,0.004,0.999,0.475
2025,Bam Adebayo,C,Miami Heat,Sacramento Kings,20,17,0.612,1.198,0.157,0.586,0.916,0.461
2025,Bam Adebayo,C,Miami Heat,Chicago Bulls,20,18,0.612,0.827,0.004,0.214,0.968,0.39
2025,Baylor Scheierman,SG,Boston Celtics,Oklahoma City Thunder,3,1,-0.379,1.265,0.429,1.644,0.781,0.57
2025,Baylor Scheierman,SG,Boston Celtics,Cleveland Cavaliers,3,2,-0.379,1.342,0.098,1.721,0.773,0.368
2025,Ben Sheppard,SG,Indiana Pacers,Oklahoma City Thunder,6,1,-0.195,1.265,1.18,1.461,0.803,1.029
2025,Ben Sheppard,SG,Indiana Pacers,Cleveland Cavaliers,6,2,-0.195,1.342,0.849,1.537,0.794,0.827
2025,Ben Sheppard,SG,Indiana Pacers,Boston Celtics,6,3,-0.195,0.808,0.75,1.004,0.86,0.794
2025,Ben Sheppard,SG,Indiana Pacers,Houston Rockets,6,4,-0.195,0.724,0.266,0.92,0.871,0.508
2025,Ben Sheppard,SG,Indiana Pacers,New York Knicks,6,5,-0.195,0.807,0.159,1.002,0.86,0.439
2025,Ben Sheppard,SG,Indiana Pacers,Los Angeles Clippers,6,9,-0.195,1.026,0.038,1.221,0.833,0.356
2025,Ben Simmons,PG,Brooklyn Nets,Oklahoma City Thunder,25,1,0.227,1.646,2.966,1.419,0.808,2.103
2025,Ben Simmons,PG,Brooklyn Nets,Cleveland Cavaliers,25,2,0.227,0.908,2.635,0.681,0.903,1.942
2025,Ben Simmons,PG,Brooklyn Nets,Boston Celtics,25,3,0.227,0.432,2.536,0.204,0.97,1.91
2025,Ben Simmons,PG,Brooklyn Nets,Houston Rockets,25,4,0.227,0.457,2.052,0.23,0.966,1.618
2025,Ben Simmons,PG,Brooklyn Nets,New York Knicks,25,5,0.227,1.105,1.945,0.878,0.877,1.518
2025,Ben Simmons,PG,Brooklyn Nets,Minnesota Timberwolves,25,10,0.227,0.2,1.765,0,1,1.459
2025,Ben Simmons,PG,Brooklyn Nets,Los Angeles Clippers,25,9,0.227,1.03,1.824,0.803,0.887,1.449
2025,Ben Simmons,PG,Brooklyn Nets,Denver Nuggets,25,8,0.227,0.822,1.772,0.595,0.915,1.429
2025,Ben Simmons,PG,Brooklyn Nets,Indiana Pacers,25,6,0.227,1.379,1.786,1.152,0.841,1.408
2025,Ben Simmons,PG,Brooklyn Nets,Los Angeles Lakers,25,7,0.227,1.252,1.694,1.025,0.857,1.359
2025,Ben Simmons,PG,Brooklyn Nets,Memphis Grizzlies,25,13,0.227,0.849,1.587,0.621,0.911,1.317
2025,Ben Simmons,PG,Brooklyn Nets,Golden State Warriors,25,12,0.227,1.025,1.572,0.797,0.887,1.298
2025,Ben Simmons,PG,Brooklyn Nets,Milwaukee Bucks,25,11,0.227,1.065,1.559,0.838,0.882,1.288
2025,Ben Simmons,PG,Brooklyn Nets,Detroit Pistons,25,14,0.227,1.099,1.322,0.872,0.877,1.144
2025,Ben Simmons,PG,Brooklyn Nets,Orlando Magic,25,15,0.227,0.182,1.141,0,1,1.085
2025,Ben Simmons,PG,Los Angeles Clippers,Oklahoma City Thunder,9,1,-0.292,1.646,1.142,1.939,0.748,0.984
2025,Ben Simmons,PG,Brooklyn Nets,Sacramento Kings,25,17,0.227,0.871,1.015,0.644,0.908,0.972
2025,Ben Simmons,PG,Brooklyn Nets,Atlanta Hawks,25,16,0.227,1.258,0.983,1.031,0.857,0.932
2025,Ben Simmons,PG,Brooklyn Nets,Miami Heat,25,20,0.227,0.39,0.857,0.163,0.976,0.905
2025,Ben Simmons,PG,Brooklyn Nets,Chicago Bulls,25,18,0.227,0.694,0.861,0.467,0.932,0.89
2025,Ben Simmons,PG,Brooklyn Nets,Dallas Mavericks,25,19,0.227,1.413,0.831,1.185,0.837,0.834
2025,Ben Simmons,PG,Los Angeles Clippers,Cleveland Cavaliers,9,2,-0.292,0.908,0.811,1.201,0.835,0.821
2025,Ben Simmons,PG,Los Angeles Clippers,Boston Celtics,9,3,-0.292,0.432,0.712,0.724,0.897,0.786
2025,Ben Simmons,PG,Brooklyn Nets,Portland Trail Blazers,25,22,0.227,0.141,0.566,0,1,0.739
2025,Ben Simmons,PG,Brooklyn Nets,Phoenix Suns,25,21,0.227,0.387,0.562,0.16,0.976,0.728
2025,Ben Simmons,PG,Brooklyn Nets,San Antonio Spurs,25,23,0.227,0.766,0.468,0.539,0.922,0.65
2025,Ben Simmons,PG,Brooklyn Nets,Toronto Raptors,25,24,0.227,0.562,0.285,0.334,0.951,0.551
2025,Ben Simmons,PG,Los Angeles Clippers,Houston Rockets,9,4,-0.292,0.457,0.228,0.749,0.894,0.495
2025,Ben Simmons,PG,Los Angeles Clippers,New York Knicks,9,5,-0.292,1.105,0.121,1.397,0.811,0.397
2025,Bennedict Mathurin,SF,Indiana Pacers,Oklahoma City Thunder,6,1,0.534,0.332,1.18,0,1,1.108
2025,Bennedict Mathurin,SF,Indiana Pacers,Cleveland Cavaliers,6,2,0.534,0.475,0.849,0,1,0.909
2025,Bennedict Mathurin,SF,Indiana Pacers,Boston Celtics,6,3,0.534,1.283,0.75,0.749,0.894,0.808
2025,Bennedict Mathurin,SF,Indiana Pacers,Houston Rockets,6,4,0.534,1.573,0.266,1.039,0.856,0.502
2025,Bennedict Mathurin,SF,Indiana Pacers,New York Knicks,6,5,0.534,0.764,0.159,0.23,0.966,0.482
2025,Bennedict Mathurin,SF,Indiana Pacers,Los Angeles Clippers,6,9,0.534,1.392,0.038,0.858,0.879,0.374
2025,Bilal Coulibaly,SF,Washington Wizards,Oklahoma City Thunder,29,1,0.702,0.332,3.577,0,1,2.546
2025,Bilal Coulibaly,SF,Washington Wizards,Cleveland Cavaliers,29,2,0.702,0.475,3.246,0,1,2.348
2025,Bilal Coulibaly,SF,Washington Wizards,Boston Celtics,29,3,0.702,1.283,3.148,0.581,0.917,2.255
2025,Bilal Coulibaly,SF,Washington Wizards,Houston Rockets,29,4,0.702,1.573,2.664,0.871,0.878,1.949
2025,Bilal Coulibaly,SF,Washington Wizards,New York Knicks,29,5,0.702,0.764,2.557,0.062,0.991,1.93
2025,Bilal Coulibaly,SF,Washington Wizards,Indiana Pacers,29,6,0.702,0.534,2.398,0,1,1.839
2025,Bilal Coulibaly,SF,Washington Wizards,Minnesota Timberwolves,29,10,0.702,-0.433,2.377,0,1,1.826
2025,Bilal Coulibaly,SF,Washington Wizards,Los Angeles Clippers,29,9,0.702,1.392,2.436,0.69,0.902,1.822
2025,Bilal Coulibaly,SF,Washington Wizards,Denver Nuggets,29,8,0.702,0.927,2.384,0.225,0.967,1.817
2025,Bilal Coulibaly,SF,Washington Wizards,Los Angeles Lakers,29,7,0.702,2.119,2.306,1.417,0.809,1.707
2025,Bilal Coulibaly,SF,Washington Wizards,Milwaukee Bucks,29,11,0.702,0.667,2.171,0,1,1.703
2025,Bilal Coulibaly,SF,Washington Wizards,Golden State Warriors,29,12,0.702,1.484,2.183,0.782,0.889,1.666
2025,Bilal Coulibaly,SF,Washington Wizards,Detroit Pistons,29,14,0.702,0.84,1.933,0.138,0.98,1.552
2025,Bilal Coulibaly,SF,Washington Wizards,Orlando Magic,29,15,0.702,1.486,1.753,0.784,0.889,1.407
2025,Bilal Coulibaly,SF,Washington Wizards,Sacramento Kings,29,17,0.702,1.064,1.626,0.361,0.947,1.355
2025,Bilal Coulibaly,SF,Washington Wizards,Atlanta Hawks,29,16,0.702,1.882,1.594,1.18,0.838,1.292
2025,Bilal Coulibaly,SF,Washington Wizards,Dallas Mavericks,29,19,0.702,0.6,1.443,0,1,1.266
2025,Bilal Coulibaly,SF,Washington Wizards,Miami Heat,29,20,0.702,1.143,1.469,0.441,0.936,1.256
2025,Bilal Coulibaly,SF,Washington Wizards,Chicago Bulls,29,18,0.702,1.234,1.473,0.532,0.923,1.253
2025,Bilal Coulibaly,SF,Washington Wizards,Phoenix Suns,29,21,0.702,0.395,1.173,0,1,1.104
2025,Bilal Coulibaly,SF,Washington Wizards,Portland Trail Blazers,29,22,0.702,1.194,1.177,0.492,0.929,1.078
2025,Bilal Coulibaly,SF,Washington Wizards,San Antonio Spurs,29,23,0.702,0.392,1.08,0,1,1.048
2025,Bilal Coulibaly,SF,Washington Wizards,Toronto Raptors,29,24,0.702,1.249,0.897,0.546,0.921,0.906
2025,Bilal Coulibaly,SF,Washington Wizards,Brooklyn Nets,29,25,0.702,0.258,0.612,0,1,0.767
2025,Bilal Coulibaly,SF,Washington Wizards,Philadelphia 76ers,29,26,0.702,0.804,0.554,0.102,0.985,0.726
2025,Bilal Coulibaly,SF,Washington Wizards,New Orleans Pelicans,29,27,0.702,1.332,0.276,0.63,0.91,0.529
2025,Bilal Coulibaly,SF,Washington Wizards,Charlotte Hornets,29,28,0.702,1.088,0.228,0.386,0.944,0.515
2025,Bilal Coulibaly,SF,Washington Wizards,Utah Jazz,29,30,0.702,0.075,0.073,0,1,0.444
2025,Bismack Biyombo,C,San Antonio Spurs,Oklahoma City Thunder,23,1,-0.221,1.018,2.497,1.238,0.83,1.831
2025,Bismack Biyombo,C,San Antonio Spurs,Cleveland Cavaliers,23,2,-0.221,0.96,2.166,1.181,0.838,1.635
2025,Bismack Biyombo,C,San Antonio Spurs,Boston Celtics,23,3,-0.221,0.929,2.068,1.15,0.842,1.577
2025,Bismack Biyombo,C,San Antonio Spurs,Houston Rockets,23,4,-0.221,0.807,1.584,1.028,0.857,1.293
2025,Bismack Biyombo,C,San Antonio Spurs,New York Knicks,23,5,-0.221,1.332,1.477,1.553,0.792,1.203
2025,Bismack Biyombo,C,San Antonio Spurs,Indiana Pacers,23,6,-0.221,0.754,1.318,0.975,0.864,1.136
2025,Bismack Biyombo,C,San Antonio Spurs,Los Angeles Clippers,23,9,-0.221,1.266,1.355,1.487,0.8,1.133
2025,Bismack Biyombo,C,San Antonio Spurs,Minnesota Timberwolves,23,10,-0.221,1.008,1.297,1.229,0.832,1.111
2025,Bismack Biyombo,C,San Antonio Spurs,Denver Nuggets,23,8,-0.221,1.827,1.304,2.048,0.735,1.076
2025,Bismack Biyombo,C,San Antonio Spurs,Golden State Warriors,23,12,-0.221,-0.087,1.103,0.134,0.98,1.054
2025,Bismack Biyombo,C,San Antonio Spurs,Los Angeles Lakers,23,7,-0.221,1.908,1.226,2.129,0.727,1.026
2025,Bismack Biyombo,C,San Antonio Spurs,Memphis Grizzlies,23,13,-0.221,0.773,1.119,0.994,0.861,1.016
2025,Bismack Biyombo,C,San Antonio Spurs,Milwaukee Bucks,23,11,-0.221,0.498,1.091,0.719,0.898,1.014
2025,Bismack Biyombo,C,San Antonio Spurs,Detroit Pistons,23,14,-0.221,0.988,0.853,1.208,0.834,0.846
2025,Bismack Biyombo,C,San Antonio Spurs,Orlando Magic,23,15,-0.221,0.455,0.673,0.676,0.904,0.765
2025,Bismack Biyombo,C,San Antonio Spurs,Atlanta Hawks,23,16,-0.221,0.616,0.514,0.837,0.882,0.661
2025,Bismack Biyombo,C,San Antonio Spurs,Sacramento Kings,23,17,-0.221,1.198,0.546,1.419,0.808,0.651
2025,Bismack Biyombo,C,San Antonio Spurs,Miami Heat,23,20,-0.221,0.612,0.389,0.833,0.882,0.586
2025,Bismack Biyombo,C,San Antonio Spurs,Chicago Bulls,23,18,-0.221,0.827,0.393,1.048,0.855,0.577
2025,Bismack Biyombo,C,San Antonio Spurs,Dallas Mavericks,23,19,-0.221,1.114,0.363,1.335,0.819,0.545
2025,Bismack Biyombo,C,San Antonio Spurs,Phoenix Suns,23,21,-0.221,0.34,0.093,0.561,0.919,0.424
2025,Bismack Biyombo,C,San Antonio Spurs,Portland Trail Blazers,23,22,-0.221,0.7,0.097,0.921,0.871,0.407
2025,Blake Wesley,SG,San Antonio Spurs,Oklahoma City Thunder,23,1,-0.36,1.265,2.497,1.625,0.784,1.812
2025,Blake Wesley,SG,San Antonio Spurs,Cleveland Cavaliers,23,2,-0.36,1.342,2.166,1.702,0.775,1.61
2025,Blake Wesley,SG,San Antonio Spurs,Boston Celtics,23,3,-0.36,0.808,2.068,1.168,0.839,1.576
2025,Blake Wesley,SG,San Antonio Spurs,Houston Rockets,23,4,-0.36,0.724,1.584,1.084,0.85,1.29
2025,Blake Wesley,SG,San Antonio Spurs,New York Knicks,23,5,-0.36,0.807,1.477,1.167,0.839,1.222
2025,Blake Wesley,SG,San Antonio Spurs,Indiana Pacers,23,6,-0.36,0.275,1.318,0.635,0.909,1.154
2025,Blake Wesley,SG,San Antonio Spurs,Los Angeles Clippers,23,9,-0.36,1.026,1.355,1.386,0.812,1.138
2025,Blake Wesley,SG,San Antonio Spurs,Denver Nuggets,23,8,-0.36,0.812,1.304,1.172,0.839,1.118
2025,Blake Wesley,SG,San Antonio Spurs,Minnesota Timberwolves,23,10,-0.36,1.353,1.297,1.713,0.773,1.087
2025,Blake Wesley,SG,San Antonio Spurs,Los Angeles Lakers,23,7,-0.36,1.047,1.226,1.407,0.81,1.059
2025,Blake Wesley,SG,San Antonio Spurs,Golden State Warriors,23,12,-0.36,0.448,1.103,0.808,0.886,1.016
2025,Blake Wesley,SG,San Antonio Spurs,Memphis Grizzlies,23,13,-0.36,0.996,1.119,1.356,0.816,0.998
2025,Blake Wesley,SG,San Antonio Spurs,Milwaukee Bucks,23,11,-0.36,0.683,1.091,1.043,0.855,0.997
2025,Blake Wesley,SG,San Antonio Spurs,Detroit Pistons,23,14,-0.36,2.249,0.853,2.609,0.676,0.782
2025,Blake Wesley,SG,San Antonio Spurs,Orlando Magic,23,15,-0.36,0.142,0.673,0.502,0.928,0.775
2025,Blake Wesley,SG,San Antonio Spurs,Sacramento Kings,23,17,-0.36,0.908,0.546,1.268,0.827,0.659
2025,Blake Wesley,SG,San Antonio Spurs,Atlanta Hawks,23,16,-0.36,1.001,0.514,1.361,0.815,0.635
2025,Blake Wesley,SG,San Antonio Spurs,Chicago Bulls,23,18,-0.36,0.842,0.393,1.201,0.835,0.57
2025,Blake Wesley,SG,San Antonio Spurs,Miami Heat,23,20,-0.36,1.223,0.389,1.583,0.789,0.549
2025,Blake Wesley,SG,San Antonio Spurs,Dallas Mavericks,23,19,-0.36,1.335,0.363,1.695,0.775,0.528
2025,Blake Wesley,SG,San Antonio Spurs,Portland Trail Blazers,23,22,-0.36,0.782,0.097,1.142,0.843,0.395
2025,Blake Wesley,SG,San Antonio Spurs,Phoenix Suns,23,21,-0.36,1.298,0.093,1.658,0.78,0.368
2025,Bobby Portis,PF,Milwaukee Bucks,Oklahoma City Thunder,11,1,0.7,0.795,1.406,0.095,0.986,1.238
2025,Bobby Portis,PF,Milwaukee Bucks,Cleveland Cavaliers,11,2,0.7,1.717,1.075,1.017,0.859,0.989
2025,Bobby Portis,PF,Milwaukee Bucks,Boston Celtics,11,3,0.7,1.509,0.977,0.808,0.886,0.941
2025,Bobby Portis,PF,Milwaukee Bucks,Houston Rockets,11,4,0.7,0.863,0.493,0.163,0.976,0.686
2025,Bobby Portis,PF,Milwaukee Bucks,New York Knicks,11,5,0.7,0.825,0.386,0.125,0.981,0.624
2025,Bobby Portis,PF,Milwaukee Bucks,Los Angeles Clippers,11,9,0.7,-0.25,0.265,0,1,0.559
2025,Bobby Portis,PF,Milwaukee Bucks,Denver Nuggets,11,8,0.7,0.4,0.213,0,1,0.528
2025,Bobby Portis,PF,Milwaukee Bucks,Minnesota Timberwolves,11,10,0.7,0.731,0.206,0.031,0.995,0.522
2025,Bobby Portis,PF,Milwaukee Bucks,Indiana Pacers,11,6,0.7,0.96,0.227,0.259,0.962,0.521
2025,Bobby Portis,PF,Milwaukee Bucks,Los Angeles Lakers,11,7,0.7,0.286,0.135,0,1,0.481
2025,Bobby Portis,PF,Milwaukee Bucks,Memphis Grizzlies,11,13,0.7,0.525,0.028,0,1,0.417
2025,Bobby Portis,PF,Milwaukee Bucks,Golden State Warriors,11,12,0.7,0.698,0.013,0,1,0.408
2025,Bobi Klintman,SF,Detroit Pistons,Oklahoma City Thunder,14,1,-0.4,0.332,1.644,0.732,0.896,1.345
2025,Bobi Klintman,SF,Detroit Pistons,Cleveland Cavaliers,14,2,-0.4,0.475,1.313,0.875,0.877,1.139
2025,Bobi Klintman,SF,Detroit Pistons,Boston Celtics,14,3,-0.4,1.283,1.215,1.683,0.777,1.039
2025,Bobi Klintman,SF,Detroit Pistons,Houston Rockets,14,4,-0.4,1.573,0.731,1.973,0.744,0.736
2025,Bobi Klintman,SF,Detroit Pistons,New York Knicks,14,5,-0.4,0.764,0.623,1.164,0.84,0.71
2025,Bobi Klintman,SF,Detroit Pistons,Minnesota Timberwolves,14,10,-0.4,-0.433,0.443,0,1,0.666
2025,Bobi Klintman,SF,Detroit Pistons,Indiana Pacers,14,6,-0.4,0.534,0.464,0.934,0.869,0.626
2025,Bobi Klintman,SF,Detroit Pistons,Los Angeles Clippers,14,9,-0.4,1.392,0.502,1.791,0.764,0.607
2025,Bobi Klintman,SF,Detroit Pistons,Denver Nuggets,14,8,-0.4,0.927,0.45,1.327,0.82,0.598
2025,Bobi Klintman,SF,Detroit Pistons,Los Angeles Lakers,14,7,-0.4,2.119,0.373,2.518,0.685,0.498
2025,Bobi Klintman,SF,Detroit Pistons,Milwaukee Bucks,14,11,-0.4,0.667,0.237,1.067,0.852,0.483
2025,Bobi Klintman,SF,Detroit Pistons,Golden State Warriors,14,12,-0.4,1.484,0.25,1.884,0.754,0.452
2025,Bogdan Bogdanović,SG,Atlanta Hawks,Oklahoma City Thunder,16,1,-0.153,1.265,1.983,1.418,0.808,1.513
2025,Bogdan Bogdanović,SG,Atlanta Hawks,Cleveland Cavaliers,16,2,-0.153,1.342,1.652,1.495,0.799,1.311
2025,Bogdan Bogdanović,SG,Atlanta Hawks,Boston Celtics,16,3,-0.153,0.808,1.553,0.961,0.866,1.278
2025,Bogdan Bogdanović,SG,Los Angeles Clippers,Oklahoma City Thunder,9,1,0.391,1.265,1.142,0.874,0.877,1.036
2025,Bogdan Bogdanović,SG,Atlanta Hawks,Houston Rockets,16,4,-0.153,0.724,1.07,0.877,0.877,0.992
2025,Bogdan Bogdanović,SG,Atlanta Hawks,New York Knicks,16,5,-0.153,0.807,0.962,0.96,0.866,0.924
2025,Bogdan Bogdanović,SG,Atlanta Hawks,Indiana Pacers,16,6,-0.153,0.275,0.803,0.428,0.938,0.857
2025,Bogdan Bogdanović,SG,Atlanta Hawks,Los Angeles Clippers,16,9,-0.153,1.026,0.841,1.179,0.838,0.84
2025,Bogdan Bogdanović,SG,Los Angeles Clippers,Cleveland Cavaliers,9,2,0.391,1.342,0.811,0.951,0.867,0.833
2025,Bogdan Bogdanović,SG,Atlanta Hawks,Denver Nuggets,16,8,-0.153,0.812,0.789,0.965,0.865,0.82
2025,Bogdan Bogdanović,SG,Los Angeles Clippers,Boston Celtics,9,3,0.391,0.808,0.712,0.417,0.939,0.803
2025,Bogdan Bogdanović,SG,Atlanta Hawks,Minnesota Timberwolves,16,10,-0.153,1.353,0.782,1.506,0.798,0.788
2025,Bogdan Bogdanović,SG,Atlanta Hawks,Los Angeles Lakers,16,7,-0.153,1.047,0.712,1.2,0.835,0.761
2025,Bogdan Bogdanović,SG,Atlanta Hawks,Golden State Warriors,16,12,-0.153,0.448,0.589,0.601,0.914,0.719
2025,Bogdan Bogdanović,SG,Atlanta Hawks,Memphis Grizzlies,16,13,-0.153,0.996,0.605,1.149,0.842,0.699
2025,Bogdan Bogdanović,SG,Atlanta Hawks,Milwaukee Bucks,16,11,-0.153,0.683,0.576,0.836,0.882,0.699
2025,Bogdan Bogdanović,SG,Los Angeles Clippers,Houston Rockets,9,4,0.391,0.724,0.228,0.333,0.951,0.518
2025,Bogdan Bogdanović,SG,Atlanta Hawks,Detroit Pistons,16,14,-0.153,2.249,0.339,2.402,0.697,0.482
2025,Bogdan Bogdanović,SG,Atlanta Hawks,Orlando Magic,16,15,-0.153,0.142,0.159,0.295,0.957,0.478
2025,Bogdan Bogdanović,SG,Los Angeles Clippers,New York Knicks,9,5,0.391,0.807,0.121,0.416,0.94,0.448
2025,Bogdan Bogdanović,SG,Atlanta Hawks,Sacramento Kings,16,17,-0.153,0.908,0.032,1.061,0.853,0.36
2025,Bol Bol,PF,Phoenix Suns,Oklahoma City Thunder,21,1,0.057,0.795,2.404,0.738,0.895,1.8
2025,Bol Bol,PF,Phoenix Suns,Cleveland Cavaliers,21,2,0.057,1.717,2.073,1.66,0.78,1.556
2025,Bol Bol,PF,Phoenix Suns,Boston Celtics,21,3,0.057,1.509,1.974,1.452,0.804,1.506
2025,Bol Bol,PF,Phoenix Suns,Houston Rockets,21,4,0.057,0.863,1.491,0.806,0.886,1.249
2025,Bol Bol,PF,Phoenix Suns,New York Knicks,21,5,0.057,0.825,1.383,0.769,0.891,1.186
2025,Bol Bol,PF,Phoenix Suns,Los Angeles Clippers,21,9,0.057,-0.25,1.262,0,1,1.157
2025,Bol Bol,PF,Phoenix Suns,Denver Nuggets,21,8,0.057,0.4,1.21,0.343,0.95,1.106
2025,Bol Bol,PF,Phoenix Suns,Indiana Pacers,21,6,0.057,0.96,1.224,0.903,0.873,1.084
2025,Bol Bol,PF,Phoenix Suns,Minnesota Timberwolves,21,10,0.057,0.731,1.203,0.674,0.904,1.083
2025,Bol Bol,PF,Phoenix Suns,Los Angeles Lakers,21,7,0.057,0.286,1.132,0.229,0.966,1.066
2025,Bol Bol,PF,Phoenix Suns,Memphis Grizzlies,21,13,0.057,0.525,1.025,0.468,0.932,0.988
2025,Bol Bol,PF,Phoenix Suns,Golden State Warriors,21,12,0.057,0.698,1.01,0.641,0.908,0.969
2025,Bol Bol,PF,Phoenix Suns,Milwaukee Bucks,21,11,0.057,2.524,0.997,2.467,0.691,0.875
2025,Bol Bol,PF,Phoenix Suns,Detroit Pistons,21,14,0.057,0.573,0.76,0.516,0.925,0.826
2025,Bol Bol,PF,Phoenix Suns,Orlando Magic,21,15,0.057,1.217,0.58,1.16,0.84,0.684
2025,Bol Bol,PF,Phoenix Suns,Sacramento Kings,21,17,0.057,0.523,0.453,0.466,0.932,0.645
2025,Bol Bol,PF,Phoenix Suns,Atlanta Hawks,21,16,0.057,0.235,0.421,0.178,0.974,0.642
2025,Bol Bol,PF,Phoenix Suns,Chicago Bulls,21,18,0.057,0.411,0.299,0.354,0.948,0.559
2025,Bol Bol,PF,Phoenix Suns,Miami Heat,21,20,0.057,0.861,0.295,0.804,0.886,0.532
2025,Bol Bol,PF,Phoenix Suns,Dallas Mavericks,21,19,0.057,1.939,0.27,1.882,0.754,0.463
2025,Bol Bol,PF,Phoenix Suns,Portland Trail Blazers,21,22,0.057,0.482,0.004,0.425,0.938,0.378
2025,Bones Hyland,PG,Minnesota Timberwolves,Oklahoma City Thunder,10,1,-0.295,1.646,1.201,1.941,0.747,1.019
2025,Bones Hyland,PG,Los Angeles Clippers,Oklahoma City Thunder,9,1,-0.151,1.646,1.142,1.797,0.764,0.991
2025,Bones Hyland,PG,Minnesota Timberwolves,Cleveland Cavaliers,10,2,-0.295,0.908,0.87,1.203,0.835,0.856
2025,Bones Hyland,PG,Los Angeles Clippers,Cleveland Cavaliers,9,2,-0.151,0.908,0.811,1.059,0.853,0.828
2025,Bones Hyland,PG,Minnesota Timberwolves,Boston Celtics,10,3,-0.295,0.432,0.771,0.727,0.897,0.821
2025,Bones Hyland,PG,Los Angeles Clippers,Boston Celtics,9,3,-0.151,0.432,0.712,0.583,0.916,0.794
2025,Bones Hyland,PG,Minnesota Timberwolves,Houston Rockets,10,4,-0.295,0.457,0.287,0.752,0.893,0.53
2025,Bones Hyland,PG,Los Angeles Clippers,Houston Rockets,9,4,-0.151,0.457,0.228,0.608,0.913,0.502
2025,Bones Hyland,PG,Minnesota Timberwolves,New York Knicks,10,5,-0.295,1.105,0.18,1.4,0.811,0.432
2025,Bones Hyland,PG,Los Angeles Clippers,New York Knicks,9,5,-0.151,1.105,0.121,1.256,0.828,0.404
2025,Bones Hyland,PG,Minnesota Timberwolves,Los Angeles Clippers,10,9,-0.295,1.03,0.059,1.325,0.82,0.363
2025,Bones Hyland,PG,Minnesota Timberwolves,Denver Nuggets,10,8,-0.295,0.822,0.007,1.117,0.846,0.343
2025,Bones Hyland,PG,Minnesota Timberwolves,Indiana Pacers,10,6,-0.295,1.379,0.021,1.674,0.778,0.324
2025,Bradley Beal,SG,Phoenix Suns,Oklahoma City Thunder,21,1,0.739,1.265,2.404,0.526,0.924,1.812
2025,Bradley Beal,SG,Phoenix Suns,Cleveland Cavaliers,21,2,0.739,1.342,2.073,0.603,0.914,1.609
2025,Bradley Beal,SG,Phoenix Suns,Boston Celtics,21,3,0.739,0.808,1.974,0.069,0.99,1.581
2025,Bradley Beal,SG,Phoenix Suns,Houston Rockets,21,4,0.739,0.724,1.491,0,1,1.294
2025,Bradley Beal,SG,Phoenix Suns,New York Knicks,21,5,0.739,0.807,1.383,0.067,0.99,1.226
2025,Bradley Beal,SG,Phoenix Suns,Los Angeles Clippers,21,9,0.739,1.026,1.262,0.287,0.958,1.14
2025,Bradley Beal,SG,Phoenix Suns,Indiana Pacers,21,6,0.739,0.275,1.224,0,1,1.135
2025,Bradley Beal,SG,Phoenix Suns,Denver Nuggets,21,8,0.739,0.812,1.21,0.073,0.989,1.122
2025,Bradley Beal,SG,Phoenix Suns,Minnesota Timberwolves,21,10,0.739,1.353,1.203,0.614,0.912,1.087
2025,Bradley Beal,SG,Phoenix Suns,Los Angeles Lakers,21,7,0.739,1.047,1.132,0.308,0.955,1.061
2025,Bradley Beal,SG,Phoenix Suns,Golden State Warriors,21,12,0.739,0.448,1.01,0,1,1.006
2025,Bradley Beal,SG,Phoenix Suns,Memphis Grizzlies,21,13,0.739,0.996,1.025,0.256,0.962,1
2025,Bradley Beal,SG,Phoenix Suns,Milwaukee Bucks,21,11,0.739,0.683,0.997,0,1,0.998
2025,Bradley Beal,SG,Phoenix Suns,Detroit Pistons,21,14,0.739,2.249,0.76,1.51,0.797,0.775
2025,Bradley Beal,SG,Phoenix Suns,Orlando Magic,21,15,0.739,0.142,0.58,0,1,0.748
2025,Bradley Beal,SG,Phoenix Suns,Sacramento Kings,21,17,0.739,0.908,0.453,0.169,0.975,0.662
2025,Bradley Beal,SG,Phoenix Suns,Atlanta Hawks,21,16,0.739,1.001,0.421,0.262,0.962,0.637
2025,Bradley Beal,SG,Phoenix Suns,Chicago Bulls,21,18,0.739,0.842,0.299,0.102,0.985,0.573
2025,Bradley Beal,SG,Phoenix Suns,Miami Heat,21,20,0.739,1.223,0.295,0.484,0.93,0.549
2025,Bradley Beal,SG,Phoenix Suns,Dallas Mavericks,21,19,0.739,1.335,0.27,0.596,0.914,0.528
2025,Bradley Beal,SG,Phoenix Suns,Portland Trail Blazers,21,22,0.739,0.782,0.004,0.043,0.994,0.4
2025,Brandin Podziemski,SG,Golden State Warriors,Oklahoma City Thunder,12,1,0.448,1.265,1.394,0.817,0.885,1.19
2025,Brandin Podziemski,SG,Golden State Warriors,Cleveland Cavaliers,12,2,0.448,1.342,1.063,0.894,0.875,0.988
2025,Brandin Podziemski,SG,Golden State Warriors,Boston Celtics,12,3,0.448,0.808,0.964,0.36,0.947,0.958
2025,Brandin Podziemski,SG,Golden State Warriors,Houston Rockets,12,4,0.448,0.724,0.481,0.276,0.959,0.672
2025,Brandin Podziemski,SG,Golden State Warriors,New York Knicks,12,5,0.448,0.807,0.373,0.359,0.948,0.603
2025,Brandin Podziemski,SG,Golden State Warriors,Indiana Pacers,12,6,0.448,0.275,0.214,0,1,0.529
2025,Brandin Podziemski,SG,Golden State Warriors,Los Angeles Clippers,12,9,0.448,1.026,0.252,0.578,0.917,0.518
2025,Brandin Podziemski,SG,Golden State Warriors,Denver Nuggets,12,8,0.448,0.812,0.2,0.364,0.947,0.499
2025,Brandin Podziemski,SG,Golden State Warriors,Minnesota Timberwolves,12,10,0.448,1.353,0.193,0.905,0.873,0.465
2025,Brandin Podziemski,SG,Golden State Warriors,Los Angeles Lakers,12,7,0.448,1.047,0.123,0.599,0.914,0.439
2025,Brandin Podziemski,SG,Golden State Warriors,Memphis Grizzlies,12,13,0.448,0.996,0.016,0.548,0.921,0.378
2025,Brandon Boston Jr.,SG,New Orleans Pelicans,Oklahoma City Thunder,27,1,0.263,1.265,3.302,1.003,0.86,2.325
2025,Brandon Boston Jr.,SG,New Orleans Pelicans,Cleveland Cavaliers,27,2,0.263,1.342,2.971,1.079,0.851,2.123
2025,Brandon Boston Jr.,SG,New Orleans Pelicans,Boston Celtics,27,3,0.263,0.808,2.872,0.546,0.921,2.092
2025,Brandon Boston Jr.,SG,New Orleans Pelicans,Houston Rockets,27,4,0.263,0.724,2.388,0.462,0.933,1.806
2025,Brandon Boston Jr.,SG,New Orleans Pelicans,New York Knicks,27,5,0.263,0.807,2.281,0.544,0.922,1.737
2025,Brandon Boston Jr.,SG,New Orleans Pelicans,Indiana Pacers,27,6,0.263,0.275,2.122,0.012,0.998,1.672
2025,Brandon Boston Jr.,SG,New Orleans Pelicans,Los Angeles Clippers,27,9,0.263,1.026,2.16,0.763,0.892,1.653
2025,Brandon Boston Jr.,SG,New Orleans Pelicans,Denver Nuggets,27,8,0.263,0.812,2.108,0.549,0.921,1.633
2025,Brandon Boston Jr.,SG,New Orleans Pelicans,Minnesota Timberwolves,27,10,0.263,1.353,2.101,1.091,0.849,1.6
2025,Brandon Boston Jr.,SG,New Orleans Pelicans,Los Angeles Lakers,27,7,0.263,1.047,2.03,0.785,0.889,1.574
2025,Brandon Boston Jr.,SG,New Orleans Pelicans,Golden State Warriors,27,12,0.263,0.448,1.908,0.186,0.973,1.534
2025,Brandon Boston Jr.,SG,New Orleans Pelicans,Milwaukee Bucks,27,11,0.263,0.683,1.895,0.42,0.939,1.513
2025,Brandon Boston Jr.,SG,New Orleans Pelicans,Memphis Grizzlies,27,13,0.263,0.996,1.923,0.733,0.896,1.512
2025,Brandon Boston Jr.,SG,New Orleans Pelicans,Detroit Pistons,27,14,0.263,2.249,1.658,1.987,0.742,1.292
2025,Brandon Boston Jr.,SG,New Orleans Pelicans,Orlando Magic,27,15,0.263,0.142,1.477,0,1,1.286
2025,Brandon Boston Jr.,SG,New Orleans Pelicans,Sacramento Kings,27,17,0.263,0.908,1.351,0.646,0.908,1.173
2025,Brandon Boston Jr.,SG,New Orleans Pelicans,Atlanta Hawks,27,16,0.263,1.001,1.319,0.739,0.895,1.149
2025,Brandon Boston Jr.,SG,New Orleans Pelicans,Chicago Bulls,27,18,0.263,0.842,1.197,0.579,0.917,1.085
2025,Brandon Boston Jr.,SG,New Orleans Pelicans,Miami Heat,27,20,0.263,1.223,1.193,0.961,0.866,1.062
2025,Brandon Boston Jr.,SG,New Orleans Pelicans,Dallas Mavericks,27,19,0.263,1.335,1.167,1.073,0.851,1.041
2025,Brandon Boston Jr.,SG,New Orleans Pelicans,Portland Trail Blazers,27,22,0.263,0.782,0.902,0.52,0.925,0.911
2025,Brandon Boston Jr.,SG,New Orleans Pelicans,Phoenix Suns,27,21,0.263,1.298,0.898,1.036,0.856,0.881
2025,Brandon Boston Jr.,SG,New Orleans Pelicans,San Antonio Spurs,27,23,0.263,0.668,0.804,0.405,0.941,0.859
2025,Brandon Boston Jr.,SG,New Orleans Pelicans,Toronto Raptors,27,24,0.263,0.479,0.621,0.216,0.968,0.76
2025,Brandon Boston Jr.,SG,New Orleans Pelicans,Brooklyn Nets,27,25,0.263,0.95,0.336,0.687,0.902,0.562
2025,Brandon Boston Jr.,SG,New Orleans Pelicans,Philadelphia 76ers,27,26,0.263,1.127,0.278,0.865,0.878,0.518
2025,Brandon Clarke,PF,Memphis Grizzlies,Oklahoma City Thunder,13,1,0.36,0.795,1.378,0.435,0.937,1.202
2025,Brandon Clarke,PF,Memphis Grizzlies,Cleveland Cavaliers,13,2,0.36,1.717,1.047,1.357,0.816,0.955
2025,Brandon Clarke,PF,Memphis Grizzlies,Boston Celtics,13,3,0.36,1.509,0.949,1.149,0.842,0.906
2025,Brandon Clarke,PF,Memphis Grizzlies,Houston Rockets,13,4,0.36,0.863,0.465,0.503,0.927,0.65
2025,Brandon Clarke,PF,Memphis Grizzlies,New York Knicks,13,5,0.36,0.825,0.358,0.466,0.933,0.588
2025,Brandon Clarke,PF,Memphis Grizzlies,Los Angeles Clippers,13,9,0.36,-0.25,0.237,0,1,0.542
2025,Brandon Clarke,PF,Memphis Grizzlies,Denver Nuggets,13,8,0.36,0.4,0.185,0.04,0.994,0.509
2025,Brandon Clarke,PF,Memphis Grizzlies,Indiana Pacers,13,6,0.36,0.96,0.199,0.6,0.914,0.485
2025,Brandon Clarke,PF,Memphis Grizzlies,Minnesota Timberwolves,13,10,0.36,0.731,0.178,0.371,0.946,0.485
2025,Brandon Clarke,PF,Memphis Grizzlies,Los Angeles Lakers,13,7,0.36,0.286,0.107,0,1,0.464
2025,Brandon Ingram,SF,New Orleans Pelicans,Oklahoma City Thunder,27,1,1.332,0.332,3.302,0,1,2.381
2025,Brandon Ingram,SF,New Orleans Pelicans,Cleveland Cavaliers,27,2,1.332,0.475,2.971,0,1,2.182
2025,Brandon Ingram,SF,New Orleans Pelicans,Boston Celtics,27,3,1.332,1.283,2.872,0,1,2.123
2025,Brandon Ingram,SF,New Orleans Pelicans,Houston Rockets,27,4,1.332,1.573,2.388,0.241,0.965,1.819
2025,Brandon Ingram,SF,New Orleans Pelicans,New York Knicks,27,5,1.332,0.764,2.281,0,1,1.769
2025,Brandon Ingram,SF,New Orleans Pelicans,Los Angeles Clippers,27,9,1.332,1.392,2.16,0.06,0.991,1.692
2025,Brandon Ingram,SF,New Orleans Pelicans,Indiana Pacers,27,6,1.332,0.534,2.122,0,1,1.673
2025,Brandon Ingram,SF,New Orleans Pelicans,Denver Nuggets,27,8,1.332,0.927,2.108,0,1,1.665
2025,Brandon Ingram,SF,New Orleans Pelicans,Minnesota Timberwolves,27,10,1.332,-0.433,2.101,0,1,1.661
2025,Brandon Ingram,SF,New Orleans Pelicans,Los Angeles Lakers,27,7,1.332,2.119,2.03,0.787,0.889,1.574
2025,Brandon Ingram,SF,New Orleans Pelicans,Milwaukee Bucks,27,11,1.332,0.667,1.895,0,1,1.537
2025,Brandon Ingram,SF,New Orleans Pelicans,Golden State Warriors,27,12,1.332,1.484,1.908,0.152,0.977,1.536
2025,Brandon Ingram,SF,New Orleans Pelicans,Detroit Pistons,27,14,1.332,0.84,1.658,0,1,1.395
2025,Brandon Ingram,SF,New Orleans Pelicans,Orlando Magic,27,15,1.332,1.486,1.477,0.154,0.977,1.277
2025,Brandon Ingram,SF,New Orleans Pelicans,Sacramento Kings,27,17,1.332,1.064,1.351,0,1,1.21
2025,Brandon Ingram,SF,New Orleans Pelicans,Atlanta Hawks,27,16,1.332,1.882,1.319,0.55,0.921,1.16
2025,Brandon Ingram,SF,New Orleans Pelicans,Chicago Bulls,27,18,1.332,1.234,1.197,0,1,1.118
2025,Brandon Ingram,SF,New Orleans Pelicans,Miami Heat,27,20,1.332,1.143,1.193,0,1,1.116
2025,Brandon Ingram,SF,New Orleans Pelicans,Dallas Mavericks,27,19,1.332,0.6,1.167,0,1,1.1
2025,Brandon Ingram,SF,New Orleans Pelicans,Portland Trail Blazers,27,22,1.332,1.194,0.902,0,1,0.941
2025,Brandon Ingram,SF,New Orleans Pelicans,Phoenix Suns,27,21,1.332,0.395,0.898,0,1,0.939
2025,Brandon Ingram,SF,New Orleans Pelicans,San Antonio Spurs,27,23,1.332,0.392,0.804,0,1,0.883
2025,Brandon Ingram,SF,New Orleans Pelicans,Toronto Raptors,27,24,1.332,1.249,0.621,0,1,0.772
2025,Brandon Ingram,SF,New Orleans Pelicans,Brooklyn Nets,27,25,1.332,0.258,0.336,0,1,0.602
2025,Brandon Ingram,SF,New Orleans Pelicans,Philadelphia 76ers,27,26,1.332,0.804,0.278,0,1,0.567
2025,Brandon Miller,SF,Charlotte Hornets,Oklahoma City Thunder,28,1,1.088,0.332,3.349,0,1,2.409
2025,Brandon Miller,SF,Charlotte Hornets,Cleveland Cavaliers,28,2,1.088,0.475,3.018,0,1,2.211
2025,Brandon Miller,SF,Charlotte Hornets,Boston Celtics,28,3,1.088,1.283,2.92,0.196,0.971,2.14
2025,Brandon Miller,SF,Charlotte Hornets,Houston Rockets,28,4,1.088,1.573,2.436,0.485,0.93,1.833
2025,Brandon Miller,SF,Charlotte Hornets,New York Knicks,28,5,1.088,0.764,2.328,0,1,1.797
2025,Brandon Miller,SF,Charlotte Hornets,Los Angeles Clippers,28,9,1.088,1.392,2.207,0.304,0.955,1.707
2025,Brandon Miller,SF,Charlotte Hornets,Indiana Pacers,28,6,1.088,0.534,2.169,0,1,1.702
2025,Brandon Miller,SF,Charlotte Hornets,Denver Nuggets,28,8,1.088,0.927,2.155,0,1,1.693
2025,Brandon Miller,SF,Charlotte Hornets,Minnesota Timberwolves,28,10,1.088,-0.433,2.148,0,1,1.689
2025,Brandon Miller,SF,Charlotte Hornets,Los Angeles Lakers,28,7,1.088,2.119,2.078,1.031,0.857,1.589
2025,Brandon Miller,SF,Charlotte Hornets,Milwaukee Bucks,28,11,1.088,0.667,1.943,0,1,1.566
2025,Brandon Miller,SF,Charlotte Hornets,Golden State Warriors,28,12,1.088,1.484,1.955,0.396,0.942,1.55
2025,Brandon Miller,SF,Charlotte Hornets,Detroit Pistons,28,14,1.088,0.84,1.705,0,1,1.423
2025,Brandon Miller,SF,Charlotte Hornets,Orlando Magic,28,15,1.088,1.486,1.525,0.398,0.942,1.292
2025,Brandon Miller,SF,Charlotte Hornets,Sacramento Kings,28,17,1.088,1.064,1.398,0,1,1.239
2025,Brandon Miller,SF,Charlotte Hornets,Atlanta Hawks,28,16,1.088,1.882,1.366,0.794,0.888,1.175
2025,Brandon Miller,SF,Charlotte Hornets,Miami Heat,28,20,1.088,1.143,1.241,0.055,0.992,1.141
2025,Brandon Miller,SF,Charlotte Hornets,Chicago Bulls,28,18,1.088,1.234,1.244,0.147,0.978,1.138
2025,Brandon Miller,SF,Charlotte Hornets,Dallas Mavericks,28,19,1.088,0.6,1.215,0,1,1.129
2025,Brandon Miller,SF,Charlotte Hornets,Phoenix Suns,28,21,1.088,0.395,0.945,0,1,0.967
2025,Brandon Miller,SF,Charlotte Hornets,Portland Trail Blazers,28,22,1.088,1.194,0.949,0.106,0.984,0.963
2025,Brandon Miller,SF,Charlotte Hornets,San Antonio Spurs,28,23,1.088,0.392,0.852,0,1,0.911
2025,Brandon Miller,SF,Charlotte Hornets,Toronto Raptors,28,24,1.088,1.249,0.668,0.161,0.976,0.791
2025,Brandon Miller,SF,Charlotte Hornets,Brooklyn Nets,28,25,1.088,0.258,0.383,0,1,0.63
2025,Brandon Miller,SF,Charlotte Hornets,Philadelphia 76ers,28,26,1.088,0.804,0.325,0,1,0.595
2025,Brandon Miller,SF,Charlotte Hornets,New Orleans Pelicans,28,27,1.088,1.332,0.047,0.245,0.964,0.414
2025,Brandon Williams,PG,Dallas Mavericks,Oklahoma City Thunder,19,1,0.076,1.646,2.134,1.57,0.79,1.597
2025,Brandon Williams,PG,Dallas Mavericks,Cleveland Cavaliers,19,2,0.076,0.908,1.803,0.832,0.883,1.435
2025,Brandon Williams,PG,Dallas Mavericks,Boston Celtics,19,3,0.076,0.432,1.705,0.356,0.948,1.402
2025,Brandon Williams,PG,Dallas Mavericks,Houston Rockets,19,4,0.076,0.457,1.221,0.381,0.944,1.11
2025,Brandon Williams,PG,Dallas Mavericks,New York Knicks,19,5,0.076,1.105,1.113,1.029,0.857,1.011
2025,Brandon Williams,PG,Dallas Mavericks,Minnesota Timberwolves,19,10,0.076,0.2,0.933,0.124,0.982,0.953
2025,Brandon Williams,PG,Dallas Mavericks,Los Angeles Clippers,19,9,0.076,1.03,0.992,0.954,0.867,0.942
2025,Brandon Williams,PG,Dallas Mavericks,Denver Nuggets,19,8,0.076,0.822,0.941,0.746,0.894,0.922
2025,Brandon Williams,PG,Dallas Mavericks,Indiana Pacers,19,6,0.076,1.379,0.955,1.303,0.822,0.902
2025,Brandon Williams,PG,Dallas Mavericks,Los Angeles Lakers,19,7,0.076,1.252,0.863,1.177,0.838,0.853
2025,Brandon Williams,PG,Dallas Mavericks,Memphis Grizzlies,19,13,0.076,0.849,0.756,0.773,0.891,0.81
2025,Brandon Williams,PG,Dallas Mavericks,Golden State Warriors,19,12,0.076,1.025,0.74,0.949,0.867,0.791
2025,Brandon Williams,PG,Dallas Mavericks,Milwaukee Bucks,19,11,0.076,1.065,0.728,0.989,0.862,0.781
2025,Brandon Williams,PG,Dallas Mavericks,Detroit Pistons,19,14,0.076,1.099,0.49,1.023,0.858,0.637
2025,Brandon Williams,PG,Dallas Mavericks,Orlando Magic,19,15,0.076,0.182,0.31,0.106,0.984,0.58
2025,Brandon Williams,PG,Dallas Mavericks,Sacramento Kings,19,17,0.076,0.871,0.183,0.795,0.888,0.465
2025,Brandon Williams,PG,Dallas Mavericks,Atlanta Hawks,19,16,0.076,1.258,0.151,1.182,0.838,0.426
2025,Brandon Williams,PG,Dallas Mavericks,Miami Heat,19,20,0.076,0.39,0.026,0.314,0.954,0.397
2025,Brandon Williams,PG,Dallas Mavericks,Chicago Bulls,19,18,0.076,0.694,0.029,0.618,0.911,0.382
2025,Braxton Key,SF,Golden State Warriors,Oklahoma City Thunder,12,1,-1.3,0.332,1.394,1.632,0.783,1.149
2025,Braxton Key,SF,Golden State Warriors,Cleveland Cavaliers,12,2,-1.3,0.475,1.063,1.775,0.766,0.944
2025,Braxton Key,SF,Golden State Warriors,Boston Celtics,12,3,-1.3,1.283,0.964,2.584,0.679,0.85
2025,Braxton Key,SF,Golden State Warriors,Houston Rockets,12,4,-1.3,1.573,0.481,2.873,0.65,0.548
2025,Braxton Key,SF,Golden State Warriors,New York Knicks,12,5,-1.3,0.764,0.373,2.064,0.734,0.517
2025,Braxton Key,SF,Golden State Warriors,Minnesota Timberwolves,12,10,-1.3,-0.433,0.193,0.867,0.878,0.467
2025,Braxton Key,SF,Golden State Warriors,Indiana Pacers,12,6,-1.3,0.534,0.214,1.834,0.759,0.432
2025,Braxton Key,SF,Golden State Warriors,Los Angeles Clippers,12,9,-1.3,1.392,0.252,2.692,0.668,0.418
2025,Braxton Key,SF,Golden State Warriors,Denver Nuggets,12,8,-1.3,0.927,0.2,2.227,0.716,0.407
2025,Braxton Key,SF,Golden State Warriors,Los Angeles Lakers,12,7,-1.3,2.119,0.123,3.419,0.599,0.313
2025,Brice Sensabaugh,SF,Utah Jazz,Oklahoma City Thunder,30,1,0.075,0.332,3.505,0.257,0.962,2.488
2025,Brice Sensabaugh,SF,Utah Jazz,Cleveland Cavaliers,30,2,0.075,0.475,3.174,0.4,0.942,2.281
2025,Brice Sensabaugh,SF,Utah Jazz,Boston Celtics,30,3,0.075,1.283,3.075,1.208,0.834,2.179
2025,Brice Sensabaugh,SF,Utah Jazz,Houston Rockets,30,4,0.075,1.573,2.591,1.498,0.799,1.874
2025,Brice Sensabaugh,SF,Utah Jazz,New York Knicks,30,5,0.075,0.764,2.484,0.689,0.902,1.851
2025,Brice Sensabaugh,SF,Utah Jazz,Minnesota Timberwolves,30,10,0.075,-0.433,2.304,0,1,1.782
2025,Brice Sensabaugh,SF,Utah Jazz,Indiana Pacers,30,6,0.075,0.534,2.325,0.459,0.933,1.768
2025,Brice Sensabaugh,SF,Utah Jazz,Los Angeles Clippers,30,9,0.075,1.392,2.363,1.317,0.821,1.746
2025,Brice Sensabaugh,SF,Utah Jazz,Denver Nuggets,30,8,0.075,0.927,2.311,0.852,0.88,1.739
2025,Brice Sensabaugh,SF,Utah Jazz,Los Angeles Lakers,30,7,0.075,2.119,2.233,2.044,0.736,1.634
2025,Brice Sensabaugh,SF,Utah Jazz,Milwaukee Bucks,30,11,0.075,0.667,2.098,0.592,0.915,1.625
2025,Brice Sensabaugh,SF,Utah Jazz,Golden State Warriors,30,12,0.075,1.484,2.111,1.409,0.81,1.59
2025,Brice Sensabaugh,SF,Utah Jazz,Detroit Pistons,30,14,0.075,0.84,1.861,0.765,0.892,1.473
2025,Brice Sensabaugh,SF,Utah Jazz,Orlando Magic,30,15,0.075,1.486,1.68,1.411,0.809,1.332
2025,Brice Sensabaugh,SF,Utah Jazz,Sacramento Kings,30,17,0.075,1.064,1.554,0.988,0.862,1.277
2025,Brice Sensabaugh,SF,Utah Jazz,Atlanta Hawks,30,16,0.075,1.882,1.522,1.807,0.763,1.218
2025,Brice Sensabaugh,SF,Utah Jazz,Dallas Mavericks,30,19,0.075,0.6,1.371,0.525,0.924,1.192
2025,Brice Sensabaugh,SF,Utah Jazz,Miami Heat,30,20,0.075,1.143,1.396,1.068,0.852,1.179
2025,Brice Sensabaugh,SF,Utah Jazz,Chicago Bulls,30,18,0.075,1.234,1.4,1.159,0.84,1.176
2025,Brice Sensabaugh,SF,Utah Jazz,Phoenix Suns,30,21,0.075,0.395,1.101,0.32,0.953,1.042
2025,Brice Sensabaugh,SF,Utah Jazz,Portland Trail Blazers,30,22,0.075,1.194,1.105,1.119,0.846,1.001
2025,Brice Sensabaugh,SF,Utah Jazz,San Antonio Spurs,30,23,0.075,0.392,1.007,0.317,0.954,0.986
2025,Brice Sensabaugh,SF,Utah Jazz,Toronto Raptors,30,24,0.075,1.249,0.824,1.173,0.839,0.83
2025,Brice Sensabaugh,SF,Utah Jazz,Brooklyn Nets,30,25,0.075,0.258,0.539,0.183,0.973,0.713
2025,Brice Sensabaugh,SF,Utah Jazz,Philadelphia 76ers,30,26,0.075,0.804,0.481,0.729,0.896,0.647
2025,Brice Sensabaugh,SF,Utah Jazz,New Orleans Pelicans,30,27,0.075,1.332,0.203,1.257,0.828,0.453
2025,Brice Sensabaugh,SF,Utah Jazz,Charlotte Hornets,30,28,0.075,1.088,0.156,1.012,0.859,0.437
2025,Bronny James,SG,Los Angeles Lakers,Oklahoma City Thunder,7,1,-0.761,1.265,1.271,2.026,0.738,1.058
2025,Bronny James,SG,Los Angeles Lakers,Cleveland Cavaliers,7,2,-0.761,1.342,0.94,2.103,0.729,0.856
2025,Bronny James,SG,Los Angeles Lakers,Boston Celtics,7,3,-0.761,0.808,0.842,1.569,0.79,0.821
2025,Bronny James,SG,Los Angeles Lakers,Houston Rockets,7,4,-0.761,0.724,0.358,1.485,0.8,0.535
2025,Bronny James,SG,Los Angeles Lakers,New York Knicks,7,5,-0.761,0.807,0.251,1.568,0.79,0.467
2025,Bronny James,SG,Los Angeles Lakers,Indiana Pacers,7,6,-0.761,0.275,0.092,1.036,0.856,0.398
2025,Bronny James,SG,Los Angeles Lakers,Los Angeles Clippers,7,9,-0.761,1.026,0.13,1.787,0.765,0.384
2025,Bronny James,SG,Los Angeles Lakers,Denver Nuggets,7,8,-0.761,0.812,0.078,1.573,0.79,0.363
2025,Bronny James,SG,Los Angeles Lakers,Minnesota Timberwolves,7,10,-0.761,1.353,0.071,2.114,0.728,0.334
2025,Brook Lopez,C,Milwaukee Bucks,Oklahoma City Thunder,11,1,0.498,1.018,1.406,0.519,0.925,1.214
2025,Brook Lopez,C,Milwaukee Bucks,Cleveland Cavaliers,11,2,0.498,0.96,1.075,0.462,0.933,1.019
2025,Brook Lopez,C,Milwaukee Bucks,Boston Celtics,11,3,0.498,0.929,0.977,0.431,0.937,0.961
2025,Brook Lopez,C,Milwaukee Bucks,Houston Rockets,11,4,0.498,0.807,0.493,0.309,0.955,0.678
2025,Brook Lopez,C,Milwaukee Bucks,New York Knicks,11,5,0.498,1.332,0.386,0.834,0.882,0.584
2025,Brook Lopez,C,Milwaukee Bucks,Indiana Pacers,11,6,0.498,0.754,0.227,0.256,0.962,0.521
2025,Brook Lopez,C,Milwaukee Bucks,Los Angeles Clippers,11,9,0.498,1.266,0.265,0.767,0.891,0.515
2025,Brook Lopez,C,Milwaukee Bucks,Minnesota Timberwolves,11,10,0.498,1.008,0.206,0.509,0.926,0.494
2025,Brook Lopez,C,Milwaukee Bucks,Denver Nuggets,11,8,0.498,1.827,0.213,1.329,0.819,0.455
2025,Brook Lopez,C,Milwaukee Bucks,Golden State Warriors,11,12,0.498,-0.087,0.013,0,1,0.408
2025,Brook Lopez,C,Milwaukee Bucks,Los Angeles Lakers,11,7,0.498,1.908,0.135,1.41,0.809,0.405
2025,Brook Lopez,C,Milwaukee Bucks,Memphis Grizzlies,11,13,0.498,0.773,0.028,0.275,0.96,0.401
2025,Bruce Brown,PG,New Orleans Pelicans,Oklahoma City Thunder,27,1,-0.305,1.646,3.302,1.951,0.746,2.279
2025,Bruce Brown,PG,New Orleans Pelicans,Cleveland Cavaliers,27,2,-0.305,0.908,2.971,1.213,0.834,2.116
2025,Bruce Brown,PG,New Orleans Pelicans,Boston Celtics,27,3,-0.305,0.432,2.872,0.737,0.895,2.081
2025,Bruce Brown,PG,Toronto Raptors,Oklahoma City Thunder,24,1,-0.283,1.646,2.681,1.929,0.749,1.908
2025,Bruce Brown,PG,New Orleans Pelicans,Houston Rockets,27,4,-0.305,0.457,2.388,0.762,0.892,1.79
2025,Bruce Brown,PG,Toronto Raptors,Cleveland Cavaliers,24,2,-0.283,0.908,2.35,1.191,0.836,1.744
2025,Bruce Brown,PG,Toronto Raptors,Boston Celtics,24,3,-0.283,0.432,2.251,0.714,0.898,1.71
2025,Bruce Brown,PG,New Orleans Pelicans,New York Knicks,27,5,-0.305,1.105,2.281,1.41,0.809,1.692
2025,Bruce Brown,PG,New Orleans Pelicans,Minnesota Timberwolves,27,10,-0.305,0.2,2.101,0.505,0.927,1.631
2025,Bruce Brown,PG,New Orleans Pelicans,Los Angeles Clippers,27,9,-0.305,1.03,2.16,1.335,0.819,1.623
2025,Bruce Brown,PG,New Orleans Pelicans,Denver Nuggets,27,8,-0.305,0.822,2.108,1.127,0.844,1.603
2025,Bruce Brown,PG,New Orleans Pelicans,Indiana Pacers,27,6,-0.305,1.379,2.122,1.684,0.777,1.584
2025,Bruce Brown,PG,New Orleans Pelicans,Los Angeles Lakers,27,7,-0.305,1.252,2.03,1.558,0.792,1.535
2025,Bruce Brown,PG,New Orleans Pelicans,Memphis Grizzlies,27,13,-0.305,0.849,1.923,1.154,0.841,1.49
2025,Bruce Brown,PG,New Orleans Pelicans,Golden State Warriors,27,12,-0.305,1.025,1.908,1.33,0.819,1.472
2025,Bruce Brown,PG,New Orleans Pelicans,Milwaukee Bucks,27,11,-0.305,1.065,1.895,1.37,0.814,1.463
2025,Bruce Brown,PG,Toronto Raptors,Houston Rockets,24,4,-0.283,0.457,1.768,0.739,0.895,1.419
2025,Bruce Brown,PG,Toronto Raptors,New York Knicks,24,5,-0.283,1.105,1.66,1.388,0.812,1.321
2025,Bruce Brown,PG,New Orleans Pelicans,Detroit Pistons,27,14,-0.305,1.099,1.658,1.404,0.81,1.319
2025,Bruce Brown,PG,Toronto Raptors,Minnesota Timberwolves,24,10,-0.283,0.2,1.48,0.482,0.93,1.26
2025,Bruce Brown,PG,New Orleans Pelicans,Orlando Magic,27,15,-0.305,0.182,1.477,0.487,0.93,1.258
2025,Bruce Brown,PG,Toronto Raptors,Los Angeles Clippers,24,9,-0.283,1.03,1.539,1.312,0.821,1.252
2025,Bruce Brown,PG,Toronto Raptors,Denver Nuggets,24,8,-0.283,0.822,1.487,1.105,0.847,1.231
2025,Bruce Brown,PG,Toronto Raptors,Indiana Pacers,24,6,-0.283,1.379,1.501,1.661,0.779,1.213
2025,Bruce Brown,PG,Toronto Raptors,Los Angeles Lakers,24,7,-0.283,1.252,1.409,1.535,0.794,1.163
2025,Bruce Brown,PG,New Orleans Pelicans,Sacramento Kings,27,17,-0.305,0.871,1.351,1.177,0.838,1.146
2025,Bruce Brown,PG,Toronto Raptors,Memphis Grizzlies,24,13,-0.283,0.849,1.302,1.131,0.844,1.119
2025,Bruce Brown,PG,New Orleans Pelicans,Atlanta Hawks,27,16,-0.305,1.258,1.319,1.563,0.791,1.108
2025,Bruce Brown,PG,Toronto Raptors,Golden State Warriors,24,12,-0.283,1.025,1.287,1.307,0.822,1.101
2025,Bruce Brown,PG,Toronto Raptors,Milwaukee Bucks,24,11,-0.283,1.065,1.274,1.347,0.817,1.091
2025,Bruce Brown,PG,New Orleans Pelicans,Miami Heat,27,20,-0.305,0.39,1.193,0.696,0.901,1.076
2025,Bruce Brown,PG,New Orleans Pelicans,Chicago Bulls,27,18,-0.305,0.694,1.197,1,0.861,1.062
2025,Bruce Brown,PG,New Orleans Pelicans,Dallas Mavericks,27,19,-0.305,1.413,1.167,1.718,0.773,1.01
2025,Bruce Brown,PG,Toronto Raptors,Detroit Pistons,24,14,-0.283,1.099,1.037,1.381,0.813,0.947
2025,Bruce Brown,PG,New Orleans Pelicans,Portland Trail Blazers,27,22,-0.305,0.141,0.902,0.446,0.935,0.915
2025,Bruce Brown,PG,New Orleans Pelicans,Phoenix Suns,27,21,-0.305,0.387,0.898,0.692,0.901,0.899
2025,Bruce Brown,PG,Toronto Raptors,Orlando Magic,24,15,-0.283,0.182,0.856,0.465,0.933,0.887
2025,Bruce Brown,PG,New Orleans Pelicans,San Antonio Spurs,27,23,-0.305,0.766,0.804,1.072,0.851,0.823
2025,Bruce Brown,PG,Toronto Raptors,Sacramento Kings,24,17,-0.283,0.871,0.73,1.154,0.841,0.774
2025,Bruce Brown,PG,Toronto Raptors,Atlanta Hawks,24,16,-0.283,1.258,0.698,1.54,0.794,0.736
2025,Bruce Brown,PG,New Orleans Pelicans,Toronto Raptors,27,24,-0.305,0.562,0.621,0.867,0.878,0.724
2025,Bruce Brown,PG,Toronto Raptors,Miami Heat,24,20,-0.283,0.39,0.572,0.673,0.904,0.705
2025,Bruce Brown,PG,Toronto Raptors,Chicago Bulls,24,18,-0.283,0.694,0.576,0.977,0.864,0.691
2025,Bruce Brown,PG,Toronto Raptors,Dallas Mavericks,24,19,-0.283,1.413,0.547,1.695,0.775,0.638
2025,Bruce Brown,PG,New Orleans Pelicans,Brooklyn Nets,27,25,-0.305,0.658,0.336,0.963,0.865,0.548
2025,Bruce Brown,PG,Toronto Raptors,Portland Trail Blazers,24,22,-0.283,0.141,0.281,0.423,0.938,0.544
2025,Bruce Brown,PG,Toronto Raptors,Phoenix Suns,24,21,-0.283,0.387,0.277,0.67,0.904,0.528
2025,Bruce Brown,PG,New Orleans Pelicans,Philadelphia 76ers,27,26,-0.305,1.022,0.278,1.327,0.82,0.495
2025,Bruce Brown,PG,Toronto Raptors,San Antonio Spurs,24,23,-0.283,0.766,0.184,1.049,0.854,0.452
2025,Bruno Fernando,C,Toronto Raptors,Oklahoma City Thunder,24,1,-0.575,1.018,2.681,1.593,0.787,1.923
2025,Bruno Fernando,C,Toronto Raptors,Cleveland Cavaliers,24,2,-0.575,0.96,2.35,1.535,0.794,1.728
2025,Bruno Fernando,C,Toronto Raptors,Boston Celtics,24,3,-0.575,0.929,2.251,1.504,0.798,1.67
2025,Bruno Fernando,C,Toronto Raptors,Houston Rockets,24,4,-0.575,0.807,1.768,1.383,0.813,1.386
2025,Bruno Fernando,C,Toronto Raptors,New York Knicks,24,5,-0.575,1.332,1.66,1.908,0.751,1.297
2025,Bruno Fernando,C,Toronto Raptors,Indiana Pacers,24,6,-0.575,0.754,1.501,1.33,0.819,1.228
2025,Bruno Fernando,C,Toronto Raptors,Los Angeles Clippers,24,9,-0.575,1.266,1.539,1.841,0.759,1.227
2025,Bruno Fernando,C,Toronto Raptors,Minnesota Timberwolves,24,10,-0.575,1.008,1.48,1.583,0.789,1.204
2025,Bruno Fernando,C,Toronto Raptors,Denver Nuggets,24,8,-0.575,1.827,1.487,2.403,0.697,1.171
2025,Bruno Fernando,C,Toronto Raptors,Golden State Warriors,24,12,-0.575,-0.087,1.287,0.489,0.929,1.144
2025,Bruno Fernando,C,Toronto Raptors,Los Angeles Lakers,24,7,-0.575,1.908,1.409,2.483,0.689,1.121
2025,Bruno Fernando,C,Toronto Raptors,Memphis Grizzlies,24,13,-0.575,0.773,1.302,1.349,0.817,1.108
2025,Bruno Fernando,C,Toronto Raptors,Milwaukee Bucks,24,11,-0.575,0.498,1.274,1.074,0.851,1.105
2025,Bruno Fernando,C,Toronto Raptors,Detroit Pistons,24,14,-0.575,0.988,1.037,1.563,0.791,0.939
2025,Bruno Fernando,C,Toronto Raptors,Orlando Magic,24,15,-0.575,0.455,0.856,1.03,0.857,0.857
2025,Bruno Fernando,C,Toronto Raptors,Atlanta Hawks,24,16,-0.575,0.616,0.698,1.192,0.836,0.753
2025,Bruno Fernando,C,Toronto Raptors,Sacramento Kings,24,17,-0.575,1.198,0.73,1.773,0.766,0.745
2025,Bruno Fernando,C,Toronto Raptors,Miami Heat,24,20,-0.575,0.612,0.572,1.188,0.837,0.678
2025,Bruno Fernando,C,Toronto Raptors,Chicago Bulls,24,18,-0.575,0.827,0.576,1.402,0.81,0.67
2025,Bruno Fernando,C,Toronto Raptors,Dallas Mavericks,24,19,-0.575,1.114,0.547,1.689,0.776,0.638
2025,Bruno Fernando,C,Toronto Raptors,Phoenix Suns,24,21,-0.575,0.34,0.277,0.916,0.872,0.515
2025,Bruno Fernando,C,Toronto Raptors,Portland Trail Blazers,24,22,-0.575,0.7,0.281,1.276,0.826,0.499
2025,Bruno Fernando,C,Toronto Raptors,San Antonio Spurs,24,23,-0.575,2.35,0.184,2.925,0.645,0.368
2025,Bryce McGowens,SG,Portland Trail Blazers,Oklahoma City Thunder,22,1,-1.209,1.265,2.4,2.475,0.69,1.716
2025,Bryce McGowens,SG,Portland Trail Blazers,Cleveland Cavaliers,22,2,-1.209,1.342,2.069,2.551,0.682,1.514
2025,Bryce McGowens,SG,Portland Trail Blazers,Boston Celtics,22,3,-1.209,0.808,1.97,2.018,0.739,1.478
2025,Bryce McGowens,SG,Portland Trail Blazers,Houston Rockets,22,4,-1.209,0.724,1.487,1.934,0.748,1.191
2025,Bryce McGowens,SG,Portland Trail Blazers,New York Knicks,22,5,-1.209,0.807,1.379,2.016,0.739,1.123
2025,Bryce McGowens,SG,Portland Trail Blazers,Indiana Pacers,22,6,-1.209,0.275,1.22,1.484,0.8,1.052
2025,Bryce McGowens,SG,Portland Trail Blazers,Los Angeles Clippers,22,9,-1.209,1.026,1.258,2.235,0.715,1.041
2025,Bryce McGowens,SG,Portland Trail Blazers,Denver Nuggets,22,8,-1.209,0.812,1.206,2.021,0.738,1.019
2025,Bryce McGowens,SG,Portland Trail Blazers,Minnesota Timberwolves,22,10,-1.209,1.353,1.199,2.563,0.681,0.992
2025,Bryce McGowens,SG,Portland Trail Blazers,Los Angeles Lakers,22,7,-1.209,1.047,1.129,2.256,0.713,0.962
2025,Bryce McGowens,SG,Portland Trail Blazers,Golden State Warriors,22,12,-1.209,0.448,1.006,1.657,0.78,0.916
2025,Bryce McGowens,SG,Portland Trail Blazers,Memphis Grizzlies,22,13,-1.209,0.996,1.022,2.205,0.718,0.9
2025,Bryce McGowens,SG,Portland Trail Blazers,Milwaukee Bucks,22,11,-1.209,0.683,0.993,1.892,0.753,0.897
2025,Bryce McGowens,SG,Portland Trail Blazers,Detroit Pistons,22,14,-1.209,2.249,0.756,3.458,0.595,0.692
2025,Bryce McGowens,SG,Portland Trail Blazers,Orlando Magic,22,15,-1.209,0.142,0.576,1.351,0.817,0.672
2025,Bryce McGowens,SG,Portland Trail Blazers,Sacramento Kings,22,17,-1.209,0.908,0.449,2.118,0.728,0.561
2025,Bryce McGowens,SG,Portland Trail Blazers,Atlanta Hawks,22,16,-1.209,1.001,0.417,2.21,0.718,0.537
2025,Bryce McGowens,SG,Portland Trail Blazers,Chicago Bulls,22,18,-1.209,0.842,0.295,2.051,0.735,0.471
2025,Bryce McGowens,SG,Portland Trail Blazers,Miami Heat,22,20,-1.209,1.223,0.292,2.433,0.694,0.453
2025,Bryce McGowens,SG,Portland Trail Blazers,Dallas Mavericks,22,19,-1.209,1.335,0.266,2.545,0.683,0.433
2025,Bub Carrington,PG,Washington Wizards,Oklahoma City Thunder,29,1,-0.099,1.646,3.577,1.745,0.77,2.454
2025,Bub Carrington,PG,Washington Wizards,Cleveland Cavaliers,29,2,-0.099,0.908,3.246,1.007,0.86,2.292
2025,Bub Carrington,PG,Washington Wizards,Boston Celtics,29,3,-0.099,0.432,3.148,0.53,0.924,2.258
2025,Bub Carrington,PG,Washington Wizards,Houston Rockets,29,4,-0.099,0.457,2.664,0.555,0.92,1.966
2025,Bub Carrington,PG,Washington Wizards,New York Knicks,29,5,-0.099,1.105,2.557,1.204,0.835,1.868
2025,Bub Carrington,PG,Washington Wizards,Minnesota Timberwolves,29,10,-0.099,0.2,2.377,0.298,0.956,1.809
2025,Bub Carrington,PG,Washington Wizards,Los Angeles Clippers,29,9,-0.099,1.03,2.436,1.128,0.844,1.799
2025,Bub Carrington,PG,Washington Wizards,Denver Nuggets,29,8,-0.099,0.822,2.384,0.921,0.871,1.779
2025,Bub Carrington,PG,Washington Wizards,Indiana Pacers,29,6,-0.099,1.379,2.398,1.478,0.801,1.759
2025,Bub Carrington,PG,Washington Wizards,Los Angeles Lakers,29,7,-0.099,1.252,2.306,1.351,0.817,1.71
2025,Bub Carrington,PG,Washington Wizards,Memphis Grizzlies,29,13,-0.099,0.849,2.199,0.947,0.868,1.666
2025,Bub Carrington,PG,Washington Wizards,Golden State Warriors,29,12,-0.099,1.025,2.183,1.123,0.845,1.648
2025,Bub Carrington,PG,Washington Wizards,Milwaukee Bucks,29,11,-0.099,1.065,2.171,1.163,0.84,1.638
2025,Bub Carrington,PG,Washington Wizards,Detroit Pistons,29,14,-0.099,1.099,1.933,1.197,0.836,1.494
2025,Bub Carrington,PG,Washington Wizards,Orlando Magic,29,15,-0.099,0.182,1.753,0.281,0.959,1.435
2025,Bub Carrington,PG,Washington Wizards,Sacramento Kings,29,17,-0.099,0.871,1.626,0.97,0.865,1.322
2025,Bub Carrington,PG,Washington Wizards,Atlanta Hawks,29,16,-0.099,1.258,1.594,1.356,0.816,1.283
2025,Bub Carrington,PG,Washington Wizards,Miami Heat,29,20,-0.099,0.39,1.469,0.489,0.929,1.253
2025,Bub Carrington,PG,Washington Wizards,Chicago Bulls,29,18,-0.099,0.694,1.473,0.793,0.888,1.239
2025,Bub Carrington,PG,Washington Wizards,Dallas Mavericks,29,19,-0.099,1.413,1.443,1.511,0.797,1.185
2025,Bub Carrington,PG,Washington Wizards,Portland Trail Blazers,29,22,-0.099,0.141,1.177,0.239,0.965,1.092
2025,Bub Carrington,PG,Washington Wizards,Phoenix Suns,29,21,-0.099,0.387,1.173,0.486,0.93,1.076
2025,Bub Carrington,PG,Washington Wizards,San Antonio Spurs,29,23,-0.099,0.766,1.08,0.865,0.878,0.999
2025,Bub Carrington,PG,Washington Wizards,Toronto Raptors,29,24,-0.099,0.562,0.897,0.66,0.906,0.9
2025,Bub Carrington,PG,Washington Wizards,Brooklyn Nets,29,25,-0.099,0.658,0.612,0.757,0.893,0.724
2025,Bub Carrington,PG,Washington Wizards,Philadelphia 76ers,29,26,-0.099,1.022,0.554,1.12,0.845,0.67
2025,Bub Carrington,PG,Washington Wizards,New Orleans Pelicans,29,27,-0.099,0.702,0.276,0.801,0.887,0.52
2025,Bub Carrington,PG,Washington Wizards,Charlotte Hornets,29,28,-0.099,0.883,0.228,0.982,0.863,0.482
2025,Bub Carrington,PG,Washington Wizards,Utah Jazz,29,30,-0.099,0.248,0.073,0.347,0.949,0.423
2025,Buddy Hield,SG,Golden State Warriors,Oklahoma City Thunder,12,1,0.202,1.265,1.394,1.064,0.853,1.177
2025,Buddy Hield,SG,Golden State Warriors,Cleveland Cavaliers,12,2,0.202,1.342,1.063,1.14,0.843,0.975
2025,Buddy Hield,SG,Golden State Warriors,Boston Celtics,12,3,0.202,0.808,0.964,0.607,0.913,0.944
2025,Buddy Hield,SG,Golden State Warriors,Houston Rockets,12,4,0.202,0.724,0.481,0.523,0.925,0.658
2025,Buddy Hield,SG,Golden State Warriors,New York Knicks,12,5,0.202,0.807,0.373,0.605,0.913,0.589
2025,Buddy Hield,SG,Golden State Warriors,Indiana Pacers,12,6,0.202,0.275,0.214,0.073,0.989,0.524
2025,Buddy Hield,SG,Golden State Warriors,Los Angeles Clippers,12,9,0.202,1.026,0.252,0.824,0.884,0.505
2025,Buddy Hield,SG,Golden State Warriors,Denver Nuggets,12,8,0.202,0.812,0.2,0.61,0.913,0.485
2025,Buddy Hield,SG,Golden State Warriors,Minnesota Timberwolves,12,10,0.202,1.353,0.193,1.152,0.841,0.453
2025,Buddy Hield,SG,Golden State Warriors,Los Angeles Lakers,12,7,0.202,1.047,0.123,0.845,0.881,0.426
2025,Buddy Hield,SG,Golden State Warriors,Memphis Grizzlies,12,13,0.202,0.996,0.016,0.794,0.888,0.364
2025,Cade Cunningham,PG,Detroit Pistons,Oklahoma City Thunder,14,1,1.099,1.646,1.644,0.547,0.921,1.355
2025,Cade Cunningham,PG,Detroit Pistons,Cleveland Cavaliers,14,2,1.099,0.908,1.313,0,1,1.188
2025,Cade Cunningham,PG,Detroit Pistons,Boston Celtics,14,3,1.099,0.432,1.215,0,1,1.129
2025,Cade Cunningham,PG,Detroit Pistons,Houston Rockets,14,4,1.099,0.457,0.731,0,1,0.838
2025,Cade Cunningham,PG,Detroit Pistons,New York Knicks,14,5,1.099,1.105,0.623,0.006,0.999,0.774
2025,Cade Cunningham,PG,Detroit Pistons,Los Angeles Clippers,14,9,1.099,1.03,0.502,0,1,0.701
2025,Cade Cunningham,PG,Detroit Pistons,Denver Nuggets,14,8,1.099,0.822,0.45,0,1,0.67
2025,Cade Cunningham,PG,Detroit Pistons,Minnesota Timberwolves,14,10,1.099,0.2,0.443,0,1,0.666
2025,Cade Cunningham,PG,Detroit Pistons,Indiana Pacers,14,6,1.099,1.379,0.464,0.28,0.959,0.662
2025,Cade Cunningham,PG,Detroit Pistons,Los Angeles Lakers,14,7,1.099,1.252,0.373,0.154,0.977,0.614
2025,Cade Cunningham,PG,Detroit Pistons,Memphis Grizzlies,14,13,1.099,0.849,0.266,0,1,0.559
2025,Cade Cunningham,PG,Detroit Pistons,Golden State Warriors,14,12,1.099,1.025,0.25,0,1,0.55
2025,Cade Cunningham,PG,Detroit Pistons,Milwaukee Bucks,14,11,1.099,1.065,0.237,0,1,0.542
2025,Caleb Houstan,SF,Orlando Magic,Oklahoma City Thunder,15,1,-0.547,0.332,1.824,0.879,0.876,1.445
2025,Caleb Houstan,SF,Orlando Magic,Cleveland Cavaliers,15,2,-0.547,0.475,1.493,1.022,0.858,1.239
2025,Caleb Houstan,SF,Orlando Magic,Boston Celtics,15,3,-0.547,1.283,1.395,1.831,0.76,1.141
2025,Caleb Houstan,SF,Orlando Magic,Houston Rockets,15,4,-0.547,1.573,0.911,2.12,0.728,0.838
2025,Caleb Houstan,SF,Orlando Magic,New York Knicks,15,5,-0.547,0.764,0.804,1.311,0.821,0.811
2025,Caleb Houstan,SF,Orlando Magic,Minnesota Timberwolves,15,10,-0.547,-0.433,0.624,0.114,0.983,0.767
2025,Caleb Houstan,SF,Orlando Magic,Indiana Pacers,15,6,-0.547,0.534,0.645,1.081,0.85,0.727
2025,Caleb Houstan,SF,Orlando Magic,Los Angeles Clippers,15,9,-0.547,1.392,0.683,1.939,0.748,0.709
2025,Caleb Houstan,SF,Orlando Magic,Denver Nuggets,15,8,-0.547,0.927,0.631,1.474,0.802,0.699
2025,Caleb Houstan,SF,Orlando Magic,Los Angeles Lakers,15,7,-0.547,2.119,0.553,2.666,0.67,0.6
2025,Caleb Houstan,SF,Orlando Magic,Milwaukee Bucks,15,11,-0.547,0.667,0.418,1.215,0.833,0.584
2025,Caleb Houstan,SF,Orlando Magic,Golden State Warriors,15,12,-0.547,1.484,0.43,2.031,0.737,0.553
2025,Caleb Houstan,SF,Orlando Magic,Detroit Pistons,15,14,-0.547,0.84,0.18,1.387,0.812,0.433
2025,Caleb Martin,SF,Philadelphia 76ers,Oklahoma City Thunder,26,1,0.34,0.332,3.024,0,1,2.214
2025,Caleb Martin,SF,Philadelphia 76ers,Cleveland Cavaliers,26,2,0.34,0.475,2.693,0.135,0.98,2.008
2025,Caleb Martin,SF,Philadelphia 76ers,Boston Celtics,26,3,0.34,1.283,2.594,0.943,0.868,1.904
2025,Caleb Martin,SF,Dallas Mavericks,Oklahoma City Thunder,19,1,-0.234,0.332,2.134,0.566,0.919,1.648
2025,Caleb Martin,SF,Philadelphia 76ers,Houston Rockets,26,4,0.34,1.573,2.11,1.233,0.831,1.599
2025,Caleb Martin,SF,Philadelphia 76ers,New York Knicks,26,5,0.34,0.764,2.003,0.424,0.938,1.577
2025,Caleb Martin,SF,Philadelphia 76ers,Indiana Pacers,26,6,0.34,0.534,1.844,0.194,0.971,1.495
2025,Caleb Martin,SF,Philadelphia 76ers,Minnesota Timberwolves,26,10,0.34,-0.433,1.823,0,1,1.494
2025,Caleb Martin,SF,Philadelphia 76ers,Los Angeles Clippers,26,9,0.34,1.392,1.882,1.051,0.854,1.471
2025,Caleb Martin,SF,Philadelphia 76ers,Denver Nuggets,26,8,0.34,0.927,1.83,0.587,0.916,1.464
2025,Caleb Martin,SF,Dallas Mavericks,Cleveland Cavaliers,19,2,-0.234,0.475,1.803,0.709,0.899,1.442
2025,Caleb Martin,SF,Philadelphia 76ers,Los Angeles Lakers,26,7,0.34,2.119,1.752,1.778,0.766,1.358
2025,Caleb Martin,SF,Philadelphia 76ers,Milwaukee Bucks,26,11,0.34,0.667,1.617,0.327,0.952,1.351
2025,Caleb Martin,SF,Dallas Mavericks,Boston Celtics,19,3,-0.234,1.283,1.705,1.518,0.796,1.341
2025,Caleb Martin,SF,Philadelphia 76ers,Golden State Warriors,26,12,0.34,1.484,1.63,1.144,0.842,1.315
2025,Caleb Martin,SF,Philadelphia 76ers,Detroit Pistons,26,14,0.34,0.84,1.38,0.5,0.928,1.199
2025,Caleb Martin,SF,Philadelphia 76ers,Orlando Magic,26,15,0.34,1.486,1.199,1.146,0.842,1.056
2025,Caleb Martin,SF,Dallas Mavericks,Houston Rockets,19,4,-0.234,1.573,1.221,1.807,0.763,1.038
2025,Caleb Martin,SF,Dallas Mavericks,New York Knicks,19,5,-0.234,0.764,1.113,0.998,0.861,1.012
2025,Caleb Martin,SF,Philadelphia 76ers,Sacramento Kings,26,17,0.34,1.064,1.073,0.723,0.897,1.003
2025,Caleb Martin,SF,Dallas Mavericks,Minnesota Timberwolves,19,10,-0.234,-0.433,0.933,0,1,0.96
2025,Caleb Martin,SF,Philadelphia 76ers,Atlanta Hawks,26,16,0.34,1.882,1.041,1.542,0.794,0.942
2025,Caleb Martin,SF,Dallas Mavericks,Indiana Pacers,19,6,-0.234,0.534,0.955,0.768,0.891,0.929
2025,Caleb Martin,SF,Philadelphia 76ers,Dallas Mavericks,26,19,0.34,0.6,0.89,0.26,0.962,0.918
2025,Caleb Martin,SF,Dallas Mavericks,Los Angeles Clippers,19,9,-0.234,1.392,0.992,1.626,0.784,0.909
2025,Caleb Martin,SF,Philadelphia 76ers,Miami Heat,26,20,0.34,1.143,0.915,0.803,0.887,0.904
2025,Caleb Martin,SF,Philadelphia 76ers,Chicago Bulls,26,18,0.34,1.234,0.919,0.894,0.875,0.901
2025,Caleb Martin,SF,Dallas Mavericks,Denver Nuggets,19,8,-0.234,0.927,0.941,1.161,0.84,0.9
2025,Caleb Martin,SF,Dallas Mavericks,Los Angeles Lakers,19,7,-0.234,2.119,0.863,2.353,0.703,0.799
2025,Caleb Martin,SF,Dallas Mavericks,Milwaukee Bucks,19,11,-0.234,0.667,0.728,0.902,0.873,0.786
2025,Caleb Martin,SF,Philadelphia 76ers,Phoenix Suns,26,21,0.34,0.395,0.62,0.055,0.992,0.769
2025,Caleb Martin,SF,Dallas Mavericks,Golden State Warriors,19,12,-0.234,1.484,0.74,1.718,0.773,0.753
2025,Caleb Martin,SF,Philadelphia 76ers,Portland Trail Blazers,26,22,0.34,1.194,0.624,0.854,0.88,0.726
2025,Caleb Martin,SF,Philadelphia 76ers,San Antonio Spurs,26,23,0.34,0.392,0.526,0.052,0.992,0.713
2025,Caleb Martin,SF,Dallas Mavericks,Detroit Pistons,19,14,-0.234,0.84,0.49,1.074,0.851,0.635
2025,Caleb Martin,SF,Philadelphia 76ers,Toronto Raptors,26,24,0.34,1.249,0.343,0.908,0.873,0.555
2025,Caleb Martin,SF,Dallas Mavericks,Orlando Magic,19,15,-0.234,1.486,0.31,1.72,0.773,0.495
2025,Caleb Martin,SF,Dallas Mavericks,Sacramento Kings,19,17,-0.234,1.064,0.183,1.298,0.823,0.439
2025,Caleb Martin,SF,Philadelphia 76ers,Brooklyn Nets,26,25,0.34,0.258,0.058,0,1,0.435
2025,Caleb Martin,SF,Dallas Mavericks,Atlanta Hawks,19,16,-0.234,1.882,0.151,2.116,0.728,0.382
2025,Caleb Martin,SF,Dallas Mavericks,Miami Heat,19,20,-0.234,1.143,0.026,1.377,0.813,0.341
2025,Caleb Martin,SF,Dallas Mavericks,Chicago Bulls,19,18,-0.234,1.234,0.029,1.469,0.802,0.339
2025,Cam Christie,SG,Los Angeles Clippers,Oklahoma City Thunder,9,1,-0.766,1.265,1.142,2.031,0.737,0.98
2025,Cam Christie,SG,Los Angeles Clippers,Cleveland Cavaliers,9,2,-0.766,1.342,0.811,2.108,0.729,0.778
2025,Cam Christie,SG,Los Angeles Clippers,Boston Celtics,9,3,-0.766,0.808,0.712,1.574,0.79,0.743
2025,Cam Christie,SG,Los Angeles Clippers,Houston Rockets,9,4,-0.766,0.724,0.228,1.49,0.8,0.457
2025,Cam Christie,SG,Los Angeles Clippers,New York Knicks,9,5,-0.766,0.807,0.121,1.573,0.79,0.389
2025,Cam Reddish,SF,Los Angeles Lakers,Oklahoma City Thunder,7,1,-0.429,0.332,1.271,0.761,0.892,1.12
2025,Cam Reddish,SF,Los Angeles Lakers,Cleveland Cavaliers,7,2,-0.429,0.475,0.94,0.904,0.873,0.914
2025,Cam Reddish,SF,Los Angeles Lakers,Boston Celtics,7,3,-0.429,1.283,0.842,1.712,0.774,0.815
2025,Cam Reddish,SF,Los Angeles Lakers,Houston Rockets,7,4,-0.429,1.573,0.358,2.002,0.741,0.511
2025,Cam Reddish,SF,Los Angeles Lakers,New York Knicks,7,5,-0.429,0.764,0.251,1.193,0.836,0.485
2025,Cam Reddish,SF,Los Angeles Lakers,Minnesota Timberwolves,7,10,-0.429,-0.433,0.071,0,1,0.442
2025,Cam Reddish,SF,Los Angeles Lakers,Indiana Pacers,7,6,-0.429,0.534,0.092,0.963,0.866,0.401
2025,Cam Reddish,SF,Los Angeles Lakers,Los Angeles Clippers,7,9,-0.429,1.392,0.13,1.821,0.761,0.382
2025,Cam Reddish,SF,Los Angeles Lakers,Denver Nuggets,7,8,-0.429,0.927,0.078,1.356,0.816,0.373
2025,Cam Spencer,SG,Memphis Grizzlies,Oklahoma City Thunder,13,1,-0.112,1.265,1.378,1.378,0.813,1.152
2025,Cam Spencer,SG,Memphis Grizzlies,Cleveland Cavaliers,13,2,-0.112,1.342,1.047,1.454,0.804,0.95
2025,Cam Spencer,SG,Memphis Grizzlies,Boston Celtics,13,3,-0.112,0.808,0.949,0.921,0.871,0.918
2025,Cam Spencer,SG,Memphis Grizzlies,Houston Rockets,13,4,-0.112,0.724,0.465,0.837,0.882,0.632
2025,Cam Spencer,SG,Memphis Grizzlies,New York Knicks,13,5,-0.112,0.807,0.358,0.919,0.871,0.563
2025,Cam Spencer,SG,Memphis Grizzlies,Indiana Pacers,13,6,-0.112,0.275,0.199,0.387,0.944,0.497
2025,Cam Spencer,SG,Memphis Grizzlies,Los Angeles Clippers,13,9,-0.112,1.026,0.237,1.138,0.843,0.479
2025,Cam Spencer,SG,Memphis Grizzlies,Denver Nuggets,13,8,-0.112,0.812,0.185,0.924,0.871,0.459
2025,Cam Spencer,SG,Memphis Grizzlies,Minnesota Timberwolves,13,10,-0.112,1.353,0.178,1.466,0.803,0.428
2025,Cam Spencer,SG,Memphis Grizzlies,Los Angeles Lakers,13,7,-0.112,1.047,0.107,1.16,0.84,0.4
2025,Cam Thomas,SG,Brooklyn Nets,Oklahoma City Thunder,25,1,0.95,1.265,2.966,0.316,0.954,2.161
2025,Cam Thomas,SG,Brooklyn Nets,Cleveland Cavaliers,25,2,0.95,1.342,2.635,0.392,0.943,1.958
2025,Cam Thomas,SG,Brooklyn Nets,Boston Celtics,25,3,0.95,0.808,2.536,0,1,1.922
2025,Cam Thomas,SG,Brooklyn Nets,Houston Rockets,25,4,0.95,0.724,2.052,0,1,1.631
2025,Cam Thomas,SG,Brooklyn Nets,New York Knicks,25,5,0.95,0.807,1.945,0,1,1.567
2025,Cam Thomas,SG,Brooklyn Nets,Los Angeles Clippers,25,9,0.95,1.026,1.824,0.076,0.989,1.49
2025,Cam Thomas,SG,Brooklyn Nets,Indiana Pacers,25,6,0.95,0.275,1.786,0,1,1.472
2025,Cam Thomas,SG,Brooklyn Nets,Denver Nuggets,25,8,0.95,0.812,1.772,0,1,1.463
2025,Cam Thomas,SG,Brooklyn Nets,Minnesota Timberwolves,25,10,0.95,1.353,1.765,0.404,0.941,1.435
2025,Cam Thomas,SG,Brooklyn Nets,Los Angeles Lakers,25,7,0.95,1.047,1.694,0.097,0.985,1.411
2025,Cam Thomas,SG,Brooklyn Nets,Memphis Grizzlies,25,13,0.95,0.996,1.587,0.046,0.993,1.35
2025,Cam Thomas,SG,Brooklyn Nets,Golden State Warriors,25,12,0.95,0.448,1.572,0,1,1.343
2025,Cam Thomas,SG,Brooklyn Nets,Milwaukee Bucks,25,11,0.95,0.683,1.559,0,1,1.335
2025,Cam Thomas,SG,Brooklyn Nets,Detroit Pistons,25,14,0.95,2.249,1.322,1.299,0.823,1.122
2025,Cam Thomas,SG,Brooklyn Nets,Orlando Magic,25,15,0.95,0.142,1.141,0,1,1.085
2025,Cam Thomas,SG,Brooklyn Nets,Sacramento Kings,25,17,0.95,0.908,1.015,0,1,1.009
2025,Cam Thomas,SG,Brooklyn Nets,Atlanta Hawks,25,16,0.95,1.001,0.983,0.051,0.992,0.987
2025,Cam Thomas,SG,Brooklyn Nets,Chicago Bulls,25,18,0.95,0.842,0.861,0,1,0.917
2025,Cam Thomas,SG,Brooklyn Nets,Miami Heat,25,20,0.95,1.223,0.857,0.274,0.96,0.898
2025,Cam Thomas,SG,Brooklyn Nets,Dallas Mavericks,25,19,0.95,1.335,0.831,0.386,0.944,0.876
2025,Cam Thomas,SG,Brooklyn Nets,Portland Trail Blazers,25,22,0.95,0.782,0.566,0,1,0.739
2025,Cam Thomas,SG,Brooklyn Nets,Phoenix Suns,25,21,0.95,1.298,0.562,0.348,0.949,0.717
2025,Cam Thomas,SG,Brooklyn Nets,San Antonio Spurs,25,23,0.95,0.668,0.468,0,1,0.681
2025,Cam Thomas,SG,Brooklyn Nets,Toronto Raptors,25,24,0.95,0.479,0.285,0,1,0.571
2025,Cam Whitmore,SF,Houston Rockets,Oklahoma City Thunder,4,1,0.066,0.332,0.913,0.265,0.961,0.932
2025,Cam Whitmore,SF,Houston Rockets,Cleveland Cavaliers,4,2,0.066,0.475,0.582,0.408,0.941,0.726
2025,Cam Whitmore,SF,Houston Rockets,Boston Celtics,4,3,0.066,1.283,0.484,1.217,0.833,0.624
2025,Cameron Johnson,PF,Brooklyn Nets,Oklahoma City Thunder,25,1,0.624,0.795,2.966,0.171,0.975,2.169
2025,Cameron Johnson,PF,Brooklyn Nets,Cleveland Cavaliers,25,2,0.624,1.717,2.635,1.094,0.849,1.92
2025,Cameron Johnson,PF,Brooklyn Nets,Boston Celtics,25,3,0.624,1.509,2.536,0.885,0.876,1.872
2025,Cameron Johnson,PF,Brooklyn Nets,Houston Rockets,25,4,0.624,0.863,2.052,0.24,0.965,1.617
2025,Cameron Johnson,PF,Brooklyn Nets,New York Knicks,25,5,0.624,0.825,1.945,0.202,0.97,1.555
2025,Cameron Johnson,PF,Brooklyn Nets,Los Angeles Clippers,25,9,0.624,-0.25,1.824,0,1,1.494
2025,Cameron Johnson,PF,Brooklyn Nets,Denver Nuggets,25,8,0.624,0.4,1.772,0,1,1.463
2025,Cameron Johnson,PF,Brooklyn Nets,Minnesota Timberwolves,25,10,0.624,0.731,1.765,0.108,0.984,1.453
2025,Cameron Johnson,PF,Brooklyn Nets,Indiana Pacers,25,6,0.624,0.96,1.786,0.336,0.951,1.452
2025,Cameron Johnson,PF,Brooklyn Nets,Los Angeles Lakers,25,7,0.624,0.286,1.694,0,1,1.417
2025,Cameron Johnson,PF,Brooklyn Nets,Memphis Grizzlies,25,13,0.624,0.525,1.587,0,1,1.352
2025,Cameron Johnson,PF,Brooklyn Nets,Golden State Warriors,25,12,0.624,0.698,1.572,0.074,0.989,1.339
2025,Cameron Johnson,PF,Brooklyn Nets,Milwaukee Bucks,25,11,0.624,2.524,1.559,1.9,0.752,1.236
2025,Cameron Johnson,PF,Brooklyn Nets,Detroit Pistons,25,14,0.624,0.573,1.322,0,1,1.193
2025,Cameron Johnson,PF,Brooklyn Nets,Orlando Magic,25,15,0.624,1.217,1.141,0.594,0.915,1.051
2025,Cameron Johnson,PF,Brooklyn Nets,Sacramento Kings,25,17,0.624,0.523,1.015,0,1,1.009
2025,Cameron Johnson,PF,Brooklyn Nets,Atlanta Hawks,25,16,0.624,0.235,0.983,0,1,0.99
2025,Cameron Johnson,PF,Brooklyn Nets,Chicago Bulls,25,18,0.624,0.411,0.861,0,1,0.917
2025,Cameron Johnson,PF,Brooklyn Nets,Miami Heat,25,20,0.624,0.861,0.857,0.238,0.965,0.9
2025,Cameron Johnson,PF,Brooklyn Nets,Dallas Mavericks,25,19,0.624,1.939,0.831,1.315,0.821,0.827
2025,Cameron Johnson,PF,Brooklyn Nets,Portland Trail Blazers,25,22,0.624,0.482,0.566,0,1,0.739
2025,Cameron Johnson,PF,Brooklyn Nets,Phoenix Suns,25,21,0.624,1.486,0.562,0.862,0.879,0.688
2025,Cameron Johnson,PF,Brooklyn Nets,San Antonio Spurs,25,23,0.624,0.484,0.468,0,1,0.681
2025,Cameron Johnson,PF,Brooklyn Nets,Toronto Raptors,25,24,0.624,1.283,0.285,0.659,0.906,0.533
2025,Cameron Payne,PG,New York Knicks,Oklahoma City Thunder,5,1,-0.122,1.646,1.021,1.768,0.767,0.919
2025,Cameron Payne,PG,New York Knicks,Cleveland Cavaliers,5,2,-0.122,0.908,0.69,1.03,0.857,0.757
2025,Cameron Payne,PG,New York Knicks,Boston Celtics,5,3,-0.122,0.432,0.591,0.553,0.92,0.723
2025,Cameron Payne,PG,New York Knicks,Houston Rockets,5,4,-0.122,0.457,0.107,0.579,0.917,0.431
2025,Caris LeVert,SG,Atlanta Hawks,Oklahoma City Thunder,16,1,0.658,1.265,1.983,0.607,0.913,1.555
2025,Caris LeVert,SG,Atlanta Hawks,Cleveland Cavaliers,16,2,0.658,1.342,1.652,0.684,0.903,1.352
2025,Caris LeVert,SG,Atlanta Hawks,Boston Celtics,16,3,0.658,0.808,1.553,0.15,0.978,1.323
2025,Caris LeVert,SG,Atlanta Hawks,Houston Rockets,16,4,0.658,0.724,1.07,0.066,0.99,1.038
2025,Caris LeVert,SG,Atlanta Hawks,New York Knicks,16,5,0.658,0.807,0.962,0.149,0.978,0.968
2025,Caris LeVert,SG,Atlanta Hawks,Los Angeles Clippers,16,9,0.658,1.026,0.841,0.368,0.946,0.883
2025,Caris LeVert,SG,Atlanta Hawks,Indiana Pacers,16,6,0.658,0.275,0.803,0,1,0.882
2025,Caris LeVert,SG,Atlanta Hawks,Denver Nuggets,16,8,0.658,0.812,0.789,0.154,0.977,0.865
2025,Caris LeVert,SG,Atlanta Hawks,Minnesota Timberwolves,16,10,0.658,1.353,0.782,0.695,0.901,0.83
2025,Caris LeVert,SG,Atlanta Hawks,Los Angeles Lakers,16,7,0.658,1.047,0.712,0.389,0.943,0.804
2025,Caris LeVert,SG,Atlanta Hawks,Golden State Warriors,16,12,0.658,0.448,0.589,0,1,0.753
2025,Caris LeVert,SG,Atlanta Hawks,Milwaukee Bucks,16,11,0.658,0.683,0.576,0.025,0.996,0.744
2025,Caris LeVert,SG,Atlanta Hawks,Memphis Grizzlies,16,13,0.658,0.996,0.605,0.338,0.951,0.743
2025,Caris LeVert,SF,Cleveland Cavaliers,Oklahoma City Thunder,2,1,0.475,0.332,0.331,0,1,0.599
2025,Caris LeVert,SG,Atlanta Hawks,Detroit Pistons,16,14,0.658,2.249,0.339,1.591,0.788,0.518
2025,Caris LeVert,SG,Atlanta Hawks,Orlando Magic,16,15,0.658,0.142,0.159,0,1,0.495
2025,Caris LeVert,SG,Atlanta Hawks,Sacramento Kings,16,17,0.658,0.908,0.032,0.25,0.963,0.404
2025,Charles Bassey,C,San Antonio Spurs,Oklahoma City Thunder,23,1,-0.117,1.018,2.497,1.135,0.843,1.836
2025,Charles Bassey,C,San Antonio Spurs,Cleveland Cavaliers,23,2,-0.117,0.96,2.166,1.077,0.851,1.64
2025,Charles Bassey,C,San Antonio Spurs,Boston Celtics,23,3,-0.117,0.929,2.068,1.046,0.855,1.583
2025,Charles Bassey,C,San Antonio Spurs,Houston Rockets,23,4,-0.117,0.807,1.584,0.925,0.87,1.299
2025,Charles Bassey,C,San Antonio Spurs,New York Knicks,23,5,-0.117,1.332,1.477,1.45,0.805,1.208
2025,Charles Bassey,C,San Antonio Spurs,Indiana Pacers,23,6,-0.117,0.754,1.318,0.872,0.877,1.142
2025,Charles Bassey,C,San Antonio Spurs,Los Angeles Clippers,23,9,-0.117,1.266,1.355,1.383,0.813,1.138
2025,Charles Bassey,C,San Antonio Spurs,Minnesota Timberwolves,23,10,-0.117,1.008,1.297,1.125,0.845,1.116
2025,Charles Bassey,C,San Antonio Spurs,Denver Nuggets,23,8,-0.117,1.827,1.304,1.945,0.747,1.081
2025,Charles Bassey,C,San Antonio Spurs,Golden State Warriors,23,12,-0.117,-0.087,1.103,0.031,0.995,1.06
2025,Charles Bassey,C,San Antonio Spurs,Los Angeles Lakers,23,7,-0.117,1.908,1.226,2.025,0.738,1.031
2025,Charles Bassey,C,San Antonio Spurs,Memphis Grizzlies,23,13,-0.117,0.773,1.119,0.89,0.875,1.021
2025,Charles Bassey,C,San Antonio Spurs,Milwaukee Bucks,23,11,-0.117,0.498,1.091,0.616,0.912,1.019
2025,Charles Bassey,C,San Antonio Spurs,Detroit Pistons,23,14,-0.117,0.988,0.853,1.105,0.847,0.851
2025,Charles Bassey,C,San Antonio Spurs,Orlando Magic,23,15,-0.117,0.455,0.673,0.572,0.918,0.771
2025,Charles Bassey,C,San Antonio Spurs,Atlanta Hawks,23,16,-0.117,0.616,0.514,0.733,0.896,0.667
2025,Charles Bassey,C,San Antonio Spurs,Sacramento Kings,23,17,-0.117,1.198,0.546,1.315,0.821,0.656
2025,Charles Bassey,C,San Antonio Spurs,Miami Heat,23,20,-0.117,0.612,0.389,0.73,0.896,0.592
2025,Charles Bassey,C,San Antonio Spurs,Chicago Bulls,23,18,-0.117,0.827,0.393,0.944,0.868,0.583
2025,Charles Bassey,C,San Antonio Spurs,Dallas Mavericks,23,19,-0.117,1.114,0.363,1.231,0.831,0.55
2025,Charles Bassey,C,San Antonio Spurs,Phoenix Suns,23,21,-0.117,0.34,0.093,0.458,0.934,0.43
2025,Charles Bassey,C,San Antonio Spurs,Portland Trail Blazers,23,22,-0.117,0.7,0.097,0.818,0.885,0.412
2025,Chris Boucher,PF,Toronto Raptors,Oklahoma City Thunder,24,1,0.236,0.795,2.681,0.559,0.92,1.976
2025,Chris Boucher,PF,Toronto Raptors,Cleveland Cavaliers,24,2,0.236,1.717,2.35,1.482,0.801,1.73
2025,Chris Boucher,PF,Toronto Raptors,Boston Celtics,24,3,0.236,1.509,2.251,1.273,0.826,1.681
2025,Chris Boucher,PF,Toronto Raptors,Houston Rockets,24,4,0.236,0.863,1.768,0.628,0.91,1.425
2025,Chris Boucher,PF,Toronto Raptors,New York Knicks,24,5,0.236,0.825,1.66,0.59,0.915,1.362
2025,Chris Boucher,PF,Toronto Raptors,Los Angeles Clippers,24,9,0.236,-0.25,1.539,0,1,1.323
2025,Chris Boucher,PF,Toronto Raptors,Denver Nuggets,24,8,0.236,0.4,1.487,0.164,0.976,1.283
2025,Chris Boucher,PF,Toronto Raptors,Indiana Pacers,24,6,0.236,0.96,1.501,0.724,0.897,1.26
2025,Chris Boucher,PF,Toronto Raptors,Minnesota Timberwolves,24,10,0.236,0.731,1.48,0.496,0.928,1.259
2025,Chris Boucher,PF,Toronto Raptors,Los Angeles Lakers,24,7,0.236,0.286,1.409,0.051,0.992,1.243
2025,Chris Boucher,PF,Toronto Raptors,Memphis Grizzlies,24,13,0.236,0.525,1.302,0.289,0.958,1.164
2025,Chris Boucher,PF,Toronto Raptors,Golden State Warriors,24,12,0.236,0.698,1.287,0.462,0.933,1.145
2025,Chris Boucher,PF,Toronto Raptors,Milwaukee Bucks,24,11,0.236,2.524,1.274,2.289,0.709,1.048
2025,Chris Boucher,PF,Toronto Raptors,Detroit Pistons,24,14,0.236,0.573,1.037,0.338,0.951,1.002
2025,Chris Boucher,PF,Toronto Raptors,Orlando Magic,24,15,0.236,1.217,0.856,0.982,0.863,0.859
2025,Chris Boucher,PF,Toronto Raptors,Sacramento Kings,24,17,0.236,0.523,0.73,0.287,0.958,0.821
2025,Chris Boucher,PF,Toronto Raptors,Atlanta Hawks,24,16,0.236,0.235,0.698,0,1,0.819
2025,Chris Boucher,PF,Toronto Raptors,Chicago Bulls,24,18,0.236,0.411,0.576,0.175,0.974,0.735
2025,Chris Boucher,PF,Toronto Raptors,Miami Heat,24,20,0.236,0.861,0.572,0.626,0.91,0.708
2025,Chris Boucher,PF,Toronto Raptors,Dallas Mavericks,24,19,0.236,1.939,0.547,1.703,0.775,0.638
2025,Chris Boucher,PF,Toronto Raptors,Portland Trail Blazers,24,22,0.236,0.482,0.281,0.246,0.964,0.554
2025,Chris Boucher,PF,Toronto Raptors,Phoenix Suns,24,21,0.236,1.486,0.277,1.251,0.829,0.498
2025,Chris Boucher,PF,Toronto Raptors,San Antonio Spurs,24,23,0.236,0.484,0.184,0.248,0.963,0.496
2025,Chris Duarte,SG,Chicago Bulls,Oklahoma City Thunder,18,1,-0.2,1.265,2.105,1.465,0.803,1.584
2025,Chris Duarte,SG,Chicago Bulls,Cleveland Cavaliers,18,2,-0.2,1.342,1.774,1.542,0.794,1.382
2025,Chris Duarte,SG,Chicago Bulls,Boston Celtics,18,3,-0.2,0.808,1.675,1.008,0.86,1.349
2025,Chris Duarte,SG,Chicago Bulls,Houston Rockets,18,4,-0.2,0.724,1.191,0.924,0.871,1.063
2025,Chris Duarte,SG,Chicago Bulls,New York Knicks,18,5,-0.2,0.807,1.084,1.007,0.86,0.994
2025,Chris Duarte,SG,Chicago Bulls,Indiana Pacers,18,6,-0.2,0.275,0.925,0.475,0.931,0.928
2025,Chris Duarte,SG,Chicago Bulls,Los Angeles Clippers,18,9,-0.2,1.026,0.963,1.226,0.832,0.911
2025,Chris Duarte,SG,Chicago Bulls,Denver Nuggets,18,8,-0.2,0.812,0.911,1.012,0.859,0.89
2025,Chris Duarte,SG,Chicago Bulls,Minnesota Timberwolves,18,10,-0.2,1.353,0.904,1.553,0.792,0.859
2025,Chris Duarte,SG,Chicago Bulls,Los Angeles Lakers,18,7,-0.2,1.047,0.833,1.247,0.829,0.832
2025,Chris Duarte,SG,Chicago Bulls,Golden State Warriors,18,12,-0.2,0.448,0.711,0.648,0.907,0.789
2025,Chris Duarte,SG,Chicago Bulls,Memphis Grizzlies,18,13,-0.2,0.996,0.726,1.196,0.836,0.77
2025,Chris Duarte,SG,Chicago Bulls,Milwaukee Bucks,18,11,-0.2,0.683,0.698,0.883,0.876,0.769
2025,Chris Duarte,SG,Chicago Bulls,Detroit Pistons,18,14,-0.2,2.249,0.461,2.449,0.693,0.553
2025,Chris Duarte,SG,Chicago Bulls,Orlando Magic,18,15,-0.2,0.142,0.28,0.342,0.95,0.548
2025,Chris Duarte,SG,Chicago Bulls,Sacramento Kings,18,17,-0.2,0.908,0.154,1.108,0.847,0.431
2025,Chris Duarte,SG,Chicago Bulls,Atlanta Hawks,18,16,-0.2,1.001,0.122,1.201,0.835,0.407
2025,Chris Livingston,SF,Milwaukee Bucks,Oklahoma City Thunder,11,1,-0.867,0.332,1.406,1.198,0.835,1.178
2025,Chris Livingston,SF,Milwaukee Bucks,Cleveland Cavaliers,11,2,-0.867,0.475,1.075,1.341,0.818,0.972
2025,Chris Livingston,SF,Milwaukee Bucks,Boston Celtics,11,3,-0.867,1.283,0.977,2.15,0.724,0.876
2025,Chris Livingston,SF,Milwaukee Bucks,Houston Rockets,11,4,-0.867,1.573,0.493,2.439,0.694,0.573
2025,Chris Livingston,SF,Milwaukee Bucks,New York Knicks,11,5,-0.867,0.764,0.386,1.631,0.783,0.545
2025,Chris Livingston,SF,Milwaukee Bucks,Minnesota Timberwolves,11,10,-0.867,-0.433,0.206,0.433,0.937,0.498
2025,Chris Livingston,SF,Milwaukee Bucks,Indiana Pacers,11,6,-0.867,0.534,0.227,1.4,0.811,0.46
2025,Chris Livingston,SF,Milwaukee Bucks,Los Angeles Clippers,11,9,-0.867,1.392,0.265,2.258,0.713,0.444
2025,Chris Livingston,SF,Milwaukee Bucks,Denver Nuggets,11,8,-0.867,0.927,0.213,1.793,0.764,0.433
2025,Chris Livingston,SF,Milwaukee Bucks,Los Angeles Lakers,11,7,-0.867,2.119,0.135,2.985,0.639,0.337
2025,Chris Livingston,SF,Milwaukee Bucks,Golden State Warriors,11,12,-0.867,1.484,0.013,2.351,0.703,0.289
2025,Chris Paul,PG,San Antonio Spurs,Oklahoma City Thunder,23,1,0.621,1.646,2.497,1.025,0.857,1.841
2025,Chris Paul,PG,San Antonio Spurs,Cleveland Cavaliers,23,2,0.621,0.908,2.166,0.287,0.958,1.683
2025,Chris Paul,PG,San Antonio Spurs,Boston Celtics,23,3,0.621,0.432,2.068,0,1,1.641
2025,Chris Paul,PG,San Antonio Spurs,Houston Rockets,23,4,0.621,0.457,1.584,0,1,1.35
2025,Chris Paul,PG,San Antonio Spurs,New York Knicks,23,5,0.621,1.105,1.477,0.484,0.93,1.258
2025,Chris Paul,PG,San Antonio Spurs,Los Angeles Clippers,23,9,0.621,1.03,1.355,0.409,0.94,1.189
2025,Chris Paul,PG,San Antonio Spurs,Minnesota Timberwolves,23,10,0.621,0.2,1.297,0,1,1.178
2025,Chris Paul,PG,San Antonio Spurs,Denver Nuggets,23,8,0.621,0.822,1.304,0.201,0.97,1.17
2025,Chris Paul,PG,San Antonio Spurs,Indiana Pacers,23,6,0.621,1.379,1.318,0.758,0.893,1.148
2025,Chris Paul,PG,San Antonio Spurs,Los Angeles Lakers,23,7,0.621,1.252,1.226,0.632,0.91,1.099
2025,Chris Paul,PG,San Antonio Spurs,Memphis Grizzlies,23,13,0.621,0.849,1.119,0.228,0.966,1.058
2025,Chris Paul,PG,San Antonio Spurs,Golden State Warriors,23,12,0.621,1.025,1.103,0.404,0.941,1.038
2025,Chris Paul,PG,San Antonio Spurs,Milwaukee Bucks,23,11,0.621,1.065,1.091,0.444,0.936,1.029
2025,Chris Paul,PG,San Antonio Spurs,Detroit Pistons,23,14,0.621,1.099,0.853,0.478,0.931,0.884
2025,Chris Paul,PG,San Antonio Spurs,Orlando Magic,23,15,0.621,0.182,0.673,0,1,0.804
2025,Chris Paul,PG,San Antonio Spurs,Sacramento Kings,23,17,0.621,0.871,0.546,0.251,0.963,0.713
2025,Chris Paul,PG,San Antonio Spurs,Atlanta Hawks,23,16,0.621,1.258,0.514,0.637,0.909,0.672
2025,Chris Paul,PG,San Antonio Spurs,Miami Heat,23,20,0.621,0.39,0.389,0,1,0.633
2025,Chris Paul,PG,San Antonio Spurs,Chicago Bulls,23,18,0.621,0.694,0.393,0.074,0.989,0.631
2025,Chris Paul,PG,San Antonio Spurs,Dallas Mavericks,23,19,0.621,1.413,0.363,0.792,0.888,0.573
2025,Chris Paul,PG,San Antonio Spurs,Portland Trail Blazers,23,22,0.621,0.141,0.097,0,1,0.458
2025,Chris Paul,PG,San Antonio Spurs,Phoenix Suns,23,21,0.621,0.387,0.093,0,1,0.456
2025,Christian Braun,SG,Denver Nuggets,Oklahoma City Thunder,8,1,0.812,1.265,1.194,0.453,0.934,1.09
2025,Christian Braun,SG,Denver Nuggets,Cleveland Cavaliers,8,2,0.812,1.342,0.863,0.53,0.924,0.887
2025,Christian Braun,SG,Denver Nuggets,Boston Celtics,8,3,0.812,0.808,0.764,0,1,0.858
2025,Christian Braun,SG,Denver Nuggets,Houston Rockets,8,4,0.812,0.724,0.28,0,1,0.568
2025,Christian Braun,SG,Denver Nuggets,New York Knicks,8,5,0.812,0.807,0.173,0,1,0.504
2025,Christian Braun,SG,Denver Nuggets,Los Angeles Clippers,8,9,0.812,1.026,0.052,0.214,0.968,0.418
2025,Christian Braun,SG,Denver Nuggets,Indiana Pacers,8,6,0.812,0.275,0.014,0,1,0.408
2025,Christian Koloko,C,Los Angeles Lakers,Oklahoma City Thunder,7,1,-0.656,1.018,1.271,1.674,0.778,1.074
2025,Christian Koloko,C,Los Angeles Lakers,Cleveland Cavaliers,7,2,-0.656,0.96,0.94,1.616,0.785,0.878
2025,Christian Koloko,C,Los Angeles Lakers,Boston Celtics,7,3,-0.656,0.929,0.842,1.585,0.788,0.821
2025,Christian Koloko,C,Los Angeles Lakers,Houston Rockets,7,4,-0.656,0.807,0.358,1.463,0.803,0.536
2025,Christian Koloko,C,Los Angeles Lakers,New York Knicks,7,5,-0.656,1.332,0.251,1.988,0.742,0.447
2025,Christian Koloko,C,Los Angeles Lakers,Indiana Pacers,7,6,-0.656,0.754,0.092,1.41,0.809,0.379
2025,Christian Koloko,C,Los Angeles Lakers,Los Angeles Clippers,7,9,-0.656,1.266,0.13,1.922,0.75,0.378
2025,Christian Koloko,C,Los Angeles Lakers,Minnesota Timberwolves,7,10,-0.656,1.008,0.071,1.664,0.779,0.354
2025,Christian Koloko,C,Los Angeles Lakers,Denver Nuggets,7,8,-0.656,1.827,0.078,2.483,0.689,0.322
2025,Chuma Okeke,PF,Philadelphia 76ers,Oklahoma City Thunder,26,1,0.385,0.795,3.024,0.41,0.94,2.19
2025,Chuma Okeke,PF,Philadelphia 76ers,Cleveland Cavaliers,26,2,0.385,1.717,2.693,1.332,0.819,1.943
2025,Chuma Okeke,PF,Philadelphia 76ers,Boston Celtics,26,3,0.385,1.509,2.594,1.123,0.845,1.895
2025,Chuma Okeke,PF,Philadelphia 76ers,Houston Rockets,26,4,0.385,0.863,2.11,0.478,0.931,1.639
2025,Chuma Okeke,PF,Philadelphia 76ers,New York Knicks,26,5,0.385,0.825,2.003,0.44,0.936,1.576
2025,Chuma Okeke,PF,Philadelphia 76ers,Los Angeles Clippers,26,9,0.385,-0.25,1.882,0,1,1.529
2025,Chuma Okeke,PF,Philadelphia 76ers,Denver Nuggets,26,8,0.385,0.4,1.83,0.015,0.998,1.497
2025,Chuma Okeke,PF,Philadelphia 76ers,Minnesota Timberwolves,26,10,0.385,0.731,1.823,0.346,0.949,1.474
2025,Chuma Okeke,PF,Philadelphia 76ers,Indiana Pacers,26,6,0.385,0.96,1.844,0.574,0.917,1.473
2025,Chuma Okeke,PF,Philadelphia 76ers,Los Angeles Lakers,26,7,0.385,0.286,1.752,0,1,1.451
2025,Chuma Okeke,PF,Philadelphia 76ers,Memphis Grizzlies,26,13,0.385,0.525,1.645,0.14,0.979,1.379
2025,Chuma Okeke,PF,Philadelphia 76ers,Golden State Warriors,26,12,0.385,0.698,1.63,0.313,0.954,1.36
2025,Chuma Okeke,PF,Philadelphia 76ers,Milwaukee Bucks,26,11,0.385,2.524,1.617,2.139,0.726,1.261
2025,Chuma Okeke,PF,Philadelphia 76ers,Detroit Pistons,26,14,0.385,0.573,1.38,0.188,0.972,1.217
2025,Chuma Okeke,PF,Philadelphia 76ers,Orlando Magic,26,15,0.385,1.217,1.199,0.832,0.883,1.073
2025,Chuma Okeke,PF,Philadelphia 76ers,Sacramento Kings,26,17,0.385,0.523,1.073,0.138,0.98,1.035
2025,Chuma Okeke,PF,Philadelphia 76ers,Atlanta Hawks,26,16,0.385,0.235,1.041,0,1,1.024
2025,Chuma Okeke,PF,Philadelphia 76ers,Chicago Bulls,26,18,0.385,0.411,0.919,0.026,0.996,0.95
2025,Chuma Okeke,PF,Philadelphia 76ers,Miami Heat,26,20,0.385,0.861,0.915,0.476,0.931,0.922
2025,Chuma Okeke,PF,Philadelphia 76ers,Dallas Mavericks,26,19,0.385,1.939,0.89,1.554,0.792,0.851
2025,Chuma Okeke,PF,Philadelphia 76ers,Portland Trail Blazers,26,22,0.385,0.482,0.624,0.096,0.986,0.769
2025,Chuma Okeke,PF,Philadelphia 76ers,Phoenix Suns,26,21,0.385,1.486,0.62,1.101,0.848,0.711
2025,Chuma Okeke,PF,Philadelphia 76ers,San Antonio Spurs,26,23,0.385,0.484,0.526,0.099,0.985,0.71
2025,Chuma Okeke,PF,Philadelphia 76ers,Toronto Raptors,26,24,0.385,1.283,0.343,0.898,0.874,0.555
2025,Chuma Okeke,PF,Cleveland Cavaliers,Oklahoma City Thunder,2,1,-0.905,0.795,0.331,1.7,0.775,0.509
2025,Chuma Okeke,PF,Philadelphia 76ers,Brooklyn Nets,26,25,0.385,0.624,0.058,0.239,0.965,0.421
2025,CJ McCollum,PG,New Orleans Pelicans,Oklahoma City Thunder,27,1,0.408,1.646,3.302,1.238,0.831,2.313
2025,CJ McCollum,PG,New Orleans Pelicans,Cleveland Cavaliers,27,2,0.408,0.908,2.971,0.5,0.928,2.153
2025,CJ McCollum,PG,New Orleans Pelicans,Boston Celtics,27,3,0.408,0.432,2.872,0.024,0.996,2.122
2025,CJ McCollum,PG,New Orleans Pelicans,Houston Rockets,27,4,0.408,0.457,2.388,0.049,0.993,1.83
2025,CJ McCollum,PG,New Orleans Pelicans,New York Knicks,27,5,0.408,1.105,2.281,0.697,0.901,1.729
2025,CJ McCollum,PG,New Orleans Pelicans,Minnesota Timberwolves,27,10,0.408,0.2,2.101,0,1,1.661
2025,CJ McCollum,PG,New Orleans Pelicans,Los Angeles Clippers,27,9,0.408,1.03,2.16,0.622,0.911,1.66
2025,CJ McCollum,PG,New Orleans Pelicans,Denver Nuggets,27,8,0.408,0.822,2.108,0.414,0.94,1.641
2025,CJ McCollum,PG,New Orleans Pelicans,Indiana Pacers,27,6,0.408,1.379,2.122,0.971,0.865,1.619
2025,CJ McCollum,PG,New Orleans Pelicans,Los Angeles Lakers,27,7,0.408,1.252,2.03,0.844,0.881,1.571
2025,CJ McCollum,PG,New Orleans Pelicans,Memphis Grizzlies,27,13,0.408,0.849,1.923,0.441,0.936,1.528
2025,CJ McCollum,PG,New Orleans Pelicans,Golden State Warriors,27,12,0.408,1.025,1.908,0.617,0.912,1.509
2025,CJ McCollum,PG,New Orleans Pelicans,Milwaukee Bucks,27,11,0.408,1.065,1.895,0.657,0.906,1.5
2025,CJ McCollum,PG,New Orleans Pelicans,Detroit Pistons,27,14,0.408,1.099,1.658,0.691,0.902,1.355
2025,CJ McCollum,PG,New Orleans Pelicans,Orlando Magic,27,15,0.408,0.182,1.477,0,1,1.286
2025,CJ McCollum,PG,New Orleans Pelicans,Sacramento Kings,27,17,0.408,0.871,1.351,0.463,0.933,1.184
2025,CJ McCollum,PG,New Orleans Pelicans,Atlanta Hawks,27,16,0.408,1.258,1.319,0.85,0.88,1.143
2025,CJ McCollum,PG,New Orleans Pelicans,Miami Heat,27,20,0.408,0.39,1.193,0,1,1.116
2025,CJ McCollum,PG,New Orleans Pelicans,Chicago Bulls,27,18,0.408,0.694,1.197,0.286,0.958,1.101
2025,CJ McCollum,PG,New Orleans Pelicans,Dallas Mavericks,27,19,0.408,1.413,1.167,1.005,0.86,1.045
2025,CJ McCollum,PG,New Orleans Pelicans,Portland Trail Blazers,27,22,0.408,0.141,0.902,0,1,0.941
2025,CJ McCollum,PG,New Orleans Pelicans,Phoenix Suns,27,21,0.408,0.387,0.898,0,1,0.939
2025,CJ McCollum,PG,New Orleans Pelicans,San Antonio Spurs,27,23,0.408,0.766,0.804,0.358,0.948,0.862
2025,CJ McCollum,PG,New Orleans Pelicans,Toronto Raptors,27,24,0.408,0.562,0.621,0.153,0.977,0.763
2025,CJ McCollum,PG,New Orleans Pelicans,Brooklyn Nets,27,25,0.408,0.658,0.336,0.25,0.963,0.587
2025,CJ McCollum,PG,New Orleans Pelicans,Philadelphia 76ers,27,26,0.408,1.022,0.278,0.613,0.912,0.532
2025,Clint Capela,C,Atlanta Hawks,Oklahoma City Thunder,16,1,0.371,1.018,1.983,0.646,0.908,1.553
2025,Clint Capela,C,Atlanta Hawks,Cleveland Cavaliers,16,2,0.371,0.96,1.652,0.588,0.916,1.357
2025,Clint Capela,C,Atlanta Hawks,Boston Celtics,16,3,0.371,0.929,1.553,0.557,0.92,1.3
2025,Clint Capela,C,Atlanta Hawks,Houston Rockets,16,4,0.371,0.807,1.07,0.436,0.937,1.016
2025,Clint Capela,C,Atlanta Hawks,New York Knicks,16,5,0.371,1.332,0.962,0.961,0.866,0.924
2025,Clint Capela,C,Atlanta Hawks,Indiana Pacers,16,6,0.371,0.754,0.803,0.383,0.944,0.86
2025,Clint Capela,C,Atlanta Hawks,Los Angeles Clippers,16,9,0.371,1.266,0.841,0.894,0.874,0.854
2025,Clint Capela,C,Atlanta Hawks,Minnesota Timberwolves,16,10,0.371,1.008,0.782,0.636,0.909,0.833
2025,Clint Capela,C,Atlanta Hawks,Denver Nuggets,16,8,0.371,1.827,0.789,1.456,0.804,0.795
2025,Clint Capela,C,Atlanta Hawks,Golden State Warriors,16,12,0.371,-0.087,0.589,0,1,0.753
2025,Clint Capela,C,Atlanta Hawks,Los Angeles Lakers,16,7,0.371,1.908,0.712,1.537,0.794,0.745
2025,Clint Capela,C,Atlanta Hawks,Memphis Grizzlies,16,13,0.371,0.773,0.605,0.402,0.942,0.739
2025,Clint Capela,C,Atlanta Hawks,Milwaukee Bucks,16,11,0.371,0.498,0.576,0.127,0.981,0.738
2025,Clint Capela,C,Atlanta Hawks,Detroit Pistons,16,14,0.371,0.988,0.339,0.616,0.912,0.568
2025,Clint Capela,C,Atlanta Hawks,Orlando Magic,16,15,0.371,0.455,0.159,0.083,0.988,0.49
2025,Clint Capela,C,Atlanta Hawks,Sacramento Kings,16,17,0.371,1.198,0.032,0.827,0.883,0.373
2025,Coby White,SG,Chicago Bulls,Oklahoma City Thunder,18,1,0.842,1.265,2.105,0.424,0.938,1.638
2025,Coby White,SG,Chicago Bulls,Cleveland Cavaliers,18,2,0.842,1.342,1.774,0.5,0.928,1.435
2025,Coby White,SG,Chicago Bulls,Boston Celtics,18,3,0.842,0.808,1.675,0,1,1.405
2025,Coby White,SG,Chicago Bulls,Houston Rockets,18,4,0.842,0.724,1.191,0,1,1.115
2025,Coby White,SG,Chicago Bulls,New York Knicks,18,5,0.842,0.807,1.084,0,1,1.05
2025,Coby White,SG,Chicago Bulls,Los Angeles Clippers,18,9,0.842,1.026,0.963,0.184,0.973,0.967
2025,Coby White,SG,Chicago Bulls,Indiana Pacers,18,6,0.842,0.275,0.925,0,1,0.955
2025,Coby White,SG,Chicago Bulls,Denver Nuggets,18,8,0.842,0.812,0.911,0,1,0.947
2025,Coby White,SG,Chicago Bulls,Minnesota Timberwolves,18,10,0.842,1.353,0.904,0.512,0.926,0.913
2025,Coby White,SG,Chicago Bulls,Los Angeles Lakers,18,7,0.842,1.047,0.833,0.206,0.97,0.888
2025,Coby White,SG,Chicago Bulls,Memphis Grizzlies,18,13,0.842,0.996,0.726,0.154,0.977,0.827
2025,Coby White,SG,Chicago Bulls,Golden State Warriors,18,12,0.842,0.448,0.711,0,1,0.826
2025,Coby White,SG,Chicago Bulls,Milwaukee Bucks,18,11,0.842,0.683,0.698,0,1,0.819
2025,Coby White,SG,Chicago Bulls,Detroit Pistons,18,14,0.842,2.249,0.461,1.408,0.81,0.6
2025,Coby White,SG,Chicago Bulls,Orlando Magic,18,15,0.842,0.142,0.28,0,1,0.568
2025,Coby White,SG,Chicago Bulls,Sacramento Kings,18,17,0.842,0.908,0.154,0.067,0.99,0.488
2025,Coby White,SG,Chicago Bulls,Atlanta Hawks,18,16,0.842,1.001,0.122,0.159,0.976,0.464
2025,Cody Martin,SF,Charlotte Hornets,Oklahoma City Thunder,28,1,0.394,0.332,3.349,0,1,2.409
2025,Cody Martin,SF,Charlotte Hornets,Cleveland Cavaliers,28,2,0.394,0.475,3.018,0.081,0.988,2.206
2025,Cody Martin,SF,Charlotte Hornets,Boston Celtics,28,3,0.394,1.283,2.92,0.889,0.875,2.102
2025,Cody Martin,SF,Phoenix Suns,Oklahoma City Thunder,21,1,-0.245,0.332,2.404,0.576,0.917,1.809
2025,Cody Martin,SF,Charlotte Hornets,Houston Rockets,28,4,0.394,1.573,2.436,1.179,0.838,1.797
2025,Cody Martin,SF,Charlotte Hornets,New York Knicks,28,5,0.394,0.764,2.328,0.37,0.946,1.775
2025,Cody Martin,SF,Charlotte Hornets,Indiana Pacers,28,6,0.394,0.534,2.169,0.14,0.979,1.693
2025,Cody Martin,SF,Charlotte Hornets,Minnesota Timberwolves,28,10,0.394,-0.433,2.148,0,1,1.689
2025,Cody Martin,SF,Charlotte Hornets,Los Angeles Clippers,28,9,0.394,1.392,2.207,0.998,0.861,1.669
2025,Cody Martin,SF,Charlotte Hornets,Denver Nuggets,28,8,0.394,0.927,2.155,0.533,0.923,1.663
2025,Cody Martin,SF,Phoenix Suns,Cleveland Cavaliers,21,2,-0.245,0.475,2.073,0.719,0.898,1.603
2025,Cody Martin,SF,Charlotte Hornets,Los Angeles Lakers,28,7,0.394,2.119,2.078,1.725,0.772,1.555
2025,Cody Martin,SF,Charlotte Hornets,Milwaukee Bucks,28,11,0.394,0.667,1.943,0.273,0.96,1.549
2025,Cody Martin,SF,Charlotte Hornets,Golden State Warriors,28,12,0.394,1.484,1.955,1.09,0.849,1.513
2025,Cody Martin,SF,Phoenix Suns,Boston Celtics,21,3,-0.245,1.283,1.974,1.528,0.795,1.503
2025,Cody Martin,SF,Charlotte Hornets,Detroit Pistons,28,14,0.394,0.84,1.705,0.446,0.935,1.397
2025,Cody Martin,SF,Charlotte Hornets,Orlando Magic,28,15,0.394,1.486,1.525,1.092,0.849,1.254
2025,Cody Martin,SF,Charlotte Hornets,Sacramento Kings,28,17,0.394,1.064,1.398,0.67,0.904,1.201
2025,Cody Martin,SF,Phoenix Suns,Houston Rockets,21,4,-0.245,1.573,1.491,1.818,0.761,1.199
2025,Cody Martin,SF,Phoenix Suns,New York Knicks,21,5,-0.245,0.764,1.383,1.009,0.86,1.174
2025,Cody Martin,SF,Charlotte Hornets,Atlanta Hawks,28,16,0.394,1.882,1.366,1.488,0.8,1.14
2025,Cody Martin,SF,Phoenix Suns,Minnesota Timberwolves,21,10,-0.245,-0.433,1.203,0,1,1.122
2025,Cody Martin,SF,Charlotte Hornets,Dallas Mavericks,28,19,0.394,0.6,1.215,0.206,0.97,1.117
2025,Cody Martin,SF,Charlotte Hornets,Miami Heat,28,20,0.394,1.143,1.241,0.749,0.894,1.102
2025,Cody Martin,SF,Charlotte Hornets,Chicago Bulls,28,18,0.394,1.234,1.244,0.84,0.882,1.099
2025,Cody Martin,SF,Phoenix Suns,Indiana Pacers,21,6,-0.245,0.534,1.224,0.779,0.89,1.09
2025,Cody Martin,SF,Phoenix Suns,Los Angeles Clippers,21,9,-0.245,1.392,1.262,1.636,0.782,1.07
2025,Cody Martin,SF,Phoenix Suns,Denver Nuggets,21,8,-0.245,0.927,1.21,1.172,0.839,1.062
2025,Cody Martin,SF,Charlotte Hornets,Phoenix Suns,28,21,0.394,0.395,0.945,0.001,1,0.967
2025,Cody Martin,SF,Phoenix Suns,Los Angeles Lakers,21,7,-0.245,2.119,1.132,2.363,0.702,0.96
2025,Cody Martin,SF,Phoenix Suns,Milwaukee Bucks,21,11,-0.245,0.667,0.997,0.912,0.872,0.947
2025,Cody Martin,SF,Charlotte Hornets,Portland Trail Blazers,28,22,0.394,1.194,0.949,0.8,0.887,0.924
2025,Cody Martin,SF,Phoenix Suns,Golden State Warriors,21,12,-0.245,1.484,1.01,1.729,0.772,0.915
2025,Cody Martin,SF,Charlotte Hornets,San Antonio Spurs,28,23,0.394,0.392,0.852,0,1,0.911
2025,Cody Martin,SF,Phoenix Suns,Detroit Pistons,21,14,-0.245,0.84,0.76,1.085,0.85,0.796
2025,Cody Martin,SF,Charlotte Hornets,Toronto Raptors,28,24,0.394,1.249,0.668,0.855,0.88,0.753
2025,Cody Martin,SF,Phoenix Suns,Orlando Magic,21,15,-0.245,1.486,0.58,1.731,0.771,0.656
2025,Cody Martin,SF,Charlotte Hornets,Brooklyn Nets,28,25,0.394,0.258,0.383,0,1,0.63
2025,Cody Martin,SF,Phoenix Suns,Sacramento Kings,21,17,-0.245,1.064,0.453,1.308,0.822,0.6
2025,Cody Martin,SF,Charlotte Hornets,Philadelphia 76ers,28,26,0.394,0.804,0.325,0.41,0.94,0.571
2025,Cody Martin,SF,Phoenix Suns,Atlanta Hawks,21,16,-0.245,1.882,0.421,2.127,0.727,0.543
2025,Cody Martin,SF,Phoenix Suns,Dallas Mavericks,21,19,-0.245,0.6,0.27,0.845,0.881,0.514
2025,Cody Martin,SF,Phoenix Suns,Miami Heat,21,20,-0.245,1.143,0.295,1.388,0.812,0.502
2025,Cody Martin,SF,Phoenix Suns,Chicago Bulls,21,18,-0.245,1.234,0.299,1.479,0.801,0.5
2025,Cody Martin,SF,Charlotte Hornets,New Orleans Pelicans,28,27,0.394,1.332,0.047,0.938,0.869,0.376
2025,Cody Martin,SF,Phoenix Suns,Portland Trail Blazers,21,22,-0.245,1.194,0.004,1.439,0.806,0.325
2025,Cody Williams,SG,Utah Jazz,Oklahoma City Thunder,30,1,-0.726,1.265,3.505,1.991,0.742,2.399
2025,Cody Williams,SG,Utah Jazz,Cleveland Cavaliers,30,2,-0.726,1.342,3.174,2.068,0.733,2.198
2025,Cody Williams,SG,Utah Jazz,Boston Celtics,30,3,-0.726,0.808,3.075,1.534,0.794,2.163
2025,Cody Williams,SG,Utah Jazz,Houston Rockets,30,4,-0.726,0.724,2.591,1.45,0.804,1.877
2025,Cody Williams,SG,Utah Jazz,New York Knicks,30,5,-0.726,0.807,2.484,1.533,0.795,1.808
2025,Cody Williams,SG,Utah Jazz,Indiana Pacers,30,6,-0.726,0.275,2.325,1.001,0.861,1.739
2025,Cody Williams,SG,Utah Jazz,Los Angeles Clippers,30,9,-0.726,1.026,2.363,1.752,0.769,1.725
2025,Cody Williams,SG,Utah Jazz,Denver Nuggets,30,8,-0.726,0.812,2.311,1.538,0.794,1.704
2025,Cody Williams,SG,Utah Jazz,Minnesota Timberwolves,30,10,-0.726,1.353,2.304,2.079,0.732,1.675
2025,Cody Williams,SG,Utah Jazz,Los Angeles Lakers,30,7,-0.726,1.047,2.233,1.773,0.766,1.647
2025,Cody Williams,SG,Utah Jazz,Golden State Warriors,30,12,-0.726,0.448,2.111,1.174,0.839,1.602
2025,Cody Williams,SG,Utah Jazz,Memphis Grizzlies,30,13,-0.726,0.996,2.126,1.722,0.772,1.585
2025,Cody Williams,SG,Utah Jazz,Milwaukee Bucks,30,11,-0.726,0.683,2.098,1.409,0.81,1.583
2025,Cody Williams,SG,Utah Jazz,Detroit Pistons,30,14,-0.726,2.249,1.861,2.975,0.64,1.372
2025,Cody Williams,SG,Utah Jazz,Orlando Magic,30,15,-0.726,0.142,1.68,0.868,0.878,1.359
2025,Cody Williams,SG,Utah Jazz,Sacramento Kings,30,17,-0.726,0.908,1.554,1.634,0.783,1.245
2025,Cody Williams,SG,Utah Jazz,Atlanta Hawks,30,16,-0.726,1.001,1.522,1.727,0.772,1.222
2025,Cody Williams,SG,Utah Jazz,Chicago Bulls,30,18,-0.726,0.842,1.4,1.568,0.79,1.156
2025,Cody Williams,SG,Utah Jazz,Miami Heat,30,20,-0.726,1.223,1.396,1.949,0.746,1.136
2025,Cody Williams,SG,Utah Jazz,Dallas Mavericks,30,19,-0.726,1.335,1.371,2.061,0.734,1.116
2025,Cody Williams,SG,Utah Jazz,Portland Trail Blazers,30,22,-0.726,0.782,1.105,1.508,0.798,0.982
2025,Cody Williams,SG,Utah Jazz,Phoenix Suns,30,21,-0.726,1.298,1.101,2.024,0.738,0.956
2025,Cody Williams,SG,Utah Jazz,San Antonio Spurs,30,23,-0.726,0.668,1.007,1.394,0.811,0.929
2025,Cody Williams,SG,Utah Jazz,Toronto Raptors,30,24,-0.726,0.479,0.824,1.205,0.835,0.828
2025,Cody Williams,SG,Utah Jazz,Brooklyn Nets,30,25,-0.726,0.95,0.539,1.676,0.778,0.635
2025,Cody Williams,SG,Utah Jazz,Philadelphia 76ers,30,26,-0.726,1.127,0.481,1.854,0.757,0.591
2025,Cody Williams,SG,Utah Jazz,New Orleans Pelicans,30,27,-0.726,0.263,0.203,0.989,0.862,0.467
2025,Cody Williams,SG,Utah Jazz,Charlotte Hornets,30,28,-0.726,0.355,0.156,1.081,0.85,0.434
2025,Colby Jones,SG,Washington Wizards,Oklahoma City Thunder,29,1,0.206,1.265,3.577,1.06,0.853,2.488
2025,Colby Jones,SG,Washington Wizards,Cleveland Cavaliers,29,2,0.206,1.342,3.246,1.136,0.843,2.285
2025,Colby Jones,SG,Washington Wizards,Boston Celtics,29,3,0.206,0.808,3.148,0.603,0.914,2.254
2025,Colby Jones,SG,Washington Wizards,Houston Rockets,29,4,0.206,0.724,2.664,0.519,0.925,1.968
2025,Colby Jones,SG,Washington Wizards,New York Knicks,29,5,0.206,0.807,2.557,0.601,0.914,1.899
2025,Colby Jones,SG,Washington Wizards,Indiana Pacers,29,6,0.206,0.275,2.398,0.069,0.99,1.835
2025,Colby Jones,SG,Washington Wizards,Los Angeles Clippers,29,9,0.206,1.026,2.436,0.82,0.884,1.815
2025,Colby Jones,SG,Washington Wizards,Denver Nuggets,29,8,0.206,0.812,2.384,0.606,0.913,1.796
2025,Colby Jones,SG,Washington Wizards,Minnesota Timberwolves,29,10,0.206,1.353,2.377,1.148,0.842,1.763
2025,Colby Jones,SG,Washington Wizards,Los Angeles Lakers,29,7,0.206,1.047,2.306,0.841,0.881,1.736
2025,Colby Jones,SG,Washington Wizards,Golden State Warriors,29,12,0.206,0.448,2.183,0.242,0.964,1.696
2025,Colby Jones,SG,Washington Wizards,Memphis Grizzlies,29,13,0.206,0.996,2.199,0.79,0.888,1.675
2025,Colby Jones,SG,Washington Wizards,Milwaukee Bucks,29,11,0.206,0.683,2.171,0.477,0.931,1.675
2025,Colby Jones,SG,Sacramento Kings,Oklahoma City Thunder,17,1,-0.608,1.265,1.951,1.873,0.755,1.473
2025,Colby Jones,SG,Washington Wizards,Detroit Pistons,29,14,0.206,2.249,1.933,2.043,0.736,1.454
2025,Colby Jones,SG,Washington Wizards,Orlando Magic,29,15,0.206,0.142,1.753,0,1,1.452
2025,Colby Jones,SG,Washington Wizards,Sacramento Kings,29,17,0.206,0.908,1.626,0.703,0.9,1.336
2025,Colby Jones,SG,Washington Wizards,Atlanta Hawks,29,16,0.206,1.001,1.594,0.795,0.888,1.312
2025,Colby Jones,SG,Sacramento Kings,Cleveland Cavaliers,17,2,-0.608,1.342,1.62,1.949,0.746,1.271
2025,Colby Jones,SG,Washington Wizards,Chicago Bulls,29,18,0.206,0.842,1.473,0.636,0.909,1.247
2025,Colby Jones,SG,Sacramento Kings,Boston Celtics,17,3,-0.608,0.808,1.521,1.416,0.809,1.236
2025,Colby Jones,SG,Washington Wizards,Miami Heat,29,20,0.206,1.223,1.469,1.018,0.858,1.225
2025,Colby Jones,SG,Washington Wizards,Dallas Mavericks,29,19,0.206,1.335,1.443,1.13,0.844,1.204
2025,Colby Jones,SG,Washington Wizards,Portland Trail Blazers,29,22,0.206,0.782,1.177,0.577,0.917,1.073
2025,Colby Jones,SG,Washington Wizards,Phoenix Suns,29,21,0.206,1.298,1.173,1.093,0.849,1.044
2025,Colby Jones,SG,Washington Wizards,San Antonio Spurs,29,23,0.206,0.668,1.08,0.462,0.933,1.021
2025,Colby Jones,SG,Sacramento Kings,Houston Rockets,17,4,-0.608,0.724,1.038,1.332,0.819,0.95
2025,Colby Jones,SG,Washington Wizards,Toronto Raptors,29,24,0.206,0.479,0.897,0.273,0.96,0.922
2025,Colby Jones,SG,Sacramento Kings,New York Knicks,17,5,-0.608,0.807,0.93,1.414,0.809,0.882
2025,Colby Jones,SG,Sacramento Kings,Indiana Pacers,17,6,-0.608,0.275,0.771,0.882,0.876,0.813
2025,Colby Jones,SG,Sacramento Kings,Los Angeles Clippers,17,9,-0.608,1.026,0.809,1.633,0.783,0.799
2025,Colby Jones,SG,Sacramento Kings,Denver Nuggets,17,8,-0.608,0.812,0.757,1.42,0.808,0.778
2025,Colby Jones,SG,Sacramento Kings,Minnesota Timberwolves,17,10,-0.608,1.353,0.75,1.961,0.745,0.748
2025,Colby Jones,SG,Washington Wizards,Brooklyn Nets,29,25,0.206,0.95,0.612,0.744,0.894,0.725
2025,Colby Jones,SG,Sacramento Kings,Los Angeles Lakers,17,7,-0.608,1.047,0.68,1.655,0.78,0.72
2025,Colby Jones,SG,Washington Wizards,Philadelphia 76ers,29,26,0.206,1.127,0.554,0.922,0.871,0.681
2025,Colby Jones,SG,Sacramento Kings,Golden State Warriors,17,12,-0.608,0.448,0.557,1.056,0.854,0.676
2025,Colby Jones,SG,Sacramento Kings,Memphis Grizzlies,17,13,-0.608,0.996,0.573,1.603,0.786,0.658
2025,Colby Jones,SG,Sacramento Kings,Milwaukee Bucks,17,11,-0.608,0.683,0.544,1.29,0.824,0.656
2025,Colby Jones,SG,Washington Wizards,New Orleans Pelicans,29,27,0.206,0.263,0.276,0.057,0.992,0.562
2025,Colby Jones,SG,Washington Wizards,Charlotte Hornets,29,28,0.206,0.355,0.228,0.149,0.978,0.528
2025,Colby Jones,SG,Sacramento Kings,Detroit Pistons,17,14,-0.608,2.249,0.307,2.857,0.651,0.445
2025,Colby Jones,SG,Sacramento Kings,Orlando Magic,17,15,-0.608,0.142,0.127,0.749,0.894,0.433
2025,Colby Jones,SG,Washington Wizards,Utah Jazz,29,30,0.206,0.696,0.073,0.49,0.929,0.415
2025,Cole Anthony,PG,Orlando Magic,Oklahoma City Thunder,15,1,-0.089,1.646,1.824,1.735,0.771,1.403
2025,Cole Anthony,PG,Orlando Magic,Cleveland Cavaliers,15,2,-0.089,0.908,1.493,0.997,0.861,1.24
2025,Cole Anthony,PG,Orlando Magic,Boston Celtics,15,3,-0.089,0.432,1.395,0.521,0.925,1.207
2025,Cole Anthony,PG,Orlando Magic,Houston Rockets,15,4,-0.089,0.457,0.911,0.546,0.921,0.915
2025,Cole Anthony,PG,Orlando Magic,New York Knicks,15,5,-0.089,1.105,0.804,1.194,0.836,0.817
2025,Cole Anthony,PG,Orlando Magic,Minnesota Timberwolves,15,10,-0.089,0.2,0.624,0.289,0.958,0.757
2025,Cole Anthony,PG,Orlando Magic,Los Angeles Clippers,15,9,-0.089,1.03,0.683,1.119,0.845,0.748
2025,Cole Anthony,PG,Orlando Magic,Denver Nuggets,15,8,-0.089,0.822,0.631,0.911,0.872,0.727
2025,Cole Anthony,PG,Orlando Magic,Indiana Pacers,15,6,-0.089,1.379,0.645,1.468,0.802,0.708
2025,Cole Anthony,PG,Orlando Magic,Los Angeles Lakers,15,7,-0.089,1.252,0.553,1.342,0.818,0.659
2025,Cole Anthony,PG,Orlando Magic,Memphis Grizzlies,15,13,-0.089,0.849,0.446,0.938,0.869,0.615
2025,Cole Anthony,PG,Orlando Magic,Golden State Warriors,15,12,-0.089,1.025,0.43,1.114,0.846,0.597
2025,Cole Anthony,PG,Orlando Magic,Milwaukee Bucks,15,11,-0.089,1.065,0.418,1.154,0.841,0.587
2025,Cole Anthony,PG,Orlando Magic,Detroit Pistons,15,14,-0.089,1.099,0.18,1.188,0.837,0.443
2025,Cole Swider,SF,Toronto Raptors,Oklahoma City Thunder,24,1,-0.314,0.332,2.681,0.645,0.908,1.972
2025,Cole Swider,SF,Toronto Raptors,Cleveland Cavaliers,24,2,-0.314,0.475,2.35,0.788,0.888,1.765
2025,Cole Swider,SF,Toronto Raptors,Boston Celtics,24,3,-0.314,1.283,2.251,1.597,0.787,1.666
2025,Cole Swider,SF,Toronto Raptors,Houston Rockets,24,4,-0.314,1.573,1.768,1.887,0.754,1.362
2025,Cole Swider,SF,Toronto Raptors,New York Knicks,24,5,-0.314,0.764,1.66,1.078,0.851,1.336
2025,Cole Swider,SF,Toronto Raptors,Minnesota Timberwolves,24,10,-0.314,-0.433,1.48,0,1,1.288
2025,Cole Swider,SF,Detroit Pistons,Oklahoma City Thunder,14,1,-1.77,0.332,1.644,2.102,0.73,1.278
2025,Cole Swider,SF,Toronto Raptors,Indiana Pacers,24,6,-0.314,0.534,1.501,0.848,0.881,1.253
2025,Cole Swider,SF,Toronto Raptors,Los Angeles Clippers,24,9,-0.314,1.392,1.539,1.705,0.774,1.233
2025,Cole Swider,SF,Toronto Raptors,Denver Nuggets,24,8,-0.314,0.927,1.487,1.24,0.83,1.224
2025,Cole Swider,SF,Toronto Raptors,Los Angeles Lakers,24,7,-0.314,2.119,1.409,2.432,0.694,1.123
2025,Cole Swider,SF,Toronto Raptors,Milwaukee Bucks,24,11,-0.314,0.667,1.274,0.981,0.863,1.11
2025,Cole Swider,SF,Toronto Raptors,Golden State Warriors,24,12,-0.314,1.484,1.287,1.798,0.764,1.078
2025,Cole Swider,SF,Detroit Pistons,Cleveland Cavaliers,14,2,-1.77,0.475,1.313,2.245,0.714,1.073
2025,Cole Swider,SF,Detroit Pistons,Boston Celtics,14,3,-1.77,1.283,1.215,3.053,0.633,0.982
2025,Cole Swider,SF,Toronto Raptors,Detroit Pistons,24,14,-0.314,0.84,1.037,1.153,0.841,0.959
2025,Cole Swider,SF,Toronto Raptors,Orlando Magic,24,15,-0.314,1.486,0.856,1.8,0.763,0.819
2025,Cole Swider,SF,Toronto Raptors,Sacramento Kings,24,17,-0.314,1.064,0.73,1.377,0.813,0.763
2025,Cole Swider,SF,Toronto Raptors,Atlanta Hawks,24,16,-0.314,1.882,0.698,2.196,0.719,0.706
2025,Cole Swider,SF,Detroit Pistons,Houston Rockets,14,4,-1.77,1.573,0.731,3.343,0.606,0.681
2025,Cole Swider,SF,Toronto Raptors,Dallas Mavericks,24,19,-0.314,0.6,0.547,0.913,0.872,0.677
2025,Cole Swider,SF,Toronto Raptors,Miami Heat,24,20,-0.314,1.143,0.572,1.456,0.804,0.665
2025,Cole Swider,SF,Toronto Raptors,Chicago Bulls,24,18,-0.314,1.234,0.576,1.548,0.793,0.663
2025,Cole Swider,SF,Detroit Pistons,New York Knicks,14,5,-1.77,0.764,0.623,2.534,0.684,0.647
2025,Cole Swider,SF,Detroit Pistons,Minnesota Timberwolves,14,10,-1.77,-0.433,0.443,1.337,0.818,0.593
2025,Cole Swider,SF,Detroit Pistons,Indiana Pacers,14,6,-1.77,0.534,0.464,2.304,0.708,0.562
2025,Cole Swider,SF,Detroit Pistons,Los Angeles Clippers,14,9,-1.77,1.392,0.502,3.162,0.622,0.55
2025,Cole Swider,SF,Detroit Pistons,Denver Nuggets,14,8,-1.77,0.927,0.45,2.697,0.667,0.537
2025,Cole Swider,SF,Toronto Raptors,Phoenix Suns,24,21,-0.314,0.395,0.277,0.709,0.899,0.526
2025,Cole Swider,SF,Toronto Raptors,Portland Trail Blazers,24,22,-0.314,1.194,0.281,1.507,0.798,0.488
2025,Cole Swider,SF,Toronto Raptors,San Antonio Spurs,24,23,-0.314,0.392,0.184,0.706,0.9,0.47
2025,Cole Swider,SF,Detroit Pistons,Los Angeles Lakers,14,7,-1.77,2.119,0.373,3.889,0.558,0.447
2025,Cole Swider,SF,Detroit Pistons,Milwaukee Bucks,14,11,-1.77,0.667,0.237,2.437,0.694,0.42
2025,Cole Swider,SF,Detroit Pistons,Golden State Warriors,14,12,-1.77,1.484,0.25,3.254,0.614,0.396
2025,Colin Castleton,C,Philadelphia 76ers,Oklahoma City Thunder,26,1,-0.247,1.018,3.024,1.264,0.827,2.145
2025,Colin Castleton,C,Philadelphia 76ers,Cleveland Cavaliers,26,2,-0.247,0.96,2.693,1.206,0.834,1.949
2025,Colin Castleton,C,Toronto Raptors,Oklahoma City Thunder,24,1,-0.275,1.018,2.681,1.293,0.824,1.938
2025,Colin Castleton,C,Philadelphia 76ers,Boston Celtics,26,3,-0.247,0.929,2.594,1.176,0.838,1.892
2025,Colin Castleton,C,Toronto Raptors,Cleveland Cavaliers,24,2,-0.275,0.96,2.35,1.235,0.831,1.742
2025,Colin Castleton,C,Toronto Raptors,Boston Celtics,24,3,-0.275,0.929,2.251,1.204,0.835,1.685
2025,Colin Castleton,C,Philadelphia 76ers,Houston Rockets,26,4,-0.247,0.807,2.11,1.054,0.854,1.608
2025,Colin Castleton,C,Philadelphia 76ers,New York Knicks,26,5,-0.247,1.332,2.003,1.579,0.789,1.517
2025,Colin Castleton,C,Philadelphia 76ers,Indiana Pacers,26,6,-0.247,0.754,1.844,1.001,0.861,1.451
2025,Colin Castleton,C,Philadelphia 76ers,Los Angeles Clippers,26,9,-0.247,1.266,1.882,1.512,0.797,1.448
2025,Colin Castleton,C,Philadelphia 76ers,Minnesota Timberwolves,26,10,-0.247,1.008,1.823,1.254,0.829,1.425
2025,Colin Castleton,C,Toronto Raptors,Houston Rockets,24,4,-0.275,0.807,1.768,1.082,0.85,1.401
2025,Colin Castleton,C,Philadelphia 76ers,Denver Nuggets,26,8,-0.247,1.827,1.83,2.074,0.733,1.391
2025,Colin Castleton,C,Philadelphia 76ers,Golden State Warriors,26,12,-0.247,-0.087,1.63,0.16,0.976,1.368
2025,Colin Castleton,C,Philadelphia 76ers,Los Angeles Lakers,26,7,-0.247,1.908,1.752,2.155,0.724,1.341
2025,Colin Castleton,C,Philadelphia 76ers,Memphis Grizzlies,26,13,-0.247,0.773,1.645,1.02,0.858,1.33
2025,Colin Castleton,C,Philadelphia 76ers,Milwaukee Bucks,26,11,-0.247,0.498,1.617,0.745,0.894,1.328
2025,Colin Castleton,C,Toronto Raptors,New York Knicks,24,5,-0.275,1.332,1.66,1.607,0.786,1.31
2025,Colin Castleton,C,Toronto Raptors,Indiana Pacers,24,6,-0.275,0.754,1.501,1.029,0.857,1.244
2025,Colin Castleton,C,Toronto Raptors,Los Angeles Clippers,24,9,-0.275,1.266,1.539,1.541,0.794,1.241
2025,Colin Castleton,C,Toronto Raptors,Minnesota Timberwolves,24,10,-0.275,1.008,1.48,1.283,0.825,1.218
2025,Colin Castleton,C,Toronto Raptors,Denver Nuggets,24,8,-0.275,1.827,1.487,2.102,0.73,1.184
2025,Colin Castleton,C,Toronto Raptors,Golden State Warriors,24,12,-0.275,-0.087,1.287,0.188,0.972,1.161
2025,Colin Castleton,C,Philadelphia 76ers,Detroit Pistons,26,14,-0.247,0.988,1.38,1.234,0.831,1.16
2025,Colin Castleton,C,Toronto Raptors,Los Angeles Lakers,24,7,-0.275,1.908,1.409,2.183,0.721,1.134
2025,Colin Castleton,C,Toronto Raptors,Memphis Grizzlies,24,13,-0.275,0.773,1.302,1.048,0.855,1.123
2025,Colin Castleton,C,Toronto Raptors,Milwaukee Bucks,24,11,-0.275,0.498,1.274,0.773,0.89,1.121
2025,Colin Castleton,C,Memphis Grizzlies,Oklahoma City Thunder,13,1,-1.762,1.018,1.378,2.779,0.659,1.091
2025,Colin Castleton,C,Philadelphia 76ers,Orlando Magic,26,15,-0.247,0.455,1.199,0.701,0.9,1.08
2025,Colin Castleton,C,Philadelphia 76ers,Atlanta Hawks,26,16,-0.247,0.616,1.041,0.863,0.879,0.976
2025,Colin Castleton,C,Philadelphia 76ers,Sacramento Kings,26,17,-0.247,1.198,1.073,1.445,0.805,0.966
2025,Colin Castleton,C,Toronto Raptors,Detroit Pistons,24,14,-0.275,0.988,1.037,1.263,0.827,0.953
2025,Colin Castleton,C,Philadelphia 76ers,Miami Heat,26,20,-0.247,0.612,0.915,0.859,0.879,0.901
2025,Colin Castleton,C,Memphis Grizzlies,Cleveland Cavaliers,13,2,-1.762,0.96,1.047,2.722,0.665,0.894
2025,Colin Castleton,C,Philadelphia 76ers,Chicago Bulls,26,18,-0.247,0.827,0.919,1.073,0.851,0.892
2025,Colin Castleton,C,Toronto Raptors,Orlando Magic,24,15,-0.275,0.455,0.856,0.73,0.896,0.872
2025,Colin Castleton,C,Philadelphia 76ers,Dallas Mavericks,26,19,-0.247,1.114,0.89,1.361,0.815,0.86
2025,Colin Castleton,C,Memphis Grizzlies,Boston Celtics,13,3,-1.762,0.929,0.949,2.691,0.668,0.837
2025,Colin Castleton,C,Toronto Raptors,Atlanta Hawks,24,16,-0.275,0.616,0.698,0.891,0.875,0.769
2025,Colin Castleton,C,Toronto Raptors,Sacramento Kings,24,17,-0.275,1.198,0.73,1.473,0.802,0.759
2025,Colin Castleton,C,Philadelphia 76ers,Phoenix Suns,26,21,-0.247,0.34,0.62,0.587,0.916,0.738
2025,Colin Castleton,C,Philadelphia 76ers,Portland Trail Blazers,26,22,-0.247,0.7,0.624,0.947,0.868,0.721
2025,Colin Castleton,C,Toronto Raptors,Miami Heat,24,20,-0.275,0.612,0.572,0.887,0.875,0.694
2025,Colin Castleton,C,Toronto Raptors,Chicago Bulls,24,18,-0.275,0.827,0.576,1.102,0.848,0.685
2025,Colin Castleton,C,Toronto Raptors,Dallas Mavericks,24,19,-0.275,1.114,0.547,1.389,0.812,0.653
2025,Colin Castleton,C,Philadelphia 76ers,San Antonio Spurs,26,23,-0.247,2.35,0.526,2.596,0.677,0.587
2025,Colin Castleton,C,Memphis Grizzlies,Houston Rockets,13,4,-1.762,0.807,0.465,2.569,0.68,0.551
2025,Colin Castleton,C,Philadelphia 76ers,Toronto Raptors,26,24,-0.247,0.899,0.343,1.145,0.842,0.543
2025,Colin Castleton,C,Toronto Raptors,Phoenix Suns,24,21,-0.275,0.34,0.277,0.615,0.912,0.531
2025,Colin Castleton,C,Toronto Raptors,Portland Trail Blazers,24,22,-0.275,0.7,0.281,0.975,0.864,0.514
2025,Colin Castleton,C,Memphis Grizzlies,New York Knicks,13,5,-1.762,1.332,0.358,3.094,0.629,0.466
2025,Colin Castleton,C,Memphis Grizzlies,Los Angeles Clippers,13,9,-1.762,1.266,0.237,3.027,0.635,0.396
2025,Colin Castleton,C,Philadelphia 76ers,Brooklyn Nets,26,25,-0.247,0.443,0.058,0.69,0.902,0.396
2025,Colin Castleton,C,Memphis Grizzlies,Indiana Pacers,13,6,-1.762,0.754,0.199,2.516,0.686,0.394
2025,Colin Castleton,C,Toronto Raptors,San Antonio Spurs,24,23,-0.275,2.35,0.184,2.625,0.675,0.38
2025,Colin Castleton,C,Memphis Grizzlies,Minnesota Timberwolves,13,10,-1.762,1.008,0.178,2.769,0.66,0.371
2025,Colin Castleton,C,Memphis Grizzlies,Denver Nuggets,13,8,-1.762,1.827,0.185,3.589,0.584,0.344
2025,Colin Castleton,C,Memphis Grizzlies,Los Angeles Lakers,13,7,-1.762,1.908,0.107,3.67,0.577,0.295
2025,Collin Gillespie,PG,Phoenix Suns,Oklahoma City Thunder,21,1,-0.003,1.646,2.404,1.649,0.781,1.755
2025,Collin Gillespie,PG,Phoenix Suns,Cleveland Cavaliers,21,2,-0.003,0.908,2.073,0.911,0.872,1.593
2025,Collin Gillespie,PG,Phoenix Suns,Boston Celtics,21,3,-0.003,0.432,1.974,0.435,0.937,1.559
2025,Collin Gillespie,PG,Phoenix Suns,Houston Rockets,21,4,-0.003,0.457,1.491,0.46,0.933,1.268
2025,Collin Gillespie,PG,Phoenix Suns,New York Knicks,21,5,-0.003,1.105,1.383,1.108,0.847,1.169
2025,Collin Gillespie,PG,Phoenix Suns,Minnesota Timberwolves,21,10,-0.003,0.2,1.203,0.203,0.97,1.11
2025,Collin Gillespie,PG,Phoenix Suns,Los Angeles Clippers,21,9,-0.003,1.03,1.262,1.033,0.856,1.1
2025,Collin Gillespie,PG,Phoenix Suns,Denver Nuggets,21,8,-0.003,0.822,1.21,0.825,0.884,1.08
2025,Collin Gillespie,PG,Phoenix Suns,Indiana Pacers,21,6,-0.003,1.379,1.224,1.382,0.813,1.06
2025,Collin Gillespie,PG,Phoenix Suns,Los Angeles Lakers,21,7,-0.003,1.252,1.132,1.256,0.828,1.011
2025,Collin Gillespie,PG,Phoenix Suns,Memphis Grizzlies,21,13,-0.003,0.849,1.025,0.852,0.88,0.967
2025,Collin Gillespie,PG,Phoenix Suns,Golden State Warriors,21,12,-0.003,1.025,1.01,1.028,0.857,0.949
2025,Collin Gillespie,PG,Phoenix Suns,Milwaukee Bucks,21,11,-0.003,1.065,0.997,1.068,0.852,0.939
2025,Collin Gillespie,PG,Phoenix Suns,Detroit Pistons,21,14,-0.003,1.099,0.76,1.102,0.848,0.795
2025,Collin Gillespie,PG,Phoenix Suns,Orlando Magic,21,15,-0.003,0.182,0.58,0.185,0.973,0.737
2025,Collin Gillespie,PG,Phoenix Suns,Sacramento Kings,21,17,-0.003,0.871,0.453,0.875,0.877,0.623
2025,Collin Gillespie,PG,Phoenix Suns,Atlanta Hawks,21,16,-0.003,1.258,0.421,1.261,0.828,0.584
2025,Collin Gillespie,PG,Phoenix Suns,Miami Heat,21,20,-0.003,0.39,0.295,0.394,0.943,0.554
2025,Collin Gillespie,PG,Phoenix Suns,Chicago Bulls,21,18,-0.003,0.694,0.299,0.698,0.901,0.54
2025,Collin Gillespie,PG,Phoenix Suns,Dallas Mavericks,21,19,-0.003,1.413,0.27,1.416,0.809,0.485
2025,Collin Gillespie,PG,Phoenix Suns,Portland Trail Blazers,21,22,-0.003,0.141,0.004,0.144,0.979,0.394
2025,Collin Sexton,SG,Utah Jazz,Oklahoma City Thunder,30,1,0.696,1.265,3.505,0.57,0.918,2.47
2025,Collin Sexton,SG,Utah Jazz,Cleveland Cavaliers,30,2,0.696,1.342,3.174,0.646,0.908,2.267
2025,Collin Sexton,SG,Utah Jazz,Boston Celtics,30,3,0.696,0.808,3.075,0.113,0.983,2.238
2025,Collin Sexton,SG,Utah Jazz,Houston Rockets,30,4,0.696,0.724,2.591,0.029,0.996,1.953
2025,Collin Sexton,SG,Utah Jazz,New York Knicks,30,5,0.696,0.807,2.484,0.111,0.983,1.884
2025,Collin Sexton,SG,Utah Jazz,Los Angeles Clippers,30,9,0.696,1.026,2.363,0.33,0.952,1.798
2025,Collin Sexton,SG,Utah Jazz,Indiana Pacers,30,6,0.696,0.275,2.325,0,1,1.795
2025,Collin Sexton,SG,Utah Jazz,Denver Nuggets,30,8,0.696,0.812,2.311,0.116,0.983,1.78
2025,Collin Sexton,SG,Utah Jazz,Minnesota Timberwolves,30,10,0.696,1.353,2.304,0.658,0.906,1.745
2025,Collin Sexton,SG,Utah Jazz,Los Angeles Lakers,30,7,0.696,1.047,2.233,0.352,0.949,1.719
2025,Collin Sexton,SG,Utah Jazz,Golden State Warriors,30,12,0.696,0.448,2.111,0,1,1.666
2025,Collin Sexton,SG,Utah Jazz,Milwaukee Bucks,30,11,0.696,0.683,2.098,0,1,1.659
2025,Collin Sexton,SG,Utah Jazz,Memphis Grizzlies,30,13,0.696,0.996,2.126,0.3,0.956,1.658
2025,Collin Sexton,SG,Utah Jazz,Detroit Pistons,30,14,0.696,2.249,1.861,1.554,0.792,1.433
2025,Collin Sexton,SG,Utah Jazz,Orlando Magic,30,15,0.696,0.142,1.68,0,1,1.408
2025,Collin Sexton,SG,Utah Jazz,Sacramento Kings,30,17,0.696,0.908,1.554,0.213,0.969,1.32
2025,Collin Sexton,SG,Utah Jazz,Atlanta Hawks,30,16,0.696,1.001,1.522,0.305,0.955,1.295
2025,Collin Sexton,SG,Utah Jazz,Chicago Bulls,30,18,0.696,0.842,1.4,0.146,0.978,1.231
2025,Collin Sexton,SG,Utah Jazz,Miami Heat,30,20,0.696,1.223,1.396,0.528,0.924,1.207
2025,Collin Sexton,SG,Utah Jazz,Dallas Mavericks,30,19,0.696,1.335,1.371,0.64,0.908,1.186
2025,Collin Sexton,SG,Utah Jazz,Portland Trail Blazers,30,22,0.696,0.782,1.105,0.087,0.987,1.058
2025,Collin Sexton,SG,Utah Jazz,Phoenix Suns,30,21,0.696,1.298,1.101,0.603,0.914,1.026
2025,Collin Sexton,SG,Utah Jazz,San Antonio Spurs,30,23,0.696,0.668,1.007,0,1,1.004
2025,Collin Sexton,SG,Utah Jazz,Toronto Raptors,30,24,0.696,0.479,0.824,0,1,0.894
2025,Collin Sexton,SG,Utah Jazz,Brooklyn Nets,30,25,0.696,0.95,0.539,0.254,0.963,0.708
2025,Collin Sexton,SG,Utah Jazz,Philadelphia 76ers,30,26,0.696,1.127,0.481,0.432,0.937,0.663
2025,Collin Sexton,SG,Utah Jazz,New Orleans Pelicans,30,27,0.696,0.263,0.203,0,1,0.522
2025,Collin Sexton,SG,Utah Jazz,Charlotte Hornets,30,28,0.696,0.355,0.156,0,1,0.493
2025,Corey Kispert,SF,Washington Wizards,Oklahoma City Thunder,29,1,0.022,0.332,3.577,0.309,0.955,2.528
2025,Corey Kispert,SF,Washington Wizards,Cleveland Cavaliers,29,2,0.022,0.475,3.246,0.452,0.934,2.322
2025,Corey Kispert,SF,Washington Wizards,Boston Celtics,29,3,0.022,1.283,3.148,1.261,0.828,2.22
2025,Corey Kispert,SF,Washington Wizards,Houston Rockets,29,4,0.022,1.573,2.664,1.551,0.792,1.915
2025,Corey Kispert,SF,Washington Wizards,New York Knicks,29,5,0.022,0.764,2.557,0.742,0.895,1.892
2025,Corey Kispert,SF,Washington Wizards,Minnesota Timberwolves,29,10,0.022,-0.433,2.377,0,1,1.826
2025,Corey Kispert,SF,Washington Wizards,Indiana Pacers,29,6,0.022,0.534,2.398,0.512,0.926,1.809
2025,Corey Kispert,SF,Washington Wizards,Los Angeles Clippers,29,9,0.022,1.392,2.436,1.369,0.814,1.787
2025,Corey Kispert,SF,Washington Wizards,Denver Nuggets,29,8,0.022,0.927,2.384,0.905,0.873,1.78
2025,Corey Kispert,SF,Washington Wizards,Los Angeles Lakers,29,7,0.022,2.119,2.306,2.096,0.73,1.676
2025,Corey Kispert,SF,Washington Wizards,Milwaukee Bucks,29,11,0.022,0.667,2.171,0.645,0.908,1.666
2025,Corey Kispert,SF,Washington Wizards,Golden State Warriors,29,12,0.022,1.484,2.183,1.462,0.803,1.631
2025,Corey Kispert,SF,Washington Wizards,Detroit Pistons,29,14,0.022,0.84,1.933,0.817,0.885,1.514
2025,Corey Kispert,SF,Washington Wizards,Orlando Magic,29,15,0.022,1.486,1.753,1.464,0.803,1.373
2025,Corey Kispert,SF,Washington Wizards,Sacramento Kings,29,17,0.022,1.064,1.626,1.041,0.855,1.318
2025,Corey Kispert,SF,Washington Wizards,Atlanta Hawks,29,16,0.022,1.882,1.594,1.86,0.757,1.259
2025,Corey Kispert,SF,Washington Wizards,Dallas Mavericks,29,19,0.022,0.6,1.443,0.578,0.917,1.233
2025,Corey Kispert,SF,Washington Wizards,Miami Heat,29,20,0.022,1.143,1.469,1.121,0.845,1.219
2025,Corey Kispert,SF,Washington Wizards,Chicago Bulls,29,18,0.022,1.234,1.473,1.212,0.834,1.217
2025,Corey Kispert,SF,Washington Wizards,Phoenix Suns,29,21,0.022,0.395,1.173,0.373,0.946,1.082
2025,Corey Kispert,SF,Washington Wizards,Portland Trail Blazers,29,22,0.022,1.194,1.177,1.172,0.839,1.042
2025,Corey Kispert,SF,Washington Wizards,San Antonio Spurs,29,23,0.022,0.392,1.08,0.37,0.946,1.026
2025,Corey Kispert,SF,Washington Wizards,Toronto Raptors,29,24,0.022,1.249,0.897,1.226,0.832,0.871
2025,Corey Kispert,SF,Washington Wizards,Brooklyn Nets,29,25,0.022,0.258,0.612,0.235,0.965,0.753
2025,Corey Kispert,SF,Washington Wizards,Philadelphia 76ers,29,26,0.022,0.804,0.554,0.781,0.889,0.688
2025,Corey Kispert,SF,Washington Wizards,New Orleans Pelicans,29,27,0.022,1.332,0.276,1.31,0.822,0.494
2025,Corey Kispert,SF,Washington Wizards,Charlotte Hornets,29,28,0.022,1.088,0.228,1.065,0.852,0.478
2025,Corey Kispert,SF,Washington Wizards,Utah Jazz,29,30,0.022,0.075,0.073,0.053,0.992,0.44
2025,Cory Joseph,PG,Orlando Magic,Oklahoma City Thunder,15,1,-0.425,1.646,1.824,2.071,0.733,1.388
2025,Cory Joseph,PG,Orlando Magic,Cleveland Cavaliers,15,2,-0.425,0.908,1.493,1.333,0.819,1.223
2025,Cory Joseph,PG,Orlando Magic,Boston Celtics,15,3,-0.425,0.432,1.395,0.857,0.879,1.189
2025,Cory Joseph,PG,Orlando Magic,Houston Rockets,15,4,-0.425,0.457,0.911,0.882,0.876,0.897
2025,Cory Joseph,PG,Orlando Magic,New York Knicks,15,5,-0.425,1.105,0.804,1.53,0.795,0.8
2025,Cory Joseph,PG,Orlando Magic,Minnesota Timberwolves,15,10,-0.425,0.2,0.624,0.625,0.911,0.738
2025,Cory Joseph,PG,Orlando Magic,Los Angeles Clippers,15,9,-0.425,1.03,0.683,1.455,0.804,0.731
2025,Cory Joseph,PG,Orlando Magic,Denver Nuggets,15,8,-0.425,0.822,0.631,1.247,0.829,0.71
2025,Cory Joseph,PG,Orlando Magic,Indiana Pacers,15,6,-0.425,1.379,0.645,1.804,0.763,0.692
2025,Cory Joseph,PG,Orlando Magic,Los Angeles Lakers,15,7,-0.425,1.252,0.553,1.678,0.777,0.643
2025,Cory Joseph,PG,Orlando Magic,Memphis Grizzlies,15,13,-0.425,0.849,0.446,1.274,0.826,0.598
2025,Cory Joseph,PG,Orlando Magic,Golden State Warriors,15,12,-0.425,1.025,0.43,1.45,0.805,0.58
2025,Cory Joseph,PG,Orlando Magic,Milwaukee Bucks,15,11,-0.425,1.065,0.418,1.49,0.8,0.571
2025,Cory Joseph,PG,Orlando Magic,Detroit Pistons,15,14,-0.425,1.099,0.18,1.524,0.796,0.426
2025,Craig Porter Jr.,PG,Cleveland Cavaliers,Oklahoma City Thunder,2,1,-0.348,1.646,0.331,1.994,0.742,0.495
2025,Cui Yongxi,SG,Brooklyn Nets,Oklahoma City Thunder,25,1,-1.873,1.265,2.966,3.138,0.625,2.029
2025,Cui Yongxi,SG,Brooklyn Nets,Cleveland Cavaliers,25,2,-1.873,1.342,2.635,3.215,0.617,1.828
2025,Cui Yongxi,SG,Brooklyn Nets,Boston Celtics,25,3,-1.873,0.808,2.536,2.681,0.669,1.789
2025,Cui Yongxi,SG,Brooklyn Nets,Houston Rockets,25,4,-1.873,0.724,2.052,2.597,0.677,1.502
2025,Cui Yongxi,SG,Brooklyn Nets,New York Knicks,25,5,-1.873,0.807,1.945,2.68,0.669,1.435
2025,Cui Yongxi,SG,Brooklyn Nets,Indiana Pacers,25,6,-1.873,0.275,1.786,2.148,0.725,1.361
2025,Cui Yongxi,SG,Brooklyn Nets,Los Angeles Clippers,25,9,-1.873,1.026,1.824,2.899,0.647,1.353
2025,Cui Yongxi,SG,Brooklyn Nets,Denver Nuggets,25,8,-1.873,0.812,1.772,2.685,0.669,1.331
2025,Cui Yongxi,SG,Brooklyn Nets,Minnesota Timberwolves,25,10,-1.873,1.353,1.765,3.226,0.616,1.306
2025,Cui Yongxi,SG,Brooklyn Nets,Los Angeles Lakers,25,7,-1.873,1.047,1.694,2.92,0.645,1.275
2025,Cui Yongxi,SG,Brooklyn Nets,Golden State Warriors,25,12,-1.873,0.448,1.572,2.321,0.706,1.225
2025,Cui Yongxi,SG,Brooklyn Nets,Memphis Grizzlies,25,13,-1.873,0.996,1.587,2.868,0.65,1.212
2025,Cui Yongxi,SG,Brooklyn Nets,Milwaukee Bucks,25,11,-1.873,0.683,1.559,2.555,0.682,1.208
2025,Cui Yongxi,SG,Brooklyn Nets,Detroit Pistons,25,14,-1.873,2.249,1.322,4.122,0.539,1.009
2025,Cui Yongxi,SG,Brooklyn Nets,Orlando Magic,25,15,-1.873,0.142,1.141,2.014,0.739,0.98
2025,Cui Yongxi,SG,Brooklyn Nets,Sacramento Kings,25,17,-1.873,0.908,1.015,2.781,0.659,0.872
2025,Cui Yongxi,SG,Brooklyn Nets,Atlanta Hawks,25,16,-1.873,1.001,0.983,2.874,0.65,0.85
2025,Cui Yongxi,SG,Brooklyn Nets,Chicago Bulls,25,18,-1.873,0.842,0.861,2.714,0.666,0.783
2025,Cui Yongxi,SG,Brooklyn Nets,Miami Heat,25,20,-1.873,1.223,0.857,3.096,0.629,0.766
2025,Cui Yongxi,SG,Brooklyn Nets,Dallas Mavericks,25,19,-1.873,1.335,0.831,3.208,0.618,0.746
2025,Cui Yongxi,SG,Brooklyn Nets,Portland Trail Blazers,25,22,-1.873,0.782,0.566,2.655,0.671,0.608
2025,Cui Yongxi,SG,Brooklyn Nets,Phoenix Suns,25,21,-1.873,1.298,0.562,3.171,0.621,0.586
2025,Cui Yongxi,SG,Brooklyn Nets,San Antonio Spurs,25,23,-1.873,0.668,0.468,2.54,0.683,0.554
2025,Cui Yongxi,SG,Brooklyn Nets,Toronto Raptors,25,24,-1.873,0.479,0.285,2.352,0.703,0.452
2025,D.J. Carton,SG,Toronto Raptors,Oklahoma City Thunder,24,1,-1.529,1.265,2.681,2.795,0.658,1.872
2025,D.J. Carton,SG,Toronto Raptors,Cleveland Cavaliers,24,2,-1.529,1.342,2.35,2.871,0.65,1.67
2025,D.J. Carton,SG,Toronto Raptors,Boston Celtics,24,3,-1.529,0.808,2.251,2.338,0.704,1.633
2025,D.J. Carton,SG,Toronto Raptors,Houston Rockets,24,4,-1.529,0.724,1.768,2.254,0.713,1.346
2025,D.J. Carton,SG,Toronto Raptors,New York Knicks,24,5,-1.529,0.807,1.66,2.336,0.704,1.278
2025,D.J. Carton,SG,Toronto Raptors,Indiana Pacers,24,6,-1.529,0.275,1.501,1.804,0.763,1.206
2025,D.J. Carton,SG,Toronto Raptors,Los Angeles Clippers,24,9,-1.529,1.026,1.539,2.555,0.682,1.196
2025,D.J. Carton,SG,Toronto Raptors,Denver Nuggets,24,8,-1.529,0.812,1.487,2.341,0.704,1.174
2025,D.J. Carton,SG,Toronto Raptors,Minnesota Timberwolves,24,10,-1.529,1.353,1.48,2.883,0.649,1.148
2025,D.J. Carton,SG,Toronto Raptors,Los Angeles Lakers,24,7,-1.529,1.047,1.409,2.577,0.679,1.117
2025,D.J. Carton,SG,Toronto Raptors,Golden State Warriors,24,12,-1.529,0.448,1.287,1.978,0.743,1.069
2025,D.J. Carton,SG,Toronto Raptors,Memphis Grizzlies,24,13,-1.529,0.996,1.302,2.525,0.685,1.055
2025,D.J. Carton,SG,Toronto Raptors,Milwaukee Bucks,24,11,-1.529,0.683,1.274,2.212,0.718,1.052
2025,D.J. Carton,SG,Toronto Raptors,Detroit Pistons,24,14,-1.529,2.249,1.037,3.779,0.567,0.849
2025,D.J. Carton,SG,Toronto Raptors,Orlando Magic,24,15,-1.529,0.142,0.856,1.671,0.778,0.825
2025,D.J. Carton,SG,Toronto Raptors,Sacramento Kings,24,17,-1.529,0.908,0.73,2.438,0.694,0.715
2025,D.J. Carton,SG,Toronto Raptors,Atlanta Hawks,24,16,-1.529,1.001,0.698,2.531,0.684,0.692
2025,D.J. Carton,SG,Toronto Raptors,Chicago Bulls,24,18,-1.529,0.842,0.576,2.371,0.701,0.626
2025,D.J. Carton,SG,Toronto Raptors,Miami Heat,24,20,-1.529,1.223,0.572,2.753,0.662,0.608
2025,D.J. Carton,SG,Toronto Raptors,Dallas Mavericks,24,19,-1.529,1.335,0.547,2.865,0.651,0.588
2025,D.J. Carton,SG,Toronto Raptors,Portland Trail Blazers,24,22,-1.529,0.782,0.281,2.312,0.707,0.451
2025,D.J. Carton,SG,Toronto Raptors,Phoenix Suns,24,21,-1.529,1.298,0.277,2.828,0.654,0.428
2025,D.J. Carton,SG,Toronto Raptors,San Antonio Spurs,24,23,-1.529,0.668,0.184,2.197,0.719,0.398
2025,D'Angelo Russell,PG,Brooklyn Nets,Oklahoma City Thunder,25,1,0.342,1.646,2.966,1.304,0.822,2.108
2025,D'Angelo Russell,PG,Brooklyn Nets,Cleveland Cavaliers,25,2,0.342,0.908,2.635,0.566,0.919,1.948
2025,D'Angelo Russell,PG,Brooklyn Nets,Boston Celtics,25,3,0.342,0.432,2.536,0.089,0.987,1.916
2025,D'Angelo Russell,PG,Brooklyn Nets,Houston Rockets,25,4,0.342,0.457,2.052,0.115,0.983,1.625
2025,D'Angelo Russell,PG,Brooklyn Nets,New York Knicks,25,5,0.342,1.105,1.945,0.763,0.892,1.524
2025,D'Angelo Russell,PG,Brooklyn Nets,Minnesota Timberwolves,25,10,0.342,0.2,1.765,0,1,1.459
2025,D'Angelo Russell,PG,Brooklyn Nets,Los Angeles Clippers,25,9,0.342,1.03,1.824,0.687,0.902,1.455
2025,D'Angelo Russell,PG,Brooklyn Nets,Denver Nuggets,25,8,0.342,0.822,1.772,0.48,0.931,1.435
2025,D'Angelo Russell,PG,Brooklyn Nets,Indiana Pacers,25,6,0.342,1.379,1.786,1.037,0.856,1.414
2025,D'Angelo Russell,PG,Brooklyn Nets,Los Angeles Lakers,25,7,0.342,1.252,1.694,0.91,0.872,1.365
2025,D'Angelo Russell,PG,Brooklyn Nets,Memphis Grizzlies,25,13,0.342,0.849,1.587,0.506,0.927,1.323
2025,D'Angelo Russell,PG,Brooklyn Nets,Golden State Warriors,25,12,0.342,1.025,1.572,0.682,0.903,1.304
2025,D'Angelo Russell,PG,Brooklyn Nets,Milwaukee Bucks,25,11,0.342,1.065,1.559,0.722,0.897,1.294
2025,D'Angelo Russell,PG,Brooklyn Nets,Detroit Pistons,25,14,0.342,1.099,1.322,0.756,0.893,1.15
2025,D'Angelo Russell,PG,Brooklyn Nets,Orlando Magic,25,15,0.342,0.182,1.141,0,1,1.085
2025,D'Angelo Russell,PG,Los Angeles Lakers,Oklahoma City Thunder,7,1,0.171,1.646,1.271,1.475,0.802,1.083
2025,D'Angelo Russell,PG,Brooklyn Nets,Sacramento Kings,25,17,0.342,0.871,1.015,0.529,0.924,0.978
2025,D'Angelo Russell,PG,Brooklyn Nets,Atlanta Hawks,25,16,0.342,1.258,0.983,0.915,0.872,0.938
2025,D'Angelo Russell,PG,Los Angeles Lakers,Cleveland Cavaliers,7,2,0.171,0.908,0.94,0.737,0.895,0.922
2025,D'Angelo Russell,PG,Brooklyn Nets,Miami Heat,25,20,0.342,0.39,0.857,0.048,0.993,0.911
2025,D'Angelo Russell,PG,Brooklyn Nets,Chicago Bulls,25,18,0.342,0.694,0.861,0.352,0.949,0.896
2025,D'Angelo Russell,PG,Los Angeles Lakers,Boston Celtics,7,3,0.171,0.432,0.842,0.26,0.962,0.89
2025,D'Angelo Russell,PG,Brooklyn Nets,Dallas Mavericks,25,19,0.342,1.413,0.831,1.07,0.852,0.84
2025,D'Angelo Russell,PG,Brooklyn Nets,Portland Trail Blazers,25,22,0.342,0.141,0.566,0,1,0.739
2025,D'Angelo Russell,PG,Brooklyn Nets,Phoenix Suns,25,21,0.342,0.387,0.562,0.045,0.993,0.734
2025,D'Angelo Russell,PG,Brooklyn Nets,San Antonio Spurs,25,23,0.342,0.766,0.468,0.424,0.938,0.656
2025,D'Angelo Russell,PG,Los Angeles Lakers,Houston Rockets,7,4,0.171,0.457,0.358,0.286,0.958,0.598
2025,D'Angelo Russell,PG,Brooklyn Nets,Toronto Raptors,25,24,0.342,0.562,0.285,0.219,0.968,0.558
2025,D'Angelo Russell,PG,Los Angeles Lakers,New York Knicks,7,5,0.171,1.105,0.251,0.934,0.869,0.498
2025,D'Angelo Russell,PG,Los Angeles Lakers,Minnesota Timberwolves,7,10,0.171,0.2,0.071,0.028,0.996,0.441
2025,D'Angelo Russell,PG,Los Angeles Lakers,Los Angeles Clippers,7,9,0.171,1.03,0.13,0.858,0.879,0.429
2025,D'Angelo Russell,PG,Los Angeles Lakers,Denver Nuggets,7,8,0.171,0.822,0.078,0.651,0.907,0.41
2025,D'Angelo Russell,PG,Los Angeles Lakers,Indiana Pacers,7,6,0.171,1.379,0.092,1.208,0.834,0.389
2025,Daeqwon Plowden,SG,Atlanta Hawks,Oklahoma City Thunder,16,1,0.317,1.265,1.983,0.949,0.867,1.537
2025,Daeqwon Plowden,SG,Atlanta Hawks,Cleveland Cavaliers,16,2,0.317,1.342,1.652,1.025,0.857,1.334
2025,Daeqwon Plowden,SG,Atlanta Hawks,Boston Celtics,16,3,0.317,0.808,1.553,0.492,0.929,1.304
2025,Daeqwon Plowden,SG,Atlanta Hawks,Houston Rockets,16,4,0.317,0.724,1.07,0.408,0.941,1.018
2025,Daeqwon Plowden,SG,Atlanta Hawks,New York Knicks,16,5,0.317,0.807,0.962,0.49,0.929,0.949
2025,Daeqwon Plowden,SG,Atlanta Hawks,Indiana Pacers,16,6,0.317,0.275,0.803,0,1,0.882
2025,Daeqwon Plowden,SG,Atlanta Hawks,Los Angeles Clippers,16,9,0.317,1.026,0.841,0.709,0.899,0.864
2025,Daeqwon Plowden,SG,Atlanta Hawks,Denver Nuggets,16,8,0.317,0.812,0.789,0.495,0.928,0.845
2025,Daeqwon Plowden,SG,Atlanta Hawks,Minnesota Timberwolves,16,10,0.317,1.353,0.782,1.037,0.856,0.812
2025,Daeqwon Plowden,SG,Atlanta Hawks,Los Angeles Lakers,16,7,0.317,1.047,0.712,0.73,0.896,0.785
2025,Daeqwon Plowden,SG,Atlanta Hawks,Golden State Warriors,16,12,0.317,0.448,0.589,0.132,0.98,0.746
2025,Daeqwon Plowden,SG,Atlanta Hawks,Milwaukee Bucks,16,11,0.317,0.683,0.576,0.366,0.947,0.724
2025,Daeqwon Plowden,SG,Atlanta Hawks,Memphis Grizzlies,16,13,0.317,0.996,0.605,0.679,0.903,0.724
2025,Daeqwon Plowden,SG,Atlanta Hawks,Detroit Pistons,16,14,0.317,2.249,0.339,1.932,0.748,0.503
2025,Daeqwon Plowden,SG,Atlanta Hawks,Orlando Magic,16,15,0.317,0.142,0.159,0,1,0.495
2025,Daeqwon Plowden,SG,Atlanta Hawks,Sacramento Kings,16,17,0.317,0.908,0.032,0.592,0.915,0.385
2025,Daishen Nix,PG,Minnesota Timberwolves,Oklahoma City Thunder,10,1,-1.89,1.646,1.201,3.536,0.588,0.956
2025,Daishen Nix,PG,Minnesota Timberwolves,Cleveland Cavaliers,10,2,-1.89,0.908,0.87,2.798,0.657,0.785
2025,Daishen Nix,PG,Minnesota Timberwolves,Boston Celtics,10,3,-1.89,0.432,0.771,2.322,0.706,0.745
2025,Daishen Nix,PG,Minnesota Timberwolves,Houston Rockets,10,4,-1.89,0.457,0.287,2.347,0.703,0.454
2025,Daishen Nix,PG,Minnesota Timberwolves,New York Knicks,10,5,-1.89,1.105,0.18,2.995,0.638,0.363
2025,Daishen Nix,PG,Minnesota Timberwolves,Los Angeles Clippers,10,9,-1.89,1.03,0.059,2.92,0.645,0.293
2025,Daishen Nix,PG,Minnesota Timberwolves,Denver Nuggets,10,8,-1.89,0.822,0.007,2.712,0.666,0.271
2025,Daishen Nix,PG,Minnesota Timberwolves,Indiana Pacers,10,6,-1.89,1.379,0.021,3.269,0.612,0.258
2025,Dalano Banton,PG,Portland Trail Blazers,Oklahoma City Thunder,22,1,-0.254,1.646,2.4,1.9,0.752,1.741
2025,Dalano Banton,PG,Portland Trail Blazers,Cleveland Cavaliers,22,2,-0.254,0.908,2.069,1.162,0.84,1.577
2025,Dalano Banton,PG,Portland Trail Blazers,Boston Celtics,22,3,-0.254,0.432,1.97,0.685,0.902,1.543
2025,Dalano Banton,PG,Portland Trail Blazers,Houston Rockets,22,4,-0.254,0.457,1.487,0.71,0.899,1.252
2025,Dalano Banton,PG,Portland Trail Blazers,New York Knicks,22,5,-0.254,1.105,1.379,1.359,0.816,1.154
2025,Dalano Banton,PG,Portland Trail Blazers,Minnesota Timberwolves,22,10,-0.254,0.2,1.199,0.453,0.934,1.093
2025,Dalano Banton,PG,Portland Trail Blazers,Los Angeles Clippers,22,9,-0.254,1.03,1.258,1.283,0.825,1.085
2025,Dalano Banton,PG,Portland Trail Blazers,Denver Nuggets,22,8,-0.254,0.822,1.206,1.076,0.851,1.064
2025,Dalano Banton,PG,Portland Trail Blazers,Indiana Pacers,22,6,-0.254,1.379,1.22,1.632,0.783,1.045
2025,Dalano Banton,PG,Portland Trail Blazers,Los Angeles Lakers,22,7,-0.254,1.252,1.129,1.506,0.798,0.996
2025,Dalano Banton,PG,Portland Trail Blazers,Memphis Grizzlies,22,13,-0.254,0.849,1.022,1.102,0.848,0.952
2025,Dalano Banton,PG,Portland Trail Blazers,Golden State Warriors,22,12,-0.254,1.025,1.006,1.278,0.826,0.934
2025,Dalano Banton,PG,Portland Trail Blazers,Milwaukee Bucks,22,11,-0.254,1.065,0.993,1.318,0.821,0.924
2025,Dalano Banton,PG,Portland Trail Blazers,Detroit Pistons,22,14,-0.254,1.099,0.756,1.352,0.816,0.78
2025,Dalano Banton,PG,Portland Trail Blazers,Orlando Magic,22,15,-0.254,0.182,0.576,0.436,0.937,0.72
2025,Dalano Banton,PG,Portland Trail Blazers,Sacramento Kings,22,17,-0.254,0.871,0.449,1.125,0.845,0.607
2025,Dalano Banton,PG,Portland Trail Blazers,Atlanta Hawks,22,16,-0.254,1.258,0.417,1.511,0.797,0.569
2025,Dalano Banton,PG,Portland Trail Blazers,Miami Heat,22,20,-0.254,0.39,0.292,0.644,0.908,0.538
2025,Dalano Banton,PG,Portland Trail Blazers,Chicago Bulls,22,18,-0.254,0.694,0.295,0.948,0.867,0.524
2025,Dalano Banton,PG,Portland Trail Blazers,Dallas Mavericks,22,19,-0.254,1.413,0.266,1.666,0.779,0.471
2025,Dalen Terry,SG,Chicago Bulls,Oklahoma City Thunder,18,1,-0.295,1.265,2.105,1.56,0.791,1.579
2025,Dalen Terry,SG,Chicago Bulls,Cleveland Cavaliers,18,2,-0.295,1.342,1.774,1.636,0.782,1.377
2025,Dalen Terry,SG,Chicago Bulls,Boston Celtics,18,3,-0.295,0.808,1.675,1.103,0.848,1.344
2025,Dalen Terry,SG,Chicago Bulls,Houston Rockets,18,4,-0.295,0.724,1.191,1.019,0.858,1.058
2025,Dalen Terry,SG,Chicago Bulls,New York Knicks,18,5,-0.295,0.807,1.084,1.101,0.848,0.989
2025,Dalen Terry,SG,Chicago Bulls,Indiana Pacers,18,6,-0.295,0.275,0.925,0.569,0.918,0.922
2025,Dalen Terry,SG,Chicago Bulls,Los Angeles Clippers,18,9,-0.295,1.026,0.963,1.32,0.82,0.906
2025,Dalen Terry,SG,Chicago Bulls,Denver Nuggets,18,8,-0.295,0.812,0.911,1.107,0.847,0.885
2025,Dalen Terry,SG,Chicago Bulls,Minnesota Timberwolves,18,10,-0.295,1.353,0.904,1.648,0.781,0.855
2025,Dalen Terry,SG,Chicago Bulls,Los Angeles Lakers,18,7,-0.295,1.047,0.833,1.342,0.818,0.827
2025,Dalen Terry,SG,Chicago Bulls,Golden State Warriors,18,12,-0.295,0.448,0.711,0.743,0.895,0.784
2025,Dalen Terry,SG,Chicago Bulls,Memphis Grizzlies,18,13,-0.295,0.996,0.726,1.29,0.824,0.765
2025,Dalen Terry,SG,Chicago Bulls,Milwaukee Bucks,18,11,-0.295,0.683,0.698,0.977,0.864,0.764
2025,Dalen Terry,SG,Chicago Bulls,Detroit Pistons,18,14,-0.295,2.249,0.461,2.544,0.683,0.55
2025,Dalen Terry,SG,Chicago Bulls,Orlando Magic,18,15,-0.295,0.142,0.28,0.436,0.937,0.543
2025,Dalen Terry,SG,Chicago Bulls,Sacramento Kings,18,17,-0.295,0.908,0.154,1.203,0.835,0.426
2025,Dalen Terry,SG,Chicago Bulls,Atlanta Hawks,18,16,-0.295,1.001,0.122,1.296,0.823,0.402
2025,Dalton Knecht,SF,Los Angeles Lakers,Oklahoma City Thunder,7,1,-0.171,0.332,1.271,0.503,0.927,1.134
2025,Dalton Knecht,SF,Los Angeles Lakers,Cleveland Cavaliers,7,2,-0.171,0.475,0.94,0.646,0.908,0.927
2025,Dalton Knecht,SF,Los Angeles Lakers,Boston Celtics,7,3,-0.171,1.283,0.842,1.454,0.804,0.827
2025,Dalton Knecht,SF,Los Angeles Lakers,Houston Rockets,7,4,-0.171,1.573,0.358,1.744,0.77,0.523
2025,Dalton Knecht,SF,Los Angeles Lakers,New York Knicks,7,5,-0.171,0.764,0.251,0.935,0.869,0.498
2025,Dalton Knecht,SF,Los Angeles Lakers,Minnesota Timberwolves,7,10,-0.171,-0.433,0.071,0,1,0.442
2025,Dalton Knecht,SF,Los Angeles Lakers,Indiana Pacers,7,6,-0.171,0.534,0.092,0.705,0.9,0.415
2025,Dalton Knecht,SF,Los Angeles Lakers,Los Angeles Clippers,7,9,-0.171,1.392,0.13,1.563,0.791,0.394
2025,Dalton Knecht,SF,Los Angeles Lakers,Denver Nuggets,7,8,-0.171,0.927,0.078,1.098,0.848,0.386
2025,Damian Lillard,PG,Milwaukee Bucks,Oklahoma City Thunder,11,1,1.065,1.646,1.406,0.581,0.916,1.21
2025,Damian Lillard,PG,Milwaukee Bucks,Cleveland Cavaliers,11,2,1.065,0.908,1.075,0,1,1.045
2025,Damian Lillard,PG,Milwaukee Bucks,Boston Celtics,11,3,1.065,0.432,0.977,0,1,0.986
2025,Damian Lillard,PG,Milwaukee Bucks,Houston Rockets,11,4,1.065,0.457,0.493,0,1,0.696
2025,Damian Lillard,PG,Milwaukee Bucks,New York Knicks,11,5,1.065,1.105,0.386,0.04,0.994,0.629
2025,Damian Lillard,PG,Milwaukee Bucks,Los Angeles Clippers,11,9,1.065,1.03,0.265,0,1,0.559
2025,Damian Lillard,PG,Milwaukee Bucks,Denver Nuggets,11,8,1.065,0.822,0.213,0,1,0.528
2025,Damian Lillard,PG,Milwaukee Bucks,Minnesota Timberwolves,11,10,1.065,0.2,0.206,0,1,0.524
2025,Damian Lillard,PG,Milwaukee Bucks,Indiana Pacers,11,6,1.065,1.379,0.227,0.314,0.954,0.518
2025,Damian Lillard,PG,Milwaukee Bucks,Los Angeles Lakers,11,7,1.065,1.252,0.135,0.188,0.972,0.47
2025,Damian Lillard,PG,Milwaukee Bucks,Memphis Grizzlies,11,13,1.065,0.849,0.028,0,1,0.417
2025,Damian Lillard,PG,Milwaukee Bucks,Golden State Warriors,11,12,1.065,1.025,0.013,0,1,0.408
2025,Damion Baugh,SG,Charlotte Hornets,Oklahoma City Thunder,28,1,-0.409,1.265,3.349,1.674,0.778,2.321
2025,Damion Baugh,SG,Charlotte Hornets,Cleveland Cavaliers,28,2,-0.409,1.342,3.018,1.751,0.769,2.118
2025,Damion Baugh,SG,Charlotte Hornets,Boston Celtics,28,3,-0.409,0.808,2.92,1.217,0.833,2.085
2025,Damion Baugh,SG,Charlotte Hornets,Houston Rockets,28,4,-0.409,0.724,2.436,1.133,0.844,1.799
2025,Damion Baugh,SG,Charlotte Hornets,New York Knicks,28,5,-0.409,0.807,2.328,1.216,0.833,1.73
2025,Damion Baugh,SG,Charlotte Hornets,Indiana Pacers,28,6,-0.409,0.275,2.169,0.684,0.903,1.663
2025,Damion Baugh,SG,Charlotte Hornets,Los Angeles Clippers,28,9,-0.409,1.026,2.207,1.435,0.806,1.647
2025,Damion Baugh,SG,Charlotte Hornets,Denver Nuggets,28,8,-0.409,0.812,2.155,1.221,0.833,1.626
2025,Damion Baugh,SG,Charlotte Hornets,Minnesota Timberwolves,28,10,-0.409,1.353,2.148,1.762,0.768,1.596
2025,Damion Baugh,SG,Charlotte Hornets,Los Angeles Lakers,28,7,-0.409,1.047,2.078,1.456,0.804,1.568
2025,Damion Baugh,SG,Charlotte Hornets,Golden State Warriors,28,12,-0.409,0.448,1.955,0.857,0.879,1.525
2025,Damion Baugh,SG,Charlotte Hornets,Memphis Grizzlies,28,13,-0.409,0.996,1.971,1.405,0.81,1.506
2025,Damion Baugh,SG,Charlotte Hornets,Milwaukee Bucks,28,11,-0.409,0.683,1.943,1.092,0.849,1.505
2025,Damion Baugh,SG,Charlotte Hornets,Detroit Pistons,28,14,-0.409,2.249,1.705,2.658,0.671,1.292
2025,Damion Baugh,SG,Charlotte Hornets,Orlando Magic,28,15,-0.409,0.142,1.525,0.551,0.921,1.283
2025,Damion Baugh,SG,Charlotte Hornets,Sacramento Kings,28,17,-0.409,0.908,1.398,1.317,0.821,1.167
2025,Damion Baugh,SG,Charlotte Hornets,Atlanta Hawks,28,16,-0.409,1.001,1.366,1.41,0.809,1.143
2025,Damion Baugh,SG,Charlotte Hornets,Chicago Bulls,28,18,-0.409,0.842,1.244,1.251,0.829,1.078
2025,Damion Baugh,SG,Charlotte Hornets,Miami Heat,28,20,-0.409,1.223,1.241,1.632,0.783,1.057
2025,Damion Baugh,SG,Charlotte Hornets,Dallas Mavericks,28,19,-0.409,1.335,1.215,1.744,0.77,1.037
2025,Damion Baugh,SG,Charlotte Hornets,Portland Trail Blazers,28,22,-0.409,0.782,0.949,1.191,0.836,0.904
2025,Damion Baugh,SG,Charlotte Hornets,Phoenix Suns,28,21,-0.409,1.298,0.945,1.707,0.774,0.877
2025,Damion Baugh,SG,Charlotte Hornets,San Antonio Spurs,28,23,-0.409,0.668,0.852,1.077,0.851,0.851
2025,Damion Baugh,SG,Charlotte Hornets,Toronto Raptors,28,24,-0.409,0.479,0.668,0.888,0.875,0.751
2025,Damion Baugh,SG,Charlotte Hornets,Brooklyn Nets,28,25,-0.409,0.95,0.383,1.359,0.816,0.556
2025,Damion Baugh,SG,Charlotte Hornets,Philadelphia 76ers,28,26,-0.409,1.127,0.325,1.536,0.794,0.513
2025,Damion Baugh,SG,Charlotte Hornets,New Orleans Pelicans,28,27,-0.409,0.263,0.047,0.671,0.904,0.39
2025,Damion Lee,SG,Phoenix Suns,Oklahoma City Thunder,21,1,-0.508,1.265,2.404,1.773,0.766,1.749
2025,Damion Lee,SG,Phoenix Suns,Cleveland Cavaliers,21,2,-0.508,1.342,2.073,1.85,0.758,1.547
2025,Damion Lee,SG,Phoenix Suns,Boston Celtics,21,3,-0.508,0.808,1.974,1.316,0.821,1.513
2025,Damion Lee,SG,Phoenix Suns,Houston Rockets,21,4,-0.508,0.724,1.491,1.232,0.831,1.227
2025,Damion Lee,SG,Phoenix Suns,New York Knicks,21,5,-0.508,0.807,1.383,1.315,0.821,1.158
2025,Damion Lee,SG,Phoenix Suns,Indiana Pacers,21,6,-0.508,0.275,1.224,0.783,0.889,1.09
2025,Damion Lee,SG,Phoenix Suns,Los Angeles Clippers,21,9,-0.508,1.026,1.262,1.534,0.794,1.075
2025,Damion Lee,SG,Phoenix Suns,Denver Nuggets,21,8,-0.508,0.812,1.21,1.32,0.82,1.054
2025,Damion Lee,SG,Phoenix Suns,Minnesota Timberwolves,21,10,-0.508,1.353,1.203,1.861,0.756,1.024
2025,Damion Lee,SG,Phoenix Suns,Los Angeles Lakers,21,7,-0.508,1.047,1.132,1.555,0.792,0.996
2025,Damion Lee,SG,Phoenix Suns,Golden State Warriors,21,12,-0.508,0.448,1.01,0.956,0.866,0.953
2025,Damion Lee,SG,Phoenix Suns,Memphis Grizzlies,21,13,-0.508,0.996,1.025,1.504,0.798,0.935
2025,Damion Lee,SG,Phoenix Suns,Milwaukee Bucks,21,11,-0.508,0.683,0.997,1.191,0.836,0.933
2025,Damion Lee,SG,Phoenix Suns,Detroit Pistons,21,14,-0.508,2.249,0.76,2.757,0.661,0.72
2025,Damion Lee,SG,Phoenix Suns,Orlando Magic,21,15,-0.508,0.142,0.58,0.65,0.907,0.711
2025,Damion Lee,SG,Phoenix Suns,Sacramento Kings,21,17,-0.508,0.908,0.453,1.416,0.809,0.595
2025,Damion Lee,SG,Phoenix Suns,Atlanta Hawks,21,16,-0.508,1.001,0.421,1.509,0.797,0.572
2025,Damion Lee,SG,Phoenix Suns,Chicago Bulls,21,18,-0.508,0.842,0.299,1.35,0.817,0.506
2025,Damion Lee,SG,Phoenix Suns,Miami Heat,21,20,-0.508,1.223,0.295,1.731,0.771,0.486
2025,Damion Lee,SG,Phoenix Suns,Dallas Mavericks,21,19,-0.508,1.335,0.27,1.843,0.758,0.465
2025,Damion Lee,SG,Phoenix Suns,Portland Trail Blazers,21,22,-0.508,0.782,0.004,1.29,0.824,0.332
2025,Daniel Gafford,C,Dallas Mavericks,Oklahoma City Thunder,19,1,1.114,1.018,2.134,0,1,1.68
2025,Daniel Gafford,C,Dallas Mavericks,Cleveland Cavaliers,19,2,1.114,0.96,1.803,0,1,1.482
2025,Daniel Gafford,C,Dallas Mavericks,Boston Celtics,19,3,1.114,0.929,1.705,0,1,1.423
2025,Daniel Gafford,C,Dallas Mavericks,Houston Rockets,19,4,1.114,0.807,1.221,0,1,1.132
2025,Daniel Gafford,C,Dallas Mavericks,New York Knicks,19,5,1.114,1.332,1.113,0.218,0.968,1.055
2025,Daniel Gafford,C,Dallas Mavericks,Los Angeles Clippers,19,9,1.114,1.266,0.992,0.152,0.978,0.986
2025,Daniel Gafford,C,Dallas Mavericks,Indiana Pacers,19,6,1.114,0.754,0.955,0,1,0.973
2025,Daniel Gafford,C,Dallas Mavericks,Minnesota Timberwolves,19,10,1.114,1.008,0.933,0,1,0.96
2025,Daniel Gafford,C,Dallas Mavericks,Denver Nuggets,19,8,1.114,1.827,0.941,0.713,0.899,0.924
2025,Daniel Gafford,C,Dallas Mavericks,Los Angeles Lakers,19,7,1.114,1.908,0.863,0.794,0.888,0.873
2025,Daniel Gafford,C,Dallas Mavericks,Memphis Grizzlies,19,13,1.114,0.773,0.756,0,1,0.853
2025,Daniel Gafford,C,Dallas Mavericks,Golden State Warriors,19,12,1.114,-0.087,0.74,0,1,0.844
2025,Daniel Gafford,C,Dallas Mavericks,Milwaukee Bucks,19,11,1.114,0.498,0.728,0,1,0.837
2025,Daniel Gafford,C,Dallas Mavericks,Detroit Pistons,19,14,1.114,0.988,0.49,0,1,0.694
2025,Daniel Gafford,C,Dallas Mavericks,Orlando Magic,19,15,1.114,0.455,0.31,0,1,0.586
2025,Daniel Gafford,C,Dallas Mavericks,Sacramento Kings,19,17,1.114,1.198,0.183,0.084,0.987,0.505
2025,Daniel Gafford,C,Dallas Mavericks,Atlanta Hawks,19,16,1.114,0.616,0.151,0,1,0.491
2025,Daniel Gafford,C,Dallas Mavericks,Chicago Bulls,19,18,1.114,0.827,0.029,0,1,0.418
2025,Daniel Gafford,C,Dallas Mavericks,Miami Heat,19,20,1.114,0.612,0.026,0,1,0.415
2025,Daniel Theis,C,New Orleans Pelicans,Oklahoma City Thunder,27,1,-0.594,1.018,3.302,1.611,0.785,2.295
2025,Daniel Theis,C,New Orleans Pelicans,Cleveland Cavaliers,27,2,-0.594,0.96,2.971,1.553,0.792,2.099
2025,Daniel Theis,C,New Orleans Pelicans,Boston Celtics,27,3,-0.594,0.929,2.872,1.523,0.796,2.042
2025,Daniel Theis,C,New Orleans Pelicans,Houston Rockets,27,4,-0.594,0.807,2.388,1.401,0.81,1.757
2025,Daniel Theis,C,New Orleans Pelicans,New York Knicks,27,5,-0.594,1.332,2.281,1.926,0.749,1.668
2025,Daniel Theis,C,New Orleans Pelicans,Indiana Pacers,27,6,-0.594,0.754,2.122,1.348,0.817,1.6
2025,Daniel Theis,C,New Orleans Pelicans,Los Angeles Clippers,27,9,-0.594,1.266,2.16,1.859,0.757,1.599
2025,Daniel Theis,C,New Orleans Pelicans,Minnesota Timberwolves,27,10,-0.594,1.008,2.101,1.601,0.786,1.575
2025,Daniel Theis,C,New Orleans Pelicans,Denver Nuggets,27,8,-0.594,1.827,2.108,2.421,0.696,1.543
2025,Daniel Theis,C,New Orleans Pelicans,Golden State Warriors,27,12,-0.594,-0.087,1.908,0.507,0.927,1.515
2025,Daniel Theis,C,New Orleans Pelicans,Los Angeles Lakers,27,7,-0.594,1.908,2.03,2.502,0.687,1.493
2025,Daniel Theis,C,New Orleans Pelicans,Memphis Grizzlies,27,13,-0.594,0.773,1.923,1.367,0.815,1.48
2025,Daniel Theis,C,New Orleans Pelicans,Milwaukee Bucks,27,11,-0.594,0.498,1.895,1.092,0.849,1.477
2025,Daniel Theis,C,New Orleans Pelicans,Detroit Pistons,27,14,-0.594,0.988,1.658,1.581,0.789,1.31
2025,Daniel Theis,C,New Orleans Pelicans,Orlando Magic,27,15,-0.594,0.455,1.477,1.048,0.854,1.228
2025,Daniel Theis,C,New Orleans Pelicans,Atlanta Hawks,27,16,-0.594,0.616,1.319,1.21,0.834,1.125
2025,Daniel Theis,C,New Orleans Pelicans,Sacramento Kings,27,17,-0.594,1.198,1.351,1.792,0.764,1.116
2025,Daniel Theis,C,New Orleans Pelicans,Miami Heat,27,20,-0.594,0.612,1.193,1.206,0.835,1.05
2025,Daniel Theis,C,New Orleans Pelicans,Chicago Bulls,27,18,-0.594,0.827,1.197,1.42,0.808,1.041
2025,Daniel Theis,C,New Orleans Pelicans,Dallas Mavericks,27,19,-0.594,1.114,1.167,1.708,0.774,1.01
2025,Daniel Theis,C,New Orleans Pelicans,Phoenix Suns,27,21,-0.594,0.34,0.898,0.934,0.869,0.886
2025,Daniel Theis,C,New Orleans Pelicans,Portland Trail Blazers,27,22,-0.594,0.7,0.902,1.294,0.824,0.87
2025,Daniel Theis,C,New Orleans Pelicans,San Antonio Spurs,27,23,-0.594,2.35,0.804,2.943,0.643,0.74
2025,Daniel Theis,C,New Orleans Pelicans,Toronto Raptors,27,24,-0.594,0.899,0.621,1.492,0.799,0.692
2025,Daniel Theis,C,New Orleans Pelicans,Brooklyn Nets,27,25,-0.594,0.443,0.336,1.037,0.856,0.544
2025,Daniel Theis,C,New Orleans Pelicans,Philadelphia 76ers,27,26,-0.594,0.849,0.278,1.442,0.805,0.489
2025,Daniss Jenkins,PG,Detroit Pistons,Oklahoma City Thunder,14,1,-1.237,1.646,1.644,2.883,0.649,1.246
2025,Daniss Jenkins,PG,Detroit Pistons,Cleveland Cavaliers,14,2,-1.237,0.908,1.313,2.145,0.725,1.078
2025,Daniss Jenkins,PG,Detroit Pistons,Boston Celtics,14,3,-1.237,0.432,1.215,1.669,0.779,1.04
2025,Daniss Jenkins,PG,Detroit Pistons,Houston Rockets,14,4,-1.237,0.457,0.731,1.694,0.776,0.749
2025,Daniss Jenkins,PG,Detroit Pistons,New York Knicks,14,5,-1.237,1.105,0.623,2.342,0.704,0.655
2025,Daniss Jenkins,PG,Detroit Pistons,Minnesota Timberwolves,14,10,-1.237,0.2,0.443,1.437,0.806,0.588
2025,Daniss Jenkins,PG,Detroit Pistons,Los Angeles Clippers,14,9,-1.237,1.03,0.502,2.267,0.712,0.586
2025,Daniss Jenkins,PG,Detroit Pistons,Denver Nuggets,14,8,-1.237,0.822,0.45,2.059,0.734,0.564
2025,Daniss Jenkins,PG,Detroit Pistons,Indiana Pacers,14,6,-1.237,1.379,0.464,2.616,0.675,0.549
2025,Daniss Jenkins,PG,Detroit Pistons,Los Angeles Lakers,14,7,-1.237,1.252,0.373,2.49,0.688,0.499
2025,Daniss Jenkins,PG,Detroit Pistons,Memphis Grizzlies,14,13,-1.237,0.849,0.266,2.086,0.731,0.452
2025,Daniss Jenkins,PG,Detroit Pistons,Golden State Warriors,14,12,-1.237,1.025,0.25,2.262,0.712,0.435
2025,Daniss Jenkins,PG,Detroit Pistons,Milwaukee Bucks,14,11,-1.237,1.065,0.237,2.302,0.708,0.426
2025,Danté Exum,PG,Dallas Mavericks,Oklahoma City Thunder,19,1,-0.05,1.646,2.134,1.696,0.775,1.591
2025,Danté Exum,PG,Dallas Mavericks,Cleveland Cavaliers,19,2,-0.05,0.908,1.803,0.958,0.866,1.428
2025,Danté Exum,PG,Dallas Mavericks,Boston Celtics,19,3,-0.05,0.432,1.705,0.481,0.93,1.395
2025,Danté Exum,PG,Dallas Mavericks,Houston Rockets,19,4,-0.05,0.457,1.221,0.506,0.927,1.103
2025,Danté Exum,PG,Dallas Mavericks,New York Knicks,19,5,-0.05,1.105,1.113,1.154,0.841,1.004
2025,Danté Exum,PG,Dallas Mavericks,Minnesota Timberwolves,19,10,-0.05,0.2,0.933,0.249,0.963,0.945
2025,Danté Exum,PG,Dallas Mavericks,Los Angeles Clippers,19,9,-0.05,1.03,0.992,1.079,0.851,0.936
2025,Danté Exum,PG,Dallas Mavericks,Denver Nuggets,19,8,-0.05,0.822,0.941,0.872,0.877,0.915
2025,Danté Exum,PG,Dallas Mavericks,Indiana Pacers,19,6,-0.05,1.379,0.955,1.428,0.807,0.896
2025,Danté Exum,PG,Dallas Mavericks,Los Angeles Lakers,19,7,-0.05,1.252,0.863,1.302,0.823,0.847
2025,Danté Exum,PG,Dallas Mavericks,Memphis Grizzlies,19,13,-0.05,0.849,0.756,0.898,0.874,0.803
2025,Danté Exum,PG,Dallas Mavericks,Golden State Warriors,19,12,-0.05,1.025,0.74,1.074,0.851,0.785
2025,Danté Exum,PG,Dallas Mavericks,Milwaukee Bucks,19,11,-0.05,1.065,0.728,1.114,0.846,0.775
2025,Danté Exum,PG,Dallas Mavericks,Detroit Pistons,19,14,-0.05,1.099,0.49,1.148,0.842,0.631
2025,Danté Exum,PG,Dallas Mavericks,Orlando Magic,19,15,-0.05,0.182,0.31,0.231,0.966,0.572
2025,Danté Exum,PG,Dallas Mavericks,Sacramento Kings,19,17,-0.05,0.871,0.183,0.921,0.871,0.458
2025,Danté Exum,PG,Dallas Mavericks,Atlanta Hawks,19,16,-0.05,1.258,0.151,1.307,0.822,0.419
2025,Danté Exum,PG,Dallas Mavericks,Miami Heat,19,20,-0.05,0.39,0.026,0.44,0.936,0.39
2025,Danté Exum,PG,Dallas Mavericks,Chicago Bulls,19,18,-0.05,0.694,0.029,0.744,0.894,0.375
2025,DaQuan Jeffries,SG,Charlotte Hornets,Oklahoma City Thunder,28,1,-0.276,1.265,3.349,1.541,0.794,2.327
2025,DaQuan Jeffries,SG,Charlotte Hornets,Cleveland Cavaliers,28,2,-0.276,1.342,3.018,1.618,0.785,2.125
2025,DaQuan Jeffries,SG,Charlotte Hornets,Boston Celtics,28,3,-0.276,0.808,2.92,1.084,0.85,2.092
2025,DaQuan Jeffries,SG,Charlotte Hornets,Houston Rockets,28,4,-0.276,0.724,2.436,1,0.861,1.806
2025,DaQuan Jeffries,SG,Charlotte Hornets,New York Knicks,28,5,-0.276,0.807,2.328,1.083,0.85,1.737
2025,DaQuan Jeffries,SG,Charlotte Hornets,Indiana Pacers,28,6,-0.276,0.275,2.169,0.551,0.921,1.67
2025,DaQuan Jeffries,SG,Charlotte Hornets,Los Angeles Clippers,28,9,-0.276,1.026,2.207,1.302,0.823,1.653
2025,DaQuan Jeffries,SG,Charlotte Hornets,Denver Nuggets,28,8,-0.276,0.812,2.155,1.088,0.849,1.633
2025,DaQuan Jeffries,SG,Charlotte Hornets,Minnesota Timberwolves,28,10,-0.276,1.353,2.148,1.629,0.783,1.602
2025,DaQuan Jeffries,SG,Charlotte Hornets,Los Angeles Lakers,28,7,-0.276,1.047,2.078,1.323,0.82,1.575
2025,DaQuan Jeffries,SG,Charlotte Hornets,Golden State Warriors,28,12,-0.276,0.448,1.955,0.724,0.897,1.532
2025,DaQuan Jeffries,SG,Charlotte Hornets,Memphis Grizzlies,28,13,-0.276,0.996,1.971,1.271,0.826,1.513
2025,DaQuan Jeffries,SG,Charlotte Hornets,Milwaukee Bucks,28,11,-0.276,0.683,1.943,0.958,0.866,1.512
2025,DaQuan Jeffries,SG,Charlotte Hornets,Detroit Pistons,28,14,-0.276,2.249,1.705,2.525,0.685,1.297
2025,DaQuan Jeffries,SG,Charlotte Hornets,Orlando Magic,28,15,-0.276,0.142,1.525,0.417,0.939,1.291
2025,DaQuan Jeffries,SG,Charlotte Hornets,Sacramento Kings,28,17,-0.276,0.908,1.398,1.184,0.837,1.174
2025,DaQuan Jeffries,SG,Charlotte Hornets,Atlanta Hawks,28,16,-0.276,1.001,1.366,1.277,0.826,1.15
2025,DaQuan Jeffries,SG,Charlotte Hornets,Chicago Bulls,28,18,-0.276,0.842,1.244,1.117,0.846,1.085
2025,DaQuan Jeffries,SG,Charlotte Hornets,Miami Heat,28,20,-0.276,1.223,1.241,1.499,0.799,1.064
2025,DaQuan Jeffries,SG,Charlotte Hornets,Dallas Mavericks,28,19,-0.276,1.335,1.215,1.611,0.785,1.043
2025,DaQuan Jeffries,SG,Charlotte Hornets,Portland Trail Blazers,28,22,-0.276,0.782,0.949,1.058,0.853,0.911
2025,DaQuan Jeffries,SG,Charlotte Hornets,Phoenix Suns,28,21,-0.276,1.298,0.945,1.574,0.79,0.883
2025,DaQuan Jeffries,SG,Charlotte Hornets,San Antonio Spurs,28,23,-0.276,0.668,0.852,0.943,0.868,0.858
2025,DaQuan Jeffries,SG,Charlotte Hornets,Toronto Raptors,28,24,-0.276,0.479,0.668,0.755,0.893,0.758
2025,DaQuan Jeffries,SG,Charlotte Hornets,Brooklyn Nets,28,25,-0.276,0.95,0.383,1.225,0.832,0.563
2025,DaQuan Jeffries,SG,Charlotte Hornets,Philadelphia 76ers,28,26,-0.276,1.127,0.325,1.403,0.81,0.519
2025,DaQuan Jeffries,SG,Charlotte Hornets,New Orleans Pelicans,28,27,-0.276,0.263,0.047,0.538,0.922,0.397
2025,Dario Šarić,C,Denver Nuggets,Oklahoma City Thunder,8,1,-1.165,1.018,1.194,2.182,0.721,1.004
2025,Dario Šarić,C,Denver Nuggets,Cleveland Cavaliers,8,2,-1.165,0.96,0.863,2.124,0.727,0.808
2025,Dario Šarić,C,Denver Nuggets,Boston Celtics,8,3,-1.165,0.929,0.764,2.094,0.73,0.751
2025,Dario Šarić,C,Denver Nuggets,Houston Rockets,8,4,-1.165,0.807,0.28,1.972,0.744,0.466
2025,Dario Šarić,C,Denver Nuggets,New York Knicks,8,5,-1.165,1.332,0.173,2.497,0.688,0.379
2025,Dario Šarić,C,Denver Nuggets,Los Angeles Clippers,8,9,-1.165,1.266,0.052,2.43,0.695,0.309
2025,Dario Šarić,C,Denver Nuggets,Indiana Pacers,8,6,-1.165,0.754,0.014,1.919,0.75,0.308
2025,Dariq Whitehead,SF,Brooklyn Nets,Oklahoma City Thunder,25,1,-0.505,0.332,2.966,0.837,0.882,2.132
2025,Dariq Whitehead,SF,Brooklyn Nets,Cleveland Cavaliers,25,2,-0.505,0.475,2.635,0.98,0.863,1.926
2025,Dariq Whitehead,SF,Brooklyn Nets,Boston Celtics,25,3,-0.505,1.283,2.536,1.788,0.765,1.828
2025,Dariq Whitehead,SF,Brooklyn Nets,Houston Rockets,25,4,-0.505,1.573,2.052,2.078,0.732,1.524
2025,Dariq Whitehead,SF,Brooklyn Nets,New York Knicks,25,5,-0.505,0.764,1.945,1.269,0.827,1.498
2025,Dariq Whitehead,SF,Brooklyn Nets,Minnesota Timberwolves,25,10,-0.505,-0.433,1.765,0.071,0.989,1.455
2025,Dariq Whitehead,SF,Brooklyn Nets,Indiana Pacers,25,6,-0.505,0.534,1.786,1.039,0.856,1.414
2025,Dariq Whitehead,SF,Brooklyn Nets,Los Angeles Clippers,25,9,-0.505,1.392,1.824,1.896,0.752,1.395
2025,Dariq Whitehead,SF,Brooklyn Nets,Denver Nuggets,25,8,-0.505,0.927,1.772,1.432,0.807,1.386
2025,Dariq Whitehead,SF,Brooklyn Nets,Los Angeles Lakers,25,7,-0.505,2.119,1.694,2.624,0.675,1.286
2025,Dariq Whitehead,SF,Brooklyn Nets,Milwaukee Bucks,25,11,-0.505,0.667,1.559,1.172,0.839,1.271
2025,Dariq Whitehead,SF,Brooklyn Nets,Golden State Warriors,25,12,-0.505,1.484,1.572,1.989,0.742,1.24
2025,Dariq Whitehead,SF,Brooklyn Nets,Detroit Pistons,25,14,-0.505,0.84,1.322,1.345,0.817,1.12
2025,Dariq Whitehead,SF,Brooklyn Nets,Orlando Magic,25,15,-0.505,1.486,1.141,1.991,0.742,0.981
2025,Dariq Whitehead,SF,Brooklyn Nets,Sacramento Kings,25,17,-0.505,1.064,1.015,1.568,0.79,0.925
2025,Dariq Whitehead,SF,Brooklyn Nets,Atlanta Hawks,25,16,-0.505,1.882,0.983,2.387,0.699,0.869
2025,Dariq Whitehead,SF,Brooklyn Nets,Dallas Mavericks,25,19,-0.505,0.6,0.831,1.105,0.847,0.838
2025,Dariq Whitehead,SF,Brooklyn Nets,Miami Heat,25,20,-0.505,1.143,0.857,1.648,0.781,0.827
2025,Dariq Whitehead,SF,Brooklyn Nets,Chicago Bulls,25,18,-0.505,1.234,0.861,1.739,0.77,0.825
2025,Dariq Whitehead,SF,Brooklyn Nets,Phoenix Suns,25,21,-0.505,0.395,0.562,0.9,0.874,0.687
2025,Dariq Whitehead,SF,Brooklyn Nets,Portland Trail Blazers,25,22,-0.505,1.194,0.566,1.699,0.775,0.649
2025,Dariq Whitehead,SF,Brooklyn Nets,San Antonio Spurs,25,23,-0.505,0.392,0.468,0.897,0.874,0.631
2025,Dariq Whitehead,SF,Brooklyn Nets,Toronto Raptors,25,24,-0.505,1.249,0.285,1.753,0.769,0.478
2025,Darius Garland,PG,Cleveland Cavaliers,Oklahoma City Thunder,2,1,0.908,1.646,0.331,0.738,0.895,0.557
2025,David Duke Jr.,SG,San Antonio Spurs,Oklahoma City Thunder,23,1,-0.346,1.265,2.497,1.612,0.785,1.812
2025,David Duke Jr.,SG,San Antonio Spurs,Cleveland Cavaliers,23,2,-0.346,1.342,2.166,1.688,0.776,1.61
2025,David Duke Jr.,SG,San Antonio Spurs,Boston Celtics,23,3,-0.346,0.808,2.068,1.154,0.841,1.577
2025,David Duke Jr.,SG,San Antonio Spurs,Houston Rockets,23,4,-0.346,0.724,1.584,1.07,0.852,1.291
2025,David Duke Jr.,SG,San Antonio Spurs,New York Knicks,23,5,-0.346,0.807,1.477,1.153,0.841,1.222
2025,David Duke Jr.,SG,San Antonio Spurs,Indiana Pacers,23,6,-0.346,0.275,1.318,0.621,0.911,1.155
2025,David Duke Jr.,SG,San Antonio Spurs,Los Angeles Clippers,23,9,-0.346,1.026,1.355,1.372,0.814,1.139
2025,David Duke Jr.,SG,San Antonio Spurs,Denver Nuggets,23,8,-0.346,0.812,1.304,1.158,0.841,1.118
2025,David Duke Jr.,SG,San Antonio Spurs,Minnesota Timberwolves,23,10,-0.346,1.353,1.297,1.7,0.775,1.088
2025,David Duke Jr.,SG,San Antonio Spurs,Los Angeles Lakers,23,7,-0.346,1.047,1.226,1.393,0.811,1.06
2025,David Duke Jr.,SG,San Antonio Spurs,Golden State Warriors,23,12,-0.346,0.448,1.103,0.794,0.888,1.017
2025,David Duke Jr.,SG,San Antonio Spurs,Memphis Grizzlies,23,13,-0.346,0.996,1.119,1.342,0.818,0.998
2025,David Duke Jr.,SG,San Antonio Spurs,Milwaukee Bucks,23,11,-0.346,0.683,1.091,1.029,0.857,0.997
2025,David Duke Jr.,SG,San Antonio Spurs,Detroit Pistons,23,14,-0.346,2.249,0.853,2.595,0.678,0.783
2025,David Duke Jr.,SG,San Antonio Spurs,Orlando Magic,23,15,-0.346,0.142,0.673,0.488,0.929,0.776
2025,David Duke Jr.,SG,San Antonio Spurs,Sacramento Kings,23,17,-0.346,0.908,0.546,1.254,0.828,0.659
2025,David Duke Jr.,SG,San Antonio Spurs,Atlanta Hawks,23,16,-0.346,1.001,0.514,1.347,0.817,0.635
2025,David Duke Jr.,SG,San Antonio Spurs,Chicago Bulls,23,18,-0.346,0.842,0.393,1.188,0.837,0.57
2025,David Duke Jr.,SG,San Antonio Spurs,Miami Heat,23,20,-0.346,1.223,0.389,1.57,0.79,0.549
2025,David Duke Jr.,SG,San Antonio Spurs,Dallas Mavericks,23,19,-0.346,1.335,0.363,1.682,0.777,0.529
2025,David Duke Jr.,SG,San Antonio Spurs,Portland Trail Blazers,23,22,-0.346,0.782,0.097,1.128,0.844,0.396
2025,David Duke Jr.,SG,San Antonio Spurs,Phoenix Suns,23,21,-0.346,1.298,0.093,1.644,0.781,0.369
2025,David Roddy,PF,Philadelphia 76ers,Oklahoma City Thunder,26,1,-0.299,0.795,3.024,1.094,0.849,2.154
2025,David Roddy,PF,Philadelphia 76ers,Cleveland Cavaliers,26,2,-0.299,1.717,2.693,2.017,0.739,1.911
2025,David Roddy,PF,Philadelphia 76ers,Boston Celtics,26,3,-0.299,1.509,2.594,1.808,0.762,1.862
2025,David Roddy,PF,Philadelphia 76ers,Houston Rockets,26,4,-0.299,0.863,2.11,1.163,0.84,1.602
2025,David Roddy,PF,Philadelphia 76ers,New York Knicks,26,5,-0.299,0.825,2.003,1.125,0.845,1.54
2025,David Roddy,PF,Philadelphia 76ers,Los Angeles Clippers,26,9,-0.299,-0.25,1.882,0.05,0.993,1.526
2025,David Roddy,PF,Atlanta Hawks,Oklahoma City Thunder,16,1,-0.425,0.795,1.983,1.22,0.833,1.523
2025,David Roddy,PF,Philadelphia 76ers,Denver Nuggets,26,8,-0.299,0.4,1.83,0.699,0.9,1.458
2025,David Roddy,PF,Philadelphia 76ers,Indiana Pacers,26,6,-0.299,0.96,1.844,1.259,0.828,1.438
2025,David Roddy,PF,Philadelphia 76ers,Minnesota Timberwolves,26,10,-0.299,0.731,1.823,1.031,0.857,1.437
2025,David Roddy,PF,Philadelphia 76ers,Los Angeles Lakers,26,7,-0.299,0.286,1.752,0.586,0.916,1.418
2025,David Roddy,PF,Philadelphia 76ers,Memphis Grizzlies,26,13,-0.299,0.525,1.645,0.824,0.884,1.341
2025,David Roddy,PF,Philadelphia 76ers,Golden State Warriors,26,12,-0.299,0.698,1.63,0.997,0.861,1.322
2025,David Roddy,PF,Atlanta Hawks,Cleveland Cavaliers,16,2,-0.425,1.717,1.652,2.143,0.725,1.281
2025,David Roddy,PF,Philadelphia 76ers,Milwaukee Bucks,26,11,-0.299,2.524,1.617,2.824,0.655,1.232
2025,David Roddy,PF,Atlanta Hawks,Boston Celtics,16,3,-0.425,1.509,1.553,1.934,0.748,1.231
2025,David Roddy,PF,Philadelphia 76ers,Detroit Pistons,26,14,-0.299,0.573,1.38,0.873,0.877,1.179
2025,David Roddy,PF,Philadelphia 76ers,Orlando Magic,26,15,-0.299,1.217,1.199,1.517,0.797,1.038
2025,David Roddy,PF,Philadelphia 76ers,Sacramento Kings,26,17,-0.299,0.523,1.073,0.822,0.884,0.997
2025,David Roddy,PF,Philadelphia 76ers,Atlanta Hawks,26,16,-0.299,0.235,1.041,0.534,0.923,0.994
2025,David Roddy,PF,Atlanta Hawks,Houston Rockets,16,4,-0.425,0.863,1.07,1.288,0.824,0.971
2025,David Roddy,PF,Philadelphia 76ers,Chicago Bulls,26,18,-0.299,0.411,0.919,0.71,0.899,0.911
2025,David Roddy,PF,Atlanta Hawks,New York Knicks,16,5,-0.425,0.825,0.962,1.251,0.829,0.909
2025,David Roddy,PF,Atlanta Hawks,Los Angeles Clippers,16,9,-0.425,-0.25,0.841,0.175,0.974,0.894
2025,David Roddy,PF,Philadelphia 76ers,Miami Heat,26,20,-0.299,0.861,0.915,1.161,0.84,0.885
2025,David Roddy,PF,Houston Rockets,Oklahoma City Thunder,4,1,-0.891,0.795,0.913,1.686,0.777,0.859
2025,David Roddy,PF,Atlanta Hawks,Denver Nuggets,16,8,-0.425,0.4,0.789,0.825,0.884,0.827
2025,David Roddy,PF,Philadelphia 76ers,Dallas Mavericks,26,19,-0.299,1.939,0.89,2.238,0.715,0.82
2025,David Roddy,PF,Atlanta Hawks,Indiana Pacers,16,6,-0.425,0.96,0.803,1.385,0.812,0.807
2025,David Roddy,PF,Atlanta Hawks,Minnesota Timberwolves,16,10,-0.425,0.731,0.782,1.157,0.841,0.806
2025,David Roddy,PF,Atlanta Hawks,Los Angeles Lakers,16,7,-0.425,0.286,0.712,0.712,0.899,0.786
2025,David Roddy,PF,Philadelphia 76ers,Portland Trail Blazers,26,22,-0.299,0.482,0.624,0.781,0.889,0.73
2025,David Roddy,PF,Atlanta Hawks,Memphis Grizzlies,16,13,-0.425,0.525,0.605,0.95,0.867,0.71
2025,David Roddy,PF,Atlanta Hawks,Golden State Warriors,16,12,-0.425,0.698,0.589,1.123,0.845,0.691
2025,David Roddy,PF,Philadelphia 76ers,Phoenix Suns,26,21,-0.299,1.486,0.62,1.786,0.765,0.678
2025,David Roddy,PF,Philadelphia 76ers,San Antonio Spurs,26,23,-0.299,0.484,0.526,0.783,0.889,0.672
2025,David Roddy,PF,Houston Rockets,Cleveland Cavaliers,4,2,-0.891,1.717,0.582,2.609,0.676,0.62
2025,David Roddy,PF,Atlanta Hawks,Milwaukee Bucks,16,11,-0.425,2.524,0.576,2.949,0.642,0.603
2025,David Roddy,PF,Houston Rockets,Boston Celtics,4,3,-0.891,1.509,0.484,2.4,0.698,0.569
2025,David Roddy,PF,Atlanta Hawks,Detroit Pistons,16,14,-0.425,0.573,0.339,0.999,0.861,0.548
2025,David Roddy,PF,Philadelphia 76ers,Toronto Raptors,26,24,-0.299,1.283,0.343,1.583,0.789,0.521
2025,David Roddy,PF,Atlanta Hawks,Orlando Magic,16,15,-0.425,1.217,0.159,1.643,0.782,0.408
2025,David Roddy,PF,Philadelphia 76ers,Brooklyn Nets,26,25,-0.299,0.624,0.058,0.923,0.871,0.383
2025,David Roddy,PF,Atlanta Hawks,Sacramento Kings,16,17,-0.425,0.523,0.032,0.948,0.867,0.366
2025,Davion Mitchell,PG,Toronto Raptors,Oklahoma City Thunder,24,1,-0.178,1.646,2.681,1.824,0.761,1.913
2025,Davion Mitchell,PG,Toronto Raptors,Cleveland Cavaliers,24,2,-0.178,0.908,2.35,1.086,0.85,1.75
2025,Davion Mitchell,PG,Toronto Raptors,Boston Celtics,24,3,-0.178,0.432,2.251,0.61,0.913,1.716
2025,Davion Mitchell,PG,Miami Heat,Oklahoma City Thunder,20,1,0.39,1.646,2.108,1.256,0.828,1.596
2025,Davion Mitchell,PG,Miami Heat,Cleveland Cavaliers,20,2,0.39,0.908,1.777,0.518,0.925,1.437
2025,Davion Mitchell,PG,Toronto Raptors,Houston Rockets,24,4,-0.178,0.457,1.768,0.635,0.909,1.424
2025,Davion Mitchell,PG,Miami Heat,Boston Celtics,20,3,0.39,0.432,1.679,0.041,0.994,1.405
2025,Davion Mitchell,PG,Toronto Raptors,New York Knicks,24,5,-0.178,1.105,1.66,1.283,0.825,1.326
2025,Davion Mitchell,PG,Toronto Raptors,Minnesota Timberwolves,24,10,-0.178,0.2,1.48,0.378,0.945,1.266
2025,Davion Mitchell,PG,Toronto Raptors,Los Angeles Clippers,24,9,-0.178,1.03,1.539,1.208,0.834,1.257
2025,Davion Mitchell,PG,Toronto Raptors,Denver Nuggets,24,8,-0.178,0.822,1.487,1,0.861,1.237
2025,Davion Mitchell,PG,Toronto Raptors,Indiana Pacers,24,6,-0.178,1.379,1.501,1.557,0.792,1.217
2025,Davion Mitchell,PG,Toronto Raptors,Los Angeles Lakers,24,7,-0.178,1.252,1.409,1.431,0.807,1.168
2025,Davion Mitchell,PG,Toronto Raptors,Memphis Grizzlies,24,13,-0.178,0.849,1.302,1.027,0.857,1.124
2025,Davion Mitchell,PG,Miami Heat,Houston Rockets,20,4,0.39,0.457,1.195,0.066,0.99,1.113
2025,Davion Mitchell,PG,Toronto Raptors,Golden State Warriors,24,12,-0.178,1.025,1.287,1.203,0.835,1.106
2025,Davion Mitchell,PG,Toronto Raptors,Milwaukee Bucks,24,11,-0.178,1.065,1.274,1.243,0.83,1.097
2025,Davion Mitchell,PG,Miami Heat,New York Knicks,20,5,0.39,1.105,1.088,0.715,0.898,1.012
2025,Davion Mitchell,PG,Toronto Raptors,Detroit Pistons,24,14,-0.178,1.099,1.037,1.277,0.826,0.952
2025,Davion Mitchell,PG,Miami Heat,Minnesota Timberwolves,20,10,0.39,0.2,0.908,0,1,0.945
2025,Davion Mitchell,PG,Miami Heat,Los Angeles Clippers,20,9,0.39,1.03,0.967,0.639,0.909,0.943
2025,Davion Mitchell,PG,Miami Heat,Denver Nuggets,20,8,0.39,0.822,0.915,0.432,0.937,0.924
2025,Davion Mitchell,PG,Miami Heat,Indiana Pacers,20,6,0.39,1.379,0.929,0.988,0.862,0.902
2025,Davion Mitchell,PG,Toronto Raptors,Orlando Magic,24,15,-0.178,0.182,0.856,0.36,0.947,0.893
2025,Davion Mitchell,PG,Miami Heat,Los Angeles Lakers,20,7,0.39,1.252,0.837,0.862,0.879,0.854
2025,Davion Mitchell,PG,Miami Heat,Memphis Grizzlies,20,13,0.39,0.849,0.73,0.458,0.934,0.811
2025,Davion Mitchell,PG,Miami Heat,Golden State Warriors,20,12,0.39,1.025,0.714,0.634,0.909,0.792
2025,Davion Mitchell,PG,Miami Heat,Milwaukee Bucks,20,11,0.39,1.065,0.702,0.674,0.904,0.783
2025,Davion Mitchell,PG,Toronto Raptors,Sacramento Kings,24,17,-0.178,0.871,0.73,1.05,0.854,0.78
2025,Davion Mitchell,PG,Toronto Raptors,Atlanta Hawks,24,16,-0.178,1.258,0.698,1.436,0.806,0.741
2025,Davion Mitchell,PG,Toronto Raptors,Miami Heat,24,20,-0.178,0.39,0.572,0.569,0.918,0.711
2025,Davion Mitchell,PG,Toronto Raptors,Chicago Bulls,24,18,-0.178,0.694,0.576,0.873,0.877,0.697
2025,Davion Mitchell,PG,Toronto Raptors,Dallas Mavericks,24,19,-0.178,1.413,0.547,1.591,0.788,0.643
2025,Davion Mitchell,PG,Miami Heat,Detroit Pistons,20,14,0.39,1.099,0.464,0.708,0.899,0.638
2025,Davion Mitchell,PG,Miami Heat,Orlando Magic,20,15,0.39,0.182,0.284,0,1,0.57
2025,Davion Mitchell,PG,Toronto Raptors,Portland Trail Blazers,24,22,-0.178,0.141,0.281,0.319,0.953,0.55
2025,Davion Mitchell,PG,Toronto Raptors,Phoenix Suns,24,21,-0.178,0.387,0.277,0.565,0.919,0.534
2025,Davion Mitchell,PG,Miami Heat,Sacramento Kings,20,17,0.39,0.871,0.157,0.481,0.93,0.467
2025,Davion Mitchell,PG,Toronto Raptors,San Antonio Spurs,24,23,-0.178,0.766,0.184,0.945,0.868,0.457
2025,Davion Mitchell,PG,Miami Heat,Atlanta Hawks,20,16,0.39,1.258,0.125,0.867,0.878,0.426
2025,Davion Mitchell,PG,Miami Heat,Chicago Bulls,20,18,0.39,0.694,0.004,0.304,0.955,0.384
2025,Day'Ron Sharpe,C,Brooklyn Nets,Oklahoma City Thunder,25,1,0.149,1.018,2.966,0.869,0.878,2.13
2025,Day'Ron Sharpe,C,Brooklyn Nets,Cleveland Cavaliers,25,2,0.149,0.96,2.635,0.811,0.885,1.935
2025,Day'Ron Sharpe,C,Brooklyn Nets,Boston Celtics,25,3,0.149,0.929,2.536,0.78,0.89,1.877
2025,Day'Ron Sharpe,C,Brooklyn Nets,Houston Rockets,25,4,0.149,0.807,2.052,0.659,0.906,1.594
2025,Day'Ron Sharpe,C,Brooklyn Nets,New York Knicks,25,5,0.149,1.332,1.945,1.184,0.837,1.502
2025,Day'Ron Sharpe,C,Brooklyn Nets,Indiana Pacers,25,6,0.149,0.754,1.786,0.606,0.913,1.437
2025,Day'Ron Sharpe,C,Brooklyn Nets,Los Angeles Clippers,25,9,0.149,1.266,1.824,1.117,0.846,1.433
2025,Day'Ron Sharpe,C,Brooklyn Nets,Minnesota Timberwolves,25,10,0.149,1.008,1.765,0.859,0.879,1.411
2025,Day'Ron Sharpe,C,Brooklyn Nets,Denver Nuggets,25,8,0.149,1.827,1.772,1.678,0.777,1.374
2025,Day'Ron Sharpe,C,Brooklyn Nets,Golden State Warriors,25,12,0.149,-0.087,1.572,0,1,1.343
2025,Day'Ron Sharpe,C,Brooklyn Nets,Los Angeles Lakers,25,7,0.149,1.908,1.694,1.759,0.768,1.324
2025,Day'Ron Sharpe,C,Brooklyn Nets,Memphis Grizzlies,25,13,0.149,0.773,1.587,0.624,0.911,1.317
2025,Day'Ron Sharpe,C,Brooklyn Nets,Milwaukee Bucks,25,11,0.149,0.498,1.559,0.35,0.949,1.315
2025,Day'Ron Sharpe,C,Brooklyn Nets,Detroit Pistons,25,14,0.149,0.988,1.322,0.839,0.882,1.146
2025,Day'Ron Sharpe,C,Brooklyn Nets,Orlando Magic,25,15,0.149,0.455,1.141,0.306,0.955,1.067
2025,Day'Ron Sharpe,C,Brooklyn Nets,Atlanta Hawks,25,16,0.149,0.616,0.983,0.467,0.932,0.963
2025,Day'Ron Sharpe,C,Brooklyn Nets,Sacramento Kings,25,17,0.149,1.198,1.015,1.049,0.854,0.951
2025,Day'Ron Sharpe,C,Brooklyn Nets,Miami Heat,25,20,0.149,0.612,0.857,0.464,0.933,0.887
2025,Day'Ron Sharpe,C,Brooklyn Nets,Chicago Bulls,25,18,0.149,0.827,0.861,0.678,0.903,0.878
2025,Day'Ron Sharpe,C,Brooklyn Nets,Dallas Mavericks,25,19,0.149,1.114,0.831,0.965,0.865,0.845
2025,Day'Ron Sharpe,C,Brooklyn Nets,Phoenix Suns,25,21,0.149,0.34,0.562,0.191,0.972,0.726
2025,Day'Ron Sharpe,C,Brooklyn Nets,Portland Trail Blazers,25,22,0.149,0.7,0.566,0.552,0.921,0.708
2025,Day'Ron Sharpe,C,Brooklyn Nets,San Antonio Spurs,25,23,0.149,2.35,0.468,2.201,0.719,0.569
2025,Day'Ron Sharpe,C,Brooklyn Nets,Toronto Raptors,25,24,0.149,0.899,0.285,0.75,0.894,0.528
2025,De'Aaron Fox,PG,San Antonio Spurs,Oklahoma City Thunder,23,1,0.766,1.646,2.497,0.88,0.876,1.849
2025,De'Aaron Fox,PG,San Antonio Spurs,Cleveland Cavaliers,23,2,0.766,0.908,2.166,0.142,0.979,1.691
2025,De'Aaron Fox,PG,San Antonio Spurs,Boston Celtics,23,3,0.766,0.432,2.068,0,1,1.641
2025,De'Aaron Fox,PG,Sacramento Kings,Oklahoma City Thunder,17,1,0.871,1.646,1.951,0.775,0.89,1.527
2025,De'Aaron Fox,PG,Sacramento Kings,Cleveland Cavaliers,17,2,0.871,0.908,1.62,0.037,0.995,1.37
2025,De'Aaron Fox,PG,San Antonio Spurs,Houston Rockets,23,4,0.766,0.457,1.584,0,1,1.35
2025,De'Aaron Fox,PG,Sacramento Kings,Boston Celtics,17,3,0.871,0.432,1.521,0,1,1.313
2025,De'Aaron Fox,PG,San Antonio Spurs,New York Knicks,23,5,0.766,1.105,1.477,0.339,0.95,1.266
2025,De'Aaron Fox,PG,San Antonio Spurs,Los Angeles Clippers,23,9,0.766,1.03,1.355,0.263,0.961,1.198
2025,De'Aaron Fox,PG,San Antonio Spurs,Denver Nuggets,23,8,0.766,0.822,1.304,0.056,0.992,1.179
2025,De'Aaron Fox,PG,San Antonio Spurs,Minnesota Timberwolves,23,10,0.766,0.2,1.297,0,1,1.178
2025,De'Aaron Fox,PG,San Antonio Spurs,Indiana Pacers,23,6,0.766,1.379,1.318,0.612,0.912,1.156
2025,De'Aaron Fox,PG,San Antonio Spurs,Los Angeles Lakers,23,7,0.766,1.252,1.226,0.486,0.93,1.107
2025,De'Aaron Fox,PG,San Antonio Spurs,Memphis Grizzlies,23,13,0.766,0.849,1.119,0.082,0.988,1.066
2025,De'Aaron Fox,PG,San Antonio Spurs,Golden State Warriors,23,12,0.766,1.025,1.103,0.258,0.962,1.047
2025,De'Aaron Fox,PG,San Antonio Spurs,Milwaukee Bucks,23,11,0.766,1.065,1.091,0.298,0.956,1.037
2025,De'Aaron Fox,PG,Sacramento Kings,Houston Rockets,17,4,0.871,0.457,1.038,0,1,1.023
2025,De'Aaron Fox,PG,Sacramento Kings,New York Knicks,17,5,0.871,1.105,0.93,0.234,0.966,0.944
2025,De'Aaron Fox,PG,San Antonio Spurs,Detroit Pistons,23,14,0.766,1.099,0.853,0.332,0.951,0.893
2025,De'Aaron Fox,PG,Sacramento Kings,Los Angeles Clippers,17,9,0.871,1.03,0.809,0.158,0.977,0.876
2025,De'Aaron Fox,PG,Sacramento Kings,Denver Nuggets,17,8,0.871,0.822,0.757,0,1,0.854
2025,De'Aaron Fox,PG,Sacramento Kings,Minnesota Timberwolves,17,10,0.871,0.2,0.75,0,1,0.85
2025,De'Aaron Fox,PG,Sacramento Kings,Indiana Pacers,17,6,0.871,1.379,0.771,0.508,0.927,0.833
2025,De'Aaron Fox,PG,San Antonio Spurs,Orlando Magic,23,15,0.766,0.182,0.673,0,1,0.804
2025,De'Aaron Fox,PG,Sacramento Kings,Los Angeles Lakers,17,7,0.871,1.252,0.68,0.381,0.944,0.785
2025,De'Aaron Fox,PG,Sacramento Kings,Memphis Grizzlies,17,13,0.871,0.849,0.573,0,1,0.744
2025,De'Aaron Fox,PG,Sacramento Kings,Golden State Warriors,17,12,0.871,1.025,0.557,0.153,0.977,0.725
2025,De'Aaron Fox,PG,San Antonio Spurs,Sacramento Kings,23,17,0.766,0.871,0.546,0.105,0.984,0.722
2025,De'Aaron Fox,PG,Sacramento Kings,Milwaukee Bucks,17,11,0.871,1.065,0.544,0.193,0.971,0.715
2025,De'Aaron Fox,PG,San Antonio Spurs,Atlanta Hawks,23,16,0.766,1.258,0.514,0.491,0.929,0.68
2025,De'Aaron Fox,PG,San Antonio Spurs,Chicago Bulls,23,18,0.766,0.694,0.393,0,1,0.636
2025,De'Aaron Fox,PG,San Antonio Spurs,Miami Heat,23,20,0.766,0.39,0.389,0,1,0.633
2025,De'Aaron Fox,PG,San Antonio Spurs,Dallas Mavericks,23,19,0.766,1.413,0.363,0.646,0.908,0.581
2025,De'Aaron Fox,PG,Sacramento Kings,Detroit Pistons,17,14,0.871,1.099,0.307,0.227,0.966,0.571
2025,De'Aaron Fox,PG,Sacramento Kings,Orlando Magic,17,15,0.871,0.182,0.127,0,1,0.476
2025,De'Aaron Fox,PG,San Antonio Spurs,Portland Trail Blazers,23,22,0.766,0.141,0.097,0,1,0.458
2025,De'Aaron Fox,PG,San Antonio Spurs,Phoenix Suns,23,21,0.766,0.387,0.093,0,1,0.456
2025,De'Andre Hunter,SF,Atlanta Hawks,Oklahoma City Thunder,16,1,0.528,0.332,1.983,0,1,1.59
2025,De'Andre Hunter,SF,Atlanta Hawks,Cleveland Cavaliers,16,2,0.528,0.475,1.652,0,1,1.391
2025,De'Andre Hunter,SF,Atlanta Hawks,Boston Celtics,16,3,0.528,1.283,1.553,0.755,0.893,1.289
2025,De'Andre Hunter,SF,Atlanta Hawks,Houston Rockets,16,4,0.528,1.573,1.07,1.045,0.855,0.984
2025,De'Andre Hunter,SF,Atlanta Hawks,New York Knicks,16,5,0.528,0.764,0.962,0.236,0.965,0.963
2025,De'Andre Hunter,SF,Atlanta Hawks,Indiana Pacers,16,6,0.528,0.534,0.803,0.006,0.999,0.882
2025,De'Andre Hunter,SF,Atlanta Hawks,Minnesota Timberwolves,16,10,0.528,-0.433,0.782,0,1,0.869
2025,De'Andre Hunter,SF,Atlanta Hawks,Los Angeles Clippers,16,9,0.528,1.392,0.841,0.864,0.878,0.856
2025,De'Andre Hunter,SF,Atlanta Hawks,Denver Nuggets,16,8,0.528,0.927,0.789,0.399,0.942,0.85
2025,De'Andre Hunter,SF,Atlanta Hawks,Los Angeles Lakers,16,7,0.528,2.119,0.712,1.591,0.788,0.742
2025,De'Andre Hunter,SF,Atlanta Hawks,Milwaukee Bucks,16,11,0.528,0.667,0.576,0.139,0.979,0.738
2025,De'Andre Hunter,SF,Atlanta Hawks,Golden State Warriors,16,12,0.528,1.484,0.589,0.956,0.866,0.7
2025,De'Andre Hunter,SF,Cleveland Cavaliers,Oklahoma City Thunder,2,1,0.445,0.332,0.331,0,1,0.599
2025,De'Andre Hunter,SF,Atlanta Hawks,Detroit Pistons,16,14,0.528,0.84,0.339,0.312,0.954,0.585
2025,De'Andre Hunter,SF,Atlanta Hawks,Orlando Magic,16,15,0.528,1.486,0.159,0.958,0.866,0.442
2025,De'Andre Hunter,SF,Atlanta Hawks,Sacramento Kings,16,17,0.528,1.064,0.032,0.536,0.923,0.388
2025,De'Anthony Melton,SG,Golden State Warriors,Oklahoma City Thunder,12,1,0.259,1.265,1.394,1.007,0.86,1.18
2025,De'Anthony Melton,SG,Golden State Warriors,Cleveland Cavaliers,12,2,0.259,1.342,1.063,1.083,0.85,0.978
2025,De'Anthony Melton,SG,Golden State Warriors,Boston Celtics,12,3,0.259,0.808,0.964,0.55,0.921,0.947
2025,De'Anthony Melton,SG,Golden State Warriors,Houston Rockets,12,4,0.259,0.724,0.481,0.466,0.933,0.661
2025,De'Anthony Melton,SG,Golden State Warriors,New York Knicks,12,5,0.259,0.807,0.373,0.548,0.921,0.592
2025,De'Anthony Melton,SG,Golden State Warriors,Indiana Pacers,12,6,0.259,0.275,0.214,0.016,0.998,0.528
2025,De'Anthony Melton,SG,Golden State Warriors,Los Angeles Clippers,12,9,0.259,1.026,0.252,0.767,0.891,0.508
2025,De'Anthony Melton,SG,Golden State Warriors,Denver Nuggets,12,8,0.259,0.812,0.2,0.553,0.92,0.488
2025,De'Anthony Melton,SG,Golden State Warriors,Minnesota Timberwolves,12,10,0.259,1.353,0.193,1.095,0.849,0.455
2025,De'Anthony Melton,SG,Golden State Warriors,Los Angeles Lakers,12,7,0.259,1.047,0.123,0.789,0.888,0.429
2025,De'Anthony Melton,SG,Golden State Warriors,Memphis Grizzlies,12,13,0.259,0.996,0.016,0.737,0.895,0.367
2025,Dean Wade,PF,Cleveland Cavaliers,Oklahoma City Thunder,2,1,-0.234,0.795,0.331,1.029,0.857,0.541
2025,Deandre Ayton,C,Portland Trail Blazers,Oklahoma City Thunder,22,1,0.7,1.018,2.4,0.317,0.954,1.821
2025,Deandre Ayton,C,Portland Trail Blazers,Cleveland Cavaliers,22,2,0.7,0.96,2.069,0.26,0.962,1.626
2025,Deandre Ayton,C,Portland Trail Blazers,Boston Celtics,22,3,0.7,0.929,1.97,0.229,0.966,1.569
2025,Deandre Ayton,C,Portland Trail Blazers,Houston Rockets,22,4,0.7,0.807,1.487,0.107,0.984,1.286
2025,Deandre Ayton,C,Portland Trail Blazers,New York Knicks,22,5,0.7,1.332,1.379,0.632,0.91,1.191
2025,Deandre Ayton,C,Portland Trail Blazers,Indiana Pacers,22,6,0.7,0.754,1.22,0.054,0.992,1.129
2025,Deandre Ayton,C,Portland Trail Blazers,Los Angeles Clippers,22,9,0.7,1.266,1.258,0.565,0.919,1.122
2025,Deandre Ayton,C,Portland Trail Blazers,Minnesota Timberwolves,22,10,0.7,1.008,1.199,0.307,0.955,1.102
2025,Deandre Ayton,C,Portland Trail Blazers,Denver Nuggets,22,8,0.7,1.827,1.206,1.127,0.844,1.062
2025,Deandre Ayton,C,Portland Trail Blazers,Los Angeles Lakers,22,7,0.7,1.908,1.129,1.208,0.834,1.011
2025,Deandre Ayton,C,Portland Trail Blazers,Memphis Grizzlies,22,13,0.7,0.773,1.022,0.073,0.989,1.009
2025,Deandre Ayton,C,Portland Trail Blazers,Golden State Warriors,22,12,0.7,-0.087,1.006,0,1,1.004
2025,Deandre Ayton,C,Portland Trail Blazers,Milwaukee Bucks,22,11,0.7,0.498,0.993,0,1,0.996
2025,Deandre Ayton,C,Portland Trail Blazers,Detroit Pistons,22,14,0.7,0.988,0.756,0.287,0.958,0.837
2025,Deandre Ayton,C,Portland Trail Blazers,Orlando Magic,22,15,0.7,0.455,0.576,0,1,0.745
2025,Deandre Ayton,C,Portland Trail Blazers,Atlanta Hawks,22,16,0.7,0.616,0.417,0,1,0.65
2025,Deandre Ayton,C,Portland Trail Blazers,Sacramento Kings,22,17,0.7,1.198,0.449,0.498,0.928,0.641
2025,Deandre Ayton,C,Portland Trail Blazers,Miami Heat,22,20,0.7,0.612,0.292,0,1,0.575
2025,Deandre Ayton,C,Portland Trail Blazers,Chicago Bulls,22,18,0.7,0.827,0.295,0.126,0.981,0.57
2025,Deandre Ayton,C,Portland Trail Blazers,Dallas Mavericks,22,19,0.7,1.114,0.266,0.414,0.94,0.535
2025,DeAndre Jordan,C,Denver Nuggets,Oklahoma City Thunder,8,1,-0.205,1.018,1.194,1.223,0.832,1.049
2025,DeAndre Jordan,C,Denver Nuggets,Cleveland Cavaliers,8,2,-0.205,0.96,0.863,1.165,0.84,0.853
2025,DeAndre Jordan,C,Denver Nuggets,Boston Celtics,8,3,-0.205,0.929,0.764,1.134,0.844,0.796
2025,DeAndre Jordan,C,Denver Nuggets,Houston Rockets,8,4,-0.205,0.807,0.28,1.013,0.859,0.512
2025,DeAndre Jordan,C,Denver Nuggets,New York Knicks,8,5,-0.205,1.332,0.173,1.538,0.794,0.421
2025,DeAndre Jordan,C,Denver Nuggets,Indiana Pacers,8,6,-0.205,0.754,0.014,0.96,0.866,0.355
2025,DeAndre Jordan,C,Denver Nuggets,Los Angeles Clippers,8,9,-0.205,1.266,0.052,1.471,0.802,0.352
2025,Dejounte Murray,PG,New Orleans Pelicans,Oklahoma City Thunder,27,1,0.702,1.646,3.302,0.944,0.868,2.328
2025,Dejounte Murray,PG,New Orleans Pelicans,Cleveland Cavaliers,27,2,0.702,0.908,2.971,0.206,0.97,2.17
2025,Dejounte Murray,PG,New Orleans Pelicans,Boston Celtics,27,3,0.702,0.432,2.872,0,1,2.123
2025,Dejounte Murray,PG,New Orleans Pelicans,Houston Rockets,27,4,0.702,0.457,2.388,0,1,1.833
2025,Dejounte Murray,PG,New Orleans Pelicans,New York Knicks,27,5,0.702,1.105,2.281,0.403,0.941,1.745
2025,Dejounte Murray,PG,New Orleans Pelicans,Los Angeles Clippers,27,9,0.702,1.03,2.16,0.328,0.952,1.677
2025,Dejounte Murray,PG,New Orleans Pelicans,Minnesota Timberwolves,27,10,0.702,0.2,2.101,0,1,1.661
2025,Dejounte Murray,PG,New Orleans Pelicans,Denver Nuggets,27,8,0.702,0.822,2.108,0.12,0.982,1.658
2025,Dejounte Murray,PG,New Orleans Pelicans,Indiana Pacers,27,6,0.702,1.379,2.122,0.677,0.903,1.635
2025,Dejounte Murray,PG,New Orleans Pelicans,Los Angeles Lakers,27,7,0.702,1.252,2.03,0.55,0.921,1.586
2025,Dejounte Murray,PG,New Orleans Pelicans,Memphis Grizzlies,27,13,0.702,0.849,1.923,0.147,0.978,1.545
2025,Dejounte Murray,PG,New Orleans Pelicans,Golden State Warriors,27,12,0.702,1.025,1.908,0.323,0.953,1.526
2025,Dejounte Murray,PG,New Orleans Pelicans,Milwaukee Bucks,27,11,0.702,1.065,1.895,0.363,0.947,1.516
2025,Dejounte Murray,PG,New Orleans Pelicans,Detroit Pistons,27,14,0.702,1.099,1.658,0.397,0.942,1.371
2025,Dejounte Murray,PG,New Orleans Pelicans,Orlando Magic,27,15,0.702,0.182,1.477,0,1,1.286
2025,Dejounte Murray,PG,New Orleans Pelicans,Sacramento Kings,27,17,0.702,0.871,1.351,0.169,0.975,1.2
2025,Dejounte Murray,PG,New Orleans Pelicans,Atlanta Hawks,27,16,0.702,1.258,1.319,0.556,0.92,1.159
2025,Dejounte Murray,PG,New Orleans Pelicans,Chicago Bulls,27,18,0.702,0.694,1.197,0,1,1.118
2025,Dejounte Murray,PG,New Orleans Pelicans,Miami Heat,27,20,0.702,0.39,1.193,0,1,1.116
2025,Dejounte Murray,PG,New Orleans Pelicans,Dallas Mavericks,27,19,0.702,1.413,1.167,0.711,0.899,1.06
2025,Dejounte Murray,PG,New Orleans Pelicans,Portland Trail Blazers,27,22,0.702,0.141,0.902,0,1,0.941
2025,Dejounte Murray,PG,New Orleans Pelicans,Phoenix Suns,27,21,0.702,0.387,0.898,0,1,0.939
2025,Dejounte Murray,PG,New Orleans Pelicans,San Antonio Spurs,27,23,0.702,0.766,0.804,0.064,0.99,0.879
2025,Dejounte Murray,PG,New Orleans Pelicans,Toronto Raptors,27,24,0.702,0.562,0.621,0,1,0.772
2025,Dejounte Murray,PG,New Orleans Pelicans,Brooklyn Nets,27,25,0.702,0.658,0.336,0,1,0.602
2025,Dejounte Murray,PG,New Orleans Pelicans,Philadelphia 76ers,27,26,0.702,1.022,0.278,0.32,0.953,0.548
2025,Delon Wright,PG,Milwaukee Bucks,Oklahoma City Thunder,11,1,-0.65,1.646,1.406,2.296,0.709,1.127
2025,Delon Wright,PG,Milwaukee Bucks,Cleveland Cavaliers,11,2,-0.65,0.908,1.075,1.558,0.792,0.962
2025,Delon Wright,PG,Milwaukee Bucks,Boston Celtics,11,3,-0.65,0.432,0.977,1.081,0.85,0.926
2025,Delon Wright,PG,New York Knicks,Oklahoma City Thunder,5,1,-0.192,1.646,1.021,1.838,0.759,0.916
2025,Delon Wright,PG,New York Knicks,Cleveland Cavaliers,5,2,-0.192,0.908,0.69,1.1,0.848,0.753
2025,Delon Wright,PG,New York Knicks,Boston Celtics,5,3,-0.192,0.432,0.591,0.624,0.911,0.719
2025,Delon Wright,PG,Milwaukee Bucks,Houston Rockets,11,4,-0.65,0.457,0.493,1.106,0.847,0.635
2025,Delon Wright,PG,Milwaukee Bucks,New York Knicks,11,5,-0.65,1.105,0.386,1.754,0.769,0.539
2025,Delon Wright,PG,Milwaukee Bucks,Minnesota Timberwolves,11,10,-0.65,0.2,0.206,0.849,0.88,0.476
2025,Delon Wright,PG,Milwaukee Bucks,Los Angeles Clippers,11,9,-0.65,1.03,0.265,1.679,0.777,0.47
2025,Delon Wright,PG,Milwaukee Bucks,Denver Nuggets,11,8,-0.65,0.822,0.213,1.472,0.802,0.449
2025,Delon Wright,PG,Milwaukee Bucks,Indiana Pacers,11,6,-0.65,1.379,0.227,2.028,0.738,0.431
2025,Delon Wright,PG,New York Knicks,Houston Rockets,5,4,-0.192,0.457,0.107,0.649,0.907,0.427
2025,Delon Wright,PG,Milwaukee Bucks,Los Angeles Lakers,11,7,-0.65,1.252,0.135,1.902,0.752,0.382
2025,Delon Wright,PG,Milwaukee Bucks,Memphis Grizzlies,11,13,-0.65,0.849,0.028,1.498,0.799,0.336
2025,Delon Wright,PG,Milwaukee Bucks,Golden State Warriors,11,12,-0.65,1.025,0.013,1.674,0.778,0.319
2025,DeMar DeRozan,SF,Sacramento Kings,Oklahoma City Thunder,17,1,1.064,0.332,1.951,0,1,1.571
2025,DeMar DeRozan,SF,Sacramento Kings,Cleveland Cavaliers,17,2,1.064,0.475,1.62,0,1,1.372
2025,DeMar DeRozan,SF,Sacramento Kings,Boston Celtics,17,3,1.064,1.283,1.521,0.22,0.968,1.3
2025,DeMar DeRozan,SF,Sacramento Kings,Houston Rockets,17,4,1.064,1.573,1.038,0.509,0.926,0.993
2025,DeMar DeRozan,SF,Sacramento Kings,New York Knicks,17,5,1.064,0.764,0.93,0,1,0.958
2025,DeMar DeRozan,SF,Sacramento Kings,Los Angeles Clippers,17,9,1.064,1.392,0.809,0.328,0.952,0.866
2025,DeMar DeRozan,SF,Sacramento Kings,Indiana Pacers,17,6,1.064,0.534,0.771,0,1,0.863
2025,DeMar DeRozan,SF,Sacramento Kings,Denver Nuggets,17,8,1.064,0.927,0.757,0,1,0.854
2025,DeMar DeRozan,SF,Sacramento Kings,Minnesota Timberwolves,17,10,1.064,-0.433,0.75,0,1,0.85
2025,DeMar DeRozan,SF,Sacramento Kings,Los Angeles Lakers,17,7,1.064,2.119,0.68,1.055,0.854,0.749
2025,DeMar DeRozan,SF,Sacramento Kings,Milwaukee Bucks,17,11,1.064,0.667,0.544,0,1,0.727
2025,DeMar DeRozan,SF,Sacramento Kings,Golden State Warriors,17,12,1.064,1.484,0.557,0.42,0.939,0.71
2025,DeMar DeRozan,SF,Sacramento Kings,Detroit Pistons,17,14,1.064,0.84,0.307,0,1,0.584
2025,DeMar DeRozan,SF,Sacramento Kings,Orlando Magic,17,15,1.064,1.486,0.127,0.422,0.939,0.451
2025,Deni Avdija,SF,Portland Trail Blazers,Oklahoma City Thunder,22,1,1.194,0.332,2.4,0,1,1.84
2025,Deni Avdija,SF,Portland Trail Blazers,Cleveland Cavaliers,22,2,1.194,0.475,2.069,0,1,1.641
2025,Deni Avdija,SF,Portland Trail Blazers,Boston Celtics,22,3,1.194,1.283,1.97,0.089,0.987,1.577
2025,Deni Avdija,SF,Portland Trail Blazers,Houston Rockets,22,4,1.194,1.573,1.487,0.379,0.945,1.27
2025,Deni Avdija,SF,Portland Trail Blazers,New York Knicks,22,5,1.194,0.764,1.379,0,1,1.228
2025,Deni Avdija,SF,Portland Trail Blazers,Los Angeles Clippers,22,9,1.194,1.392,1.258,0.198,0.971,1.143
2025,Deni Avdija,SF,Portland Trail Blazers,Indiana Pacers,22,6,1.194,0.534,1.22,0,1,1.132
2025,Deni Avdija,SF,Portland Trail Blazers,Denver Nuggets,22,8,1.194,0.927,1.206,0,1,1.124
2025,Deni Avdija,SF,Portland Trail Blazers,Minnesota Timberwolves,22,10,1.194,-0.433,1.199,0,1,1.12
2025,Deni Avdija,SF,Portland Trail Blazers,Los Angeles Lakers,22,7,1.194,2.119,1.129,0.925,0.87,1.025
2025,Deni Avdija,SF,Portland Trail Blazers,Milwaukee Bucks,22,11,1.194,0.667,0.993,0,1,0.996
2025,Deni Avdija,SF,Portland Trail Blazers,Golden State Warriors,22,12,1.194,1.484,1.006,0.29,0.957,0.987
2025,Deni Avdija,SF,Portland Trail Blazers,Detroit Pistons,22,14,1.194,0.84,0.756,0,1,0.854
2025,Deni Avdija,SF,Portland Trail Blazers,Orlando Magic,22,15,1.194,1.486,0.576,0.292,0.957,0.728
2025,Deni Avdija,SF,Portland Trail Blazers,Sacramento Kings,22,17,1.194,1.064,0.449,0,1,0.669
2025,Deni Avdija,SF,Portland Trail Blazers,Atlanta Hawks,22,16,1.194,1.882,0.417,0.688,0.902,0.611
2025,Deni Avdija,SF,Portland Trail Blazers,Miami Heat,22,20,1.194,1.143,0.292,0,1,0.575
2025,Deni Avdija,SF,Portland Trail Blazers,Chicago Bulls,22,18,1.194,1.234,0.295,0.04,0.994,0.575
2025,Deni Avdija,SF,Portland Trail Blazers,Dallas Mavericks,22,19,1.194,0.6,0.266,0,1,0.559
2025,Dennis Schröder,PG,Brooklyn Nets,Oklahoma City Thunder,25,1,0.658,1.646,2.966,0.988,0.862,2.124
2025,Dennis Schröder,PG,Brooklyn Nets,Cleveland Cavaliers,25,2,0.658,0.908,2.635,0.25,0.963,1.966
2025,Dennis Schröder,PG,Brooklyn Nets,Boston Celtics,25,3,0.658,0.432,2.536,0,1,1.922
2025,Dennis Schröder,PG,Brooklyn Nets,Houston Rockets,25,4,0.658,0.457,2.052,0,1,1.631
2025,Dennis Schröder,PG,Brooklyn Nets,New York Knicks,25,5,0.658,1.105,1.945,0.447,0.935,1.541
2025,Dennis Schröder,PG,Brooklyn Nets,Los Angeles Clippers,25,9,0.658,1.03,1.824,0.372,0.946,1.473
2025,Dennis Schröder,PG,Brooklyn Nets,Minnesota Timberwolves,25,10,0.658,0.2,1.765,0,1,1.459
2025,Dennis Schröder,PG,Brooklyn Nets,Denver Nuggets,25,8,0.658,0.822,1.772,0.164,0.976,1.454
2025,Dennis Schröder,PG,Brooklyn Nets,Indiana Pacers,25,6,0.658,1.379,1.786,0.721,0.898,1.431
2025,Dennis Schröder,PG,Brooklyn Nets,Los Angeles Lakers,25,7,0.658,1.252,1.694,0.594,0.915,1.382
2025,Dennis Schröder,PG,Brooklyn Nets,Memphis Grizzlies,25,13,0.658,0.849,1.587,0.191,0.972,1.341
2025,Dennis Schröder,PG,Brooklyn Nets,Golden State Warriors,25,12,0.658,1.025,1.572,0.367,0.946,1.322
2025,Dennis Schröder,PG,Brooklyn Nets,Milwaukee Bucks,25,11,0.658,1.065,1.559,0.407,0.941,1.312
2025,Dennis Schröder,PG,Detroit Pistons,Oklahoma City Thunder,14,1,0.125,1.646,1.644,1.521,0.796,1.305
2025,Dennis Schröder,SG,Golden State Warriors,Oklahoma City Thunder,12,1,-0.003,1.265,1.394,1.268,0.827,1.167
2025,Dennis Schröder,PG,Brooklyn Nets,Detroit Pistons,25,14,0.658,1.099,1.322,0.441,0.936,1.167
2025,Dennis Schröder,PG,Detroit Pistons,Cleveland Cavaliers,14,2,0.125,0.908,1.313,0.783,0.889,1.143
2025,Dennis Schröder,PG,Detroit Pistons,Boston Celtics,14,3,0.125,0.432,1.215,0.307,0.955,1.111
2025,Dennis Schröder,PG,Brooklyn Nets,Orlando Magic,25,15,0.658,0.182,1.141,0,1,1.085
2025,Dennis Schröder,PG,Brooklyn Nets,Sacramento Kings,25,17,0.658,0.871,1.015,0.213,0.969,0.996
2025,Dennis Schröder,SG,Golden State Warriors,Cleveland Cavaliers,12,2,-0.003,1.342,1.063,1.345,0.817,0.965
2025,Dennis Schröder,PG,Brooklyn Nets,Atlanta Hawks,25,16,0.658,1.258,0.983,0.6,0.914,0.955
2025,Dennis Schröder,SG,Golden State Warriors,Boston Celtics,12,3,-0.003,0.808,0.964,0.811,0.885,0.933
2025,Dennis Schröder,PG,Brooklyn Nets,Miami Heat,25,20,0.658,0.39,0.857,0,1,0.914
2025,Dennis Schröder,PG,Brooklyn Nets,Chicago Bulls,25,18,0.658,0.694,0.861,0.036,0.995,0.914
2025,Dennis Schröder,PG,Brooklyn Nets,Dallas Mavericks,25,19,0.658,1.413,0.831,0.755,0.893,0.856
2025,Dennis Schröder,PG,Detroit Pistons,Houston Rockets,14,4,0.125,0.457,0.731,0.332,0.951,0.819
2025,Dennis Schröder,PG,Brooklyn Nets,Portland Trail Blazers,25,22,0.658,0.141,0.566,0,1,0.739
2025,Dennis Schröder,PG,Brooklyn Nets,Phoenix Suns,25,21,0.658,0.387,0.562,0,1,0.737
2025,Dennis Schröder,PG,Detroit Pistons,New York Knicks,14,5,0.125,1.105,0.623,0.98,0.863,0.719
2025,Dennis Schröder,PG,Brooklyn Nets,San Antonio Spurs,25,23,0.658,0.766,0.468,0.108,0.984,0.675
2025,Dennis Schröder,PG,Detroit Pistons,Minnesota Timberwolves,14,10,0.125,0.2,0.443,0.075,0.989,0.662
2025,Dennis Schröder,PG,Detroit Pistons,Los Angeles Clippers,14,9,0.125,1.03,0.502,0.905,0.873,0.651
2025,Dennis Schröder,SG,Golden State Warriors,Houston Rockets,12,4,-0.003,0.724,0.481,0.727,0.897,0.647
2025,Dennis Schröder,PG,Detroit Pistons,Denver Nuggets,14,8,0.125,0.822,0.45,0.697,0.901,0.631
2025,Dennis Schröder,PG,Detroit Pistons,Indiana Pacers,14,6,0.125,1.379,0.464,1.254,0.829,0.61
2025,Dennis Schröder,SG,Golden State Warriors,New York Knicks,12,5,-0.003,0.807,0.373,0.81,0.886,0.578
2025,Dennis Schröder,PG,Brooklyn Nets,Toronto Raptors,25,24,0.658,0.562,0.285,0,1,0.571
2025,Dennis Schröder,PG,Detroit Pistons,Los Angeles Lakers,14,7,0.125,1.252,0.373,1.127,0.844,0.561
2025,Dennis Schröder,PG,Detroit Pistons,Memphis Grizzlies,14,13,0.125,0.849,0.266,0.724,0.897,0.518
2025,Dennis Schröder,SG,Golden State Warriors,Indiana Pacers,12,6,-0.003,0.275,0.214,0.278,0.959,0.512
2025,Dennis Schröder,PG,Detroit Pistons,Golden State Warriors,14,12,0.125,1.025,0.25,0.9,0.874,0.5
2025,Dennis Schröder,SG,Golden State Warriors,Los Angeles Clippers,12,9,-0.003,1.026,0.252,1.029,0.857,0.494
2025,Dennis Schröder,PG,Detroit Pistons,Milwaukee Bucks,14,11,0.125,1.065,0.237,0.94,0.869,0.49
2025,Dennis Schröder,SG,Golden State Warriors,Denver Nuggets,12,8,-0.003,0.812,0.2,0.815,0.885,0.474
2025,Dennis Schröder,SG,Golden State Warriors,Minnesota Timberwolves,12,10,-0.003,1.353,0.193,1.356,0.816,0.442
2025,Dennis Schröder,SG,Golden State Warriors,Los Angeles Lakers,12,7,-0.003,1.047,0.123,1.05,0.854,0.415
2025,Dennis Schröder,SG,Golden State Warriors,Memphis Grizzlies,12,13,-0.003,0.996,0.016,0.998,0.861,0.354
2025,Dereck Lively II,C,Dallas Mavericks,Oklahoma City Thunder,19,1,0.818,1.018,2.134,0.2,0.97,1.669
2025,Dereck Lively II,C,Dallas Mavericks,Cleveland Cavaliers,19,2,0.818,0.96,1.803,0.142,0.979,1.473
2025,Dereck Lively II,C,Dallas Mavericks,Boston Celtics,19,3,0.818,0.929,1.705,0.111,0.983,1.416
2025,Dereck Lively II,C,Dallas Mavericks,Houston Rockets,19,4,0.818,0.807,1.221,0,1,1.132
2025,Dereck Lively II,C,Dallas Mavericks,New York Knicks,19,5,0.818,1.332,1.113,0.515,0.926,1.038
2025,Dereck Lively II,C,Dallas Mavericks,Indiana Pacers,19,6,0.818,0.754,0.955,0,1,0.973
2025,Dereck Lively II,C,Dallas Mavericks,Los Angeles Clippers,19,9,0.818,1.266,0.992,0.448,0.935,0.969
2025,Dereck Lively II,C,Dallas Mavericks,Minnesota Timberwolves,19,10,0.818,1.008,0.933,0.19,0.972,0.949
2025,Dereck Lively II,C,Dallas Mavericks,Denver Nuggets,19,8,0.818,1.827,0.941,1.01,0.859,0.908
2025,Dereck Lively II,C,Dallas Mavericks,Los Angeles Lakers,19,7,0.818,1.908,0.863,1.09,0.849,0.857
2025,Dereck Lively II,C,Dallas Mavericks,Memphis Grizzlies,19,13,0.818,0.773,0.756,0,1,0.853
2025,Dereck Lively II,C,Dallas Mavericks,Golden State Warriors,19,12,0.818,-0.087,0.74,0,1,0.844
2025,Dereck Lively II,C,Dallas Mavericks,Milwaukee Bucks,19,11,0.818,0.498,0.728,0,1,0.837
2025,Dereck Lively II,C,Dallas Mavericks,Detroit Pistons,19,14,0.818,0.988,0.49,0.17,0.975,0.684
2025,Dereck Lively II,C,Dallas Mavericks,Orlando Magic,19,15,0.818,0.455,0.31,0,1,0.586
2025,Dereck Lively II,C,Dallas Mavericks,Atlanta Hawks,19,16,0.818,0.616,0.151,0,1,0.491
2025,Dereck Lively II,C,Dallas Mavericks,Sacramento Kings,19,17,0.818,1.198,0.183,0.38,0.945,0.488
2025,Dereck Lively II,C,Dallas Mavericks,Chicago Bulls,19,18,0.818,0.827,0.029,0.009,0.999,0.417
2025,Dereck Lively II,C,Dallas Mavericks,Miami Heat,19,20,0.818,0.612,0.026,0,1,0.415
2025,Derrick Jones Jr.,SF,Los Angeles Clippers,Oklahoma City Thunder,9,1,0.211,0.332,1.142,0.121,0.982,1.078
2025,Derrick Jones Jr.,SF,Los Angeles Clippers,Cleveland Cavaliers,9,2,0.211,0.475,0.811,0.264,0.961,0.871
2025,Derrick Jones Jr.,SF,Los Angeles Clippers,Boston Celtics,9,3,0.211,1.283,0.712,1.073,0.851,0.768
2025,Derrick Jones Jr.,SF,Los Angeles Clippers,Houston Rockets,9,4,0.211,1.573,0.228,1.362,0.815,0.463
2025,Derrick Jones Jr.,SF,Los Angeles Clippers,New York Knicks,9,5,0.211,0.764,0.121,0.554,0.92,0.441
2025,Derrick White,SG,Boston Celtics,Oklahoma City Thunder,3,1,0.808,1.265,0.429,0.457,0.934,0.631
2025,Derrick White,SG,Boston Celtics,Cleveland Cavaliers,3,2,0.808,1.342,0.098,0.534,0.923,0.428
2025,Desmond Bane,SG,Memphis Grizzlies,Oklahoma City Thunder,13,1,0.996,1.265,1.378,0.27,0.96,1.211
2025,Desmond Bane,SG,Memphis Grizzlies,Cleveland Cavaliers,13,2,0.996,1.342,1.047,0.346,0.949,1.008
2025,Desmond Bane,SG,Memphis Grizzlies,Boston Celtics,13,3,0.996,0.808,0.949,0,1,0.969
2025,Desmond Bane,SG,Memphis Grizzlies,Houston Rockets,13,4,0.996,0.724,0.465,0,1,0.679
2025,Desmond Bane,SG,Memphis Grizzlies,New York Knicks,13,5,0.996,0.807,0.358,0,1,0.615
2025,Desmond Bane,SG,Memphis Grizzlies,Los Angeles Clippers,13,9,0.996,1.026,0.237,0.03,0.995,0.54
2025,Desmond Bane,SG,Memphis Grizzlies,Indiana Pacers,13,6,0.996,0.275,0.199,0,1,0.519
2025,Desmond Bane,SG,Memphis Grizzlies,Denver Nuggets,13,8,0.996,0.812,0.185,0,1,0.511
2025,Desmond Bane,SG,Memphis Grizzlies,Minnesota Timberwolves,13,10,0.996,1.353,0.178,0.358,0.948,0.486
2025,Desmond Bane,SG,Memphis Grizzlies,Los Angeles Lakers,13,7,0.996,1.047,0.107,0.051,0.992,0.461
2025,Devin Booker,SG,Phoenix Suns,Oklahoma City Thunder,21,1,1.298,1.265,2.404,0,1,1.842
2025,Devin Booker,SG,Phoenix Suns,Cleveland Cavaliers,21,2,1.298,1.342,2.073,0.044,0.993,1.641
2025,Devin Booker,SG,Phoenix Suns,Boston Celtics,21,3,1.298,0.808,1.974,0,1,1.585
2025,Devin Booker,SG,Phoenix Suns,Houston Rockets,21,4,1.298,0.724,1.491,0,1,1.294
2025,Devin Booker,SG,Phoenix Suns,New York Knicks,21,5,1.298,0.807,1.383,0,1,1.23
2025,Devin Booker,SG,Phoenix Suns,Los Angeles Clippers,21,9,1.298,1.026,1.262,0,1,1.157
2025,Devin Booker,SG,Phoenix Suns,Indiana Pacers,21,6,1.298,0.275,1.224,0,1,1.135
2025,Devin Booker,SG,Phoenix Suns,Denver Nuggets,21,8,1.298,0.812,1.21,0,1,1.126
2025,Devin Booker,SG,Phoenix Suns,Minnesota Timberwolves,21,10,1.298,1.353,1.203,0.055,0.992,1.119
2025,Devin Booker,SG,Phoenix Suns,Los Angeles Lakers,21,7,1.298,1.047,1.132,0,1,1.079
2025,Devin Booker,SG,Phoenix Suns,Memphis Grizzlies,21,13,1.298,0.996,1.025,0,1,1.015
2025,Devin Booker,SG,Phoenix Suns,Golden State Warriors,21,12,1.298,0.448,1.01,0,1,1.006
2025,Devin Booker,SG,Phoenix Suns,Milwaukee Bucks,21,11,1.298,0.683,0.997,0,1,0.998
2025,Devin Booker,SG,Phoenix Suns,Detroit Pistons,21,14,1.298,2.249,0.76,0.951,0.867,0.803
2025,Devin Booker,SG,Phoenix Suns,Orlando Magic,21,15,1.298,0.142,0.58,0,1,0.748
2025,Devin Booker,SG,Phoenix Suns,Sacramento Kings,21,17,1.298,0.908,0.453,0,1,0.672
2025,Devin Booker,SG,Phoenix Suns,Atlanta Hawks,21,16,1.298,1.001,0.421,0,1,0.653
2025,Devin Booker,SG,Phoenix Suns,Chicago Bulls,21,18,1.298,0.842,0.299,0,1,0.58
2025,Devin Booker,SG,Phoenix Suns,Miami Heat,21,20,1.298,1.223,0.295,0,1,0.577
2025,Devin Booker,SG,Phoenix Suns,Dallas Mavericks,21,19,1.298,1.335,0.27,0.037,0.994,0.56
2025,Devin Booker,SG,Phoenix Suns,Portland Trail Blazers,21,22,1.298,0.782,0.004,0,1,0.402
2025,Devin Carter,PG,Sacramento Kings,Oklahoma City Thunder,17,1,-0.539,1.646,1.951,2.185,0.721,1.459
2025,Devin Carter,PG,Sacramento Kings,Cleveland Cavaliers,17,2,-0.539,0.908,1.62,1.447,0.805,1.294
2025,Devin Carter,PG,Sacramento Kings,Boston Celtics,17,3,-0.539,0.432,1.521,0.97,0.865,1.259
2025,Devin Carter,PG,Sacramento Kings,Houston Rockets,17,4,-0.539,0.457,1.038,0.995,0.861,0.967
2025,Devin Carter,PG,Sacramento Kings,New York Knicks,17,5,-0.539,1.105,0.93,1.644,0.782,0.871
2025,Devin Carter,PG,Sacramento Kings,Minnesota Timberwolves,17,10,-0.539,0.2,0.75,0.738,0.895,0.808
2025,Devin Carter,PG,Sacramento Kings,Los Angeles Clippers,17,9,-0.539,1.03,0.809,1.568,0.79,0.802
2025,Devin Carter,PG,Sacramento Kings,Denver Nuggets,17,8,-0.539,0.822,0.757,1.361,0.815,0.781
2025,Devin Carter,PG,Sacramento Kings,Indiana Pacers,17,6,-0.539,1.379,0.771,1.917,0.75,0.763
2025,Devin Carter,PG,Sacramento Kings,Los Angeles Lakers,17,7,-0.539,1.252,0.68,1.791,0.764,0.713
2025,Devin Carter,PG,Sacramento Kings,Memphis Grizzlies,17,13,-0.539,0.849,0.573,1.387,0.812,0.668
2025,Devin Carter,PG,Sacramento Kings,Golden State Warriors,17,12,-0.539,1.025,0.557,1.563,0.791,0.651
2025,Devin Carter,PG,Sacramento Kings,Milwaukee Bucks,17,11,-0.539,1.065,0.544,1.603,0.786,0.641
2025,Devin Carter,PG,Sacramento Kings,Detroit Pistons,17,14,-0.539,1.099,0.307,1.637,0.782,0.497
2025,Devin Carter,PG,Sacramento Kings,Orlando Magic,17,15,-0.539,0.182,0.127,0.721,0.898,0.435
2025,Devin Vassell,SG,San Antonio Spurs,Oklahoma City Thunder,23,1,0.668,1.265,2.497,0.598,0.914,1.864
2025,Devin Vassell,SG,San Antonio Spurs,Cleveland Cavaliers,23,2,0.668,1.342,2.166,0.674,0.904,1.661
2025,Devin Vassell,SG,San Antonio Spurs,Boston Celtics,23,3,0.668,0.808,2.068,0.14,0.979,1.632
2025,Devin Vassell,SG,San Antonio Spurs,Houston Rockets,23,4,0.668,0.724,1.584,0.056,0.992,1.347
2025,Devin Vassell,SG,San Antonio Spurs,New York Knicks,23,5,0.668,0.807,1.477,0.139,0.979,1.278
2025,Devin Vassell,SG,San Antonio Spurs,Los Angeles Clippers,23,9,0.668,1.026,1.355,0.358,0.948,1.192
2025,Devin Vassell,SG,San Antonio Spurs,Indiana Pacers,23,6,0.668,0.275,1.318,0,1,1.191
2025,Devin Vassell,SG,San Antonio Spurs,Denver Nuggets,23,8,0.668,0.812,1.304,0.144,0.979,1.174
2025,Devin Vassell,SG,San Antonio Spurs,Minnesota Timberwolves,23,10,0.668,1.353,1.297,0.686,0.902,1.139
2025,Devin Vassell,SG,San Antonio Spurs,Los Angeles Lakers,23,7,0.668,1.047,1.226,0.379,0.945,1.113
2025,Devin Vassell,SG,San Antonio Spurs,Golden State Warriors,23,12,0.668,0.448,1.103,0,1,1.062
2025,Devin Vassell,SG,San Antonio Spurs,Milwaukee Bucks,23,11,0.668,0.683,1.091,0.015,0.998,1.054
2025,Devin Vassell,SG,San Antonio Spurs,Memphis Grizzlies,23,13,0.668,0.996,1.119,0.328,0.952,1.052
2025,Devin Vassell,SG,San Antonio Spurs,Detroit Pistons,23,14,0.668,2.249,0.853,1.581,0.789,0.828
2025,Devin Vassell,SG,San Antonio Spurs,Orlando Magic,23,15,0.668,0.142,0.673,0,1,0.804
2025,Devin Vassell,SG,San Antonio Spurs,Sacramento Kings,23,17,0.668,0.908,0.546,0.241,0.965,0.714
2025,Devin Vassell,SG,San Antonio Spurs,Atlanta Hawks,23,16,0.668,1.001,0.514,0.333,0.951,0.689
2025,Devin Vassell,SG,San Antonio Spurs,Chicago Bulls,23,18,0.668,0.842,0.393,0.174,0.974,0.625
2025,Devin Vassell,SG,San Antonio Spurs,Miami Heat,23,20,0.668,1.223,0.389,0.556,0.92,0.601
2025,Devin Vassell,SG,San Antonio Spurs,Dallas Mavericks,23,19,0.668,1.335,0.363,0.668,0.905,0.58
2025,Devin Vassell,SG,San Antonio Spurs,Portland Trail Blazers,23,22,0.668,0.782,0.097,0.115,0.983,0.452
2025,Devin Vassell,SG,San Antonio Spurs,Phoenix Suns,23,21,0.668,1.298,0.093,0.63,0.91,0.42
2025,Dillon Brooks,SF,Houston Rockets,Oklahoma City Thunder,4,1,0.239,0.332,0.913,0.093,0.986,0.942
2025,Dillon Brooks,SF,Houston Rockets,Cleveland Cavaliers,4,2,0.239,0.475,0.582,0.236,0.965,0.735
2025,Dillon Brooks,SF,Houston Rockets,Boston Celtics,4,3,0.239,1.283,0.484,1.044,0.855,0.632
2025,Domantas Sabonis,C,Sacramento Kings,Oklahoma City Thunder,17,1,1.198,1.018,1.951,0,1,1.571
2025,Domantas Sabonis,C,Sacramento Kings,Cleveland Cavaliers,17,2,1.198,0.96,1.62,0,1,1.372
2025,Domantas Sabonis,C,Sacramento Kings,Boston Celtics,17,3,1.198,0.929,1.521,0,1,1.313
2025,Domantas Sabonis,C,Sacramento Kings,Houston Rockets,17,4,1.198,0.807,1.038,0,1,1.023
2025,Domantas Sabonis,C,Sacramento Kings,New York Knicks,17,5,1.198,1.332,0.93,0.134,0.98,0.95
2025,Domantas Sabonis,C,Sacramento Kings,Los Angeles Clippers,17,9,1.198,1.266,0.809,0.068,0.99,0.881
2025,Domantas Sabonis,C,Sacramento Kings,Indiana Pacers,17,6,1.198,0.754,0.771,0,1,0.863
2025,Domantas Sabonis,C,Sacramento Kings,Minnesota Timberwolves,17,10,1.198,1.008,0.75,0,1,0.85
2025,Domantas Sabonis,C,Sacramento Kings,Denver Nuggets,17,8,1.198,1.827,0.757,0.629,0.91,0.818
2025,Domantas Sabonis,C,Sacramento Kings,Los Angeles Lakers,17,7,1.198,1.908,0.68,0.71,0.899,0.767
2025,Domantas Sabonis,C,Sacramento Kings,Memphis Grizzlies,17,13,1.198,0.773,0.573,0,1,0.744
2025,Domantas Sabonis,C,Sacramento Kings,Golden State Warriors,17,12,1.198,-0.087,0.557,0,1,0.734
2025,Domantas Sabonis,C,Sacramento Kings,Milwaukee Bucks,17,11,1.198,0.498,0.544,0,1,0.727
2025,Domantas Sabonis,C,Sacramento Kings,Detroit Pistons,17,14,1.198,0.988,0.307,0,1,0.584
2025,Domantas Sabonis,C,Sacramento Kings,Orlando Magic,17,15,1.198,0.455,0.127,0,1,0.476
2025,Dominick Barlow,PF,Atlanta Hawks,Oklahoma City Thunder,16,1,-0.325,0.795,1.983,1.121,0.845,1.528
2025,Dominick Barlow,PF,Atlanta Hawks,Cleveland Cavaliers,16,2,-0.325,1.717,1.652,2.043,0.736,1.286
2025,Dominick Barlow,PF,Atlanta Hawks,Boston Celtics,16,3,-0.325,1.509,1.553,1.834,0.759,1.236
2025,Dominick Barlow,PF,Atlanta Hawks,Houston Rockets,16,4,-0.325,0.863,1.07,1.189,0.837,0.976
2025,Dominick Barlow,PF,Atlanta Hawks,New York Knicks,16,5,-0.325,0.825,0.962,1.151,0.841,0.914
2025,Dominick Barlow,PF,Atlanta Hawks,Los Angeles Clippers,16,9,-0.325,-0.25,0.841,0.076,0.989,0.9
2025,Dominick Barlow,PF,Atlanta Hawks,Denver Nuggets,16,8,-0.325,0.4,0.789,0.725,0.897,0.832
2025,Dominick Barlow,PF,Atlanta Hawks,Indiana Pacers,16,6,-0.325,0.96,0.803,1.285,0.825,0.812
2025,Dominick Barlow,PF,Atlanta Hawks,Minnesota Timberwolves,16,10,-0.325,0.731,0.782,1.057,0.853,0.811
2025,Dominick Barlow,PF,Atlanta Hawks,Los Angeles Lakers,16,7,-0.325,0.286,0.712,0.612,0.912,0.792
2025,Dominick Barlow,PF,Atlanta Hawks,Memphis Grizzlies,16,13,-0.325,0.525,0.605,0.85,0.88,0.715
2025,Dominick Barlow,PF,Atlanta Hawks,Golden State Warriors,16,12,-0.325,0.698,0.589,1.023,0.858,0.696
2025,Dominick Barlow,PF,Atlanta Hawks,Milwaukee Bucks,16,11,-0.325,2.524,0.576,2.85,0.652,0.607
2025,Dominick Barlow,PF,Atlanta Hawks,Detroit Pistons,16,14,-0.325,0.573,0.339,0.899,0.874,0.553
2025,Dominick Barlow,PF,Atlanta Hawks,Orlando Magic,16,15,-0.325,1.217,0.159,1.543,0.793,0.413
2025,Dominick Barlow,PF,Atlanta Hawks,Sacramento Kings,16,17,-0.325,0.523,0.032,0.848,0.881,0.371
2025,Donovan Clingan,C,Portland Trail Blazers,Oklahoma City Thunder,22,1,0.468,1.018,2.4,0.55,0.921,1.808
2025,Donovan Clingan,C,Portland Trail Blazers,Cleveland Cavaliers,22,2,0.468,0.96,2.069,0.492,0.929,1.613
2025,Donovan Clingan,C,Portland Trail Blazers,Boston Celtics,22,3,0.468,0.929,1.97,0.461,0.933,1.556
2025,Donovan Clingan,C,Portland Trail Blazers,Houston Rockets,22,4,0.468,0.807,1.487,0.34,0.95,1.272
2025,Donovan Clingan,C,Portland Trail Blazers,New York Knicks,22,5,0.468,1.332,1.379,0.865,0.878,1.179
2025,Donovan Clingan,C,Portland Trail Blazers,Indiana Pacers,22,6,0.468,0.754,1.22,0.287,0.958,1.115
2025,Donovan Clingan,C,Portland Trail Blazers,Los Angeles Clippers,22,9,0.468,1.266,1.258,0.798,0.887,1.11
2025,Donovan Clingan,C,Portland Trail Blazers,Minnesota Timberwolves,22,10,0.468,1.008,1.199,0.54,0.922,1.088
2025,Donovan Clingan,C,Portland Trail Blazers,Denver Nuggets,22,8,0.468,1.827,1.206,1.359,0.816,1.05
2025,Donovan Clingan,C,Portland Trail Blazers,Golden State Warriors,22,12,0.468,-0.087,1.006,0,1,1.004
2025,Donovan Clingan,C,Portland Trail Blazers,Los Angeles Lakers,22,7,0.468,1.908,1.129,1.44,0.806,0.999
2025,Donovan Clingan,C,Portland Trail Blazers,Memphis Grizzlies,22,13,0.468,0.773,1.022,0.305,0.955,0.995
2025,Donovan Clingan,C,Portland Trail Blazers,Milwaukee Bucks,22,11,0.468,0.498,0.993,0.031,0.995,0.994
2025,Donovan Clingan,C,Portland Trail Blazers,Detroit Pistons,22,14,0.468,0.988,0.756,0.52,0.925,0.824
2025,Donovan Clingan,C,Portland Trail Blazers,Orlando Magic,22,15,0.468,0.455,0.576,0,1,0.745
2025,Donovan Clingan,C,Portland Trail Blazers,Atlanta Hawks,22,16,0.468,0.616,0.417,0.148,0.978,0.641
2025,Donovan Clingan,C,Portland Trail Blazers,Sacramento Kings,22,17,0.468,1.198,0.449,0.73,0.896,0.628
2025,Donovan Clingan,C,Portland Trail Blazers,Miami Heat,22,20,0.468,0.612,0.292,0.145,0.979,0.566
2025,Donovan Clingan,C,Portland Trail Blazers,Chicago Bulls,22,18,0.468,0.827,0.295,0.359,0.948,0.556
2025,Donovan Clingan,C,Portland Trail Blazers,Dallas Mavericks,22,19,0.468,1.114,0.266,0.646,0.908,0.523
2025,Donovan Mitchell,SG,Cleveland Cavaliers,Oklahoma City Thunder,2,1,1.342,1.265,0.331,0,1,0.599
2025,Donte DiVincenzo,SG,Minnesota Timberwolves,Oklahoma City Thunder,10,1,0.47,1.265,1.201,0.795,0.888,1.075
2025,Donte DiVincenzo,SG,Minnesota Timberwolves,Cleveland Cavaliers,10,2,0.47,1.342,0.87,0.871,0.877,0.873
2025,Donte DiVincenzo,SG,Minnesota Timberwolves,Boston Celtics,10,3,0.47,0.808,0.771,0.338,0.951,0.843
2025,Donte DiVincenzo,SG,Minnesota Timberwolves,Houston Rockets,10,4,0.47,0.724,0.287,0.254,0.963,0.557
2025,Donte DiVincenzo,SG,Minnesota Timberwolves,New York Knicks,10,5,0.47,0.807,0.18,0.336,0.951,0.488
2025,Donte DiVincenzo,SG,Minnesota Timberwolves,Indiana Pacers,10,6,0.47,0.275,0.021,0,1,0.413
2025,Donte DiVincenzo,SG,Minnesota Timberwolves,Los Angeles Clippers,10,9,0.47,1.026,0.059,0.555,0.92,0.403
2025,Donte DiVincenzo,SG,Minnesota Timberwolves,Denver Nuggets,10,8,0.47,0.812,0.007,0.341,0.95,0.384
2025,Dorian Finney-Smith,PF,Brooklyn Nets,Oklahoma City Thunder,25,1,0.253,0.795,2.966,0.542,0.922,2.148
2025,Dorian Finney-Smith,PF,Brooklyn Nets,Cleveland Cavaliers,25,2,0.253,1.717,2.635,1.464,0.803,1.902
2025,Dorian Finney-Smith,PF,Brooklyn Nets,Boston Celtics,25,3,0.253,1.509,2.536,1.256,0.828,1.853
2025,Dorian Finney-Smith,PF,Brooklyn Nets,Houston Rockets,25,4,0.253,0.863,2.052,0.61,0.913,1.596
2025,Dorian Finney-Smith,PF,Brooklyn Nets,New York Knicks,25,5,0.253,0.825,1.945,0.572,0.918,1.534
2025,Dorian Finney-Smith,PF,Brooklyn Nets,Los Angeles Clippers,25,9,0.253,-0.25,1.824,0,1,1.494
2025,Dorian Finney-Smith,PF,Brooklyn Nets,Denver Nuggets,25,8,0.253,0.4,1.772,0.147,0.978,1.455
2025,Dorian Finney-Smith,PF,Brooklyn Nets,Indiana Pacers,25,6,0.253,0.96,1.786,0.706,0.899,1.431
2025,Dorian Finney-Smith,PF,Brooklyn Nets,Minnesota Timberwolves,25,10,0.253,0.731,1.765,0.478,0.931,1.431
2025,Dorian Finney-Smith,PF,Brooklyn Nets,Los Angeles Lakers,25,7,0.253,0.286,1.694,0.033,0.995,1.415
2025,Dorian Finney-Smith,PF,Brooklyn Nets,Memphis Grizzlies,25,13,0.253,0.525,1.587,0.272,0.96,1.336
2025,Dorian Finney-Smith,PF,Brooklyn Nets,Golden State Warriors,25,12,0.253,0.698,1.572,0.445,0.935,1.317
2025,Dorian Finney-Smith,PF,Brooklyn Nets,Milwaukee Bucks,25,11,0.253,2.524,1.559,2.271,0.711,1.22
2025,Dorian Finney-Smith,PF,Brooklyn Nets,Detroit Pistons,25,14,0.253,0.573,1.322,0.32,0.953,1.174
2025,Dorian Finney-Smith,PF,Los Angeles Lakers,Oklahoma City Thunder,7,1,-0.158,0.795,1.271,0.953,0.867,1.11
2025,Dorian Finney-Smith,PF,Brooklyn Nets,Orlando Magic,25,15,0.253,1.217,1.141,0.964,0.865,1.031
2025,Dorian Finney-Smith,PF,Brooklyn Nets,Sacramento Kings,25,17,0.253,0.523,1.015,0.27,0.96,0.993
2025,Dorian Finney-Smith,PF,Brooklyn Nets,Atlanta Hawks,25,16,0.253,0.235,0.983,0,1,0.99
2025,Dorian Finney-Smith,PF,Brooklyn Nets,Chicago Bulls,25,18,0.253,0.411,0.861,0.158,0.977,0.907
2025,Dorian Finney-Smith,PF,Brooklyn Nets,Miami Heat,25,20,0.253,0.861,0.857,0.608,0.913,0.879
2025,Dorian Finney-Smith,PF,Los Angeles Lakers,Cleveland Cavaliers,7,2,-0.158,1.717,0.94,1.875,0.755,0.866
2025,Dorian Finney-Smith,PF,Los Angeles Lakers,Boston Celtics,7,3,-0.158,1.509,0.842,1.667,0.779,0.817
2025,Dorian Finney-Smith,PF,Brooklyn Nets,Dallas Mavericks,25,19,0.253,1.939,0.831,1.686,0.777,0.81
2025,Dorian Finney-Smith,PF,Brooklyn Nets,Portland Trail Blazers,25,22,0.253,0.482,0.566,0.229,0.966,0.726
2025,Dorian Finney-Smith,PF,Brooklyn Nets,Phoenix Suns,25,21,0.253,1.486,0.562,1.233,0.831,0.669
2025,Dorian Finney-Smith,PF,Brooklyn Nets,San Antonio Spurs,25,23,0.253,0.484,0.468,0.231,0.966,0.667
2025,Dorian Finney-Smith,PF,Los Angeles Lakers,Houston Rockets,7,4,-0.158,0.863,0.358,1.021,0.858,0.558
2025,Dorian Finney-Smith,PF,Brooklyn Nets,Toronto Raptors,25,24,0.253,1.283,0.285,1.03,0.857,0.514
2025,Dorian Finney-Smith,PF,Los Angeles Lakers,New York Knicks,7,5,-0.158,0.825,0.251,0.983,0.863,0.496
2025,Dorian Finney-Smith,PF,Los Angeles Lakers,Los Angeles Clippers,7,9,-0.158,-0.25,0.13,0,1,0.478
2025,Dorian Finney-Smith,PF,Los Angeles Lakers,Denver Nuggets,7,8,-0.158,0.4,0.078,0.558,0.92,0.415
2025,Dorian Finney-Smith,PF,Los Angeles Lakers,Minnesota Timberwolves,7,10,-0.158,0.731,0.071,0.889,0.875,0.393
2025,Dorian Finney-Smith,PF,Los Angeles Lakers,Indiana Pacers,7,6,-0.158,0.96,0.092,1.117,0.846,0.393
2025,Doug McDermott,SF,Sacramento Kings,Oklahoma City Thunder,17,1,-0.757,0.332,1.951,1.089,0.849,1.51
2025,Doug McDermott,SF,Sacramento Kings,Cleveland Cavaliers,17,2,-0.757,0.475,1.62,1.232,0.831,1.304
2025,Doug McDermott,SF,Sacramento Kings,Boston Celtics,17,3,-0.757,1.283,1.521,2.041,0.736,1.207
2025,Doug McDermott,SF,Sacramento Kings,Houston Rockets,17,4,-0.757,1.573,1.038,2.33,0.705,0.905
2025,Doug McDermott,SF,Sacramento Kings,New York Knicks,17,5,-0.757,0.764,0.93,1.521,0.796,0.877
2025,Doug McDermott,SF,Sacramento Kings,Minnesota Timberwolves,17,10,-0.757,-0.433,0.75,0.324,0.953,0.831
2025,Doug McDermott,SF,Sacramento Kings,Indiana Pacers,17,6,-0.757,0.534,0.771,1.291,0.824,0.792
2025,Doug McDermott,SF,Sacramento Kings,Los Angeles Clippers,17,9,-0.757,1.392,0.809,2.149,0.724,0.775
2025,Doug McDermott,SF,Sacramento Kings,Denver Nuggets,17,8,-0.757,0.927,0.757,1.684,0.777,0.765
2025,Doug McDermott,SF,Sacramento Kings,Los Angeles Lakers,17,7,-0.757,2.119,0.68,2.876,0.65,0.668
2025,Doug McDermott,SF,Sacramento Kings,Milwaukee Bucks,17,11,-0.757,0.667,0.544,1.425,0.808,0.65
2025,Doug McDermott,SF,Sacramento Kings,Golden State Warriors,17,12,-0.757,1.484,0.557,2.241,0.714,0.62
2025,Doug McDermott,SF,Sacramento Kings,Detroit Pistons,17,14,-0.757,0.84,0.307,1.597,0.787,0.499
2025,Doug McDermott,SF,Sacramento Kings,Orlando Magic,17,15,-0.757,1.486,0.127,2.243,0.714,0.362
2025,Draymond Green,PF,Golden State Warriors,Oklahoma City Thunder,12,1,0.698,0.795,1.394,0.097,0.986,1.231
2025,Draymond Green,PF,Golden State Warriors,Cleveland Cavaliers,12,2,0.698,1.717,1.063,1.02,0.858,0.981
2025,Draymond Green,PF,Golden State Warriors,Boston Celtics,12,3,0.698,1.509,0.964,0.811,0.885,0.933
2025,Draymond Green,PF,Golden State Warriors,Houston Rockets,12,4,0.698,0.863,0.481,0.165,0.975,0.679
2025,Draymond Green,PF,Golden State Warriors,New York Knicks,12,5,0.698,0.825,0.373,0.128,0.981,0.616
2025,Draymond Green,PF,Golden State Warriors,Los Angeles Clippers,12,9,0.698,-0.25,0.252,0,1,0.551
2025,Draymond Green,PF,Golden State Warriors,Denver Nuggets,12,8,0.698,0.4,0.2,0,1,0.52
2025,Draymond Green,PF,Golden State Warriors,Minnesota Timberwolves,12,10,0.698,0.731,0.193,0.033,0.995,0.514
2025,Draymond Green,PF,Golden State Warriors,Indiana Pacers,12,6,0.698,0.96,0.214,0.262,0.961,0.513
2025,Draymond Green,PF,Golden State Warriors,Los Angeles Lakers,12,7,0.698,0.286,0.123,0,1,0.474
2025,Draymond Green,PF,Golden State Warriors,Memphis Grizzlies,12,13,0.698,0.525,0.016,0,1,0.409
2025,Drew Eubanks,C,Utah Jazz,Oklahoma City Thunder,30,1,-0.072,1.018,3.505,1.09,0.849,2.442
2025,Drew Eubanks,C,Utah Jazz,Cleveland Cavaliers,30,2,-0.072,0.96,3.174,1.032,0.857,2.247
2025,Drew Eubanks,C,Utah Jazz,Boston Celtics,30,3,-0.072,0.929,3.075,1.001,0.861,2.189
2025,Drew Eubanks,C,Utah Jazz,Houston Rockets,30,4,-0.072,0.807,2.591,0.879,0.876,1.905
2025,Drew Eubanks,C,Utah Jazz,New York Knicks,30,5,-0.072,1.332,2.484,1.405,0.81,1.814
2025,Drew Eubanks,C,Utah Jazz,Indiana Pacers,30,6,-0.072,0.754,2.325,0.827,0.883,1.748
2025,Drew Eubanks,C,Utah Jazz,Los Angeles Clippers,30,9,-0.072,1.266,2.363,1.338,0.818,1.745
2025,Drew Eubanks,C,Utah Jazz,Minnesota Timberwolves,30,10,-0.072,1.008,2.304,1.08,0.85,1.723
2025,Drew Eubanks,C,Utah Jazz,Denver Nuggets,30,8,-0.072,1.827,2.311,1.899,0.752,1.688
2025,Drew Eubanks,C,Utah Jazz,Golden State Warriors,30,12,-0.072,-0.087,2.111,0,1,1.666
2025,Drew Eubanks,C,Utah Jazz,Los Angeles Lakers,30,7,-0.072,1.908,2.233,1.98,0.743,1.637
2025,Drew Eubanks,C,Utah Jazz,Memphis Grizzlies,30,13,-0.072,0.773,2.126,0.845,0.881,1.628
2025,Drew Eubanks,C,Utah Jazz,Milwaukee Bucks,30,11,-0.072,0.498,2.098,0.57,0.918,1.626
2025,Drew Eubanks,C,Utah Jazz,Detroit Pistons,30,14,-0.072,0.988,1.861,1.06,0.853,1.458
2025,Drew Eubanks,C,Utah Jazz,Orlando Magic,30,15,-0.072,0.455,1.68,0.527,0.924,1.378
2025,Drew Eubanks,C,Utah Jazz,Atlanta Hawks,30,16,-0.072,0.616,1.522,0.688,0.902,1.274
2025,Drew Eubanks,C,Utah Jazz,Sacramento Kings,30,17,-0.072,1.198,1.554,1.27,0.827,1.263
2025,Drew Eubanks,C,Utah Jazz,Miami Heat,30,20,-0.072,0.612,1.396,0.685,0.902,1.199
2025,Drew Eubanks,C,Utah Jazz,Chicago Bulls,30,18,-0.072,0.827,1.4,0.899,0.874,1.19
2025,Drew Eubanks,C,Utah Jazz,Dallas Mavericks,30,19,-0.072,1.114,1.371,1.186,0.837,1.157
2025,Drew Eubanks,C,Utah Jazz,Phoenix Suns,30,21,-0.072,0.34,1.101,0.412,0.94,1.036
2025,Drew Eubanks,C,Utah Jazz,Portland Trail Blazers,30,22,-0.072,0.7,1.105,0.772,0.891,1.019
2025,Drew Eubanks,C,Los Angeles Clippers,Oklahoma City Thunder,9,1,-0.711,1.018,1.142,1.728,0.772,0.994
2025,Drew Eubanks,C,Utah Jazz,San Antonio Spurs,30,23,-0.072,2.35,1.007,2.422,0.695,0.883
2025,Drew Eubanks,C,Utah Jazz,Toronto Raptors,30,24,-0.072,0.899,0.824,0.971,0.864,0.84
2025,Drew Eubanks,C,Los Angeles Clippers,Cleveland Cavaliers,9,2,-0.711,0.96,0.811,1.67,0.778,0.798
2025,Drew Eubanks,C,Los Angeles Clippers,Boston Celtics,9,3,-0.711,0.929,0.712,1.64,0.782,0.74
2025,Drew Eubanks,C,Utah Jazz,Brooklyn Nets,30,25,-0.072,0.443,0.539,0.515,0.926,0.694
2025,Drew Eubanks,C,Utah Jazz,Philadelphia 76ers,30,26,-0.072,0.849,0.481,0.921,0.871,0.637
2025,Drew Eubanks,C,Utah Jazz,New Orleans Pelicans,30,27,-0.072,0.363,0.203,0.435,0.937,0.497
2025,Drew Eubanks,C,Los Angeles Clippers,Houston Rockets,9,4,-0.711,0.807,0.228,1.518,0.796,0.456
2025,Drew Eubanks,C,Utah Jazz,Charlotte Hornets,30,28,-0.072,1.081,0.156,1.153,0.841,0.43
2025,Drew Eubanks,C,Los Angeles Clippers,New York Knicks,9,5,-0.711,1.332,0.121,2.043,0.736,0.367
2025,Drew Peterson,PF,Boston Celtics,Oklahoma City Thunder,3,1,-0.761,0.795,0.429,1.556,0.792,0.574
2025,Drew Peterson,PF,Boston Celtics,Cleveland Cavaliers,3,2,-0.761,1.717,0.098,2.478,0.69,0.335
2025,Drew Timme,PF,Brooklyn Nets,Oklahoma City Thunder,25,1,0.074,0.795,2.966,0.721,0.897,2.138
2025,Drew Timme,PF,Brooklyn Nets,Cleveland Cavaliers,25,2,0.074,1.717,2.635,1.644,0.781,1.893
2025,Drew Timme,PF,Brooklyn Nets,Boston Celtics,25,3,0.074,1.509,2.536,1.435,0.806,1.844
2025,Drew Timme,PF,Brooklyn Nets,Houston Rockets,25,4,0.074,0.863,2.052,0.79,0.888,1.587
2025,Drew Timme,PF,Brooklyn Nets,New York Knicks,25,5,0.074,0.825,1.945,0.752,0.893,1.524
2025,Drew Timme,PF,Brooklyn Nets,Los Angeles Clippers,25,9,0.074,-0.25,1.824,0,1,1.494
2025,Drew Timme,PF,Brooklyn Nets,Denver Nuggets,25,8,0.074,0.4,1.772,0.326,0.952,1.444
2025,Drew Timme,PF,Brooklyn Nets,Indiana Pacers,25,6,0.074,0.96,1.786,0.886,0.876,1.422
2025,Drew Timme,PF,Brooklyn Nets,Minnesota Timberwolves,25,10,0.074,0.731,1.765,0.658,0.906,1.421
2025,Drew Timme,PF,Brooklyn Nets,Los Angeles Lakers,25,7,0.074,0.286,1.694,0.213,0.969,1.404
2025,Drew Timme,PF,Brooklyn Nets,Memphis Grizzlies,25,13,0.074,0.525,1.587,0.451,0.935,1.326
2025,Drew Timme,PF,Brooklyn Nets,Golden State Warriors,25,12,0.074,0.698,1.572,0.624,0.911,1.307
2025,Drew Timme,PF,Brooklyn Nets,Milwaukee Bucks,25,11,0.074,2.524,1.559,2.45,0.692,1.212
2025,Drew Timme,PF,Brooklyn Nets,Detroit Pistons,25,14,0.074,0.573,1.322,0.5,0.928,1.164
2025,Drew Timme,PF,Brooklyn Nets,Orlando Magic,25,15,0.074,1.217,1.141,1.144,0.842,1.022
2025,Drew Timme,PF,Brooklyn Nets,Sacramento Kings,25,17,0.074,0.523,1.015,0.449,0.935,0.983
2025,Drew Timme,PF,Brooklyn Nets,Atlanta Hawks,25,16,0.074,0.235,0.983,0.161,0.976,0.98
2025,Drew Timme,PF,Brooklyn Nets,Chicago Bulls,25,18,0.074,0.411,0.861,0.337,0.951,0.897
2025,Drew Timme,PF,Brooklyn Nets,Miami Heat,25,20,0.074,0.861,0.857,0.788,0.889,0.87
2025,Drew Timme,PF,Brooklyn Nets,Dallas Mavericks,25,19,0.074,1.939,0.831,1.865,0.756,0.801
2025,Drew Timme,PF,Brooklyn Nets,Portland Trail Blazers,25,22,0.074,0.482,0.566,0.408,0.941,0.716
2025,Drew Timme,PF,Brooklyn Nets,Phoenix Suns,25,21,0.074,1.486,0.562,1.413,0.809,0.661
2025,Drew Timme,PF,Brooklyn Nets,San Antonio Spurs,25,23,0.074,0.484,0.468,0.41,0.94,0.657
2025,Drew Timme,PF,Brooklyn Nets,Toronto Raptors,25,24,0.074,1.283,0.285,1.209,0.834,0.504
2025,Dru Smith,SG,Miami Heat,Oklahoma City Thunder,20,1,0.258,1.265,2.108,1.008,0.86,1.609
2025,Dru Smith,SG,Miami Heat,Cleveland Cavaliers,20,2,0.258,1.342,1.777,1.084,0.85,1.406
2025,Dru Smith,SG,Miami Heat,Boston Celtics,20,3,0.258,0.808,1.679,0.55,0.921,1.376
2025,Dru Smith,SG,Miami Heat,Houston Rockets,20,4,0.258,0.724,1.195,0.466,0.932,1.09
2025,Dru Smith,SG,Miami Heat,New York Knicks,20,5,0.258,0.807,1.088,0.549,0.921,1.021
2025,Dru Smith,SG,Miami Heat,Indiana Pacers,20,6,0.258,0.275,0.929,0.017,0.997,0.956
2025,Dru Smith,SG,Miami Heat,Los Angeles Clippers,20,9,0.258,1.026,0.967,0.768,0.891,0.936
2025,Dru Smith,SG,Miami Heat,Denver Nuggets,20,8,0.258,0.812,0.915,0.554,0.92,0.917
2025,Dru Smith,SG,Miami Heat,Minnesota Timberwolves,20,10,0.258,1.353,0.908,1.096,0.848,0.884
2025,Dru Smith,SG,Miami Heat,Los Angeles Lakers,20,7,0.258,1.047,0.837,0.789,0.888,0.858
2025,Dru Smith,SG,Miami Heat,Golden State Warriors,20,12,0.258,0.448,0.714,0.19,0.972,0.817
2025,Dru Smith,SG,Miami Heat,Memphis Grizzlies,20,13,0.258,0.996,0.73,0.738,0.895,0.796
2025,Dru Smith,SG,Miami Heat,Milwaukee Bucks,20,11,0.258,0.683,0.702,0.425,0.938,0.796
2025,Dru Smith,SG,Miami Heat,Detroit Pistons,20,14,0.258,2.249,0.464,1.991,0.742,0.575
2025,Dru Smith,SG,Miami Heat,Orlando Magic,20,15,0.258,0.142,0.284,0,1,0.57
2025,Dru Smith,SG,Miami Heat,Sacramento Kings,20,17,0.258,0.908,0.157,0.65,0.907,0.457
2025,Dru Smith,SG,Miami Heat,Atlanta Hawks,20,16,0.258,1.001,0.125,0.743,0.895,0.433
2025,Dru Smith,SG,Miami Heat,Chicago Bulls,20,18,0.258,0.842,0.004,0.584,0.916,0.369
2025,Duncan Robinson,SF,Miami Heat,Oklahoma City Thunder,20,1,0.041,0.332,2.108,0.291,0.957,1.648
2025,Duncan Robinson,SF,Miami Heat,Cleveland Cavaliers,20,2,0.041,0.475,1.777,0.434,0.937,1.441
2025,Duncan Robinson,SF,Miami Heat,Boston Celtics,20,3,0.041,1.283,1.679,1.242,0.83,1.339
2025,Duncan Robinson,SF,Miami Heat,Houston Rockets,20,4,0.041,1.573,1.195,1.532,0.795,1.035
2025,Duncan Robinson,SF,Miami Heat,New York Knicks,20,5,0.041,0.764,1.088,0.723,0.897,1.011
2025,Duncan Robinson,SF,Miami Heat,Minnesota Timberwolves,20,10,0.041,-0.433,0.908,0,1,0.945
2025,Duncan Robinson,SF,Miami Heat,Indiana Pacers,20,6,0.041,0.534,0.929,0.493,0.929,0.929
2025,Duncan Robinson,SF,Miami Heat,Los Angeles Clippers,20,9,0.041,1.392,0.967,1.351,0.817,0.907
2025,Duncan Robinson,SF,Miami Heat,Denver Nuggets,20,8,0.041,0.927,0.915,0.886,0.876,0.899
2025,Duncan Robinson,SF,Miami Heat,Los Angeles Lakers,20,7,0.041,2.119,0.837,2.078,0.732,0.795
2025,Duncan Robinson,SF,Miami Heat,Milwaukee Bucks,20,11,0.041,0.667,0.702,0.626,0.91,0.785
2025,Duncan Robinson,SF,Miami Heat,Golden State Warriors,20,12,0.041,1.484,0.714,1.443,0.805,0.751
2025,Duncan Robinson,SF,Miami Heat,Detroit Pistons,20,14,0.041,0.84,0.464,0.799,0.887,0.633
2025,Duncan Robinson,SF,Miami Heat,Orlando Magic,20,15,0.041,1.486,0.284,1.445,0.805,0.492
2025,Duncan Robinson,SF,Miami Heat,Sacramento Kings,20,17,0.041,1.064,0.157,1.023,0.858,0.438
2025,Duncan Robinson,SF,Miami Heat,Atlanta Hawks,20,16,0.041,1.882,0.125,1.841,0.759,0.379
2025,Duncan Robinson,SF,Miami Heat,Chicago Bulls,20,18,0.041,1.234,0.004,1.193,0.836,0.337
2025,Duop Reath,C,Portland Trail Blazers,Oklahoma City Thunder,22,1,-0.781,1.018,2.4,1.799,0.764,1.745
2025,Duop Reath,C,Portland Trail Blazers,Cleveland Cavaliers,22,2,-0.781,0.96,2.069,1.741,0.77,1.549
2025,Duop Reath,C,Portland Trail Blazers,Boston Celtics,22,3,-0.781,0.929,1.97,1.71,0.774,1.492
2025,Duop Reath,C,Portland Trail Blazers,Houston Rockets,22,4,-0.781,0.807,1.487,1.588,0.788,1.207
2025,Duop Reath,C,Portland Trail Blazers,New York Knicks,22,5,-0.781,1.332,1.379,2.113,0.728,1.119
2025,Duop Reath,C,Portland Trail Blazers,Indiana Pacers,22,6,-0.781,0.754,1.22,1.535,0.794,1.05
2025,Duop Reath,C,Portland Trail Blazers,Los Angeles Clippers,22,9,-0.781,1.266,1.258,2.047,0.736,1.049
2025,Duop Reath,C,Portland Trail Blazers,Minnesota Timberwolves,22,10,-0.781,1.008,1.199,1.789,0.765,1.025
2025,Duop Reath,C,Portland Trail Blazers,Denver Nuggets,22,8,-0.781,1.827,1.206,2.608,0.676,0.994
2025,Duop Reath,C,Portland Trail Blazers,Golden State Warriors,22,12,-0.781,-0.087,1.006,0.694,0.901,0.964
2025,Duop Reath,C,Portland Trail Blazers,Los Angeles Lakers,22,7,-0.781,1.908,1.129,2.689,0.668,0.944
2025,Duop Reath,C,Portland Trail Blazers,Memphis Grizzlies,22,13,-0.781,0.773,1.022,1.554,0.792,0.93
2025,Duop Reath,C,Portland Trail Blazers,Milwaukee Bucks,22,11,-0.781,0.498,0.993,1.279,0.825,0.926
2025,Duop Reath,C,Portland Trail Blazers,Detroit Pistons,22,14,-0.781,0.988,0.756,1.768,0.767,0.76
2025,Duop Reath,C,Portland Trail Blazers,Orlando Magic,22,15,-0.781,0.455,0.576,1.236,0.831,0.678
2025,Duop Reath,C,Portland Trail Blazers,Atlanta Hawks,22,16,-0.781,0.616,0.417,1.397,0.811,0.575
2025,Duop Reath,C,Portland Trail Blazers,Sacramento Kings,22,17,-0.781,1.198,0.449,1.979,0.743,0.567
2025,Duop Reath,C,Portland Trail Blazers,Miami Heat,22,20,-0.781,0.612,0.292,1.393,0.811,0.499
2025,Duop Reath,C,Portland Trail Blazers,Chicago Bulls,22,18,-0.781,0.827,0.295,1.608,0.786,0.491
2025,Duop Reath,C,Portland Trail Blazers,Dallas Mavericks,22,19,-0.781,1.114,0.266,1.895,0.753,0.461
2025,Dwight Powell,C,Dallas Mavericks,Oklahoma City Thunder,19,1,-0.551,1.018,2.134,1.569,0.79,1.597
2025,Dwight Powell,C,Dallas Mavericks,Cleveland Cavaliers,19,2,-0.551,0.96,1.803,1.511,0.797,1.401
2025,Dwight Powell,C,Dallas Mavericks,Boston Celtics,19,3,-0.551,0.929,1.705,1.48,0.801,1.343
2025,Dwight Powell,C,Dallas Mavericks,Houston Rockets,19,4,-0.551,0.807,1.221,1.358,0.816,1.059
2025,Dwight Powell,C,Dallas Mavericks,New York Knicks,19,5,-0.551,1.332,1.113,1.883,0.754,0.97
2025,Dwight Powell,C,Dallas Mavericks,Indiana Pacers,19,6,-0.551,0.754,0.955,1.305,0.822,0.902
2025,Dwight Powell,C,Dallas Mavericks,Los Angeles Clippers,19,9,-0.551,1.266,0.992,1.817,0.761,0.9
2025,Dwight Powell,C,Dallas Mavericks,Minnesota Timberwolves,19,10,-0.551,1.008,0.933,1.559,0.792,0.877
2025,Dwight Powell,C,Dallas Mavericks,Denver Nuggets,19,8,-0.551,1.827,0.941,2.378,0.7,0.844
2025,Dwight Powell,C,Dallas Mavericks,Golden State Warriors,19,12,-0.551,-0.087,0.74,0.464,0.933,0.817
2025,Dwight Powell,C,Dallas Mavericks,Los Angeles Lakers,19,7,-0.551,1.908,0.863,2.459,0.692,0.794
2025,Dwight Powell,C,Dallas Mavericks,Memphis Grizzlies,19,13,-0.551,0.773,0.756,1.324,0.82,0.781
2025,Dwight Powell,C,Dallas Mavericks,Milwaukee Bucks,19,11,-0.551,0.498,0.728,1.049,0.854,0.778
2025,Dwight Powell,C,Dallas Mavericks,Detroit Pistons,19,14,-0.551,0.988,0.49,1.538,0.794,0.612
2025,Dwight Powell,C,Dallas Mavericks,Orlando Magic,19,15,-0.551,0.455,0.31,1.006,0.86,0.53
2025,Dwight Powell,C,Dallas Mavericks,Atlanta Hawks,19,16,-0.551,0.616,0.151,1.167,0.839,0.426
2025,Dwight Powell,C,Dallas Mavericks,Sacramento Kings,19,17,-0.551,1.198,0.183,1.749,0.769,0.418
2025,Dwight Powell,C,Dallas Mavericks,Miami Heat,19,20,-0.551,0.612,0.026,1.163,0.84,0.351
2025,Dwight Powell,C,Dallas Mavericks,Chicago Bulls,19,18,-0.551,0.827,0.029,1.378,0.813,0.343
2025,Dyson Daniels,SG,Atlanta Hawks,Oklahoma City Thunder,16,1,1.001,1.265,1.983,0.264,0.961,1.574
2025,Dyson Daniels,SG,Atlanta Hawks,Cleveland Cavaliers,16,2,1.001,1.342,1.652,0.341,0.95,1.371
2025,Dyson Daniels,SG,Atlanta Hawks,Boston Celtics,16,3,1.001,0.808,1.553,0,1,1.332
2025,Dyson Daniels,SG,Atlanta Hawks,Houston Rockets,16,4,1.001,0.724,1.07,0,1,1.042
2025,Dyson Daniels,SG,Atlanta Hawks,New York Knicks,16,5,1.001,0.807,0.962,0,1,0.977
2025,Dyson Daniels,SG,Atlanta Hawks,Los Angeles Clippers,16,9,1.001,1.026,0.841,0.025,0.996,0.903
2025,Dyson Daniels,SG,Atlanta Hawks,Indiana Pacers,16,6,1.001,0.275,0.803,0,1,0.882
2025,Dyson Daniels,SG,Atlanta Hawks,Denver Nuggets,16,8,1.001,0.812,0.789,0,1,0.874
2025,Dyson Daniels,SG,Atlanta Hawks,Minnesota Timberwolves,16,10,1.001,1.353,0.782,0.352,0.949,0.849
2025,Dyson Daniels,SG,Atlanta Hawks,Los Angeles Lakers,16,7,1.001,1.047,0.712,0.046,0.993,0.824
2025,Dyson Daniels,SG,Atlanta Hawks,Memphis Grizzlies,16,13,1.001,0.996,0.605,0,1,0.763
2025,Dyson Daniels,SG,Atlanta Hawks,Golden State Warriors,16,12,1.001,0.448,0.589,0,1,0.753
2025,Dyson Daniels,SG,Atlanta Hawks,Milwaukee Bucks,16,11,1.001,0.683,0.576,0,1,0.746
2025,Dyson Daniels,SG,Atlanta Hawks,Detroit Pistons,16,14,1.001,2.249,0.339,1.248,0.829,0.535
2025,Dyson Daniels,SG,Atlanta Hawks,Orlando Magic,16,15,1.001,0.142,0.159,0,1,0.495
2025,Dyson Daniels,SG,Atlanta Hawks,Sacramento Kings,16,17,1.001,0.908,0.032,0,1,0.419
2025,E.J. Liddell,PF,Chicago Bulls,Oklahoma City Thunder,18,1,-0.79,0.795,2.105,1.585,0.788,1.578
2025,E.J. Liddell,PF,Chicago Bulls,Cleveland Cavaliers,18,2,-0.79,1.717,1.774,2.507,0.687,1.339
2025,E.J. Liddell,PF,Chicago Bulls,Boston Celtics,18,3,-0.79,1.509,1.675,2.298,0.708,1.288
2025,E.J. Liddell,PF,Chicago Bulls,Houston Rockets,18,4,-0.79,0.863,1.191,1.653,0.78,1.027
2025,E.J. Liddell,PF,Chicago Bulls,New York Knicks,18,5,-0.79,0.825,1.084,1.615,0.785,0.964
2025,E.J. Liddell,PF,Chicago Bulls,Los Angeles Clippers,18,9,-0.79,-0.25,0.963,0.54,0.922,0.947
2025,E.J. Liddell,PF,Chicago Bulls,Denver Nuggets,18,8,-0.79,0.4,0.911,1.19,0.837,0.881
2025,E.J. Liddell,PF,Chicago Bulls,Indiana Pacers,18,6,-0.79,0.96,0.925,1.749,0.769,0.863
2025,E.J. Liddell,PF,Chicago Bulls,Minnesota Timberwolves,18,10,-0.79,0.731,0.904,1.521,0.796,0.861
2025,E.J. Liddell,PF,Chicago Bulls,Los Angeles Lakers,18,7,-0.79,0.286,0.833,1.076,0.851,0.84
2025,E.J. Liddell,PF,Chicago Bulls,Memphis Grizzlies,18,13,-0.79,0.525,0.726,1.314,0.821,0.764
2025,E.J. Liddell,PF,Chicago Bulls,Golden State Warriors,18,12,-0.79,0.698,0.711,1.487,0.8,0.746
2025,E.J. Liddell,PF,Chicago Bulls,Milwaukee Bucks,18,11,-0.79,2.524,0.698,3.314,0.608,0.662
2025,E.J. Liddell,PF,Chicago Bulls,Detroit Pistons,18,14,-0.79,0.573,0.461,1.363,0.815,0.602
2025,E.J. Liddell,PF,Chicago Bulls,Orlando Magic,18,15,-0.79,1.217,0.28,2.007,0.74,0.464
2025,E.J. Liddell,PF,Chicago Bulls,Sacramento Kings,18,17,-0.79,0.523,0.154,1.312,0.821,0.421
2025,E.J. Liddell,PF,Chicago Bulls,Atlanta Hawks,18,16,-0.79,0.235,0.122,1.024,0.858,0.416
2025,Elfrid Payton,PG,New Orleans Pelicans,Oklahoma City Thunder,27,1,0.102,1.646,3.302,1.544,0.793,2.298
2025,Elfrid Payton,PG,Charlotte Hornets,Oklahoma City Thunder,28,1,-0.95,1.646,3.349,2.596,0.678,2.28
2025,Elfrid Payton,PG,New Orleans Pelicans,Cleveland Cavaliers,27,2,0.102,0.908,2.971,0.806,0.886,2.137
2025,Elfrid Payton,PG,Charlotte Hornets,Cleveland Cavaliers,28,2,-0.95,0.908,3.018,1.858,0.757,2.114
2025,Elfrid Payton,PG,New Orleans Pelicans,Boston Celtics,27,3,0.102,0.432,2.872,0.33,0.952,2.104
2025,Elfrid Payton,PG,Charlotte Hornets,Boston Celtics,28,3,-0.95,0.432,2.92,1.381,0.813,2.077
2025,Elfrid Payton,PG,New Orleans Pelicans,Houston Rockets,27,4,0.102,0.457,2.388,0.355,0.948,1.812
2025,Elfrid Payton,PG,Charlotte Hornets,Houston Rockets,28,4,-0.95,0.457,2.436,1.406,0.81,1.785
2025,Elfrid Payton,PG,New Orleans Pelicans,New York Knicks,27,5,0.102,1.105,2.281,1.003,0.86,1.713
2025,Elfrid Payton,PG,Charlotte Hornets,New York Knicks,28,5,-0.95,1.105,2.328,2.054,0.735,1.691
2025,Elfrid Payton,PG,New Orleans Pelicans,Minnesota Timberwolves,27,10,0.102,0.2,2.101,0.098,0.985,1.655
2025,Elfrid Payton,PG,New Orleans Pelicans,Los Angeles Clippers,27,9,0.102,1.03,2.16,0.928,0.87,1.644
2025,Elfrid Payton,PG,Charlotte Hornets,Minnesota Timberwolves,28,10,-0.95,0.2,2.148,1.149,0.842,1.626
2025,Elfrid Payton,PG,New Orleans Pelicans,Denver Nuggets,27,8,0.102,0.822,2.108,0.72,0.898,1.624
2025,Elfrid Payton,PG,Charlotte Hornets,Los Angeles Clippers,28,9,-0.95,1.03,2.207,1.979,0.743,1.622
2025,Elfrid Payton,PG,New Orleans Pelicans,Indiana Pacers,27,6,0.102,1.379,2.122,1.277,0.826,1.604
2025,Elfrid Payton,PG,Charlotte Hornets,Denver Nuggets,28,8,-0.95,0.822,2.155,1.772,0.767,1.6
2025,Elfrid Payton,PG,Charlotte Hornets,Indiana Pacers,28,6,-0.95,1.379,2.169,2.328,0.705,1.584
2025,Elfrid Payton,PG,New Orleans Pelicans,Los Angeles Lakers,27,7,0.102,1.252,2.03,1.15,0.842,1.555
2025,Elfrid Payton,PG,Charlotte Hornets,Los Angeles Lakers,28,7,-0.95,1.252,2.078,2.202,0.719,1.534
2025,Elfrid Payton,PG,New Orleans Pelicans,Memphis Grizzlies,27,13,0.102,0.849,1.923,0.747,0.894,1.512
2025,Elfrid Payton,PG,New Orleans Pelicans,Golden State Warriors,27,12,0.102,1.025,1.908,0.923,0.871,1.493
2025,Elfrid Payton,PG,Charlotte Hornets,Memphis Grizzlies,28,13,-0.95,0.849,1.971,1.798,0.764,1.488
2025,Elfrid Payton,PG,New Orleans Pelicans,Milwaukee Bucks,27,11,0.102,1.065,1.895,0.963,0.866,1.483
2025,Elfrid Payton,PG,Charlotte Hornets,Golden State Warriors,28,12,-0.95,1.025,1.955,1.974,0.744,1.471
2025,Elfrid Payton,PG,Charlotte Hornets,Milwaukee Bucks,28,11,-0.95,1.065,1.943,2.014,0.739,1.461
2025,Elfrid Payton,PG,New Orleans Pelicans,Detroit Pistons,27,14,0.102,1.099,1.658,0.997,0.861,1.339
2025,Elfrid Payton,PG,Charlotte Hornets,Detroit Pistons,28,14,-0.95,1.099,1.705,2.048,0.735,1.317
2025,Elfrid Payton,PG,New Orleans Pelicans,Orlando Magic,27,15,0.102,0.182,1.477,0.08,0.988,1.282
2025,Elfrid Payton,PG,Charlotte Hornets,Orlando Magic,28,15,-0.95,0.182,1.525,1.131,0.844,1.252
2025,Elfrid Payton,PG,New Orleans Pelicans,Sacramento Kings,27,17,0.102,0.871,1.351,0.769,0.891,1.167
2025,Elfrid Payton,PG,Charlotte Hornets,Sacramento Kings,28,17,-0.95,0.871,1.398,1.821,0.761,1.143
2025,Elfrid Payton,PG,New Orleans Pelicans,Atlanta Hawks,27,16,0.102,1.258,1.319,1.156,0.841,1.128
2025,Elfrid Payton,PG,Charlotte Hornets,Atlanta Hawks,28,16,-0.95,1.258,1.366,2.207,0.718,1.107
2025,Elfrid Payton,PG,New Orleans Pelicans,Miami Heat,27,20,0.102,0.39,1.193,0.288,0.958,1.099
2025,Elfrid Payton,PG,New Orleans Pelicans,Chicago Bulls,27,18,0.102,0.694,1.197,0.592,0.915,1.084
2025,Elfrid Payton,PG,Charlotte Hornets,Miami Heat,28,20,-0.95,0.39,1.241,1.34,0.818,1.072
2025,Elfrid Payton,PG,Charlotte Hornets,Chicago Bulls,28,18,-0.95,0.694,1.244,1.644,0.781,1.059
2025,Elfrid Payton,PG,New Orleans Pelicans,Dallas Mavericks,27,19,0.102,1.413,1.167,1.311,0.822,1.029
2025,Elfrid Payton,PG,Charlotte Hornets,Dallas Mavericks,28,19,-0.95,1.413,1.215,2.362,0.702,1.01
2025,Elfrid Payton,PG,New Orleans Pelicans,Portland Trail Blazers,27,22,0.102,0.141,0.902,0.039,0.994,0.939
2025,Elfrid Payton,PG,New Orleans Pelicans,Phoenix Suns,27,21,0.102,0.387,0.898,0.285,0.958,0.922
2025,Elfrid Payton,PG,Charlotte Hornets,Portland Trail Blazers,28,22,-0.95,0.141,0.949,1.09,0.849,0.909
2025,Elfrid Payton,PG,Charlotte Hornets,Phoenix Suns,28,21,-0.95,0.387,0.945,1.337,0.818,0.894
2025,Elfrid Payton,PG,New Orleans Pelicans,San Antonio Spurs,27,23,0.102,0.766,0.804,0.664,0.905,0.845
2025,Elfrid Payton,PG,Charlotte Hornets,San Antonio Spurs,28,23,-0.95,0.766,0.852,1.716,0.773,0.82
2025,Elfrid Payton,PG,New Orleans Pelicans,Toronto Raptors,27,24,0.102,0.562,0.621,0.459,0.933,0.746
2025,Elfrid Payton,PG,Charlotte Hornets,Toronto Raptors,28,24,-0.95,0.562,0.668,1.511,0.797,0.72
2025,Elfrid Payton,PG,New Orleans Pelicans,Brooklyn Nets,27,25,0.102,0.658,0.336,0.556,0.92,0.57
2025,Elfrid Payton,PG,Charlotte Hornets,Brooklyn Nets,28,25,-0.95,0.658,0.383,1.608,0.786,0.544
2025,Elfrid Payton,PG,New Orleans Pelicans,Philadelphia 76ers,27,26,0.102,1.022,0.278,0.919,0.871,0.515
2025,Elfrid Payton,PG,Charlotte Hornets,Philadelphia 76ers,28,26,-0.95,1.022,0.325,1.971,0.744,0.493
2025,Elfrid Payton,PG,Charlotte Hornets,New Orleans Pelicans,28,27,-0.95,0.702,0.047,1.652,0.781,0.341
2025,Elijah Harkless,SG,Utah Jazz,Oklahoma City Thunder,30,1,-0.466,1.265,3.505,1.732,0.771,2.411
2025,Elijah Harkless,SG,Utah Jazz,Cleveland Cavaliers,30,2,-0.466,1.342,3.174,1.808,0.762,2.209
2025,Elijah Harkless,SG,Utah Jazz,Boston Celtics,30,3,-0.466,0.808,3.075,1.274,0.826,2.176
2025,Elijah Harkless,SG,Utah Jazz,Houston Rockets,30,4,-0.466,0.724,2.591,1.191,0.836,1.889
2025,Elijah Harkless,SG,Utah Jazz,New York Knicks,30,5,-0.466,0.807,2.484,1.273,0.826,1.821
2025,Elijah Harkless,SG,Utah Jazz,Indiana Pacers,30,6,-0.466,0.275,2.325,0.741,0.895,1.753
2025,Elijah Harkless,SG,Utah Jazz,Los Angeles Clippers,30,9,-0.466,1.026,2.363,1.492,0.799,1.738
2025,Elijah Harkless,SG,Utah Jazz,Denver Nuggets,30,8,-0.466,0.812,2.311,1.278,0.826,1.717
2025,Elijah Harkless,SG,Utah Jazz,Minnesota Timberwolves,30,10,-0.466,1.353,2.304,1.82,0.761,1.687
2025,Elijah Harkless,SG,Utah Jazz,Los Angeles Lakers,30,7,-0.466,1.047,2.233,1.513,0.797,1.659
2025,Elijah Harkless,SG,Utah Jazz,Golden State Warriors,30,12,-0.466,0.448,2.111,0.914,0.872,1.615
2025,Elijah Harkless,SG,Utah Jazz,Memphis Grizzlies,30,13,-0.466,0.996,2.126,1.462,0.803,1.597
2025,Elijah Harkless,SG,Utah Jazz,Milwaukee Bucks,30,11,-0.466,0.683,2.098,1.149,0.842,1.596
2025,Elijah Harkless,SG,Utah Jazz,Detroit Pistons,30,14,-0.466,2.249,1.861,2.715,0.665,1.383
2025,Elijah Harkless,SG,Utah Jazz,Orlando Magic,30,15,-0.466,0.142,1.68,0.608,0.913,1.373
2025,Elijah Harkless,SG,Utah Jazz,Sacramento Kings,30,17,-0.466,0.908,1.554,1.375,0.814,1.258
2025,Elijah Harkless,SG,Utah Jazz,Atlanta Hawks,30,16,-0.466,1.001,1.522,1.467,0.802,1.234
2025,Elijah Harkless,SG,Utah Jazz,Chicago Bulls,30,18,-0.466,0.842,1.4,1.308,0.822,1.169
2025,Elijah Harkless,SG,Utah Jazz,Miami Heat,30,20,-0.466,1.223,1.396,1.69,0.776,1.148
2025,Elijah Harkless,SG,Utah Jazz,Dallas Mavericks,30,19,-0.466,1.335,1.371,1.802,0.763,1.128
2025,Elijah Harkless,SG,Utah Jazz,Portland Trail Blazers,30,22,-0.466,0.782,1.105,1.249,0.829,0.995
2025,Elijah Harkless,SG,Utah Jazz,Phoenix Suns,30,21,-0.466,1.298,1.101,1.764,0.767,0.967
2025,Elijah Harkless,SG,Utah Jazz,San Antonio Spurs,30,23,-0.466,0.668,1.007,1.134,0.844,0.942
2025,Elijah Harkless,SG,Utah Jazz,Toronto Raptors,30,24,-0.466,0.479,0.824,0.945,0.868,0.841
2025,Elijah Harkless,SG,Utah Jazz,Brooklyn Nets,30,25,-0.466,0.95,0.539,1.416,0.809,0.647
2025,Elijah Harkless,SG,Utah Jazz,Philadelphia 76ers,30,26,-0.466,1.127,0.481,1.594,0.787,0.604
2025,Elijah Harkless,SG,Utah Jazz,New Orleans Pelicans,30,27,-0.466,0.263,0.203,0.729,0.896,0.48
2025,Elijah Harkless,SG,Utah Jazz,Charlotte Hornets,30,28,-0.466,0.355,0.156,0.821,0.884,0.447
2025,Emanuel Miller,PF,Chicago Bulls,Oklahoma City Thunder,18,1,-0.715,0.795,2.105,1.51,0.797,1.582
2025,Emanuel Miller,PF,Chicago Bulls,Cleveland Cavaliers,18,2,-0.715,1.717,1.774,2.432,0.694,1.342
2025,Emanuel Miller,PF,Chicago Bulls,Boston Celtics,18,3,-0.715,1.509,1.675,2.223,0.716,1.292
2025,Emanuel Miller,PF,Chicago Bulls,Houston Rockets,18,4,-0.715,0.863,1.191,1.578,0.789,1.03
2025,Emanuel Miller,PF,Chicago Bulls,New York Knicks,18,5,-0.715,0.825,1.084,1.54,0.794,0.968
2025,Emanuel Miller,PF,Chicago Bulls,Los Angeles Clippers,18,9,-0.715,-0.25,0.963,0.465,0.933,0.951
2025,Emanuel Miller,PF,Chicago Bulls,Denver Nuggets,18,8,-0.715,0.4,0.911,1.115,0.846,0.885
2025,Emanuel Miller,PF,Chicago Bulls,Indiana Pacers,18,6,-0.715,0.96,0.925,1.674,0.778,0.866
2025,Emanuel Miller,PF,Chicago Bulls,Minnesota Timberwolves,18,10,-0.715,0.731,0.904,1.446,0.805,0.864
2025,Emanuel Miller,PF,Chicago Bulls,Los Angeles Lakers,18,7,-0.715,0.286,0.833,1.001,0.861,0.844
2025,Emanuel Miller,PF,Chicago Bulls,Memphis Grizzlies,18,13,-0.715,0.525,0.726,1.239,0.83,0.768
2025,Emanuel Miller,PF,Chicago Bulls,Golden State Warriors,18,12,-0.715,0.698,0.711,1.412,0.809,0.75
2025,Emanuel Miller,PF,Chicago Bulls,Milwaukee Bucks,18,11,-0.715,2.524,0.698,3.239,0.615,0.665
2025,Emanuel Miller,PF,Chicago Bulls,Detroit Pistons,18,14,-0.715,0.573,0.461,1.288,0.824,0.606
2025,Emanuel Miller,PF,Chicago Bulls,Orlando Magic,18,15,-0.715,1.217,0.28,1.932,0.748,0.468
2025,Emanuel Miller,PF,Chicago Bulls,Sacramento Kings,18,17,-0.715,0.523,0.154,1.237,0.831,0.424
2025,Emanuel Miller,PF,Chicago Bulls,Atlanta Hawks,18,16,-0.715,0.235,0.122,0.949,0.867,0.42
2025,Emoni Bates,SF,Cleveland Cavaliers,Oklahoma City Thunder,2,1,-0.703,0.332,0.331,1.035,0.856,0.541
2025,Enrique Freeman,PF,Indiana Pacers,Oklahoma City Thunder,6,1,-1.035,0.795,1.18,1.831,0.76,1.012
2025,Enrique Freeman,PF,Indiana Pacers,Cleveland Cavaliers,6,2,-1.035,1.717,0.849,2.753,0.662,0.774
2025,Enrique Freeman,PF,Indiana Pacers,Boston Celtics,6,3,-1.035,1.509,0.75,2.544,0.683,0.723
2025,Enrique Freeman,PF,Indiana Pacers,Houston Rockets,6,4,-1.035,0.863,0.266,1.899,0.752,0.461
2025,Enrique Freeman,PF,Indiana Pacers,New York Knicks,6,5,-1.035,0.825,0.159,1.861,0.756,0.398
2025,Enrique Freeman,PF,Indiana Pacers,Los Angeles Clippers,6,9,-1.035,-0.25,0.038,0.786,0.889,0.378
2025,Eric Gordon,SG,Philadelphia 76ers,Oklahoma City Thunder,26,1,-0.022,1.265,3.024,1.288,0.824,2.144
2025,Eric Gordon,SG,Philadelphia 76ers,Cleveland Cavaliers,26,2,-0.022,1.342,2.693,1.364,0.815,1.942
2025,Eric Gordon,SG,Philadelphia 76ers,Boston Celtics,26,3,-0.022,0.808,2.594,0.831,0.883,1.91
2025,Eric Gordon,SG,Philadelphia 76ers,Houston Rockets,26,4,-0.022,0.724,2.11,0.747,0.894,1.624
2025,Eric Gordon,SG,Philadelphia 76ers,New York Knicks,26,5,-0.022,0.807,2.003,0.829,0.883,1.555
2025,Eric Gordon,SG,Philadelphia 76ers,Indiana Pacers,26,6,-0.022,0.275,1.844,0.297,0.956,1.489
2025,Eric Gordon,SG,Philadelphia 76ers,Los Angeles Clippers,26,9,-0.022,1.026,1.882,1.048,0.854,1.471
2025,Eric Gordon,SG,Philadelphia 76ers,Denver Nuggets,26,8,-0.022,0.812,1.83,0.834,0.882,1.451
2025,Eric Gordon,SG,Philadelphia 76ers,Minnesota Timberwolves,26,10,-0.022,1.353,1.823,1.376,0.814,1.419
2025,Eric Gordon,SG,Philadelphia 76ers,Los Angeles Lakers,26,7,-0.022,1.047,1.752,1.069,0.852,1.392
2025,Eric Gordon,SG,Philadelphia 76ers,Golden State Warriors,26,12,-0.022,0.448,1.63,0.471,0.932,1.351
2025,Eric Gordon,SG,Philadelphia 76ers,Memphis Grizzlies,26,13,-0.022,0.996,1.645,1.018,0.858,1.331
2025,Eric Gordon,SG,Philadelphia 76ers,Milwaukee Bucks,26,11,-0.022,0.683,1.617,0.705,0.9,1.33
2025,Eric Gordon,SG,Philadelphia 76ers,Detroit Pistons,26,14,-0.022,2.249,1.38,2.271,0.711,1.112
2025,Eric Gordon,SG,Philadelphia 76ers,Orlando Magic,26,15,-0.022,0.142,1.199,0.164,0.976,1.11
2025,Eric Gordon,SG,Philadelphia 76ers,Sacramento Kings,26,17,-0.022,0.908,1.073,0.931,0.87,0.992
2025,Eric Gordon,SG,Philadelphia 76ers,Atlanta Hawks,26,16,-0.022,1.001,1.041,1.023,0.858,0.968
2025,Eric Gordon,SG,Philadelphia 76ers,Chicago Bulls,26,18,-0.022,0.842,0.919,0.864,0.878,0.903
2025,Eric Gordon,SG,Philadelphia 76ers,Miami Heat,26,20,-0.022,1.223,0.915,1.246,0.83,0.881
2025,Eric Gordon,SG,Philadelphia 76ers,Dallas Mavericks,26,19,-0.022,1.335,0.89,1.358,0.816,0.86
2025,Eric Gordon,SG,Philadelphia 76ers,Portland Trail Blazers,26,22,-0.022,0.782,0.624,0.805,0.886,0.729
2025,Eric Gordon,SG,Philadelphia 76ers,Phoenix Suns,26,21,-0.022,1.298,0.62,1.321,0.82,0.7
2025,Eric Gordon,SG,Philadelphia 76ers,San Antonio Spurs,26,23,-0.022,0.668,0.526,0.69,0.902,0.677
2025,Eric Gordon,SG,Philadelphia 76ers,Toronto Raptors,26,24,-0.022,0.479,0.343,0.501,0.928,0.577
2025,Eric Gordon,SG,Philadelphia 76ers,Brooklyn Nets,26,25,-0.022,0.95,0.058,0.972,0.864,0.381
2025,Evan Mobley,PF,Cleveland Cavaliers,Oklahoma City Thunder,2,1,1.717,0.795,0.331,0,1,0.599
2025,Franz Wagner,SF,Orlando Magic,Oklahoma City Thunder,15,1,1.486,0.332,1.824,0,1,1.495
2025,Franz Wagner,SF,Orlando Magic,Cleveland Cavaliers,15,2,1.486,0.475,1.493,0,1,1.296
2025,Franz Wagner,SF,Orlando Magic,Boston Celtics,15,3,1.486,1.283,1.395,0,1,1.237
2025,Franz Wagner,SF,Orlando Magic,Houston Rockets,15,4,1.486,1.573,0.911,0.087,0.987,0.941
2025,Franz Wagner,SF,Orlando Magic,New York Knicks,15,5,1.486,0.764,0.804,0,1,0.882
2025,Franz Wagner,SF,Orlando Magic,Los Angeles Clippers,15,9,1.486,1.392,0.683,0,1,0.81
2025,Franz Wagner,SF,Orlando Magic,Indiana Pacers,15,6,1.486,0.534,0.645,0,1,0.787
2025,Franz Wagner,SF,Orlando Magic,Denver Nuggets,15,8,1.486,0.927,0.631,0,1,0.778
2025,Franz Wagner,SF,Orlando Magic,Minnesota Timberwolves,15,10,1.486,-0.433,0.624,0,1,0.774
2025,Franz Wagner,SF,Orlando Magic,Los Angeles Lakers,15,7,1.486,2.119,0.553,0.633,0.909,0.696
2025,Franz Wagner,SF,Orlando Magic,Golden State Warriors,15,12,1.486,1.484,0.43,0,1,0.658
2025,Franz Wagner,SF,Orlando Magic,Milwaukee Bucks,15,11,1.486,0.667,0.418,0,1,0.651
2025,Franz Wagner,SF,Orlando Magic,Detroit Pistons,15,14,1.486,0.84,0.18,0,1,0.508
2025,Fred VanVleet,PG,Houston Rockets,Oklahoma City Thunder,4,1,0.457,1.646,0.913,1.189,0.837,0.883
2025,Fred VanVleet,PG,Houston Rockets,Cleveland Cavaliers,4,2,0.457,0.908,0.582,0.451,0.935,0.723
2025,Fred VanVleet,PG,Houston Rockets,Boston Celtics,4,3,0.457,0.432,0.484,0,1,0.69
2025,Gabe Vincent,PG,Los Angeles Lakers,Oklahoma City Thunder,7,1,-0.463,1.646,1.271,2.109,0.729,1.054
2025,Gabe Vincent,PG,Los Angeles Lakers,Cleveland Cavaliers,7,2,-0.463,0.908,0.94,1.371,0.814,0.89
2025,Gabe Vincent,PG,Los Angeles Lakers,Boston Celtics,7,3,-0.463,0.432,0.842,0.894,0.874,0.855
2025,Gabe Vincent,PG,Los Angeles Lakers,Houston Rockets,7,4,-0.463,0.457,0.358,0.919,0.871,0.563
2025,Gabe Vincent,PG,Los Angeles Lakers,New York Knicks,7,5,-0.463,1.105,0.251,1.567,0.79,0.467
2025,Gabe Vincent,PG,Los Angeles Lakers,Minnesota Timberwolves,7,10,-0.463,0.2,0.071,0.662,0.905,0.405
2025,Gabe Vincent,PG,Los Angeles Lakers,Los Angeles Clippers,7,9,-0.463,1.03,0.13,1.492,0.799,0.398
2025,Gabe Vincent,PG,Los Angeles Lakers,Denver Nuggets,7,8,-0.463,0.822,0.078,1.285,0.825,0.377
2025,Gabe Vincent,PG,Los Angeles Lakers,Indiana Pacers,7,6,-0.463,1.379,0.092,1.841,0.759,0.359
2025,Garrett Temple,SG,Toronto Raptors,Oklahoma City Thunder,24,1,-0.682,1.265,2.681,1.947,0.747,1.907
2025,Garrett Temple,SG,Toronto Raptors,Cleveland Cavaliers,24,2,-0.682,1.342,2.35,2.024,0.738,1.705
2025,Garrett Temple,SG,Toronto Raptors,Boston Celtics,24,3,-0.682,0.808,2.251,1.49,0.8,1.671
2025,Garrett Temple,SG,Toronto Raptors,Houston Rockets,24,4,-0.682,0.724,1.768,1.406,0.81,1.384
2025,Garrett Temple,SG,Toronto Raptors,New York Knicks,24,5,-0.682,0.807,1.66,1.489,0.8,1.316
2025,Garrett Temple,SG,Toronto Raptors,Indiana Pacers,24,6,-0.682,0.275,1.501,0.957,0.866,1.247
2025,Garrett Temple,SG,Toronto Raptors,Los Angeles Clippers,24,9,-0.682,1.026,1.539,1.708,0.774,1.233
2025,Garrett Temple,SG,Toronto Raptors,Denver Nuggets,24,8,-0.682,0.812,1.487,1.494,0.799,1.212
2025,Garrett Temple,SG,Toronto Raptors,Minnesota Timberwolves,24,10,-0.682,1.353,1.48,2.035,0.737,1.183
2025,Garrett Temple,SG,Toronto Raptors,Los Angeles Lakers,24,7,-0.682,1.047,1.409,1.729,0.772,1.154
2025,Garrett Temple,SG,Toronto Raptors,Golden State Warriors,24,12,-0.682,0.448,1.287,1.13,0.844,1.11
2025,Garrett Temple,SG,Toronto Raptors,Memphis Grizzlies,24,13,-0.682,0.996,1.302,1.678,0.778,1.092
2025,Garrett Temple,SG,Toronto Raptors,Milwaukee Bucks,24,11,-0.682,0.683,1.274,1.365,0.815,1.091
2025,Garrett Temple,SG,Toronto Raptors,Detroit Pistons,24,14,-0.682,2.249,1.037,2.931,0.644,0.88
2025,Garrett Temple,SG,Toronto Raptors,Orlando Magic,24,15,-0.682,0.142,0.856,0.824,0.884,0.867
2025,Garrett Temple,SG,Toronto Raptors,Sacramento Kings,24,17,-0.682,0.908,0.73,1.59,0.788,0.753
2025,Garrett Temple,SG,Toronto Raptors,Atlanta Hawks,24,16,-0.682,1.001,0.698,1.683,0.777,0.729
2025,Garrett Temple,SG,Toronto Raptors,Chicago Bulls,24,18,-0.682,0.842,0.576,1.524,0.796,0.664
2025,Garrett Temple,SG,Toronto Raptors,Miami Heat,24,20,-0.682,1.223,0.572,1.905,0.751,0.644
2025,Garrett Temple,SG,Toronto Raptors,Dallas Mavericks,24,19,-0.682,1.335,0.547,2.017,0.739,0.624
2025,Garrett Temple,SG,Toronto Raptors,Portland Trail Blazers,24,22,-0.682,0.782,0.281,1.464,0.803,0.49
2025,Garrett Temple,SG,Toronto Raptors,Phoenix Suns,24,21,-0.682,1.298,0.277,1.98,0.743,0.463
2025,Garrett Temple,SG,Toronto Raptors,San Antonio Spurs,24,23,-0.682,0.668,0.184,1.35,0.817,0.437
2025,Garrison Mathews,SG,Atlanta Hawks,Oklahoma City Thunder,16,1,-0.019,1.265,1.983,1.284,0.825,1.52
2025,Garrison Mathews,SG,Atlanta Hawks,Cleveland Cavaliers,16,2,-0.019,1.342,1.652,1.361,0.815,1.317
2025,Garrison Mathews,SG,Atlanta Hawks,Boston Celtics,16,3,-0.019,0.808,1.553,0.827,0.883,1.285
2025,Garrison Mathews,SG,Atlanta Hawks,Houston Rockets,16,4,-0.019,0.724,1.07,0.743,0.895,1
2025,Garrison Mathews,SG,Atlanta Hawks,New York Knicks,16,5,-0.019,0.807,0.962,0.825,0.884,0.931
2025,Garrison Mathews,SG,Atlanta Hawks,Indiana Pacers,16,6,-0.019,0.275,0.803,0.293,0.957,0.865
2025,Garrison Mathews,SG,Atlanta Hawks,Los Angeles Clippers,16,9,-0.019,1.026,0.841,1.045,0.855,0.847
2025,Garrison Mathews,SG,Atlanta Hawks,Denver Nuggets,16,8,-0.019,0.812,0.789,0.831,0.883,0.827
2025,Garrison Mathews,SG,Atlanta Hawks,Minnesota Timberwolves,16,10,-0.019,1.353,0.782,1.372,0.814,0.795
2025,Garrison Mathews,SG,Atlanta Hawks,Los Angeles Lakers,16,7,-0.019,1.047,0.712,1.066,0.852,0.768
2025,Garrison Mathews,SG,Atlanta Hawks,Golden State Warriors,16,12,-0.019,0.448,0.589,0.467,0.932,0.726
2025,Garrison Mathews,SG,Atlanta Hawks,Milwaukee Bucks,16,11,-0.019,0.683,0.576,0.701,0.9,0.706
2025,Garrison Mathews,SG,Atlanta Hawks,Memphis Grizzlies,16,13,-0.019,0.996,0.605,1.014,0.859,0.706
2025,Garrison Mathews,SG,Atlanta Hawks,Detroit Pistons,16,14,-0.019,2.249,0.339,2.268,0.712,0.488
2025,Garrison Mathews,SG,Atlanta Hawks,Orlando Magic,16,15,-0.019,0.142,0.159,0.16,0.976,0.486
2025,Garrison Mathews,SG,Atlanta Hawks,Sacramento Kings,16,17,-0.019,0.908,0.032,0.927,0.87,0.367
2025,Gary Harris,SG,Orlando Magic,Oklahoma City Thunder,15,1,-0.493,1.265,1.824,1.758,0.768,1.402
2025,Gary Harris,SG,Orlando Magic,Cleveland Cavaliers,15,2,-0.493,1.342,1.493,1.835,0.759,1.2
2025,Gary Harris,SG,Orlando Magic,Boston Celtics,15,3,-0.493,0.808,1.395,1.301,0.823,1.166
2025,Gary Harris,SG,Orlando Magic,Houston Rockets,15,4,-0.493,0.724,0.911,1.217,0.833,0.88
2025,Gary Harris,SG,Orlando Magic,New York Knicks,15,5,-0.493,0.807,0.804,1.3,0.823,0.811
2025,Gary Harris,SG,Orlando Magic,Indiana Pacers,15,6,-0.493,0.275,0.645,0.768,0.891,0.743
2025,Gary Harris,SG,Orlando Magic,Los Angeles Clippers,15,9,-0.493,1.026,0.683,1.519,0.796,0.728
2025,Gary Harris,SG,Orlando Magic,Denver Nuggets,15,8,-0.493,0.812,0.631,1.305,0.822,0.707
2025,Gary Harris,SG,Orlando Magic,Minnesota Timberwolves,15,10,-0.493,1.353,0.624,1.846,0.758,0.677
2025,Gary Harris,SG,Orlando Magic,Los Angeles Lakers,15,7,-0.493,1.047,0.553,1.54,0.794,0.649
2025,Gary Harris,SG,Orlando Magic,Golden State Warriors,15,12,-0.493,0.448,0.43,0.941,0.868,0.606
2025,Gary Harris,SG,Orlando Magic,Memphis Grizzlies,15,13,-0.493,0.996,0.446,1.489,0.8,0.588
2025,Gary Harris,SG,Orlando Magic,Milwaukee Bucks,15,11,-0.493,0.683,0.418,1.176,0.838,0.586
2025,Gary Harris,SG,Orlando Magic,Detroit Pistons,15,14,-0.493,2.249,0.18,2.742,0.663,0.373
2025,Gary Payton II,SG,Golden State Warriors,Oklahoma City Thunder,12,1,0.253,1.265,1.394,1.013,0.859,1.18
2025,Gary Payton II,SG,Golden State Warriors,Cleveland Cavaliers,12,2,0.253,1.342,1.063,1.089,0.849,0.977
2025,Gary Payton II,SG,Golden State Warriors,Boston Celtics,12,3,0.253,0.808,0.964,0.556,0.92,0.947
2025,Gary Payton II,SG,Golden State Warriors,Houston Rockets,12,4,0.253,0.724,0.481,0.472,0.932,0.661
2025,Gary Payton II,SG,Golden State Warriors,New York Knicks,12,5,0.253,0.807,0.373,0.554,0.92,0.592
2025,Gary Payton II,SG,Golden State Warriors,Indiana Pacers,12,6,0.253,0.275,0.214,0.022,0.997,0.527
2025,Gary Payton II,SG,Golden State Warriors,Los Angeles Clippers,12,9,0.253,1.026,0.252,0.773,0.89,0.507
2025,Gary Payton II,SG,Golden State Warriors,Denver Nuggets,12,8,0.253,0.812,0.2,0.559,0.92,0.488
2025,Gary Payton II,SG,Golden State Warriors,Minnesota Timberwolves,12,10,0.253,1.353,0.193,1.101,0.848,0.455
2025,Gary Payton II,SG,Golden State Warriors,Los Angeles Lakers,12,7,0.253,1.047,0.123,0.794,0.888,0.429
2025,Gary Payton II,SG,Golden State Warriors,Memphis Grizzlies,12,13,0.253,0.996,0.016,0.743,0.895,0.367
2025,Gary Trent Jr.,SG,Milwaukee Bucks,Oklahoma City Thunder,11,1,0.288,1.265,1.406,0.977,0.864,1.189
2025,Gary Trent Jr.,SG,Milwaukee Bucks,Cleveland Cavaliers,11,2,0.288,1.342,1.075,1.054,0.854,0.987
2025,Gary Trent Jr.,SG,Milwaukee Bucks,Boston Celtics,11,3,0.288,0.808,0.977,0.52,0.925,0.956
2025,Gary Trent Jr.,SG,Milwaukee Bucks,Houston Rockets,11,4,0.288,0.724,0.493,0.436,0.937,0.671
2025,Gary Trent Jr.,SG,Milwaukee Bucks,New York Knicks,11,5,0.288,0.807,0.386,0.519,0.925,0.602
2025,Gary Trent Jr.,SG,Milwaukee Bucks,Indiana Pacers,11,6,0.288,0.275,0.227,0,1,0.536
2025,Gary Trent Jr.,SG,Milwaukee Bucks,Los Angeles Clippers,11,9,0.288,1.026,0.265,0.738,0.895,0.517
2025,Gary Trent Jr.,SG,Milwaukee Bucks,Denver Nuggets,11,8,0.288,0.812,0.213,0.524,0.924,0.498
2025,Gary Trent Jr.,SG,Milwaukee Bucks,Minnesota Timberwolves,11,10,0.288,1.353,0.206,1.065,0.852,0.464
2025,Gary Trent Jr.,SG,Milwaukee Bucks,Los Angeles Lakers,11,7,0.288,1.047,0.135,0.759,0.892,0.438
2025,Gary Trent Jr.,SG,Milwaukee Bucks,Golden State Warriors,11,12,0.288,0.448,0.013,0.16,0.976,0.398
2025,Gary Trent Jr.,SG,Milwaukee Bucks,Memphis Grizzlies,11,13,0.288,0.996,0.028,0.707,0.899,0.377
2025,Georges Niang,PF,Atlanta Hawks,Oklahoma City Thunder,16,1,-0.119,0.795,1.983,0.914,0.872,1.538
2025,Georges Niang,PF,Atlanta Hawks,Cleveland Cavaliers,16,2,-0.119,1.717,1.652,1.836,0.759,1.295
2025,Georges Niang,PF,Atlanta Hawks,Boston Celtics,16,3,-0.119,1.509,1.553,1.628,0.783,1.245
2025,Georges Niang,PF,Atlanta Hawks,Houston Rockets,16,4,-0.119,0.863,1.07,0.982,0.863,0.987
2025,Georges Niang,PF,Atlanta Hawks,New York Knicks,16,5,-0.119,0.825,0.962,0.945,0.868,0.924
2025,Georges Niang,PF,Atlanta Hawks,Los Angeles Clippers,16,9,-0.119,-0.25,0.841,0,1,0.905
2025,Georges Niang,PF,Atlanta Hawks,Denver Nuggets,16,8,-0.119,0.4,0.789,0.519,0.925,0.844
2025,Georges Niang,PF,Atlanta Hawks,Indiana Pacers,16,6,-0.119,0.96,0.803,1.079,0.851,0.822
2025,Georges Niang,PF,Atlanta Hawks,Minnesota Timberwolves,16,10,-0.119,0.731,0.782,0.85,0.88,0.821
2025,Georges Niang,PF,Atlanta Hawks,Los Angeles Lakers,16,7,-0.119,0.286,0.712,0.406,0.941,0.803
2025,Georges Niang,PF,Atlanta Hawks,Memphis Grizzlies,16,13,-0.119,0.525,0.605,0.644,0.908,0.726
2025,Georges Niang,PF,Atlanta Hawks,Golden State Warriors,16,12,-0.119,0.698,0.589,0.817,0.885,0.707
2025,Georges Niang,PF,Atlanta Hawks,Milwaukee Bucks,16,11,-0.119,2.524,0.576,2.643,0.673,0.615
2025,Georges Niang,PF,Atlanta Hawks,Detroit Pistons,16,14,-0.119,0.573,0.339,0.693,0.901,0.564
2025,Georges Niang,PF,Cleveland Cavaliers,Oklahoma City Thunder,2,1,-0.265,0.795,0.331,1.06,0.853,0.54
2025,Georges Niang,PF,Atlanta Hawks,Orlando Magic,16,15,-0.119,1.217,0.159,1.336,0.818,0.422
2025,Georges Niang,PF,Atlanta Hawks,Sacramento Kings,16,17,-0.119,0.523,0.032,0.642,0.908,0.382
2025,GG Jackson II,PF,Memphis Grizzlies,Oklahoma City Thunder,13,1,-0.526,0.795,1.378,1.321,0.82,1.155
2025,GG Jackson II,PF,Memphis Grizzlies,Cleveland Cavaliers,13,2,-0.526,1.717,1.047,2.243,0.714,0.914
2025,GG Jackson II,PF,Memphis Grizzlies,Boston Celtics,13,3,-0.526,1.509,0.949,2.034,0.737,0.864
2025,GG Jackson II,PF,Memphis Grizzlies,Houston Rockets,13,4,-0.526,0.863,0.465,1.389,0.812,0.604
2025,GG Jackson II,PF,Memphis Grizzlies,New York Knicks,13,5,-0.526,0.825,0.358,1.351,0.817,0.541
2025,GG Jackson II,PF,Memphis Grizzlies,Los Angeles Clippers,13,9,-0.526,-0.25,0.237,0.276,0.959,0.526
2025,GG Jackson II,PF,Memphis Grizzlies,Denver Nuggets,13,8,-0.526,0.4,0.185,0.926,0.87,0.459
2025,GG Jackson II,PF,Memphis Grizzlies,Indiana Pacers,13,6,-0.526,0.96,0.199,1.485,0.8,0.439
2025,GG Jackson II,PF,Memphis Grizzlies,Minnesota Timberwolves,13,10,-0.526,0.731,0.178,1.257,0.828,0.438
2025,GG Jackson II,PF,Memphis Grizzlies,Los Angeles Lakers,13,7,-0.526,0.286,0.107,0.812,0.885,0.418
2025,Giannis Antetokounmpo,PF,Milwaukee Bucks,Oklahoma City Thunder,11,1,2.524,0.795,1.406,0,1,1.244
2025,Giannis Antetokounmpo,PF,Milwaukee Bucks,Cleveland Cavaliers,11,2,2.524,1.717,1.075,0,1,1.045
2025,Giannis Antetokounmpo,PF,Milwaukee Bucks,Boston Celtics,11,3,2.524,1.509,0.977,0,1,0.986
2025,Giannis Antetokounmpo,PF,Milwaukee Bucks,Houston Rockets,11,4,2.524,0.863,0.493,0,1,0.696
2025,Giannis Antetokounmpo,PF,Milwaukee Bucks,New York Knicks,11,5,2.524,0.825,0.386,0,1,0.631
2025,Giannis Antetokounmpo,PF,Milwaukee Bucks,Los Angeles Clippers,11,9,2.524,-0.25,0.265,0,1,0.559
2025,Giannis Antetokounmpo,PF,Milwaukee Bucks,Indiana Pacers,11,6,2.524,0.96,0.227,0,1,0.536
2025,Giannis Antetokounmpo,PF,Milwaukee Bucks,Denver Nuggets,11,8,2.524,0.4,0.213,0,1,0.528
2025,Giannis Antetokounmpo,PF,Milwaukee Bucks,Minnesota Timberwolves,11,10,2.524,0.731,0.206,0,1,0.524
2025,Giannis Antetokounmpo,PF,Milwaukee Bucks,Los Angeles Lakers,11,7,2.524,0.286,0.135,0,1,0.481
2025,Giannis Antetokounmpo,PF,Milwaukee Bucks,Memphis Grizzlies,11,13,2.524,0.525,0.028,0,1,0.417
2025,Giannis Antetokounmpo,PF,Milwaukee Bucks,Golden State Warriors,11,12,2.524,0.698,0.013,0,1,0.408
2025,Goga Bitadze,C,Orlando Magic,Oklahoma City Thunder,15,1,0.455,1.018,1.824,0.563,0.919,1.462
2025,Goga Bitadze,C,Orlando Magic,Cleveland Cavaliers,15,2,0.455,0.96,1.493,0.505,0.927,1.267
2025,Goga Bitadze,C,Orlando Magic,Boston Celtics,15,3,0.455,0.929,1.395,0.474,0.931,1.209
2025,Goga Bitadze,C,Orlando Magic,Houston Rockets,15,4,0.455,0.807,0.911,0.352,0.949,0.926
2025,Goga Bitadze,C,Orlando Magic,New York Knicks,15,5,0.455,1.332,0.804,0.878,0.877,0.833
2025,Goga Bitadze,C,Orlando Magic,Indiana Pacers,15,6,0.455,0.754,0.645,0.299,0.956,0.769
2025,Goga Bitadze,C,Orlando Magic,Los Angeles Clippers,15,9,0.455,1.266,0.683,0.811,0.885,0.764
2025,Goga Bitadze,C,Orlando Magic,Minnesota Timberwolves,15,10,0.455,1.008,0.624,0.553,0.92,0.742
2025,Goga Bitadze,C,Orlando Magic,Denver Nuggets,15,8,0.455,1.827,0.631,1.372,0.814,0.704
2025,Goga Bitadze,C,Orlando Magic,Golden State Warriors,15,12,0.455,-0.087,0.43,0,1,0.658
2025,Goga Bitadze,C,Orlando Magic,Los Angeles Lakers,15,7,0.455,1.908,0.553,1.453,0.804,0.653
2025,Goga Bitadze,C,Orlando Magic,Memphis Grizzlies,15,13,0.455,0.773,0.446,0.318,0.953,0.649
2025,Goga Bitadze,C,Orlando Magic,Milwaukee Bucks,15,11,0.455,0.498,0.418,0.043,0.994,0.648
2025,Goga Bitadze,C,Orlando Magic,Detroit Pistons,15,14,0.455,0.988,0.18,0.533,0.923,0.478
2025,Gradey Dick,SG,Toronto Raptors,Oklahoma City Thunder,24,1,0.245,1.265,2.681,1.021,0.858,1.952
2025,Gradey Dick,SG,Toronto Raptors,Cleveland Cavaliers,24,2,0.245,1.342,2.35,1.097,0.848,1.749
2025,Gradey Dick,SG,Toronto Raptors,Boston Celtics,24,3,0.245,0.808,2.251,0.563,0.919,1.718
2025,Gradey Dick,SG,Toronto Raptors,Houston Rockets,24,4,0.245,0.724,1.768,0.48,0.931,1.433
2025,Gradey Dick,SG,Toronto Raptors,New York Knicks,24,5,0.245,0.807,1.66,0.562,0.919,1.364
2025,Gradey Dick,SG,Toronto Raptors,Indiana Pacers,24,6,0.245,0.275,1.501,0.03,0.995,1.299
2025,Gradey Dick,SG,Toronto Raptors,Los Angeles Clippers,24,9,0.245,1.026,1.539,0.781,0.889,1.279
2025,Gradey Dick,SG,Toronto Raptors,Denver Nuggets,24,8,0.245,0.812,1.487,0.567,0.918,1.26
2025,Gradey Dick,SG,Toronto Raptors,Minnesota Timberwolves,24,10,0.245,1.353,1.48,1.109,0.847,1.227
2025,Gradey Dick,SG,Toronto Raptors,Los Angeles Lakers,24,7,0.245,1.047,1.409,0.802,0.887,1.2
2025,Gradey Dick,SG,Toronto Raptors,Golden State Warriors,24,12,0.245,0.448,1.287,0.203,0.97,1.16
2025,Gradey Dick,SG,Toronto Raptors,Milwaukee Bucks,24,11,0.245,0.683,1.274,0.438,0.936,1.139
2025,Gradey Dick,SG,Toronto Raptors,Memphis Grizzlies,24,13,0.245,0.996,1.302,0.751,0.893,1.139
2025,Gradey Dick,SG,Toronto Raptors,Detroit Pistons,24,14,0.245,2.249,1.037,2.004,0.74,0.918
2025,Gradey Dick,SG,Toronto Raptors,Orlando Magic,24,15,0.245,0.142,0.856,0,1,0.914
2025,Gradey Dick,SG,Toronto Raptors,Sacramento Kings,24,17,0.245,0.908,0.73,0.664,0.905,0.8
2025,Gradey Dick,SG,Toronto Raptors,Atlanta Hawks,24,16,0.245,1.001,0.698,0.756,0.893,0.776
2025,Gradey Dick,SG,Toronto Raptors,Chicago Bulls,24,18,0.245,0.842,0.576,0.597,0.914,0.711
2025,Gradey Dick,SG,Toronto Raptors,Miami Heat,24,20,0.245,1.223,0.572,0.979,0.863,0.689
2025,Gradey Dick,SG,Toronto Raptors,Dallas Mavericks,24,19,0.245,1.335,0.547,1.091,0.849,0.668
2025,Gradey Dick,SG,Toronto Raptors,Portland Trail Blazers,24,22,0.245,0.782,0.281,0.538,0.923,0.538
2025,Gradey Dick,SG,Toronto Raptors,Phoenix Suns,24,21,0.245,1.298,0.277,1.053,0.854,0.508
2025,Gradey Dick,SG,Toronto Raptors,San Antonio Spurs,24,23,0.245,0.668,0.184,0.423,0.939,0.486
2025,Grant Williams,PF,Charlotte Hornets,Oklahoma City Thunder,28,1,0.371,0.795,3.349,0.424,0.938,2.385
2025,Grant Williams,PF,Charlotte Hornets,Cleveland Cavaliers,28,2,0.371,1.717,3.018,1.347,0.817,2.138
2025,Grant Williams,PF,Charlotte Hornets,Boston Celtics,28,3,0.371,1.509,2.92,1.138,0.843,2.089
2025,Grant Williams,PF,Charlotte Hornets,Houston Rockets,28,4,0.371,0.863,2.436,0.493,0.929,1.833
2025,Grant Williams,PF,Charlotte Hornets,New York Knicks,28,5,0.371,0.825,2.328,0.455,0.934,1.771
2025,Grant Williams,PF,Charlotte Hornets,Los Angeles Clippers,28,9,0.371,-0.25,2.207,0,1,1.724
2025,Grant Williams,PF,Charlotte Hornets,Denver Nuggets,28,8,0.371,0.4,2.155,0.029,0.996,1.692
2025,Grant Williams,PF,Charlotte Hornets,Indiana Pacers,28,6,0.371,0.96,2.169,0.589,0.915,1.668
2025,Grant Williams,PF,Charlotte Hornets,Minnesota Timberwolves,28,10,0.371,0.731,2.148,0.361,0.947,1.668
2025,Grant Williams,PF,Charlotte Hornets,Los Angeles Lakers,28,7,0.371,0.286,2.078,0,1,1.647
2025,Grant Williams,PF,Charlotte Hornets,Memphis Grizzlies,28,13,0.371,0.525,1.971,0.154,0.977,1.573
2025,Grant Williams,PF,Charlotte Hornets,Golden State Warriors,28,12,0.371,0.698,1.955,0.327,0.952,1.554
2025,Grant Williams,PF,Charlotte Hornets,Milwaukee Bucks,28,11,0.371,2.524,1.943,2.154,0.724,1.455
2025,Grant Williams,PF,Charlotte Hornets,Detroit Pistons,28,14,0.371,0.573,1.705,0.203,0.97,1.411
2025,Grant Williams,PF,Charlotte Hornets,Orlando Magic,28,15,0.371,1.217,1.525,0.847,0.881,1.267
2025,Grant Williams,PF,Charlotte Hornets,Sacramento Kings,28,17,0.371,0.523,1.398,0.152,0.977,1.23
2025,Grant Williams,PF,Charlotte Hornets,Atlanta Hawks,28,16,0.371,0.235,1.366,0,1,1.22
2025,Grant Williams,PF,Charlotte Hornets,Chicago Bulls,28,18,0.371,0.411,1.244,0.04,0.994,1.144
2025,Grant Williams,PF,Charlotte Hornets,Miami Heat,28,20,0.371,0.861,1.241,0.491,0.929,1.116
2025,Grant Williams,PF,Charlotte Hornets,Dallas Mavericks,28,19,0.371,1.939,1.215,1.568,0.79,1.045
2025,Grant Williams,PF,Charlotte Hornets,Portland Trail Blazers,28,22,0.371,0.482,0.949,0.111,0.983,0.963
2025,Grant Williams,PF,Charlotte Hornets,Phoenix Suns,28,21,0.371,1.486,0.945,1.116,0.846,0.905
2025,Grant Williams,PF,Charlotte Hornets,San Antonio Spurs,28,23,0.371,0.484,0.852,0.113,0.983,0.904
2025,Grant Williams,PF,Charlotte Hornets,Toronto Raptors,28,24,0.371,1.283,0.668,0.913,0.872,0.75
2025,Grant Williams,PF,Charlotte Hornets,Brooklyn Nets,28,25,0.371,0.624,0.383,0.253,0.963,0.615
2025,Grant Williams,PF,Charlotte Hornets,Philadelphia 76ers,28,26,0.371,0.711,0.325,0.341,0.95,0.575
2025,Grant Williams,PF,Charlotte Hornets,New Orleans Pelicans,28,27,0.371,1.672,0.047,1.301,0.823,0.358
2025,Grayson Allen,SG,Phoenix Suns,Oklahoma City Thunder,21,1,0.318,1.265,2.404,0.948,0.868,1.789
2025,Grayson Allen,SG,Phoenix Suns,Cleveland Cavaliers,21,2,0.318,1.342,2.073,1.024,0.858,1.587
2025,Grayson Allen,SG,Phoenix Suns,Boston Celtics,21,3,0.318,0.808,1.974,0.49,0.929,1.556
2025,Grayson Allen,SG,Phoenix Suns,Houston Rockets,21,4,0.318,0.724,1.491,0.406,0.941,1.271
2025,Grayson Allen,SG,Phoenix Suns,New York Knicks,21,5,0.318,0.807,1.383,0.489,0.929,1.202
2025,Grayson Allen,SG,Phoenix Suns,Indiana Pacers,21,6,0.318,0.275,1.224,0,1,1.135
2025,Grayson Allen,SG,Phoenix Suns,Los Angeles Clippers,21,9,0.318,1.026,1.262,0.708,0.899,1.117
2025,Grayson Allen,SG,Phoenix Suns,Denver Nuggets,21,8,0.318,0.812,1.21,0.494,0.929,1.098
2025,Grayson Allen,SG,Phoenix Suns,Minnesota Timberwolves,21,10,0.318,1.353,1.203,1.036,0.856,1.064
2025,Grayson Allen,SG,Phoenix Suns,Los Angeles Lakers,21,7,0.318,1.047,1.132,0.729,0.896,1.038
2025,Grayson Allen,SG,Phoenix Suns,Golden State Warriors,21,12,0.318,0.448,1.01,0.13,0.981,0.998
2025,Grayson Allen,SG,Phoenix Suns,Milwaukee Bucks,21,11,0.318,0.683,0.997,0.365,0.947,0.977
2025,Grayson Allen,SG,Phoenix Suns,Memphis Grizzlies,21,13,0.318,0.996,1.025,0.678,0.903,0.977
2025,Grayson Allen,SG,Phoenix Suns,Detroit Pistons,21,14,0.318,2.249,0.76,1.931,0.749,0.755
2025,Grayson Allen,SG,Phoenix Suns,Orlando Magic,21,15,0.318,0.142,0.58,0,1,0.748
2025,Grayson Allen,SG,Phoenix Suns,Sacramento Kings,21,17,0.318,0.908,0.453,0.59,0.915,0.638
2025,Grayson Allen,SG,Phoenix Suns,Atlanta Hawks,21,16,0.318,1.001,0.421,0.683,0.903,0.614
2025,Grayson Allen,SG,Phoenix Suns,Chicago Bulls,21,18,0.318,0.842,0.299,0.524,0.924,0.549
2025,Grayson Allen,SG,Phoenix Suns,Miami Heat,21,20,0.318,1.223,0.295,0.906,0.873,0.526
2025,Grayson Allen,SG,Phoenix Suns,Dallas Mavericks,21,19,0.318,1.335,0.27,1.018,0.858,0.505
2025,Grayson Allen,SG,Phoenix Suns,Portland Trail Blazers,21,22,0.318,0.782,0.004,0.464,0.933,0.375
2025,Guerschon Yabusele,C,Philadelphia 76ers,Oklahoma City Thunder,26,1,-0.133,1.018,3.024,1.151,0.841,2.151
2025,Guerschon Yabusele,C,Philadelphia 76ers,Cleveland Cavaliers,26,2,-0.133,0.96,2.693,1.093,0.849,1.955
2025,Guerschon Yabusele,C,Philadelphia 76ers,Boston Celtics,26,3,-0.133,0.929,2.594,1.062,0.853,1.898
2025,Guerschon Yabusele,C,Philadelphia 76ers,Houston Rockets,26,4,-0.133,0.807,2.11,0.941,0.868,1.614
2025,Guerschon Yabusele,C,Philadelphia 76ers,New York Knicks,26,5,-0.133,1.332,2.003,1.466,0.803,1.523
2025,Guerschon Yabusele,C,Philadelphia 76ers,Indiana Pacers,26,6,-0.133,0.754,1.844,0.888,0.875,1.457
2025,Guerschon Yabusele,C,Philadelphia 76ers,Los Angeles Clippers,26,9,-0.133,1.266,1.882,1.399,0.811,1.453
2025,Guerschon Yabusele,C,Philadelphia 76ers,Minnesota Timberwolves,26,10,-0.133,1.008,1.823,1.141,0.843,1.431
2025,Guerschon Yabusele,C,Philadelphia 76ers,Denver Nuggets,26,8,-0.133,1.827,1.83,1.96,0.745,1.396
2025,Guerschon Yabusele,C,Philadelphia 76ers,Golden State Warriors,26,12,-0.133,-0.087,1.63,0.047,0.993,1.375
2025,Guerschon Yabusele,C,Philadelphia 76ers,Los Angeles Lakers,26,7,-0.133,1.908,1.752,2.041,0.736,1.346
2025,Guerschon Yabusele,C,Philadelphia 76ers,Memphis Grizzlies,26,13,-0.133,0.773,1.645,0.906,0.873,1.336
2025,Guerschon Yabusele,C,Philadelphia 76ers,Milwaukee Bucks,26,11,-0.133,0.498,1.617,0.631,0.91,1.334
2025,Guerschon Yabusele,C,Philadelphia 76ers,Detroit Pistons,26,14,-0.133,0.988,1.38,1.121,0.845,1.166
2025,Guerschon Yabusele,C,Philadelphia 76ers,Orlando Magic,26,15,-0.133,0.455,1.199,0.588,0.916,1.086
2025,Guerschon Yabusele,C,Philadelphia 76ers,Atlanta Hawks,26,16,-0.133,0.616,1.041,0.749,0.894,0.982
2025,Guerschon Yabusele,C,Philadelphia 76ers,Sacramento Kings,26,17,-0.133,1.198,1.073,1.331,0.819,0.971
2025,Guerschon Yabusele,C,Philadelphia 76ers,Miami Heat,26,20,-0.133,0.612,0.915,0.746,0.894,0.907
2025,Guerschon Yabusele,C,Philadelphia 76ers,Chicago Bulls,26,18,-0.133,0.827,0.919,0.96,0.866,0.898
2025,Guerschon Yabusele,C,Philadelphia 76ers,Dallas Mavericks,26,19,-0.133,1.114,0.89,1.247,0.829,0.866
2025,Guerschon Yabusele,C,Philadelphia 76ers,Phoenix Suns,26,21,-0.133,0.34,0.62,0.473,0.931,0.744
2025,Guerschon Yabusele,C,Philadelphia 76ers,Portland Trail Blazers,26,22,-0.133,0.7,0.624,0.833,0.882,0.727
2025,Guerschon Yabusele,C,Philadelphia 76ers,San Antonio Spurs,26,23,-0.133,2.35,0.526,2.483,0.689,0.591
2025,Guerschon Yabusele,C,Philadelphia 76ers,Toronto Raptors,26,24,-0.133,0.899,0.343,1.032,0.857,0.548
2025,Guerschon Yabusele,C,Philadelphia 76ers,Brooklyn Nets,26,25,-0.133,0.443,0.058,0.576,0.917,0.402
2025,Gui Santos,PF,Golden State Warriors,Oklahoma City Thunder,12,1,-0.434,0.795,1.394,1.229,0.832,1.169
2025,Gui Santos,PF,Golden State Warriors,Cleveland Cavaliers,12,2,-0.434,1.717,1.063,2.151,0.724,0.927
2025,Gui Santos,PF,Golden State Warriors,Boston Celtics,12,3,-0.434,1.509,0.964,1.943,0.747,0.878
2025,Gui Santos,PF,Golden State Warriors,Houston Rockets,12,4,-0.434,0.863,0.481,1.297,0.823,0.618
2025,Gui Santos,PF,Golden State Warriors,New York Knicks,12,5,-0.434,0.825,0.373,1.26,0.828,0.555
2025,Gui Santos,PF,Golden State Warriors,Los Angeles Clippers,12,9,-0.434,-0.25,0.252,0.184,0.973,0.54
2025,Gui Santos,PF,Golden State Warriors,Denver Nuggets,12,8,-0.434,0.4,0.2,0.834,0.882,0.473
2025,Gui Santos,PF,Golden State Warriors,Indiana Pacers,12,6,-0.434,0.96,0.214,1.394,0.811,0.453
2025,Gui Santos,PF,Golden State Warriors,Minnesota Timberwolves,12,10,-0.434,0.731,0.193,1.165,0.84,0.452
2025,Gui Santos,PF,Golden State Warriors,Los Angeles Lakers,12,7,-0.434,0.286,0.123,0.721,0.898,0.433
2025,Gui Santos,PF,Golden State Warriors,Memphis Grizzlies,12,13,-0.434,0.525,0.016,0.959,0.866,0.356
2025,Harrison Barnes,PF,San Antonio Spurs,Oklahoma City Thunder,23,1,0.085,0.795,2.497,0.71,0.899,1.858
2025,Harrison Barnes,PF,San Antonio Spurs,Cleveland Cavaliers,23,2,0.085,1.717,2.166,1.632,0.783,1.613
2025,Harrison Barnes,PF,San Antonio Spurs,Boston Celtics,23,3,0.085,1.509,2.068,1.423,0.808,1.564
2025,Harrison Barnes,PF,San Antonio Spurs,Houston Rockets,23,4,0.085,0.863,1.584,0.778,0.89,1.306
2025,Harrison Barnes,PF,San Antonio Spurs,New York Knicks,23,5,0.085,0.825,1.477,0.74,0.895,1.244
2025,Harrison Barnes,PF,San Antonio Spurs,Los Angeles Clippers,23,9,0.085,-0.25,1.355,0,1,1.213
2025,Harrison Barnes,PF,San Antonio Spurs,Denver Nuggets,23,8,0.085,0.4,1.304,0.315,0.954,1.164
2025,Harrison Barnes,PF,San Antonio Spurs,Minnesota Timberwolves,23,10,0.085,0.731,1.297,0.646,0.908,1.141
2025,Harrison Barnes,PF,San Antonio Spurs,Indiana Pacers,23,6,0.085,0.96,1.318,0.874,0.877,1.141
2025,Harrison Barnes,PF,San Antonio Spurs,Los Angeles Lakers,23,7,0.085,0.286,1.226,0.201,0.97,1.124
2025,Harrison Barnes,PF,San Antonio Spurs,Memphis Grizzlies,23,13,0.085,0.525,1.119,0.44,0.936,1.046
2025,Harrison Barnes,PF,San Antonio Spurs,Golden State Warriors,23,12,0.085,0.698,1.103,0.613,0.912,1.027
2025,Harrison Barnes,PF,San Antonio Spurs,Milwaukee Bucks,23,11,0.085,2.524,1.091,2.439,0.694,0.932
2025,Harrison Barnes,PF,San Antonio Spurs,Detroit Pistons,23,14,0.085,0.573,0.853,0.488,0.929,0.884
2025,Harrison Barnes,PF,San Antonio Spurs,Orlando Magic,23,15,0.085,1.217,0.673,1.132,0.844,0.741
2025,Harrison Barnes,PF,San Antonio Spurs,Sacramento Kings,23,17,0.085,0.523,0.546,0.438,0.936,0.702
2025,Harrison Barnes,PF,San Antonio Spurs,Atlanta Hawks,23,16,0.085,0.235,0.514,0.149,0.978,0.7
2025,Harrison Barnes,PF,San Antonio Spurs,Chicago Bulls,23,18,0.085,0.411,0.393,0.326,0.952,0.617
2025,Harrison Barnes,PF,San Antonio Spurs,Miami Heat,23,20,0.085,0.861,0.389,0.776,0.89,0.589
2025,Harrison Barnes,PF,San Antonio Spurs,Dallas Mavericks,23,19,0.085,1.939,0.363,1.854,0.757,0.521
2025,Harrison Barnes,PF,San Antonio Spurs,Portland Trail Blazers,23,22,0.085,0.482,0.097,0.396,0.942,0.435
2025,Harrison Barnes,PF,San Antonio Spurs,Phoenix Suns,23,21,0.085,1.486,0.093,1.401,0.81,0.38
2025,Harrison Ingram,SF,San Antonio Spurs,Oklahoma City Thunder,23,1,-0.622,0.332,2.497,0.954,0.867,1.845
2025,Harrison Ingram,SF,San Antonio Spurs,Cleveland Cavaliers,23,2,-0.622,0.475,2.166,1.097,0.848,1.639
2025,Harrison Ingram,SF,San Antonio Spurs,Boston Celtics,23,3,-0.622,1.283,2.068,1.905,0.751,1.541
2025,Harrison Ingram,SF,San Antonio Spurs,Houston Rockets,23,4,-0.622,1.573,1.584,2.195,0.719,1.238
2025,Harrison Ingram,SF,San Antonio Spurs,New York Knicks,23,5,-0.622,0.764,1.477,1.386,0.812,1.211
2025,Harrison Ingram,SF,San Antonio Spurs,Minnesota Timberwolves,23,10,-0.622,-0.433,1.297,0.188,0.972,1.167
2025,Harrison Ingram,SF,San Antonio Spurs,Indiana Pacers,23,6,-0.622,0.534,1.318,1.156,0.841,1.127
2025,Harrison Ingram,SF,San Antonio Spurs,Los Angeles Clippers,23,9,-0.622,1.392,1.355,2.013,0.739,1.109
2025,Harrison Ingram,SF,San Antonio Spurs,Denver Nuggets,23,8,-0.622,0.927,1.304,1.549,0.793,1.099
2025,Harrison Ingram,SF,San Antonio Spurs,Los Angeles Lakers,23,7,-0.622,2.119,1.226,2.74,0.663,1.001
2025,Harrison Ingram,SF,San Antonio Spurs,Milwaukee Bucks,23,11,-0.622,0.667,1.091,1.289,0.824,0.984
2025,Harrison Ingram,SF,San Antonio Spurs,Golden State Warriors,23,12,-0.622,1.484,1.103,2.106,0.729,0.954
2025,Harrison Ingram,SF,San Antonio Spurs,Detroit Pistons,23,14,-0.622,0.84,0.853,1.462,0.803,0.833
2025,Harrison Ingram,SF,San Antonio Spurs,Orlando Magic,23,15,-0.622,1.486,0.673,2.108,0.729,0.695
2025,Harrison Ingram,SF,San Antonio Spurs,Sacramento Kings,23,17,-0.622,1.064,0.546,1.685,0.777,0.638
2025,Harrison Ingram,SF,San Antonio Spurs,Atlanta Hawks,23,16,-0.622,1.882,0.514,2.504,0.687,0.583
2025,Harrison Ingram,SF,San Antonio Spurs,Dallas Mavericks,23,19,-0.622,0.6,0.363,1.222,0.833,0.551
2025,Harrison Ingram,SF,San Antonio Spurs,Miami Heat,23,20,-0.622,1.143,0.389,1.765,0.767,0.54
2025,Harrison Ingram,SF,San Antonio Spurs,Chicago Bulls,23,18,-0.622,1.234,0.393,1.856,0.757,0.538
2025,Harrison Ingram,SF,San Antonio Spurs,Phoenix Suns,23,21,-0.622,0.395,0.093,1.017,0.858,0.399
2025,Harrison Ingram,SF,San Antonio Spurs,Portland Trail Blazers,23,22,-0.622,1.194,0.097,1.816,0.762,0.363
2025,Haywood Highsmith,SF,Miami Heat,Oklahoma City Thunder,20,1,0.051,0.332,2.108,0.281,0.959,1.649
2025,Haywood Highsmith,SF,Miami Heat,Cleveland Cavaliers,20,2,0.051,0.475,1.777,0.424,0.938,1.442
2025,Haywood Highsmith,SF,Miami Heat,Boston Celtics,20,3,0.051,1.283,1.679,1.232,0.831,1.34
2025,Haywood Highsmith,SF,Miami Heat,Houston Rockets,20,4,0.051,1.573,1.195,1.522,0.796,1.035
2025,Haywood Highsmith,SF,Miami Heat,New York Knicks,20,5,0.051,0.764,1.088,0.713,0.899,1.012
2025,Haywood Highsmith,SF,Miami Heat,Minnesota Timberwolves,20,10,0.051,-0.433,0.908,0,1,0.945
2025,Haywood Highsmith,SF,Miami Heat,Indiana Pacers,20,6,0.051,0.534,0.929,0.483,0.93,0.929
2025,Haywood Highsmith,SF,Miami Heat,Los Angeles Clippers,20,9,0.051,1.392,0.967,1.34,0.818,0.907
2025,Haywood Highsmith,SF,Miami Heat,Denver Nuggets,20,8,0.051,0.927,0.915,0.876,0.877,0.9
2025,Haywood Highsmith,SF,Miami Heat,Los Angeles Lakers,20,7,0.051,2.119,0.837,2.067,0.733,0.796
2025,Haywood Highsmith,SF,Miami Heat,Milwaukee Bucks,20,11,0.051,0.667,0.702,0.616,0.912,0.786
2025,Haywood Highsmith,SF,Miami Heat,Golden State Warriors,20,12,0.051,1.484,0.714,1.433,0.807,0.751
2025,Haywood Highsmith,SF,Miami Heat,Detroit Pistons,20,14,0.051,0.84,0.464,0.789,0.888,0.634
2025,Haywood Highsmith,SF,Miami Heat,Orlando Magic,20,15,0.051,1.486,0.284,1.435,0.806,0.493
2025,Haywood Highsmith,SF,Miami Heat,Sacramento Kings,20,17,0.051,1.064,0.157,1.012,0.859,0.438
2025,Haywood Highsmith,SF,Miami Heat,Atlanta Hawks,20,16,0.051,1.882,0.125,1.831,0.76,0.379
2025,Haywood Highsmith,SF,Miami Heat,Chicago Bulls,20,18,0.051,1.234,0.004,1.183,0.837,0.337
2025,Herbert Jones,SF,New Orleans Pelicans,Oklahoma City Thunder,27,1,0.608,0.332,3.302,0,1,2.381
2025,Herbert Jones,SF,New Orleans Pelicans,Cleveland Cavaliers,27,2,0.608,0.475,2.971,0,1,2.182
2025,Herbert Jones,SF,New Orleans Pelicans,Boston Celtics,27,3,0.608,1.283,2.872,0.675,0.904,2.085
2025,Herbert Jones,SF,New Orleans Pelicans,Houston Rockets,27,4,0.608,1.573,2.388,0.965,0.865,1.779
2025,Herbert Jones,SF,New Orleans Pelicans,New York Knicks,27,5,0.608,0.764,2.281,0.156,0.977,1.759
2025,Herbert Jones,SF,New Orleans Pelicans,Indiana Pacers,27,6,0.608,0.534,2.122,0,1,1.673
2025,Herbert Jones,SF,New Orleans Pelicans,Minnesota Timberwolves,27,10,0.608,-0.433,2.101,0,1,1.661
2025,Herbert Jones,SF,New Orleans Pelicans,Los Angeles Clippers,27,9,0.608,1.392,2.16,0.783,0.889,1.652
2025,Herbert Jones,SF,New Orleans Pelicans,Denver Nuggets,27,8,0.608,0.927,2.108,0.319,0.953,1.646
2025,Herbert Jones,SF,New Orleans Pelicans,Los Angeles Lakers,27,7,0.608,2.119,2.03,1.51,0.797,1.537
2025,Herbert Jones,SF,New Orleans Pelicans,Milwaukee Bucks,27,11,0.608,0.667,1.895,0.059,0.991,1.534
2025,Herbert Jones,SF,New Orleans Pelicans,Golden State Warriors,27,12,0.608,1.484,1.908,0.876,0.877,1.495
2025,Herbert Jones,SF,New Orleans Pelicans,Detroit Pistons,27,14,0.608,0.84,1.658,0.232,0.966,1.381
2025,Herbert Jones,SF,New Orleans Pelicans,Orlando Magic,27,15,0.608,1.486,1.477,0.878,0.877,1.237
2025,Herbert Jones,SF,New Orleans Pelicans,Sacramento Kings,27,17,0.608,1.064,1.351,0.455,0.934,1.184
2025,Herbert Jones,SF,New Orleans Pelicans,Atlanta Hawks,27,16,0.608,1.882,1.319,1.274,0.826,1.122
2025,Herbert Jones,SF,New Orleans Pelicans,Dallas Mavericks,27,19,0.608,0.6,1.167,0,1,1.1
2025,Herbert Jones,SF,New Orleans Pelicans,Miami Heat,27,20,0.608,1.143,1.193,0.535,0.923,1.085
2025,Herbert Jones,SF,New Orleans Pelicans,Chicago Bulls,27,18,0.608,1.234,1.197,0.626,0.91,1.082
2025,Herbert Jones,SF,New Orleans Pelicans,Phoenix Suns,27,21,0.608,0.395,0.898,0,1,0.939
2025,Herbert Jones,SF,New Orleans Pelicans,Portland Trail Blazers,27,22,0.608,1.194,0.902,0.586,0.916,0.907
2025,Herbert Jones,SF,New Orleans Pelicans,San Antonio Spurs,27,23,0.608,0.392,0.804,0,1,0.883
2025,Herbert Jones,SF,New Orleans Pelicans,Toronto Raptors,27,24,0.608,1.249,0.621,0.64,0.908,0.736
2025,Herbert Jones,SF,New Orleans Pelicans,Brooklyn Nets,27,25,0.608,0.258,0.336,0,1,0.602
2025,Herbert Jones,SF,New Orleans Pelicans,Philadelphia 76ers,27,26,0.608,0.804,0.278,0.196,0.971,0.555
2025,Hunter Tyson,PF,Denver Nuggets,Oklahoma City Thunder,8,1,-0.917,0.795,1.194,1.712,0.774,1.026
2025,Hunter Tyson,PF,Denver Nuggets,Cleveland Cavaliers,8,2,-0.917,1.717,0.863,2.634,0.674,0.787
2025,Hunter Tyson,PF,Denver Nuggets,Boston Celtics,8,3,-0.917,1.509,0.764,2.426,0.695,0.736
2025,Hunter Tyson,PF,Denver Nuggets,Houston Rockets,8,4,-0.917,0.863,0.28,1.78,0.766,0.474
2025,Hunter Tyson,PF,Denver Nuggets,New York Knicks,8,5,-0.917,0.825,0.173,1.742,0.77,0.412
2025,Hunter Tyson,PF,Denver Nuggets,Los Angeles Clippers,8,9,-0.917,-0.25,0.052,0.667,0.905,0.393
2025,Hunter Tyson,PF,Denver Nuggets,Indiana Pacers,8,6,-0.917,0.96,0.014,1.877,0.755,0.31
2025,Immanuel Quickley,PG,Toronto Raptors,Oklahoma City Thunder,24,1,0.562,1.646,2.681,1.084,0.85,1.948
2025,Immanuel Quickley,PG,Toronto Raptors,Cleveland Cavaliers,24,2,0.562,0.908,2.35,0.346,0.949,1.79
2025,Immanuel Quickley,PG,Toronto Raptors,Boston Celtics,24,3,0.562,0.432,2.251,0,1,1.751
2025,Immanuel Quickley,PG,Toronto Raptors,Houston Rockets,24,4,0.562,0.457,1.768,0,1,1.461
2025,Immanuel Quickley,PG,Toronto Raptors,New York Knicks,24,5,0.562,1.105,1.66,0.543,0.922,1.365
2025,Immanuel Quickley,PG,Toronto Raptors,Los Angeles Clippers,24,9,0.562,1.03,1.539,0.468,0.932,1.296
2025,Immanuel Quickley,PG,Toronto Raptors,Minnesota Timberwolves,24,10,0.562,0.2,1.48,0,1,1.288
2025,Immanuel Quickley,PG,Toronto Raptors,Denver Nuggets,24,8,0.562,0.822,1.487,0.26,0.962,1.277
2025,Immanuel Quickley,PG,Toronto Raptors,Indiana Pacers,24,6,0.562,1.379,1.501,0.817,0.885,1.255
2025,Immanuel Quickley,PG,Toronto Raptors,Los Angeles Lakers,24,7,0.562,1.252,1.409,0.691,0.902,1.206
2025,Immanuel Quickley,PG,Toronto Raptors,Memphis Grizzlies,24,13,0.562,0.849,1.302,0.287,0.958,1.165
2025,Immanuel Quickley,PG,Toronto Raptors,Golden State Warriors,24,12,0.562,1.025,1.287,0.463,0.933,1.145
2025,Immanuel Quickley,PG,Toronto Raptors,Milwaukee Bucks,24,11,0.562,1.065,1.274,0.503,0.927,1.136
2025,Immanuel Quickley,PG,Toronto Raptors,Detroit Pistons,24,14,0.562,1.099,1.037,0.537,0.923,0.991
2025,Immanuel Quickley,PG,Toronto Raptors,Orlando Magic,24,15,0.562,0.182,0.856,0,1,0.914
2025,Immanuel Quickley,PG,Toronto Raptors,Sacramento Kings,24,17,0.562,0.871,0.73,0.31,0.955,0.82
2025,Immanuel Quickley,PG,Toronto Raptors,Atlanta Hawks,24,16,0.562,1.258,0.698,0.696,0.901,0.779
2025,Immanuel Quickley,PG,Toronto Raptors,Miami Heat,24,20,0.562,0.39,0.572,0,1,0.743
2025,Immanuel Quickley,PG,Toronto Raptors,Chicago Bulls,24,18,0.562,0.694,0.576,0.133,0.98,0.738
2025,Immanuel Quickley,PG,Toronto Raptors,Dallas Mavericks,24,19,0.562,1.413,0.547,0.851,0.88,0.68
2025,Immanuel Quickley,PG,Toronto Raptors,Portland Trail Blazers,24,22,0.562,0.141,0.281,0,1,0.569
2025,Immanuel Quickley,PG,Toronto Raptors,Phoenix Suns,24,21,0.562,0.387,0.277,0,1,0.566
2025,Immanuel Quickley,PG,Toronto Raptors,San Antonio Spurs,24,23,0.562,0.766,0.184,0.205,0.97,0.498
2025,Isaac Jones,PF,Sacramento Kings,Oklahoma City Thunder,17,1,-0.44,0.795,1.951,1.235,0.831,1.503
2025,Isaac Jones,PF,Sacramento Kings,Cleveland Cavaliers,17,2,-0.44,1.717,1.62,2.158,0.723,1.261
2025,Isaac Jones,PF,Sacramento Kings,Boston Celtics,17,3,-0.44,1.509,1.521,1.949,0.747,1.211
2025,Isaac Jones,PF,Sacramento Kings,Houston Rockets,17,4,-0.44,0.863,1.038,1.304,0.822,0.952
2025,Isaac Jones,PF,Sacramento Kings,New York Knicks,17,5,-0.44,0.825,0.93,1.266,0.827,0.889
2025,Isaac Jones,PF,Sacramento Kings,Los Angeles Clippers,17,9,-0.44,-0.25,0.809,0.191,0.972,0.874
2025,Isaac Jones,PF,Sacramento Kings,Denver Nuggets,17,8,-0.44,0.4,0.757,0.84,0.882,0.807
2025,Isaac Jones,PF,Sacramento Kings,Indiana Pacers,17,6,-0.44,0.96,0.771,1.4,0.811,0.787
2025,Isaac Jones,PF,Sacramento Kings,Minnesota Timberwolves,17,10,-0.44,0.731,0.75,1.172,0.839,0.786
2025,Isaac Jones,PF,Sacramento Kings,Los Angeles Lakers,17,7,-0.44,0.286,0.68,0.727,0.897,0.766
2025,Isaac Jones,PF,Sacramento Kings,Memphis Grizzlies,17,13,-0.44,0.525,0.573,0.965,0.865,0.69
2025,Isaac Jones,PF,Sacramento Kings,Golden State Warriors,17,12,-0.44,0.698,0.557,1.138,0.843,0.671
2025,Isaac Jones,PF,Sacramento Kings,Milwaukee Bucks,17,11,-0.44,2.524,0.544,2.964,0.641,0.583
2025,Isaac Jones,PF,Sacramento Kings,Detroit Pistons,17,14,-0.44,0.573,0.307,1.014,0.859,0.528
2025,Isaac Jones,PF,Sacramento Kings,Orlando Magic,17,15,-0.44,1.217,0.127,1.658,0.78,0.388
2025,Isaac Okoro,SG,Cleveland Cavaliers,Oklahoma City Thunder,2,1,-0.072,1.265,0.331,1.337,0.818,0.526
2025,Isaiah Collier,PG,Utah Jazz,Oklahoma City Thunder,30,1,0.021,1.646,3.505,1.626,0.784,2.416
2025,Isaiah Collier,PG,Utah Jazz,Cleveland Cavaliers,30,2,0.021,0.908,3.174,0.888,0.875,2.254
2025,Isaiah Collier,PG,Utah Jazz,Boston Celtics,30,3,0.021,0.432,3.075,0.411,0.94,2.221
2025,Isaiah Collier,PG,Utah Jazz,Houston Rockets,30,4,0.021,0.457,2.591,0.436,0.937,1.929
2025,Isaiah Collier,PG,Utah Jazz,New York Knicks,30,5,0.021,1.105,2.484,1.084,0.85,1.83
2025,Isaiah Collier,PG,Utah Jazz,Minnesota Timberwolves,30,10,0.021,0.2,2.304,0.179,0.973,1.772
2025,Isaiah Collier,PG,Utah Jazz,Los Angeles Clippers,30,9,0.021,1.03,2.363,1.009,0.86,1.762
2025,Isaiah Collier,PG,Utah Jazz,Denver Nuggets,30,8,0.021,0.822,2.311,0.801,0.887,1.741
2025,Isaiah Collier,PG,Utah Jazz,Indiana Pacers,30,6,0.021,1.379,2.325,1.358,0.816,1.721
2025,Isaiah Collier,PG,Utah Jazz,Los Angeles Lakers,30,7,0.021,1.252,2.233,1.232,0.831,1.672
2025,Isaiah Collier,PG,Utah Jazz,Memphis Grizzlies,30,13,0.021,0.849,2.126,0.828,0.883,1.629
2025,Isaiah Collier,PG,Utah Jazz,Golden State Warriors,30,12,0.021,1.025,2.111,1.004,0.86,1.611
2025,Isaiah Collier,PG,Utah Jazz,Milwaukee Bucks,30,11,0.021,1.065,2.098,1.044,0.855,1.601
2025,Isaiah Collier,PG,Utah Jazz,Detroit Pistons,30,14,0.021,1.099,1.861,1.078,0.851,1.457
2025,Isaiah Collier,PG,Utah Jazz,Orlando Magic,30,15,0.021,0.182,1.68,0.161,0.976,1.399
2025,Isaiah Collier,PG,Utah Jazz,Sacramento Kings,30,17,0.021,0.871,1.554,0.851,0.88,1.284
2025,Isaiah Collier,PG,Utah Jazz,Atlanta Hawks,30,16,0.021,1.258,1.522,1.237,0.831,1.245
2025,Isaiah Collier,PG,Utah Jazz,Miami Heat,30,20,0.021,0.39,1.396,0.37,0.946,1.216
2025,Isaiah Collier,PG,Utah Jazz,Chicago Bulls,30,18,0.021,0.694,1.4,0.674,0.904,1.202
2025,Isaiah Collier,PG,Utah Jazz,Dallas Mavericks,30,19,0.021,1.413,1.371,1.392,0.812,1.147
2025,Isaiah Collier,PG,Utah Jazz,Portland Trail Blazers,30,22,0.021,0.141,1.105,0.12,0.982,1.056
2025,Isaiah Collier,PG,Utah Jazz,Phoenix Suns,30,21,0.021,0.387,1.101,0.367,0.946,1.039
2025,Isaiah Collier,PG,Utah Jazz,San Antonio Spurs,30,23,0.021,0.766,1.007,0.746,0.894,0.962
2025,Isaiah Collier,PG,Utah Jazz,Toronto Raptors,30,24,0.021,0.562,0.824,0.541,0.922,0.863
2025,Isaiah Collier,PG,Utah Jazz,Brooklyn Nets,30,25,0.021,0.658,0.539,0.638,0.909,0.687
2025,Isaiah Collier,PG,Utah Jazz,Philadelphia 76ers,30,26,0.021,1.022,0.481,1.001,0.861,0.633
2025,Isaiah Collier,PG,Utah Jazz,New Orleans Pelicans,30,27,0.021,0.702,0.203,0.682,0.903,0.483
2025,Isaiah Collier,PG,Utah Jazz,Charlotte Hornets,30,28,0.021,0.883,0.156,0.862,0.879,0.445
2025,Isaiah Crawford,SF,Sacramento Kings,Oklahoma City Thunder,17,1,-0.897,0.332,1.951,1.229,0.832,1.503
2025,Isaiah Crawford,SF,Sacramento Kings,Cleveland Cavaliers,17,2,-0.897,0.475,1.62,1.372,0.814,1.298
2025,Isaiah Crawford,SF,Sacramento Kings,Boston Celtics,17,3,-0.897,1.283,1.521,2.181,0.721,1.201
2025,Isaiah Crawford,SF,Sacramento Kings,Houston Rockets,17,4,-0.897,1.573,1.038,2.47,0.69,0.899
2025,Isaiah Crawford,SF,Sacramento Kings,New York Knicks,17,5,-0.897,0.764,0.93,1.661,0.779,0.87
2025,Isaiah Crawford,SF,Sacramento Kings,Minnesota Timberwolves,17,10,-0.897,-0.433,0.75,0.464,0.933,0.823
2025,Isaiah Crawford,SF,Sacramento Kings,Indiana Pacers,17,6,-0.897,0.534,0.771,1.431,0.807,0.786
2025,Isaiah Crawford,SF,Sacramento Kings,Los Angeles Clippers,17,9,-0.897,1.392,0.809,2.289,0.709,0.769
2025,Isaiah Crawford,SF,Sacramento Kings,Denver Nuggets,17,8,-0.897,0.927,0.757,1.824,0.761,0.759
2025,Isaiah Crawford,SF,Sacramento Kings,Los Angeles Lakers,17,7,-0.897,2.119,0.68,3.016,0.636,0.662
2025,Isaiah Crawford,SF,Sacramento Kings,Milwaukee Bucks,17,11,-0.897,0.667,0.544,1.565,0.791,0.643
2025,Isaiah Crawford,SF,Sacramento Kings,Golden State Warriors,17,12,-0.897,1.484,0.557,2.381,0.7,0.614
2025,Isaiah Crawford,SF,Sacramento Kings,Detroit Pistons,17,14,-0.897,0.84,0.307,1.737,0.771,0.492
2025,Isaiah Crawford,SF,Sacramento Kings,Orlando Magic,17,15,-0.897,1.486,0.127,2.383,0.699,0.356
2025,Isaiah Jackson,C,Indiana Pacers,Oklahoma City Thunder,6,1,0.395,1.018,1.18,0.622,0.911,1.072
2025,Isaiah Jackson,C,Indiana Pacers,Cleveland Cavaliers,6,2,0.395,0.96,0.849,0.565,0.919,0.877
2025,Isaiah Jackson,C,Indiana Pacers,Boston Celtics,6,3,0.395,0.929,0.75,0.534,0.923,0.819
2025,Isaiah Jackson,C,Indiana Pacers,Houston Rockets,6,4,0.395,0.807,0.266,0.412,0.94,0.536
2025,Isaiah Jackson,C,Indiana Pacers,New York Knicks,6,5,0.395,1.332,0.159,0.937,0.869,0.443
2025,Isaiah Jackson,C,Indiana Pacers,Los Angeles Clippers,6,9,0.395,1.266,0.038,0.871,0.878,0.374
2025,Isaiah Mobley,PF,Philadelphia 76ers,Oklahoma City Thunder,26,1,0.272,0.795,3.024,0.523,0.925,2.184
2025,Isaiah Mobley,PF,Philadelphia 76ers,Cleveland Cavaliers,26,2,0.272,1.717,2.693,1.446,0.805,1.938
2025,Isaiah Mobley,PF,Philadelphia 76ers,Boston Celtics,26,3,0.272,1.509,2.594,1.237,0.831,1.889
2025,Isaiah Mobley,PF,Philadelphia 76ers,Houston Rockets,26,4,0.272,0.863,2.11,0.591,0.915,1.632
2025,Isaiah Mobley,PF,Philadelphia 76ers,New York Knicks,26,5,0.272,0.825,2.003,0.554,0.92,1.57
2025,Isaiah Mobley,PF,Philadelphia 76ers,Los Angeles Clippers,26,9,0.272,-0.25,1.882,0,1,1.529
2025,Isaiah Mobley,PF,Philadelphia 76ers,Denver Nuggets,26,8,0.272,0.4,1.83,0.128,0.981,1.49
2025,Isaiah Mobley,PF,Philadelphia 76ers,Minnesota Timberwolves,26,10,0.272,0.731,1.823,0.459,0.933,1.467
2025,Isaiah Mobley,PF,Philadelphia 76ers,Indiana Pacers,26,6,0.272,0.96,1.844,0.688,0.902,1.467
2025,Isaiah Mobley,PF,Philadelphia 76ers,Los Angeles Lakers,26,7,0.272,0.286,1.752,0.015,0.998,1.451
2025,Isaiah Mobley,PF,Philadelphia 76ers,Memphis Grizzlies,26,13,0.272,0.525,1.645,0.253,0.963,1.372
2025,Isaiah Mobley,PF,Philadelphia 76ers,Golden State Warriors,26,12,0.272,0.698,1.63,0.426,0.938,1.353
2025,Isaiah Mobley,PF,Philadelphia 76ers,Milwaukee Bucks,26,11,0.272,2.524,1.617,2.252,0.713,1.256
2025,Isaiah Mobley,PF,Philadelphia 76ers,Detroit Pistons,26,14,0.272,0.573,1.38,0.302,0.956,1.21
2025,Isaiah Mobley,PF,Philadelphia 76ers,Orlando Magic,26,15,0.272,1.217,1.199,0.946,0.868,1.067
2025,Isaiah Mobley,PF,Philadelphia 76ers,Sacramento Kings,26,17,0.272,0.523,1.073,0.251,0.963,1.029
2025,Isaiah Mobley,PF,Philadelphia 76ers,Atlanta Hawks,26,16,0.272,0.235,1.041,0,1,1.024
2025,Isaiah Mobley,PF,Philadelphia 76ers,Chicago Bulls,26,18,0.272,0.411,0.919,0.139,0.979,0.943
2025,Isaiah Mobley,PF,Philadelphia 76ers,Miami Heat,26,20,0.272,0.861,0.915,0.589,0.915,0.915
2025,Isaiah Mobley,PF,Philadelphia 76ers,Dallas Mavericks,26,19,0.272,1.939,0.89,1.667,0.779,0.845
2025,Isaiah Mobley,PF,Philadelphia 76ers,Portland Trail Blazers,26,22,0.272,0.482,0.624,0.21,0.969,0.762
2025,Isaiah Mobley,PF,Philadelphia 76ers,Phoenix Suns,26,21,0.272,1.486,0.62,1.214,0.833,0.705
2025,Isaiah Mobley,PF,Philadelphia 76ers,San Antonio Spurs,26,23,0.272,0.484,0.526,0.212,0.969,0.703
2025,Isaiah Mobley,PF,Philadelphia 76ers,Toronto Raptors,26,24,0.272,1.283,0.343,1.011,0.859,0.549
2025,Isaiah Mobley,PF,Philadelphia 76ers,Brooklyn Nets,26,25,0.272,0.624,0.058,0.352,0.949,0.414
2025,Isaiah Stevens,PG,Miami Heat,Oklahoma City Thunder,20,1,-1.591,1.646,2.108,3.237,0.615,1.511
2025,Isaiah Stevens,PG,Miami Heat,Cleveland Cavaliers,20,2,-1.591,0.908,1.777,2.499,0.687,1.341
2025,Isaiah Stevens,PG,Miami Heat,Boston Celtics,20,3,-1.591,0.432,1.679,2.022,0.738,1.303
2025,Isaiah Stevens,PG,Miami Heat,Houston Rockets,20,4,-1.591,0.457,1.195,2.047,0.736,1.011
2025,Isaiah Stevens,PG,Miami Heat,New York Knicks,20,5,-1.591,1.105,1.088,2.695,0.667,0.92
2025,Isaiah Stevens,PG,Miami Heat,Minnesota Timberwolves,20,10,-1.591,0.2,0.908,1.79,0.765,0.85
2025,Isaiah Stevens,PG,Miami Heat,Los Angeles Clippers,20,9,-1.591,1.03,0.967,2.62,0.675,0.85
2025,Isaiah Stevens,PG,Miami Heat,Denver Nuggets,20,8,-1.591,0.822,0.915,2.413,0.696,0.827
2025,Isaiah Stevens,PG,Miami Heat,Indiana Pacers,20,6,-1.591,1.379,0.929,2.969,0.641,0.814
2025,Isaiah Stevens,PG,Miami Heat,Los Angeles Lakers,20,7,-1.591,1.252,0.837,2.843,0.653,0.763
2025,Isaiah Stevens,PG,Miami Heat,Memphis Grizzlies,20,13,-1.591,0.849,0.73,2.439,0.694,0.715
2025,Isaiah Stevens,PG,Miami Heat,Golden State Warriors,20,12,-1.591,1.025,0.714,2.615,0.676,0.699
2025,Isaiah Stevens,PG,Miami Heat,Milwaukee Bucks,20,11,-1.591,1.065,0.702,2.655,0.671,0.69
2025,Isaiah Stevens,PG,Miami Heat,Detroit Pistons,20,14,-1.591,1.099,0.464,2.689,0.668,0.546
2025,Isaiah Stevens,PG,Miami Heat,Orlando Magic,20,15,-1.591,0.182,0.284,1.772,0.767,0.477
2025,Isaiah Stevens,PG,Miami Heat,Sacramento Kings,20,17,-1.591,0.871,0.157,2.462,0.691,0.371
2025,Isaiah Stevens,PG,Miami Heat,Atlanta Hawks,20,16,-1.591,1.258,0.125,2.848,0.652,0.336
2025,Isaiah Stevens,PG,Miami Heat,Chicago Bulls,20,18,-1.591,0.694,0.004,2.285,0.71,0.286
2025,Isaiah Stewart,C,Detroit Pistons,Oklahoma City Thunder,14,1,0.112,1.018,1.644,0.906,0.873,1.336
2025,Isaiah Stewart,C,Detroit Pistons,Cleveland Cavaliers,14,2,0.112,0.96,1.313,0.848,0.881,1.14
2025,Isaiah Stewart,C,Detroit Pistons,Boston Celtics,14,3,0.112,0.929,1.215,0.817,0.885,1.083
2025,Isaiah Stewart,C,Detroit Pistons,Houston Rockets,14,4,0.112,0.807,0.731,0.695,0.901,0.799
2025,Isaiah Stewart,C,Detroit Pistons,New York Knicks,14,5,0.112,1.332,0.623,1.22,0.833,0.707
2025,Isaiah Stewart,C,Detroit Pistons,Indiana Pacers,14,6,0.112,0.754,0.464,0.642,0.908,0.642
2025,Isaiah Stewart,C,Detroit Pistons,Los Angeles Clippers,14,9,0.112,1.266,0.502,1.154,0.841,0.638
2025,Isaiah Stewart,C,Detroit Pistons,Minnesota Timberwolves,14,10,0.112,1.008,0.443,0.896,0.874,0.616
2025,Isaiah Stewart,C,Detroit Pistons,Denver Nuggets,14,8,0.112,1.827,0.45,1.715,0.773,0.58
2025,Isaiah Stewart,C,Detroit Pistons,Golden State Warriors,14,12,0.112,-0.087,0.25,0,1,0.55
2025,Isaiah Stewart,C,Detroit Pistons,Los Angeles Lakers,14,7,0.112,1.908,0.373,1.796,0.764,0.529
2025,Isaiah Stewart,C,Detroit Pistons,Memphis Grizzlies,14,13,0.112,0.773,0.266,0.661,0.906,0.522
2025,Isaiah Stewart,C,Detroit Pistons,Milwaukee Bucks,14,11,0.112,0.498,0.237,0.386,0.944,0.52
2025,Isaiah Wong,SG,Charlotte Hornets,Oklahoma City Thunder,28,1,-0.279,1.265,3.349,1.544,0.793,2.327
2025,Isaiah Wong,SG,Charlotte Hornets,Cleveland Cavaliers,28,2,-0.279,1.342,3.018,1.62,0.784,2.124
2025,Isaiah Wong,SG,Charlotte Hornets,Boston Celtics,28,3,-0.279,0.808,2.92,1.087,0.85,2.092
2025,Isaiah Wong,SG,Charlotte Hornets,Houston Rockets,28,4,-0.279,0.724,2.436,1.003,0.86,1.806
2025,Isaiah Wong,SG,Charlotte Hornets,New York Knicks,28,5,-0.279,0.807,2.328,1.085,0.85,1.737
2025,Isaiah Wong,SG,Charlotte Hornets,Indiana Pacers,28,6,-0.279,0.275,2.169,0.553,0.92,1.67
2025,Isaiah Wong,SG,Charlotte Hornets,Los Angeles Clippers,28,9,-0.279,1.026,2.207,1.304,0.822,1.653
2025,Isaiah Wong,SG,Charlotte Hornets,Denver Nuggets,28,8,-0.279,0.812,2.155,1.091,0.849,1.633
2025,Isaiah Wong,SG,Charlotte Hornets,Minnesota Timberwolves,28,10,-0.279,1.353,2.148,1.632,0.783,1.602
2025,Isaiah Wong,SG,Charlotte Hornets,Los Angeles Lakers,28,7,-0.279,1.047,2.078,1.326,0.82,1.574
2025,Isaiah Wong,SG,Charlotte Hornets,Golden State Warriors,28,12,-0.279,0.448,1.955,0.727,0.897,1.532
2025,Isaiah Wong,SG,Charlotte Hornets,Memphis Grizzlies,28,13,-0.279,0.996,1.971,1.274,0.826,1.513
2025,Isaiah Wong,SG,Charlotte Hornets,Milwaukee Bucks,28,11,-0.279,0.683,1.943,0.961,0.866,1.512
2025,Isaiah Wong,SG,Charlotte Hornets,Detroit Pistons,28,14,-0.279,2.249,1.705,2.528,0.684,1.297
2025,Isaiah Wong,SG,Charlotte Hornets,Orlando Magic,28,15,-0.279,0.142,1.525,0.42,0.939,1.29
2025,Isaiah Wong,SG,Charlotte Hornets,Sacramento Kings,28,17,-0.279,0.908,1.398,1.187,0.837,1.174
2025,Isaiah Wong,SG,Charlotte Hornets,Atlanta Hawks,28,16,-0.279,1.001,1.366,1.28,0.825,1.15
2025,Isaiah Wong,SG,Charlotte Hornets,Chicago Bulls,28,18,-0.279,0.842,1.244,1.12,0.845,1.085
2025,Isaiah Wong,SG,Charlotte Hornets,Miami Heat,28,20,-0.279,1.223,1.241,1.502,0.798,1.064
2025,Isaiah Wong,SG,Charlotte Hornets,Dallas Mavericks,28,19,-0.279,1.335,1.215,1.614,0.785,1.043
2025,Isaiah Wong,SG,Charlotte Hornets,Portland Trail Blazers,28,22,-0.279,0.782,0.949,1.061,0.853,0.911
2025,Isaiah Wong,SG,Charlotte Hornets,Phoenix Suns,28,21,-0.279,1.298,0.945,1.577,0.789,0.883
2025,Isaiah Wong,SG,Charlotte Hornets,San Antonio Spurs,28,23,-0.279,0.668,0.852,0.946,0.868,0.858
2025,Isaiah Wong,SG,Charlotte Hornets,Toronto Raptors,28,24,-0.279,0.479,0.668,0.757,0.893,0.758
2025,Isaiah Wong,SG,Charlotte Hornets,Brooklyn Nets,28,25,-0.279,0.95,0.383,1.228,0.832,0.563
2025,Isaiah Wong,SG,Charlotte Hornets,Philadelphia 76ers,28,26,-0.279,1.127,0.325,1.406,0.81,0.519
2025,Isaiah Wong,SG,Charlotte Hornets,New Orleans Pelicans,28,27,-0.279,0.263,0.047,0.541,0.922,0.397
2025,Ivica Zubac,C,Los Angeles Clippers,Oklahoma City Thunder,9,1,1.266,1.018,1.142,0,1,1.085
2025,Ivica Zubac,C,Los Angeles Clippers,Cleveland Cavaliers,9,2,1.266,0.96,0.811,0,1,0.886
2025,Ivica Zubac,C,Los Angeles Clippers,Boston Celtics,9,3,1.266,0.929,0.712,0,1,0.827
2025,Ivica Zubac,C,Los Angeles Clippers,Houston Rockets,9,4,1.266,0.807,0.228,0,1,0.537
2025,Ivica Zubac,C,Los Angeles Clippers,New York Knicks,9,5,1.266,1.332,0.121,0.067,0.99,0.469
2025,Ja Morant,PG,Memphis Grizzlies,Oklahoma City Thunder,13,1,0.849,1.646,1.378,0.797,0.887,1.182
2025,Ja Morant,PG,Memphis Grizzlies,Cleveland Cavaliers,13,2,0.849,0.908,1.047,0.059,0.991,1.025
2025,Ja Morant,PG,Memphis Grizzlies,Boston Celtics,13,3,0.849,0.432,0.949,0,1,0.969
2025,Ja Morant,PG,Memphis Grizzlies,Houston Rockets,13,4,0.849,0.457,0.465,0,1,0.679
2025,Ja Morant,PG,Memphis Grizzlies,New York Knicks,13,5,0.849,1.105,0.358,0.256,0.962,0.6
2025,Ja Morant,PG,Memphis Grizzlies,Los Angeles Clippers,13,9,0.849,1.03,0.237,0.181,0.973,0.531
2025,Ja Morant,PG,Memphis Grizzlies,Denver Nuggets,13,8,0.849,0.822,0.185,0,1,0.511
2025,Ja Morant,PG,Memphis Grizzlies,Minnesota Timberwolves,13,10,0.849,0.2,0.178,0,1,0.507
2025,Ja Morant,PG,Memphis Grizzlies,Indiana Pacers,13,6,0.849,1.379,0.199,0.53,0.924,0.489
2025,Ja Morant,PG,Memphis Grizzlies,Los Angeles Lakers,13,7,0.849,1.252,0.107,0.404,0.941,0.441
2025,Ja'Kobe Walter,SG,Toronto Raptors,Oklahoma City Thunder,24,1,-0.054,1.265,2.681,1.319,0.82,1.937
2025,Ja'Kobe Walter,SG,Toronto Raptors,Cleveland Cavaliers,24,2,-0.054,1.342,2.35,1.396,0.811,1.734
2025,Ja'Kobe Walter,SG,Toronto Raptors,Boston Celtics,24,3,-0.054,0.808,2.251,0.862,0.879,1.702
2025,Ja'Kobe Walter,SG,Toronto Raptors,Houston Rockets,24,4,-0.054,0.724,1.768,0.778,0.89,1.416
2025,Ja'Kobe Walter,SG,Toronto Raptors,New York Knicks,24,5,-0.054,0.807,1.66,0.861,0.879,1.348
2025,Ja'Kobe Walter,SG,Toronto Raptors,Indiana Pacers,24,6,-0.054,0.275,1.501,0.329,0.952,1.282
2025,Ja'Kobe Walter,SG,Toronto Raptors,Los Angeles Clippers,24,9,-0.054,1.026,1.539,1.08,0.85,1.264
2025,Ja'Kobe Walter,SG,Toronto Raptors,Denver Nuggets,24,8,-0.054,0.812,1.487,0.866,0.878,1.244
2025,Ja'Kobe Walter,SG,Toronto Raptors,Minnesota Timberwolves,24,10,-0.054,1.353,1.48,1.407,0.81,1.212
2025,Ja'Kobe Walter,SG,Toronto Raptors,Los Angeles Lakers,24,7,-0.054,1.047,1.409,1.101,0.848,1.185
2025,Ja'Kobe Walter,SG,Toronto Raptors,Golden State Warriors,24,12,-0.054,0.448,1.287,0.502,0.927,1.143
2025,Ja'Kobe Walter,SG,Toronto Raptors,Memphis Grizzlies,24,13,-0.054,0.996,1.302,1.049,0.854,1.123
2025,Ja'Kobe Walter,SG,Toronto Raptors,Milwaukee Bucks,24,11,-0.054,0.683,1.274,0.736,0.895,1.123
2025,Ja'Kobe Walter,SG,Toronto Raptors,Detroit Pistons,24,14,-0.054,2.249,1.037,2.303,0.708,0.905
2025,Ja'Kobe Walter,SG,Toronto Raptors,Orlando Magic,24,15,-0.054,0.142,0.856,0.195,0.971,0.902
2025,Ja'Kobe Walter,SG,Toronto Raptors,Sacramento Kings,24,17,-0.054,0.908,0.73,0.962,0.866,0.784
2025,Ja'Kobe Walter,SG,Toronto Raptors,Atlanta Hawks,24,16,-0.054,1.001,0.698,1.055,0.854,0.76
2025,Ja'Kobe Walter,SG,Toronto Raptors,Chicago Bulls,24,18,-0.054,0.842,0.576,0.895,0.874,0.695
2025,Ja'Kobe Walter,SG,Toronto Raptors,Miami Heat,24,20,-0.054,1.223,0.572,1.277,0.826,0.674
2025,Ja'Kobe Walter,SG,Toronto Raptors,Dallas Mavericks,24,19,-0.054,1.335,0.547,1.389,0.812,0.653
2025,Ja'Kobe Walter,SG,Toronto Raptors,Portland Trail Blazers,24,22,-0.054,0.782,0.281,0.836,0.882,0.521
2025,Ja'Kobe Walter,SG,Toronto Raptors,Phoenix Suns,24,21,-0.054,1.298,0.277,1.352,0.816,0.493
2025,Ja'Kobe Walter,SG,Toronto Raptors,San Antonio Spurs,24,23,-0.054,0.668,0.184,0.721,0.897,0.469
2025,Jabari Smith Jr.,PF,Houston Rockets,Oklahoma City Thunder,4,1,0.366,0.795,0.913,0.429,0.938,0.923
2025,Jabari Smith Jr.,PF,Houston Rockets,Cleveland Cavaliers,4,2,0.366,1.717,0.582,1.352,0.817,0.676
2025,Jabari Smith Jr.,PF,Houston Rockets,Boston Celtics,4,3,0.366,1.509,0.484,1.143,0.842,0.627
2025,Jabari Walker,PF,Portland Trail Blazers,Oklahoma City Thunder,22,1,-0.28,0.795,2.4,1.076,0.851,1.78
2025,Jabari Walker,PF,Portland Trail Blazers,Cleveland Cavaliers,22,2,-0.28,1.717,2.069,1.998,0.741,1.538
2025,Jabari Walker,PF,Portland Trail Blazers,Boston Celtics,22,3,-0.28,1.509,1.97,1.789,0.765,1.488
2025,Jabari Walker,PF,Portland Trail Blazers,Houston Rockets,22,4,-0.28,0.863,1.487,1.144,0.842,1.229
2025,Jabari Walker,PF,Portland Trail Blazers,New York Knicks,22,5,-0.28,0.825,1.379,1.106,0.847,1.166
2025,Jabari Walker,PF,Portland Trail Blazers,Los Angeles Clippers,22,9,-0.28,-0.25,1.258,0.031,0.995,1.153
2025,Jabari Walker,PF,Portland Trail Blazers,Denver Nuggets,22,8,-0.28,0.4,1.206,0.68,0.903,1.085
2025,Jabari Walker,PF,Portland Trail Blazers,Indiana Pacers,22,6,-0.28,0.96,1.22,1.24,0.83,1.064
2025,Jabari Walker,PF,Portland Trail Blazers,Minnesota Timberwolves,22,10,-0.28,0.731,1.199,1.012,0.859,1.063
2025,Jabari Walker,PF,Portland Trail Blazers,Los Angeles Lakers,22,7,-0.28,0.286,1.129,0.567,0.918,1.044
2025,Jabari Walker,PF,Portland Trail Blazers,Memphis Grizzlies,22,13,-0.28,0.525,1.022,0.805,0.886,0.967
2025,Jabari Walker,PF,Portland Trail Blazers,Golden State Warriors,22,12,-0.28,0.698,1.006,0.978,0.864,0.949
2025,Jabari Walker,PF,Portland Trail Blazers,Milwaukee Bucks,22,11,-0.28,2.524,0.993,2.805,0.657,0.859
2025,Jabari Walker,PF,Portland Trail Blazers,Detroit Pistons,22,14,-0.28,0.573,0.756,0.854,0.88,0.805
2025,Jabari Walker,PF,Portland Trail Blazers,Orlando Magic,22,15,-0.28,1.217,0.576,1.498,0.799,0.665
2025,Jabari Walker,PF,Portland Trail Blazers,Sacramento Kings,22,17,-0.28,0.523,0.449,0.803,0.886,0.624
2025,Jabari Walker,PF,Portland Trail Blazers,Atlanta Hawks,22,16,-0.28,0.235,0.417,0.515,0.926,0.62
2025,Jabari Walker,PF,Portland Trail Blazers,Chicago Bulls,22,18,-0.28,0.411,0.295,0.691,0.902,0.538
2025,Jabari Walker,PF,Portland Trail Blazers,Miami Heat,22,20,-0.28,0.861,0.292,1.142,0.843,0.512
2025,Jabari Walker,PF,Portland Trail Blazers,Dallas Mavericks,22,19,-0.28,1.939,0.266,2.219,0.717,0.446
2025,Jack McVeigh,PF,Houston Rockets,Oklahoma City Thunder,4,1,-1.247,0.795,0.913,2.042,0.736,0.842
2025,Jack McVeigh,PF,Houston Rockets,Cleveland Cavaliers,4,2,-1.247,1.717,0.582,2.964,0.641,0.606
2025,Jack McVeigh,PF,Houston Rockets,Boston Celtics,4,3,-1.247,1.509,0.484,2.756,0.661,0.555
2025,Jackson Rowe,PF,Golden State Warriors,Oklahoma City Thunder,12,1,-0.49,0.795,1.394,1.285,0.825,1.166
2025,Jackson Rowe,PF,Golden State Warriors,Cleveland Cavaliers,12,2,-0.49,1.717,1.063,2.207,0.718,0.925
2025,Jackson Rowe,PF,Golden State Warriors,Boston Celtics,12,3,-0.49,1.509,0.964,1.998,0.741,0.875
2025,Jackson Rowe,PF,Golden State Warriors,Houston Rockets,12,4,-0.49,0.863,0.481,1.353,0.816,0.615
2025,Jackson Rowe,PF,Golden State Warriors,New York Knicks,12,5,-0.49,0.825,0.373,1.315,0.821,0.552
2025,Jackson Rowe,PF,Golden State Warriors,Los Angeles Clippers,12,9,-0.49,-0.25,0.252,0.24,0.965,0.537
2025,Jackson Rowe,PF,Golden State Warriors,Denver Nuggets,12,8,-0.49,0.4,0.2,0.89,0.875,0.47
2025,Jackson Rowe,PF,Golden State Warriors,Indiana Pacers,12,6,-0.49,0.96,0.214,1.449,0.805,0.45
2025,Jackson Rowe,PF,Golden State Warriors,Minnesota Timberwolves,12,10,-0.49,0.731,0.193,1.221,0.833,0.449
2025,Jackson Rowe,PF,Golden State Warriors,Los Angeles Lakers,12,7,-0.49,0.286,0.123,0.776,0.89,0.43
2025,Jackson Rowe,PF,Golden State Warriors,Memphis Grizzlies,12,13,-0.49,0.525,0.016,1.015,0.859,0.353
2025,Jacob Toppin,SF,Atlanta Hawks,Oklahoma City Thunder,16,1,0.44,0.332,1.983,0,1,1.59
2025,Jacob Toppin,SF,Atlanta Hawks,Cleveland Cavaliers,16,2,0.44,0.475,1.652,0.035,0.995,1.389
2025,Jacob Toppin,SF,Atlanta Hawks,Boston Celtics,16,3,0.44,1.283,1.553,0.844,0.881,1.285
2025,Jacob Toppin,SF,Atlanta Hawks,Houston Rockets,16,4,0.44,1.573,1.07,1.133,0.844,0.979
2025,Jacob Toppin,SF,Atlanta Hawks,New York Knicks,16,5,0.44,0.764,0.962,0.325,0.952,0.958
2025,Jacob Toppin,SF,New York Knicks,Oklahoma City Thunder,5,1,-1.163,0.332,1.021,1.494,0.799,0.932
2025,Jacob Toppin,SF,Atlanta Hawks,Indiana Pacers,16,6,0.44,0.534,0.803,0.094,0.986,0.876
2025,Jacob Toppin,SF,Atlanta Hawks,Minnesota Timberwolves,16,10,0.44,-0.433,0.782,0,1,0.869
2025,Jacob Toppin,SF,Atlanta Hawks,Los Angeles Clippers,16,9,0.44,1.392,0.841,0.952,0.867,0.851
2025,Jacob Toppin,SF,Atlanta Hawks,Denver Nuggets,16,8,0.44,0.927,0.789,0.487,0.93,0.845
2025,Jacob Toppin,SF,Atlanta Hawks,Los Angeles Lakers,16,7,0.44,2.119,0.712,1.679,0.777,0.738
2025,Jacob Toppin,SF,Atlanta Hawks,Milwaukee Bucks,16,11,0.44,0.667,0.576,0.228,0.966,0.732
2025,Jacob Toppin,SF,New York Knicks,Cleveland Cavaliers,5,2,-1.163,0.475,0.69,1.637,0.782,0.727
2025,Jacob Toppin,SF,Atlanta Hawks,Golden State Warriors,16,12,0.44,1.484,0.589,1.044,0.855,0.695
2025,Jacob Toppin,SF,New York Knicks,Boston Celtics,5,3,-1.163,1.283,0.591,2.446,0.693,0.632
2025,Jacob Toppin,SF,Atlanta Hawks,Detroit Pistons,16,14,0.44,0.84,0.339,0.4,0.942,0.58
2025,Jacob Toppin,SF,Atlanta Hawks,Orlando Magic,16,15,0.44,1.486,0.159,1.046,0.855,0.437
2025,Jacob Toppin,SF,Atlanta Hawks,Sacramento Kings,16,17,0.44,1.064,0.032,0.624,0.911,0.383
2025,Jacob Toppin,SF,New York Knicks,Houston Rockets,5,4,-1.163,1.573,0.107,2.735,0.663,0.33
2025,Jaden Hardy,SG,Dallas Mavericks,Oklahoma City Thunder,19,1,-0.127,1.265,2.134,1.393,0.811,1.605
2025,Jaden Hardy,SG,Dallas Mavericks,Cleveland Cavaliers,19,2,-0.127,1.342,1.803,1.469,0.802,1.403
2025,Jaden Hardy,SG,Dallas Mavericks,Boston Celtics,19,3,-0.127,0.808,1.705,0.935,0.869,1.37
2025,Jaden Hardy,SG,Dallas Mavericks,Houston Rockets,19,4,-0.127,0.724,1.221,0.851,0.88,1.085
2025,Jaden Hardy,SG,Dallas Mavericks,New York Knicks,19,5,-0.127,0.807,1.113,0.934,0.869,1.016
2025,Jaden Hardy,SG,Dallas Mavericks,Indiana Pacers,19,6,-0.127,0.275,0.955,0.402,0.941,0.949
2025,Jaden Hardy,SG,Dallas Mavericks,Los Angeles Clippers,19,9,-0.127,1.026,0.992,1.153,0.841,0.932
2025,Jaden Hardy,SG,Dallas Mavericks,Denver Nuggets,19,8,-0.127,0.812,0.941,0.939,0.869,0.912
2025,Jaden Hardy,SG,Dallas Mavericks,Minnesota Timberwolves,19,10,-0.127,1.353,0.933,1.481,0.801,0.88
2025,Jaden Hardy,SG,Dallas Mavericks,Los Angeles Lakers,19,7,-0.127,1.047,0.863,1.174,0.838,0.853
2025,Jaden Hardy,SG,Dallas Mavericks,Golden State Warriors,19,12,-0.127,0.448,0.74,0.575,0.917,0.811
2025,Jaden Hardy,SG,Dallas Mavericks,Milwaukee Bucks,19,11,-0.127,0.683,0.728,0.81,0.886,0.791
2025,Jaden Hardy,SG,Dallas Mavericks,Memphis Grizzlies,19,13,-0.127,0.996,0.756,1.123,0.845,0.791
2025,Jaden Hardy,SG,Dallas Mavericks,Detroit Pistons,19,14,-0.127,2.249,0.49,2.376,0.7,0.574
2025,Jaden Hardy,SG,Dallas Mavericks,Orlando Magic,19,15,-0.127,0.142,0.31,0.269,0.96,0.57
2025,Jaden Hardy,SG,Dallas Mavericks,Sacramento Kings,19,17,-0.127,0.908,0.183,1.036,0.856,0.452
2025,Jaden Hardy,SG,Dallas Mavericks,Atlanta Hawks,19,16,-0.127,1.001,0.151,1.128,0.844,0.428
2025,Jaden Hardy,SG,Dallas Mavericks,Chicago Bulls,19,18,-0.127,0.842,0.029,0.969,0.865,0.364
2025,Jaden Hardy,SG,Dallas Mavericks,Miami Heat,19,20,-0.127,1.223,0.026,1.351,0.817,0.342
2025,Jaden Ivey,SG,Detroit Pistons,Oklahoma City Thunder,14,1,0.555,1.265,1.644,0.71,0.899,1.346
2025,Jaden Ivey,SG,Detroit Pistons,Cleveland Cavaliers,14,2,0.555,1.342,1.313,0.787,0.889,1.143
2025,Jaden Ivey,SG,Detroit Pistons,Boston Celtics,14,3,0.555,0.808,1.215,0.253,0.963,1.114
2025,Jaden Ivey,SG,Detroit Pistons,Houston Rockets,14,4,0.555,0.724,0.731,0.169,0.975,0.828
2025,Jaden Ivey,SG,Detroit Pistons,New York Knicks,14,5,0.555,0.807,0.623,0.251,0.963,0.759
2025,Jaden Ivey,SG,Detroit Pistons,Indiana Pacers,14,6,0.555,0.275,0.464,0,1,0.679
2025,Jaden Ivey,SG,Detroit Pistons,Los Angeles Clippers,14,9,0.555,1.026,0.502,0.471,0.932,0.674
2025,Jaden Ivey,SG,Detroit Pistons,Denver Nuggets,14,8,0.555,0.812,0.45,0.257,0.962,0.655
2025,Jaden Ivey,SG,Detroit Pistons,Minnesota Timberwolves,14,10,0.555,1.353,0.443,0.798,0.887,0.621
2025,Jaden Ivey,SG,Detroit Pistons,Los Angeles Lakers,14,7,0.555,1.047,0.373,0.492,0.929,0.595
2025,Jaden Ivey,SG,Detroit Pistons,Golden State Warriors,14,12,0.555,0.448,0.25,0,1,0.55
2025,Jaden Ivey,SG,Detroit Pistons,Milwaukee Bucks,14,11,0.555,0.683,0.237,0.127,0.981,0.535
2025,Jaden Ivey,SG,Detroit Pistons,Memphis Grizzlies,14,13,0.555,0.996,0.266,0.44,0.936,0.534
2025,Jaden McDaniels,PF,Minnesota Timberwolves,Oklahoma City Thunder,10,1,0.59,0.795,1.201,0.205,0.97,1.108
2025,Jaden McDaniels,PF,Minnesota Timberwolves,Cleveland Cavaliers,10,2,0.59,1.717,0.87,1.127,0.844,0.86
2025,Jaden McDaniels,PF,Minnesota Timberwolves,Boston Celtics,10,3,0.59,1.509,0.771,0.918,0.871,0.811
2025,Jaden McDaniels,PF,Minnesota Timberwolves,Houston Rockets,10,4,0.59,0.863,0.287,0.273,0.96,0.556
2025,Jaden McDaniels,PF,Minnesota Timberwolves,New York Knicks,10,5,0.59,0.825,0.18,0.235,0.965,0.494
2025,Jaden McDaniels,PF,Minnesota Timberwolves,Los Angeles Clippers,10,9,0.59,-0.25,0.059,0,1,0.435
2025,Jaden McDaniels,PF,Minnesota Timberwolves,Denver Nuggets,10,8,0.59,0.4,0.007,0,1,0.404
2025,Jaden McDaniels,PF,Minnesota Timberwolves,Indiana Pacers,10,6,0.59,0.96,0.021,0.369,0.946,0.391
2025,Jaden Springer,PG,Utah Jazz,Oklahoma City Thunder,30,1,-0.515,1.646,3.505,2.161,0.723,2.392
2025,Jaden Springer,PG,Utah Jazz,Cleveland Cavaliers,30,2,-0.515,0.908,3.174,1.423,0.808,2.227
2025,Jaden Springer,PG,Utah Jazz,Boston Celtics,30,3,-0.515,0.432,3.075,0.947,0.868,2.192
2025,Jaden Springer,PG,Utah Jazz,Houston Rockets,30,4,-0.515,0.457,2.591,0.972,0.864,1.901
2025,Jaden Springer,PG,Utah Jazz,New York Knicks,30,5,-0.515,1.105,2.484,1.62,0.784,1.804
2025,Jaden Springer,PG,Utah Jazz,Minnesota Timberwolves,30,10,-0.515,0.2,2.304,0.715,0.898,1.742
2025,Jaden Springer,PG,Utah Jazz,Los Angeles Clippers,30,9,-0.515,1.03,2.363,1.545,0.793,1.735
2025,Jaden Springer,PG,Utah Jazz,Denver Nuggets,30,8,-0.515,0.822,2.311,1.337,0.818,1.714
2025,Jaden Springer,PG,Utah Jazz,Indiana Pacers,30,6,-0.515,1.379,2.325,1.894,0.753,1.696
2025,Jaden Springer,PG,Utah Jazz,Los Angeles Lakers,30,7,-0.515,1.252,2.233,1.768,0.767,1.647
2025,Jaden Springer,PG,Utah Jazz,Memphis Grizzlies,30,13,-0.515,0.849,2.126,1.364,0.815,1.602
2025,Jaden Springer,PG,Utah Jazz,Golden State Warriors,30,12,-0.515,1.025,2.111,1.54,0.794,1.584
2025,Jaden Springer,PG,Utah Jazz,Milwaukee Bucks,30,11,-0.515,1.065,2.098,1.58,0.789,1.575
2025,Jaden Springer,PG,Utah Jazz,Detroit Pistons,30,14,-0.515,1.099,1.861,1.614,0.785,1.43
2025,Jaden Springer,PG,Utah Jazz,Orlando Magic,30,15,-0.515,0.182,1.68,0.697,0.901,1.368
2025,Jaden Springer,PG,Utah Jazz,Sacramento Kings,30,17,-0.515,0.871,1.554,1.386,0.812,1.257
2025,Jaden Springer,PG,Utah Jazz,Atlanta Hawks,30,16,-0.515,1.258,1.522,1.773,0.766,1.22
2025,Jaden Springer,PG,Utah Jazz,Miami Heat,30,20,-0.515,0.39,1.396,0.906,0.873,1.187
2025,Jaden Springer,PG,Utah Jazz,Chicago Bulls,30,18,-0.515,0.694,1.4,1.21,0.834,1.174
2025,Jaden Springer,PG,Utah Jazz,Dallas Mavericks,30,19,-0.515,1.413,1.371,1.928,0.749,1.122
2025,Jaden Springer,PG,Utah Jazz,Portland Trail Blazers,30,22,-0.515,0.141,1.105,0.656,0.906,1.025
2025,Jaden Springer,PG,Utah Jazz,Phoenix Suns,30,21,-0.515,0.387,1.101,0.902,0.873,1.01
2025,Jaden Springer,PG,Utah Jazz,San Antonio Spurs,30,23,-0.515,0.766,1.007,1.282,0.825,0.934
2025,Jaden Springer,PG,Utah Jazz,Toronto Raptors,30,24,-0.515,0.562,0.824,1.077,0.851,0.835
2025,Jaden Springer,PG,Utah Jazz,Brooklyn Nets,30,25,-0.515,0.658,0.539,1.173,0.839,0.659
2025,Jaden Springer,PG,Utah Jazz,Philadelphia 76ers,30,26,-0.515,1.022,0.481,1.537,0.794,0.606
2025,Jaden Springer,SG,Boston Celtics,Oklahoma City Thunder,3,1,-0.475,1.265,0.429,1.74,0.77,0.566
2025,Jaden Springer,PG,Utah Jazz,New Orleans Pelicans,30,27,-0.515,0.702,0.203,1.217,0.833,0.455
2025,Jaden Springer,PG,Utah Jazz,Charlotte Hornets,30,28,-0.515,0.883,0.156,1.398,0.811,0.418
2025,Jaden Springer,SG,Boston Celtics,Cleveland Cavaliers,3,2,-0.475,1.342,0.098,1.817,0.761,0.364
2025,Jae Crowder,PF,Sacramento Kings,Oklahoma City Thunder,17,1,-1.004,0.795,1.951,1.799,0.764,1.476
2025,Jae Crowder,PF,Sacramento Kings,Cleveland Cavaliers,17,2,-1.004,1.717,1.62,2.721,0.665,1.238
2025,Jae Crowder,PF,Sacramento Kings,Boston Celtics,17,3,-1.004,1.509,1.521,2.512,0.686,1.187
2025,Jae Crowder,PF,Sacramento Kings,Houston Rockets,17,4,-1.004,0.863,1.038,1.867,0.756,0.925
2025,Jae Crowder,PF,Sacramento Kings,New York Knicks,17,5,-1.004,0.825,0.93,1.829,0.76,0.862
2025,Jae Crowder,PF,Sacramento Kings,Los Angeles Clippers,17,9,-1.004,-0.25,0.809,0.754,0.893,0.843
2025,Jae Crowder,PF,Sacramento Kings,Denver Nuggets,17,8,-1.004,0.4,0.757,1.404,0.81,0.778
2025,Jae Crowder,PF,Sacramento Kings,Indiana Pacers,17,6,-1.004,0.96,0.771,1.963,0.745,0.761
2025,Jae Crowder,PF,Sacramento Kings,Minnesota Timberwolves,17,10,-1.004,0.731,0.75,1.735,0.771,0.759
2025,Jae Crowder,PF,Sacramento Kings,Los Angeles Lakers,17,7,-1.004,0.286,0.68,1.29,0.824,0.737
2025,Jae Crowder,PF,Sacramento Kings,Memphis Grizzlies,17,13,-1.004,0.525,0.573,1.528,0.795,0.662
2025,Jae Crowder,PF,Sacramento Kings,Golden State Warriors,17,12,-1.004,0.698,0.557,1.702,0.775,0.644
2025,Jae Crowder,PF,Sacramento Kings,Milwaukee Bucks,17,11,-1.004,2.524,0.544,3.528,0.589,0.562
2025,Jae Crowder,PF,Sacramento Kings,Detroit Pistons,17,14,-1.004,0.573,0.307,1.577,0.789,0.5
2025,Jae Crowder,PF,Sacramento Kings,Orlando Magic,17,15,-1.004,1.217,0.127,2.221,0.717,0.363
2025,Jae'Sean Tate,SF,Houston Rockets,Oklahoma City Thunder,4,1,-0.387,0.332,0.913,0.718,0.898,0.907
2025,Jae'Sean Tate,SF,Houston Rockets,Cleveland Cavaliers,4,2,-0.387,0.475,0.582,0.861,0.879,0.701
2025,Jae'Sean Tate,SF,Houston Rockets,Boston Celtics,4,3,-0.387,1.283,0.484,1.67,0.778,0.602
2025,Jahlil Okafor,C,Indiana Pacers,Cleveland Cavaliers,6,2,,0.96,0.849,,,
2025,Jahlil Okafor,C,Indiana Pacers,Boston Celtics,6,3,,0.929,0.75,,,
2025,Jahlil Okafor,C,Indiana Pacers,Los Angeles Clippers,6,9,,1.266,0.038,,,
2025,Jahlil Okafor,C,Indiana Pacers,New York Knicks,6,5,,1.332,0.159,,,
2025,Jahlil Okafor,C,Indiana Pacers,Houston Rockets,6,4,,0.807,0.266,,,
2025,Jahlil Okafor,C,Indiana Pacers,Oklahoma City Thunder,6,1,,1.018,1.18,,,
2025,Jahmir Young,PG,Chicago Bulls,Oklahoma City Thunder,18,1,-0.005,1.646,2.105,1.651,0.781,1.575
2025,Jahmir Young,PG,Chicago Bulls,Cleveland Cavaliers,18,2,-0.005,0.908,1.774,0.913,0.872,1.413
2025,Jahmir Young,PG,Chicago Bulls,Boston Celtics,18,3,-0.005,0.432,1.675,0.437,0.937,1.38
2025,Jahmir Young,PG,Chicago Bulls,Houston Rockets,18,4,-0.005,0.457,1.191,0.462,0.933,1.088
2025,Jahmir Young,PG,Chicago Bulls,New York Knicks,18,5,-0.005,1.105,1.084,1.11,0.847,0.989
2025,Jahmir Young,PG,Chicago Bulls,Minnesota Timberwolves,18,10,-0.005,0.2,0.904,0.205,0.97,0.93
2025,Jahmir Young,PG,Chicago Bulls,Los Angeles Clippers,18,9,-0.005,1.03,0.963,1.035,0.856,0.92
2025,Jahmir Young,PG,Chicago Bulls,Denver Nuggets,18,8,-0.005,0.822,0.911,0.827,0.883,0.9
2025,Jahmir Young,PG,Chicago Bulls,Indiana Pacers,18,6,-0.005,1.379,0.925,1.384,0.813,0.88
2025,Jahmir Young,PG,Chicago Bulls,Los Angeles Lakers,18,7,-0.005,1.252,0.833,1.258,0.828,0.831
2025,Jahmir Young,PG,Chicago Bulls,Memphis Grizzlies,18,13,-0.005,0.849,0.726,0.854,0.88,0.788
2025,Jahmir Young,PG,Chicago Bulls,Golden State Warriors,18,12,-0.005,1.025,0.711,1.03,0.857,0.769
2025,Jahmir Young,PG,Chicago Bulls,Milwaukee Bucks,18,11,-0.005,1.065,0.698,1.07,0.852,0.76
2025,Jahmir Young,PG,Chicago Bulls,Detroit Pistons,18,14,-0.005,1.099,0.461,1.104,0.847,0.615
2025,Jahmir Young,PG,Chicago Bulls,Orlando Magic,18,15,-0.005,0.182,0.28,0.187,0.972,0.557
2025,Jahmir Young,PG,Chicago Bulls,Sacramento Kings,18,17,-0.005,0.871,0.154,0.877,0.877,0.443
2025,Jahmir Young,PG,Chicago Bulls,Atlanta Hawks,18,16,-0.005,1.258,0.122,1.263,0.827,0.404
2025,Jaime Jaquez Jr.,SF,Miami Heat,Oklahoma City Thunder,20,1,0.282,0.332,2.108,0.049,0.993,1.662
2025,Jaime Jaquez Jr.,SF,Miami Heat,Cleveland Cavaliers,20,2,0.282,0.475,1.777,0.192,0.972,1.455
2025,Jaime Jaquez Jr.,SF,Miami Heat,Boston Celtics,20,3,0.282,1.283,1.679,1.001,0.861,1.352
2025,Jaime Jaquez Jr.,SF,Miami Heat,Houston Rockets,20,4,0.282,1.573,1.195,1.29,0.824,1.047
2025,Jaime Jaquez Jr.,SF,Miami Heat,New York Knicks,20,5,0.282,0.764,1.088,0.482,0.93,1.025
2025,Jaime Jaquez Jr.,SF,Miami Heat,Minnesota Timberwolves,20,10,0.282,-0.433,0.908,0,1,0.945
2025,Jaime Jaquez Jr.,SF,Miami Heat,Indiana Pacers,20,6,0.282,0.534,0.929,0.251,0.963,0.942
2025,Jaime Jaquez Jr.,SF,Miami Heat,Los Angeles Clippers,20,9,0.282,1.392,0.967,1.109,0.847,0.919
2025,Jaime Jaquez Jr.,SF,Miami Heat,Denver Nuggets,20,8,0.282,0.927,0.915,0.644,0.908,0.912
2025,Jaime Jaquez Jr.,SF,Miami Heat,Los Angeles Lakers,20,7,0.282,2.119,0.837,1.836,0.759,0.806
2025,Jaime Jaquez Jr.,SF,Miami Heat,Milwaukee Bucks,20,11,0.282,0.667,0.702,0.385,0.944,0.799
2025,Jaime Jaquez Jr.,SF,Miami Heat,Golden State Warriors,20,12,0.282,1.484,0.714,1.202,0.835,0.763
2025,Jaime Jaquez Jr.,SF,Miami Heat,Detroit Pistons,20,14,0.282,0.84,0.464,0.557,0.92,0.647
2025,Jaime Jaquez Jr.,SF,Miami Heat,Orlando Magic,20,15,0.282,1.486,0.284,1.203,0.835,0.504
2025,Jaime Jaquez Jr.,SF,Miami Heat,Sacramento Kings,20,17,0.282,1.064,0.157,0.781,0.889,0.45
2025,Jaime Jaquez Jr.,SF,Miami Heat,Atlanta Hawks,20,16,0.282,1.882,0.125,1.6,0.787,0.39
2025,Jaime Jaquez Jr.,SF,Miami Heat,Chicago Bulls,20,18,0.282,1.234,0.004,0.952,0.867,0.349
2025,Jake LaRavia,PF,Sacramento Kings,Oklahoma City Thunder,17,1,-0.358,0.795,1.951,1.153,0.841,1.507
2025,Jake LaRavia,PF,Sacramento Kings,Cleveland Cavaliers,17,2,-0.358,1.717,1.62,2.075,0.733,1.265
2025,Jake LaRavia,PF,Sacramento Kings,Boston Celtics,17,3,-0.358,1.509,1.521,1.866,0.756,1.215
2025,Jake LaRavia,PF,Memphis Grizzlies,Oklahoma City Thunder,13,1,0.102,0.795,1.378,0.693,0.901,1.188
2025,Jake LaRavia,PF,Sacramento Kings,Houston Rockets,17,4,-0.358,0.863,1.038,1.221,0.833,0.956
2025,Jake LaRavia,PF,Memphis Grizzlies,Cleveland Cavaliers,13,2,0.102,1.717,1.047,1.615,0.785,0.942
2025,Jake LaRavia,PF,Memphis Grizzlies,Boston Celtics,13,3,0.102,1.509,0.949,1.407,0.81,0.893
2025,Jake LaRavia,PF,Sacramento Kings,New York Knicks,17,5,-0.358,0.825,0.93,1.183,0.837,0.893
2025,Jake LaRavia,PF,Sacramento Kings,Los Angeles Clippers,17,9,-0.358,-0.25,0.809,0.108,0.984,0.879
2025,Jake LaRavia,PF,Sacramento Kings,Denver Nuggets,17,8,-0.358,0.4,0.757,0.758,0.893,0.811
2025,Jake LaRavia,PF,Sacramento Kings,Indiana Pacers,17,6,-0.358,0.96,0.771,1.317,0.821,0.791
2025,Jake LaRavia,PF,Sacramento Kings,Minnesota Timberwolves,17,10,-0.358,0.731,0.75,1.089,0.849,0.79
2025,Jake LaRavia,PF,Sacramento Kings,Los Angeles Lakers,17,7,-0.358,0.286,0.68,0.644,0.908,0.771
2025,Jake LaRavia,PF,Sacramento Kings,Memphis Grizzlies,17,13,-0.358,0.525,0.573,0.882,0.876,0.694
2025,Jake LaRavia,PF,Sacramento Kings,Golden State Warriors,17,12,-0.358,0.698,0.557,1.055,0.854,0.676
2025,Jake LaRavia,PF,Memphis Grizzlies,Houston Rockets,13,4,0.102,0.863,0.465,0.761,0.892,0.636
2025,Jake LaRavia,PF,Sacramento Kings,Milwaukee Bucks,17,11,-0.358,2.524,0.544,2.882,0.649,0.586
2025,Jake LaRavia,PF,Memphis Grizzlies,New York Knicks,13,5,0.102,0.825,0.358,0.724,0.897,0.573
2025,Jake LaRavia,PF,Memphis Grizzlies,Los Angeles Clippers,13,9,0.102,-0.25,0.237,0,1,0.542
2025,Jake LaRavia,PF,Sacramento Kings,Detroit Pistons,17,14,-0.358,0.573,0.307,0.931,0.87,0.532
2025,Jake LaRavia,PF,Memphis Grizzlies,Denver Nuggets,13,8,0.102,0.4,0.185,0.298,0.956,0.493
2025,Jake LaRavia,PF,Memphis Grizzlies,Minnesota Timberwolves,13,10,0.102,0.731,0.178,0.629,0.91,0.471
2025,Jake LaRavia,PF,Memphis Grizzlies,Indiana Pacers,13,6,0.102,0.96,0.199,0.858,0.879,0.471
2025,Jake LaRavia,PF,Memphis Grizzlies,Los Angeles Lakers,13,7,0.102,0.286,0.107,0.184,0.973,0.453
2025,Jake LaRavia,PF,Sacramento Kings,Orlando Magic,17,15,-0.358,1.217,0.127,1.575,0.79,0.392
2025,Jakob Poeltl,C,Toronto Raptors,Oklahoma City Thunder,24,1,0.899,1.018,2.681,0.119,0.982,2.001
2025,Jakob Poeltl,C,Toronto Raptors,Cleveland Cavaliers,24,2,0.899,0.96,2.35,0.061,0.991,1.806
2025,Jakob Poeltl,C,Toronto Raptors,Boston Celtics,24,3,0.899,0.929,2.251,0.03,0.995,1.749
2025,Jakob Poeltl,C,Toronto Raptors,Houston Rockets,24,4,0.899,0.807,1.768,0,1,1.461
2025,Jakob Poeltl,C,Toronto Raptors,New York Knicks,24,5,0.899,1.332,1.66,0.434,0.937,1.371
2025,Jakob Poeltl,C,Toronto Raptors,Los Angeles Clippers,24,9,0.899,1.266,1.539,0.367,0.946,1.302
2025,Jakob Poeltl,C,Toronto Raptors,Indiana Pacers,24,6,0.899,0.754,1.501,0,1,1.301
2025,Jakob Poeltl,C,Toronto Raptors,Minnesota Timberwolves,24,10,0.899,1.008,1.48,0.109,0.984,1.282
2025,Jakob Poeltl,C,Toronto Raptors,Denver Nuggets,24,8,0.899,1.827,1.487,0.929,0.87,1.24
2025,Jakob Poeltl,C,Toronto Raptors,Los Angeles Lakers,24,7,0.899,1.908,1.409,1.009,0.859,1.189
2025,Jakob Poeltl,C,Toronto Raptors,Memphis Grizzlies,24,13,0.899,0.773,1.302,0,1,1.181
2025,Jakob Poeltl,C,Toronto Raptors,Golden State Warriors,24,12,0.899,-0.087,1.287,0,1,1.172
2025,Jakob Poeltl,C,Toronto Raptors,Milwaukee Bucks,24,11,0.899,0.498,1.274,0,1,1.165
2025,Jakob Poeltl,C,Toronto Raptors,Detroit Pistons,24,14,0.899,0.988,1.037,0.089,0.987,1.017
2025,Jakob Poeltl,C,Toronto Raptors,Orlando Magic,24,15,0.899,0.455,0.856,0,1,0.914
2025,Jakob Poeltl,C,Toronto Raptors,Sacramento Kings,24,17,0.899,1.198,0.73,0.299,0.956,0.82
2025,Jakob Poeltl,C,Toronto Raptors,Atlanta Hawks,24,16,0.899,0.616,0.698,0,1,0.819
2025,Jakob Poeltl,C,Toronto Raptors,Chicago Bulls,24,18,0.899,0.827,0.576,0,1,0.746
2025,Jakob Poeltl,C,Toronto Raptors,Miami Heat,24,20,0.899,0.612,0.572,0,1,0.743
2025,Jakob Poeltl,C,Toronto Raptors,Dallas Mavericks,24,19,0.899,1.114,0.547,0.215,0.968,0.715
2025,Jakob Poeltl,C,Toronto Raptors,Portland Trail Blazers,24,22,0.899,0.7,0.281,0,1,0.569
2025,Jakob Poeltl,C,Toronto Raptors,Phoenix Suns,24,21,0.899,0.34,0.277,0,1,0.566
2025,Jakob Poeltl,C,Toronto Raptors,San Antonio Spurs,24,23,0.899,2.35,0.184,1.451,0.804,0.432
2025,Jalen Bridges,SF,Phoenix Suns,Oklahoma City Thunder,21,1,-1.265,0.332,2.404,1.597,0.787,1.757
2025,Jalen Bridges,SF,Phoenix Suns,Cleveland Cavaliers,21,2,-1.265,0.475,2.073,1.74,0.77,1.552
2025,Jalen Bridges,SF,Phoenix Suns,Boston Celtics,21,3,-1.265,1.283,1.974,2.549,0.682,1.458
2025,Jalen Bridges,SF,Phoenix Suns,Houston Rockets,21,4,-1.265,1.573,1.491,2.838,0.653,1.156
2025,Jalen Bridges,SF,Phoenix Suns,New York Knicks,21,5,-1.265,0.764,1.383,2.029,0.738,1.125
2025,Jalen Bridges,SF,Phoenix Suns,Minnesota Timberwolves,21,10,-1.265,-0.433,1.203,0.832,0.883,1.075
2025,Jalen Bridges,SF,Phoenix Suns,Indiana Pacers,21,6,-1.265,0.534,1.224,1.799,0.763,1.04
2025,Jalen Bridges,SF,Phoenix Suns,Los Angeles Clippers,21,9,-1.265,1.392,1.262,2.657,0.671,1.026
2025,Jalen Bridges,SF,Phoenix Suns,Denver Nuggets,21,8,-1.265,0.927,1.21,2.192,0.72,1.014
2025,Jalen Bridges,SF,Phoenix Suns,Los Angeles Lakers,21,7,-1.265,2.119,1.132,3.384,0.602,0.92
2025,Jalen Bridges,SF,Phoenix Suns,Milwaukee Bucks,21,11,-1.265,0.667,0.997,1.933,0.748,0.898
2025,Jalen Bridges,SF,Phoenix Suns,Golden State Warriors,21,12,-1.265,1.484,1.01,2.749,0.662,0.871
2025,Jalen Bridges,SF,Phoenix Suns,Detroit Pistons,21,14,-1.265,0.84,0.76,2.105,0.729,0.748
2025,Jalen Bridges,SF,Phoenix Suns,Orlando Magic,21,15,-1.265,1.486,0.58,2.751,0.662,0.612
2025,Jalen Bridges,SF,Phoenix Suns,Sacramento Kings,21,17,-1.265,1.064,0.453,2.329,0.705,0.554
2025,Jalen Bridges,SF,Phoenix Suns,Atlanta Hawks,21,16,-1.265,1.882,0.421,3.147,0.624,0.502
2025,Jalen Bridges,SF,Phoenix Suns,Dallas Mavericks,21,19,-1.265,0.6,0.27,1.865,0.756,0.464
2025,Jalen Bridges,SF,Phoenix Suns,Miami Heat,21,20,-1.265,1.143,0.295,2.408,0.697,0.456
2025,Jalen Bridges,SF,Phoenix Suns,Chicago Bulls,21,18,-1.265,1.234,0.299,2.499,0.687,0.454
2025,Jalen Bridges,SF,Phoenix Suns,Portland Trail Blazers,21,22,-1.265,1.194,0.004,2.459,0.692,0.279
2025,Jalen Brunson,PG,New York Knicks,Oklahoma City Thunder,5,1,1.105,1.646,1.021,0.541,0.922,0.981
2025,Jalen Brunson,PG,New York Knicks,Cleveland Cavaliers,5,2,1.105,0.908,0.69,0,1,0.814
2025,Jalen Brunson,PG,New York Knicks,Boston Celtics,5,3,1.105,0.432,0.591,0,1,0.755
2025,Jalen Brunson,PG,New York Knicks,Houston Rockets,5,4,1.105,0.457,0.107,0,1,0.464
2025,Jalen Duren,C,Detroit Pistons,Oklahoma City Thunder,14,1,0.988,1.018,1.644,0.03,0.996,1.385
2025,Jalen Duren,C,Detroit Pistons,Cleveland Cavaliers,14,2,0.988,0.96,1.313,0,1,1.188
2025,Jalen Duren,C,Detroit Pistons,Boston Celtics,14,3,0.988,0.929,1.215,0,1,1.129
2025,Jalen Duren,C,Detroit Pistons,Houston Rockets,14,4,0.988,0.807,0.731,0,1,0.838
2025,Jalen Duren,C,Detroit Pistons,New York Knicks,14,5,0.988,1.332,0.623,0.345,0.95,0.754
2025,Jalen Duren,C,Detroit Pistons,Los Angeles Clippers,14,9,0.988,1.266,0.502,0.278,0.959,0.685
2025,Jalen Duren,C,Detroit Pistons,Indiana Pacers,14,6,0.988,0.754,0.464,0,1,0.679
2025,Jalen Duren,C,Detroit Pistons,Minnesota Timberwolves,14,10,0.988,1.008,0.443,0.02,0.997,0.665
2025,Jalen Duren,C,Detroit Pistons,Denver Nuggets,14,8,0.988,1.827,0.45,0.84,0.882,0.623
2025,Jalen Duren,C,Detroit Pistons,Los Angeles Lakers,14,7,0.988,1.908,0.373,0.92,0.871,0.572
2025,Jalen Duren,C,Detroit Pistons,Memphis Grizzlies,14,13,0.988,0.773,0.266,0,1,0.559
2025,Jalen Duren,C,Detroit Pistons,Golden State Warriors,14,12,0.988,-0.087,0.25,0,1,0.55
2025,Jalen Duren,C,Detroit Pistons,Milwaukee Bucks,14,11,0.988,0.498,0.237,0,1,0.542
2025,Jalen Green,SG,Houston Rockets,Oklahoma City Thunder,4,1,0.724,1.265,0.913,0.541,0.922,0.917
2025,Jalen Green,SG,Houston Rockets,Cleveland Cavaliers,4,2,0.724,1.342,0.582,0.618,0.912,0.714
2025,Jalen Green,SG,Houston Rockets,Boston Celtics,4,3,0.724,0.808,0.484,0.084,0.987,0.685
2025,Jalen Hood-Schifino,SG,Philadelphia 76ers,Oklahoma City Thunder,26,1,-0.323,1.265,3.024,1.589,0.788,2.129
2025,Jalen Hood-Schifino,SG,Philadelphia 76ers,Cleveland Cavaliers,26,2,-0.323,1.342,2.693,1.665,0.779,1.927
2025,Jalen Hood-Schifino,SG,Philadelphia 76ers,Boston Celtics,26,3,-0.323,0.808,2.594,1.131,0.844,1.894
2025,Jalen Hood-Schifino,SG,Philadelphia 76ers,Houston Rockets,26,4,-0.323,0.724,2.11,1.047,0.855,1.608
2025,Jalen Hood-Schifino,SG,Philadelphia 76ers,New York Knicks,26,5,-0.323,0.807,2.003,1.13,0.844,1.539
2025,Jalen Hood-Schifino,SG,Philadelphia 76ers,Indiana Pacers,26,6,-0.323,0.275,1.844,0.598,0.914,1.472
2025,Jalen Hood-Schifino,SG,Philadelphia 76ers,Los Angeles Clippers,26,9,-0.323,1.026,1.882,1.349,0.817,1.456
2025,Jalen Hood-Schifino,SG,Philadelphia 76ers,Denver Nuggets,26,8,-0.323,0.812,1.83,1.135,0.843,1.435
2025,Jalen Hood-Schifino,SG,Philadelphia 76ers,Minnesota Timberwolves,26,10,-0.323,1.353,1.823,1.677,0.778,1.405
2025,Jalen Hood-Schifino,SG,Philadelphia 76ers,Los Angeles Lakers,26,7,-0.323,1.047,1.752,1.37,0.814,1.377
2025,Jalen Hood-Schifino,SG,Philadelphia 76ers,Golden State Warriors,26,12,-0.323,0.448,1.63,0.771,0.891,1.334
2025,Jalen Hood-Schifino,SG,Philadelphia 76ers,Memphis Grizzlies,26,13,-0.323,0.996,1.645,1.319,0.821,1.315
2025,Jalen Hood-Schifino,SG,Philadelphia 76ers,Milwaukee Bucks,26,11,-0.323,0.683,1.617,1.006,0.86,1.314
2025,Jalen Hood-Schifino,SG,Los Angeles Lakers,Oklahoma City Thunder,7,1,0.17,1.265,1.271,1.096,0.848,1.102
2025,Jalen Hood-Schifino,SG,Philadelphia 76ers,Detroit Pistons,26,14,-0.323,2.249,1.38,2.572,0.68,1.1
2025,Jalen Hood-Schifino,SG,Philadelphia 76ers,Orlando Magic,26,15,-0.323,0.142,1.199,0.465,0.933,1.093
2025,Jalen Hood-Schifino,SG,Philadelphia 76ers,Sacramento Kings,26,17,-0.323,0.908,1.073,1.232,0.831,0.976
2025,Jalen Hood-Schifino,SG,Philadelphia 76ers,Atlanta Hawks,26,16,-0.323,1.001,1.041,1.324,0.82,0.952
2025,Jalen Hood-Schifino,SG,Los Angeles Lakers,Cleveland Cavaliers,7,2,0.17,1.342,0.94,1.172,0.839,0.9
2025,Jalen Hood-Schifino,SG,Philadelphia 76ers,Chicago Bulls,26,18,-0.323,0.842,0.919,1.165,0.84,0.887
2025,Jalen Hood-Schifino,SG,Los Angeles Lakers,Boston Celtics,7,3,0.17,0.808,0.842,0.638,0.909,0.869
2025,Jalen Hood-Schifino,SG,Philadelphia 76ers,Miami Heat,26,20,-0.323,1.223,0.915,1.547,0.793,0.866
2025,Jalen Hood-Schifino,SG,Philadelphia 76ers,Dallas Mavericks,26,19,-0.323,1.335,0.89,1.659,0.78,0.846
2025,Jalen Hood-Schifino,SG,Philadelphia 76ers,Portland Trail Blazers,26,22,-0.323,0.782,0.624,1.106,0.847,0.713
2025,Jalen Hood-Schifino,SG,Philadelphia 76ers,Phoenix Suns,26,21,-0.323,1.298,0.62,1.621,0.784,0.686
2025,Jalen Hood-Schifino,SG,Philadelphia 76ers,San Antonio Spurs,26,23,-0.323,0.668,0.526,0.991,0.862,0.661
2025,Jalen Hood-Schifino,SG,Los Angeles Lakers,Houston Rockets,7,4,0.17,0.724,0.358,0.554,0.92,0.583
2025,Jalen Hood-Schifino,SG,Philadelphia 76ers,Toronto Raptors,26,24,-0.323,0.479,0.343,0.802,0.887,0.56
2025,Jalen Hood-Schifino,SG,Los Angeles Lakers,New York Knicks,7,5,0.17,0.807,0.251,0.637,0.909,0.514
2025,Jalen Hood-Schifino,SG,Los Angeles Lakers,Indiana Pacers,7,6,0.17,0.275,0.092,0.105,0.984,0.449
2025,Jalen Hood-Schifino,SG,Los Angeles Lakers,Los Angeles Clippers,7,9,0.17,1.026,0.13,0.856,0.879,0.43
2025,Jalen Hood-Schifino,SG,Los Angeles Lakers,Denver Nuggets,7,8,0.17,0.812,0.078,0.642,0.908,0.41
2025,Jalen Hood-Schifino,SG,Los Angeles Lakers,Minnesota Timberwolves,7,10,0.17,1.353,0.071,1.184,0.837,0.377
2025,Jalen Hood-Schifino,SG,Philadelphia 76ers,Brooklyn Nets,26,25,-0.323,0.95,0.058,1.273,0.826,0.365
2025,Jalen Johnson,SF,Atlanta Hawks,Oklahoma City Thunder,16,1,1.882,0.332,1.983,0,1,1.59
2025,Jalen Johnson,SF,Atlanta Hawks,Cleveland Cavaliers,16,2,1.882,0.475,1.652,0,1,1.391
2025,Jalen Johnson,SF,Atlanta Hawks,Boston Celtics,16,3,1.882,1.283,1.553,0,1,1.332
2025,Jalen Johnson,SF,Atlanta Hawks,Houston Rockets,16,4,1.882,1.573,1.07,0,1,1.042
2025,Jalen Johnson,SF,Atlanta Hawks,New York Knicks,16,5,1.882,0.764,0.962,0,1,0.977
2025,Jalen Johnson,SF,Atlanta Hawks,Los Angeles Clippers,16,9,1.882,1.392,0.841,0,1,0.905
2025,Jalen Johnson,SF,Atlanta Hawks,Indiana Pacers,16,6,1.882,0.534,0.803,0,1,0.882
2025,Jalen Johnson,SF,Atlanta Hawks,Denver Nuggets,16,8,1.882,0.927,0.789,0,1,0.874
2025,Jalen Johnson,SF,Atlanta Hawks,Minnesota Timberwolves,16,10,1.882,-0.433,0.782,0,1,0.869
2025,Jalen Johnson,SF,Atlanta Hawks,Los Angeles Lakers,16,7,1.882,2.119,0.712,0.237,0.965,0.813
2025,Jalen Johnson,SF,Atlanta Hawks,Golden State Warriors,16,12,1.882,1.484,0.589,0,1,0.753
2025,Jalen Johnson,SF,Atlanta Hawks,Milwaukee Bucks,16,11,1.882,0.667,0.576,0,1,0.746
2025,Jalen Johnson,SF,Atlanta Hawks,Detroit Pistons,16,14,1.882,0.84,0.339,0,1,0.603
2025,Jalen Johnson,SF,Atlanta Hawks,Orlando Magic,16,15,1.882,1.486,0.159,0,1,0.495
2025,Jalen Johnson,SF,Atlanta Hawks,Sacramento Kings,16,17,1.882,1.064,0.032,0,1,0.419
2025,Jalen McDaniels,SF,Washington Wizards,New York Knicks,29,5,,0.764,2.557,,,
2025,Jalen McDaniels,SF,Washington Wizards,Portland Trail Blazers,29,22,,1.194,1.177,,,
2025,Jalen McDaniels,SF,Washington Wizards,Utah Jazz,29,30,,0.075,0.073,,,
2025,Jalen McDaniels,SF,Washington Wizards,Charlotte Hornets,29,28,,1.088,0.228,,,
2025,Jalen McDaniels,SF,Washington Wizards,Golden State Warriors,29,12,,1.484,2.183,,,
2025,Jalen McDaniels,SF,Washington Wizards,Brooklyn Nets,29,25,,0.258,0.612,,,
2025,Jalen McDaniels,SF,Washington Wizards,Los Angeles Lakers,29,7,,2.119,2.306,,,
2025,Jalen McDaniels,SF,Washington Wizards,Chicago Bulls,29,18,,1.234,1.473,,,
2025,Jalen McDaniels,SF,Washington Wizards,Phoenix Suns,29,21,,0.395,1.173,,,
2025,Jalen McDaniels,SF,Washington Wizards,Philadelphia 76ers,29,26,,0.804,0.554,,,
2025,Jalen McDaniels,SF,Washington Wizards,Los Angeles Clippers,29,9,,1.392,2.436,,,
2025,Jalen McDaniels,SF,Washington Wizards,Orlando Magic,29,15,,1.486,1.753,,,
2025,Jalen McDaniels,SF,Washington Wizards,Denver Nuggets,29,8,,0.927,2.384,,,
2025,Jalen McDaniels,SF,Washington Wizards,Milwaukee Bucks,29,11,,0.667,2.171,,,
2025,Jalen McDaniels,SF,Washington Wizards,Boston Celtics,29,3,,1.283,3.148,,,
2025,Jalen McDaniels,SF,Washington Wizards,San Antonio Spurs,29,23,,0.392,1.08,,,
2025,Jalen McDaniels,SF,Washington Wizards,Detroit Pistons,29,14,,0.84,1.933,,,
2025,Jalen McDaniels,SF,Washington Wizards,Houston Rockets,29,4,,1.573,2.664,,,
2025,Jalen McDaniels,SF,Washington Wizards,Toronto Raptors,29,24,,1.249,0.897,,,
2025,Jalen McDaniels,SF,Washington Wizards,Sacramento Kings,29,17,,1.064,1.626,,,
2025,Jalen McDaniels,SF,Washington Wizards,Atlanta Hawks,29,16,,1.882,1.594,,,
2025,Jalen McDaniels,SF,Washington Wizards,New Orleans Pelicans,29,27,,1.332,0.276,,,
2025,Jalen McDaniels,SF,Washington Wizards,Miami Heat,29,20,,1.143,1.469,,,
2025,Jalen McDaniels,SF,Washington Wizards,Dallas Mavericks,29,19,,0.6,1.443,,,
2025,Jalen McDaniels,SF,Washington Wizards,Indiana Pacers,29,6,,0.534,2.398,,,
2025,Jalen McDaniels,SF,Washington Wizards,Minnesota Timberwolves,29,10,,-0.433,2.377,,,
2025,Jalen McDaniels,SF,Washington Wizards,Cleveland Cavaliers,29,2,,0.475,3.246,,,
2025,Jalen McDaniels,SF,Washington Wizards,Oklahoma City Thunder,29,1,,0.332,3.577,,,
2025,Jalen Pickett,SG,Denver Nuggets,Oklahoma City Thunder,8,1,-0.211,1.265,1.194,1.477,0.801,1.037
2025,Jalen Pickett,SG,Denver Nuggets,Cleveland Cavaliers,8,2,-0.211,1.342,0.863,1.553,0.792,0.834
2025,Jalen Pickett,SG,Denver Nuggets,Boston Celtics,8,3,-0.211,0.808,0.764,1.02,0.858,0.802
2025,Jalen Pickett,SG,Denver Nuggets,Houston Rockets,8,4,-0.211,0.724,0.28,0.936,0.869,0.516
2025,Jalen Pickett,SG,Denver Nuggets,New York Knicks,8,5,-0.211,0.807,0.173,1.018,0.858,0.447
2025,Jalen Pickett,SG,Denver Nuggets,Indiana Pacers,8,6,-0.211,0.275,0.014,0.486,0.93,0.38
2025,Jalen Pickett,SG,Denver Nuggets,Los Angeles Clippers,8,9,-0.211,1.026,0.052,1.237,0.831,0.363
2025,Jalen Smith,C,Chicago Bulls,Oklahoma City Thunder,18,1,0.024,1.018,2.105,0.994,0.861,1.607
2025,Jalen Smith,C,Chicago Bulls,Cleveland Cavaliers,18,2,0.024,0.96,1.774,0.936,0.869,1.412
2025,Jalen Smith,C,Chicago Bulls,Boston Celtics,18,3,0.024,0.929,1.675,0.905,0.873,1.354
2025,Jalen Smith,C,Chicago Bulls,Houston Rockets,18,4,0.024,0.807,1.191,0.784,0.889,1.07
2025,Jalen Smith,C,Chicago Bulls,New York Knicks,18,5,0.024,1.332,1.084,1.309,0.822,0.979
2025,Jalen Smith,C,Chicago Bulls,Indiana Pacers,18,6,0.024,0.754,0.925,0.731,0.896,0.913
2025,Jalen Smith,C,Chicago Bulls,Los Angeles Clippers,18,9,0.024,1.266,0.963,1.242,0.83,0.91
2025,Jalen Smith,C,Chicago Bulls,Minnesota Timberwolves,18,10,0.024,1.008,0.904,0.984,0.863,0.887
2025,Jalen Smith,C,Chicago Bulls,Denver Nuggets,18,8,0.024,1.827,0.911,1.804,0.763,0.852
2025,Jalen Smith,C,Chicago Bulls,Golden State Warriors,18,12,0.024,-0.087,0.711,0,1,0.826
2025,Jalen Smith,C,Chicago Bulls,Los Angeles Lakers,18,7,0.024,1.908,0.833,1.885,0.754,0.801
2025,Jalen Smith,C,Chicago Bulls,Memphis Grizzlies,18,13,0.024,0.773,0.726,0.75,0.894,0.793
2025,Jalen Smith,C,Chicago Bulls,Milwaukee Bucks,18,11,0.024,0.498,0.698,0.475,0.931,0.791
2025,Jalen Smith,C,Chicago Bulls,Detroit Pistons,18,14,0.024,0.988,0.461,0.964,0.865,0.623
2025,Jalen Smith,C,Chicago Bulls,Orlando Magic,18,15,0.024,0.455,0.28,0.431,0.937,0.543
2025,Jalen Smith,C,Chicago Bulls,Atlanta Hawks,18,16,0.024,0.616,0.122,0.593,0.915,0.439
2025,Jalen Smith,C,Chicago Bulls,Sacramento Kings,18,17,0.024,1.198,0.154,1.174,0.838,0.428
2025,Jalen Suggs,PG,Orlando Magic,Oklahoma City Thunder,15,1,0.182,1.646,1.824,1.464,0.803,1.416
2025,Jalen Suggs,PG,Orlando Magic,Cleveland Cavaliers,15,2,0.182,0.908,1.493,0.726,0.897,1.255
2025,Jalen Suggs,PG,Orlando Magic,Boston Celtics,15,3,0.182,0.432,1.395,0.25,0.963,1.222
2025,Jalen Suggs,PG,Orlando Magic,Houston Rockets,15,4,0.182,0.457,0.911,0.275,0.96,0.93
2025,Jalen Suggs,PG,Orlando Magic,New York Knicks,15,5,0.182,1.105,0.804,0.923,0.871,0.83
2025,Jalen Suggs,PG,Orlando Magic,Minnesota Timberwolves,15,10,0.182,0.2,0.624,0.018,0.997,0.773
2025,Jalen Suggs,PG,Orlando Magic,Los Angeles Clippers,15,9,0.182,1.03,0.683,0.848,0.881,0.762
2025,Jalen Suggs,PG,Orlando Magic,Denver Nuggets,15,8,0.182,0.822,0.631,0.64,0.908,0.742
2025,Jalen Suggs,PG,Orlando Magic,Indiana Pacers,15,6,0.182,1.379,0.645,1.197,0.836,0.721
2025,Jalen Suggs,PG,Orlando Magic,Los Angeles Lakers,15,7,0.182,1.252,0.553,1.07,0.852,0.672
2025,Jalen Suggs,PG,Orlando Magic,Memphis Grizzlies,15,13,0.182,0.849,0.446,0.667,0.905,0.629
2025,Jalen Suggs,PG,Orlando Magic,Golden State Warriors,15,12,0.182,1.025,0.43,0.843,0.881,0.611
2025,Jalen Suggs,PG,Orlando Magic,Milwaukee Bucks,15,11,0.182,1.065,0.418,0.883,0.876,0.601
2025,Jalen Suggs,PG,Orlando Magic,Detroit Pistons,15,14,0.182,1.099,0.18,0.917,0.872,0.457
2025,Jalen Wilson,PF,Brooklyn Nets,Oklahoma City Thunder,25,1,-0.373,0.795,2.966,1.168,0.839,2.115
2025,Jalen Wilson,PF,Brooklyn Nets,Cleveland Cavaliers,25,2,-0.373,1.717,2.635,2.091,0.731,1.873
2025,Jalen Wilson,PF,Brooklyn Nets,Boston Celtics,25,3,-0.373,1.509,2.536,1.882,0.754,1.823
2025,Jalen Wilson,PF,Brooklyn Nets,Houston Rockets,25,4,-0.373,0.863,2.052,1.237,0.831,1.564
2025,Jalen Wilson,PF,Brooklyn Nets,New York Knicks,25,5,-0.373,0.825,1.945,1.199,0.835,1.501
2025,Jalen Wilson,PF,Brooklyn Nets,Los Angeles Clippers,25,9,-0.373,-0.25,1.824,0.124,0.982,1.487
2025,Jalen Wilson,PF,Brooklyn Nets,Denver Nuggets,25,8,-0.373,0.4,1.772,0.773,0.89,1.419
2025,Jalen Wilson,PF,Brooklyn Nets,Indiana Pacers,25,6,-0.373,0.96,1.786,1.333,0.819,1.399
2025,Jalen Wilson,PF,Brooklyn Nets,Minnesota Timberwolves,25,10,-0.373,0.731,1.765,1.105,0.847,1.398
2025,Jalen Wilson,PF,Brooklyn Nets,Los Angeles Lakers,25,7,-0.373,0.286,1.694,0.66,0.906,1.379
2025,Jalen Wilson,PF,Brooklyn Nets,Memphis Grizzlies,25,13,-0.373,0.525,1.587,0.898,0.874,1.302
2025,Jalen Wilson,PF,Brooklyn Nets,Golden State Warriors,25,12,-0.373,0.698,1.572,1.071,0.852,1.284
2025,Jalen Wilson,PF,Brooklyn Nets,Milwaukee Bucks,25,11,-0.373,2.524,1.559,2.898,0.648,1.194
2025,Jalen Wilson,PF,Brooklyn Nets,Detroit Pistons,25,14,-0.373,0.573,1.322,0.947,0.868,1.14
2025,Jalen Wilson,PF,Brooklyn Nets,Orlando Magic,25,15,-0.373,1.217,1.141,1.591,0.788,1
2025,Jalen Wilson,PF,Brooklyn Nets,Sacramento Kings,25,17,-0.373,0.523,1.015,0.896,0.874,0.958
2025,Jalen Wilson,PF,Brooklyn Nets,Atlanta Hawks,25,16,-0.373,0.235,0.983,0.608,0.913,0.955
2025,Jalen Wilson,PF,Brooklyn Nets,Chicago Bulls,25,18,-0.373,0.411,0.861,0.784,0.889,0.872
2025,Jalen Wilson,PF,Brooklyn Nets,Miami Heat,25,20,-0.373,0.861,0.857,1.235,0.831,0.847
2025,Jalen Wilson,PF,Brooklyn Nets,Dallas Mavericks,25,19,-0.373,1.939,0.831,2.312,0.707,0.782
2025,Jalen Wilson,PF,Brooklyn Nets,Portland Trail Blazers,25,22,-0.373,0.482,0.566,0.855,0.88,0.691
2025,Jalen Wilson,PF,Brooklyn Nets,Phoenix Suns,25,21,-0.373,1.486,0.562,1.86,0.757,0.64
2025,Jalen Wilson,PF,Brooklyn Nets,San Antonio Spurs,25,23,-0.373,0.484,0.468,0.857,0.879,0.633
2025,Jalen Wilson,PF,Brooklyn Nets,Toronto Raptors,25,24,-0.373,1.283,0.285,1.657,0.78,0.483
2025,Jamal Cain,SF,New Orleans Pelicans,Oklahoma City Thunder,27,1,-0.332,0.332,3.302,0.664,0.905,2.343
2025,Jamal Cain,SF,New Orleans Pelicans,Cleveland Cavaliers,27,2,-0.332,0.475,2.971,0.807,0.886,2.137
2025,Jamal Cain,SF,New Orleans Pelicans,Boston Celtics,27,3,-0.332,1.283,2.872,1.615,0.785,2.037
2025,Jamal Cain,SF,New Orleans Pelicans,Houston Rockets,27,4,-0.332,1.573,2.388,1.905,0.751,1.734
2025,Jamal Cain,SF,New Orleans Pelicans,New York Knicks,27,5,-0.332,0.764,2.281,1.096,0.848,1.708
2025,Jamal Cain,SF,New Orleans Pelicans,Minnesota Timberwolves,27,10,-0.332,-0.433,2.101,0,1,1.661
2025,Jamal Cain,SF,New Orleans Pelicans,Indiana Pacers,27,6,-0.332,0.534,2.122,0.866,0.878,1.624
2025,Jamal Cain,SF,New Orleans Pelicans,Los Angeles Clippers,27,9,-0.332,1.392,2.16,1.724,0.772,1.605
2025,Jamal Cain,SF,New Orleans Pelicans,Denver Nuggets,27,8,-0.332,0.927,2.108,1.259,0.828,1.596
2025,Jamal Cain,SF,New Orleans Pelicans,Los Angeles Lakers,27,7,-0.332,2.119,2.03,2.451,0.692,1.495
2025,Jamal Cain,SF,New Orleans Pelicans,Milwaukee Bucks,27,11,-0.332,0.667,1.895,0.999,0.861,1.481
2025,Jamal Cain,SF,New Orleans Pelicans,Golden State Warriors,27,12,-0.332,1.484,1.908,1.816,0.762,1.449
2025,Jamal Cain,SF,New Orleans Pelicans,Detroit Pistons,27,14,-0.332,0.84,1.658,1.172,0.839,1.33
2025,Jamal Cain,SF,New Orleans Pelicans,Orlando Magic,27,15,-0.332,1.486,1.477,1.818,0.761,1.191
2025,Jamal Cain,SF,New Orleans Pelicans,Sacramento Kings,27,17,-0.332,1.064,1.351,1.396,0.811,1.135
2025,Jamal Cain,SF,New Orleans Pelicans,Atlanta Hawks,27,16,-0.332,1.882,1.319,2.214,0.717,1.078
2025,Jamal Cain,SF,New Orleans Pelicans,Dallas Mavericks,27,19,-0.332,0.6,1.167,0.932,0.87,1.048
2025,Jamal Cain,SF,New Orleans Pelicans,Miami Heat,27,20,-0.332,1.143,1.193,1.475,0.802,1.037
2025,Jamal Cain,SF,New Orleans Pelicans,Chicago Bulls,27,18,-0.332,1.234,1.197,1.566,0.791,1.034
2025,Jamal Cain,SF,New Orleans Pelicans,Phoenix Suns,27,21,-0.332,0.395,0.898,0.727,0.897,0.897
2025,Jamal Cain,SF,New Orleans Pelicans,Portland Trail Blazers,27,22,-0.332,1.194,0.902,1.526,0.795,0.859
2025,Jamal Cain,SF,New Orleans Pelicans,San Antonio Spurs,27,23,-0.332,0.392,0.804,0.724,0.897,0.841
2025,Jamal Cain,SF,New Orleans Pelicans,Toronto Raptors,27,24,-0.332,1.249,0.621,1.581,0.789,0.688
2025,Jamal Cain,SF,New Orleans Pelicans,Brooklyn Nets,27,25,-0.332,0.258,0.336,0.59,0.915,0.568
2025,Jamal Cain,SF,New Orleans Pelicans,Philadelphia 76ers,27,26,-0.332,0.804,0.278,1.136,0.843,0.504
2025,Jamal Murray,PG,Denver Nuggets,Oklahoma City Thunder,8,1,0.822,1.646,1.194,0.824,0.884,1.07
2025,Jamal Murray,PG,Denver Nuggets,Cleveland Cavaliers,8,2,0.822,0.908,0.863,0.086,0.987,0.912
2025,Jamal Murray,PG,Denver Nuggets,Boston Celtics,8,3,0.822,0.432,0.764,0,1,0.858
2025,Jamal Murray,PG,Denver Nuggets,Houston Rockets,8,4,0.822,0.457,0.28,0,1,0.568
2025,Jamal Murray,PG,Denver Nuggets,New York Knicks,8,5,0.822,1.105,0.173,0.283,0.958,0.487
2025,Jamal Murray,PG,Denver Nuggets,Los Angeles Clippers,8,9,0.822,1.03,0.052,0.208,0.969,0.419
2025,Jamal Murray,PG,Denver Nuggets,Indiana Pacers,8,6,0.822,1.379,0.014,0.557,0.92,0.376
2025,Jamal Shead,PG,Toronto Raptors,Oklahoma City Thunder,24,1,-0.145,1.646,2.681,1.791,0.764,1.914
2025,Jamal Shead,PG,Toronto Raptors,Cleveland Cavaliers,24,2,-0.145,0.908,2.35,1.053,0.854,1.751
2025,Jamal Shead,PG,Toronto Raptors,Boston Celtics,24,3,-0.145,0.432,2.251,0.577,0.917,1.718
2025,Jamal Shead,PG,Toronto Raptors,Houston Rockets,24,4,-0.145,0.457,1.768,0.602,0.914,1.426
2025,Jamal Shead,PG,Toronto Raptors,New York Knicks,24,5,-0.145,1.105,1.66,1.25,0.829,1.328
2025,Jamal Shead,PG,Toronto Raptors,Minnesota Timberwolves,24,10,-0.145,0.2,1.48,0.345,0.95,1.268
2025,Jamal Shead,PG,Toronto Raptors,Los Angeles Clippers,24,9,-0.145,1.03,1.539,1.175,0.838,1.259
2025,Jamal Shead,PG,Toronto Raptors,Denver Nuggets,24,8,-0.145,0.822,1.487,0.967,0.865,1.238
2025,Jamal Shead,PG,Toronto Raptors,Indiana Pacers,24,6,-0.145,1.379,1.501,1.524,0.796,1.219
2025,Jamal Shead,PG,Toronto Raptors,Los Angeles Lakers,24,7,-0.145,1.252,1.409,1.397,0.811,1.17
2025,Jamal Shead,PG,Toronto Raptors,Memphis Grizzlies,24,13,-0.145,0.849,1.302,0.994,0.862,1.126
2025,Jamal Shead,PG,Toronto Raptors,Golden State Warriors,24,12,-0.145,1.025,1.287,1.17,0.839,1.108
2025,Jamal Shead,PG,Toronto Raptors,Milwaukee Bucks,24,11,-0.145,1.065,1.274,1.21,0.834,1.098
2025,Jamal Shead,PG,Toronto Raptors,Detroit Pistons,24,14,-0.145,1.099,1.037,1.244,0.83,0.954
2025,Jamal Shead,PG,Toronto Raptors,Orlando Magic,24,15,-0.145,0.182,0.856,0.327,0.952,0.895
2025,Jamal Shead,PG,Toronto Raptors,Sacramento Kings,24,17,-0.145,0.871,0.73,1.016,0.859,0.781
2025,Jamal Shead,PG,Toronto Raptors,Atlanta Hawks,24,16,-0.145,1.258,0.698,1.403,0.81,0.743
2025,Jamal Shead,PG,Toronto Raptors,Miami Heat,24,20,-0.145,0.39,0.572,0.535,0.923,0.713
2025,Jamal Shead,PG,Toronto Raptors,Chicago Bulls,24,18,-0.145,0.694,0.576,0.839,0.882,0.698
2025,Jamal Shead,PG,Toronto Raptors,Dallas Mavericks,24,19,-0.145,1.413,0.547,1.558,0.792,0.645
2025,Jamal Shead,PG,Toronto Raptors,Portland Trail Blazers,24,22,-0.145,0.141,0.281,0.286,0.958,0.552
2025,Jamal Shead,PG,Toronto Raptors,Phoenix Suns,24,21,-0.145,0.387,0.277,0.532,0.923,0.535
2025,Jamal Shead,PG,Toronto Raptors,San Antonio Spurs,24,23,-0.145,0.766,0.184,0.911,0.872,0.459
2025,Jamaree Bouyea,PG,Milwaukee Bucks,Oklahoma City Thunder,11,1,-0.445,1.646,1.406,2.091,0.731,1.136
2025,Jamaree Bouyea,PG,Milwaukee Bucks,Cleveland Cavaliers,11,2,-0.445,0.908,1.075,1.353,0.816,0.972
2025,Jamaree Bouyea,PG,Milwaukee Bucks,Boston Celtics,11,3,-0.445,0.432,0.977,0.876,0.877,0.937
2025,Jamaree Bouyea,PG,Milwaukee Bucks,Houston Rockets,11,4,-0.445,0.457,0.493,0.901,0.874,0.645
2025,Jamaree Bouyea,PG,Milwaukee Bucks,New York Knicks,11,5,-0.445,1.105,0.386,1.55,0.793,0.548
2025,Jamaree Bouyea,PG,Milwaukee Bucks,Minnesota Timberwolves,11,10,-0.445,0.2,0.206,0.644,0.908,0.487
2025,Jamaree Bouyea,PG,Milwaukee Bucks,Los Angeles Clippers,11,9,-0.445,1.03,0.265,1.474,0.802,0.479
2025,Jamaree Bouyea,PG,Milwaukee Bucks,Denver Nuggets,11,8,-0.445,0.822,0.213,1.267,0.827,0.459
2025,Jamaree Bouyea,PG,Milwaukee Bucks,Indiana Pacers,11,6,-0.445,1.379,0.227,1.823,0.761,0.44
2025,Jamaree Bouyea,PG,Milwaukee Bucks,Los Angeles Lakers,11,7,-0.445,1.252,0.135,1.697,0.775,0.391
2025,Jamaree Bouyea,PG,Milwaukee Bucks,Memphis Grizzlies,11,13,-0.445,0.849,0.028,1.293,0.824,0.346
2025,Jamaree Bouyea,PG,Milwaukee Bucks,Golden State Warriors,11,12,-0.445,1.025,0.013,1.469,0.802,0.328
2025,James Harden,PG,Los Angeles Clippers,Oklahoma City Thunder,9,1,1.03,1.646,1.142,0.616,0.912,1.05
2025,James Harden,PG,Los Angeles Clippers,Cleveland Cavaliers,9,2,1.03,0.908,0.811,0,1,0.886
2025,James Harden,PG,Los Angeles Clippers,Boston Celtics,9,3,1.03,0.432,0.712,0,1,0.827
2025,James Harden,PG,Los Angeles Clippers,Houston Rockets,9,4,1.03,0.457,0.228,0,1,0.537
2025,James Harden,PG,Los Angeles Clippers,New York Knicks,9,5,1.03,1.105,0.121,0.075,0.989,0.468
2025,James Johnson,PF,Indiana Pacers,Oklahoma City Thunder,6,1,-1.444,0.795,1.18,2.239,0.715,0.994
2025,James Johnson,PF,Indiana Pacers,Cleveland Cavaliers,6,2,-1.444,1.717,0.849,3.162,0.622,0.758
2025,James Johnson,PF,Indiana Pacers,Boston Celtics,6,3,-1.444,1.509,0.75,2.953,0.642,0.707
2025,James Johnson,PF,Indiana Pacers,Houston Rockets,6,4,-1.444,0.863,0.266,2.307,0.707,0.443
2025,James Johnson,PF,Indiana Pacers,New York Knicks,6,5,-1.444,0.825,0.159,2.27,0.711,0.38
2025,James Johnson,PF,Indiana Pacers,Los Angeles Clippers,6,9,-1.444,-0.25,0.038,1.194,0.836,0.357
2025,James Wiseman,C,Indiana Pacers,Oklahoma City Thunder,6,1,-0.312,1.018,1.18,1.33,0.819,1.035
2025,James Wiseman,C,Indiana Pacers,Cleveland Cavaliers,6,2,-0.312,0.96,0.849,1.272,0.826,0.84
2025,James Wiseman,C,Indiana Pacers,Boston Celtics,6,3,-0.312,0.929,0.75,1.241,0.83,0.782
2025,James Wiseman,C,Indiana Pacers,Houston Rockets,6,4,-0.312,0.807,0.266,1.119,0.845,0.498
2025,James Wiseman,C,Indiana Pacers,New York Knicks,6,5,-0.312,1.332,0.159,1.645,0.781,0.408
2025,James Wiseman,C,Indiana Pacers,Los Angeles Clippers,6,9,-0.312,1.266,0.038,1.578,0.789,0.338
2025,Jamison Battle,SF,Toronto Raptors,Oklahoma City Thunder,24,1,-0.258,0.332,2.681,0.59,0.915,1.975
2025,Jamison Battle,SF,Toronto Raptors,Cleveland Cavaliers,24,2,-0.258,0.475,2.35,0.733,0.896,1.768
2025,Jamison Battle,SF,Toronto Raptors,Boston Celtics,24,3,-0.258,1.283,2.251,1.542,0.794,1.668
2025,Jamison Battle,SF,Toronto Raptors,Houston Rockets,24,4,-0.258,1.573,1.768,1.831,0.76,1.364
2025,Jamison Battle,SF,Toronto Raptors,New York Knicks,24,5,-0.258,0.764,1.66,1.022,0.858,1.339
2025,Jamison Battle,SF,Toronto Raptors,Minnesota Timberwolves,24,10,-0.258,-0.433,1.48,0,1,1.288
2025,Jamison Battle,SF,Toronto Raptors,Indiana Pacers,24,6,-0.258,0.534,1.501,0.792,0.888,1.256
2025,Jamison Battle,SF,Toronto Raptors,Los Angeles Clippers,24,9,-0.258,1.392,1.539,1.65,0.781,1.236
2025,Jamison Battle,SF,Toronto Raptors,Denver Nuggets,24,8,-0.258,0.927,1.487,1.185,0.837,1.227
2025,Jamison Battle,SF,Toronto Raptors,Los Angeles Lakers,24,7,-0.258,2.119,1.409,2.377,0.7,1.126
2025,Jamison Battle,SF,Toronto Raptors,Milwaukee Bucks,24,11,-0.258,0.667,1.274,0.926,0.87,1.113
2025,Jamison Battle,SF,Toronto Raptors,Golden State Warriors,24,12,-0.258,1.484,1.287,1.742,0.77,1.08
2025,Jamison Battle,SF,Toronto Raptors,Detroit Pistons,24,14,-0.258,0.84,1.037,1.098,0.848,0.961
2025,Jamison Battle,SF,Toronto Raptors,Orlando Magic,24,15,-0.258,1.486,0.856,1.744,0.77,0.822
2025,Jamison Battle,SF,Toronto Raptors,Sacramento Kings,24,17,-0.258,1.064,0.73,1.322,0.82,0.766
2025,Jamison Battle,SF,Toronto Raptors,Atlanta Hawks,24,16,-0.258,1.882,0.698,2.14,0.725,0.709
2025,Jamison Battle,SF,Toronto Raptors,Dallas Mavericks,24,19,-0.258,0.6,0.547,0.858,0.879,0.68
2025,Jamison Battle,SF,Toronto Raptors,Miami Heat,24,20,-0.258,1.143,0.572,1.401,0.81,0.668
2025,Jamison Battle,SF,Toronto Raptors,Chicago Bulls,24,18,-0.258,1.234,0.576,1.492,0.799,0.665
2025,Jamison Battle,SF,Toronto Raptors,Phoenix Suns,24,21,-0.258,0.395,0.277,0.654,0.907,0.529
2025,Jamison Battle,SF,Toronto Raptors,Portland Trail Blazers,24,22,-0.258,1.194,0.281,1.452,0.804,0.49
2025,Jamison Battle,SF,Toronto Raptors,San Antonio Spurs,24,23,-0.258,0.392,0.184,0.65,0.907,0.473
2025,Jarace Walker,PF,Indiana Pacers,Oklahoma City Thunder,6,1,-0.232,0.795,1.18,1.027,0.857,1.051
2025,Jarace Walker,PF,Indiana Pacers,Cleveland Cavaliers,6,2,-0.232,1.717,0.849,1.95,0.746,0.808
2025,Jarace Walker,PF,Indiana Pacers,Boston Celtics,6,3,-0.232,1.509,0.75,1.741,0.77,0.758
2025,Jarace Walker,PF,Indiana Pacers,Houston Rockets,6,4,-0.232,0.863,0.266,1.096,0.848,0.499
2025,Jarace Walker,PF,Indiana Pacers,New York Knicks,6,5,-0.232,0.825,0.159,1.058,0.853,0.437
2025,Jarace Walker,PF,Indiana Pacers,Los Angeles Clippers,6,9,-0.232,-0.25,0.038,0,1,0.423
2025,Jared Butler,PG,Washington Wizards,Oklahoma City Thunder,29,1,-0.026,1.646,3.577,1.672,0.778,2.458
2025,Jared Butler,PG,Washington Wizards,Cleveland Cavaliers,29,2,-0.026,0.908,3.246,0.934,0.869,2.296
2025,Jared Butler,PG,Washington Wizards,Boston Celtics,29,3,-0.026,0.432,3.148,0.457,0.934,2.262
2025,Jared Butler,SG,Philadelphia 76ers,Oklahoma City Thunder,26,1,0.415,1.265,3.024,0.85,0.88,2.166
2025,Jared Butler,PG,Washington Wizards,Houston Rockets,29,4,-0.026,0.457,2.664,0.483,0.93,1.97
2025,Jared Butler,SG,Philadelphia 76ers,Cleveland Cavaliers,26,2,0.415,1.342,2.693,0.927,0.87,1.964
2025,Jared Butler,SG,Philadelphia 76ers,Boston Celtics,26,3,0.415,0.808,2.594,0.393,0.943,1.934
2025,Jared Butler,PG,Washington Wizards,New York Knicks,29,5,-0.026,1.105,2.557,1.131,0.844,1.872
2025,Jared Butler,PG,Washington Wizards,Minnesota Timberwolves,29,10,-0.026,0.2,2.377,0.225,0.967,1.813
2025,Jared Butler,PG,Washington Wizards,Los Angeles Clippers,29,9,-0.026,1.03,2.436,1.056,0.854,1.803
2025,Jared Butler,PG,Washington Wizards,Denver Nuggets,29,8,-0.026,0.822,2.384,0.848,0.881,1.783
2025,Jared Butler,PG,Washington Wizards,Indiana Pacers,29,6,-0.026,1.379,2.398,1.405,0.81,1.763
2025,Jared Butler,PG,Washington Wizards,Los Angeles Lakers,29,7,-0.026,1.252,2.306,1.278,0.826,1.714
2025,Jared Butler,PG,Washington Wizards,Memphis Grizzlies,29,13,-0.026,0.849,2.199,0.874,0.877,1.67
2025,Jared Butler,PG,Washington Wizards,Golden State Warriors,29,12,-0.026,1.025,2.183,1.051,0.854,1.652
2025,Jared Butler,SG,Philadelphia 76ers,Houston Rockets,26,4,0.415,0.724,2.11,0.309,0.955,1.648
2025,Jared Butler,PG,Washington Wizards,Milwaukee Bucks,29,11,-0.026,1.065,2.171,1.091,0.849,1.642
2025,Jared Butler,SG,Philadelphia 76ers,New York Knicks,26,5,0.415,0.807,2.003,0.392,0.943,1.579
2025,Jared Butler,SG,Philadelphia 76ers,Indiana Pacers,26,6,0.415,0.275,1.844,0,1,1.506
2025,Jared Butler,PG,Washington Wizards,Detroit Pistons,29,14,-0.026,1.099,1.933,1.125,0.845,1.498
2025,Jared Butler,SG,Philadelphia 76ers,Los Angeles Clippers,26,9,0.415,1.026,1.882,0.611,0.912,1.494
2025,Jared Butler,SG,Philadelphia 76ers,Denver Nuggets,26,8,0.415,0.812,1.83,0.397,0.942,1.475
2025,Jared Butler,SG,Philadelphia 76ers,Minnesota Timberwolves,26,10,0.415,1.353,1.823,0.938,0.869,1.441
2025,Jared Butler,PG,Washington Wizards,Orlando Magic,29,15,-0.026,0.182,1.753,0.208,0.969,1.44
2025,Jared Butler,SG,Philadelphia 76ers,Los Angeles Lakers,26,7,0.415,1.047,1.752,0.632,0.91,1.415
2025,Jared Butler,SG,Philadelphia 76ers,Golden State Warriors,26,12,0.415,0.448,1.63,0.033,0.995,1.376
2025,Jared Butler,SG,Philadelphia 76ers,Milwaukee Bucks,26,11,0.415,0.683,1.617,0.268,0.961,1.355
2025,Jared Butler,SG,Philadelphia 76ers,Memphis Grizzlies,26,13,0.415,0.996,1.645,0.58,0.917,1.354
2025,Jared Butler,PG,Washington Wizards,Sacramento Kings,29,17,-0.026,0.871,1.626,0.897,0.874,1.325
2025,Jared Butler,PG,Washington Wizards,Atlanta Hawks,29,16,-0.026,1.258,1.594,1.284,0.825,1.287
2025,Jared Butler,PG,Washington Wizards,Miami Heat,29,20,-0.026,0.39,1.469,0.416,0.939,1.257
2025,Jared Butler,PG,Washington Wizards,Chicago Bulls,29,18,-0.026,0.694,1.473,0.72,0.898,1.243
2025,Jared Butler,PG,Washington Wizards,Dallas Mavericks,29,19,-0.026,1.413,1.443,1.439,0.806,1.188
2025,Jared Butler,SG,Philadelphia 76ers,Detroit Pistons,26,14,0.415,2.249,1.38,1.834,0.76,1.132
2025,Jared Butler,SG,Philadelphia 76ers,Orlando Magic,26,15,0.415,0.142,1.199,0,1,1.12
2025,Jared Butler,PG,Washington Wizards,Portland Trail Blazers,29,22,-0.026,0.141,1.177,0.167,0.975,1.097
2025,Jared Butler,PG,Washington Wizards,Phoenix Suns,29,21,-0.026,0.387,1.173,0.413,0.94,1.08
2025,Jared Butler,SG,Philadelphia 76ers,Sacramento Kings,26,17,0.415,0.908,1.073,0.493,0.929,1.015
2025,Jared Butler,PG,Washington Wizards,San Antonio Spurs,29,23,-0.026,0.766,1.08,0.792,0.888,1.003
2025,Jared Butler,SG,Philadelphia 76ers,Atlanta Hawks,26,16,0.415,1.001,1.041,0.586,0.916,0.991
2025,Jared Butler,SG,Philadelphia 76ers,Chicago Bulls,26,18,0.415,0.842,0.919,0.426,0.938,0.927
2025,Jared Butler,PG,Washington Wizards,Toronto Raptors,29,24,-0.026,0.562,0.897,0.587,0.916,0.904
2025,Jared Butler,SG,Philadelphia 76ers,Miami Heat,26,20,0.415,1.223,0.915,0.808,0.886,0.904
2025,Jared Butler,SG,Philadelphia 76ers,Dallas Mavericks,26,19,0.415,1.335,0.89,0.92,0.871,0.882
2025,Jared Butler,SG,Philadelphia 76ers,Portland Trail Blazers,26,22,0.415,0.782,0.624,0.367,0.946,0.753
2025,Jared Butler,PG,Washington Wizards,Brooklyn Nets,29,25,-0.026,0.658,0.612,0.684,0.902,0.728
2025,Jared Butler,SG,Philadelphia 76ers,Phoenix Suns,26,21,0.415,1.298,0.62,0.883,0.876,0.722
2025,Jared Butler,SG,Philadelphia 76ers,San Antonio Spurs,26,23,0.415,0.668,0.526,0.253,0.963,0.701
2025,Jared Butler,PG,Washington Wizards,Philadelphia 76ers,29,26,-0.026,1.022,0.554,1.047,0.855,0.674
2025,Jared Butler,SG,Philadelphia 76ers,Toronto Raptors,26,24,0.415,0.479,0.343,0.064,0.99,0.602
2025,Jared Butler,PG,Washington Wizards,New Orleans Pelicans,29,27,-0.026,0.702,0.276,0.728,0.897,0.524
2025,Jared Butler,PG,Washington Wizards,Charlotte Hornets,29,28,-0.026,0.883,0.228,0.909,0.873,0.486
2025,Jared Butler,PG,Washington Wizards,Utah Jazz,29,30,-0.026,0.248,0.073,0.274,0.96,0.427
2025,Jared Butler,SG,Philadelphia 76ers,Brooklyn Nets,26,25,0.415,0.95,0.058,0.535,0.923,0.404
2025,Jared McCain,SG,Philadelphia 76ers,Oklahoma City Thunder,26,1,0.51,1.265,3.024,0.755,0.893,2.171
2025,Jared McCain,SG,Philadelphia 76ers,Cleveland Cavaliers,26,2,0.51,1.342,2.693,0.832,0.883,1.969
2025,Jared McCain,SG,Philadelphia 76ers,Boston Celtics,26,3,0.51,0.808,2.594,0.298,0.956,1.939
2025,Jared McCain,SG,Philadelphia 76ers,Houston Rockets,26,4,0.51,0.724,2.11,0.214,0.968,1.654
2025,Jared McCain,SG,Philadelphia 76ers,New York Knicks,26,5,0.51,0.807,2.003,0.297,0.956,1.584
2025,Jared McCain,SG,Philadelphia 76ers,Indiana Pacers,26,6,0.51,0.275,1.844,0,1,1.506
2025,Jared McCain,SG,Philadelphia 76ers,Los Angeles Clippers,26,9,0.51,1.026,1.882,0.516,0.926,1.499
2025,Jared McCain,SG,Philadelphia 76ers,Denver Nuggets,26,8,0.51,0.812,1.83,0.302,0.956,1.48
2025,Jared McCain,SG,Philadelphia 76ers,Minnesota Timberwolves,26,10,0.51,1.353,1.823,0.843,0.881,1.446
2025,Jared McCain,SG,Philadelphia 76ers,Los Angeles Lakers,26,7,0.51,1.047,1.752,0.537,0.923,1.42
2025,Jared McCain,SG,Philadelphia 76ers,Golden State Warriors,26,12,0.51,0.448,1.63,0,1,1.378
2025,Jared McCain,SG,Philadelphia 76ers,Milwaukee Bucks,26,11,0.51,0.683,1.617,0.173,0.974,1.36
2025,Jared McCain,SG,Philadelphia 76ers,Memphis Grizzlies,26,13,0.51,0.996,1.645,0.485,0.93,1.359
2025,Jared McCain,SG,Philadelphia 76ers,Detroit Pistons,26,14,0.51,2.249,1.38,1.739,0.77,1.136
2025,Jared McCain,SG,Philadelphia 76ers,Orlando Magic,26,15,0.51,0.142,1.199,0,1,1.12
2025,Jared McCain,SG,Philadelphia 76ers,Sacramento Kings,26,17,0.51,0.908,1.073,0.398,0.942,1.02
2025,Jared McCain,SG,Philadelphia 76ers,Atlanta Hawks,26,16,0.51,1.001,1.041,0.491,0.929,0.996
2025,Jared McCain,SG,Philadelphia 76ers,Chicago Bulls,26,18,0.51,0.842,0.919,0.331,0.952,0.932
2025,Jared McCain,SG,Philadelphia 76ers,Miami Heat,26,20,0.51,1.223,0.915,0.713,0.899,0.909
2025,Jared McCain,SG,Philadelphia 76ers,Dallas Mavericks,26,19,0.51,1.335,0.89,0.825,0.884,0.887
2025,Jared McCain,SG,Philadelphia 76ers,Portland Trail Blazers,26,22,0.51,0.782,0.624,0.272,0.96,0.758
2025,Jared McCain,SG,Philadelphia 76ers,Phoenix Suns,26,21,0.51,1.298,0.62,0.788,0.889,0.727
2025,Jared McCain,SG,Philadelphia 76ers,San Antonio Spurs,26,23,0.51,0.668,0.526,0.158,0.977,0.707
2025,Jared McCain,SG,Philadelphia 76ers,Toronto Raptors,26,24,0.51,0.479,0.343,0,1,0.606
2025,Jared McCain,SG,Philadelphia 76ers,Brooklyn Nets,26,25,0.51,0.95,0.058,0.439,0.936,0.409
2025,Jared Rhoden,SG,Charlotte Hornets,Oklahoma City Thunder,28,1,-1.068,1.265,3.349,2.333,0.705,2.291
2025,Jared Rhoden,SG,Charlotte Hornets,Cleveland Cavaliers,28,2,-1.068,1.342,3.018,2.41,0.697,2.089
2025,Jared Rhoden,SG,Charlotte Hornets,Boston Celtics,28,3,-1.068,0.808,2.92,1.876,0.755,2.054
2025,Jared Rhoden,SG,Toronto Raptors,Oklahoma City Thunder,24,1,0.479,1.265,2.681,0.786,0.889,1.964
2025,Jared Rhoden,SG,Charlotte Hornets,Houston Rockets,28,4,-1.068,0.724,2.436,1.792,0.764,1.767
2025,Jared Rhoden,SG,Toronto Raptors,Cleveland Cavaliers,24,2,0.479,1.342,2.35,0.863,0.879,1.761
2025,Jared Rhoden,SG,Toronto Raptors,Boston Celtics,24,3,0.479,0.808,2.251,0.329,0.952,1.732
2025,Jared Rhoden,SG,Charlotte Hornets,New York Knicks,28,5,-1.068,0.807,2.328,1.875,0.755,1.699
2025,Jared Rhoden,SG,Charlotte Hornets,Indiana Pacers,28,6,-1.068,0.275,2.169,1.343,0.818,1.629
2025,Jared Rhoden,SG,Charlotte Hornets,Los Angeles Clippers,28,9,-1.068,1.026,2.207,2.094,0.73,1.617
2025,Jared Rhoden,SG,Charlotte Hornets,Denver Nuggets,28,8,-1.068,0.812,2.155,1.88,0.754,1.595
2025,Jared Rhoden,SG,Charlotte Hornets,Minnesota Timberwolves,28,10,-1.068,1.353,2.148,2.421,0.695,1.567
2025,Jared Rhoden,SG,Charlotte Hornets,Los Angeles Lakers,28,7,-1.068,1.047,2.078,2.115,0.728,1.538
2025,Jared Rhoden,SG,Charlotte Hornets,Golden State Warriors,28,12,-1.068,0.448,1.955,1.516,0.797,1.492
2025,Jared Rhoden,SG,Charlotte Hornets,Memphis Grizzlies,28,13,-1.068,0.996,1.971,2.064,0.734,1.476
2025,Jared Rhoden,SG,Charlotte Hornets,Milwaukee Bucks,28,11,-1.068,0.683,1.943,1.751,0.769,1.473
2025,Jared Rhoden,SG,Toronto Raptors,Houston Rockets,24,4,0.479,0.724,1.768,0.245,0.964,1.446
2025,Jared Rhoden,SG,Toronto Raptors,New York Knicks,24,5,0.479,0.807,1.66,0.328,0.952,1.377
2025,Jared Rhoden,SG,Toronto Raptors,Indiana Pacers,24,6,0.479,0.275,1.501,0,1,1.301
2025,Jared Rhoden,SG,Toronto Raptors,Los Angeles Clippers,24,9,0.479,1.026,1.539,0.547,0.921,1.292
2025,Jared Rhoden,SG,Toronto Raptors,Denver Nuggets,24,8,0.479,0.812,1.487,0.333,0.951,1.273
2025,Jared Rhoden,SG,Charlotte Hornets,Detroit Pistons,28,14,-1.068,2.249,1.705,3.317,0.608,1.266
2025,Jared Rhoden,SG,Charlotte Hornets,Orlando Magic,28,15,-1.068,0.142,1.525,1.21,0.834,1.248
2025,Jared Rhoden,SG,Toronto Raptors,Minnesota Timberwolves,24,10,0.479,1.353,1.48,0.874,0.877,1.239
2025,Jared Rhoden,SG,Toronto Raptors,Los Angeles Lakers,24,7,0.479,1.047,1.409,0.568,0.918,1.213
2025,Jared Rhoden,SG,Toronto Raptors,Golden State Warriors,24,12,0.479,0.448,1.287,0,1,1.172
2025,Jared Rhoden,SG,Toronto Raptors,Milwaukee Bucks,24,11,0.479,0.683,1.274,0.204,0.97,1.153
2025,Jared Rhoden,SG,Toronto Raptors,Memphis Grizzlies,24,13,0.479,0.996,1.302,0.517,0.925,1.152
2025,Jared Rhoden,SG,Charlotte Hornets,Sacramento Kings,28,17,-1.068,0.908,1.398,1.976,0.743,1.136
2025,Jared Rhoden,SG,Charlotte Hornets,Atlanta Hawks,28,16,-1.068,1.001,1.366,2.069,0.733,1.113
2025,Jared Rhoden,SG,Charlotte Hornets,Chicago Bulls,28,18,-1.068,0.842,1.244,1.91,0.751,1.047
2025,Jared Rhoden,SG,Charlotte Hornets,Miami Heat,28,20,-1.068,1.223,1.241,2.291,0.709,1.028
2025,Jared Rhoden,SG,Charlotte Hornets,Dallas Mavericks,28,19,-1.068,1.335,1.215,2.403,0.697,1.008
2025,Jared Rhoden,SG,Toronto Raptors,Detroit Pistons,24,14,0.479,2.249,1.037,1.77,0.767,0.929
2025,Jared Rhoden,SG,Toronto Raptors,Orlando Magic,24,15,0.479,0.142,0.856,0,1,0.914
2025,Jared Rhoden,SG,Charlotte Hornets,Portland Trail Blazers,28,22,-1.068,0.782,0.949,1.85,0.758,0.873
2025,Jared Rhoden,SG,Charlotte Hornets,Phoenix Suns,28,21,-1.068,1.298,0.945,2.366,0.701,0.848
2025,Jared Rhoden,SG,Charlotte Hornets,San Antonio Spurs,28,23,-1.068,0.668,0.852,1.736,0.771,0.819
2025,Jared Rhoden,SG,Toronto Raptors,Sacramento Kings,24,17,0.479,0.908,0.73,0.429,0.938,0.813
2025,Jared Rhoden,SG,Toronto Raptors,Atlanta Hawks,24,16,0.479,1.001,0.698,0.522,0.925,0.789
2025,Jared Rhoden,SG,Toronto Raptors,Chicago Bulls,24,18,0.479,0.842,0.576,0.363,0.947,0.725
2025,Jared Rhoden,SG,Charlotte Hornets,Toronto Raptors,28,24,-1.068,0.479,0.668,1.547,0.793,0.718
2025,Jared Rhoden,SG,Toronto Raptors,Miami Heat,24,20,0.479,1.223,0.572,0.744,0.894,0.701
2025,Jared Rhoden,SG,Toronto Raptors,Dallas Mavericks,24,19,0.479,1.335,0.547,0.856,0.879,0.68
2025,Jared Rhoden,SG,Toronto Raptors,Portland Trail Blazers,24,22,0.479,0.782,0.281,0.303,0.956,0.551
2025,Jared Rhoden,SG,Charlotte Hornets,Brooklyn Nets,28,25,-1.068,0.95,0.383,2.018,0.739,0.526
2025,Jared Rhoden,SG,Toronto Raptors,Phoenix Suns,24,21,0.479,1.298,0.277,0.819,0.884,0.52
2025,Jared Rhoden,SG,Toronto Raptors,San Antonio Spurs,24,23,0.479,0.668,0.184,0.189,0.972,0.499
2025,Jared Rhoden,SG,Charlotte Hornets,Philadelphia 76ers,28,26,-1.068,1.127,0.325,2.195,0.719,0.483
2025,Jared Rhoden,SG,Charlotte Hornets,New Orleans Pelicans,28,27,-1.068,0.263,0.047,1.331,0.819,0.356
2025,Jaren Jackson Jr.,C,Memphis Grizzlies,Oklahoma City Thunder,13,1,0.773,1.018,1.378,0.244,0.964,1.213
2025,Jaren Jackson Jr.,C,Memphis Grizzlies,Cleveland Cavaliers,13,2,0.773,0.96,1.047,0.187,0.972,1.017
2025,Jaren Jackson Jr.,C,Memphis Grizzlies,Boston Celtics,13,3,0.773,0.929,0.949,0.156,0.977,0.96
2025,Jaren Jackson Jr.,C,Memphis Grizzlies,Houston Rockets,13,4,0.773,0.807,0.465,0.034,0.995,0.677
2025,Jaren Jackson Jr.,C,Memphis Grizzlies,New York Knicks,13,5,0.773,1.332,0.358,0.559,0.92,0.582
2025,Jaren Jackson Jr.,C,Memphis Grizzlies,Indiana Pacers,13,6,0.773,0.754,0.199,0,1,0.519
2025,Jaren Jackson Jr.,C,Memphis Grizzlies,Los Angeles Clippers,13,9,0.773,1.266,0.237,0.493,0.929,0.513
2025,Jaren Jackson Jr.,C,Memphis Grizzlies,Minnesota Timberwolves,13,10,0.773,1.008,0.178,0.235,0.965,0.493
2025,Jaren Jackson Jr.,C,Memphis Grizzlies,Denver Nuggets,13,8,0.773,1.827,0.185,1.054,0.854,0.452
2025,Jaren Jackson Jr.,C,Memphis Grizzlies,Los Angeles Lakers,13,7,0.773,1.908,0.107,1.135,0.843,0.402
2025,Jarred Vanderbilt,PF,Los Angeles Lakers,Oklahoma City Thunder,7,1,-0.092,0.795,1.271,0.887,0.875,1.113
2025,Jarred Vanderbilt,PF,Los Angeles Lakers,Cleveland Cavaliers,7,2,-0.092,1.717,0.94,1.81,0.762,0.869
2025,Jarred Vanderbilt,PF,Los Angeles Lakers,Boston Celtics,7,3,-0.092,1.509,0.842,1.601,0.787,0.82
2025,Jarred Vanderbilt,PF,Los Angeles Lakers,Houston Rockets,7,4,-0.092,0.863,0.358,0.956,0.866,0.561
2025,Jarred Vanderbilt,PF,Los Angeles Lakers,New York Knicks,7,5,-0.092,0.825,0.251,0.918,0.871,0.499
2025,Jarred Vanderbilt,PF,Los Angeles Lakers,Los Angeles Clippers,7,9,-0.092,-0.25,0.13,0,1,0.478
2025,Jarred Vanderbilt,PF,Los Angeles Lakers,Denver Nuggets,7,8,-0.092,0.4,0.078,0.492,0.929,0.418
2025,Jarred Vanderbilt,PF,Los Angeles Lakers,Indiana Pacers,7,6,-0.092,0.96,0.092,1.052,0.854,0.397
2025,Jarred Vanderbilt,PF,Los Angeles Lakers,Minnesota Timberwolves,7,10,-0.092,0.731,0.071,0.824,0.884,0.396
2025,Jarrett Allen,C,Cleveland Cavaliers,Oklahoma City Thunder,2,1,0.96,1.018,0.331,0.058,0.991,0.595
2025,Javonte Green,SG,New Orleans Pelicans,Oklahoma City Thunder,27,1,-0.065,1.265,3.302,1.33,0.819,2.309
2025,Javonte Green,SG,New Orleans Pelicans,Cleveland Cavaliers,27,2,-0.065,1.342,2.971,1.407,0.81,2.106
2025,Javonte Green,SG,New Orleans Pelicans,Boston Celtics,27,3,-0.065,0.808,2.872,0.873,0.877,2.074
2025,Javonte Green,SG,New Orleans Pelicans,Houston Rockets,27,4,-0.065,0.724,2.388,0.789,0.888,1.788
2025,Javonte Green,SG,New Orleans Pelicans,New York Knicks,27,5,-0.065,0.807,2.281,0.872,0.877,1.719
2025,Javonte Green,SG,New Orleans Pelicans,Indiana Pacers,27,6,-0.065,0.275,2.122,0.34,0.95,1.653
2025,Javonte Green,SG,New Orleans Pelicans,Los Angeles Clippers,27,9,-0.065,1.026,2.16,1.091,0.849,1.636
2025,Javonte Green,SG,New Orleans Pelicans,Denver Nuggets,27,8,-0.065,0.812,2.108,0.877,0.877,1.616
2025,Javonte Green,SG,New Orleans Pelicans,Minnesota Timberwolves,27,10,-0.065,1.353,2.101,1.418,0.808,1.584
2025,Javonte Green,SG,New Orleans Pelicans,Los Angeles Lakers,27,7,-0.065,1.047,2.03,1.112,0.846,1.557
2025,Javonte Green,SG,New Orleans Pelicans,Golden State Warriors,27,12,-0.065,0.448,1.908,0.513,0.926,1.515
2025,Javonte Green,SG,New Orleans Pelicans,Memphis Grizzlies,27,13,-0.065,0.996,1.923,1.061,0.853,1.495
2025,Javonte Green,SG,New Orleans Pelicans,Milwaukee Bucks,27,11,-0.065,0.683,1.895,0.748,0.894,1.495
2025,Javonte Green,SG,New Orleans Pelicans,Detroit Pistons,27,14,-0.065,2.249,1.658,2.314,0.707,1.277
2025,Javonte Green,SG,New Orleans Pelicans,Orlando Magic,27,15,-0.065,0.142,1.477,0.207,0.969,1.274
2025,Javonte Green,SG,New Orleans Pelicans,Sacramento Kings,27,17,-0.065,0.908,1.351,0.973,0.864,1.156
2025,Javonte Green,SG,New Orleans Pelicans,Atlanta Hawks,27,16,-0.065,1.001,1.319,1.066,0.852,1.132
2025,Javonte Green,SG,New Orleans Pelicans,Chicago Bulls,27,18,-0.065,0.842,1.197,0.907,0.873,1.067
2025,Javonte Green,SG,New Orleans Pelicans,Miami Heat,27,20,-0.065,1.223,1.193,1.288,0.824,1.046
2025,Javonte Green,SG,New Orleans Pelicans,Dallas Mavericks,27,19,-0.065,1.335,1.167,1.4,0.811,1.025
2025,Javonte Green,SG,New Orleans Pelicans,Portland Trail Blazers,27,22,-0.065,0.782,0.902,0.847,0.881,0.893
2025,Javonte Green,SG,New Orleans Pelicans,Phoenix Suns,27,21,-0.065,1.298,0.898,1.363,0.815,0.865
2025,Javonte Green,SG,New Orleans Pelicans,San Antonio Spurs,27,23,-0.065,0.668,0.804,0.733,0.896,0.841
2025,Javonte Green,SG,New Orleans Pelicans,Toronto Raptors,27,24,-0.065,0.479,0.621,0.544,0.922,0.741
2025,Javonte Green,SG,New Orleans Pelicans,Brooklyn Nets,27,25,-0.065,0.95,0.336,1.015,0.859,0.545
2025,Javonte Green,SG,Cleveland Cavaliers,Oklahoma City Thunder,2,1,-0.443,1.265,0.331,1.708,0.774,0.508
2025,Javonte Green,SG,New Orleans Pelicans,Philadelphia 76ers,27,26,-0.065,1.127,0.278,1.192,0.836,0.501
2025,Jaxson Hayes,C,Los Angeles Lakers,Oklahoma City Thunder,7,1,0.14,1.018,1.271,0.878,0.877,1.113
2025,Jaxson Hayes,C,Los Angeles Lakers,Cleveland Cavaliers,7,2,0.14,0.96,0.94,0.82,0.884,0.918
2025,Jaxson Hayes,C,Los Angeles Lakers,Boston Celtics,7,3,0.14,0.929,0.842,0.789,0.888,0.861
2025,Jaxson Hayes,C,Los Angeles Lakers,Houston Rockets,7,4,0.14,0.807,0.358,0.668,0.905,0.577
2025,Jaxson Hayes,C,Los Angeles Lakers,New York Knicks,7,5,0.14,1.332,0.251,1.193,0.836,0.485
2025,Jaxson Hayes,C,Los Angeles Lakers,Indiana Pacers,7,6,0.14,0.754,0.092,0.615,0.912,0.42
2025,Jaxson Hayes,C,Los Angeles Lakers,Los Angeles Clippers,7,9,0.14,1.266,0.13,1.126,0.845,0.416
2025,Jaxson Hayes,C,Los Angeles Lakers,Minnesota Timberwolves,7,10,0.14,1.008,0.071,0.868,0.878,0.394
2025,Jaxson Hayes,C,Los Angeles Lakers,Denver Nuggets,7,8,0.14,1.827,0.078,1.687,0.776,0.357
2025,Jay Huff,C,Memphis Grizzlies,Oklahoma City Thunder,13,1,-0.115,1.018,1.378,1.133,0.844,1.165
2025,Jay Huff,C,Memphis Grizzlies,Cleveland Cavaliers,13,2,-0.115,0.96,1.047,1.075,0.851,0.969
2025,Jay Huff,C,Memphis Grizzlies,Boston Celtics,13,3,-0.115,0.929,0.949,1.044,0.855,0.911
2025,Jay Huff,C,Memphis Grizzlies,Houston Rockets,13,4,-0.115,0.807,0.465,0.923,0.871,0.627
2025,Jay Huff,C,Memphis Grizzlies,New York Knicks,13,5,-0.115,1.332,0.358,1.448,0.805,0.537
2025,Jay Huff,C,Memphis Grizzlies,Indiana Pacers,13,6,-0.115,0.754,0.199,0.87,0.878,0.47
2025,Jay Huff,C,Memphis Grizzlies,Los Angeles Clippers,13,9,-0.115,1.266,0.237,1.381,0.813,0.467
2025,Jay Huff,C,Memphis Grizzlies,Minnesota Timberwolves,13,10,-0.115,1.008,0.178,1.123,0.845,0.445
2025,Jay Huff,C,Memphis Grizzlies,Denver Nuggets,13,8,-0.115,1.827,0.185,1.942,0.747,0.41
2025,Jay Huff,C,Memphis Grizzlies,Los Angeles Lakers,13,7,-0.115,1.908,0.107,2.023,0.738,0.359
2025,Jaylen Brown,SF,Boston Celtics,Oklahoma City Thunder,3,1,1.283,0.332,0.429,0,1,0.658
2025,Jaylen Brown,SF,Boston Celtics,Cleveland Cavaliers,3,2,1.283,0.475,0.098,0,1,0.459
2025,Jaylen Clark,SG,Minnesota Timberwolves,Oklahoma City Thunder,10,1,-0.084,1.265,1.201,1.349,0.817,1.047
2025,Jaylen Clark,SG,Minnesota Timberwolves,Cleveland Cavaliers,10,2,-0.084,1.342,0.87,1.426,0.807,0.845
2025,Jaylen Clark,SG,Minnesota Timberwolves,Boston Celtics,10,3,-0.084,0.808,0.771,0.892,0.875,0.813
2025,Jaylen Clark,SG,Minnesota Timberwolves,Houston Rockets,10,4,-0.084,0.724,0.287,0.808,0.886,0.527
2025,Jaylen Clark,SG,Minnesota Timberwolves,New York Knicks,10,5,-0.084,0.807,0.18,0.891,0.875,0.458
2025,Jaylen Clark,SG,Minnesota Timberwolves,Indiana Pacers,10,6,-0.084,0.275,0.021,0.359,0.948,0.392
2025,Jaylen Clark,SG,Minnesota Timberwolves,Los Angeles Clippers,10,9,-0.084,1.026,0.059,1.11,0.847,0.374
2025,Jaylen Clark,SG,Minnesota Timberwolves,Denver Nuggets,10,8,-0.084,0.812,0.007,0.896,0.874,0.354
2025,Jaylen Martin,SF,Washington Wizards,Oklahoma City Thunder,29,1,-0.307,0.332,3.577,0.639,0.909,2.51
2025,Jaylen Martin,SF,Washington Wizards,Cleveland Cavaliers,29,2,-0.307,0.475,3.246,0.782,0.889,2.304
2025,Jaylen Martin,SF,Washington Wizards,Boston Celtics,29,3,-0.307,1.283,3.148,1.59,0.788,2.204
2025,Jaylen Martin,SF,Brooklyn Nets,Oklahoma City Thunder,25,1,-0.756,0.332,2.966,1.088,0.849,2.119
2025,Jaylen Martin,SF,Brooklyn Nets,Cleveland Cavaliers,25,2,-0.756,0.475,2.635,1.231,0.831,1.913
2025,Jaylen Martin,SF,Washington Wizards,Houston Rockets,29,4,-0.307,1.573,2.664,1.88,0.754,1.9
2025,Jaylen Martin,SF,Washington Wizards,New York Knicks,29,5,-0.307,0.764,2.557,1.071,0.852,1.875
2025,Jaylen Martin,SF,Washington Wizards,Minnesota Timberwolves,29,10,-0.307,-0.433,2.377,0,1,1.826
2025,Jaylen Martin,SF,Brooklyn Nets,Boston Celtics,25,3,-0.756,1.283,2.536,2.04,0.736,1.816
2025,Jaylen Martin,SF,Washington Wizards,Indiana Pacers,29,6,-0.307,0.534,2.398,0.841,0.882,1.791
2025,Jaylen Martin,SF,Washington Wizards,Los Angeles Clippers,29,9,-0.307,1.392,2.436,1.699,0.775,1.771
2025,Jaylen Martin,SF,Washington Wizards,Denver Nuggets,29,8,-0.307,0.927,2.384,1.234,0.831,1.763
2025,Jaylen Martin,SF,Washington Wizards,Los Angeles Lakers,29,7,-0.307,2.119,2.306,2.426,0.695,1.662
2025,Jaylen Martin,SF,Washington Wizards,Milwaukee Bucks,29,11,-0.307,0.667,2.171,0.974,0.864,1.648
2025,Jaylen Martin,SF,Washington Wizards,Golden State Warriors,29,12,-0.307,1.484,2.183,1.791,0.764,1.616
2025,Jaylen Martin,SF,Brooklyn Nets,Houston Rockets,25,4,-0.756,1.573,2.052,2.329,0.705,1.513
2025,Jaylen Martin,SF,Washington Wizards,Detroit Pistons,29,14,-0.307,0.84,1.933,1.147,0.842,1.497
2025,Jaylen Martin,SF,Brooklyn Nets,New York Knicks,25,5,-0.756,0.764,1.945,1.52,0.796,1.485
2025,Jaylen Martin,SF,Brooklyn Nets,Minnesota Timberwolves,25,10,-0.756,-0.433,1.765,0.323,0.953,1.44
2025,Jaylen Martin,SF,Brooklyn Nets,Indiana Pacers,25,6,-0.756,0.534,1.786,1.29,0.824,1.401
2025,Jaylen Martin,SF,Brooklyn Nets,Los Angeles Clippers,25,9,-0.756,1.392,1.824,2.148,0.725,1.384
2025,Jaylen Martin,SF,Brooklyn Nets,Denver Nuggets,25,8,-0.756,0.927,1.772,1.683,0.777,1.374
2025,Jaylen Martin,SF,Washington Wizards,Orlando Magic,29,15,-0.307,1.486,1.753,1.793,0.764,1.357
2025,Jaylen Martin,SF,Washington Wizards,Sacramento Kings,29,17,-0.307,1.064,1.626,1.37,0.814,1.302
2025,Jaylen Martin,SF,Brooklyn Nets,Los Angeles Lakers,25,7,-0.756,2.119,1.694,2.875,0.65,1.276
2025,Jaylen Martin,SF,Brooklyn Nets,Milwaukee Bucks,25,11,-0.756,0.667,1.559,1.424,0.808,1.259
2025,Jaylen Martin,SF,Washington Wizards,Atlanta Hawks,29,16,-0.307,1.882,1.594,2.189,0.72,1.245
2025,Jaylen Martin,SF,Brooklyn Nets,Golden State Warriors,25,12,-0.756,1.484,1.572,2.24,0.715,1.229
2025,Jaylen Martin,SF,Washington Wizards,Dallas Mavericks,29,19,-0.307,0.6,1.443,0.907,0.873,1.215
2025,Jaylen Martin,SF,Washington Wizards,Miami Heat,29,20,-0.307,1.143,1.469,1.45,0.805,1.203
2025,Jaylen Martin,SF,Washington Wizards,Chicago Bulls,29,18,-0.307,1.234,1.473,1.541,0.794,1.201
2025,Jaylen Martin,SF,Brooklyn Nets,Detroit Pistons,25,14,-0.756,0.84,1.322,1.596,0.787,1.108
2025,Jaylen Martin,SF,Washington Wizards,Phoenix Suns,29,21,-0.307,0.395,1.173,0.702,0.9,1.064
2025,Jaylen Martin,SF,Washington Wizards,Portland Trail Blazers,29,22,-0.307,1.194,1.177,1.501,0.798,1.026
2025,Jaylen Martin,SF,Washington Wizards,San Antonio Spurs,29,23,-0.307,0.392,1.08,0.699,0.9,1.008
2025,Jaylen Martin,SF,Brooklyn Nets,Orlando Magic,25,15,-0.756,1.486,1.141,2.242,0.714,0.97
2025,Jaylen Martin,SF,Brooklyn Nets,Sacramento Kings,25,17,-0.756,1.064,1.015,1.82,0.761,0.913
2025,Jaylen Martin,SF,Brooklyn Nets,Atlanta Hawks,25,16,-0.756,1.882,0.983,2.638,0.673,0.859
2025,Jaylen Martin,SF,Washington Wizards,Toronto Raptors,29,24,-0.307,1.249,0.897,1.555,0.792,0.855
2025,Jaylen Martin,SF,Brooklyn Nets,Dallas Mavericks,25,19,-0.756,0.6,0.831,1.356,0.816,0.825
2025,Jaylen Martin,SF,Brooklyn Nets,Miami Heat,25,20,-0.756,1.143,0.857,1.899,0.752,0.815
2025,Jaylen Martin,SF,Brooklyn Nets,Chicago Bulls,25,18,-0.756,1.234,0.861,1.991,0.742,0.813
2025,Jaylen Martin,SF,Washington Wizards,Brooklyn Nets,29,25,-0.307,0.258,0.612,0.565,0.919,0.735
2025,Jaylen Martin,SF,Brooklyn Nets,Phoenix Suns,25,21,-0.756,0.395,0.562,1.152,0.841,0.674
2025,Jaylen Martin,SF,Washington Wizards,Philadelphia 76ers,29,26,-0.307,0.804,0.554,1.111,0.847,0.671
2025,Jaylen Martin,SF,Brooklyn Nets,Portland Trail Blazers,25,22,-0.756,1.194,0.566,1.95,0.746,0.638
2025,Jaylen Martin,SF,Brooklyn Nets,San Antonio Spurs,25,23,-0.756,0.392,0.468,1.148,0.842,0.618
2025,Jaylen Martin,SF,Washington Wizards,New Orleans Pelicans,29,27,-0.307,1.332,0.276,1.639,0.782,0.478
2025,Jaylen Martin,SF,Brooklyn Nets,Toronto Raptors,25,24,-0.756,1.249,0.285,2.005,0.74,0.467
2025,Jaylen Martin,SF,Washington Wizards,Charlotte Hornets,29,28,-0.307,1.088,0.228,1.394,0.811,0.461
2025,Jaylen Martin,SF,Washington Wizards,Utah Jazz,29,30,-0.307,0.075,0.073,0.382,0.944,0.421
2025,Jaylen Nowell,SG,New Orleans Pelicans,Oklahoma City Thunder,27,1,-0.405,1.265,3.302,1.671,0.778,2.292
2025,Jaylen Nowell,SG,New Orleans Pelicans,Cleveland Cavaliers,27,2,-0.405,1.342,2.971,1.747,0.769,2.09
2025,Jaylen Nowell,SG,New Orleans Pelicans,Boston Celtics,27,3,-0.405,0.808,2.872,1.213,0.834,2.057
2025,Jaylen Nowell,SG,New Orleans Pelicans,Houston Rockets,27,4,-0.405,0.724,2.388,1.129,0.844,1.771
2025,Jaylen Nowell,SG,New Orleans Pelicans,New York Knicks,27,5,-0.405,0.807,2.281,1.212,0.834,1.702
2025,Jaylen Nowell,SG,New Orleans Pelicans,Indiana Pacers,27,6,-0.405,0.275,2.122,0.68,0.903,1.634
2025,Jaylen Nowell,SG,New Orleans Pelicans,Los Angeles Clippers,27,9,-0.405,1.026,2.16,1.431,0.807,1.619
2025,Jaylen Nowell,SG,New Orleans Pelicans,Denver Nuggets,27,8,-0.405,0.812,2.108,1.217,0.833,1.598
2025,Jaylen Nowell,SG,New Orleans Pelicans,Minnesota Timberwolves,27,10,-0.405,1.353,2.101,1.758,0.768,1.568
2025,Jaylen Nowell,SG,New Orleans Pelicans,Los Angeles Lakers,27,7,-0.405,1.047,2.03,1.452,0.804,1.54
2025,Jaylen Nowell,SG,New Orleans Pelicans,Golden State Warriors,27,12,-0.405,0.448,1.908,0.853,0.88,1.497
2025,Jaylen Nowell,SG,New Orleans Pelicans,Memphis Grizzlies,27,13,-0.405,0.996,1.923,1.401,0.81,1.478
2025,Jaylen Nowell,SG,New Orleans Pelicans,Milwaukee Bucks,27,11,-0.405,0.683,1.895,1.088,0.849,1.477
2025,Jaylen Nowell,SG,New Orleans Pelicans,Detroit Pistons,27,14,-0.405,2.249,1.658,2.654,0.672,1.263
2025,Jaylen Nowell,SG,New Orleans Pelicans,Orlando Magic,27,15,-0.405,0.142,1.477,0.547,0.921,1.255
2025,Jaylen Nowell,SG,New Orleans Pelicans,Sacramento Kings,27,17,-0.405,0.908,1.351,1.313,0.821,1.139
2025,Jaylen Nowell,SG,New Orleans Pelicans,Atlanta Hawks,27,16,-0.405,1.001,1.319,1.406,0.81,1.115
2025,Jaylen Nowell,SG,New Orleans Pelicans,Chicago Bulls,27,18,-0.405,0.842,1.197,1.247,0.829,1.05
2025,Jaylen Nowell,SG,New Orleans Pelicans,Miami Heat,27,20,-0.405,1.223,1.193,1.629,0.783,1.029
2025,Jaylen Nowell,SG,New Orleans Pelicans,Dallas Mavericks,27,19,-0.405,1.335,1.167,1.74,0.77,1.009
2025,Jaylen Nowell,SG,New Orleans Pelicans,Portland Trail Blazers,27,22,-0.405,0.782,0.902,1.187,0.837,0.876
2025,Jaylen Nowell,SG,New Orleans Pelicans,Phoenix Suns,27,21,-0.405,1.298,0.898,1.703,0.775,0.848
2025,Jaylen Nowell,SG,New Orleans Pelicans,San Antonio Spurs,27,23,-0.405,0.668,0.804,1.073,0.851,0.823
2025,Jaylen Nowell,SG,New Orleans Pelicans,Toronto Raptors,27,24,-0.405,0.479,0.621,0.884,0.876,0.723
2025,Jaylen Nowell,SG,New Orleans Pelicans,Brooklyn Nets,27,25,-0.405,0.95,0.336,1.355,0.816,0.528
2025,Jaylen Nowell,SG,New Orleans Pelicans,Philadelphia 76ers,27,26,-0.405,1.127,0.278,1.533,0.795,0.485
2025,Jaylen Sims,SG,Charlotte Hornets,Oklahoma City Thunder,28,1,-0.18,1.265,3.349,1.446,0.805,2.331
2025,Jaylen Sims,SG,Charlotte Hornets,Cleveland Cavaliers,28,2,-0.18,1.342,3.018,1.522,0.796,2.129
2025,Jaylen Sims,SG,Charlotte Hornets,Boston Celtics,28,3,-0.18,0.808,2.92,0.989,0.862,2.097
2025,Jaylen Sims,SG,Charlotte Hornets,Houston Rockets,28,4,-0.18,0.724,2.436,0.905,0.873,1.811
2025,Jaylen Sims,SG,Charlotte Hornets,New York Knicks,28,5,-0.18,0.807,2.328,0.987,0.862,1.742
2025,Jaylen Sims,SG,Charlotte Hornets,Indiana Pacers,28,6,-0.18,0.275,2.169,0.455,0.934,1.675
2025,Jaylen Sims,SG,Charlotte Hornets,Los Angeles Clippers,28,9,-0.18,1.026,2.207,1.206,0.834,1.658
2025,Jaylen Sims,SG,Charlotte Hornets,Denver Nuggets,28,8,-0.18,0.812,2.155,0.992,0.862,1.638
2025,Jaylen Sims,SG,Charlotte Hornets,Minnesota Timberwolves,28,10,-0.18,1.353,2.148,1.534,0.794,1.607
2025,Jaylen Sims,SG,Charlotte Hornets,Los Angeles Lakers,28,7,-0.18,1.047,2.078,1.228,0.832,1.579
2025,Jaylen Sims,SG,Charlotte Hornets,Golden State Warriors,28,12,-0.18,0.448,1.955,0.629,0.91,1.537
2025,Jaylen Sims,SG,Charlotte Hornets,Memphis Grizzlies,28,13,-0.18,0.996,1.971,1.176,0.838,1.518
2025,Jaylen Sims,SG,Charlotte Hornets,Milwaukee Bucks,28,11,-0.18,0.683,1.943,0.863,0.879,1.517
2025,Jaylen Sims,SG,Charlotte Hornets,Detroit Pistons,28,14,-0.18,2.249,1.705,2.43,0.695,1.301
2025,Jaylen Sims,SG,Charlotte Hornets,Orlando Magic,28,15,-0.18,0.142,1.525,0.322,0.953,1.296
2025,Jaylen Sims,SG,Charlotte Hornets,Sacramento Kings,28,17,-0.18,0.908,1.398,1.089,0.849,1.179
2025,Jaylen Sims,SG,Charlotte Hornets,Atlanta Hawks,28,16,-0.18,1.001,1.366,1.181,0.838,1.155
2025,Jaylen Sims,SG,Charlotte Hornets,Chicago Bulls,28,18,-0.18,0.842,1.244,1.022,0.858,1.09
2025,Jaylen Sims,SG,Charlotte Hornets,Miami Heat,28,20,-0.18,1.223,1.241,1.404,0.81,1.068
2025,Jaylen Sims,SG,Charlotte Hornets,Dallas Mavericks,28,19,-0.18,1.335,1.215,1.516,0.797,1.048
2025,Jaylen Sims,SG,Charlotte Hornets,Portland Trail Blazers,28,22,-0.18,0.782,0.949,0.963,0.866,0.916
2025,Jaylen Sims,SG,Charlotte Hornets,Phoenix Suns,28,21,-0.18,1.298,0.945,1.479,0.801,0.888
2025,Jaylen Sims,SG,Charlotte Hornets,San Antonio Spurs,28,23,-0.18,0.668,0.852,0.848,0.881,0.863
2025,Jaylen Sims,SG,Charlotte Hornets,Toronto Raptors,28,24,-0.18,0.479,0.668,0.659,0.906,0.763
2025,Jaylen Sims,SG,Charlotte Hornets,Brooklyn Nets,28,25,-0.18,0.95,0.383,1.13,0.844,0.568
2025,Jaylen Sims,SG,Charlotte Hornets,Philadelphia 76ers,28,26,-0.18,1.127,0.325,1.308,0.822,0.524
2025,Jaylen Sims,SG,Charlotte Hornets,New Orleans Pelicans,28,27,-0.18,0.263,0.047,0.443,0.936,0.403
2025,Jaylen Wells,SG,Memphis Grizzlies,Oklahoma City Thunder,13,1,0.058,1.265,1.378,1.208,0.834,1.161
2025,Jaylen Wells,SG,Memphis Grizzlies,Cleveland Cavaliers,13,2,0.058,1.342,1.047,1.284,0.825,0.958
2025,Jaylen Wells,SG,Memphis Grizzlies,Boston Celtics,13,3,0.058,0.808,0.949,0.751,0.894,0.927
2025,Jaylen Wells,SG,Memphis Grizzlies,Houston Rockets,13,4,0.058,0.724,0.465,0.667,0.905,0.641
2025,Jaylen Wells,SG,Memphis Grizzlies,New York Knicks,13,5,0.058,0.807,0.358,0.749,0.894,0.572
2025,Jaylen Wells,SG,Memphis Grizzlies,Indiana Pacers,13,6,0.058,0.275,0.199,0.217,0.968,0.506
2025,Jaylen Wells,SG,Memphis Grizzlies,Los Angeles Clippers,13,9,0.058,1.026,0.237,0.968,0.865,0.488
2025,Jaylen Wells,SG,Memphis Grizzlies,Denver Nuggets,13,8,0.058,0.812,0.185,0.754,0.893,0.468
2025,Jaylen Wells,SG,Memphis Grizzlies,Minnesota Timberwolves,13,10,0.058,1.353,0.178,1.296,0.823,0.436
2025,Jaylen Wells,SG,Memphis Grizzlies,Los Angeles Lakers,13,7,0.058,1.047,0.107,0.989,0.862,0.409
2025,Jaylon Tyson,SG,Cleveland Cavaliers,Oklahoma City Thunder,2,1,-0.393,1.265,0.331,1.659,0.78,0.51
2025,Jayson Tatum,PF,Boston Celtics,Oklahoma City Thunder,3,1,1.509,0.795,0.429,0,1,0.658
2025,Jayson Tatum,PF,Boston Celtics,Cleveland Cavaliers,3,2,1.509,1.717,0.098,0.209,0.969,0.447
2025,Jazian Gortman,PG,Dallas Mavericks,Oklahoma City Thunder,19,1,-0.865,1.646,2.134,2.511,0.686,1.555
2025,Jazian Gortman,PG,Dallas Mavericks,Cleveland Cavaliers,19,2,-0.865,0.908,1.803,1.773,0.766,1.388
2025,Jazian Gortman,PG,Dallas Mavericks,Boston Celtics,19,3,-0.865,0.432,1.705,1.297,0.823,1.352
2025,Jazian Gortman,PG,Dallas Mavericks,Houston Rockets,19,4,-0.865,0.457,1.221,1.322,0.82,1.061
2025,Jazian Gortman,PG,Dallas Mavericks,New York Knicks,19,5,-0.865,1.105,1.113,1.97,0.744,0.966
2025,Jazian Gortman,PG,Dallas Mavericks,Minnesota Timberwolves,19,10,-0.865,0.2,0.933,1.065,0.852,0.901
2025,Jazian Gortman,PG,Dallas Mavericks,Los Angeles Clippers,19,9,-0.865,1.03,0.992,1.895,0.753,0.896
2025,Jazian Gortman,PG,Dallas Mavericks,Denver Nuggets,19,8,-0.865,0.822,0.941,1.687,0.776,0.875
2025,Jazian Gortman,PG,Dallas Mavericks,Indiana Pacers,19,6,-0.865,1.379,0.955,2.244,0.714,0.858
2025,Jazian Gortman,PG,Dallas Mavericks,Los Angeles Lakers,19,7,-0.865,1.252,0.863,2.118,0.728,0.809
2025,Jazian Gortman,PG,Dallas Mavericks,Memphis Grizzlies,19,13,-0.865,0.849,0.756,1.714,0.773,0.763
2025,Jazian Gortman,PG,Dallas Mavericks,Golden State Warriors,19,12,-0.865,1.025,0.74,1.89,0.753,0.745
2025,Jazian Gortman,PG,Dallas Mavericks,Milwaukee Bucks,19,11,-0.865,1.065,0.728,1.93,0.749,0.736
2025,Jazian Gortman,PG,Dallas Mavericks,Detroit Pistons,19,14,-0.865,1.099,0.49,1.964,0.745,0.592
2025,Jazian Gortman,PG,Dallas Mavericks,Orlando Magic,19,15,-0.865,0.182,0.31,1.047,0.855,0.528
2025,Jazian Gortman,PG,Dallas Mavericks,Sacramento Kings,19,17,-0.865,0.871,0.183,1.736,0.771,0.418
2025,Jazian Gortman,PG,Dallas Mavericks,Atlanta Hawks,19,16,-0.865,1.258,0.151,2.123,0.727,0.382
2025,Jazian Gortman,PG,Dallas Mavericks,Miami Heat,19,20,-0.865,0.39,0.026,1.255,0.828,0.347
2025,Jazian Gortman,PG,Dallas Mavericks,Chicago Bulls,19,18,-0.865,0.694,0.029,1.559,0.791,0.334
2025,JD Davison,PG,Boston Celtics,Oklahoma City Thunder,3,1,-0.88,1.646,0.429,2.526,0.685,0.532
2025,JD Davison,PG,Boston Celtics,Cleveland Cavaliers,3,2,-0.88,0.908,0.098,1.788,0.765,0.365
2025,Jeff Dowtin Jr.,PG,Philadelphia 76ers,Oklahoma City Thunder,26,1,-0.06,1.646,3.024,1.706,0.774,2.124
2025,Jeff Dowtin Jr.,PG,Philadelphia 76ers,Cleveland Cavaliers,26,2,-0.06,0.908,2.693,0.968,0.865,1.962
2025,Jeff Dowtin Jr.,PG,Philadelphia 76ers,Boston Celtics,26,3,-0.06,0.432,2.594,0.492,0.929,1.928
2025,Jeff Dowtin Jr.,PG,Philadelphia 76ers,Houston Rockets,26,4,-0.06,0.457,2.11,0.517,0.925,1.636
2025,Jeff Dowtin Jr.,PG,Philadelphia 76ers,New York Knicks,26,5,-0.06,1.105,2.003,1.165,0.84,1.538
2025,Jeff Dowtin Jr.,PG,Philadelphia 76ers,Minnesota Timberwolves,26,10,-0.06,0.2,1.823,0.26,0.962,1.479
2025,Jeff Dowtin Jr.,PG,Philadelphia 76ers,Los Angeles Clippers,26,9,-0.06,1.03,1.882,1.09,0.849,1.469
2025,Jeff Dowtin Jr.,PG,Philadelphia 76ers,Denver Nuggets,26,8,-0.06,0.822,1.83,0.882,0.876,1.449
2025,Jeff Dowtin Jr.,PG,Philadelphia 76ers,Indiana Pacers,26,6,-0.06,1.379,1.844,1.439,0.806,1.429
2025,Jeff Dowtin Jr.,PG,Philadelphia 76ers,Los Angeles Lakers,26,7,-0.06,1.252,1.752,1.312,0.821,1.38
2025,Jeff Dowtin Jr.,PG,Philadelphia 76ers,Memphis Grizzlies,26,13,-0.06,0.849,1.645,0.909,0.873,1.336
2025,Jeff Dowtin Jr.,PG,Philadelphia 76ers,Golden State Warriors,26,12,-0.06,1.025,1.63,1.085,0.85,1.318
2025,Jeff Dowtin Jr.,PG,Philadelphia 76ers,Milwaukee Bucks,26,11,-0.06,1.065,1.617,1.125,0.845,1.308
2025,Jeff Dowtin Jr.,PG,Philadelphia 76ers,Detroit Pistons,26,14,-0.06,1.099,1.38,1.159,0.84,1.164
2025,Jeff Dowtin Jr.,PG,Philadelphia 76ers,Orlando Magic,26,15,-0.06,0.182,1.199,0.242,0.964,1.105
2025,Jeff Dowtin Jr.,PG,Philadelphia 76ers,Sacramento Kings,26,17,-0.06,0.871,1.073,0.931,0.87,0.992
2025,Jeff Dowtin Jr.,PG,Philadelphia 76ers,Atlanta Hawks,26,16,-0.06,1.258,1.041,1.318,0.821,0.953
2025,Jeff Dowtin Jr.,PG,Philadelphia 76ers,Miami Heat,26,20,-0.06,0.39,0.915,0.45,0.935,0.923
2025,Jeff Dowtin Jr.,PG,Philadelphia 76ers,Chicago Bulls,26,18,-0.06,0.694,0.919,0.754,0.893,0.909
2025,Jeff Dowtin Jr.,PG,Philadelphia 76ers,Dallas Mavericks,26,19,-0.06,1.413,0.89,1.473,0.802,0.854
2025,Jeff Dowtin Jr.,PG,Philadelphia 76ers,Portland Trail Blazers,26,22,-0.06,0.141,0.624,0.201,0.97,0.762
2025,Jeff Dowtin Jr.,PG,Philadelphia 76ers,Phoenix Suns,26,21,-0.06,0.387,0.62,0.447,0.935,0.746
2025,Jeff Dowtin Jr.,PG,Philadelphia 76ers,San Antonio Spurs,26,23,-0.06,0.766,0.526,0.826,0.883,0.669
2025,Jeff Dowtin Jr.,PG,Philadelphia 76ers,Toronto Raptors,26,24,-0.06,0.562,0.343,0.622,0.911,0.57
2025,Jeff Dowtin Jr.,PG,Philadelphia 76ers,Brooklyn Nets,26,25,-0.06,0.658,0.058,0.718,0.898,0.394
2025,Jeff Green,PF,Houston Rockets,Oklahoma City Thunder,4,1,-0.493,0.795,0.913,1.288,0.824,0.878
2025,Jeff Green,PF,Houston Rockets,Cleveland Cavaliers,4,2,-0.493,1.717,0.582,2.211,0.718,0.636
2025,Jeff Green,PF,Houston Rockets,Boston Celtics,4,3,-0.493,1.509,0.484,2.002,0.741,0.587
2025,Jerami Grant,PF,Portland Trail Blazers,Oklahoma City Thunder,22,1,0.285,0.795,2.4,0.51,0.926,1.81
2025,Jerami Grant,PF,Portland Trail Blazers,Cleveland Cavaliers,22,2,0.285,1.717,2.069,1.432,0.807,1.564
2025,Jerami Grant,PF,Portland Trail Blazers,Boston Celtics,22,3,0.285,1.509,1.97,1.223,0.832,1.515
2025,Jerami Grant,PF,Portland Trail Blazers,Houston Rockets,22,4,0.285,0.863,1.487,0.578,0.917,1.259
2025,Jerami Grant,PF,Portland Trail Blazers,New York Knicks,22,5,0.285,0.825,1.379,0.54,0.922,1.196
2025,Jerami Grant,PF,Portland Trail Blazers,Los Angeles Clippers,22,9,0.285,-0.25,1.258,0,1,1.155
2025,Jerami Grant,PF,Portland Trail Blazers,Denver Nuggets,22,8,0.285,0.4,1.206,0.115,0.983,1.117
2025,Jerami Grant,PF,Portland Trail Blazers,Minnesota Timberwolves,22,10,0.285,0.731,1.199,0.446,0.935,1.094
2025,Jerami Grant,PF,Portland Trail Blazers,Indiana Pacers,22,6,0.285,0.96,1.22,0.674,0.904,1.094
2025,Jerami Grant,PF,Portland Trail Blazers,Los Angeles Lakers,22,7,0.285,0.286,1.129,0.001,1,1.077
2025,Jerami Grant,PF,Portland Trail Blazers,Memphis Grizzlies,22,13,0.285,0.525,1.022,0.239,0.965,0.999
2025,Jerami Grant,PF,Portland Trail Blazers,Golden State Warriors,22,12,0.285,0.698,1.006,0.412,0.94,0.98
2025,Jerami Grant,PF,Portland Trail Blazers,Milwaukee Bucks,22,11,0.285,2.524,0.993,2.239,0.715,0.882
2025,Jerami Grant,PF,Portland Trail Blazers,Detroit Pistons,22,14,0.285,0.573,0.756,0.288,0.958,0.837
2025,Jerami Grant,PF,Portland Trail Blazers,Orlando Magic,22,15,0.285,1.217,0.576,0.932,0.87,0.693
2025,Jerami Grant,PF,Portland Trail Blazers,Sacramento Kings,22,17,0.285,0.523,0.449,0.238,0.965,0.655
2025,Jerami Grant,PF,Portland Trail Blazers,Atlanta Hawks,22,16,0.285,0.235,0.417,0,1,0.65
2025,Jerami Grant,PF,Portland Trail Blazers,Chicago Bulls,22,18,0.285,0.411,0.295,0.125,0.981,0.57
2025,Jerami Grant,PF,Portland Trail Blazers,Miami Heat,22,20,0.285,0.861,0.292,0.576,0.917,0.542
2025,Jerami Grant,PF,Portland Trail Blazers,Dallas Mavericks,22,19,0.285,1.939,0.266,1.653,0.78,0.472
2025,Jeremiah Robinson-Earl,PF,New Orleans Pelicans,Oklahoma City Thunder,27,1,-0.206,0.795,3.302,1.002,0.861,2.325
2025,Jeremiah Robinson-Earl,PF,New Orleans Pelicans,Cleveland Cavaliers,27,2,-0.206,1.717,2.971,1.924,0.749,2.082
2025,Jeremiah Robinson-Earl,PF,New Orleans Pelicans,Boston Celtics,27,3,-0.206,1.509,2.872,1.715,0.773,2.033
2025,Jeremiah Robinson-Earl,PF,New Orleans Pelicans,Houston Rockets,27,4,-0.206,0.863,2.388,1.07,0.852,1.774
2025,Jeremiah Robinson-Earl,PF,New Orleans Pelicans,New York Knicks,27,5,-0.206,0.825,2.281,1.032,0.857,1.711
2025,Jeremiah Robinson-Earl,PF,New Orleans Pelicans,Los Angeles Clippers,27,9,-0.206,-0.25,2.16,0,1,1.696
2025,Jeremiah Robinson-Earl,PF,New Orleans Pelicans,Denver Nuggets,27,8,-0.206,0.4,2.108,0.606,0.913,1.63
2025,Jeremiah Robinson-Earl,PF,New Orleans Pelicans,Indiana Pacers,27,6,-0.206,0.96,2.122,1.166,0.84,1.609
2025,Jeremiah Robinson-Earl,PF,New Orleans Pelicans,Minnesota Timberwolves,27,10,-0.206,0.731,2.101,0.938,0.869,1.608
2025,Jeremiah Robinson-Earl,PF,New Orleans Pelicans,Los Angeles Lakers,27,7,-0.206,0.286,2.03,0.493,0.929,1.59
2025,Jeremiah Robinson-Earl,PF,New Orleans Pelicans,Memphis Grizzlies,27,13,-0.206,0.525,1.923,0.731,0.896,1.512
2025,Jeremiah Robinson-Earl,PF,New Orleans Pelicans,Golden State Warriors,27,12,-0.206,0.698,1.908,0.904,0.873,1.494
2025,Jeremiah Robinson-Earl,PF,New Orleans Pelicans,Milwaukee Bucks,27,11,-0.206,2.524,1.895,2.731,0.664,1.403
2025,Jeremiah Robinson-Earl,PF,New Orleans Pelicans,Detroit Pistons,27,14,-0.206,0.573,1.658,0.78,0.89,1.35
2025,Jeremiah Robinson-Earl,PF,New Orleans Pelicans,Orlando Magic,27,15,-0.206,1.217,1.477,1.424,0.808,1.209
2025,Jeremiah Robinson-Earl,PF,New Orleans Pelicans,Sacramento Kings,27,17,-0.206,0.523,1.351,0.729,0.896,1.169
2025,Jeremiah Robinson-Earl,PF,New Orleans Pelicans,Atlanta Hawks,27,16,-0.206,0.235,1.319,0.441,0.936,1.166
2025,Jeremiah Robinson-Earl,PF,New Orleans Pelicans,Chicago Bulls,27,18,-0.206,0.411,1.197,0.617,0.912,1.083
2025,Jeremiah Robinson-Earl,PF,New Orleans Pelicans,Miami Heat,27,20,-0.206,0.861,1.193,1.068,0.852,1.057
2025,Jeremiah Robinson-Earl,PF,New Orleans Pelicans,Dallas Mavericks,27,19,-0.206,1.939,1.167,2.145,0.725,0.99
2025,Jeremiah Robinson-Earl,PF,New Orleans Pelicans,Portland Trail Blazers,27,22,-0.206,0.482,0.902,0.688,0.902,0.902
2025,Jeremiah Robinson-Earl,PF,New Orleans Pelicans,Phoenix Suns,27,21,-0.206,1.486,0.898,1.693,0.776,0.849
2025,Jeremiah Robinson-Earl,PF,New Orleans Pelicans,San Antonio Spurs,27,23,-0.206,0.484,0.804,0.69,0.902,0.843
2025,Jeremiah Robinson-Earl,PF,New Orleans Pelicans,Toronto Raptors,27,24,-0.206,1.283,0.621,1.49,0.8,0.692
2025,Jeremiah Robinson-Earl,PF,New Orleans Pelicans,Brooklyn Nets,27,25,-0.206,0.624,0.336,0.83,0.883,0.555
2025,Jeremiah Robinson-Earl,PF,New Orleans Pelicans,Philadelphia 76ers,27,26,-0.206,0.711,0.278,0.918,0.871,0.515
2025,Jeremy Sochan,PF,San Antonio Spurs,Oklahoma City Thunder,23,1,0.484,0.795,2.497,0.311,0.954,1.88
2025,Jeremy Sochan,PF,San Antonio Spurs,Cleveland Cavaliers,23,2,0.484,1.717,2.166,1.234,0.831,1.632
2025,Jeremy Sochan,PF,San Antonio Spurs,Boston Celtics,23,3,0.484,1.509,2.068,1.025,0.858,1.584
2025,Jeremy Sochan,PF,San Antonio Spurs,Houston Rockets,23,4,0.484,0.863,1.584,0.379,0.945,1.328
2025,Jeremy Sochan,PF,San Antonio Spurs,New York Knicks,23,5,0.484,0.825,1.477,0.342,0.95,1.266
2025,Jeremy Sochan,PF,San Antonio Spurs,Los Angeles Clippers,23,9,0.484,-0.25,1.355,0,1,1.213
2025,Jeremy Sochan,PF,San Antonio Spurs,Denver Nuggets,23,8,0.484,0.4,1.304,0,1,1.182
2025,Jeremy Sochan,PF,San Antonio Spurs,Minnesota Timberwolves,23,10,0.484,0.731,1.297,0.247,0.964,1.163
2025,Jeremy Sochan,PF,San Antonio Spurs,Indiana Pacers,23,6,0.484,0.96,1.318,0.476,0.931,1.163
2025,Jeremy Sochan,PF,San Antonio Spurs,Los Angeles Lakers,23,7,0.484,0.286,1.226,0,1,1.136
2025,Jeremy Sochan,PF,San Antonio Spurs,Memphis Grizzlies,23,13,0.484,0.525,1.119,0.041,0.994,1.069
2025,Jeremy Sochan,PF,San Antonio Spurs,Golden State Warriors,23,12,0.484,0.698,1.103,0.214,0.968,1.049
2025,Jeremy Sochan,PF,San Antonio Spurs,Milwaukee Bucks,23,11,0.484,2.524,1.091,2.04,0.736,0.949
2025,Jeremy Sochan,PF,San Antonio Spurs,Detroit Pistons,23,14,0.484,0.573,0.853,0.09,0.987,0.907
2025,Jeremy Sochan,PF,San Antonio Spurs,Orlando Magic,23,15,0.484,1.217,0.673,0.734,0.896,0.762
2025,Jeremy Sochan,PF,San Antonio Spurs,Sacramento Kings,23,17,0.484,0.523,0.546,0.039,0.994,0.725
2025,Jeremy Sochan,PF,San Antonio Spurs,Atlanta Hawks,23,16,0.484,0.235,0.514,0,1,0.709
2025,Jeremy Sochan,PF,San Antonio Spurs,Chicago Bulls,23,18,0.484,0.411,0.393,0,1,0.636
2025,Jeremy Sochan,PF,San Antonio Spurs,Miami Heat,23,20,0.484,0.861,0.389,0.377,0.945,0.611
2025,Jeremy Sochan,PF,San Antonio Spurs,Dallas Mavericks,23,19,0.484,1.939,0.363,1.455,0.804,0.539
2025,Jeremy Sochan,PF,San Antonio Spurs,Portland Trail Blazers,23,22,0.484,0.482,0.097,0,1,0.458
2025,Jeremy Sochan,PF,San Antonio Spurs,Phoenix Suns,23,21,0.484,1.486,0.093,1.002,0.86,0.4
2025,Jericho Sims,C,Milwaukee Bucks,Oklahoma City Thunder,11,1,-0.37,1.018,1.406,1.388,0.812,1.169
2025,Jericho Sims,C,Milwaukee Bucks,Cleveland Cavaliers,11,2,-0.37,0.96,1.075,1.33,0.819,0.973
2025,Jericho Sims,C,New York Knicks,Oklahoma City Thunder,5,1,-0.762,1.018,1.021,1.779,0.766,0.919
2025,Jericho Sims,C,Milwaukee Bucks,Boston Celtics,11,3,-0.37,0.929,0.977,1.299,0.823,0.915
2025,Jericho Sims,C,New York Knicks,Cleveland Cavaliers,5,2,-0.762,0.96,0.69,1.722,0.772,0.723
2025,Jericho Sims,C,New York Knicks,Boston Celtics,5,3,-0.762,0.929,0.591,1.691,0.776,0.665
2025,Jericho Sims,C,Milwaukee Bucks,Houston Rockets,11,4,-0.37,0.807,0.493,1.178,0.838,0.631
2025,Jericho Sims,C,Milwaukee Bucks,New York Knicks,11,5,-0.37,1.332,0.386,1.703,0.775,0.541
2025,Jericho Sims,C,Milwaukee Bucks,Indiana Pacers,11,6,-0.37,0.754,0.227,1.125,0.845,0.474
2025,Jericho Sims,C,Milwaukee Bucks,Los Angeles Clippers,11,9,-0.37,1.266,0.265,1.636,0.782,0.472
2025,Jericho Sims,C,Milwaukee Bucks,Minnesota Timberwolves,11,10,-0.37,1.008,0.206,1.378,0.813,0.449
2025,Jericho Sims,C,Milwaukee Bucks,Denver Nuggets,11,8,-0.37,1.827,0.213,2.197,0.719,0.415
2025,Jericho Sims,C,Milwaukee Bucks,Golden State Warriors,11,12,-0.37,-0.087,0.013,0.284,0.958,0.391
2025,Jericho Sims,C,New York Knicks,Houston Rockets,5,4,-0.762,0.807,0.107,1.569,0.79,0.381
2025,Jericho Sims,C,Milwaukee Bucks,Los Angeles Lakers,11,7,-0.37,1.908,0.135,2.278,0.711,0.365
2025,Jericho Sims,C,Milwaukee Bucks,Memphis Grizzlies,11,13,-0.37,0.773,0.028,1.143,0.842,0.354
2025,Jesse Edwards,C,Minnesota Timberwolves,Cleveland Cavaliers,10,2,,0.96,0.87,,,
2025,Jesse Edwards,C,Minnesota Timberwolves,Boston Celtics,10,3,,0.929,0.771,,,
2025,Jesse Edwards,C,Minnesota Timberwolves,Los Angeles Clippers,10,9,,1.266,0.059,,,
2025,Jesse Edwards,C,Minnesota Timberwolves,Oklahoma City Thunder,10,1,,1.018,1.201,,,
2025,Jesse Edwards,C,Minnesota Timberwolves,Indiana Pacers,10,6,,0.754,0.021,,,
2025,Jesse Edwards,C,Minnesota Timberwolves,New York Knicks,10,5,,1.332,0.18,,,
2025,Jesse Edwards,C,Minnesota Timberwolves,Houston Rockets,10,4,,0.807,0.287,,,
2025,Jesse Edwards,C,Minnesota Timberwolves,Denver Nuggets,10,8,,1.827,0.007,,,
2025,Jett Howard,SF,Orlando Magic,Oklahoma City Thunder,15,1,-0.67,0.332,1.824,1.002,0.861,1.439
2025,Jett Howard,SF,Orlando Magic,Cleveland Cavaliers,15,2,-0.67,0.475,1.493,1.144,0.842,1.233
2025,Jett Howard,SF,Orlando Magic,Boston Celtics,15,3,-0.67,1.283,1.395,1.953,0.746,1.135
2025,Jett Howard,SF,Orlando Magic,Houston Rockets,15,4,-0.67,1.573,0.911,2.243,0.714,0.832
2025,Jett Howard,SF,Orlando Magic,New York Knicks,15,5,-0.67,0.764,0.804,1.434,0.806,0.805
2025,Jett Howard,SF,Orlando Magic,Minnesota Timberwolves,15,10,-0.67,-0.433,0.624,0.236,0.965,0.76
2025,Jett Howard,SF,Orlando Magic,Indiana Pacers,15,6,-0.67,0.534,0.645,1.204,0.835,0.721
2025,Jett Howard,SF,Orlando Magic,Los Angeles Clippers,15,9,-0.67,1.392,0.683,2.061,0.734,0.703
2025,Jett Howard,SF,Orlando Magic,Denver Nuggets,15,8,-0.67,0.927,0.631,1.597,0.787,0.693
2025,Jett Howard,SF,Orlando Magic,Los Angeles Lakers,15,7,-0.67,2.119,0.553,2.788,0.658,0.595
2025,Jett Howard,SF,Orlando Magic,Milwaukee Bucks,15,11,-0.67,0.667,0.418,1.337,0.818,0.578
2025,Jett Howard,SF,Orlando Magic,Golden State Warriors,15,12,-0.67,1.484,0.43,2.154,0.724,0.548
2025,Jett Howard,SF,Orlando Magic,Detroit Pistons,15,14,-0.67,0.84,0.18,1.51,0.797,0.427
2025,Jevon Carter,PG,Chicago Bulls,Oklahoma City Thunder,18,1,-0.438,1.646,2.105,2.084,0.732,1.555
2025,Jevon Carter,PG,Chicago Bulls,Cleveland Cavaliers,18,2,-0.438,0.908,1.774,1.346,0.817,1.391
2025,Jevon Carter,PG,Chicago Bulls,Boston Celtics,18,3,-0.438,0.432,1.675,0.87,0.878,1.356
2025,Jevon Carter,PG,Chicago Bulls,Houston Rockets,18,4,-0.438,0.457,1.191,0.895,0.874,1.065
2025,Jevon Carter,PG,Chicago Bulls,New York Knicks,18,5,-0.438,1.105,1.084,1.543,0.793,0.968
2025,Jevon Carter,PG,Chicago Bulls,Minnesota Timberwolves,18,10,-0.438,0.2,0.904,0.638,0.909,0.906
2025,Jevon Carter,PG,Chicago Bulls,Los Angeles Clippers,18,9,-0.438,1.03,0.963,1.468,0.802,0.899
2025,Jevon Carter,PG,Chicago Bulls,Denver Nuggets,18,8,-0.438,0.822,0.911,1.26,0.828,0.878
2025,Jevon Carter,PG,Chicago Bulls,Indiana Pacers,18,6,-0.438,1.379,0.925,1.817,0.761,0.86
2025,Jevon Carter,PG,Chicago Bulls,Los Angeles Lakers,18,7,-0.438,1.252,0.833,1.69,0.776,0.81
2025,Jevon Carter,PG,Chicago Bulls,Memphis Grizzlies,18,13,-0.438,0.849,0.726,1.287,0.824,0.766
2025,Jevon Carter,PG,Chicago Bulls,Golden State Warriors,18,12,-0.438,1.025,0.711,1.463,0.803,0.748
2025,Jevon Carter,PG,Chicago Bulls,Milwaukee Bucks,18,11,-0.438,1.065,0.698,1.503,0.798,0.738
2025,Jevon Carter,PG,Chicago Bulls,Detroit Pistons,18,14,-0.438,1.099,0.461,1.537,0.794,0.594
2025,Jevon Carter,PG,Chicago Bulls,Orlando Magic,18,15,-0.438,0.182,0.28,0.62,0.911,0.533
2025,Jevon Carter,PG,Chicago Bulls,Sacramento Kings,18,17,-0.438,0.871,0.154,1.309,0.822,0.421
2025,Jevon Carter,PG,Chicago Bulls,Atlanta Hawks,18,16,-0.438,1.258,0.122,1.696,0.775,0.383
2025,Jimmy Butler,PF,Miami Heat,Oklahoma City Thunder,20,1,0.861,0.795,2.108,0,1,1.665
2025,Jimmy Butler,PF,Miami Heat,Cleveland Cavaliers,20,2,0.861,1.717,1.777,0.856,0.879,1.418
2025,Jimmy Butler,PF,Miami Heat,Boston Celtics,20,3,0.861,1.509,1.679,0.647,0.907,1.37
2025,Jimmy Butler,SF,Golden State Warriors,Oklahoma City Thunder,12,1,1.484,0.332,1.394,0,1,1.236
2025,Jimmy Butler,PF,Miami Heat,Houston Rockets,20,4,0.861,0.863,1.195,0.002,1,1.117
2025,Jimmy Butler,PF,Miami Heat,New York Knicks,20,5,0.861,0.825,1.088,0,1,1.053
2025,Jimmy Butler,SF,Golden State Warriors,Cleveland Cavaliers,12,2,1.484,0.475,1.063,0,1,1.038
2025,Jimmy Butler,PF,Miami Heat,Los Angeles Clippers,20,9,0.861,-0.25,0.967,0,1,0.98
2025,Jimmy Butler,SF,Golden State Warriors,Boston Celtics,12,3,1.484,1.283,0.964,0,1,0.979
2025,Jimmy Butler,PF,Miami Heat,Indiana Pacers,20,6,0.861,0.96,0.929,0.098,0.985,0.951
2025,Jimmy Butler,PF,Miami Heat,Denver Nuggets,20,8,0.861,0.4,0.915,0,1,0.949
2025,Jimmy Butler,PF,Miami Heat,Minnesota Timberwolves,20,10,0.861,0.731,0.908,0,1,0.945
2025,Jimmy Butler,PF,Miami Heat,Los Angeles Lakers,20,7,0.861,0.286,0.837,0,1,0.902
2025,Jimmy Butler,PF,Miami Heat,Memphis Grizzlies,20,13,0.861,0.525,0.73,0,1,0.838
2025,Jimmy Butler,PF,Miami Heat,Golden State Warriors,20,12,0.861,0.698,0.714,0,1,0.829
2025,Jimmy Butler,PF,Miami Heat,Milwaukee Bucks,20,11,0.861,2.524,0.702,1.663,0.779,0.733
2025,Jimmy Butler,SF,Golden State Warriors,Houston Rockets,12,4,1.484,1.573,0.481,0.089,0.987,0.683
2025,Jimmy Butler,PF,Miami Heat,Detroit Pistons,20,14,0.861,0.573,0.464,0,1,0.679
2025,Jimmy Butler,SF,Golden State Warriors,New York Knicks,12,5,1.484,0.764,0.373,0,1,0.624
2025,Jimmy Butler,SF,Golden State Warriors,Los Angeles Clippers,12,9,1.484,1.392,0.252,0,1,0.551
2025,Jimmy Butler,PF,Miami Heat,Orlando Magic,20,15,0.861,1.217,0.284,0.356,0.948,0.55
2025,Jimmy Butler,SF,Golden State Warriors,Indiana Pacers,12,6,1.484,0.534,0.214,0,1,0.529
2025,Jimmy Butler,SF,Golden State Warriors,Denver Nuggets,12,8,1.484,0.927,0.2,0,1,0.52
2025,Jimmy Butler,SF,Golden State Warriors,Minnesota Timberwolves,12,10,1.484,-0.433,0.193,0,1,0.516
2025,Jimmy Butler,PF,Miami Heat,Sacramento Kings,20,17,0.861,0.523,0.157,0,1,0.494
2025,Jimmy Butler,PF,Miami Heat,Atlanta Hawks,20,16,0.861,0.235,0.125,0,1,0.475
2025,Jimmy Butler,SF,Golden State Warriors,Los Angeles Lakers,12,7,1.484,2.119,0.123,0.635,0.909,0.437
2025,Jimmy Butler,PF,Miami Heat,Chicago Bulls,20,18,0.861,0.411,0.004,0,1,0.402
2025,Jock Landale,C,Houston Rockets,Oklahoma City Thunder,4,1,-0.538,1.018,0.913,1.556,0.792,0.865
2025,Jock Landale,C,Houston Rockets,Cleveland Cavaliers,4,2,-0.538,0.96,0.582,1.498,0.799,0.669
2025,Jock Landale,C,Houston Rockets,Boston Celtics,4,3,-0.538,0.929,0.484,1.467,0.802,0.611
2025,Joe Ingles,SF,Minnesota Timberwolves,Oklahoma City Thunder,10,1,-1.111,0.332,1.201,1.443,0.805,1.043
2025,Joe Ingles,SF,Minnesota Timberwolves,Cleveland Cavaliers,10,2,-1.111,0.475,0.87,1.586,0.788,0.837
2025,Joe Ingles,SF,Minnesota Timberwolves,Boston Celtics,10,3,-1.111,1.283,0.771,2.395,0.698,0.742
2025,Joe Ingles,SF,Minnesota Timberwolves,Houston Rockets,10,4,-1.111,1.573,0.287,2.684,0.669,0.44
2025,Joe Ingles,SF,Minnesota Timberwolves,New York Knicks,10,5,-1.111,0.764,0.18,1.875,0.755,0.41
2025,Joe Ingles,SF,Minnesota Timberwolves,Indiana Pacers,10,6,-1.111,0.534,0.021,1.645,0.781,0.325
2025,Joe Ingles,SF,Minnesota Timberwolves,Los Angeles Clippers,10,9,-1.111,1.392,0.059,2.503,0.687,0.31
2025,Joe Ingles,SF,Minnesota Timberwolves,Denver Nuggets,10,8,-1.111,0.927,0.007,2.038,0.737,0.299
2025,Joel Embiid,C,Philadelphia 76ers,Oklahoma City Thunder,26,1,0.849,1.018,3.024,0.169,0.975,2.204
2025,Joel Embiid,C,Philadelphia 76ers,Cleveland Cavaliers,26,2,0.849,0.96,2.693,0.111,0.983,2.009
2025,Joel Embiid,C,Philadelphia 76ers,Boston Celtics,26,3,0.849,0.929,2.594,0.08,0.988,1.952
2025,Joel Embiid,C,Philadelphia 76ers,Houston Rockets,26,4,0.849,0.807,2.11,0,1,1.666
2025,Joel Embiid,C,Philadelphia 76ers,New York Knicks,26,5,0.849,1.332,2.003,0.484,0.93,1.574
2025,Joel Embiid,C,Philadelphia 76ers,Indiana Pacers,26,6,0.849,0.754,1.844,0,1,1.506
2025,Joel Embiid,C,Philadelphia 76ers,Los Angeles Clippers,26,9,0.849,1.266,1.882,0.417,0.939,1.505
2025,Joel Embiid,C,Philadelphia 76ers,Minnesota Timberwolves,26,10,0.849,1.008,1.823,0.159,0.976,1.484
2025,Joel Embiid,C,Philadelphia 76ers,Denver Nuggets,26,8,0.849,1.827,1.83,0.978,0.864,1.444
2025,Joel Embiid,C,Philadelphia 76ers,Los Angeles Lakers,26,7,0.849,1.908,1.752,1.059,0.853,1.393
2025,Joel Embiid,C,Philadelphia 76ers,Memphis Grizzlies,26,13,0.849,0.773,1.645,0,1,1.387
2025,Joel Embiid,C,Philadelphia 76ers,Golden State Warriors,26,12,0.849,-0.087,1.63,0,1,1.378
2025,Joel Embiid,C,Philadelphia 76ers,Milwaukee Bucks,26,11,0.849,0.498,1.617,0,1,1.37
2025,Joel Embiid,C,Philadelphia 76ers,Detroit Pistons,26,14,0.849,0.988,1.38,0.139,0.979,1.22
2025,Joel Embiid,C,Philadelphia 76ers,Orlando Magic,26,15,0.849,0.455,1.199,0,1,1.12
2025,Joel Embiid,C,Philadelphia 76ers,Atlanta Hawks,26,16,0.849,0.616,1.041,0,1,1.024
2025,Joel Embiid,C,Philadelphia 76ers,Sacramento Kings,26,17,0.849,1.198,1.073,0.349,0.949,1.023
2025,Joel Embiid,C,Philadelphia 76ers,Chicago Bulls,26,18,0.849,0.827,0.919,0,1,0.951
2025,Joel Embiid,C,Philadelphia 76ers,Miami Heat,26,20,0.849,0.612,0.915,0,1,0.949
2025,Joel Embiid,C,Philadelphia 76ers,Dallas Mavericks,26,19,0.849,1.114,0.89,0.265,0.961,0.918
2025,Joel Embiid,C,Philadelphia 76ers,Portland Trail Blazers,26,22,0.849,0.7,0.624,0,1,0.774
2025,Joel Embiid,C,Philadelphia 76ers,Phoenix Suns,26,21,0.849,0.34,0.62,0,1,0.772
2025,Joel Embiid,C,Philadelphia 76ers,San Antonio Spurs,26,23,0.849,2.35,0.526,1.501,0.798,0.635
2025,Joel Embiid,C,Philadelphia 76ers,Toronto Raptors,26,24,0.849,0.899,0.343,0.05,0.993,0.603
2025,Joel Embiid,C,Philadelphia 76ers,Brooklyn Nets,26,25,0.849,0.443,0.058,0,1,0.435
2025,John Collins,PF,Utah Jazz,Oklahoma City Thunder,30,1,1.224,0.795,3.505,0,1,2.503
2025,John Collins,PF,Utah Jazz,Cleveland Cavaliers,30,2,1.224,1.717,3.174,0.494,0.929,2.276
2025,John Collins,PF,Utah Jazz,Boston Celtics,30,3,1.224,1.509,3.075,0.285,0.958,2.228
2025,John Collins,PF,Utah Jazz,Houston Rockets,30,4,1.224,0.863,2.591,0,1,1.955
2025,John Collins,PF,Utah Jazz,New York Knicks,30,5,1.224,0.825,2.484,0,1,1.89
2025,John Collins,PF,Utah Jazz,Los Angeles Clippers,30,9,1.224,-0.25,2.363,0,1,1.818
2025,John Collins,PF,Utah Jazz,Indiana Pacers,30,6,1.224,0.96,2.325,0,1,1.795
2025,John Collins,PF,Utah Jazz,Denver Nuggets,30,8,1.224,0.4,2.311,0,1,1.787
2025,John Collins,PF,Utah Jazz,Minnesota Timberwolves,30,10,1.224,0.731,2.304,0,1,1.782
2025,John Collins,PF,Utah Jazz,Los Angeles Lakers,30,7,1.224,0.286,2.233,0,1,1.74
2025,John Collins,PF,Utah Jazz,Memphis Grizzlies,30,13,1.224,0.525,2.126,0,1,1.676
2025,John Collins,PF,Utah Jazz,Golden State Warriors,30,12,1.224,0.698,2.111,0,1,1.666
2025,John Collins,PF,Utah Jazz,Milwaukee Bucks,30,11,1.224,2.524,2.098,1.3,0.823,1.588
2025,John Collins,PF,Utah Jazz,Detroit Pistons,30,14,1.224,0.573,1.861,0,1,1.516
2025,John Collins,PF,Utah Jazz,Orlando Magic,30,15,1.224,1.217,1.68,0,1,1.408
2025,John Collins,PF,Utah Jazz,Sacramento Kings,30,17,1.224,0.523,1.554,0,1,1.332
2025,John Collins,PF,Utah Jazz,Atlanta Hawks,30,16,1.224,0.235,1.522,0,1,1.313
2025,John Collins,PF,Utah Jazz,Chicago Bulls,30,18,1.224,0.411,1.4,0,1,1.24
2025,John Collins,PF,Utah Jazz,Miami Heat,30,20,1.224,0.861,1.396,0,1,1.238
2025,John Collins,PF,Utah Jazz,Dallas Mavericks,30,19,1.224,1.939,1.371,0.715,0.898,1.182
2025,John Collins,PF,Utah Jazz,Portland Trail Blazers,30,22,1.224,0.482,1.105,0,1,1.063
2025,John Collins,PF,Utah Jazz,Phoenix Suns,30,21,1.224,1.486,1.101,0.263,0.961,1.045
2025,John Collins,PF,Utah Jazz,San Antonio Spurs,30,23,1.224,0.484,1.007,0,1,1.004
2025,John Collins,PF,Utah Jazz,Toronto Raptors,30,24,1.224,1.283,0.824,0.06,0.991,0.891
2025,John Collins,PF,Utah Jazz,Brooklyn Nets,30,25,1.224,0.624,0.539,0,1,0.723
2025,John Collins,PF,Utah Jazz,Philadelphia 76ers,30,26,1.224,0.711,0.481,0,1,0.689
2025,John Collins,PF,Utah Jazz,New Orleans Pelicans,30,27,1.224,1.672,0.203,0.448,0.935,0.496
2025,John Collins,PF,Utah Jazz,Charlotte Hornets,30,28,1.224,0.956,0.156,0,1,0.493
2025,John Konchar,SG,Memphis Grizzlies,Oklahoma City Thunder,13,1,-0.186,1.265,1.378,1.451,0.804,1.149
2025,John Konchar,SG,Memphis Grizzlies,Cleveland Cavaliers,13,2,-0.186,1.342,1.047,1.528,0.795,0.947
2025,John Konchar,SG,Memphis Grizzlies,Boston Celtics,13,3,-0.186,0.808,0.949,0.994,0.861,0.914
2025,John Konchar,SG,Memphis Grizzlies,Houston Rockets,13,4,-0.186,0.724,0.465,0.91,0.872,0.628
2025,John Konchar,SG,Memphis Grizzlies,New York Knicks,13,5,-0.186,0.807,0.358,0.993,0.862,0.559
2025,John Konchar,SG,Memphis Grizzlies,Indiana Pacers,13,6,-0.186,0.275,0.199,0.461,0.933,0.493
2025,John Konchar,SG,Memphis Grizzlies,Los Angeles Clippers,13,9,-0.186,1.026,0.237,1.212,0.834,0.475
2025,John Konchar,SG,Memphis Grizzlies,Denver Nuggets,13,8,-0.186,0.812,0.185,0.998,0.861,0.455
2025,John Konchar,SG,Memphis Grizzlies,Minnesota Timberwolves,13,10,-0.186,1.353,0.178,1.539,0.794,0.424
2025,John Konchar,SG,Memphis Grizzlies,Los Angeles Lakers,13,7,-0.186,1.047,0.107,1.233,0.831,0.397
2025,Johnny Davis,SG,Washington Wizards,Oklahoma City Thunder,29,1,-0.514,1.265,3.577,1.779,0.766,2.453
2025,Johnny Davis,SG,Washington Wizards,Cleveland Cavaliers,29,2,-0.514,1.342,3.246,1.856,0.757,2.251
2025,Johnny Davis,SG,Washington Wizards,Boston Celtics,29,3,-0.514,0.808,3.148,1.322,0.82,2.217
2025,Johnny Davis,SG,Washington Wizards,Houston Rockets,29,4,-0.514,0.724,2.664,1.238,0.831,1.931
2025,Johnny Davis,SG,Washington Wizards,New York Knicks,29,5,-0.514,0.807,2.557,1.32,0.82,1.862
2025,Johnny Davis,SG,Washington Wizards,Indiana Pacers,29,6,-0.514,0.275,2.398,0.789,0.888,1.794
2025,Johnny Davis,SG,Washington Wizards,Los Angeles Clippers,29,9,-0.514,1.026,2.436,1.54,0.794,1.779
2025,Johnny Davis,SG,Washington Wizards,Denver Nuggets,29,8,-0.514,0.812,2.384,1.326,0.82,1.758
2025,Johnny Davis,SG,Washington Wizards,Minnesota Timberwolves,29,10,-0.514,1.353,2.377,1.867,0.756,1.728
2025,Johnny Davis,SG,Washington Wizards,Los Angeles Lakers,29,7,-0.514,1.047,2.306,1.561,0.791,1.7
2025,Johnny Davis,SG,Washington Wizards,Golden State Warriors,29,12,-0.514,0.448,2.183,0.962,0.866,1.656
2025,Johnny Davis,SG,Washington Wizards,Memphis Grizzlies,29,13,-0.514,0.996,2.199,1.509,0.797,1.638
2025,Johnny Davis,SG,Washington Wizards,Milwaukee Bucks,29,11,-0.514,0.683,2.171,1.196,0.836,1.637
2025,Johnny Davis,SG,Washington Wizards,Detroit Pistons,29,14,-0.514,2.249,1.933,2.763,0.661,1.424
2025,Johnny Davis,SG,Washington Wizards,Orlando Magic,29,15,-0.514,0.142,1.753,0.655,0.906,1.414
2025,Johnny Davis,SG,Washington Wizards,Sacramento Kings,29,17,-0.514,0.908,1.626,1.422,0.808,1.299
2025,Johnny Davis,SG,Washington Wizards,Atlanta Hawks,29,16,-0.514,1.001,1.594,1.515,0.797,1.275
2025,Johnny Davis,SG,Washington Wizards,Chicago Bulls,29,18,-0.514,0.842,1.473,1.355,0.816,1.21
2025,Johnny Davis,SG,Washington Wizards,Miami Heat,29,20,-0.514,1.223,1.469,1.737,0.771,1.19
2025,Johnny Davis,SG,Washington Wizards,Dallas Mavericks,29,19,-0.514,1.335,1.443,1.849,0.758,1.169
2025,Johnny Davis,SG,Washington Wizards,Portland Trail Blazers,29,22,-0.514,0.782,1.177,1.296,0.823,1.036
2025,Johnny Davis,SG,Washington Wizards,Phoenix Suns,29,21,-0.514,1.298,1.173,1.812,0.762,1.009
2025,Johnny Davis,SG,Washington Wizards,San Antonio Spurs,29,23,-0.514,0.668,1.08,1.181,0.838,0.983
2025,Johnny Davis,SG,Washington Wizards,Toronto Raptors,29,24,-0.514,0.479,0.897,0.993,0.862,0.883
2025,Johnny Davis,SG,Washington Wizards,Brooklyn Nets,29,25,-0.514,0.95,0.612,1.463,0.803,0.688
2025,Johnny Davis,SG,Washington Wizards,Philadelphia 76ers,29,26,-0.514,1.127,0.554,1.641,0.782,0.645
2025,Johnny Davis,SG,Washington Wizards,New Orleans Pelicans,29,27,-0.514,0.263,0.276,0.776,0.89,0.521
2025,Johnny Davis,SG,Washington Wizards,Charlotte Hornets,29,28,-0.514,0.355,0.228,0.868,0.878,0.488
2025,Johnny Davis,SG,Washington Wizards,Utah Jazz,29,30,-0.514,0.696,0.073,1.209,0.834,0.377
2025,Johnny Furphy,SG,Indiana Pacers,Oklahoma City Thunder,6,1,-0.528,1.265,1.18,1.794,0.764,1.013
2025,Johnny Furphy,SG,Indiana Pacers,Cleveland Cavaliers,6,2,-0.528,1.342,0.849,1.87,0.755,0.811
2025,Johnny Furphy,SG,Indiana Pacers,Boston Celtics,6,3,-0.528,0.808,0.75,1.336,0.818,0.777
2025,Johnny Furphy,SG,Indiana Pacers,Houston Rockets,6,4,-0.528,0.724,0.266,1.252,0.829,0.491
2025,Johnny Furphy,SG,Indiana Pacers,New York Knicks,6,5,-0.528,0.807,0.159,1.335,0.819,0.423
2025,Johnny Furphy,SG,Indiana Pacers,Los Angeles Clippers,6,9,-0.528,1.026,0.038,1.554,0.792,0.34
2025,Johnny Juzang,SG,Utah Jazz,Oklahoma City Thunder,30,1,0.064,1.265,3.505,1.201,0.835,2.437
2025,Johnny Juzang,SG,Utah Jazz,Cleveland Cavaliers,30,2,0.064,1.342,3.174,1.278,0.826,2.234
2025,Johnny Juzang,SG,Utah Jazz,Boston Celtics,30,3,0.064,0.808,3.075,0.744,0.894,2.203
2025,Johnny Juzang,SG,Utah Jazz,Houston Rockets,30,4,0.064,0.724,2.591,0.66,0.906,1.917
2025,Johnny Juzang,SG,Utah Jazz,New York Knicks,30,5,0.064,0.807,2.484,0.743,0.895,1.848
2025,Johnny Juzang,SG,Utah Jazz,Indiana Pacers,30,6,0.064,0.275,2.325,0.211,0.969,1.783
2025,Johnny Juzang,SG,Utah Jazz,Los Angeles Clippers,30,9,0.064,1.026,2.363,0.962,0.866,1.764
2025,Johnny Juzang,SG,Utah Jazz,Denver Nuggets,30,8,0.064,0.812,2.311,0.748,0.894,1.744
2025,Johnny Juzang,SG,Utah Jazz,Minnesota Timberwolves,30,10,0.064,1.353,2.304,1.289,0.824,1.712
2025,Johnny Juzang,SG,Utah Jazz,Los Angeles Lakers,30,7,0.064,1.047,2.233,0.983,0.863,1.685
2025,Johnny Juzang,SG,Utah Jazz,Golden State Warriors,30,12,0.064,0.448,2.111,0.384,0.944,1.644
2025,Johnny Juzang,SG,Utah Jazz,Memphis Grizzlies,30,13,0.064,0.996,2.126,0.932,0.87,1.624
2025,Johnny Juzang,SG,Utah Jazz,Milwaukee Bucks,30,11,0.064,0.683,2.098,0.619,0.911,1.623
2025,Johnny Juzang,SG,Utah Jazz,Detroit Pistons,30,14,0.064,2.249,1.861,2.185,0.721,1.405
2025,Johnny Juzang,SG,Utah Jazz,Orlando Magic,30,15,0.064,0.142,1.68,0.078,0.988,1.404
2025,Johnny Juzang,SG,Utah Jazz,Sacramento Kings,30,17,0.064,0.908,1.554,0.844,0.881,1.285
2025,Johnny Juzang,SG,Utah Jazz,Atlanta Hawks,30,16,0.064,1.001,1.522,0.937,0.869,1.261
2025,Johnny Juzang,SG,Utah Jazz,Chicago Bulls,30,18,0.064,0.842,1.4,0.777,0.89,1.196
2025,Johnny Juzang,SG,Utah Jazz,Miami Heat,30,20,0.064,1.223,1.396,1.159,0.84,1.174
2025,Johnny Juzang,SG,Utah Jazz,Dallas Mavericks,30,19,0.064,1.335,1.371,1.271,0.826,1.153
2025,Johnny Juzang,SG,Utah Jazz,Portland Trail Blazers,30,22,0.064,0.782,1.105,0.718,0.898,1.022
2025,Johnny Juzang,SG,Utah Jazz,Phoenix Suns,30,21,0.064,1.298,1.101,1.234,0.831,0.993
2025,Johnny Juzang,SG,Utah Jazz,San Antonio Spurs,30,23,0.064,0.668,1.007,0.604,0.913,0.97
2025,Johnny Juzang,SG,Utah Jazz,Toronto Raptors,30,24,0.064,0.479,0.824,0.415,0.94,0.87
2025,Johnny Juzang,SG,Utah Jazz,Brooklyn Nets,30,25,0.064,0.95,0.539,0.886,0.876,0.674
2025,Johnny Juzang,SG,Utah Jazz,Philadelphia 76ers,30,26,0.064,1.127,0.481,1.063,0.853,0.63
2025,Johnny Juzang,SG,Utah Jazz,New Orleans Pelicans,30,27,0.064,0.263,0.203,0.198,0.971,0.51
2025,Johnny Juzang,SG,Utah Jazz,Charlotte Hornets,30,28,0.064,0.355,0.156,0.29,0.957,0.476
2025,Jonas Valančiūnas,C,Washington Wizards,Oklahoma City Thunder,29,1,0.375,1.018,3.577,0.642,0.908,2.51
2025,Jonas Valančiūnas,C,Washington Wizards,Cleveland Cavaliers,29,2,0.375,0.96,3.246,0.584,0.916,2.314
2025,Jonas Valančiūnas,C,Washington Wizards,Boston Celtics,29,3,0.375,0.929,3.148,0.553,0.92,2.257
2025,Jonas Valančiūnas,C,Washington Wizards,Houston Rockets,29,4,0.375,0.807,2.664,0.432,0.937,1.973
2025,Jonas Valančiūnas,C,Washington Wizards,New York Knicks,29,5,0.375,1.332,2.557,0.957,0.866,1.88
2025,Jonas Valančiūnas,C,Washington Wizards,Indiana Pacers,29,6,0.375,0.754,2.398,0.379,0.945,1.817
2025,Jonas Valančiūnas,C,Washington Wizards,Los Angeles Clippers,29,9,0.375,1.266,2.436,0.89,0.875,1.811
2025,Jonas Valančiūnas,C,Washington Wizards,Minnesota Timberwolves,29,10,0.375,1.008,2.377,0.632,0.91,1.79
2025,Jonas Valančiūnas,C,Washington Wizards,Denver Nuggets,29,8,0.375,1.827,2.384,1.452,0.804,1.752
2025,Jonas Valančiūnas,C,Washington Wizards,Golden State Warriors,29,12,0.375,-0.087,2.183,0,1,1.71
2025,Jonas Valančiūnas,C,Washington Wizards,Los Angeles Lakers,29,7,0.375,1.908,2.306,1.533,0.795,1.701
2025,Jonas Valančiūnas,C,Washington Wizards,Memphis Grizzlies,29,13,0.375,0.773,2.199,0.398,0.942,1.696
2025,Jonas Valančiūnas,C,Washington Wizards,Milwaukee Bucks,29,11,0.375,0.498,2.171,0.123,0.982,1.695
2025,Jonas Valančiūnas,C,Washington Wizards,Detroit Pistons,29,14,0.375,0.988,1.933,0.612,0.912,1.525
2025,Jonas Valančiūnas,C,Sacramento Kings,Oklahoma City Thunder,17,1,0.214,1.018,1.951,0.803,0.886,1.525
2025,Jonas Valančiūnas,C,Washington Wizards,Orlando Magic,29,15,0.375,0.455,1.753,0.079,0.988,1.447
2025,Jonas Valančiūnas,C,Washington Wizards,Atlanta Hawks,29,16,0.375,0.616,1.594,0.241,0.965,1.342
2025,Jonas Valančiūnas,C,Sacramento Kings,Cleveland Cavaliers,17,2,0.214,0.96,1.62,0.746,0.894,1.33
2025,Jonas Valančiūnas,C,Washington Wizards,Sacramento Kings,29,17,0.375,1.198,1.626,0.823,0.884,1.329
2025,Jonas Valančiūnas,C,Sacramento Kings,Boston Celtics,17,3,0.214,0.929,1.521,0.715,0.898,1.272
2025,Jonas Valančiūnas,C,Washington Wizards,Miami Heat,29,20,0.375,0.612,1.469,0.237,0.965,1.267
2025,Jonas Valančiūnas,C,Washington Wizards,Chicago Bulls,29,18,0.375,0.827,1.473,0.451,0.935,1.257
2025,Jonas Valančiūnas,C,Washington Wizards,Dallas Mavericks,29,19,0.375,1.114,1.443,0.739,0.895,1.224
2025,Jonas Valančiūnas,C,Washington Wizards,Phoenix Suns,29,21,0.375,0.34,1.173,0,1,1.104
2025,Jonas Valančiūnas,C,Washington Wizards,Portland Trail Blazers,29,22,0.375,0.7,1.177,0.325,0.952,1.087
2025,Jonas Valančiūnas,C,Sacramento Kings,Houston Rockets,17,4,0.214,0.807,1.038,0.593,0.915,0.989
2025,Jonas Valančiūnas,C,Washington Wizards,San Antonio Spurs,29,23,0.375,2.35,1.08,1.974,0.744,0.946
2025,Jonas Valančiūnas,C,Washington Wizards,Toronto Raptors,29,24,0.375,0.899,0.897,0.523,0.925,0.908
2025,Jonas Valančiūnas,C,Sacramento Kings,New York Knicks,17,5,0.214,1.332,0.93,1.118,0.846,0.896
2025,Jonas Valančiūnas,C,Sacramento Kings,Indiana Pacers,17,6,0.214,0.754,0.771,0.54,0.922,0.832
2025,Jonas Valančiūnas,C,Sacramento Kings,Los Angeles Clippers,17,9,0.214,1.266,0.809,1.052,0.854,0.827
2025,Jonas Valančiūnas,C,Sacramento Kings,Minnesota Timberwolves,17,10,0.214,1.008,0.75,0.794,0.888,0.805
2025,Jonas Valančiūnas,C,Sacramento Kings,Denver Nuggets,17,8,0.214,1.827,0.757,1.613,0.785,0.768
2025,Jonas Valančiūnas,C,Washington Wizards,Brooklyn Nets,29,25,0.375,0.443,0.612,0.068,0.99,0.763
2025,Jonas Valančiūnas,C,Sacramento Kings,Golden State Warriors,17,12,0.214,-0.087,0.557,0,1,0.734
2025,Jonas Valančiūnas,C,Sacramento Kings,Los Angeles Lakers,17,7,0.214,1.908,0.68,1.694,0.776,0.718
2025,Jonas Valančiūnas,C,Sacramento Kings,Memphis Grizzlies,17,13,0.214,0.773,0.573,0.559,0.92,0.711
2025,Jonas Valančiūnas,C,Sacramento Kings,Milwaukee Bucks,17,11,0.214,0.498,0.544,0.284,0.958,0.71
2025,Jonas Valančiūnas,C,Washington Wizards,Philadelphia 76ers,29,26,0.375,0.849,0.554,0.473,0.931,0.705
2025,Jonas Valančiūnas,C,Washington Wizards,New Orleans Pelicans,29,27,0.375,0.363,0.276,0,1,0.565
2025,Jonas Valančiūnas,C,Sacramento Kings,Detroit Pistons,17,14,0.214,0.988,0.307,0.773,0.89,0.54
2025,Jonas Valančiūnas,C,Washington Wizards,Charlotte Hornets,29,28,0.375,1.081,0.228,0.705,0.9,0.497
2025,Jonas Valančiūnas,C,Sacramento Kings,Orlando Magic,17,15,0.214,0.455,0.127,0.241,0.965,0.462
2025,Jonas Valančiūnas,C,Washington Wizards,Utah Jazz,29,30,0.375,1.536,0.073,1.16,0.84,0.38
2025,Jonathan Isaac,PF,Orlando Magic,Oklahoma City Thunder,15,1,0.238,0.795,1.824,0.557,0.92,1.463
2025,Jonathan Isaac,PF,Orlando Magic,Cleveland Cavaliers,15,2,0.238,1.717,1.493,1.479,0.801,1.216
2025,Jonathan Isaac,PF,Orlando Magic,Boston Celtics,15,3,0.238,1.509,1.395,1.27,0.826,1.168
2025,Jonathan Isaac,PF,Orlando Magic,Houston Rockets,15,4,0.238,0.863,0.911,0.625,0.911,0.911
2025,Jonathan Isaac,PF,Orlando Magic,New York Knicks,15,5,0.238,0.825,0.804,0.587,0.916,0.848
2025,Jonathan Isaac,PF,Orlando Magic,Los Angeles Clippers,15,9,0.238,-0.25,0.683,0,1,0.81
2025,Jonathan Isaac,PF,Orlando Magic,Denver Nuggets,15,8,0.238,0.4,0.631,0.162,0.976,0.769
2025,Jonathan Isaac,PF,Orlando Magic,Indiana Pacers,15,6,0.238,0.96,0.645,0.721,0.897,0.746
2025,Jonathan Isaac,PF,Orlando Magic,Minnesota Timberwolves,15,10,0.238,0.731,0.624,0.493,0.929,0.746
2025,Jonathan Isaac,PF,Orlando Magic,Los Angeles Lakers,15,7,0.238,0.286,0.553,0.048,0.993,0.729
2025,Jonathan Isaac,PF,Orlando Magic,Memphis Grizzlies,15,13,0.238,0.525,0.446,0.287,0.958,0.651
2025,Jonathan Isaac,PF,Orlando Magic,Golden State Warriors,15,12,0.238,0.698,0.43,0.46,0.933,0.632
2025,Jonathan Isaac,PF,Orlando Magic,Milwaukee Bucks,15,11,0.238,2.524,0.418,2.286,0.71,0.535
2025,Jonathan Isaac,PF,Orlando Magic,Detroit Pistons,15,14,0.238,0.573,0.18,0.335,0.951,0.489
2025,Jonathan Kuminga,PF,Golden State Warriors,Oklahoma City Thunder,12,1,0.302,0.795,1.394,0.493,0.929,1.208
2025,Jonathan Kuminga,PF,Golden State Warriors,Cleveland Cavaliers,12,2,0.302,1.717,1.063,1.415,0.809,0.961
2025,Jonathan Kuminga,PF,Golden State Warriors,Boston Celtics,12,3,0.302,1.509,0.964,1.206,0.834,0.912
2025,Jonathan Kuminga,PF,Golden State Warriors,Houston Rockets,12,4,0.302,0.863,0.481,0.561,0.919,0.656
2025,Jonathan Kuminga,PF,Golden State Warriors,New York Knicks,12,5,0.302,0.825,0.373,0.523,0.925,0.594
2025,Jonathan Kuminga,PF,Golden State Warriors,Los Angeles Clippers,12,9,0.302,-0.25,0.252,0,1,0.551
2025,Jonathan Kuminga,PF,Golden State Warriors,Denver Nuggets,12,8,0.302,0.4,0.2,0.098,0.985,0.514
2025,Jonathan Kuminga,PF,Golden State Warriors,Indiana Pacers,12,6,0.302,0.96,0.214,0.657,0.906,0.491
2025,Jonathan Kuminga,PF,Golden State Warriors,Minnesota Timberwolves,12,10,0.302,0.731,0.193,0.429,0.938,0.491
2025,Jonathan Kuminga,PF,Golden State Warriors,Los Angeles Lakers,12,7,0.302,0.286,0.123,0,1,0.474
2025,Jonathan Kuminga,PF,Golden State Warriors,Memphis Grizzlies,12,13,0.302,0.525,0.016,0.222,0.967,0.396
2025,Jonathan Mogbo,PF,Toronto Raptors,Oklahoma City Thunder,24,1,-0.033,0.795,2.681,0.829,0.883,1.962
2025,Jonathan Mogbo,PF,Toronto Raptors,Cleveland Cavaliers,24,2,-0.033,1.717,2.35,1.751,0.769,1.718
2025,Jonathan Mogbo,PF,Toronto Raptors,Boston Celtics,24,3,-0.033,1.509,2.251,1.542,0.793,1.668
2025,Jonathan Mogbo,PF,Toronto Raptors,Houston Rockets,24,4,-0.033,0.863,1.768,0.897,0.874,1.41
2025,Jonathan Mogbo,PF,Toronto Raptors,New York Knicks,24,5,-0.033,0.825,1.66,0.859,0.879,1.348
2025,Jonathan Mogbo,PF,Toronto Raptors,Los Angeles Clippers,24,9,-0.033,-0.25,1.539,0,1,1.323
2025,Jonathan Mogbo,PF,Toronto Raptors,Denver Nuggets,24,8,-0.033,0.4,1.487,0.434,0.937,1.267
2025,Jonathan Mogbo,PF,Toronto Raptors,Minnesota Timberwolves,24,10,-0.033,0.731,1.48,0.765,0.892,1.245
2025,Jonathan Mogbo,PF,Toronto Raptors,Indiana Pacers,24,6,-0.033,0.96,1.501,0.993,0.862,1.245
2025,Jonathan Mogbo,PF,Toronto Raptors,Los Angeles Lakers,24,7,-0.033,0.286,1.409,0.32,0.953,1.227
2025,Jonathan Mogbo,PF,Toronto Raptors,Memphis Grizzlies,24,13,-0.033,0.525,1.302,0.558,0.92,1.149
2025,Jonathan Mogbo,PF,Toronto Raptors,Golden State Warriors,24,12,-0.033,0.698,1.287,0.731,0.896,1.131
2025,Jonathan Mogbo,PF,Toronto Raptors,Milwaukee Bucks,24,11,-0.033,2.524,1.274,2.558,0.681,1.037
2025,Jonathan Mogbo,PF,Toronto Raptors,Detroit Pistons,24,14,-0.033,0.573,1.037,0.607,0.913,0.987
2025,Jonathan Mogbo,PF,Toronto Raptors,Orlando Magic,24,15,-0.033,1.217,0.856,1.251,0.829,0.845
2025,Jonathan Mogbo,PF,Toronto Raptors,Sacramento Kings,24,17,-0.033,0.523,0.73,0.556,0.92,0.806
2025,Jonathan Mogbo,PF,Toronto Raptors,Atlanta Hawks,24,16,-0.033,0.235,0.698,0.268,0.961,0.803
2025,Jonathan Mogbo,PF,Toronto Raptors,Chicago Bulls,24,18,-0.033,0.411,0.576,0.444,0.936,0.72
2025,Jonathan Mogbo,PF,Toronto Raptors,Miami Heat,24,20,-0.033,0.861,0.572,0.895,0.874,0.693
2025,Jonathan Mogbo,PF,Toronto Raptors,Dallas Mavericks,24,19,-0.033,1.939,0.547,1.972,0.744,0.626
2025,Jonathan Mogbo,PF,Toronto Raptors,Portland Trail Blazers,24,22,-0.033,0.482,0.281,0.515,0.926,0.539
2025,Jonathan Mogbo,PF,Toronto Raptors,Phoenix Suns,24,21,-0.033,1.486,0.277,1.52,0.796,0.485
2025,Jonathan Mogbo,PF,Toronto Raptors,San Antonio Spurs,24,23,-0.033,0.484,0.184,0.517,0.925,0.48
2025,Jordan Clarkson,SG,Utah Jazz,Oklahoma City Thunder,30,1,0.453,1.265,3.505,0.812,0.885,2.457
2025,Jordan Clarkson,SG,Utah Jazz,Cleveland Cavaliers,30,2,0.453,1.342,3.174,0.889,0.875,2.254
2025,Jordan Clarkson,SG,Utah Jazz,Boston Celtics,30,3,0.453,0.808,3.075,0.355,0.948,2.224
2025,Jordan Clarkson,SG,Utah Jazz,Houston Rockets,30,4,0.453,0.724,2.591,0.271,0.96,1.939
2025,Jordan Clarkson,SG,Utah Jazz,New York Knicks,30,5,0.453,0.807,2.484,0.354,0.948,1.87
2025,Jordan Clarkson,SG,Utah Jazz,Indiana Pacers,30,6,0.453,0.275,2.325,0,1,1.795
2025,Jordan Clarkson,SG,Utah Jazz,Los Angeles Clippers,30,9,0.453,1.026,2.363,0.573,0.918,1.785
2025,Jordan Clarkson,SG,Utah Jazz,Denver Nuggets,30,8,0.453,0.812,2.311,0.359,0.948,1.766
2025,Jordan Clarkson,SG,Utah Jazz,Minnesota Timberwolves,30,10,0.453,1.353,2.304,0.9,0.874,1.732
2025,Jordan Clarkson,SG,Utah Jazz,Los Angeles Lakers,30,7,0.453,1.047,2.233,0.594,0.915,1.706
2025,Jordan Clarkson,SG,Utah Jazz,Golden State Warriors,30,12,0.453,0.448,2.111,0,1,1.666
2025,Jordan Clarkson,SG,Utah Jazz,Milwaukee Bucks,30,11,0.453,0.683,2.098,0.23,0.966,1.645
2025,Jordan Clarkson,SG,Utah Jazz,Memphis Grizzlies,30,13,0.453,0.996,2.126,0.543,0.922,1.644
2025,Jordan Clarkson,SG,Utah Jazz,Detroit Pistons,30,14,0.453,2.249,1.861,1.796,0.764,1.422
2025,Jordan Clarkson,SG,Utah Jazz,Orlando Magic,30,15,0.453,0.142,1.68,0,1,1.408
2025,Jordan Clarkson,SG,Utah Jazz,Sacramento Kings,30,17,0.453,0.908,1.554,0.455,0.934,1.306
2025,Jordan Clarkson,SG,Utah Jazz,Atlanta Hawks,30,16,0.453,1.001,1.522,0.548,0.921,1.281
2025,Jordan Clarkson,SG,Utah Jazz,Chicago Bulls,30,18,0.453,0.842,1.4,0.389,0.943,1.217
2025,Jordan Clarkson,SG,Utah Jazz,Miami Heat,30,20,0.453,1.223,1.396,0.77,0.891,1.194
2025,Jordan Clarkson,SG,Utah Jazz,Dallas Mavericks,30,19,0.453,1.335,1.371,0.882,0.876,1.173
2025,Jordan Clarkson,SG,Utah Jazz,Portland Trail Blazers,30,22,0.453,0.782,1.105,0.329,0.952,1.044
2025,Jordan Clarkson,SG,Utah Jazz,Phoenix Suns,30,21,0.453,1.298,1.101,0.845,0.881,1.013
2025,Jordan Clarkson,SG,Utah Jazz,San Antonio Spurs,30,23,0.453,0.668,1.007,0.215,0.968,0.992
2025,Jordan Clarkson,SG,Utah Jazz,Toronto Raptors,30,24,0.453,0.479,0.824,0.026,0.996,0.893
2025,Jordan Clarkson,SG,Utah Jazz,Brooklyn Nets,30,25,0.453,0.95,0.539,0.497,0.928,0.695
2025,Jordan Clarkson,SG,Utah Jazz,Philadelphia 76ers,30,26,0.453,1.127,0.481,0.674,0.904,0.65
2025,Jordan Clarkson,SG,Utah Jazz,New Orleans Pelicans,30,27,0.453,0.263,0.203,0,1,0.522
2025,Jordan Clarkson,SG,Utah Jazz,Charlotte Hornets,30,28,0.453,0.355,0.156,0,1,0.493
2025,Jordan Goodwin,PG,Los Angeles Lakers,Oklahoma City Thunder,7,1,-0.292,1.646,1.271,1.938,0.748,1.062
2025,Jordan Goodwin,PG,Los Angeles Lakers,Cleveland Cavaliers,7,2,-0.292,0.908,0.94,1.2,0.835,0.898
2025,Jordan Goodwin,PG,Los Angeles Lakers,Boston Celtics,7,3,-0.292,0.432,0.842,0.724,0.897,0.864
2025,Jordan Goodwin,PG,Los Angeles Lakers,Houston Rockets,7,4,-0.292,0.457,0.358,0.749,0.894,0.572
2025,Jordan Goodwin,PG,Los Angeles Lakers,New York Knicks,7,5,-0.292,1.105,0.251,1.397,0.811,0.475
2025,Jordan Goodwin,PG,Los Angeles Lakers,Minnesota Timberwolves,7,10,-0.292,0.2,0.071,0.492,0.929,0.414
2025,Jordan Goodwin,PG,Los Angeles Lakers,Los Angeles Clippers,7,9,-0.292,1.03,0.13,1.322,0.82,0.406
2025,Jordan Goodwin,PG,Los Angeles Lakers,Denver Nuggets,7,8,-0.292,0.822,0.078,1.114,0.846,0.385
2025,Jordan Goodwin,PG,Los Angeles Lakers,Indiana Pacers,7,6,-0.292,1.379,0.092,1.671,0.778,0.366
2025,Jordan Hawkins,SG,New Orleans Pelicans,Oklahoma City Thunder,27,1,-0.093,1.265,3.302,1.358,0.816,2.307
2025,Jordan Hawkins,SG,New Orleans Pelicans,Cleveland Cavaliers,27,2,-0.093,1.342,2.971,1.435,0.806,2.105
2025,Jordan Hawkins,SG,New Orleans Pelicans,Boston Celtics,27,3,-0.093,0.808,2.872,0.901,0.874,2.073
2025,Jordan Hawkins,SG,New Orleans Pelicans,Houston Rockets,27,4,-0.093,0.724,2.388,0.817,0.885,1.787
2025,Jordan Hawkins,SG,New Orleans Pelicans,New York Knicks,27,5,-0.093,0.807,2.281,0.9,0.874,1.718
2025,Jordan Hawkins,SG,New Orleans Pelicans,Indiana Pacers,27,6,-0.093,0.275,2.122,0.368,0.946,1.652
2025,Jordan Hawkins,SG,New Orleans Pelicans,Los Angeles Clippers,27,9,-0.093,1.026,2.16,1.119,0.846,1.634
2025,Jordan Hawkins,SG,New Orleans Pelicans,Denver Nuggets,27,8,-0.093,0.812,2.108,0.905,0.873,1.614
2025,Jordan Hawkins,SG,New Orleans Pelicans,Minnesota Timberwolves,27,10,-0.093,1.353,2.101,1.446,0.805,1.583
2025,Jordan Hawkins,SG,New Orleans Pelicans,Los Angeles Lakers,27,7,-0.093,1.047,2.03,1.14,0.843,1.555
2025,Jordan Hawkins,SG,New Orleans Pelicans,Golden State Warriors,27,12,-0.093,0.448,1.908,0.541,0.922,1.513
2025,Jordan Hawkins,SG,New Orleans Pelicans,Memphis Grizzlies,27,13,-0.093,0.996,1.923,1.088,0.849,1.494
2025,Jordan Hawkins,SG,New Orleans Pelicans,Milwaukee Bucks,27,11,-0.093,0.683,1.895,0.776,0.89,1.493
2025,Jordan Hawkins,SG,New Orleans Pelicans,Detroit Pistons,27,14,-0.093,2.249,1.658,2.342,0.704,1.276
2025,Jordan Hawkins,SG,New Orleans Pelicans,Orlando Magic,27,15,-0.093,0.142,1.477,0.235,0.965,1.273
2025,Jordan Hawkins,SG,New Orleans Pelicans,Sacramento Kings,27,17,-0.093,0.908,1.351,1.001,0.861,1.155
2025,Jordan Hawkins,SG,New Orleans Pelicans,Atlanta Hawks,27,16,-0.093,1.001,1.319,1.094,0.849,1.131
2025,Jordan Hawkins,SG,New Orleans Pelicans,Chicago Bulls,27,18,-0.093,0.842,1.197,0.934,0.869,1.066
2025,Jordan Hawkins,SG,New Orleans Pelicans,Miami Heat,27,20,-0.093,1.223,1.193,1.316,0.821,1.044
2025,Jordan Hawkins,SG,New Orleans Pelicans,Dallas Mavericks,27,19,-0.093,1.335,1.167,1.428,0.807,1.023
2025,Jordan Hawkins,SG,New Orleans Pelicans,Portland Trail Blazers,27,22,-0.093,0.782,0.902,0.875,0.877,0.892
2025,Jordan Hawkins,SG,New Orleans Pelicans,Phoenix Suns,27,21,-0.093,1.298,0.898,1.391,0.812,0.863
2025,Jordan Hawkins,SG,New Orleans Pelicans,San Antonio Spurs,27,23,-0.093,0.668,0.804,0.761,0.892,0.839
2025,Jordan Hawkins,SG,New Orleans Pelicans,Toronto Raptors,27,24,-0.093,0.479,0.621,0.572,0.918,0.74
2025,Jordan Hawkins,SG,New Orleans Pelicans,Brooklyn Nets,27,25,-0.093,0.95,0.336,1.043,0.855,0.544
2025,Jordan Hawkins,SG,New Orleans Pelicans,Philadelphia 76ers,27,26,-0.093,1.127,0.278,1.22,0.833,0.5
2025,Jordan McLaughlin,PG,San Antonio Spurs,Oklahoma City Thunder,23,1,-0.084,1.646,2.497,1.73,0.771,1.807
2025,Jordan McLaughlin,PG,San Antonio Spurs,Cleveland Cavaliers,23,2,-0.084,0.908,2.166,0.992,0.862,1.644
2025,Jordan McLaughlin,PG,San Antonio Spurs,Boston Celtics,23,3,-0.084,0.432,2.068,0.515,0.926,1.611
2025,Jordan McLaughlin,PG,Sacramento Kings,Oklahoma City Thunder,17,1,-0.648,1.646,1.951,2.294,0.709,1.454
2025,Jordan McLaughlin,PG,San Antonio Spurs,Houston Rockets,23,4,-0.084,0.457,1.584,0.54,0.922,1.319
2025,Jordan McLaughlin,PG,Sacramento Kings,Cleveland Cavaliers,17,2,-0.648,0.908,1.62,1.556,0.792,1.289
2025,Jordan McLaughlin,PG,Sacramento Kings,Boston Celtics,17,3,-0.648,0.432,1.521,1.08,0.85,1.253
2025,Jordan McLaughlin,PG,San Antonio Spurs,New York Knicks,23,5,-0.084,1.105,1.477,1.189,0.837,1.221
2025,Jordan McLaughlin,PG,San Antonio Spurs,Minnesota Timberwolves,23,10,-0.084,0.2,1.297,0.283,0.958,1.161
2025,Jordan McLaughlin,PG,San Antonio Spurs,Los Angeles Clippers,23,9,-0.084,1.03,1.355,1.113,0.846,1.152
2025,Jordan McLaughlin,PG,San Antonio Spurs,Denver Nuggets,23,8,-0.084,0.822,1.304,0.906,0.873,1.131
2025,Jordan McLaughlin,PG,San Antonio Spurs,Indiana Pacers,23,6,-0.084,1.379,1.318,1.462,0.803,1.112
2025,Jordan McLaughlin,PG,San Antonio Spurs,Los Angeles Lakers,23,7,-0.084,1.252,1.226,1.336,0.818,1.063
2025,Jordan McLaughlin,PG,San Antonio Spurs,Memphis Grizzlies,23,13,-0.084,0.849,1.119,0.932,0.869,1.019
2025,Jordan McLaughlin,PG,San Antonio Spurs,Golden State Warriors,23,12,-0.084,1.025,1.103,1.108,0.847,1.001
2025,Jordan McLaughlin,PG,San Antonio Spurs,Milwaukee Bucks,23,11,-0.084,1.065,1.091,1.148,0.842,0.991
2025,Jordan McLaughlin,PG,Sacramento Kings,Houston Rockets,17,4,-0.648,0.457,1.038,1.105,0.847,0.961
2025,Jordan McLaughlin,PG,Sacramento Kings,New York Knicks,17,5,-0.648,1.105,0.93,1.753,0.769,0.866
2025,Jordan McLaughlin,PG,San Antonio Spurs,Detroit Pistons,23,14,-0.084,1.099,0.853,1.182,0.837,0.847
2025,Jordan McLaughlin,PG,Sacramento Kings,Minnesota Timberwolves,17,10,-0.648,0.2,0.75,0.848,0.881,0.802
2025,Jordan McLaughlin,PG,Sacramento Kings,Los Angeles Clippers,17,9,-0.648,1.03,0.809,1.678,0.777,0.796
2025,Jordan McLaughlin,PG,San Antonio Spurs,Orlando Magic,23,15,-0.084,0.182,0.673,0.266,0.961,0.788
2025,Jordan McLaughlin,PG,Sacramento Kings,Denver Nuggets,17,8,-0.648,0.822,0.757,1.47,0.802,0.775
2025,Jordan McLaughlin,PG,Sacramento Kings,Indiana Pacers,17,6,-0.648,1.379,0.771,2.027,0.738,0.758
2025,Jordan McLaughlin,PG,Sacramento Kings,Los Angeles Lakers,17,7,-0.648,1.252,0.68,1.901,0.752,0.708
2025,Jordan McLaughlin,PG,San Antonio Spurs,Sacramento Kings,23,17,-0.084,0.871,0.546,0.955,0.867,0.674
2025,Jordan McLaughlin,PG,Sacramento Kings,Memphis Grizzlies,17,13,-0.648,0.849,0.573,1.497,0.799,0.663
2025,Jordan McLaughlin,PG,Sacramento Kings,Golden State Warriors,17,12,-0.648,1.025,0.557,1.673,0.778,0.645
2025,Jordan McLaughlin,PG,San Antonio Spurs,Atlanta Hawks,23,16,-0.084,1.258,0.514,1.341,0.818,0.636
2025,Jordan McLaughlin,PG,Sacramento Kings,Milwaukee Bucks,17,11,-0.648,1.065,0.544,1.713,0.773,0.636
2025,Jordan McLaughlin,PG,San Antonio Spurs,Miami Heat,23,20,-0.084,0.39,0.389,0.474,0.931,0.606
2025,Jordan McLaughlin,PG,San Antonio Spurs,Chicago Bulls,23,18,-0.084,0.694,0.393,0.778,0.89,0.592
2025,Jordan McLaughlin,PG,San Antonio Spurs,Dallas Mavericks,23,19,-0.084,1.413,0.363,1.496,0.799,0.537
2025,Jordan McLaughlin,PG,Sacramento Kings,Detroit Pistons,17,14,-0.648,1.099,0.307,1.747,0.769,0.492
2025,Jordan McLaughlin,PG,San Antonio Spurs,Portland Trail Blazers,23,22,-0.084,0.141,0.097,0.224,0.967,0.445
2025,Jordan McLaughlin,PG,San Antonio Spurs,Phoenix Suns,23,21,-0.084,0.387,0.093,0.471,0.932,0.429
2025,Jordan McLaughlin,PG,Sacramento Kings,Orlando Magic,17,15,-0.648,0.182,0.127,0.83,0.883,0.429
2025,Jordan Miller,SF,Los Angeles Clippers,Oklahoma City Thunder,9,1,-0.511,0.332,1.142,0.843,0.881,1.038
2025,Jordan Miller,SF,Los Angeles Clippers,Cleveland Cavaliers,9,2,-0.511,0.475,0.811,0.986,0.863,0.831
2025,Jordan Miller,SF,Los Angeles Clippers,Boston Celtics,9,3,-0.511,1.283,0.712,1.794,0.764,0.733
2025,Jordan Miller,SF,Los Angeles Clippers,Houston Rockets,9,4,-0.511,1.573,0.228,2.084,0.732,0.43
2025,Jordan Miller,SF,Los Angeles Clippers,New York Knicks,9,5,-0.511,0.764,0.121,1.275,0.826,0.403
2025,Jordan Poole,SG,Washington Wizards,Oklahoma City Thunder,29,1,0.9,1.265,3.577,0.365,0.947,2.525
2025,Jordan Poole,SG,Washington Wizards,Cleveland Cavaliers,29,2,0.9,1.342,3.246,0.442,0.936,2.322
2025,Jordan Poole,SG,Washington Wizards,Boston Celtics,29,3,0.9,0.808,3.148,0,1,2.289
2025,Jordan Poole,SG,Washington Wizards,Houston Rockets,29,4,0.9,0.724,2.664,0,1,1.998
2025,Jordan Poole,SG,Washington Wizards,New York Knicks,29,5,0.9,0.807,2.557,0,1,1.934
2025,Jordan Poole,SG,Washington Wizards,Los Angeles Clippers,29,9,0.9,1.026,2.436,0.126,0.981,1.854
2025,Jordan Poole,SG,Washington Wizards,Indiana Pacers,29,6,0.9,0.275,2.398,0,1,1.839
2025,Jordan Poole,SG,Washington Wizards,Denver Nuggets,29,8,0.9,0.812,2.384,0,1,1.83
2025,Jordan Poole,SG,Washington Wizards,Minnesota Timberwolves,29,10,0.9,1.353,2.377,0.453,0.934,1.8
2025,Jordan Poole,SG,Washington Wizards,Los Angeles Lakers,29,7,0.9,1.047,2.306,0.147,0.978,1.775
2025,Jordan Poole,SG,Washington Wizards,Memphis Grizzlies,29,13,0.9,0.996,2.199,0.095,0.986,1.714
2025,Jordan Poole,SG,Washington Wizards,Golden State Warriors,29,12,0.9,0.448,2.183,0,1,1.71
2025,Jordan Poole,SG,Washington Wizards,Milwaukee Bucks,29,11,0.9,0.683,2.171,0,1,1.703
2025,Jordan Poole,SG,Washington Wizards,Detroit Pistons,29,14,0.9,2.249,1.933,1.349,0.817,1.487
2025,Jordan Poole,SG,Washington Wizards,Orlando Magic,29,15,0.9,0.142,1.753,0,1,1.452
2025,Jordan Poole,SG,Washington Wizards,Sacramento Kings,29,17,0.9,0.908,1.626,0.008,0.999,1.375
2025,Jordan Poole,SG,Washington Wizards,Atlanta Hawks,29,16,0.9,1.001,1.594,0.101,0.985,1.351
2025,Jordan Poole,SG,Washington Wizards,Chicago Bulls,29,18,0.9,0.842,1.473,0,1,1.284
2025,Jordan Poole,SG,Washington Wizards,Miami Heat,29,20,0.9,1.223,1.469,0.323,0.953,1.262
2025,Jordan Poole,SG,Washington Wizards,Dallas Mavericks,29,19,0.9,1.335,1.443,0.435,0.937,1.241
2025,Jordan Poole,SG,Washington Wizards,Portland Trail Blazers,29,22,0.9,0.782,1.177,0,1,1.106
2025,Jordan Poole,SG,Washington Wizards,Phoenix Suns,29,21,0.9,1.298,1.173,0.398,0.942,1.081
2025,Jordan Poole,SG,Washington Wizards,San Antonio Spurs,29,23,0.9,0.668,1.08,0,1,1.048
2025,Jordan Poole,SG,Washington Wizards,Toronto Raptors,29,24,0.9,0.479,0.897,0,1,0.938
2025,Jordan Poole,SG,Washington Wizards,Brooklyn Nets,29,25,0.9,0.95,0.612,0.049,0.993,0.764
2025,Jordan Poole,SG,Washington Wizards,Philadelphia 76ers,29,26,0.9,1.127,0.554,0.227,0.967,0.719
2025,Jordan Poole,SG,Washington Wizards,New Orleans Pelicans,29,27,0.9,0.263,0.276,0,1,0.565
2025,Jordan Poole,SG,Washington Wizards,Charlotte Hornets,29,28,0.9,0.355,0.228,0,1,0.537
2025,Jordan Poole,SG,Washington Wizards,Utah Jazz,29,30,0.9,0.696,0.073,0,1,0.444
2025,Jordan Walsh,PF,Boston Celtics,Oklahoma City Thunder,3,1,-1.004,0.795,0.429,1.799,0.763,0.563
2025,Jordan Walsh,PF,Boston Celtics,Cleveland Cavaliers,3,2,-1.004,1.717,0.098,2.721,0.665,0.325
2025,Jose Alvarado,PG,New Orleans Pelicans,Oklahoma City Thunder,27,1,0.226,1.646,3.302,1.42,0.808,2.304
2025,Jose Alvarado,PG,New Orleans Pelicans,Cleveland Cavaliers,27,2,0.226,0.908,2.971,0.682,0.903,2.143
2025,Jose Alvarado,PG,New Orleans Pelicans,Boston Celtics,27,3,0.226,0.432,2.872,0.206,0.97,2.111
2025,Jose Alvarado,PG,New Orleans Pelicans,Houston Rockets,27,4,0.226,0.457,2.388,0.231,0.966,1.819
2025,Jose Alvarado,PG,New Orleans Pelicans,New York Knicks,27,5,0.226,1.105,2.281,0.879,0.876,1.719
2025,Jose Alvarado,PG,New Orleans Pelicans,Minnesota Timberwolves,27,10,0.226,0.2,2.101,0,1,1.661
2025,Jose Alvarado,PG,New Orleans Pelicans,Los Angeles Clippers,27,9,0.226,1.03,2.16,0.804,0.886,1.65
2025,Jose Alvarado,PG,New Orleans Pelicans,Denver Nuggets,27,8,0.226,0.822,2.108,0.596,0.914,1.631
2025,Jose Alvarado,PG,New Orleans Pelicans,Indiana Pacers,27,6,0.226,1.379,2.122,1.153,0.841,1.61
2025,Jose Alvarado,PG,New Orleans Pelicans,Los Angeles Lakers,27,7,0.226,1.252,2.03,1.027,0.857,1.561
2025,Jose Alvarado,PG,New Orleans Pelicans,Memphis Grizzlies,27,13,0.226,0.849,1.923,0.623,0.911,1.518
2025,Jose Alvarado,PG,New Orleans Pelicans,Golden State Warriors,27,12,0.226,1.025,1.908,0.799,0.887,1.499
2025,Jose Alvarado,PG,New Orleans Pelicans,Milwaukee Bucks,27,11,0.226,1.065,1.895,0.839,0.882,1.49
2025,Jose Alvarado,PG,New Orleans Pelicans,Detroit Pistons,27,14,0.226,1.099,1.658,0.873,0.877,1.345
2025,Jose Alvarado,PG,New Orleans Pelicans,Orlando Magic,27,15,0.226,0.182,1.477,0,1,1.286
2025,Jose Alvarado,PG,New Orleans Pelicans,Sacramento Kings,27,17,0.226,0.871,1.351,0.646,0.908,1.173
2025,Jose Alvarado,PG,New Orleans Pelicans,Atlanta Hawks,27,16,0.226,1.258,1.319,1.032,0.857,1.134
2025,Jose Alvarado,PG,New Orleans Pelicans,Miami Heat,27,20,0.226,0.39,1.193,0.165,0.976,1.106
2025,Jose Alvarado,PG,New Orleans Pelicans,Chicago Bulls,27,18,0.226,0.694,1.197,0.469,0.932,1.091
2025,Jose Alvarado,PG,New Orleans Pelicans,Dallas Mavericks,27,19,0.226,1.413,1.167,1.187,0.837,1.035
2025,Jose Alvarado,PG,New Orleans Pelicans,Portland Trail Blazers,27,22,0.226,0.141,0.902,0,1,0.941
2025,Jose Alvarado,PG,New Orleans Pelicans,Phoenix Suns,27,21,0.226,0.387,0.898,0.161,0.976,0.929
2025,Jose Alvarado,PG,New Orleans Pelicans,San Antonio Spurs,27,23,0.226,0.766,0.804,0.541,0.922,0.851
2025,Jose Alvarado,PG,New Orleans Pelicans,Toronto Raptors,27,24,0.226,0.562,0.621,0.336,0.951,0.753
2025,Jose Alvarado,PG,New Orleans Pelicans,Brooklyn Nets,27,25,0.226,0.658,0.336,0.432,0.937,0.576
2025,Jose Alvarado,PG,New Orleans Pelicans,Philadelphia 76ers,27,26,0.226,1.022,0.278,0.796,0.887,0.522
2025,Josh Christopher,SG,Miami Heat,Oklahoma City Thunder,20,1,-0.664,1.265,2.108,1.93,0.749,1.565
2025,Josh Christopher,SG,Miami Heat,Cleveland Cavaliers,20,2,-0.664,1.342,1.777,2.006,0.74,1.362
2025,Josh Christopher,SG,Miami Heat,Boston Celtics,20,3,-0.664,0.808,1.679,1.472,0.802,1.328
2025,Josh Christopher,SG,Miami Heat,Houston Rockets,20,4,-0.664,0.724,1.195,1.388,0.812,1.042
2025,Josh Christopher,SG,Miami Heat,New York Knicks,20,5,-0.664,0.807,1.088,1.471,0.802,0.973
2025,Josh Christopher,SG,Miami Heat,Indiana Pacers,20,6,-0.664,0.275,0.929,0.939,0.869,0.905
2025,Josh Christopher,SG,Miami Heat,Los Angeles Clippers,20,9,-0.664,1.026,0.967,1.69,0.776,0.89
2025,Josh Christopher,SG,Miami Heat,Denver Nuggets,20,8,-0.664,0.812,0.915,1.476,0.801,0.869
2025,Josh Christopher,SG,Miami Heat,Minnesota Timberwolves,20,10,-0.664,1.353,0.908,2.018,0.739,0.84
2025,Josh Christopher,SG,Miami Heat,Los Angeles Lakers,20,7,-0.664,1.047,0.837,1.711,0.774,0.812
2025,Josh Christopher,SG,Miami Heat,Golden State Warriors,20,12,-0.664,0.448,0.714,1.112,0.846,0.767
2025,Josh Christopher,SG,Miami Heat,Memphis Grizzlies,20,13,-0.664,0.996,0.73,1.66,0.78,0.75
2025,Josh Christopher,SG,Miami Heat,Milwaukee Bucks,20,11,-0.664,0.683,0.702,1.347,0.817,0.748
2025,Josh Christopher,SG,Miami Heat,Detroit Pistons,20,14,-0.664,2.249,0.464,2.913,0.646,0.537
2025,Josh Christopher,SG,Miami Heat,Orlando Magic,20,15,-0.664,0.142,0.284,0.806,0.886,0.525
2025,Josh Christopher,SG,Miami Heat,Sacramento Kings,20,17,-0.664,0.908,0.157,1.573,0.79,0.41
2025,Josh Christopher,SG,Miami Heat,Atlanta Hawks,20,16,-0.664,1.001,0.125,1.665,0.779,0.387
2025,Josh Christopher,SG,Miami Heat,Chicago Bulls,20,18,-0.664,0.842,0.004,1.506,0.798,0.321
2025,Josh Giddey,PG,Chicago Bulls,Oklahoma City Thunder,18,1,0.694,1.646,2.105,0.952,0.867,1.61
2025,Josh Giddey,PG,Chicago Bulls,Cleveland Cavaliers,18,2,0.694,0.908,1.774,0.214,0.968,1.452
2025,Josh Giddey,PG,Chicago Bulls,Boston Celtics,18,3,0.694,0.432,1.675,0,1,1.405
2025,Josh Giddey,PG,Chicago Bulls,Houston Rockets,18,4,0.694,0.457,1.191,0,1,1.115
2025,Josh Giddey,PG,Chicago Bulls,New York Knicks,18,5,0.694,1.105,1.084,0.411,0.94,1.026
2025,Josh Giddey,PG,Chicago Bulls,Los Angeles Clippers,18,9,0.694,1.03,0.963,0.335,0.951,0.958
2025,Josh Giddey,PG,Chicago Bulls,Minnesota Timberwolves,18,10,0.694,0.2,0.904,0,1,0.942
2025,Josh Giddey,PG,Chicago Bulls,Denver Nuggets,18,8,0.694,0.822,0.911,0.128,0.981,0.939
2025,Josh Giddey,PG,Chicago Bulls,Indiana Pacers,18,6,0.694,1.379,0.925,0.684,0.902,0.916
2025,Josh Giddey,PG,Chicago Bulls,Los Angeles Lakers,18,7,0.694,1.252,0.833,0.558,0.92,0.868
2025,Josh Giddey,PG,Chicago Bulls,Memphis Grizzlies,18,13,0.694,0.849,0.726,0.154,0.977,0.827
2025,Josh Giddey,PG,Chicago Bulls,Golden State Warriors,18,12,0.694,1.025,0.711,0.33,0.952,0.807
2025,Josh Giddey,PG,Chicago Bulls,Milwaukee Bucks,18,11,0.694,1.065,0.698,0.37,0.946,0.797
2025,Josh Giddey,PG,Chicago Bulls,Detroit Pistons,18,14,0.694,1.099,0.461,0.404,0.941,0.653
2025,Josh Giddey,PG,Chicago Bulls,Orlando Magic,18,15,0.694,0.182,0.28,0,1,0.568
2025,Josh Giddey,PG,Chicago Bulls,Sacramento Kings,18,17,0.694,0.871,0.154,0.177,0.974,0.482
2025,Josh Giddey,PG,Chicago Bulls,Atlanta Hawks,18,16,0.694,1.258,0.122,0.563,0.919,0.441
2025,Josh Green,SG,Charlotte Hornets,Oklahoma City Thunder,28,1,-0.077,1.265,3.349,1.343,0.818,2.336
2025,Josh Green,SG,Charlotte Hornets,Cleveland Cavaliers,28,2,-0.077,1.342,3.018,1.419,0.808,2.134
2025,Josh Green,SG,Charlotte Hornets,Boston Celtics,28,3,-0.077,0.808,2.92,0.886,0.876,2.102
2025,Josh Green,SG,Charlotte Hornets,Houston Rockets,28,4,-0.077,0.724,2.436,0.802,0.887,1.816
2025,Josh Green,SG,Charlotte Hornets,New York Knicks,28,5,-0.077,0.807,2.328,0.884,0.876,1.747
2025,Josh Green,SG,Charlotte Hornets,Indiana Pacers,28,6,-0.077,0.275,2.169,0.352,0.949,1.681
2025,Josh Green,SG,Charlotte Hornets,Los Angeles Clippers,28,9,-0.077,1.026,2.207,1.103,0.847,1.663
2025,Josh Green,SG,Charlotte Hornets,Denver Nuggets,28,8,-0.077,0.812,2.155,0.889,0.875,1.643
2025,Josh Green,SG,Charlotte Hornets,Minnesota Timberwolves,28,10,-0.077,1.353,2.148,1.431,0.807,1.612
2025,Josh Green,SG,Charlotte Hornets,Los Angeles Lakers,28,7,-0.077,1.047,2.078,1.124,0.845,1.584
2025,Josh Green,SG,Charlotte Hornets,Golden State Warriors,28,12,-0.077,0.448,1.955,0.525,0.924,1.543
2025,Josh Green,SG,Charlotte Hornets,Memphis Grizzlies,28,13,-0.077,0.996,1.971,1.073,0.851,1.523
2025,Josh Green,SG,Charlotte Hornets,Milwaukee Bucks,28,11,-0.077,0.683,1.943,0.76,0.892,1.522
2025,Josh Green,SG,Charlotte Hornets,Detroit Pistons,28,14,-0.077,2.249,1.705,2.326,0.705,1.305
2025,Josh Green,SG,Charlotte Hornets,Orlando Magic,28,15,-0.077,0.142,1.525,0.219,0.968,1.302
2025,Josh Green,SG,Charlotte Hornets,Sacramento Kings,28,17,-0.077,0.908,1.398,0.986,0.863,1.184
2025,Josh Green,SG,Charlotte Hornets,Atlanta Hawks,28,16,-0.077,1.001,1.366,1.078,0.851,1.16
2025,Josh Green,SG,Charlotte Hornets,Chicago Bulls,28,18,-0.077,0.842,1.244,0.919,0.871,1.095
2025,Josh Green,SG,Charlotte Hornets,Miami Heat,28,20,-0.077,1.223,1.241,1.301,0.823,1.073
2025,Josh Green,SG,Charlotte Hornets,Dallas Mavericks,28,19,-0.077,1.335,1.215,1.413,0.809,1.053
2025,Josh Green,SG,Charlotte Hornets,Portland Trail Blazers,28,22,-0.077,0.782,0.949,0.86,0.879,0.921
2025,Josh Green,SG,Charlotte Hornets,Phoenix Suns,28,21,-0.077,1.298,0.945,1.375,0.814,0.893
2025,Josh Green,SG,Charlotte Hornets,San Antonio Spurs,28,23,-0.077,0.668,0.852,0.745,0.894,0.869
2025,Josh Green,SG,Charlotte Hornets,Toronto Raptors,28,24,-0.077,0.479,0.668,0.556,0.92,0.769
2025,Josh Green,SG,Charlotte Hornets,Brooklyn Nets,28,25,-0.077,0.95,0.383,1.027,0.857,0.573
2025,Josh Green,SG,Charlotte Hornets,Philadelphia 76ers,28,26,-0.077,1.127,0.325,1.205,0.835,0.529
2025,Josh Green,SG,Charlotte Hornets,New Orleans Pelicans,28,27,-0.077,0.263,0.047,0.34,0.95,0.409
2025,Josh Hart,SG,New York Knicks,Oklahoma City Thunder,5,1,0.807,1.265,1.021,0.459,0.934,0.986
2025,Josh Hart,SG,New York Knicks,Cleveland Cavaliers,5,2,0.807,1.342,0.69,0.535,0.923,0.783
2025,Josh Hart,SG,New York Knicks,Boston Celtics,5,3,0.807,0.808,0.591,0.001,1,0.755
2025,Josh Hart,SG,New York Knicks,Houston Rockets,5,4,0.807,0.724,0.107,0,1,0.464
2025,Josh Minott,SF,Minnesota Timberwolves,Oklahoma City Thunder,10,1,-0.433,0.332,1.201,0.765,0.892,1.077
2025,Josh Minott,SF,Minnesota Timberwolves,Cleveland Cavaliers,10,2,-0.433,0.475,0.87,0.908,0.873,0.871
2025,Josh Minott,SF,Minnesota Timberwolves,Boston Celtics,10,3,-0.433,1.283,0.771,1.717,0.773,0.772
2025,Josh Minott,SF,Minnesota Timberwolves,Houston Rockets,10,4,-0.433,1.573,0.287,2.006,0.74,0.468
2025,Josh Minott,SF,Minnesota Timberwolves,New York Knicks,10,5,-0.433,0.764,0.18,1.197,0.836,0.442
2025,Josh Minott,SF,Minnesota Timberwolves,Indiana Pacers,10,6,-0.433,0.534,0.021,0.967,0.865,0.359
2025,Josh Minott,SF,Minnesota Timberwolves,Los Angeles Clippers,10,9,-0.433,1.392,0.059,1.825,0.761,0.34
2025,Josh Minott,SF,Minnesota Timberwolves,Denver Nuggets,10,8,-0.433,0.927,0.007,1.36,0.815,0.33
2025,Josh Okogie,SG,Charlotte Hornets,Oklahoma City Thunder,28,1,0.355,1.265,3.349,0.911,0.872,2.358
2025,Josh Okogie,SG,Charlotte Hornets,Cleveland Cavaliers,28,2,0.355,1.342,3.018,0.987,0.862,2.156
2025,Josh Okogie,SG,Charlotte Hornets,Boston Celtics,28,3,0.355,0.808,2.92,0.454,0.934,2.125
2025,Josh Okogie,SG,Charlotte Hornets,Houston Rockets,28,4,0.355,0.724,2.436,0.37,0.946,1.84
2025,Josh Okogie,SG,Phoenix Suns,Oklahoma City Thunder,21,1,0.083,1.265,2.404,1.183,0.837,1.777
2025,Josh Okogie,SG,Charlotte Hornets,New York Knicks,28,5,0.355,0.807,2.328,0.452,0.934,1.771
2025,Josh Okogie,SG,Charlotte Hornets,Indiana Pacers,28,6,0.355,0.275,2.169,0,1,1.702
2025,Josh Okogie,SG,Charlotte Hornets,Los Angeles Clippers,28,9,0.355,1.026,2.207,0.671,0.904,1.686
2025,Josh Okogie,SG,Charlotte Hornets,Denver Nuggets,28,8,0.355,0.812,2.155,0.457,0.934,1.667
2025,Josh Okogie,SG,Charlotte Hornets,Minnesota Timberwolves,28,10,0.355,1.353,2.148,0.999,0.861,1.633
2025,Josh Okogie,SG,Charlotte Hornets,Los Angeles Lakers,28,7,0.355,1.047,2.078,0.693,0.901,1.607
2025,Josh Okogie,SG,Phoenix Suns,Cleveland Cavaliers,21,2,0.083,1.342,2.073,1.259,0.828,1.575
2025,Josh Okogie,SG,Charlotte Hornets,Golden State Warriors,28,12,0.355,0.448,1.955,0.094,0.986,1.567
2025,Josh Okogie,SG,Charlotte Hornets,Memphis Grizzlies,28,13,0.355,0.996,1.971,0.641,0.908,1.546
2025,Josh Okogie,SG,Charlotte Hornets,Milwaukee Bucks,28,11,0.355,0.683,1.943,0.328,0.952,1.546
2025,Josh Okogie,SG,Phoenix Suns,Boston Celtics,21,3,0.083,0.808,1.974,0.725,0.897,1.543
2025,Josh Okogie,SG,Charlotte Hornets,Detroit Pistons,28,14,0.355,2.249,1.705,1.895,0.753,1.324
2025,Josh Okogie,SG,Charlotte Hornets,Orlando Magic,28,15,0.355,0.142,1.525,0,1,1.315
2025,Josh Okogie,SG,Phoenix Suns,Houston Rockets,21,4,0.083,0.724,1.491,0.642,0.908,1.258
2025,Josh Okogie,SG,Charlotte Hornets,Sacramento Kings,28,17,0.355,0.908,1.398,0.554,0.92,1.207
2025,Josh Okogie,SG,Phoenix Suns,New York Knicks,21,5,0.083,0.807,1.383,0.724,0.897,1.189
2025,Josh Okogie,SG,Charlotte Hornets,Atlanta Hawks,28,16,0.355,1.001,1.366,0.646,0.908,1.183
2025,Josh Okogie,SG,Phoenix Suns,Indiana Pacers,21,6,0.083,0.275,1.224,0.192,0.972,1.123
2025,Josh Okogie,SG,Charlotte Hornets,Chicago Bulls,28,18,0.355,0.842,1.244,0.487,0.93,1.118
2025,Josh Okogie,SG,Phoenix Suns,Los Angeles Clippers,21,9,0.083,1.026,1.262,0.943,0.868,1.104
2025,Josh Okogie,SG,Charlotte Hornets,Miami Heat,28,20,0.355,1.223,1.241,0.869,0.878,1.095
2025,Josh Okogie,SG,Phoenix Suns,Denver Nuggets,21,8,0.083,0.812,1.21,0.729,0.896,1.085
2025,Josh Okogie,SG,Charlotte Hornets,Dallas Mavericks,28,19,0.355,1.335,1.215,0.981,0.863,1.074
2025,Josh Okogie,SG,Phoenix Suns,Minnesota Timberwolves,21,10,0.083,1.353,1.203,1.271,0.826,1.053
2025,Josh Okogie,SG,Phoenix Suns,Los Angeles Lakers,21,7,0.083,1.047,1.132,0.964,0.865,1.026
2025,Josh Okogie,SG,Phoenix Suns,Golden State Warriors,21,12,0.083,0.448,1.01,0.365,0.947,0.985
2025,Josh Okogie,SG,Phoenix Suns,Milwaukee Bucks,21,11,0.083,0.683,0.997,0.6,0.914,0.964
2025,Josh Okogie,SG,Phoenix Suns,Memphis Grizzlies,21,13,0.083,0.996,1.025,0.913,0.872,0.964
2025,Josh Okogie,SG,Charlotte Hornets,Portland Trail Blazers,28,22,0.355,0.782,0.949,0.428,0.938,0.945
2025,Josh Okogie,SG,Charlotte Hornets,Phoenix Suns,28,21,0.355,1.298,0.945,0.944,0.868,0.914
2025,Josh Okogie,SG,Charlotte Hornets,San Antonio Spurs,28,23,0.355,0.668,0.852,0.313,0.954,0.893
2025,Josh Okogie,SG,Charlotte Hornets,Toronto Raptors,28,24,0.355,0.479,0.668,0.124,0.982,0.794
2025,Josh Okogie,SG,Phoenix Suns,Detroit Pistons,21,14,0.083,2.249,0.76,2.166,0.723,0.745
2025,Josh Okogie,SG,Phoenix Suns,Orlando Magic,21,15,0.083,0.142,0.58,0.059,0.991,0.744
2025,Josh Okogie,SG,Phoenix Suns,Sacramento Kings,21,17,0.083,0.908,0.453,0.826,0.884,0.625
2025,Josh Okogie,SG,Phoenix Suns,Atlanta Hawks,21,16,0.083,1.001,0.421,0.918,0.871,0.601
2025,Josh Okogie,SG,Charlotte Hornets,Brooklyn Nets,28,25,0.355,0.95,0.383,0.595,0.915,0.596
2025,Josh Okogie,SG,Charlotte Hornets,Philadelphia 76ers,28,26,0.355,1.127,0.325,0.773,0.891,0.551
2025,Josh Okogie,SG,Phoenix Suns,Chicago Bulls,21,18,0.083,0.842,0.299,0.759,0.892,0.537
2025,Josh Okogie,SG,Phoenix Suns,Miami Heat,21,20,0.083,1.223,0.295,1.141,0.843,0.514
2025,Josh Okogie,SG,Phoenix Suns,Dallas Mavericks,21,19,0.083,1.335,0.27,1.253,0.829,0.493
2025,Josh Okogie,SG,Charlotte Hornets,New Orleans Pelicans,28,27,0.355,0.263,0.047,0,1,0.428
2025,Josh Okogie,SG,Phoenix Suns,Portland Trail Blazers,21,22,0.083,0.782,0.004,0.7,0.9,0.363
2025,Josh Richardson,SG,Miami Heat,Oklahoma City Thunder,20,1,-0.649,1.265,2.108,1.914,0.75,1.565
2025,Josh Richardson,SG,Miami Heat,Cleveland Cavaliers,20,2,-0.649,1.342,1.777,1.991,0.742,1.363
2025,Josh Richardson,SG,Miami Heat,Boston Celtics,20,3,-0.649,0.808,1.679,1.457,0.804,1.329
2025,Josh Richardson,SG,Miami Heat,Houston Rockets,20,4,-0.649,0.724,1.195,1.373,0.814,1.043
2025,Josh Richardson,SG,Miami Heat,New York Knicks,20,5,-0.649,0.807,1.088,1.456,0.804,0.974
2025,Josh Richardson,SG,Miami Heat,Indiana Pacers,20,6,-0.649,0.275,0.929,0.924,0.871,0.906
2025,Josh Richardson,SG,Miami Heat,Los Angeles Clippers,20,9,-0.649,1.026,0.967,1.675,0.778,0.891
2025,Josh Richardson,SG,Miami Heat,Denver Nuggets,20,8,-0.649,0.812,0.915,1.461,0.803,0.87
2025,Josh Richardson,SG,Miami Heat,Minnesota Timberwolves,20,10,-0.649,1.353,0.908,2.002,0.741,0.841
2025,Josh Richardson,SG,Miami Heat,Los Angeles Lakers,20,7,-0.649,1.047,0.837,1.696,0.775,0.812
2025,Josh Richardson,SG,Miami Heat,Golden State Warriors,20,12,-0.649,0.448,0.714,1.097,0.848,0.768
2025,Josh Richardson,SG,Miami Heat,Memphis Grizzlies,20,13,-0.649,0.996,0.73,1.644,0.781,0.751
2025,Josh Richardson,SG,Miami Heat,Milwaukee Bucks,20,11,-0.649,0.683,0.702,1.332,0.819,0.749
2025,Josh Richardson,SG,Miami Heat,Detroit Pistons,20,14,-0.649,2.249,0.464,2.898,0.647,0.538
2025,Josh Richardson,SG,Miami Heat,Orlando Magic,20,15,-0.649,0.142,0.284,0.791,0.888,0.526
2025,Josh Richardson,SG,Miami Heat,Sacramento Kings,20,17,-0.649,0.908,0.157,1.557,0.792,0.411
2025,Josh Richardson,SG,Miami Heat,Atlanta Hawks,20,16,-0.649,1.001,0.125,1.65,0.781,0.388
2025,Josh Richardson,SG,Miami Heat,Chicago Bulls,20,18,-0.649,0.842,0.004,1.49,0.8,0.322
2025,Jrue Holiday,PG,Boston Celtics,Oklahoma City Thunder,3,1,0.195,1.646,0.429,1.451,0.804,0.579
2025,Jrue Holiday,PG,Boston Celtics,Cleveland Cavaliers,3,2,0.195,0.908,0.098,0.713,0.899,0.418
2025,JT Thor,PF,Washington Wizards,Oklahoma City Thunder,29,1,-0.536,0.795,3.577,1.331,0.819,2.474
2025,JT Thor,PF,Washington Wizards,Cleveland Cavaliers,29,2,-0.536,1.717,3.246,2.254,0.713,2.233
2025,JT Thor,PF,Washington Wizards,Boston Celtics,29,3,-0.536,1.509,3.148,2.045,0.736,2.183
2025,JT Thor,PF,Washington Wizards,Houston Rockets,29,4,-0.536,0.863,2.664,1.4,0.811,1.923
2025,JT Thor,PF,Washington Wizards,New York Knicks,29,5,-0.536,0.825,2.557,1.362,0.815,1.86
2025,JT Thor,PF,Washington Wizards,Los Angeles Clippers,29,9,-0.536,-0.25,2.436,0.287,0.958,1.845
2025,JT Thor,PF,Washington Wizards,Denver Nuggets,29,8,-0.536,0.4,2.384,0.936,0.869,1.778
2025,JT Thor,PF,Washington Wizards,Indiana Pacers,29,6,-0.536,0.96,2.398,1.496,0.799,1.758
2025,JT Thor,PF,Washington Wizards,Minnesota Timberwolves,29,10,-0.536,0.731,2.377,1.268,0.827,1.757
2025,JT Thor,PF,Washington Wizards,Los Angeles Lakers,29,7,-0.536,0.286,2.306,0.823,0.884,1.737
2025,JT Thor,PF,Washington Wizards,Memphis Grizzlies,29,13,-0.536,0.525,2.199,1.061,0.853,1.661
2025,JT Thor,PF,Washington Wizards,Golden State Warriors,29,12,-0.536,0.698,2.183,1.234,0.831,1.642
2025,JT Thor,PF,Washington Wizards,Milwaukee Bucks,29,11,-0.536,2.524,2.171,3.061,0.632,1.555
2025,JT Thor,PF,Washington Wizards,Detroit Pistons,29,14,-0.536,0.573,1.933,1.11,0.847,1.499
2025,JT Thor,PF,Washington Wizards,Orlando Magic,29,15,-0.536,1.217,1.753,1.754,0.769,1.359
2025,JT Thor,PF,Washington Wizards,Sacramento Kings,29,17,-0.536,0.523,1.626,1.059,0.853,1.317
2025,JT Thor,PF,Washington Wizards,Atlanta Hawks,29,16,-0.536,0.235,1.594,0.771,0.891,1.313
2025,JT Thor,PF,Washington Wizards,Chicago Bulls,29,18,-0.536,0.411,1.473,0.947,0.868,1.231
2025,JT Thor,PF,Washington Wizards,Miami Heat,29,20,-0.536,0.861,1.469,1.398,0.811,1.206
2025,JT Thor,PF,Washington Wizards,Dallas Mavericks,29,19,-0.536,1.939,1.443,2.475,0.69,1.142
2025,JT Thor,PF,Washington Wizards,Portland Trail Blazers,29,22,-0.536,0.482,1.177,1.018,0.858,1.05
2025,JT Thor,PF,Washington Wizards,Phoenix Suns,29,21,-0.536,1.486,1.173,2.023,0.738,0.999
2025,JT Thor,PF,Washington Wizards,San Antonio Spurs,29,23,-0.536,0.484,1.08,1.02,0.858,0.991
2025,JT Thor,PF,Washington Wizards,Toronto Raptors,29,24,-0.536,1.283,0.897,1.82,0.761,0.842
2025,JT Thor,PF,Washington Wizards,Brooklyn Nets,29,25,-0.536,0.624,0.612,1.16,0.84,0.703
2025,JT Thor,PF,Washington Wizards,Philadelphia 76ers,29,26,-0.536,0.711,0.554,1.248,0.829,0.664
2025,JT Thor,PF,Cleveland Cavaliers,Oklahoma City Thunder,2,1,-0.353,0.795,0.331,1.148,0.842,0.535
2025,JT Thor,PF,Washington Wizards,Charlotte Hornets,29,28,-0.536,0.956,0.228,1.493,0.799,0.457
2025,JT Thor,PF,Washington Wizards,New Orleans Pelicans,29,27,-0.536,1.672,0.276,2.208,0.718,0.453
2025,JT Thor,PF,Washington Wizards,Utah Jazz,29,30,-0.536,1.224,0.073,1.76,0.768,0.351
2025,Julian Champagnie,SF,San Antonio Spurs,Oklahoma City Thunder,23,1,0.171,0.332,2.497,0.161,0.976,1.889
2025,Julian Champagnie,SF,San Antonio Spurs,Cleveland Cavaliers,23,2,0.171,0.475,2.166,0.304,0.955,1.682
2025,Julian Champagnie,SF,San Antonio Spurs,Boston Celtics,23,3,0.171,1.283,2.068,1.112,0.846,1.579
2025,Julian Champagnie,SF,San Antonio Spurs,Houston Rockets,23,4,0.171,1.573,1.584,1.402,0.81,1.275
2025,Julian Champagnie,SF,San Antonio Spurs,New York Knicks,23,5,0.171,0.764,1.477,0.593,0.915,1.252
2025,Julian Champagnie,SF,San Antonio Spurs,Minnesota Timberwolves,23,10,0.171,-0.433,1.297,0,1,1.178
2025,Julian Champagnie,SF,San Antonio Spurs,Indiana Pacers,23,6,0.171,0.534,1.318,0.363,0.947,1.169
2025,Julian Champagnie,SF,San Antonio Spurs,Los Angeles Clippers,23,9,0.171,1.392,1.355,1.221,0.833,1.146
2025,Julian Champagnie,SF,San Antonio Spurs,Denver Nuggets,23,8,0.171,0.927,1.304,0.756,0.893,1.139
2025,Julian Champagnie,SF,San Antonio Spurs,Los Angeles Lakers,23,7,0.171,2.119,1.226,1.948,0.747,1.034
2025,Julian Champagnie,SF,San Antonio Spurs,Milwaukee Bucks,23,11,0.171,0.667,1.091,0.496,0.928,1.026
2025,Julian Champagnie,SF,San Antonio Spurs,Golden State Warriors,23,12,0.171,1.484,1.103,1.313,0.821,0.99
2025,Julian Champagnie,SF,San Antonio Spurs,Detroit Pistons,23,14,0.171,0.84,0.853,0.669,0.905,0.874
2025,Julian Champagnie,SF,San Antonio Spurs,Orlando Magic,23,15,0.171,1.486,0.673,1.315,0.821,0.732
2025,Julian Champagnie,SF,San Antonio Spurs,Sacramento Kings,23,17,0.171,1.064,0.546,0.892,0.875,0.678
2025,Julian Champagnie,SF,San Antonio Spurs,Atlanta Hawks,23,16,0.171,1.882,0.514,1.711,0.774,0.618
2025,Julian Champagnie,SF,San Antonio Spurs,Dallas Mavericks,23,19,0.171,0.6,0.363,0.429,0.938,0.593
2025,Julian Champagnie,SF,San Antonio Spurs,Miami Heat,23,20,0.171,1.143,0.389,0.972,0.864,0.579
2025,Julian Champagnie,SF,San Antonio Spurs,Chicago Bulls,23,18,0.171,1.234,0.393,1.063,0.853,0.577
2025,Julian Champagnie,SF,San Antonio Spurs,Phoenix Suns,23,21,0.171,0.395,0.093,0.224,0.967,0.443
2025,Julian Champagnie,SF,San Antonio Spurs,Portland Trail Blazers,23,22,0.171,1.194,0.097,1.023,0.858,0.402
2025,Julian Phillips,SF,Chicago Bulls,Oklahoma City Thunder,18,1,-0.393,0.332,2.105,0.725,0.897,1.622
2025,Julian Phillips,SF,Chicago Bulls,Cleveland Cavaliers,18,2,-0.393,0.475,1.774,0.868,0.878,1.415
2025,Julian Phillips,SF,Chicago Bulls,Boston Celtics,18,3,-0.393,1.283,1.675,1.676,0.778,1.316
2025,Julian Phillips,SF,Chicago Bulls,Houston Rockets,18,4,-0.393,1.573,1.191,1.966,0.745,1.013
2025,Julian Phillips,SF,Chicago Bulls,New York Knicks,18,5,-0.393,0.764,1.084,1.157,0.841,0.987
2025,Julian Phillips,SF,Chicago Bulls,Minnesota Timberwolves,18,10,-0.393,-0.433,0.904,0,1,0.942
2025,Julian Phillips,SF,Chicago Bulls,Indiana Pacers,18,6,-0.393,0.534,0.925,0.927,0.87,0.903
2025,Julian Phillips,SF,Chicago Bulls,Los Angeles Clippers,18,9,-0.393,1.392,0.963,1.785,0.765,0.884
2025,Julian Phillips,SF,Chicago Bulls,Denver Nuggets,18,8,-0.393,0.927,0.911,1.32,0.82,0.875
2025,Julian Phillips,SF,Chicago Bulls,Los Angeles Lakers,18,7,-0.393,2.119,0.833,2.512,0.686,0.774
2025,Julian Phillips,SF,Chicago Bulls,Milwaukee Bucks,18,11,-0.393,0.667,0.698,1.06,0.853,0.76
2025,Julian Phillips,SF,Chicago Bulls,Golden State Warriors,18,12,-0.393,1.484,0.711,1.877,0.755,0.728
2025,Julian Phillips,SF,Chicago Bulls,Detroit Pistons,18,14,-0.393,0.84,0.461,1.233,0.831,0.609
2025,Julian Phillips,SF,Chicago Bulls,Orlando Magic,18,15,-0.393,1.486,0.28,1.879,0.754,0.47
2025,Julian Phillips,SF,Chicago Bulls,Sacramento Kings,18,17,-0.393,1.064,0.154,1.456,0.804,0.414
2025,Julian Phillips,SF,Chicago Bulls,Atlanta Hawks,18,16,-0.393,1.882,0.122,2.275,0.711,0.357
2025,Julian Strawther,SG,Denver Nuggets,Oklahoma City Thunder,8,1,-0.07,1.265,1.194,1.335,0.819,1.044
2025,Julian Strawther,SG,Denver Nuggets,Cleveland Cavaliers,8,2,-0.07,1.342,0.863,1.411,0.809,0.841
2025,Julian Strawther,SG,Denver Nuggets,Boston Celtics,8,3,-0.07,0.808,0.764,0.878,0.877,0.809
2025,Julian Strawther,SG,Denver Nuggets,Houston Rockets,8,4,-0.07,0.724,0.28,0.794,0.888,0.523
2025,Julian Strawther,SG,Denver Nuggets,New York Knicks,8,5,-0.07,0.807,0.173,0.876,0.877,0.454
2025,Julian Strawther,SG,Denver Nuggets,Indiana Pacers,8,6,-0.07,0.275,0.014,0.344,0.95,0.388
2025,Julian Strawther,SG,Denver Nuggets,Los Angeles Clippers,8,9,-0.07,1.026,0.052,1.095,0.848,0.37
2025,Julius Randle,PF,Minnesota Timberwolves,Oklahoma City Thunder,10,1,0.731,0.795,1.201,0.064,0.99,1.117
2025,Julius Randle,PF,Minnesota Timberwolves,Cleveland Cavaliers,10,2,0.731,1.717,0.87,0.986,0.863,0.867
2025,Julius Randle,PF,Minnesota Timberwolves,Boston Celtics,10,3,0.731,1.509,0.771,0.777,0.89,0.819
2025,Julius Randle,PF,Minnesota Timberwolves,Houston Rockets,10,4,0.731,0.863,0.287,0.132,0.98,0.565
2025,Julius Randle,PF,Minnesota Timberwolves,New York Knicks,10,5,0.731,0.825,0.18,0.094,0.986,0.502
2025,Julius Randle,PF,Minnesota Timberwolves,Los Angeles Clippers,10,9,0.731,-0.25,0.059,0,1,0.435
2025,Julius Randle,PF,Minnesota Timberwolves,Denver Nuggets,10,8,0.731,0.4,0.007,0,1,0.404
2025,Julius Randle,PF,Minnesota Timberwolves,Indiana Pacers,10,6,0.731,0.96,0.021,0.228,0.966,0.399
2025,Justin Champagnie,SF,Washington Wizards,Oklahoma City Thunder,29,1,0.501,0.332,3.577,0,1,2.546
2025,Justin Champagnie,SF,Washington Wizards,Cleveland Cavaliers,29,2,0.501,0.475,3.246,0,1,2.348
2025,Justin Champagnie,SF,Washington Wizards,Boston Celtics,29,3,0.501,1.283,3.148,0.782,0.889,2.244
2025,Justin Champagnie,SF,Washington Wizards,Houston Rockets,29,4,0.501,1.573,2.664,1.072,0.851,1.939
2025,Justin Champagnie,SF,Washington Wizards,New York Knicks,29,5,0.501,0.764,2.557,0.263,0.961,1.918
2025,Justin Champagnie,SF,Washington Wizards,Indiana Pacers,29,6,0.501,0.534,2.398,0.033,0.995,1.837
2025,Justin Champagnie,SF,Washington Wizards,Minnesota Timberwolves,29,10,0.501,-0.433,2.377,0,1,1.826
2025,Justin Champagnie,SF,Washington Wizards,Los Angeles Clippers,29,9,0.501,1.392,2.436,0.891,0.875,1.811
2025,Justin Champagnie,SF,Washington Wizards,Denver Nuggets,29,8,0.501,0.927,2.384,0.426,0.938,1.806
2025,Justin Champagnie,SF,Washington Wizards,Los Angeles Lakers,29,7,0.501,2.119,2.306,1.618,0.785,1.697
2025,Justin Champagnie,SF,Washington Wizards,Milwaukee Bucks,29,11,0.501,0.667,2.171,0.166,0.975,1.693
2025,Justin Champagnie,SF,Washington Wizards,Golden State Warriors,29,12,0.501,1.484,2.183,0.983,0.863,1.655
2025,Justin Champagnie,SF,Washington Wizards,Detroit Pistons,29,14,0.501,0.84,1.933,0.339,0.95,1.54
2025,Justin Champagnie,SF,Washington Wizards,Orlando Magic,29,15,0.501,1.486,1.753,0.985,0.863,1.397
2025,Justin Champagnie,SF,Washington Wizards,Sacramento Kings,29,17,0.501,1.064,1.626,0.563,0.919,1.343
2025,Justin Champagnie,SF,Washington Wizards,Atlanta Hawks,29,16,0.501,1.882,1.594,1.381,0.813,1.282
2025,Justin Champagnie,SF,Washington Wizards,Dallas Mavericks,29,19,0.501,0.6,1.443,0.099,0.985,1.26
2025,Justin Champagnie,SF,Washington Wizards,Miami Heat,29,20,0.501,1.143,1.469,0.642,0.908,1.245
2025,Justin Champagnie,SF,Washington Wizards,Chicago Bulls,29,18,0.501,1.234,1.473,0.733,0.896,1.242
2025,Justin Champagnie,SF,Washington Wizards,Phoenix Suns,29,21,0.501,0.395,1.173,0,1,1.104
2025,Justin Champagnie,SF,Washington Wizards,Portland Trail Blazers,29,22,0.501,1.194,1.177,0.693,0.901,1.067
2025,Justin Champagnie,SF,Washington Wizards,San Antonio Spurs,29,23,0.501,0.392,1.08,0,1,1.048
2025,Justin Champagnie,SF,Washington Wizards,Toronto Raptors,29,24,0.501,1.249,0.897,0.748,0.894,0.895
2025,Justin Champagnie,SF,Washington Wizards,Brooklyn Nets,29,25,0.501,0.258,0.612,0,1,0.767
2025,Justin Champagnie,SF,Washington Wizards,Philadelphia 76ers,29,26,0.501,0.804,0.554,0.303,0.956,0.714
2025,Justin Champagnie,SF,Washington Wizards,New Orleans Pelicans,29,27,0.501,1.332,0.276,0.831,0.883,0.519
2025,Justin Champagnie,SF,Washington Wizards,Charlotte Hornets,29,28,0.501,1.088,0.228,0.587,0.916,0.503
2025,Justin Champagnie,SF,Washington Wizards,Utah Jazz,29,30,0.501,0.075,0.073,0,1,0.444
2025,Justin Edwards,SF,Philadelphia 76ers,Oklahoma City Thunder,26,1,0.201,0.332,3.024,0.131,0.981,2.206
2025,Justin Edwards,SF,Philadelphia 76ers,Cleveland Cavaliers,26,2,0.201,0.475,2.693,0.274,0.96,2
2025,Justin Edwards,SF,Philadelphia 76ers,Boston Celtics,26,3,0.201,1.283,2.594,1.082,0.85,1.897
2025,Justin Edwards,SF,Philadelphia 76ers,Houston Rockets,26,4,0.201,1.573,2.11,1.372,0.814,1.592
2025,Justin Edwards,SF,Philadelphia 76ers,New York Knicks,26,5,0.201,0.764,2.003,0.563,0.919,1.569
2025,Justin Edwards,SF,Philadelphia 76ers,Minnesota Timberwolves,26,10,0.201,-0.433,1.823,0,1,1.494
2025,Justin Edwards,SF,Philadelphia 76ers,Indiana Pacers,26,6,0.201,0.534,1.844,0.333,0.951,1.487
2025,Justin Edwards,SF,Philadelphia 76ers,Los Angeles Clippers,26,9,0.201,1.392,1.882,1.191,0.836,1.464
2025,Justin Edwards,SF,Philadelphia 76ers,Denver Nuggets,26,8,0.201,0.927,1.83,0.726,0.897,1.457
2025,Justin Edwards,SF,Philadelphia 76ers,Los Angeles Lakers,26,7,0.201,2.119,1.752,1.918,0.75,1.351
2025,Justin Edwards,SF,Philadelphia 76ers,Milwaukee Bucks,26,11,0.201,0.667,1.617,0.466,0.932,1.343
2025,Justin Edwards,SF,Philadelphia 76ers,Golden State Warriors,26,12,0.201,1.484,1.63,1.283,0.825,1.308
2025,Justin Edwards,SF,Philadelphia 76ers,Detroit Pistons,26,14,0.201,0.84,1.38,0.639,0.909,1.191
2025,Justin Edwards,SF,Philadelphia 76ers,Orlando Magic,26,15,0.201,1.486,1.199,1.285,0.825,1.05
2025,Justin Edwards,SF,Philadelphia 76ers,Sacramento Kings,26,17,0.201,1.064,1.073,0.862,0.879,0.995
2025,Justin Edwards,SF,Philadelphia 76ers,Atlanta Hawks,26,16,0.201,1.882,1.041,1.681,0.777,0.935
2025,Justin Edwards,SF,Philadelphia 76ers,Dallas Mavericks,26,19,0.201,0.6,0.89,0.399,0.942,0.911
2025,Justin Edwards,SF,Philadelphia 76ers,Miami Heat,26,20,0.201,1.143,0.915,0.942,0.868,0.896
2025,Justin Edwards,SF,Philadelphia 76ers,Chicago Bulls,26,18,0.201,1.234,0.919,1.033,0.856,0.894
2025,Justin Edwards,SF,Philadelphia 76ers,Phoenix Suns,26,21,0.201,0.395,0.62,0.194,0.971,0.76
2025,Justin Edwards,SF,Philadelphia 76ers,Portland Trail Blazers,26,22,0.201,1.194,0.624,0.993,0.862,0.719
2025,Justin Edwards,SF,Philadelphia 76ers,San Antonio Spurs,26,23,0.201,0.392,0.526,0.191,0.972,0.705
2025,Justin Edwards,SF,Philadelphia 76ers,Toronto Raptors,26,24,0.201,1.249,0.343,1.047,0.855,0.548
2025,Justin Edwards,SF,Philadelphia 76ers,Brooklyn Nets,26,25,0.201,0.258,0.058,0.056,0.992,0.431
2025,Justin Minaya,SF,Portland Trail Blazers,Oklahoma City Thunder,22,1,-0.982,0.332,2.4,1.313,0.821,1.768
2025,Justin Minaya,SF,Portland Trail Blazers,Cleveland Cavaliers,22,2,-0.982,0.475,2.069,1.456,0.804,1.563
2025,Justin Minaya,SF,Portland Trail Blazers,Boston Celtics,22,3,-0.982,1.283,1.97,2.265,0.712,1.467
2025,Justin Minaya,SF,Portland Trail Blazers,Houston Rockets,22,4,-0.982,1.573,1.487,2.555,0.682,1.165
2025,Justin Minaya,SF,Portland Trail Blazers,New York Knicks,22,5,-0.982,0.764,1.379,1.746,0.77,1.135
2025,Justin Minaya,SF,Portland Trail Blazers,Minnesota Timberwolves,22,10,-0.982,-0.433,1.199,0.548,0.921,1.088
2025,Justin Minaya,SF,Portland Trail Blazers,Indiana Pacers,22,6,-0.982,0.534,1.22,1.516,0.797,1.051
2025,Justin Minaya,SF,Portland Trail Blazers,Los Angeles Clippers,22,9,-0.982,1.392,1.258,2.373,0.7,1.035
2025,Justin Minaya,SF,Portland Trail Blazers,Denver Nuggets,22,8,-0.982,0.927,1.206,1.908,0.751,1.024
2025,Justin Minaya,SF,Portland Trail Blazers,Los Angeles Lakers,22,7,-0.982,2.119,1.129,3.1,0.628,0.928
2025,Justin Minaya,SF,Portland Trail Blazers,Milwaukee Bucks,22,11,-0.982,0.667,0.993,1.649,0.781,0.908
2025,Justin Minaya,SF,Portland Trail Blazers,Golden State Warriors,22,12,-0.982,1.484,1.006,2.466,0.691,0.88
2025,Justin Minaya,SF,Portland Trail Blazers,Detroit Pistons,22,14,-0.982,0.84,0.756,1.821,0.761,0.758
2025,Justin Minaya,SF,Portland Trail Blazers,Orlando Magic,22,15,-0.982,1.486,0.576,2.468,0.691,0.622
2025,Justin Minaya,SF,Portland Trail Blazers,Sacramento Kings,22,17,-0.982,1.064,0.449,2.045,0.736,0.564
2025,Justin Minaya,SF,Portland Trail Blazers,Atlanta Hawks,22,16,-0.982,1.882,0.417,2.864,0.651,0.511
2025,Justin Minaya,SF,Portland Trail Blazers,Dallas Mavericks,22,19,-0.982,0.6,0.266,1.581,0.789,0.475
2025,Justin Minaya,SF,Portland Trail Blazers,Miami Heat,22,20,-0.982,1.143,0.292,2.124,0.727,0.466
2025,Justin Minaya,SF,Portland Trail Blazers,Chicago Bulls,22,18,-0.982,1.234,0.295,2.216,0.717,0.464
2025,Jusuf Nurkić,C,Charlotte Hornets,Oklahoma City Thunder,28,1,0.084,1.018,3.349,0.934,0.869,2.357
2025,Jusuf Nurkić,C,Charlotte Hornets,Cleveland Cavaliers,28,2,0.084,0.96,3.018,0.876,0.877,2.162
2025,Jusuf Nurkić,C,Charlotte Hornets,Boston Celtics,28,3,0.084,0.929,2.92,0.845,0.881,2.104
2025,Jusuf Nurkić,C,Charlotte Hornets,Houston Rockets,28,4,0.084,0.807,2.436,0.723,0.897,1.82
2025,Jusuf Nurkić,C,Phoenix Suns,Oklahoma City Thunder,21,1,0.008,1.018,2.404,1.01,0.859,1.786
2025,Jusuf Nurkić,C,Charlotte Hornets,New York Knicks,28,5,0.084,1.332,2.328,1.248,0.829,1.729
2025,Jusuf Nurkić,C,Charlotte Hornets,Indiana Pacers,28,6,0.084,0.754,2.169,0.67,0.904,1.663
2025,Jusuf Nurkić,C,Charlotte Hornets,Los Angeles Clippers,28,9,0.084,1.266,2.207,1.182,0.838,1.659
2025,Jusuf Nurkić,C,Charlotte Hornets,Minnesota Timberwolves,28,10,0.084,1.008,2.148,0.924,0.871,1.637
2025,Jusuf Nurkić,C,Charlotte Hornets,Denver Nuggets,28,8,0.084,1.827,2.155,1.743,0.77,1.601
2025,Jusuf Nurkić,C,Phoenix Suns,Cleveland Cavaliers,21,2,0.008,0.96,2.073,0.952,0.867,1.59
2025,Jusuf Nurkić,C,Charlotte Hornets,Golden State Warriors,28,12,0.084,-0.087,1.955,0,1,1.573
2025,Jusuf Nurkić,C,Charlotte Hornets,Los Angeles Lakers,28,7,0.084,1.908,2.078,1.824,0.761,1.551
2025,Jusuf Nurkić,C,Charlotte Hornets,Memphis Grizzlies,28,13,0.084,0.773,1.971,0.689,0.902,1.543
2025,Jusuf Nurkić,C,Charlotte Hornets,Milwaukee Bucks,28,11,0.084,0.498,1.943,0.414,0.94,1.541
2025,Jusuf Nurkić,C,Phoenix Suns,Boston Celtics,21,3,0.008,0.929,1.974,0.921,0.871,1.533
2025,Jusuf Nurkić,C,Charlotte Hornets,Detroit Pistons,28,14,0.084,0.988,1.705,0.903,0.873,1.372
2025,Jusuf Nurkić,C,Charlotte Hornets,Orlando Magic,28,15,0.084,0.455,1.525,0.371,0.946,1.293
2025,Jusuf Nurkić,C,Phoenix Suns,Houston Rockets,21,4,0.008,0.807,1.491,0.8,0.887,1.249
2025,Jusuf Nurkić,C,Charlotte Hornets,Atlanta Hawks,28,16,0.084,0.616,1.366,0.532,0.923,1.189
2025,Jusuf Nurkić,C,Charlotte Hornets,Sacramento Kings,28,17,0.084,1.198,1.398,1.114,0.846,1.177
2025,Jusuf Nurkić,C,Phoenix Suns,New York Knicks,21,5,0.008,1.332,1.383,1.325,0.82,1.158
2025,Jusuf Nurkić,C,Charlotte Hornets,Miami Heat,28,20,0.084,0.612,1.241,0.528,0.924,1.114
2025,Jusuf Nurkić,C,Charlotte Hornets,Chicago Bulls,28,18,0.084,0.827,1.244,0.743,0.895,1.104
2025,Jusuf Nurkić,C,Phoenix Suns,Indiana Pacers,21,6,0.008,0.754,1.224,0.747,0.894,1.092
2025,Jusuf Nurkić,C,Phoenix Suns,Los Angeles Clippers,21,9,0.008,1.266,1.262,1.258,0.828,1.088
2025,Jusuf Nurkić,C,Charlotte Hornets,Dallas Mavericks,28,19,0.084,1.114,1.215,1.03,0.857,1.072
2025,Jusuf Nurkić,C,Phoenix Suns,Minnesota Timberwolves,21,10,0.008,1.008,1.203,1,0.861,1.066
2025,Jusuf Nurkić,C,Phoenix Suns,Denver Nuggets,21,8,0.008,1.827,1.21,1.819,0.761,1.031
2025,Jusuf Nurkić,C,Phoenix Suns,Golden State Warriors,21,12,0.008,-0.087,1.01,0,1,1.006
2025,Jusuf Nurkić,C,Phoenix Suns,Los Angeles Lakers,21,7,0.008,1.908,1.132,1.9,0.752,0.98
2025,Jusuf Nurkić,C,Phoenix Suns,Memphis Grizzlies,21,13,0.008,0.773,1.025,0.765,0.892,0.972
2025,Jusuf Nurkić,C,Phoenix Suns,Milwaukee Bucks,21,11,0.008,0.498,0.997,0.49,0.929,0.97
2025,Jusuf Nurkić,C,Charlotte Hornets,Phoenix Suns,28,21,0.084,0.34,0.945,0.256,0.962,0.952
2025,Jusuf Nurkić,C,Charlotte Hornets,Portland Trail Blazers,28,22,0.084,0.7,0.949,0.616,0.912,0.934
2025,Jusuf Nurkić,C,Phoenix Suns,Detroit Pistons,21,14,0.008,0.988,0.76,0.98,0.863,0.801
2025,Jusuf Nurkić,C,Charlotte Hornets,San Antonio Spurs,28,23,0.084,2.35,0.852,2.266,0.712,0.796
2025,Jusuf Nurkić,C,Charlotte Hornets,Toronto Raptors,28,24,0.084,0.899,0.668,0.815,0.885,0.755
2025,Jusuf Nurkić,C,Phoenix Suns,Orlando Magic,21,15,0.008,0.455,0.58,0.447,0.935,0.722
2025,Jusuf Nurkić,C,Phoenix Suns,Atlanta Hawks,21,16,0.008,0.616,0.421,0.608,0.913,0.618
2025,Jusuf Nurkić,C,Charlotte Hornets,Brooklyn Nets,28,25,0.084,0.443,0.383,0.359,0.948,0.609
2025,Jusuf Nurkić,C,Phoenix Suns,Sacramento Kings,21,17,0.008,1.198,0.453,1.19,0.837,0.606
2025,Jusuf Nurkić,C,Charlotte Hornets,Philadelphia 76ers,28,26,0.084,0.849,0.325,0.765,0.892,0.552
2025,Jusuf Nurkić,C,Phoenix Suns,Miami Heat,21,20,0.008,0.612,0.295,0.605,0.913,0.543
2025,Jusuf Nurkić,C,Phoenix Suns,Chicago Bulls,21,18,0.008,0.827,0.299,0.819,0.884,0.533
2025,Jusuf Nurkić,C,Phoenix Suns,Dallas Mavericks,21,19,0.008,1.114,0.27,1.106,0.847,0.501
2025,Jusuf Nurkić,C,Charlotte Hornets,New Orleans Pelicans,28,27,0.084,0.363,0.047,0.279,0.959,0.412
2025,Jusuf Nurkić,C,Phoenix Suns,Portland Trail Blazers,21,22,0.008,0.7,0.004,0.692,0.901,0.363
2025,Kai Jones,C,Dallas Mavericks,Oklahoma City Thunder,19,1,0.908,1.018,2.134,0.11,0.984,1.674
2025,Kai Jones,C,Dallas Mavericks,Cleveland Cavaliers,19,2,0.908,0.96,1.803,0.052,0.992,1.479
2025,Kai Jones,C,Dallas Mavericks,Boston Celtics,19,3,0.908,0.929,1.705,0.021,0.997,1.422
2025,Kai Jones,C,Dallas Mavericks,Houston Rockets,19,4,0.908,0.807,1.221,0,1,1.132
2025,Kai Jones,C,Dallas Mavericks,New York Knicks,19,5,0.908,1.332,1.113,0.425,0.938,1.043
2025,Kai Jones,C,Los Angeles Clippers,Oklahoma City Thunder,9,1,-0.466,1.018,1.142,1.484,0.8,1.005
2025,Kai Jones,C,Dallas Mavericks,Los Angeles Clippers,19,9,0.908,1.266,0.992,0.358,0.948,0.974
2025,Kai Jones,C,Dallas Mavericks,Indiana Pacers,19,6,0.908,0.754,0.955,0,1,0.973
2025,Kai Jones,C,Dallas Mavericks,Minnesota Timberwolves,19,10,0.908,1.008,0.933,0.1,0.985,0.954
2025,Kai Jones,C,Dallas Mavericks,Denver Nuggets,19,8,0.908,1.827,0.941,0.92,0.871,0.913
2025,Kai Jones,C,Dallas Mavericks,Los Angeles Lakers,19,7,0.908,1.908,0.863,1,0.861,0.862
2025,Kai Jones,C,Dallas Mavericks,Memphis Grizzlies,19,13,0.908,0.773,0.756,0,1,0.853
2025,Kai Jones,C,Dallas Mavericks,Golden State Warriors,19,12,0.908,-0.087,0.74,0,1,0.844
2025,Kai Jones,C,Dallas Mavericks,Milwaukee Bucks,19,11,0.908,0.498,0.728,0,1,0.837
2025,Kai Jones,C,Los Angeles Clippers,Cleveland Cavaliers,9,2,-0.466,0.96,0.811,1.426,0.807,0.809
2025,Kai Jones,C,Los Angeles Clippers,Boston Celtics,9,3,-0.466,0.929,0.712,1.395,0.811,0.752
2025,Kai Jones,C,Dallas Mavericks,Detroit Pistons,19,14,0.908,0.988,0.49,0.08,0.988,0.689
2025,Kai Jones,C,Dallas Mavericks,Orlando Magic,19,15,0.908,0.455,0.31,0,1,0.586
2025,Kai Jones,C,Dallas Mavericks,Sacramento Kings,19,17,0.908,1.198,0.183,0.29,0.957,0.493
2025,Kai Jones,C,Dallas Mavericks,Atlanta Hawks,19,16,0.908,0.616,0.151,0,1,0.491
2025,Kai Jones,C,Los Angeles Clippers,Houston Rockets,9,4,-0.466,0.807,0.228,1.274,0.826,0.468
2025,Kai Jones,C,Dallas Mavericks,Chicago Bulls,19,18,0.908,0.827,0.029,0,1,0.418
2025,Kai Jones,C,Dallas Mavericks,Miami Heat,19,20,0.908,0.612,0.026,0,1,0.415
2025,Kai Jones,C,Los Angeles Clippers,New York Knicks,9,5,-0.466,1.332,0.121,1.799,0.764,0.378
2025,Karl-Anthony Towns,C,New York Knicks,Oklahoma City Thunder,5,1,1.332,1.018,1.021,0,1,1.012
2025,Karl-Anthony Towns,C,New York Knicks,Cleveland Cavaliers,5,2,1.332,0.96,0.69,0,1,0.814
2025,Karl-Anthony Towns,C,New York Knicks,Boston Celtics,5,3,1.332,0.929,0.591,0,1,0.755
2025,Karl-Anthony Towns,C,New York Knicks,Houston Rockets,5,4,1.332,0.807,0.107,0,1,0.464
2025,Karlo Matković,PF,New Orleans Pelicans,Oklahoma City Thunder,27,1,0.39,0.795,3.302,0.405,0.941,2.357
2025,Karlo Matković,PF,New Orleans Pelicans,Cleveland Cavaliers,27,2,0.39,1.717,2.971,1.327,0.819,2.11
2025,Karlo Matković,PF,New Orleans Pelicans,Boston Celtics,27,3,0.39,1.509,2.872,1.119,0.846,2.061
2025,Karlo Matković,PF,New Orleans Pelicans,Houston Rockets,27,4,0.39,0.863,2.388,0.473,0.931,1.806
2025,Karlo Matković,PF,New Orleans Pelicans,New York Knicks,27,5,0.39,0.825,2.281,0.436,0.937,1.743
2025,Karlo Matković,PF,New Orleans Pelicans,Los Angeles Clippers,27,9,0.39,-0.25,2.16,0,1,1.696
2025,Karlo Matković,PF,New Orleans Pelicans,Denver Nuggets,27,8,0.39,0.4,2.108,0.01,0.998,1.664
2025,Karlo Matković,PF,New Orleans Pelicans,Minnesota Timberwolves,27,10,0.39,0.731,2.101,0.341,0.95,1.641
2025,Karlo Matković,PF,New Orleans Pelicans,Indiana Pacers,27,6,0.39,0.96,2.122,0.57,0.918,1.64
2025,Karlo Matković,PF,New Orleans Pelicans,Los Angeles Lakers,27,7,0.39,0.286,2.03,0,1,1.618
2025,Karlo Matković,PF,New Orleans Pelicans,Memphis Grizzlies,27,13,0.39,0.525,1.923,0.135,0.98,1.546
2025,Karlo Matković,PF,New Orleans Pelicans,Golden State Warriors,27,12,0.39,0.698,1.908,0.308,0.955,1.527
2025,Karlo Matković,PF,New Orleans Pelicans,Milwaukee Bucks,27,11,0.39,2.524,1.895,2.134,0.726,1.427
2025,Karlo Matković,PF,New Orleans Pelicans,Detroit Pistons,27,14,0.39,0.573,1.658,0.184,0.973,1.384
2025,Karlo Matković,PF,New Orleans Pelicans,Orlando Magic,27,15,0.39,1.217,1.477,0.827,0.883,1.24
2025,Karlo Matković,PF,New Orleans Pelicans,Sacramento Kings,27,17,0.39,0.523,1.351,0.133,0.98,1.202
2025,Karlo Matković,PF,New Orleans Pelicans,Atlanta Hawks,27,16,0.39,0.235,1.319,0,1,1.191
2025,Karlo Matković,PF,New Orleans Pelicans,Chicago Bulls,27,18,0.39,0.411,1.197,0.021,0.997,1.117
2025,Karlo Matković,PF,New Orleans Pelicans,Miami Heat,27,20,0.39,0.861,1.193,0.471,0.932,1.089
2025,Karlo Matković,PF,New Orleans Pelicans,Dallas Mavericks,27,19,0.39,1.939,1.167,1.549,0.793,1.018
2025,Karlo Matković,PF,New Orleans Pelicans,Portland Trail Blazers,27,22,0.39,0.482,0.902,0.092,0.986,0.936
2025,Karlo Matković,PF,New Orleans Pelicans,Phoenix Suns,27,21,0.39,1.486,0.898,1.096,0.848,0.878
2025,Karlo Matković,PF,New Orleans Pelicans,San Antonio Spurs,27,23,0.39,0.484,0.804,0.094,0.986,0.877
2025,Karlo Matković,PF,New Orleans Pelicans,Toronto Raptors,27,24,0.39,1.283,0.621,0.893,0.875,0.722
2025,Karlo Matković,PF,New Orleans Pelicans,Brooklyn Nets,27,25,0.39,0.624,0.336,0.234,0.966,0.588
2025,Karlo Matković,PF,New Orleans Pelicans,Philadelphia 76ers,27,26,0.39,0.711,0.278,0.322,0.953,0.548
2025,Kawhi Leonard,SF,Los Angeles Clippers,Oklahoma City Thunder,9,1,1.392,0.332,1.142,0,1,1.085
2025,Kawhi Leonard,SF,Los Angeles Clippers,Cleveland Cavaliers,9,2,1.392,0.475,0.811,0,1,0.886
2025,Kawhi Leonard,SF,Los Angeles Clippers,Boston Celtics,9,3,1.392,1.283,0.712,0,1,0.827
2025,Kawhi Leonard,SF,Los Angeles Clippers,Houston Rockets,9,4,1.392,1.573,0.228,0.181,0.973,0.526
2025,Kawhi Leonard,SF,Los Angeles Clippers,New York Knicks,9,5,1.392,0.764,0.121,0,1,0.473
2025,Keaton Wallace,PG,Atlanta Hawks,Oklahoma City Thunder,16,1,-0.3,1.646,1.983,1.946,0.747,1.488
2025,Keaton Wallace,PG,Atlanta Hawks,Cleveland Cavaliers,16,2,-0.3,0.908,1.652,1.208,0.834,1.325
2025,Keaton Wallace,PG,Atlanta Hawks,Boston Celtics,16,3,-0.3,0.432,1.553,0.732,0.896,1.29
2025,Keaton Wallace,PG,Atlanta Hawks,Houston Rockets,16,4,-0.3,0.457,1.07,0.757,0.893,0.999
2025,Keaton Wallace,PG,Atlanta Hawks,New York Knicks,16,5,-0.3,1.105,0.962,1.405,0.81,0.901
2025,Keaton Wallace,PG,Atlanta Hawks,Minnesota Timberwolves,16,10,-0.3,0.2,0.782,0.5,0.928,0.84
2025,Keaton Wallace,PG,Atlanta Hawks,Los Angeles Clippers,16,9,-0.3,1.03,0.841,1.33,0.819,0.832
2025,Keaton Wallace,PG,Atlanta Hawks,Denver Nuggets,16,8,-0.3,0.822,0.789,1.122,0.845,0.812
2025,Keaton Wallace,PG,Atlanta Hawks,Indiana Pacers,16,6,-0.3,1.379,0.803,1.679,0.777,0.793
2025,Keaton Wallace,PG,Atlanta Hawks,Los Angeles Lakers,16,7,-0.3,1.252,0.712,1.553,0.792,0.744
2025,Keaton Wallace,PG,Atlanta Hawks,Memphis Grizzlies,16,13,-0.3,0.849,0.605,1.149,0.842,0.699
2025,Keaton Wallace,PG,Atlanta Hawks,Golden State Warriors,16,12,-0.3,1.025,0.589,1.325,0.82,0.681
2025,Keaton Wallace,PG,Atlanta Hawks,Milwaukee Bucks,16,11,-0.3,1.065,0.576,1.365,0.815,0.672
2025,Keaton Wallace,PG,Atlanta Hawks,Detroit Pistons,16,14,-0.3,1.099,0.339,1.399,0.811,0.528
2025,Keaton Wallace,PG,Atlanta Hawks,Orlando Magic,16,15,-0.3,0.182,0.159,0.482,0.93,0.467
2025,Keaton Wallace,PG,Atlanta Hawks,Sacramento Kings,16,17,-0.3,0.871,0.032,1.171,0.839,0.355
2025,Keegan Murray,PF,Sacramento Kings,Oklahoma City Thunder,17,1,0.523,0.795,1.951,0.272,0.96,1.555
2025,Keegan Murray,PF,Sacramento Kings,Cleveland Cavaliers,17,2,0.523,1.717,1.62,1.194,0.836,1.306
2025,Keegan Murray,PF,Sacramento Kings,Boston Celtics,17,3,0.523,1.509,1.521,0.986,0.863,1.258
2025,Keegan Murray,PF,Sacramento Kings,Houston Rockets,17,4,0.523,0.863,1.038,0.34,0.95,1.003
2025,Keegan Murray,PF,Sacramento Kings,New York Knicks,17,5,0.523,0.825,0.93,0.303,0.956,0.94
2025,Keegan Murray,PF,Sacramento Kings,Los Angeles Clippers,17,9,0.523,-0.25,0.809,0,1,0.885
2025,Keegan Murray,PF,Sacramento Kings,Denver Nuggets,17,8,0.523,0.4,0.757,0,1,0.854
2025,Keegan Murray,PF,Sacramento Kings,Minnesota Timberwolves,17,10,0.523,0.731,0.75,0.208,0.969,0.838
2025,Keegan Murray,PF,Sacramento Kings,Indiana Pacers,17,6,0.523,0.96,0.771,0.437,0.937,0.837
2025,Keegan Murray,PF,Sacramento Kings,Los Angeles Lakers,17,7,0.523,0.286,0.68,0,1,0.808
2025,Keegan Murray,PF,Sacramento Kings,Memphis Grizzlies,17,13,0.523,0.525,0.573,0.002,1,0.743
2025,Keegan Murray,PF,Sacramento Kings,Golden State Warriors,17,12,0.523,0.698,0.557,0.175,0.974,0.724
2025,Keegan Murray,PF,Sacramento Kings,Milwaukee Bucks,17,11,0.523,2.524,0.544,2.001,0.741,0.623
2025,Keegan Murray,PF,Sacramento Kings,Detroit Pistons,17,14,0.523,0.573,0.307,0.051,0.992,0.581
2025,Keegan Murray,PF,Sacramento Kings,Orlando Magic,17,15,0.523,1.217,0.127,0.695,0.901,0.436
2025,Keion Brooks Jr.,SF,New Orleans Pelicans,Oklahoma City Thunder,27,1,0.267,0.332,3.302,0.064,0.99,2.377
2025,Keion Brooks Jr.,SF,New Orleans Pelicans,Cleveland Cavaliers,27,2,0.267,0.475,2.971,0.207,0.969,2.17
2025,Keion Brooks Jr.,SF,New Orleans Pelicans,Boston Celtics,27,3,0.267,1.283,2.872,1.016,0.859,2.067
2025,Keion Brooks Jr.,SF,New Orleans Pelicans,Houston Rockets,27,4,0.267,1.573,2.388,1.305,0.822,1.762
2025,Keion Brooks Jr.,SF,New Orleans Pelicans,New York Knicks,27,5,0.267,0.764,2.281,0.497,0.928,1.74
2025,Keion Brooks Jr.,SF,New Orleans Pelicans,Minnesota Timberwolves,27,10,0.267,-0.433,2.101,0,1,1.661
2025,Keion Brooks Jr.,SF,New Orleans Pelicans,Indiana Pacers,27,6,0.267,0.534,2.122,0.266,0.961,1.658
2025,Keion Brooks Jr.,SF,New Orleans Pelicans,Los Angeles Clippers,27,9,0.267,1.392,2.16,1.124,0.845,1.634
2025,Keion Brooks Jr.,SF,New Orleans Pelicans,Denver Nuggets,27,8,0.267,0.927,2.108,0.659,0.906,1.627
2025,Keion Brooks Jr.,SF,New Orleans Pelicans,Los Angeles Lakers,27,7,0.267,2.119,2.03,1.851,0.758,1.521
2025,Keion Brooks Jr.,SF,New Orleans Pelicans,Milwaukee Bucks,27,11,0.267,0.667,1.895,0.4,0.942,1.514
2025,Keion Brooks Jr.,SF,New Orleans Pelicans,Golden State Warriors,27,12,0.267,1.484,1.908,1.217,0.833,1.478
2025,Keion Brooks Jr.,SF,New Orleans Pelicans,Detroit Pistons,27,14,0.267,0.84,1.658,0.572,0.918,1.362
2025,Keion Brooks Jr.,SF,New Orleans Pelicans,Orlando Magic,27,15,0.267,1.486,1.477,1.219,0.833,1.22
2025,Keion Brooks Jr.,SF,New Orleans Pelicans,Sacramento Kings,27,17,0.267,1.064,1.351,0.796,0.887,1.165
2025,Keion Brooks Jr.,SF,New Orleans Pelicans,Atlanta Hawks,27,16,0.267,1.882,1.319,1.615,0.785,1.105
2025,Keion Brooks Jr.,SF,New Orleans Pelicans,Dallas Mavericks,27,19,0.267,0.6,1.167,0.332,0.951,1.081
2025,Keion Brooks Jr.,SF,New Orleans Pelicans,Miami Heat,27,20,0.267,1.143,1.193,0.875,0.877,1.067
2025,Keion Brooks Jr.,SF,New Orleans Pelicans,Chicago Bulls,27,18,0.267,1.234,1.197,0.967,0.865,1.064
2025,Keion Brooks Jr.,SF,New Orleans Pelicans,Phoenix Suns,27,21,0.267,0.395,0.898,0.128,0.981,0.931
2025,Keion Brooks Jr.,SF,New Orleans Pelicans,Portland Trail Blazers,27,22,0.267,1.194,0.902,0.926,0.87,0.889
2025,Keion Brooks Jr.,SF,New Orleans Pelicans,San Antonio Spurs,27,23,0.267,0.392,0.804,0.125,0.981,0.875
2025,Keion Brooks Jr.,SF,New Orleans Pelicans,Toronto Raptors,27,24,0.267,1.249,0.621,0.981,0.863,0.718
2025,Keion Brooks Jr.,SF,New Orleans Pelicans,Brooklyn Nets,27,25,0.267,0.258,0.336,0,1,0.602
2025,Keion Brooks Jr.,SF,New Orleans Pelicans,Philadelphia 76ers,27,26,0.267,0.804,0.278,0.536,0.923,0.536
2025,Kel'el Ware,C,Miami Heat,Oklahoma City Thunder,20,1,0.369,1.018,2.108,0.649,0.907,1.628
2025,Kel'el Ware,C,Miami Heat,Cleveland Cavaliers,20,2,0.369,0.96,1.777,0.591,0.915,1.433
2025,Kel'el Ware,C,Miami Heat,Boston Celtics,20,3,0.369,0.929,1.679,0.56,0.919,1.375
2025,Kel'el Ware,C,Miami Heat,Houston Rockets,20,4,0.369,0.807,1.195,0.438,0.936,1.092
2025,Kel'el Ware,C,Miami Heat,New York Knicks,20,5,0.369,1.332,1.088,0.964,0.865,0.999
2025,Kel'el Ware,C,Miami Heat,Indiana Pacers,20,6,0.369,0.754,0.929,0.385,0.944,0.935
2025,Kel'el Ware,C,Miami Heat,Los Angeles Clippers,20,9,0.369,1.266,0.967,0.897,0.874,0.93
2025,Kel'el Ware,C,Miami Heat,Minnesota Timberwolves,20,10,0.369,1.008,0.908,0.639,0.909,0.908
2025,Kel'el Ware,C,Miami Heat,Denver Nuggets,20,8,0.369,1.827,0.915,1.458,0.804,0.87
2025,Kel'el Ware,C,Miami Heat,Golden State Warriors,20,12,0.369,-0.087,0.714,0,1,0.829
2025,Kel'el Ware,C,Miami Heat,Los Angeles Lakers,20,7,0.369,1.908,0.837,1.539,0.794,0.82
2025,Kel'el Ware,C,Miami Heat,Memphis Grizzlies,20,13,0.369,0.773,0.73,0.404,0.941,0.814
2025,Kel'el Ware,C,Miami Heat,Milwaukee Bucks,20,11,0.369,0.498,0.702,0.129,0.981,0.813
2025,Kel'el Ware,C,Miami Heat,Detroit Pistons,20,14,0.369,0.988,0.464,0.619,0.911,0.643
2025,Kel'el Ware,C,Miami Heat,Orlando Magic,20,15,0.369,0.455,0.284,0.086,0.987,0.565
2025,Kel'el Ware,C,Miami Heat,Atlanta Hawks,20,16,0.369,0.616,0.125,0.247,0.964,0.461
2025,Kel'el Ware,C,Miami Heat,Sacramento Kings,20,17,0.369,1.198,0.157,0.829,0.883,0.448
2025,Kel'el Ware,C,Miami Heat,Chicago Bulls,20,18,0.369,0.827,0.004,0.458,0.934,0.376
2025,Keldon Johnson,SF,San Antonio Spurs,Oklahoma City Thunder,23,1,0.392,0.332,2.497,0,1,1.898
2025,Keldon Johnson,SF,San Antonio Spurs,Cleveland Cavaliers,23,2,0.392,0.475,2.166,0.083,0.988,1.695
2025,Keldon Johnson,SF,San Antonio Spurs,Boston Celtics,23,3,0.392,1.283,2.068,0.891,0.875,1.591
2025,Keldon Johnson,SF,San Antonio Spurs,Houston Rockets,23,4,0.392,1.573,1.584,1.181,0.838,1.285
2025,Keldon Johnson,SF,San Antonio Spurs,New York Knicks,23,5,0.392,0.764,1.477,0.372,0.946,1.264
2025,Keldon Johnson,SF,San Antonio Spurs,Indiana Pacers,23,6,0.392,0.534,1.318,0.142,0.979,1.182
2025,Keldon Johnson,SF,San Antonio Spurs,Minnesota Timberwolves,23,10,0.392,-0.433,1.297,0,1,1.178
2025,Keldon Johnson,SF,San Antonio Spurs,Los Angeles Clippers,23,9,0.392,1.392,1.355,1,0.861,1.158
2025,Keldon Johnson,SF,San Antonio Spurs,Denver Nuggets,23,8,0.392,0.927,1.304,0.535,0.923,1.151
2025,Keldon Johnson,SF,San Antonio Spurs,Los Angeles Lakers,23,7,0.392,2.119,1.226,1.727,0.772,1.044
2025,Keldon Johnson,SF,San Antonio Spurs,Milwaukee Bucks,23,11,0.392,0.667,1.091,0.275,0.96,1.038
2025,Keldon Johnson,SF,San Antonio Spurs,Golden State Warriors,23,12,0.392,1.484,1.103,1.092,0.849,1.002
2025,Keldon Johnson,SF,San Antonio Spurs,Detroit Pistons,23,14,0.392,0.84,0.853,0.448,0.935,0.886
2025,Keldon Johnson,SF,San Antonio Spurs,Orlando Magic,23,15,0.392,1.486,0.673,1.094,0.849,0.743
2025,Keldon Johnson,SF,San Antonio Spurs,Sacramento Kings,23,17,0.392,1.064,0.546,0.671,0.904,0.689
2025,Keldon Johnson,SF,San Antonio Spurs,Atlanta Hawks,23,16,0.392,1.882,0.514,1.49,0.8,0.628
2025,Keldon Johnson,SF,San Antonio Spurs,Dallas Mavericks,23,19,0.392,0.6,0.363,0.208,0.969,0.606
2025,Keldon Johnson,SF,San Antonio Spurs,Miami Heat,23,20,0.392,1.143,0.389,0.751,0.893,0.591
2025,Keldon Johnson,SF,San Antonio Spurs,Chicago Bulls,23,18,0.392,1.234,0.393,0.842,0.881,0.588
2025,Keldon Johnson,SF,San Antonio Spurs,Phoenix Suns,23,21,0.392,0.395,0.093,0.003,1,0.456
2025,Keldon Johnson,SF,San Antonio Spurs,Portland Trail Blazers,23,22,0.392,1.194,0.097,0.802,0.887,0.413
2025,Kelly Olynyk,C,New Orleans Pelicans,Oklahoma City Thunder,27,1,-0.07,1.018,3.302,1.087,0.85,2.321
2025,Kelly Olynyk,C,New Orleans Pelicans,Cleveland Cavaliers,27,2,-0.07,0.96,2.971,1.029,0.857,2.125
2025,Kelly Olynyk,C,New Orleans Pelicans,Boston Celtics,27,3,-0.07,0.929,2.872,0.999,0.861,2.068
2025,Kelly Olynyk,C,Toronto Raptors,Oklahoma City Thunder,24,1,-0.42,1.018,2.681,1.438,0.806,1.931
2025,Kelly Olynyk,C,New Orleans Pelicans,Houston Rockets,27,4,-0.07,0.807,2.388,0.877,0.877,1.784
2025,Kelly Olynyk,C,Toronto Raptors,Cleveland Cavaliers,24,2,-0.42,0.96,2.35,1.38,0.813,1.735
2025,Kelly Olynyk,C,New Orleans Pelicans,New York Knicks,27,5,-0.07,1.332,2.281,1.402,0.81,1.693
2025,Kelly Olynyk,C,Toronto Raptors,Boston Celtics,24,3,-0.42,0.929,2.251,1.349,0.817,1.678
2025,Kelly Olynyk,C,New Orleans Pelicans,Indiana Pacers,27,6,-0.07,0.754,2.122,0.824,0.884,1.627
2025,Kelly Olynyk,C,New Orleans Pelicans,Los Angeles Clippers,27,9,-0.07,1.266,2.16,1.335,0.818,1.623
2025,Kelly Olynyk,C,New Orleans Pelicans,Minnesota Timberwolves,27,10,-0.07,1.008,2.101,1.077,0.851,1.601
2025,Kelly Olynyk,C,New Orleans Pelicans,Denver Nuggets,27,8,-0.07,1.827,2.108,1.897,0.752,1.566
2025,Kelly Olynyk,C,New Orleans Pelicans,Golden State Warriors,27,12,-0.07,-0.087,1.908,0,1,1.545
2025,Kelly Olynyk,C,New Orleans Pelicans,Los Angeles Lakers,27,7,-0.07,1.908,2.03,1.978,0.743,1.515
2025,Kelly Olynyk,C,New Orleans Pelicans,Memphis Grizzlies,27,13,-0.07,0.773,1.923,0.843,0.881,1.506
2025,Kelly Olynyk,C,New Orleans Pelicans,Milwaukee Bucks,27,11,-0.07,0.498,1.895,0.568,0.918,1.504
2025,Kelly Olynyk,C,Toronto Raptors,Houston Rockets,24,4,-0.42,0.807,1.768,1.227,0.832,1.393
2025,Kelly Olynyk,C,New Orleans Pelicans,Detroit Pistons,27,14,-0.07,0.988,1.658,1.057,0.853,1.336
2025,Kelly Olynyk,C,Toronto Raptors,New York Knicks,24,5,-0.42,1.332,1.66,1.753,0.769,1.304
2025,Kelly Olynyk,C,New Orleans Pelicans,Orlando Magic,27,15,-0.07,0.455,1.477,0.525,0.924,1.256
2025,Kelly Olynyk,C,Toronto Raptors,Indiana Pacers,24,6,-0.42,0.754,1.501,1.175,0.838,1.236
2025,Kelly Olynyk,C,Toronto Raptors,Los Angeles Clippers,24,9,-0.42,1.266,1.539,1.686,0.777,1.234
2025,Kelly Olynyk,C,Toronto Raptors,Minnesota Timberwolves,24,10,-0.42,1.008,1.48,1.428,0.807,1.211
2025,Kelly Olynyk,C,Toronto Raptors,Denver Nuggets,24,8,-0.42,1.827,1.487,2.247,0.714,1.178
2025,Kelly Olynyk,C,Toronto Raptors,Golden State Warriors,24,12,-0.42,-0.087,1.287,0.334,0.951,1.153
2025,Kelly Olynyk,C,New Orleans Pelicans,Atlanta Hawks,27,16,-0.07,0.616,1.319,0.686,0.902,1.152
2025,Kelly Olynyk,C,New Orleans Pelicans,Sacramento Kings,27,17,-0.07,1.198,1.351,1.268,0.827,1.141
2025,Kelly Olynyk,C,Toronto Raptors,Los Angeles Lakers,24,7,-0.42,1.908,1.409,2.328,0.705,1.128
2025,Kelly Olynyk,C,Toronto Raptors,Memphis Grizzlies,24,13,-0.42,0.773,1.302,1.193,0.836,1.116
2025,Kelly Olynyk,C,Toronto Raptors,Milwaukee Bucks,24,11,-0.42,0.498,1.274,0.918,0.871,1.113
2025,Kelly Olynyk,C,New Orleans Pelicans,Miami Heat,27,20,-0.07,0.612,1.193,0.682,0.903,1.077
2025,Kelly Olynyk,C,New Orleans Pelicans,Chicago Bulls,27,18,-0.07,0.827,1.197,0.896,0.874,1.068
2025,Kelly Olynyk,C,New Orleans Pelicans,Dallas Mavericks,27,19,-0.07,1.114,1.167,1.184,0.837,1.035
2025,Kelly Olynyk,C,Toronto Raptors,Detroit Pistons,24,14,-0.42,0.988,1.037,1.408,0.81,0.946
2025,Kelly Olynyk,C,New Orleans Pelicans,Phoenix Suns,27,21,-0.07,0.34,0.898,0.41,0.94,0.915
2025,Kelly Olynyk,C,New Orleans Pelicans,Portland Trail Blazers,27,22,-0.07,0.7,0.902,0.77,0.891,0.897
2025,Kelly Olynyk,C,Toronto Raptors,Orlando Magic,24,15,-0.42,0.455,0.856,0.875,0.877,0.865
2025,Kelly Olynyk,C,New Orleans Pelicans,San Antonio Spurs,27,23,-0.07,2.35,0.804,2.419,0.696,0.761
2025,Kelly Olynyk,C,Toronto Raptors,Atlanta Hawks,24,16,-0.42,0.616,0.698,1.036,0.856,0.761
2025,Kelly Olynyk,C,Toronto Raptors,Sacramento Kings,24,17,-0.42,1.198,0.73,1.618,0.784,0.752
2025,Kelly Olynyk,C,New Orleans Pelicans,Toronto Raptors,27,24,-0.07,0.899,0.621,0.968,0.865,0.718
2025,Kelly Olynyk,C,Toronto Raptors,Miami Heat,24,20,-0.42,0.612,0.572,1.033,0.857,0.686
2025,Kelly Olynyk,C,Toronto Raptors,Chicago Bulls,24,18,-0.42,0.827,0.576,1.247,0.829,0.677
2025,Kelly Olynyk,C,Toronto Raptors,Dallas Mavericks,24,19,-0.42,1.114,0.547,1.534,0.794,0.646
2025,Kelly Olynyk,C,New Orleans Pelicans,Brooklyn Nets,27,25,-0.07,0.443,0.336,0.513,0.926,0.572
2025,Kelly Olynyk,C,Toronto Raptors,Phoenix Suns,24,21,-0.42,0.34,0.277,0.76,0.892,0.523
2025,Kelly Olynyk,C,New Orleans Pelicans,Philadelphia 76ers,27,26,-0.07,0.849,0.278,0.918,0.871,0.515
2025,Kelly Olynyk,C,Toronto Raptors,Portland Trail Blazers,24,22,-0.42,0.7,0.281,1.12,0.845,0.507
2025,Kelly Olynyk,C,Toronto Raptors,San Antonio Spurs,24,23,-0.42,2.35,0.184,2.77,0.66,0.374
2025,Kelly Oubre Jr.,SF,Philadelphia 76ers,Oklahoma City Thunder,26,1,0.804,0.332,3.024,0,1,2.214
2025,Kelly Oubre Jr.,SF,Philadelphia 76ers,Cleveland Cavaliers,26,2,0.804,0.475,2.693,0,1,2.016
2025,Kelly Oubre Jr.,SF,Philadelphia 76ers,Boston Celtics,26,3,0.804,1.283,2.594,0.479,0.931,1.929
2025,Kelly Oubre Jr.,SF,Philadelphia 76ers,Houston Rockets,26,4,0.804,1.573,2.11,0.769,0.891,1.623
2025,Kelly Oubre Jr.,SF,Philadelphia 76ers,New York Knicks,26,5,0.804,0.764,2.003,0,1,1.602
2025,Kelly Oubre Jr.,SF,Philadelphia 76ers,Indiana Pacers,26,6,0.804,0.534,1.844,0,1,1.506
2025,Kelly Oubre Jr.,SF,Philadelphia 76ers,Los Angeles Clippers,26,9,0.804,1.392,1.882,0.588,0.916,1.495
2025,Kelly Oubre Jr.,SF,Philadelphia 76ers,Minnesota Timberwolves,26,10,0.804,-0.433,1.823,0,1,1.494
2025,Kelly Oubre Jr.,SF,Philadelphia 76ers,Denver Nuggets,26,8,0.804,0.927,1.83,0.123,0.982,1.491
2025,Kelly Oubre Jr.,SF,Philadelphia 76ers,Los Angeles Lakers,26,7,0.804,2.119,1.752,1.315,0.821,1.38
2025,Kelly Oubre Jr.,SF,Philadelphia 76ers,Milwaukee Bucks,26,11,0.804,0.667,1.617,0,1,1.37
2025,Kelly Oubre Jr.,SF,Philadelphia 76ers,Golden State Warriors,26,12,0.804,1.484,1.63,0.68,0.903,1.339
2025,Kelly Oubre Jr.,SF,Philadelphia 76ers,Detroit Pistons,26,14,0.804,0.84,1.38,0.036,0.995,1.226
2025,Kelly Oubre Jr.,SF,Philadelphia 76ers,Orlando Magic,26,15,0.804,1.486,1.199,0.682,0.903,1.081
2025,Kelly Oubre Jr.,SF,Philadelphia 76ers,Sacramento Kings,26,17,0.804,1.064,1.073,0.26,0.962,1.028
2025,Kelly Oubre Jr.,SF,Philadelphia 76ers,Atlanta Hawks,26,16,0.804,1.882,1.041,1.078,0.851,0.965
2025,Kelly Oubre Jr.,SF,Philadelphia 76ers,Dallas Mavericks,26,19,0.804,0.6,0.89,0,1,0.934
2025,Kelly Oubre Jr.,SF,Philadelphia 76ers,Miami Heat,26,20,0.804,1.143,0.915,0.339,0.95,0.929
2025,Kelly Oubre Jr.,SF,Philadelphia 76ers,Chicago Bulls,26,18,0.804,1.234,0.919,0.43,0.937,0.926
2025,Kelly Oubre Jr.,SF,Philadelphia 76ers,Phoenix Suns,26,21,0.804,0.395,0.62,0,1,0.772
2025,Kelly Oubre Jr.,SF,Philadelphia 76ers,Portland Trail Blazers,26,22,0.804,1.194,0.624,0.39,0.943,0.752
2025,Kelly Oubre Jr.,SF,Philadelphia 76ers,San Antonio Spurs,26,23,0.804,0.392,0.526,0,1,0.716
2025,Kelly Oubre Jr.,SF,Philadelphia 76ers,Toronto Raptors,26,24,0.804,1.249,0.343,0.445,0.935,0.58
2025,Kelly Oubre Jr.,SF,Philadelphia 76ers,Brooklyn Nets,26,25,0.804,0.258,0.058,0,1,0.435
2025,Kentavious Caldwell-Pope,SG,Orlando Magic,Oklahoma City Thunder,15,1,0.142,1.265,1.824,1.124,0.845,1.433
2025,Kentavious Caldwell-Pope,SG,Orlando Magic,Cleveland Cavaliers,15,2,0.142,1.342,1.493,1.2,0.835,1.23
2025,Kentavious Caldwell-Pope,SG,Orlando Magic,Boston Celtics,15,3,0.142,0.808,1.395,0.666,0.905,1.199
2025,Kentavious Caldwell-Pope,SG,Orlando Magic,Houston Rockets,15,4,0.142,0.724,0.911,0.582,0.916,0.913
2025,Kentavious Caldwell-Pope,SG,Orlando Magic,New York Knicks,15,5,0.142,0.807,0.804,0.665,0.905,0.844
2025,Kentavious Caldwell-Pope,SG,Orlando Magic,Indiana Pacers,15,6,0.142,0.275,0.645,0.133,0.98,0.779
2025,Kentavious Caldwell-Pope,SG,Orlando Magic,Los Angeles Clippers,15,9,0.142,1.026,0.683,0.884,0.876,0.76
2025,Kentavious Caldwell-Pope,SG,Orlando Magic,Denver Nuggets,15,8,0.142,0.812,0.631,0.67,0.904,0.74
2025,Kentavious Caldwell-Pope,SG,Orlando Magic,Minnesota Timberwolves,15,10,0.142,1.353,0.624,1.212,0.834,0.708
2025,Kentavious Caldwell-Pope,SG,Orlando Magic,Los Angeles Lakers,15,7,0.142,1.047,0.553,0.905,0.873,0.681
2025,Kentavious Caldwell-Pope,SG,Orlando Magic,Golden State Warriors,15,12,0.142,0.448,0.43,0.306,0.955,0.64
2025,Kentavious Caldwell-Pope,SG,Orlando Magic,Milwaukee Bucks,15,11,0.142,0.683,0.418,0.541,0.922,0.62
2025,Kentavious Caldwell-Pope,SG,Orlando Magic,Memphis Grizzlies,15,13,0.142,0.996,0.446,0.854,0.88,0.619
2025,Kentavious Caldwell-Pope,SG,Orlando Magic,Detroit Pistons,15,14,0.142,2.249,0.18,2.107,0.729,0.4
2025,Keon Ellis,SG,Sacramento Kings,Oklahoma City Thunder,17,1,0.401,1.265,1.951,0.864,0.878,1.522
2025,Keon Ellis,SG,Sacramento Kings,Cleveland Cavaliers,17,2,0.401,1.342,1.62,0.941,0.868,1.319
2025,Keon Ellis,SG,Sacramento Kings,Boston Celtics,17,3,0.401,0.808,1.521,0.407,0.941,1.289
2025,Keon Ellis,SG,Sacramento Kings,Houston Rockets,17,4,0.401,0.724,1.038,0.323,0.953,1.004
2025,Keon Ellis,SG,Sacramento Kings,New York Knicks,17,5,0.401,0.807,0.93,0.406,0.941,0.935
2025,Keon Ellis,SG,Sacramento Kings,Indiana Pacers,17,6,0.401,0.275,0.771,0,1,0.863
2025,Keon Ellis,SG,Sacramento Kings,Los Angeles Clippers,17,9,0.401,1.026,0.809,0.625,0.911,0.85
2025,Keon Ellis,SG,Sacramento Kings,Denver Nuggets,17,8,0.401,0.812,0.757,0.411,0.94,0.831
2025,Keon Ellis,SG,Sacramento Kings,Minnesota Timberwolves,17,10,0.401,1.353,0.75,0.952,0.867,0.797
2025,Keon Ellis,SG,Sacramento Kings,Los Angeles Lakers,17,7,0.401,1.047,0.68,0.646,0.908,0.771
2025,Keon Ellis,SG,Sacramento Kings,Golden State Warriors,17,12,0.401,0.448,0.557,0.047,0.993,0.731
2025,Keon Ellis,SG,Sacramento Kings,Milwaukee Bucks,17,11,0.401,0.683,0.544,0.282,0.959,0.71
2025,Keon Ellis,SG,Sacramento Kings,Memphis Grizzlies,17,13,0.401,0.996,0.573,0.594,0.915,0.709
2025,Keon Ellis,SG,Sacramento Kings,Detroit Pistons,17,14,0.401,2.249,0.307,1.848,0.758,0.487
2025,Keon Ellis,SG,Sacramento Kings,Orlando Magic,17,15,0.401,0.142,0.127,0,1,0.476
2025,Keon Johnson,SG,Brooklyn Nets,Oklahoma City Thunder,25,1,0.034,1.265,2.966,1.231,0.831,2.112
2025,Keon Johnson,SG,Brooklyn Nets,Cleveland Cavaliers,25,2,0.034,1.342,2.635,1.308,0.822,1.91
2025,Keon Johnson,SG,Brooklyn Nets,Boston Celtics,25,3,0.034,0.808,2.536,0.774,0.89,1.878
2025,Keon Johnson,SG,Brooklyn Nets,Houston Rockets,25,4,0.034,0.724,2.052,0.69,0.902,1.592
2025,Keon Johnson,SG,Brooklyn Nets,New York Knicks,25,5,0.034,0.807,1.945,0.773,0.891,1.523
2025,Keon Johnson,SG,Brooklyn Nets,Indiana Pacers,25,6,0.034,0.275,1.786,0.241,0.965,1.457
2025,Keon Johnson,SG,Brooklyn Nets,Los Angeles Clippers,25,9,0.034,1.026,1.824,0.992,0.862,1.439
2025,Keon Johnson,SG,Brooklyn Nets,Denver Nuggets,25,8,0.034,0.812,1.772,0.778,0.89,1.419
2025,Keon Johnson,SG,Brooklyn Nets,Minnesota Timberwolves,25,10,0.034,1.353,1.765,1.319,0.82,1.387
2025,Keon Johnson,SG,Brooklyn Nets,Los Angeles Lakers,25,7,0.034,1.047,1.694,1.013,0.859,1.36
2025,Keon Johnson,SG,Brooklyn Nets,Golden State Warriors,25,12,0.034,0.448,1.572,0.414,0.94,1.319
2025,Keon Johnson,SG,Brooklyn Nets,Memphis Grizzlies,25,13,0.034,0.996,1.587,0.961,0.866,1.299
2025,Keon Johnson,SG,Brooklyn Nets,Milwaukee Bucks,25,11,0.034,0.683,1.559,0.649,0.907,1.298
2025,Keon Johnson,SG,Brooklyn Nets,Detroit Pistons,25,14,0.034,2.249,1.322,2.215,0.717,1.08
2025,Keon Johnson,SG,Brooklyn Nets,Orlando Magic,25,15,0.034,0.142,1.141,0.108,0.984,1.078
2025,Keon Johnson,SG,Brooklyn Nets,Sacramento Kings,25,17,0.034,0.908,1.015,0.874,0.877,0.96
2025,Keon Johnson,SG,Brooklyn Nets,Atlanta Hawks,25,16,0.034,1.001,0.983,0.967,0.865,0.936
2025,Keon Johnson,SG,Brooklyn Nets,Chicago Bulls,25,18,0.034,0.842,0.861,0.807,0.886,0.871
2025,Keon Johnson,SG,Brooklyn Nets,Miami Heat,25,20,0.034,1.223,0.857,1.189,0.837,0.849
2025,Keon Johnson,SG,Brooklyn Nets,Dallas Mavericks,25,19,0.034,1.335,0.831,1.301,0.823,0.828
2025,Keon Johnson,SG,Brooklyn Nets,Portland Trail Blazers,25,22,0.034,0.782,0.566,0.748,0.894,0.697
2025,Keon Johnson,SG,Brooklyn Nets,Phoenix Suns,25,21,0.034,1.298,0.562,1.264,0.827,0.668
2025,Keon Johnson,SG,Brooklyn Nets,San Antonio Spurs,25,23,0.034,0.668,0.468,0.634,0.909,0.645
2025,Keon Johnson,SG,Brooklyn Nets,Toronto Raptors,25,24,0.034,0.479,0.285,0.445,0.935,0.545
2025,Keshad Johnson,SF,Miami Heat,Oklahoma City Thunder,20,1,-0.171,0.332,2.108,0.503,0.927,1.636
2025,Keshad Johnson,SF,Miami Heat,Cleveland Cavaliers,20,2,-0.171,0.475,1.777,0.646,0.908,1.429
2025,Keshad Johnson,SF,Miami Heat,Boston Celtics,20,3,-0.171,1.283,1.679,1.455,0.804,1.329
2025,Keshad Johnson,SF,Miami Heat,Houston Rockets,20,4,-0.171,1.573,1.195,1.744,0.77,1.025
2025,Keshad Johnson,SF,Miami Heat,New York Knicks,20,5,-0.171,0.764,1.088,0.936,0.869,1
2025,Keshad Johnson,SF,Miami Heat,Minnesota Timberwolves,20,10,-0.171,-0.433,0.908,0,1,0.945
2025,Keshad Johnson,SF,Miami Heat,Indiana Pacers,20,6,-0.171,0.534,0.929,0.705,0.9,0.917
2025,Keshad Johnson,SF,Miami Heat,Los Angeles Clippers,20,9,-0.171,1.392,0.967,1.563,0.791,0.896
2025,Keshad Johnson,SF,Miami Heat,Denver Nuggets,20,8,-0.171,0.927,0.915,1.098,0.848,0.888
2025,Keshad Johnson,SF,Miami Heat,Los Angeles Lakers,20,7,-0.171,2.119,0.837,2.29,0.709,0.786
2025,Keshad Johnson,SF,Miami Heat,Milwaukee Bucks,20,11,-0.171,0.667,0.702,0.839,0.882,0.774
2025,Keshad Johnson,SF,Miami Heat,Golden State Warriors,20,12,-0.171,1.484,0.714,1.655,0.78,0.741
2025,Keshad Johnson,SF,Miami Heat,Detroit Pistons,20,14,-0.171,0.84,0.464,1.011,0.859,0.622
2025,Keshad Johnson,SF,Miami Heat,Orlando Magic,20,15,-0.171,1.486,0.284,1.657,0.78,0.482
2025,Keshad Johnson,SF,Miami Heat,Sacramento Kings,20,17,-0.171,1.064,0.157,1.235,0.831,0.427
2025,Keshad Johnson,SF,Miami Heat,Atlanta Hawks,20,16,-0.171,1.882,0.125,2.053,0.735,0.369
2025,Keshad Johnson,SF,Miami Heat,Chicago Bulls,20,18,-0.171,1.234,0.004,1.406,0.81,0.326
2025,Kessler Edwards,SF,Dallas Mavericks,Oklahoma City Thunder,19,1,-0.157,0.332,2.134,0.489,0.929,1.652
2025,Kessler Edwards,SF,Dallas Mavericks,Cleveland Cavaliers,19,2,-0.157,0.475,1.803,0.632,0.91,1.446
2025,Kessler Edwards,SF,Dallas Mavericks,Boston Celtics,19,3,-0.157,1.283,1.705,1.44,0.806,1.345
2025,Kessler Edwards,SF,Dallas Mavericks,Houston Rockets,19,4,-0.157,1.573,1.221,1.73,0.771,1.041
2025,Kessler Edwards,SF,Dallas Mavericks,New York Knicks,19,5,-0.157,0.764,1.113,0.921,0.871,1.016
2025,Kessler Edwards,SF,Dallas Mavericks,Minnesota Timberwolves,19,10,-0.157,-0.433,0.933,0,1,0.96
2025,Kessler Edwards,SF,Dallas Mavericks,Indiana Pacers,19,6,-0.157,0.534,0.955,0.691,0.902,0.933
2025,Kessler Edwards,SF,Dallas Mavericks,Los Angeles Clippers,19,9,-0.157,1.392,0.992,1.549,0.793,0.912
2025,Kessler Edwards,SF,Dallas Mavericks,Denver Nuggets,19,8,-0.157,0.927,0.941,1.084,0.85,0.904
2025,Kessler Edwards,SF,Dallas Mavericks,Los Angeles Lakers,19,7,-0.157,2.119,0.863,2.276,0.711,0.802
2025,Kessler Edwards,SF,Dallas Mavericks,Milwaukee Bucks,19,11,-0.157,0.667,0.728,0.825,0.884,0.79
2025,Kessler Edwards,SF,Dallas Mavericks,Golden State Warriors,19,12,-0.157,1.484,0.74,1.641,0.782,0.757
2025,Kessler Edwards,SF,Dallas Mavericks,Detroit Pistons,19,14,-0.157,0.84,0.49,0.997,0.861,0.639
2025,Kessler Edwards,SF,Dallas Mavericks,Orlando Magic,19,15,-0.157,1.486,0.31,1.643,0.782,0.498
2025,Kessler Edwards,SF,Dallas Mavericks,Sacramento Kings,19,17,-0.157,1.064,0.183,1.221,0.833,0.443
2025,Kessler Edwards,SF,Dallas Mavericks,Atlanta Hawks,19,16,-0.157,1.882,0.151,2.039,0.736,0.385
2025,Kessler Edwards,SF,Dallas Mavericks,Miami Heat,19,20,-0.157,1.143,0.026,1.3,0.823,0.345
2025,Kessler Edwards,SF,Dallas Mavericks,Chicago Bulls,19,18,-0.157,1.234,0.029,1.391,0.812,0.342
2025,Kevin Durant,PF,Phoenix Suns,Oklahoma City Thunder,21,1,1.486,0.795,2.404,0,1,1.842
2025,Kevin Durant,PF,Phoenix Suns,Cleveland Cavaliers,21,2,1.486,1.717,2.073,0.231,0.966,1.63
2025,Kevin Durant,PF,Phoenix Suns,Boston Celtics,21,3,1.486,1.509,1.974,0.022,0.997,1.583
2025,Kevin Durant,PF,Phoenix Suns,Houston Rockets,21,4,1.486,0.863,1.491,0,1,1.294
2025,Kevin Durant,PF,Phoenix Suns,New York Knicks,21,5,1.486,0.825,1.383,0,1,1.23
2025,Kevin Durant,PF,Phoenix Suns,Los Angeles Clippers,21,9,1.486,-0.25,1.262,0,1,1.157
2025,Kevin Durant,PF,Phoenix Suns,Indiana Pacers,21,6,1.486,0.96,1.224,0,1,1.135
2025,Kevin Durant,PF,Phoenix Suns,Denver Nuggets,21,8,1.486,0.4,1.21,0,1,1.126
2025,Kevin Durant,PF,Phoenix Suns,Minnesota Timberwolves,21,10,1.486,0.731,1.203,0,1,1.122
2025,Kevin Durant,PF,Phoenix Suns,Los Angeles Lakers,21,7,1.486,0.286,1.132,0,1,1.079
2025,Kevin Durant,PF,Phoenix Suns,Memphis Grizzlies,21,13,1.486,0.525,1.025,0,1,1.015
2025,Kevin Durant,PF,Phoenix Suns,Golden State Warriors,21,12,1.486,0.698,1.01,0,1,1.006
2025,Kevin Durant,PF,Phoenix Suns,Milwaukee Bucks,21,11,1.486,2.524,0.997,1.038,0.856,0.941
2025,Kevin Durant,PF,Phoenix Suns,Detroit Pistons,21,14,1.486,0.573,0.76,0,1,0.856
2025,Kevin Durant,PF,Phoenix Suns,Orlando Magic,21,15,1.486,1.217,0.58,0,1,0.748
2025,Kevin Durant,PF,Phoenix Suns,Sacramento Kings,21,17,1.486,0.523,0.453,0,1,0.672
2025,Kevin Durant,PF,Phoenix Suns,Atlanta Hawks,21,16,1.486,0.235,0.421,0,1,0.653
2025,Kevin Durant,PF,Phoenix Suns,Chicago Bulls,21,18,1.486,0.411,0.299,0,1,0.58
2025,Kevin Durant,PF,Phoenix Suns,Miami Heat,21,20,1.486,0.861,0.295,0,1,0.577
2025,Kevin Durant,PF,Phoenix Suns,Dallas Mavericks,21,19,1.486,1.939,0.27,0.453,0.934,0.536
2025,Kevin Durant,PF,Phoenix Suns,Portland Trail Blazers,21,22,1.486,0.482,0.004,0,1,0.402
2025,Kevin Huerter,SG,Chicago Bulls,Oklahoma City Thunder,18,1,0.481,1.265,2.105,0.784,0.889,1.618
2025,Kevin Huerter,SG,Sacramento Kings,Oklahoma City Thunder,17,1,-0.044,1.265,1.951,1.309,0.822,1.499
2025,Kevin Huerter,SG,Chicago Bulls,Cleveland Cavaliers,18,2,0.481,1.342,1.774,0.86,0.879,1.416
2025,Kevin Huerter,SG,Chicago Bulls,Boston Celtics,18,3,0.481,0.808,1.675,0.327,0.952,1.386
2025,Kevin Huerter,SG,Sacramento Kings,Cleveland Cavaliers,17,2,-0.044,1.342,1.62,1.386,0.812,1.297
2025,Kevin Huerter,SG,Sacramento Kings,Boston Celtics,17,3,-0.044,0.808,1.521,0.852,0.88,1.265
2025,Kevin Huerter,SG,Chicago Bulls,Houston Rockets,18,4,0.481,0.724,1.191,0.243,0.964,1.1
2025,Kevin Huerter,SG,Chicago Bulls,New York Knicks,18,5,0.481,0.807,1.084,0.325,0.952,1.031
2025,Kevin Huerter,SG,Sacramento Kings,Houston Rockets,17,4,-0.044,0.724,1.038,0.768,0.891,0.979
2025,Kevin Huerter,SG,Chicago Bulls,Indiana Pacers,18,6,0.481,0.275,0.925,0,1,0.955
2025,Kevin Huerter,SG,Chicago Bulls,Los Angeles Clippers,18,9,0.481,1.026,0.963,0.544,0.922,0.946
2025,Kevin Huerter,SG,Chicago Bulls,Denver Nuggets,18,8,0.481,0.812,0.911,0.331,0.952,0.927
2025,Kevin Huerter,SG,Sacramento Kings,New York Knicks,17,5,-0.044,0.807,0.93,0.851,0.88,0.91
2025,Kevin Huerter,SG,Chicago Bulls,Minnesota Timberwolves,18,10,0.481,1.353,0.904,0.872,0.877,0.893
2025,Kevin Huerter,SG,Chicago Bulls,Los Angeles Lakers,18,7,0.481,1.047,0.833,0.566,0.919,0.867
2025,Kevin Huerter,SG,Sacramento Kings,Indiana Pacers,17,6,-0.044,0.275,0.771,0.319,0.953,0.844
2025,Kevin Huerter,SG,Sacramento Kings,Los Angeles Clippers,17,9,-0.044,1.026,0.809,1.07,0.852,0.826
2025,Kevin Huerter,SG,Chicago Bulls,Golden State Warriors,18,12,0.481,0.448,0.711,0,1,0.826
2025,Kevin Huerter,SG,Chicago Bulls,Milwaukee Bucks,18,11,0.481,0.683,0.698,0.201,0.97,0.807
2025,Kevin Huerter,SG,Sacramento Kings,Denver Nuggets,17,8,-0.044,0.812,0.757,0.856,0.879,0.806
2025,Kevin Huerter,SG,Chicago Bulls,Memphis Grizzlies,18,13,0.481,0.996,0.726,0.514,0.926,0.806
2025,Kevin Huerter,SG,Sacramento Kings,Minnesota Timberwolves,17,10,-0.044,1.353,0.75,1.397,0.811,0.775
2025,Kevin Huerter,SG,Sacramento Kings,Los Angeles Lakers,17,7,-0.044,1.047,0.68,1.091,0.849,0.747
2025,Kevin Huerter,SG,Sacramento Kings,Golden State Warriors,17,12,-0.044,0.448,0.557,0.492,0.929,0.706
2025,Kevin Huerter,SG,Sacramento Kings,Memphis Grizzlies,17,13,-0.044,0.996,0.573,1.04,0.856,0.686
2025,Kevin Huerter,SG,Sacramento Kings,Milwaukee Bucks,17,11,-0.044,0.683,0.544,0.727,0.897,0.685
2025,Kevin Huerter,SG,Chicago Bulls,Detroit Pistons,18,14,0.481,2.249,0.461,1.768,0.767,0.583
2025,Kevin Huerter,SG,Chicago Bulls,Orlando Magic,18,15,0.481,0.142,0.28,0,1,0.568
2025,Kevin Huerter,SG,Sacramento Kings,Detroit Pistons,17,14,-0.044,2.249,0.307,2.293,0.709,0.468
2025,Kevin Huerter,SG,Chicago Bulls,Sacramento Kings,18,17,0.481,0.908,0.154,0.427,0.938,0.467
2025,Kevin Huerter,SG,Sacramento Kings,Orlando Magic,17,15,-0.044,0.142,0.127,0.186,0.973,0.465
2025,Kevin Huerter,SG,Chicago Bulls,Atlanta Hawks,18,16,0.481,1.001,0.122,0.52,0.925,0.443
2025,Kevin Knox,SF,Golden State Warriors,Oklahoma City Thunder,12,1,-0.4,0.332,1.394,0.731,0.896,1.195
2025,Kevin Knox,SF,Golden State Warriors,Cleveland Cavaliers,12,2,-0.4,0.475,1.063,0.874,0.877,0.989
2025,Kevin Knox,SF,Golden State Warriors,Boston Celtics,12,3,-0.4,1.283,0.964,1.683,0.777,0.889
2025,Kevin Knox,SF,Golden State Warriors,Houston Rockets,12,4,-0.4,1.573,0.481,1.973,0.744,0.586
2025,Kevin Knox,SF,Golden State Warriors,New York Knicks,12,5,-0.4,0.764,0.373,1.164,0.84,0.56
2025,Kevin Knox,SF,Golden State Warriors,Minnesota Timberwolves,12,10,-0.4,-0.433,0.193,0,1,0.516
2025,Kevin Knox,SF,Golden State Warriors,Indiana Pacers,12,6,-0.4,0.534,0.214,0.934,0.869,0.476
2025,Kevin Knox,SF,Golden State Warriors,Los Angeles Clippers,12,9,-0.4,1.392,0.252,1.791,0.764,0.457
2025,Kevin Knox,SF,Golden State Warriors,Denver Nuggets,12,8,-0.4,0.927,0.2,1.327,0.82,0.448
2025,Kevin Knox,SF,Golden State Warriors,Los Angeles Lakers,12,7,-0.4,2.119,0.123,2.518,0.685,0.348
2025,Kevin Love,PF,Miami Heat,Oklahoma City Thunder,20,1,-0.235,0.795,2.108,1.03,0.857,1.608
2025,Kevin Love,PF,Miami Heat,Cleveland Cavaliers,20,2,-0.235,1.717,1.777,1.952,0.746,1.365
2025,Kevin Love,PF,Miami Heat,Boston Celtics,20,3,-0.235,1.509,1.679,1.743,0.77,1.315
2025,Kevin Love,PF,Miami Heat,Houston Rockets,20,4,-0.235,0.863,1.195,1.098,0.848,1.056
2025,Kevin Love,PF,Miami Heat,New York Knicks,20,5,-0.235,0.825,1.088,1.06,0.853,0.994
2025,Kevin Love,PF,Miami Heat,Los Angeles Clippers,20,9,-0.235,-0.25,0.967,0,1,0.98
2025,Kevin Love,PF,Miami Heat,Denver Nuggets,20,8,-0.235,0.4,0.915,0.635,0.909,0.913
2025,Kevin Love,PF,Miami Heat,Indiana Pacers,20,6,-0.235,0.96,0.929,1.194,0.836,0.892
2025,Kevin Love,PF,Miami Heat,Minnesota Timberwolves,20,10,-0.235,0.731,0.908,0.966,0.865,0.891
2025,Kevin Love,PF,Miami Heat,Los Angeles Lakers,20,7,-0.235,0.286,0.837,0.521,0.925,0.872
2025,Kevin Love,PF,Miami Heat,Memphis Grizzlies,20,13,-0.235,0.525,0.73,0.759,0.892,0.795
2025,Kevin Love,PF,Miami Heat,Golden State Warriors,20,12,-0.235,0.698,0.714,0.933,0.869,0.776
2025,Kevin Love,PF,Miami Heat,Milwaukee Bucks,20,11,-0.235,2.524,0.702,2.759,0.661,0.686
2025,Kevin Love,PF,Miami Heat,Detroit Pistons,20,14,-0.235,0.573,0.464,0.808,0.886,0.633
2025,Kevin Love,PF,Miami Heat,Orlando Magic,20,15,-0.235,1.217,0.284,1.452,0.804,0.492
2025,Kevin Love,PF,Miami Heat,Sacramento Kings,20,17,-0.235,0.523,0.157,0.758,0.893,0.452
2025,Kevin Love,PF,Miami Heat,Atlanta Hawks,20,16,-0.235,0.235,0.125,0.469,0.932,0.448
2025,Kevin Love,PF,Miami Heat,Chicago Bulls,20,18,-0.235,0.411,0.004,0.646,0.908,0.365
2025,Kevin McCullar Jr.,SF,New York Knicks,Oklahoma City Thunder,5,1,-0.796,0.332,1.021,1.128,0.844,0.95
2025,Kevin McCullar Jr.,SF,New York Knicks,Cleveland Cavaliers,5,2,-0.796,0.475,0.69,1.271,0.826,0.744
2025,Kevin McCullar Jr.,SF,New York Knicks,Boston Celtics,5,3,-0.796,1.283,0.591,2.079,0.732,0.648
2025,Kevin McCullar Jr.,SF,New York Knicks,Houston Rockets,5,4,-0.796,1.573,0.107,2.369,0.701,0.345
2025,Kevin Porter Jr.,SG,Milwaukee Bucks,Oklahoma City Thunder,11,1,0.683,1.265,1.406,0.583,0.916,1.21
2025,Kevin Porter Jr.,SG,Los Angeles Clippers,Oklahoma City Thunder,9,1,0.017,1.265,1.142,1.249,0.829,1.017
2025,Kevin Porter Jr.,SG,Milwaukee Bucks,Cleveland Cavaliers,11,2,0.683,1.342,1.075,0.659,0.906,1.008
2025,Kevin Porter Jr.,SG,Milwaukee Bucks,Boston Celtics,11,3,0.683,0.808,0.977,0.125,0.981,0.979
2025,Kevin Porter Jr.,SG,Los Angeles Clippers,Cleveland Cavaliers,9,2,0.017,1.342,0.811,1.325,0.82,0.814
2025,Kevin Porter Jr.,SG,Los Angeles Clippers,Boston Celtics,9,3,0.017,0.808,0.712,0.791,0.888,0.783
2025,Kevin Porter Jr.,SG,Milwaukee Bucks,Houston Rockets,11,4,0.683,0.724,0.493,0.041,0.994,0.693
2025,Kevin Porter Jr.,SG,Milwaukee Bucks,New York Knicks,11,5,0.683,0.807,0.386,0.124,0.982,0.624
2025,Kevin Porter Jr.,SG,Milwaukee Bucks,Los Angeles Clippers,11,9,0.683,1.026,0.265,0.343,0.95,0.539
2025,Kevin Porter Jr.,SG,Milwaukee Bucks,Indiana Pacers,11,6,0.683,0.275,0.227,0,1,0.536
2025,Kevin Porter Jr.,SG,Milwaukee Bucks,Denver Nuggets,11,8,0.683,0.812,0.213,0.129,0.981,0.52
2025,Kevin Porter Jr.,SG,Los Angeles Clippers,Houston Rockets,9,4,0.017,0.724,0.228,0.707,0.899,0.497
2025,Kevin Porter Jr.,SG,Milwaukee Bucks,Minnesota Timberwolves,11,10,0.683,1.353,0.206,0.671,0.904,0.485
2025,Kevin Porter Jr.,SG,Milwaukee Bucks,Los Angeles Lakers,11,7,0.683,1.047,0.135,0.364,0.947,0.46
2025,Kevin Porter Jr.,SG,Los Angeles Clippers,New York Knicks,9,5,0.017,0.807,0.121,0.79,0.888,0.428
2025,Kevin Porter Jr.,SG,Milwaukee Bucks,Golden State Warriors,11,12,0.683,0.448,0.013,0,1,0.408
2025,Kevin Porter Jr.,SG,Milwaukee Bucks,Memphis Grizzlies,11,13,0.683,0.996,0.028,0.313,0.954,0.399
2025,Kevon Looney,C,Golden State Warriors,Oklahoma City Thunder,12,1,-0.24,1.018,1.394,1.258,0.828,1.168
2025,Kevon Looney,C,Golden State Warriors,Cleveland Cavaliers,12,2,-0.24,0.96,1.063,1.2,0.835,0.972
2025,Kevon Looney,C,Golden State Warriors,Boston Celtics,12,3,-0.24,0.929,0.964,1.169,0.839,0.914
2025,Kevon Looney,C,Golden State Warriors,Houston Rockets,12,4,-0.24,0.807,0.481,1.047,0.855,0.63
2025,Kevon Looney,C,Golden State Warriors,New York Knicks,12,5,-0.24,1.332,0.373,1.573,0.79,0.54
2025,Kevon Looney,C,Golden State Warriors,Indiana Pacers,12,6,-0.24,0.754,0.214,0.995,0.861,0.473
2025,Kevon Looney,C,Golden State Warriors,Los Angeles Clippers,12,9,-0.24,1.266,0.252,1.506,0.798,0.47
2025,Kevon Looney,C,Golden State Warriors,Minnesota Timberwolves,12,10,-0.24,1.008,0.193,1.248,0.829,0.448
2025,Kevon Looney,C,Golden State Warriors,Denver Nuggets,12,8,-0.24,1.827,0.2,2.067,0.733,0.414
2025,Kevon Looney,C,Golden State Warriors,Los Angeles Lakers,12,7,-0.24,1.908,0.123,2.148,0.725,0.363
2025,Kevon Looney,C,Golden State Warriors,Memphis Grizzlies,12,13,-0.24,0.773,0.016,1.013,0.859,0.353
2025,Keyonte George,PG,Utah Jazz,Oklahoma City Thunder,30,1,0.248,1.646,3.505,1.398,0.811,2.427
2025,Keyonte George,PG,Utah Jazz,Cleveland Cavaliers,30,2,0.248,0.908,3.174,0.66,0.906,2.267
2025,Keyonte George,PG,Utah Jazz,Boston Celtics,30,3,0.248,0.432,3.075,0.183,0.973,2.234
2025,Keyonte George,PG,Utah Jazz,Houston Rockets,30,4,0.248,0.457,2.591,0.208,0.969,1.943
2025,Keyonte George,PG,Utah Jazz,New York Knicks,30,5,0.248,1.105,2.484,0.856,0.879,1.842
2025,Keyonte George,PG,Utah Jazz,Minnesota Timberwolves,30,10,0.248,0.2,2.304,0,1,1.782
2025,Keyonte George,PG,Utah Jazz,Los Angeles Clippers,30,9,0.248,1.03,2.363,0.781,0.889,1.774
2025,Keyonte George,PG,Utah Jazz,Denver Nuggets,30,8,0.248,0.822,2.311,0.574,0.918,1.754
2025,Keyonte George,PG,Utah Jazz,Indiana Pacers,30,6,0.248,1.379,2.325,1.13,0.844,1.733
2025,Keyonte George,PG,Utah Jazz,Los Angeles Lakers,30,7,0.248,1.252,2.233,1.004,0.86,1.684
2025,Keyonte George,PG,Utah Jazz,Memphis Grizzlies,30,13,0.248,0.849,2.126,0.6,0.914,1.641
2025,Keyonte George,PG,Utah Jazz,Golden State Warriors,30,12,0.248,1.025,2.111,0.776,0.89,1.622
2025,Keyonte George,PG,Utah Jazz,Milwaukee Bucks,30,11,0.248,1.065,2.098,0.816,0.885,1.613
2025,Keyonte George,PG,Utah Jazz,Detroit Pistons,30,14,0.248,1.099,1.861,0.85,0.88,1.469
2025,Keyonte George,PG,Utah Jazz,Orlando Magic,30,15,0.248,0.182,1.68,0,1,1.408
2025,Keyonte George,PG,Utah Jazz,Sacramento Kings,30,17,0.248,0.871,1.554,0.623,0.911,1.297
2025,Keyonte George,PG,Utah Jazz,Atlanta Hawks,30,16,0.248,1.258,1.522,1.009,0.86,1.257
2025,Keyonte George,PG,Utah Jazz,Miami Heat,30,20,0.248,0.39,1.396,0.142,0.979,1.229
2025,Keyonte George,PG,Utah Jazz,Chicago Bulls,30,18,0.248,0.694,1.4,0.446,0.935,1.214
2025,Keyonte George,PG,Utah Jazz,Dallas Mavericks,30,19,0.248,1.413,1.371,1.164,0.84,1.158
2025,Keyonte George,PG,Utah Jazz,Portland Trail Blazers,30,22,0.248,0.141,1.105,0,1,1.063
2025,Keyonte George,PG,Utah Jazz,Phoenix Suns,30,21,0.248,0.387,1.101,0.139,0.979,1.052
2025,Keyonte George,PG,Utah Jazz,San Antonio Spurs,30,23,0.248,0.766,1.007,0.518,0.925,0.975
2025,Keyonte George,PG,Utah Jazz,Toronto Raptors,30,24,0.248,0.562,0.824,0.313,0.954,0.876
2025,Keyonte George,PG,Utah Jazz,Brooklyn Nets,30,25,0.248,0.658,0.539,0.41,0.94,0.7
2025,Keyonte George,PG,Utah Jazz,Philadelphia 76ers,30,26,0.248,1.022,0.481,0.773,0.891,0.645
2025,Keyonte George,PG,Utah Jazz,New Orleans Pelicans,30,27,0.248,0.702,0.203,0.454,0.934,0.496
2025,Keyonte George,PG,Utah Jazz,Charlotte Hornets,30,28,0.248,0.883,0.156,0.634,0.909,0.457
2025,Khris Middleton,SF,Washington Wizards,Oklahoma City Thunder,29,1,0.481,0.332,3.577,0,1,2.546
2025,Khris Middleton,SF,Washington Wizards,Cleveland Cavaliers,29,2,0.481,0.475,3.246,0,1,2.348
2025,Khris Middleton,SF,Washington Wizards,Boston Celtics,29,3,0.481,1.283,3.148,0.802,0.887,2.243
2025,Khris Middleton,SF,Washington Wizards,Houston Rockets,29,4,0.481,1.573,2.664,1.092,0.849,1.938
2025,Khris Middleton,SF,Washington Wizards,New York Knicks,29,5,0.481,0.764,2.557,0.283,0.958,1.917
2025,Khris Middleton,SF,Washington Wizards,Indiana Pacers,29,6,0.481,0.534,2.398,0.053,0.992,1.836
2025,Khris Middleton,SF,Washington Wizards,Minnesota Timberwolves,29,10,0.481,-0.433,2.377,0,1,1.826
2025,Khris Middleton,SF,Washington Wizards,Los Angeles Clippers,29,9,0.481,1.392,2.436,0.911,0.872,1.81
2025,Khris Middleton,SF,Washington Wizards,Denver Nuggets,29,8,0.481,0.927,2.384,0.446,0.935,1.804
2025,Khris Middleton,SF,Washington Wizards,Los Angeles Lakers,29,7,0.481,2.119,2.306,1.638,0.782,1.696
2025,Khris Middleton,SF,Washington Wizards,Milwaukee Bucks,29,11,0.481,0.667,2.171,0.186,0.972,1.691
2025,Khris Middleton,SF,Washington Wizards,Golden State Warriors,29,12,0.481,1.484,2.183,1.003,0.86,1.654
2025,Khris Middleton,SF,Washington Wizards,Detroit Pistons,29,14,0.481,0.84,1.933,0.359,0.948,1.539
2025,Khris Middleton,SF,Washington Wizards,Orlando Magic,29,15,0.481,1.486,1.753,1.005,0.86,1.396
2025,Khris Middleton,SF,Washington Wizards,Sacramento Kings,29,17,0.481,1.064,1.626,0.582,0.916,1.342
2025,Khris Middleton,SF,Washington Wizards,Atlanta Hawks,29,16,0.481,1.882,1.594,1.401,0.81,1.281
2025,Khris Middleton,SF,Washington Wizards,Dallas Mavericks,29,19,0.481,0.6,1.443,0.119,0.982,1.259
2025,Khris Middleton,SF,Washington Wizards,Miami Heat,29,20,0.481,1.143,1.469,0.662,0.906,1.244
2025,Khris Middleton,SF,Milwaukee Bucks,Oklahoma City Thunder,11,1,0.667,0.332,1.406,0,1,1.244
2025,Khris Middleton,SF,Washington Wizards,Chicago Bulls,29,18,0.481,1.234,1.473,0.753,0.893,1.241
2025,Khris Middleton,SF,Washington Wizards,Phoenix Suns,29,21,0.481,0.395,1.173,0,1,1.104
2025,Khris Middleton,SF,Washington Wizards,Portland Trail Blazers,29,22,0.481,1.194,1.177,0.713,0.899,1.066
2025,Khris Middleton,SF,Washington Wizards,San Antonio Spurs,29,23,0.481,0.392,1.08,0,1,1.048
2025,Khris Middleton,SF,Milwaukee Bucks,Cleveland Cavaliers,11,2,0.667,0.475,1.075,0,1,1.045
2025,Khris Middleton,SF,Milwaukee Bucks,Boston Celtics,11,3,0.667,1.283,0.977,0.616,0.912,0.951
2025,Khris Middleton,SF,Washington Wizards,Toronto Raptors,29,24,0.481,1.249,0.897,0.767,0.891,0.894
2025,Khris Middleton,SF,Washington Wizards,Brooklyn Nets,29,25,0.481,0.258,0.612,0,1,0.767
2025,Khris Middleton,SF,Washington Wizards,Philadelphia 76ers,29,26,0.481,0.804,0.554,0.323,0.953,0.713
2025,Khris Middleton,SF,Milwaukee Bucks,Houston Rockets,11,4,0.667,1.573,0.493,0.906,0.873,0.645
2025,Khris Middleton,SF,Milwaukee Bucks,New York Knicks,11,5,0.667,0.764,0.386,0.097,0.986,0.626
2025,Khris Middleton,SF,Milwaukee Bucks,Indiana Pacers,11,6,0.667,0.534,0.227,0,1,0.536
2025,Khris Middleton,SF,Milwaukee Bucks,Minnesota Timberwolves,11,10,0.667,-0.433,0.206,0,1,0.524
2025,Khris Middleton,SF,Milwaukee Bucks,Los Angeles Clippers,11,9,0.667,1.392,0.265,0.724,0.897,0.518
2025,Khris Middleton,SF,Washington Wizards,New Orleans Pelicans,29,27,0.481,1.332,0.276,0.851,0.88,0.518
2025,Khris Middleton,SF,Milwaukee Bucks,Denver Nuggets,11,8,0.667,0.927,0.213,0.26,0.962,0.512
2025,Khris Middleton,SF,Washington Wizards,Charlotte Hornets,29,28,0.481,1.088,0.228,0.606,0.913,0.502
2025,Khris Middleton,SF,Washington Wizards,Utah Jazz,29,30,0.481,0.075,0.073,0,1,0.444
2025,Khris Middleton,SF,Milwaukee Bucks,Los Angeles Lakers,11,7,0.667,2.119,0.135,1.451,0.804,0.403
2025,Khris Middleton,SF,Milwaukee Bucks,Golden State Warriors,11,12,0.667,1.484,0.013,0.817,0.885,0.361
2025,Killian Hayes,PG,Brooklyn Nets,Oklahoma City Thunder,25,1,0.15,1.646,2.966,1.496,0.799,2.099
2025,Killian Hayes,PG,Brooklyn Nets,Cleveland Cavaliers,25,2,0.15,0.908,2.635,0.758,0.893,1.938
2025,Killian Hayes,PG,Brooklyn Nets,Boston Celtics,25,3,0.15,0.432,2.536,0.282,0.959,1.905
2025,Killian Hayes,PG,Brooklyn Nets,Houston Rockets,25,4,0.15,0.457,2.052,0.307,0.955,1.613
2025,Killian Hayes,PG,Brooklyn Nets,New York Knicks,25,5,0.15,1.105,1.945,0.955,0.867,1.514
2025,Killian Hayes,PG,Brooklyn Nets,Minnesota Timberwolves,25,10,0.15,0.2,1.765,0.05,0.993,1.456
2025,Killian Hayes,PG,Brooklyn Nets,Los Angeles Clippers,25,9,0.15,1.03,1.824,0.88,0.876,1.445
2025,Killian Hayes,PG,Brooklyn Nets,Denver Nuggets,25,8,0.15,0.822,1.772,0.672,0.904,1.425
2025,Killian Hayes,PG,Brooklyn Nets,Indiana Pacers,25,6,0.15,1.379,1.786,1.229,0.832,1.404
2025,Killian Hayes,PG,Brooklyn Nets,Los Angeles Lakers,25,7,0.15,1.252,1.694,1.102,0.848,1.356
2025,Killian Hayes,PG,Brooklyn Nets,Memphis Grizzlies,25,13,0.15,0.849,1.587,0.699,0.901,1.313
2025,Killian Hayes,PG,Brooklyn Nets,Golden State Warriors,25,12,0.15,1.025,1.572,0.875,0.877,1.294
2025,Killian Hayes,PG,Brooklyn Nets,Milwaukee Bucks,25,11,0.15,1.065,1.559,0.915,0.872,1.284
2025,Killian Hayes,PG,Brooklyn Nets,Detroit Pistons,25,14,0.15,1.099,1.322,0.949,0.867,1.14
2025,Killian Hayes,PG,Brooklyn Nets,Orlando Magic,25,15,0.15,0.182,1.141,0.032,0.995,1.083
2025,Killian Hayes,PG,Brooklyn Nets,Sacramento Kings,25,17,0.15,0.871,1.015,0.721,0.897,0.968
2025,Killian Hayes,PG,Brooklyn Nets,Atlanta Hawks,25,16,0.15,1.258,0.983,1.108,0.847,0.928
2025,Killian Hayes,PG,Brooklyn Nets,Miami Heat,25,20,0.15,0.39,0.857,0.24,0.965,0.9
2025,Killian Hayes,PG,Brooklyn Nets,Chicago Bulls,25,18,0.15,0.694,0.861,0.544,0.922,0.885
2025,Killian Hayes,PG,Brooklyn Nets,Dallas Mavericks,25,19,0.15,1.413,0.831,1.263,0.827,0.83
2025,Killian Hayes,PG,Brooklyn Nets,Portland Trail Blazers,25,22,0.15,0.141,0.566,0,1,0.739
2025,Killian Hayes,PG,Brooklyn Nets,Phoenix Suns,25,21,0.15,0.387,0.562,0.237,0.965,0.723
2025,Killian Hayes,PG,Brooklyn Nets,San Antonio Spurs,25,23,0.15,0.766,0.468,0.616,0.912,0.646
2025,Killian Hayes,PG,Brooklyn Nets,Toronto Raptors,25,24,0.15,0.562,0.285,0.412,0.94,0.547
2025,KJ Martin,SF,Utah Jazz,Oklahoma City Thunder,30,1,-0.295,0.332,3.505,0.627,0.91,2.467
2025,KJ Martin,SF,Utah Jazz,Cleveland Cavaliers,30,2,-0.295,0.475,3.174,0.77,0.891,2.261
2025,KJ Martin,PF,Philadelphia 76ers,Oklahoma City Thunder,26,1,-0.026,0.795,3.024,0.821,0.884,2.168
2025,KJ Martin,SF,Utah Jazz,Boston Celtics,30,3,-0.295,1.283,3.075,1.578,0.789,2.161
2025,KJ Martin,PF,Philadelphia 76ers,Cleveland Cavaliers,26,2,-0.026,1.717,2.693,1.743,0.77,1.924
2025,KJ Martin,PF,Philadelphia 76ers,Boston Celtics,26,3,-0.026,1.509,2.594,1.535,0.794,1.874
2025,KJ Martin,SF,Utah Jazz,Houston Rockets,30,4,-0.295,1.573,2.591,1.868,0.756,1.857
2025,KJ Martin,SF,Utah Jazz,New York Knicks,30,5,-0.295,0.764,2.484,1.059,0.853,1.832
2025,KJ Martin,SF,Utah Jazz,Minnesota Timberwolves,30,10,-0.295,-0.433,2.304,0,1,1.782
2025,KJ Martin,SF,Utah Jazz,Indiana Pacers,30,6,-0.295,0.534,2.325,0.829,0.883,1.748
2025,KJ Martin,SF,Utah Jazz,Los Angeles Clippers,30,9,-0.295,1.392,2.363,1.687,0.776,1.728
2025,KJ Martin,SF,Utah Jazz,Denver Nuggets,30,8,-0.295,0.927,2.311,1.222,0.833,1.72
2025,KJ Martin,SF,Utah Jazz,Los Angeles Lakers,30,7,-0.295,2.119,2.233,2.414,0.696,1.618
2025,KJ Martin,PF,Philadelphia 76ers,Houston Rockets,26,4,-0.026,0.863,2.11,0.889,0.875,1.616
2025,KJ Martin,SF,Utah Jazz,Milwaukee Bucks,30,11,-0.295,0.667,2.098,0.962,0.866,1.605
2025,KJ Martin,SF,Utah Jazz,Golden State Warriors,30,12,-0.295,1.484,2.111,1.779,0.766,1.573
2025,KJ Martin,PF,Philadelphia 76ers,New York Knicks,26,5,-0.026,0.825,2.003,0.851,0.88,1.554
2025,KJ Martin,PF,Philadelphia 76ers,Los Angeles Clippers,26,9,-0.026,-0.25,1.882,0,1,1.529
2025,KJ Martin,PF,Philadelphia 76ers,Denver Nuggets,26,8,-0.026,0.4,1.83,0.426,0.938,1.473
2025,KJ Martin,SF,Utah Jazz,Detroit Pistons,30,14,-0.295,0.84,1.861,1.135,0.843,1.454
2025,KJ Martin,PF,Philadelphia 76ers,Indiana Pacers,26,6,-0.026,0.96,1.844,0.985,0.863,1.452
2025,KJ Martin,PF,Philadelphia 76ers,Minnesota Timberwolves,26,10,-0.026,0.731,1.823,0.757,0.893,1.451
2025,KJ Martin,PF,Philadelphia 76ers,Los Angeles Lakers,26,7,-0.026,0.286,1.752,0.312,0.954,1.433
2025,KJ Martin,PF,Philadelphia 76ers,Memphis Grizzlies,26,13,-0.026,0.525,1.645,0.551,0.921,1.355
2025,KJ Martin,PF,Philadelphia 76ers,Golden State Warriors,26,12,-0.026,0.698,1.63,0.724,0.897,1.337
2025,KJ Martin,SF,Utah Jazz,Orlando Magic,30,15,-0.295,1.486,1.68,1.781,0.766,1.314
2025,KJ Martin,SF,Utah Jazz,Sacramento Kings,30,17,-0.295,1.064,1.554,1.359,0.816,1.258
2025,KJ Martin,PF,Philadelphia 76ers,Milwaukee Bucks,26,11,-0.026,2.524,1.617,2.55,0.682,1.243
2025,KJ Martin,SF,Utah Jazz,Atlanta Hawks,30,16,-0.295,1.882,1.522,2.177,0.721,1.202
2025,KJ Martin,PF,Philadelphia 76ers,Detroit Pistons,26,14,-0.026,0.573,1.38,0.599,0.914,1.193
2025,KJ Martin,SF,Utah Jazz,Dallas Mavericks,30,19,-0.295,0.6,1.371,0.895,0.874,1.172
2025,KJ Martin,SF,Utah Jazz,Miami Heat,30,20,-0.295,1.143,1.396,1.438,0.806,1.16
2025,KJ Martin,SF,Utah Jazz,Chicago Bulls,30,18,-0.295,1.234,1.4,1.529,0.795,1.158
2025,KJ Martin,PF,Philadelphia 76ers,Orlando Magic,26,15,-0.026,1.217,1.199,1.243,0.83,1.052
2025,KJ Martin,SF,Utah Jazz,Phoenix Suns,30,21,-0.295,0.395,1.101,0.69,0.902,1.021
2025,KJ Martin,PF,Philadelphia 76ers,Sacramento Kings,26,17,-0.026,0.523,1.073,0.549,0.921,1.012
2025,KJ Martin,PF,Philadelphia 76ers,Atlanta Hawks,26,16,-0.026,0.235,1.041,0.261,0.962,1.009
2025,KJ Martin,SF,Utah Jazz,Portland Trail Blazers,30,22,-0.295,1.194,1.105,1.489,0.8,0.983
2025,KJ Martin,SF,Utah Jazz,San Antonio Spurs,30,23,-0.295,0.392,1.007,0.687,0.902,0.965
2025,KJ Martin,PF,Philadelphia 76ers,Chicago Bulls,26,18,-0.026,0.411,0.919,0.437,0.937,0.926
2025,KJ Martin,PF,Philadelphia 76ers,Miami Heat,26,20,-0.026,0.861,0.915,0.887,0.875,0.899
2025,KJ Martin,PF,Philadelphia 76ers,Dallas Mavericks,26,19,-0.026,1.939,0.89,1.965,0.745,0.832
2025,KJ Martin,SF,Utah Jazz,Toronto Raptors,30,24,-0.295,1.249,0.824,1.544,0.793,0.812
2025,KJ Martin,PF,Philadelphia 76ers,Portland Trail Blazers,26,22,-0.026,0.482,0.624,0.508,0.927,0.745
2025,KJ Martin,SF,Utah Jazz,Brooklyn Nets,30,25,-0.295,0.258,0.539,0.553,0.92,0.692
2025,KJ Martin,PF,Philadelphia 76ers,Phoenix Suns,26,21,-0.026,1.486,0.62,1.512,0.797,0.691
2025,KJ Martin,PF,Philadelphia 76ers,San Antonio Spurs,26,23,-0.026,0.484,0.526,0.51,0.926,0.686
2025,KJ Martin,SF,Utah Jazz,Philadelphia 76ers,30,26,-0.295,0.804,0.481,1.099,0.848,0.628
2025,KJ Martin,PF,Philadelphia 76ers,Toronto Raptors,26,24,-0.026,1.283,0.343,1.309,0.822,0.534
2025,KJ Martin,SF,Utah Jazz,New Orleans Pelicans,30,27,-0.295,1.332,0.203,1.627,0.783,0.435
2025,KJ Martin,SF,Utah Jazz,Charlotte Hornets,30,28,-0.295,1.088,0.156,1.383,0.813,0.418
2025,KJ Martin,PF,Philadelphia 76ers,Brooklyn Nets,26,25,-0.026,0.624,0.058,0.65,0.907,0.398
2025,KJ Simpson,PG,Charlotte Hornets,Oklahoma City Thunder,28,1,-0.379,1.646,3.349,2.025,0.738,2.305
2025,KJ Simpson,PG,Charlotte Hornets,Cleveland Cavaliers,28,2,-0.379,0.908,3.018,1.287,0.824,2.141
2025,KJ Simpson,PG,Charlotte Hornets,Boston Celtics,28,3,-0.379,0.432,2.92,0.81,0.886,2.106
2025,KJ Simpson,PG,Charlotte Hornets,Houston Rockets,28,4,-0.379,0.457,2.436,0.835,0.882,1.814
2025,KJ Simpson,PG,Charlotte Hornets,New York Knicks,28,5,-0.379,1.105,2.328,1.484,0.8,1.717
2025,KJ Simpson,PG,Charlotte Hornets,Minnesota Timberwolves,28,10,-0.379,0.2,2.148,0.578,0.917,1.656
2025,KJ Simpson,PG,Charlotte Hornets,Los Angeles Clippers,28,9,-0.379,1.03,2.207,1.408,0.81,1.648
2025,KJ Simpson,PG,Charlotte Hornets,Denver Nuggets,28,8,-0.379,0.822,2.155,1.201,0.835,1.627
2025,KJ Simpson,PG,Charlotte Hornets,Indiana Pacers,28,6,-0.379,1.379,2.169,1.757,0.768,1.609
2025,KJ Simpson,PG,Charlotte Hornets,Los Angeles Lakers,28,7,-0.379,1.252,2.078,1.631,0.783,1.56
2025,KJ Simpson,PG,Charlotte Hornets,Memphis Grizzlies,28,13,-0.379,0.849,1.971,1.227,0.832,1.515
2025,KJ Simpson,PG,Charlotte Hornets,Golden State Warriors,28,12,-0.379,1.025,1.955,1.403,0.81,1.497
2025,KJ Simpson,PG,Charlotte Hornets,Milwaukee Bucks,28,11,-0.379,1.065,1.943,1.443,0.805,1.488
2025,KJ Simpson,PG,Charlotte Hornets,Detroit Pistons,28,14,-0.379,1.099,1.705,1.477,0.801,1.344
2025,KJ Simpson,PG,Charlotte Hornets,Orlando Magic,28,15,-0.379,0.182,1.525,0.561,0.919,1.283
2025,KJ Simpson,PG,Charlotte Hornets,Sacramento Kings,28,17,-0.379,0.871,1.398,1.25,0.829,1.17
2025,KJ Simpson,PG,Charlotte Hornets,Atlanta Hawks,28,16,-0.379,1.258,1.366,1.636,0.782,1.133
2025,KJ Simpson,PG,Charlotte Hornets,Miami Heat,28,20,-0.379,0.39,1.241,0.769,0.891,1.101
2025,KJ Simpson,PG,Charlotte Hornets,Chicago Bulls,28,18,-0.379,0.694,1.244,1.073,0.851,1.087
2025,KJ Simpson,PG,Charlotte Hornets,Dallas Mavericks,28,19,-0.379,1.413,1.215,1.791,0.764,1.035
2025,KJ Simpson,PG,Charlotte Hornets,Portland Trail Blazers,28,22,-0.379,0.141,0.949,0.519,0.925,0.939
2025,KJ Simpson,PG,Charlotte Hornets,Phoenix Suns,28,21,-0.379,0.387,0.945,0.766,0.891,0.924
2025,KJ Simpson,PG,Charlotte Hornets,San Antonio Spurs,28,23,-0.379,0.766,0.852,1.145,0.842,0.848
2025,KJ Simpson,PG,Charlotte Hornets,Toronto Raptors,28,24,-0.379,0.562,0.668,0.94,0.868,0.748
2025,KJ Simpson,PG,Charlotte Hornets,Brooklyn Nets,28,25,-0.379,0.658,0.383,1.037,0.856,0.572
2025,KJ Simpson,PG,Charlotte Hornets,Philadelphia 76ers,28,26,-0.379,1.022,0.325,1.4,0.811,0.519
2025,KJ Simpson,PG,Charlotte Hornets,New Orleans Pelicans,28,27,-0.379,0.702,0.047,1.081,0.85,0.369
2025,Klay Thompson,SF,Dallas Mavericks,Oklahoma City Thunder,19,1,0.349,0.332,2.134,0,1,1.68
2025,Klay Thompson,SF,Dallas Mavericks,Cleveland Cavaliers,19,2,0.349,0.475,1.803,0.125,0.981,1.474
2025,Klay Thompson,SF,Dallas Mavericks,Boston Celtics,19,3,0.349,1.283,1.705,0.934,0.869,1.371
2025,Klay Thompson,SF,Dallas Mavericks,Houston Rockets,19,4,0.349,1.573,1.221,1.224,0.832,1.065
2025,Klay Thompson,SF,Dallas Mavericks,New York Knicks,19,5,0.349,0.764,1.113,0.415,0.94,1.044
2025,Klay Thompson,SF,Dallas Mavericks,Indiana Pacers,19,6,0.349,0.534,0.955,0.185,0.973,0.962
2025,Klay Thompson,SF,Dallas Mavericks,Minnesota Timberwolves,19,10,0.349,-0.433,0.933,0,1,0.96
2025,Klay Thompson,SF,Dallas Mavericks,Los Angeles Clippers,19,9,0.349,1.392,0.992,1.042,0.855,0.938
2025,Klay Thompson,SF,Dallas Mavericks,Denver Nuggets,19,8,0.349,0.927,0.941,0.578,0.917,0.931
2025,Klay Thompson,SF,Dallas Mavericks,Los Angeles Lakers,19,7,0.349,2.119,0.863,1.769,0.767,0.824
2025,Klay Thompson,SF,Dallas Mavericks,Milwaukee Bucks,19,11,0.349,0.667,0.728,0.318,0.953,0.818
2025,Klay Thompson,SF,Dallas Mavericks,Golden State Warriors,19,12,0.349,1.484,0.74,1.135,0.843,0.782
2025,Klay Thompson,SF,Dallas Mavericks,Detroit Pistons,19,14,0.349,0.84,0.49,0.491,0.929,0.666
2025,Klay Thompson,SF,Dallas Mavericks,Orlando Magic,19,15,0.349,1.486,0.31,1.137,0.843,0.523
2025,Klay Thompson,SF,Dallas Mavericks,Sacramento Kings,19,17,0.349,1.064,0.183,0.714,0.898,0.469
2025,Klay Thompson,SF,Dallas Mavericks,Atlanta Hawks,19,16,0.349,1.882,0.151,1.533,0.795,0.409
2025,Klay Thompson,SF,Dallas Mavericks,Miami Heat,19,20,0.349,1.143,0.026,0.794,0.888,0.371
2025,Klay Thompson,SF,Dallas Mavericks,Chicago Bulls,19,18,0.349,1.234,0.029,0.885,0.876,0.368
2025,Kobe Brown,PF,Los Angeles Clippers,Oklahoma City Thunder,9,1,-0.837,0.795,1.142,1.633,0.783,0.998
2025,Kobe Brown,PF,Los Angeles Clippers,Cleveland Cavaliers,9,2,-0.837,1.717,0.811,2.555,0.682,0.759
2025,Kobe Brown,PF,Los Angeles Clippers,Boston Celtics,9,3,-0.837,1.509,0.712,2.346,0.703,0.709
2025,Kobe Brown,PF,Los Angeles Clippers,Houston Rockets,9,4,-0.837,0.863,0.228,1.701,0.775,0.447
2025,Kobe Brown,PF,Los Angeles Clippers,New York Knicks,9,5,-0.837,0.825,0.121,1.663,0.779,0.384
2025,Kobe Bufkin,SG,Atlanta Hawks,Oklahoma City Thunder,16,1,-0.405,1.265,1.983,1.67,0.778,1.501
2025,Kobe Bufkin,SG,Atlanta Hawks,Cleveland Cavaliers,16,2,-0.405,1.342,1.652,1.747,0.77,1.299
2025,Kobe Bufkin,SG,Atlanta Hawks,Boston Celtics,16,3,-0.405,0.808,1.553,1.213,0.834,1.266
2025,Kobe Bufkin,SG,Atlanta Hawks,Houston Rockets,16,4,-0.405,0.724,1.07,1.129,0.844,0.979
2025,Kobe Bufkin,SG,Atlanta Hawks,New York Knicks,16,5,-0.405,0.807,0.962,1.212,0.834,0.911
2025,Kobe Bufkin,SG,Atlanta Hawks,Indiana Pacers,16,6,-0.405,0.275,0.803,0.68,0.903,0.843
2025,Kobe Bufkin,SG,Atlanta Hawks,Los Angeles Clippers,16,9,-0.405,1.026,0.841,1.431,0.807,0.827
2025,Kobe Bufkin,SG,Atlanta Hawks,Denver Nuggets,16,8,-0.405,0.812,0.789,1.217,0.833,0.807
2025,Kobe Bufkin,SG,Atlanta Hawks,Minnesota Timberwolves,16,10,-0.405,1.353,0.782,1.758,0.768,0.777
2025,Kobe Bufkin,SG,Atlanta Hawks,Los Angeles Lakers,16,7,-0.405,1.047,0.712,1.452,0.804,0.749
2025,Kobe Bufkin,SG,Atlanta Hawks,Golden State Warriors,16,12,-0.405,0.448,0.589,0.853,0.88,0.705
2025,Kobe Bufkin,SG,Atlanta Hawks,Memphis Grizzlies,16,13,-0.405,0.996,0.605,1.4,0.811,0.687
2025,Kobe Bufkin,SG,Atlanta Hawks,Milwaukee Bucks,16,11,-0.405,0.683,0.576,1.088,0.849,0.686
2025,Kobe Bufkin,SG,Atlanta Hawks,Detroit Pistons,16,14,-0.405,2.249,0.339,2.654,0.672,0.472
2025,Kobe Bufkin,SG,Atlanta Hawks,Orlando Magic,16,15,-0.405,0.142,0.159,0.547,0.921,0.464
2025,Kobe Bufkin,SG,Atlanta Hawks,Sacramento Kings,16,17,-0.405,0.908,0.032,1.313,0.821,0.348
2025,Kris Dunn,PG,Los Angeles Clippers,Oklahoma City Thunder,9,1,-0.016,1.646,1.142,1.662,0.779,0.997
2025,Kris Dunn,PG,Los Angeles Clippers,Cleveland Cavaliers,9,2,-0.016,0.908,0.811,0.924,0.871,0.835
2025,Kris Dunn,PG,Los Angeles Clippers,Boston Celtics,9,3,-0.016,0.432,0.712,0.447,0.935,0.801
2025,Kris Dunn,PG,Los Angeles Clippers,Houston Rockets,9,4,-0.016,0.457,0.228,0.472,0.932,0.51
2025,Kris Dunn,PG,Los Angeles Clippers,New York Knicks,9,5,-0.016,1.105,0.121,1.12,0.845,0.411
2025,Kris Murray,SF,Portland Trail Blazers,Oklahoma City Thunder,22,1,-0.422,0.332,2.4,0.754,0.893,1.797
2025,Kris Murray,SF,Portland Trail Blazers,Cleveland Cavaliers,22,2,-0.422,0.475,2.069,0.897,0.874,1.591
2025,Kris Murray,SF,Portland Trail Blazers,Boston Celtics,22,3,-0.422,1.283,1.97,1.705,0.774,1.492
2025,Kris Murray,SF,Portland Trail Blazers,Houston Rockets,22,4,-0.422,1.573,1.487,1.995,0.741,1.189
2025,Kris Murray,SF,Portland Trail Blazers,New York Knicks,22,5,-0.422,0.764,1.379,1.186,0.837,1.162
2025,Kris Murray,SF,Portland Trail Blazers,Minnesota Timberwolves,22,10,-0.422,-0.433,1.199,0,1,1.12
2025,Kris Murray,SF,Portland Trail Blazers,Indiana Pacers,22,6,-0.422,0.534,1.22,0.956,0.866,1.079
2025,Kris Murray,SF,Portland Trail Blazers,Los Angeles Clippers,22,9,-0.422,1.392,1.258,1.814,0.762,1.06
2025,Kris Murray,SF,Portland Trail Blazers,Denver Nuggets,22,8,-0.422,0.927,1.206,1.349,0.817,1.051
2025,Kris Murray,SF,Portland Trail Blazers,Los Angeles Lakers,22,7,-0.422,2.119,1.129,2.541,0.683,0.95
2025,Kris Murray,SF,Portland Trail Blazers,Milwaukee Bucks,22,11,-0.422,0.667,0.993,1.089,0.849,0.936
2025,Kris Murray,SF,Portland Trail Blazers,Golden State Warriors,22,12,-0.422,1.484,1.006,1.906,0.751,0.904
2025,Kris Murray,SF,Portland Trail Blazers,Detroit Pistons,22,14,-0.422,0.84,0.756,1.262,0.828,0.785
2025,Kris Murray,SF,Portland Trail Blazers,Orlando Magic,22,15,-0.422,1.486,0.576,1.908,0.751,0.646
2025,Kris Murray,SF,Portland Trail Blazers,Sacramento Kings,22,17,-0.422,1.064,0.449,1.485,0.8,0.589
2025,Kris Murray,SF,Portland Trail Blazers,Atlanta Hawks,22,16,-0.422,1.882,0.417,2.304,0.708,0.533
2025,Kris Murray,SF,Portland Trail Blazers,Dallas Mavericks,22,19,-0.422,0.6,0.266,1.022,0.858,0.503
2025,Kris Murray,SF,Portland Trail Blazers,Miami Heat,22,20,-0.422,1.143,0.292,1.565,0.791,0.491
2025,Kris Murray,SF,Portland Trail Blazers,Chicago Bulls,22,18,-0.422,1.234,0.295,1.656,0.78,0.489
2025,Kristaps Porziņģis,C,Boston Celtics,Oklahoma City Thunder,3,1,0.929,1.018,0.429,0.089,0.987,0.652
2025,Kristaps Porziņģis,C,Boston Celtics,Cleveland Cavaliers,3,2,0.929,0.96,0.098,0.031,0.995,0.457
2025,Kyle Anderson,SF,Miami Heat,Oklahoma City Thunder,20,1,0.253,0.332,2.108,0.079,0.988,1.66
2025,Kyle Anderson,SF,Miami Heat,Cleveland Cavaliers,20,2,0.253,0.475,1.777,0.222,0.967,1.453
2025,Kyle Anderson,SF,Miami Heat,Boston Celtics,20,3,0.253,1.283,1.679,1.03,0.857,1.35
2025,Kyle Anderson,PF,Golden State Warriors,Oklahoma City Thunder,12,1,-0.085,0.795,1.394,0.88,0.876,1.187
2025,Kyle Anderson,SF,Miami Heat,Houston Rockets,20,4,0.253,1.573,1.195,1.32,0.82,1.045
2025,Kyle Anderson,SF,Miami Heat,New York Knicks,20,5,0.253,0.764,1.088,0.511,0.926,1.023
2025,Kyle Anderson,SF,Miami Heat,Minnesota Timberwolves,20,10,0.253,-0.433,0.908,0,1,0.945
2025,Kyle Anderson,PF,Golden State Warriors,Cleveland Cavaliers,12,2,-0.085,1.717,1.063,1.802,0.763,0.943
2025,Kyle Anderson,SF,Miami Heat,Indiana Pacers,20,6,0.253,0.534,0.929,0.281,0.959,0.941
2025,Kyle Anderson,SF,Miami Heat,Los Angeles Clippers,20,9,0.253,1.392,0.967,1.139,0.843,0.917
2025,Kyle Anderson,SF,Miami Heat,Denver Nuggets,20,8,0.253,0.927,0.915,0.674,0.904,0.91
2025,Kyle Anderson,PF,Golden State Warriors,Boston Celtics,12,3,-0.085,1.509,0.964,1.594,0.787,0.894
2025,Kyle Anderson,SF,Miami Heat,Los Angeles Lakers,20,7,0.253,2.119,0.837,1.866,0.756,0.805
2025,Kyle Anderson,SF,Miami Heat,Milwaukee Bucks,20,11,0.253,0.667,0.702,0.414,0.94,0.797
2025,Kyle Anderson,SF,Miami Heat,Golden State Warriors,20,12,0.253,1.484,0.714,1.231,0.831,0.761
2025,Kyle Anderson,SF,Miami Heat,Detroit Pistons,20,14,0.253,0.84,0.464,0.587,0.916,0.645
2025,Kyle Anderson,PF,Golden State Warriors,Houston Rockets,12,4,-0.085,0.863,0.481,0.948,0.867,0.635
2025,Kyle Anderson,PF,Golden State Warriors,New York Knicks,12,5,-0.085,0.825,0.373,0.91,0.872,0.573
2025,Kyle Anderson,PF,Golden State Warriors,Los Angeles Clippers,12,9,-0.085,-0.25,0.252,0,1,0.551
2025,Kyle Anderson,SF,Miami Heat,Orlando Magic,20,15,0.253,1.486,0.284,1.233,0.831,0.503
2025,Kyle Anderson,PF,Golden State Warriors,Denver Nuggets,12,8,-0.085,0.4,0.2,0.485,0.93,0.492
2025,Kyle Anderson,PF,Golden State Warriors,Indiana Pacers,12,6,-0.085,0.96,0.214,1.044,0.855,0.471
2025,Kyle Anderson,PF,Golden State Warriors,Minnesota Timberwolves,12,10,-0.085,0.731,0.193,0.816,0.885,0.47
2025,Kyle Anderson,PF,Golden State Warriors,Los Angeles Lakers,12,7,-0.085,0.286,0.123,0.371,0.946,0.452
2025,Kyle Anderson,SF,Miami Heat,Sacramento Kings,20,17,0.253,1.064,0.157,0.811,0.886,0.449
2025,Kyle Anderson,SF,Miami Heat,Atlanta Hawks,20,16,0.253,1.882,0.125,1.629,0.783,0.389
2025,Kyle Anderson,PF,Golden State Warriors,Memphis Grizzlies,12,13,-0.085,0.525,0.016,0.61,0.913,0.374
2025,Kyle Anderson,SF,Miami Heat,Chicago Bulls,20,18,0.253,1.234,0.004,0.981,0.863,0.348
2025,Kyle Filipowski,C,Utah Jazz,Oklahoma City Thunder,30,1,-0.152,1.018,3.505,1.17,0.839,2.438
2025,Kyle Filipowski,C,Utah Jazz,Cleveland Cavaliers,30,2,-0.152,0.96,3.174,1.112,0.846,2.243
2025,Kyle Filipowski,C,Utah Jazz,Boston Celtics,30,3,-0.152,0.929,3.075,1.081,0.85,2.185
2025,Kyle Filipowski,C,Utah Jazz,Houston Rockets,30,4,-0.152,0.807,2.591,0.959,0.866,1.901
2025,Kyle Filipowski,C,Utah Jazz,New York Knicks,30,5,-0.152,1.332,2.484,1.485,0.8,1.811
2025,Kyle Filipowski,C,Utah Jazz,Indiana Pacers,30,6,-0.152,0.754,2.325,0.906,0.873,1.744
2025,Kyle Filipowski,C,Utah Jazz,Los Angeles Clippers,30,9,-0.152,1.266,2.363,1.418,0.808,1.741
2025,Kyle Filipowski,C,Utah Jazz,Minnesota Timberwolves,30,10,-0.152,1.008,2.304,1.16,0.84,1.719
2025,Kyle Filipowski,C,Utah Jazz,Denver Nuggets,30,8,-0.152,1.827,2.311,1.979,0.743,1.684
2025,Kyle Filipowski,C,Utah Jazz,Golden State Warriors,30,12,-0.152,-0.087,2.111,0.065,0.99,1.663
2025,Kyle Filipowski,C,Utah Jazz,Los Angeles Lakers,30,7,-0.152,1.908,2.233,2.06,0.734,1.634
2025,Kyle Filipowski,C,Utah Jazz,Memphis Grizzlies,30,13,-0.152,0.773,2.126,0.925,0.87,1.624
2025,Kyle Filipowski,C,Utah Jazz,Milwaukee Bucks,30,11,-0.152,0.498,2.098,0.65,0.907,1.622
2025,Kyle Filipowski,C,Utah Jazz,Detroit Pistons,30,14,-0.152,0.988,1.861,1.14,0.843,1.454
2025,Kyle Filipowski,C,Utah Jazz,Orlando Magic,30,15,-0.152,0.455,1.68,0.607,0.913,1.373
2025,Kyle Filipowski,C,Utah Jazz,Atlanta Hawks,30,16,-0.152,0.616,1.522,0.768,0.891,1.27
2025,Kyle Filipowski,C,Utah Jazz,Sacramento Kings,30,17,-0.152,1.198,1.554,1.35,0.817,1.259
2025,Kyle Filipowski,C,Utah Jazz,Miami Heat,30,20,-0.152,0.612,1.396,0.765,0.892,1.194
2025,Kyle Filipowski,C,Utah Jazz,Chicago Bulls,30,18,-0.152,0.827,1.4,0.979,0.863,1.185
2025,Kyle Filipowski,C,Utah Jazz,Dallas Mavericks,30,19,-0.152,1.114,1.371,1.266,0.827,1.153
2025,Kyle Filipowski,C,Utah Jazz,Phoenix Suns,30,21,-0.152,0.34,1.101,0.492,0.929,1.032
2025,Kyle Filipowski,C,Utah Jazz,Portland Trail Blazers,30,22,-0.152,0.7,1.105,0.852,0.88,1.015
2025,Kyle Filipowski,C,Utah Jazz,San Antonio Spurs,30,23,-0.152,2.35,1.007,2.502,0.687,0.879
2025,Kyle Filipowski,C,Utah Jazz,Toronto Raptors,30,24,-0.152,0.899,0.824,1.051,0.854,0.836
2025,Kyle Filipowski,C,Utah Jazz,Brooklyn Nets,30,25,-0.152,0.443,0.539,0.595,0.915,0.689
2025,Kyle Filipowski,C,Utah Jazz,Philadelphia 76ers,30,26,-0.152,0.849,0.481,1.001,0.861,0.633
2025,Kyle Filipowski,C,Utah Jazz,New Orleans Pelicans,30,27,-0.152,0.363,0.203,0.515,0.926,0.492
2025,Kyle Filipowski,C,Utah Jazz,Charlotte Hornets,30,28,-0.152,1.081,0.156,1.233,0.831,0.426
2025,Kyle Kuzma,PF,Washington Wizards,Oklahoma City Thunder,29,1,0.114,0.795,3.577,0.681,0.903,2.508
2025,Kyle Kuzma,PF,Washington Wizards,Cleveland Cavaliers,29,2,0.114,1.717,3.246,1.604,0.786,2.262
2025,Kyle Kuzma,PF,Washington Wizards,Boston Celtics,29,3,0.114,1.509,3.148,1.395,0.811,2.213
2025,Kyle Kuzma,PF,Washington Wizards,Houston Rockets,29,4,0.114,0.863,2.664,0.749,0.894,1.956
2025,Kyle Kuzma,PF,Washington Wizards,New York Knicks,29,5,0.114,0.825,2.557,0.712,0.899,1.893
2025,Kyle Kuzma,PF,Washington Wizards,Los Angeles Clippers,29,9,0.114,-0.25,2.436,0,1,1.861
2025,Kyle Kuzma,PF,Washington Wizards,Denver Nuggets,29,8,0.114,0.4,2.384,0.286,0.958,1.813
2025,Kyle Kuzma,PF,Washington Wizards,Minnesota Timberwolves,29,10,0.114,0.731,2.377,0.617,0.912,1.791
2025,Kyle Kuzma,PF,Washington Wizards,Indiana Pacers,29,6,0.114,0.96,2.398,0.846,0.881,1.791
2025,Kyle Kuzma,PF,Washington Wizards,Los Angeles Lakers,29,7,0.114,0.286,2.306,0.173,0.974,1.773
2025,Kyle Kuzma,PF,Washington Wizards,Memphis Grizzlies,29,13,0.114,0.525,2.199,0.411,0.94,1.695
2025,Kyle Kuzma,PF,Washington Wizards,Golden State Warriors,29,12,0.114,0.698,2.183,0.584,0.916,1.677
2025,Kyle Kuzma,PF,Washington Wizards,Milwaukee Bucks,29,11,0.114,2.524,2.171,2.41,0.697,1.581
2025,Kyle Kuzma,PF,Washington Wizards,Detroit Pistons,29,14,0.114,0.573,1.933,0.46,0.933,1.533
2025,Kyle Kuzma,PF,Washington Wizards,Orlando Magic,29,15,0.114,1.217,1.753,1.104,0.847,1.391
2025,Kyle Kuzma,PF,Washington Wizards,Sacramento Kings,29,17,0.114,0.523,1.626,0.409,0.94,1.352
2025,Kyle Kuzma,PF,Washington Wizards,Atlanta Hawks,29,16,0.114,0.235,1.594,0.121,0.982,1.349
2025,Kyle Kuzma,PF,Washington Wizards,Chicago Bulls,29,18,0.114,0.411,1.473,0.297,0.956,1.266
2025,Kyle Kuzma,PF,Washington Wizards,Miami Heat,29,20,0.114,0.861,1.469,0.747,0.894,1.239
2025,Kyle Kuzma,PF,Milwaukee Bucks,Oklahoma City Thunder,11,1,0.182,0.795,1.406,0.613,0.912,1.209
2025,Kyle Kuzma,PF,Washington Wizards,Dallas Mavericks,29,19,0.114,1.939,1.443,1.825,0.761,1.17
2025,Kyle Kuzma,PF,Washington Wizards,Portland Trail Blazers,29,22,0.114,0.482,1.177,0.368,0.946,1.085
2025,Kyle Kuzma,PF,Washington Wizards,Phoenix Suns,29,21,0.114,1.486,1.173,1.372,0.814,1.03
2025,Kyle Kuzma,PF,Washington Wizards,San Antonio Spurs,29,23,0.114,0.484,1.08,0.37,0.946,1.026
2025,Kyle Kuzma,PF,Milwaukee Bucks,Cleveland Cavaliers,11,2,0.182,1.717,1.075,1.535,0.794,0.963
2025,Kyle Kuzma,PF,Milwaukee Bucks,Boston Celtics,11,3,0.182,1.509,0.977,1.327,0.82,0.914
2025,Kyle Kuzma,PF,Washington Wizards,Toronto Raptors,29,24,0.114,1.283,0.897,1.169,0.839,0.874
2025,Kyle Kuzma,PF,Washington Wizards,Brooklyn Nets,29,25,0.114,0.624,0.612,0.51,0.926,0.738
2025,Kyle Kuzma,PF,Washington Wizards,Philadelphia 76ers,29,26,0.114,0.711,0.554,0.598,0.914,0.698
2025,Kyle Kuzma,PF,Milwaukee Bucks,Houston Rockets,11,4,0.182,0.863,0.493,0.681,0.903,0.657
2025,Kyle Kuzma,PF,Milwaukee Bucks,New York Knicks,11,5,0.182,0.825,0.386,0.643,0.908,0.595
2025,Kyle Kuzma,PF,Milwaukee Bucks,Los Angeles Clippers,11,9,0.182,-0.25,0.265,0,1,0.559
2025,Kyle Kuzma,PF,Milwaukee Bucks,Denver Nuggets,11,8,0.182,0.4,0.213,0.218,0.968,0.515
2025,Kyle Kuzma,PF,Milwaukee Bucks,Minnesota Timberwolves,11,10,0.182,0.731,0.206,0.549,0.921,0.492
2025,Kyle Kuzma,PF,Milwaukee Bucks,Indiana Pacers,11,6,0.182,0.96,0.227,0.777,0.89,0.492
2025,Kyle Kuzma,PF,Washington Wizards,Charlotte Hornets,29,28,0.114,0.956,0.228,0.842,0.881,0.49
2025,Kyle Kuzma,PF,Washington Wizards,New Orleans Pelicans,29,27,0.114,1.672,0.276,1.558,0.792,0.482
2025,Kyle Kuzma,PF,Milwaukee Bucks,Los Angeles Lakers,11,7,0.182,0.286,0.135,0.104,0.984,0.475
2025,Kyle Kuzma,PF,Milwaukee Bucks,Memphis Grizzlies,11,13,0.182,0.525,0.028,0.343,0.95,0.397
2025,Kyle Kuzma,PF,Washington Wizards,Utah Jazz,29,30,0.114,1.224,0.073,1.11,0.847,0.382
2025,Kyle Kuzma,PF,Milwaukee Bucks,Golden State Warriors,11,12,0.182,0.698,0.013,0.516,0.926,0.378
2025,Kyle Lowry,PG,Philadelphia 76ers,Oklahoma City Thunder,26,1,-0.297,1.646,3.024,1.943,0.747,2.113
2025,Kyle Lowry,PG,Philadelphia 76ers,Cleveland Cavaliers,26,2,-0.297,0.908,2.693,1.205,0.835,1.949
2025,Kyle Lowry,PG,Philadelphia 76ers,Boston Celtics,26,3,-0.297,0.432,2.594,0.728,0.896,1.915
2025,Kyle Lowry,PG,Philadelphia 76ers,Houston Rockets,26,4,-0.297,0.457,2.11,0.754,0.893,1.623
2025,Kyle Lowry,PG,Philadelphia 76ers,New York Knicks,26,5,-0.297,1.105,2.003,1.402,0.81,1.526
2025,Kyle Lowry,PG,Philadelphia 76ers,Minnesota Timberwolves,26,10,-0.297,0.2,1.823,0.496,0.928,1.465
2025,Kyle Lowry,PG,Philadelphia 76ers,Los Angeles Clippers,26,9,-0.297,1.03,1.882,1.327,0.82,1.457
2025,Kyle Lowry,PG,Philadelphia 76ers,Denver Nuggets,26,8,-0.297,0.822,1.83,1.119,0.845,1.436
2025,Kyle Lowry,PG,Philadelphia 76ers,Indiana Pacers,26,6,-0.297,1.379,1.844,1.676,0.778,1.418
2025,Kyle Lowry,PG,Philadelphia 76ers,Los Angeles Lakers,26,7,-0.297,1.252,1.752,1.549,0.793,1.368
2025,Kyle Lowry,PG,Philadelphia 76ers,Memphis Grizzlies,26,13,-0.297,0.849,1.645,1.145,0.842,1.324
2025,Kyle Lowry,PG,Philadelphia 76ers,Golden State Warriors,26,12,-0.297,1.025,1.63,1.322,0.82,1.306
2025,Kyle Lowry,PG,Philadelphia 76ers,Milwaukee Bucks,26,11,-0.297,1.065,1.617,1.362,0.815,1.296
2025,Kyle Lowry,PG,Philadelphia 76ers,Detroit Pistons,26,14,-0.297,1.099,1.38,1.396,0.811,1.152
2025,Kyle Lowry,PG,Philadelphia 76ers,Orlando Magic,26,15,-0.297,0.182,1.199,0.479,0.931,1.092
2025,Kyle Lowry,PG,Philadelphia 76ers,Sacramento Kings,26,17,-0.297,0.871,1.073,1.168,0.839,0.979
2025,Kyle Lowry,PG,Philadelphia 76ers,Atlanta Hawks,26,16,-0.297,1.258,1.041,1.555,0.792,0.941
2025,Kyle Lowry,PG,Philadelphia 76ers,Miami Heat,26,20,-0.297,0.39,0.915,0.687,0.902,0.91
2025,Kyle Lowry,PG,Philadelphia 76ers,Chicago Bulls,26,18,-0.297,0.694,0.919,0.991,0.862,0.896
2025,Kyle Lowry,PG,Philadelphia 76ers,Dallas Mavericks,26,19,-0.297,1.413,0.89,1.71,0.774,0.843
2025,Kyle Lowry,PG,Philadelphia 76ers,Portland Trail Blazers,26,22,-0.297,0.141,0.624,0.438,0.936,0.749
2025,Kyle Lowry,PG,Philadelphia 76ers,Phoenix Suns,26,21,-0.297,0.387,0.62,0.684,0.902,0.733
2025,Kyle Lowry,PG,Philadelphia 76ers,San Antonio Spurs,26,23,-0.297,0.766,0.526,1.063,0.853,0.657
2025,Kyle Lowry,PG,Philadelphia 76ers,Toronto Raptors,26,24,-0.297,0.562,0.343,0.858,0.879,0.557
2025,Kyle Lowry,PG,Philadelphia 76ers,Brooklyn Nets,26,25,-0.297,0.658,0.058,0.955,0.867,0.381
2025,Kylor Kelley,C,New Orleans Pelicans,Oklahoma City Thunder,27,1,-0.863,1.018,3.302,1.881,0.754,2.283
2025,Kylor Kelley,C,New Orleans Pelicans,Cleveland Cavaliers,27,2,-0.863,0.96,2.971,1.823,0.761,2.087
2025,Kylor Kelley,C,New Orleans Pelicans,Boston Celtics,27,3,-0.863,0.929,2.872,1.792,0.764,2.029
2025,Kylor Kelley,C,New Orleans Pelicans,Houston Rockets,27,4,-0.863,0.807,2.388,1.671,0.778,1.744
2025,Kylor Kelley,C,New Orleans Pelicans,New York Knicks,27,5,-0.863,1.332,2.281,2.196,0.719,1.656
2025,Kylor Kelley,C,Dallas Mavericks,Oklahoma City Thunder,19,1,-0.267,1.018,2.134,1.284,0.825,1.61
2025,Kylor Kelley,C,New Orleans Pelicans,Los Angeles Clippers,27,9,-0.863,1.266,2.16,2.129,0.727,1.587
2025,Kylor Kelley,C,New Orleans Pelicans,Indiana Pacers,27,6,-0.863,0.754,2.122,1.618,0.785,1.587
2025,Kylor Kelley,C,New Orleans Pelicans,Minnesota Timberwolves,27,10,-0.863,1.008,2.101,1.871,0.755,1.563
2025,Kylor Kelley,C,New Orleans Pelicans,Denver Nuggets,27,8,-0.863,1.827,2.108,2.69,0.668,1.532
2025,Kylor Kelley,C,New Orleans Pelicans,Golden State Warriors,27,12,-0.863,-0.087,1.908,0.777,0.89,1.501
2025,Kylor Kelley,C,New Orleans Pelicans,Los Angeles Lakers,27,7,-0.863,1.908,2.03,2.771,0.66,1.482
2025,Kylor Kelley,C,New Orleans Pelicans,Memphis Grizzlies,27,13,-0.863,0.773,1.923,1.636,0.782,1.467
2025,Kylor Kelley,C,New Orleans Pelicans,Milwaukee Bucks,27,11,-0.863,0.498,1.895,1.361,0.815,1.463
2025,Kylor Kelley,C,Dallas Mavericks,Cleveland Cavaliers,19,2,-0.267,0.96,1.803,1.226,0.832,1.415
2025,Kylor Kelley,C,Dallas Mavericks,Boston Celtics,19,3,-0.267,0.929,1.705,1.196,0.836,1.357
2025,Kylor Kelley,C,New Orleans Pelicans,Detroit Pistons,27,14,-0.863,0.988,1.658,1.851,0.758,1.298
2025,Kylor Kelley,C,New Orleans Pelicans,Orlando Magic,27,15,-0.863,0.455,1.477,1.318,0.821,1.215
2025,Kylor Kelley,C,New Orleans Pelicans,Atlanta Hawks,27,16,-0.863,0.616,1.319,1.479,0.801,1.112
2025,Kylor Kelley,C,New Orleans Pelicans,Sacramento Kings,27,17,-0.863,1.198,1.351,2.061,0.734,1.104
2025,Kylor Kelley,C,Dallas Mavericks,Houston Rockets,19,4,-0.267,0.807,1.221,1.074,0.851,1.073
2025,Kylor Kelley,C,New Orleans Pelicans,Miami Heat,27,20,-0.863,0.612,1.193,1.476,0.801,1.036
2025,Kylor Kelley,C,New Orleans Pelicans,Chicago Bulls,27,18,-0.863,0.827,1.197,1.69,0.776,1.029
2025,Kylor Kelley,C,New Orleans Pelicans,Dallas Mavericks,27,19,-0.863,1.114,1.167,1.977,0.743,0.998
2025,Kylor Kelley,C,Dallas Mavericks,New York Knicks,19,5,-0.267,1.332,1.113,1.599,0.787,0.983
2025,Kylor Kelley,C,Dallas Mavericks,Indiana Pacers,19,6,-0.267,0.754,0.955,1.021,0.858,0.916
2025,Kylor Kelley,C,Dallas Mavericks,Los Angeles Clippers,19,9,-0.267,1.266,0.992,1.532,0.795,0.913
2025,Kylor Kelley,C,Dallas Mavericks,Minnesota Timberwolves,19,10,-0.267,1.008,0.933,1.274,0.826,0.89
2025,Kylor Kelley,C,New Orleans Pelicans,Phoenix Suns,27,21,-0.863,0.34,0.898,1.203,0.835,0.873
2025,Kylor Kelley,C,Dallas Mavericks,Denver Nuggets,19,8,-0.267,1.827,0.941,2.094,0.73,0.857
2025,Kylor Kelley,C,New Orleans Pelicans,Portland Trail Blazers,27,22,-0.863,0.7,0.902,1.563,0.791,0.857
2025,Kylor Kelley,C,Dallas Mavericks,Golden State Warriors,19,12,-0.267,-0.087,0.74,0.18,0.973,0.833
2025,Kylor Kelley,C,Dallas Mavericks,Los Angeles Lakers,19,7,-0.267,1.908,0.863,2.175,0.722,0.806
2025,Kylor Kelley,C,Dallas Mavericks,Memphis Grizzlies,19,13,-0.267,0.773,0.756,1.04,0.856,0.796
2025,Kylor Kelley,C,Dallas Mavericks,Milwaukee Bucks,19,11,-0.267,0.498,0.728,0.765,0.892,0.793
2025,Kylor Kelley,C,New Orleans Pelicans,San Antonio Spurs,27,23,-0.863,2.35,0.804,3.213,0.618,0.73
2025,Kylor Kelley,C,New Orleans Pelicans,Toronto Raptors,27,24,-0.863,0.899,0.621,1.762,0.768,0.68
2025,Kylor Kelley,C,Dallas Mavericks,Detroit Pistons,19,14,-0.267,0.988,0.49,1.254,0.829,0.625
2025,Kylor Kelley,C,Dallas Mavericks,Orlando Magic,19,15,-0.267,0.455,0.31,0.721,0.897,0.545
2025,Kylor Kelley,C,New Orleans Pelicans,Brooklyn Nets,27,25,-0.863,0.443,0.336,1.306,0.822,0.53
2025,Kylor Kelley,C,New Orleans Pelicans,Philadelphia 76ers,27,26,-0.863,0.849,0.278,1.712,0.774,0.476
2025,Kylor Kelley,C,Dallas Mavericks,Atlanta Hawks,19,16,-0.267,0.616,0.151,0.883,0.876,0.441
2025,Kylor Kelley,C,Dallas Mavericks,Sacramento Kings,19,17,-0.267,1.198,0.183,1.465,0.803,0.431
2025,Kylor Kelley,C,Dallas Mavericks,Miami Heat,19,20,-0.267,0.612,0.026,0.879,0.876,0.366
2025,Kylor Kelley,C,Dallas Mavericks,Chicago Bulls,19,18,-0.267,0.827,0.029,1.093,0.849,0.357
2025,Kyrie Irving,SG,Dallas Mavericks,Oklahoma City Thunder,19,1,1.335,1.265,2.134,0,1,1.68
2025,Kyrie Irving,SG,Dallas Mavericks,Cleveland Cavaliers,19,2,1.335,1.342,1.803,0.007,0.999,1.481
2025,Kyrie Irving,SG,Dallas Mavericks,Boston Celtics,19,3,1.335,0.808,1.705,0,1,1.423
2025,Kyrie Irving,SG,Dallas Mavericks,Houston Rockets,19,4,1.335,0.724,1.221,0,1,1.132
2025,Kyrie Irving,SG,Dallas Mavericks,New York Knicks,19,5,1.335,0.807,1.113,0,1,1.068
2025,Kyrie Irving,SG,Dallas Mavericks,Los Angeles Clippers,19,9,1.335,1.026,0.992,0,1,0.995
2025,Kyrie Irving,SG,Dallas Mavericks,Indiana Pacers,19,6,1.335,0.275,0.955,0,1,0.973
2025,Kyrie Irving,SG,Dallas Mavericks,Denver Nuggets,19,8,1.335,0.812,0.941,0,1,0.964
2025,Kyrie Irving,SG,Dallas Mavericks,Minnesota Timberwolves,19,10,1.335,1.353,0.933,0.018,0.997,0.959
2025,Kyrie Irving,SG,Dallas Mavericks,Los Angeles Lakers,19,7,1.335,1.047,0.863,0,1,0.918
2025,Kyrie Irving,SG,Dallas Mavericks,Memphis Grizzlies,19,13,1.335,0.996,0.756,0,1,0.853
2025,Kyrie Irving,SG,Dallas Mavericks,Golden State Warriors,19,12,1.335,0.448,0.74,0,1,0.844
2025,Kyrie Irving,SG,Dallas Mavericks,Milwaukee Bucks,19,11,1.335,0.683,0.728,0,1,0.837
2025,Kyrie Irving,SG,Dallas Mavericks,Detroit Pistons,19,14,1.335,2.249,0.49,0.914,0.872,0.643
2025,Kyrie Irving,SG,Dallas Mavericks,Orlando Magic,19,15,1.335,0.142,0.31,0,1,0.586
2025,Kyrie Irving,SG,Dallas Mavericks,Sacramento Kings,19,17,1.335,0.908,0.183,0,1,0.51
2025,Kyrie Irving,SG,Dallas Mavericks,Atlanta Hawks,19,16,1.335,1.001,0.151,0,1,0.491
2025,Kyrie Irving,SG,Dallas Mavericks,Chicago Bulls,19,18,1.335,0.842,0.029,0,1,0.418
2025,Kyrie Irving,SG,Dallas Mavericks,Miami Heat,19,20,1.335,1.223,0.026,0,1,0.415
2025,Kyshawn George,SG,Washington Wizards,Oklahoma City Thunder,29,1,-0.086,1.265,3.577,1.351,0.817,2.473
2025,Kyshawn George,SG,Washington Wizards,Cleveland Cavaliers,29,2,-0.086,1.342,3.246,1.427,0.807,2.271
2025,Kyshawn George,SG,Washington Wizards,Boston Celtics,29,3,-0.086,0.808,3.148,0.894,0.875,2.239
2025,Kyshawn George,SG,Washington Wizards,Houston Rockets,29,4,-0.086,0.724,2.664,0.81,0.886,1.953
2025,Kyshawn George,SG,Washington Wizards,New York Knicks,29,5,-0.086,0.807,2.557,0.892,0.875,1.884
2025,Kyshawn George,SG,Washington Wizards,Indiana Pacers,29,6,-0.086,0.275,2.398,0.36,0.947,1.818
2025,Kyshawn George,SG,Washington Wizards,Los Angeles Clippers,29,9,-0.086,1.026,2.436,1.111,0.846,1.8
2025,Kyshawn George,SG,Washington Wizards,Denver Nuggets,29,8,-0.086,0.812,2.384,0.898,0.874,1.78
2025,Kyshawn George,SG,Washington Wizards,Minnesota Timberwolves,29,10,-0.086,1.353,2.377,1.439,0.806,1.748
2025,Kyshawn George,SG,Washington Wizards,Los Angeles Lakers,29,7,-0.086,1.047,2.306,1.133,0.844,1.721
2025,Kyshawn George,SG,Washington Wizards,Golden State Warriors,29,12,-0.086,0.448,2.183,0.534,0.923,1.679
2025,Kyshawn George,SG,Washington Wizards,Milwaukee Bucks,29,11,-0.086,0.683,2.171,0.768,0.891,1.659
2025,Kyshawn George,SG,Washington Wizards,Memphis Grizzlies,29,13,-0.086,0.996,2.199,1.081,0.85,1.659
2025,Kyshawn George,SG,Washington Wizards,Detroit Pistons,29,14,-0.086,2.249,1.933,2.335,0.705,1.442
2025,Kyshawn George,SG,Washington Wizards,Orlando Magic,29,15,-0.086,0.142,1.753,0.227,0.966,1.438
2025,Kyshawn George,SG,Washington Wizards,Sacramento Kings,29,17,-0.086,0.908,1.626,0.994,0.861,1.32
2025,Kyshawn George,SG,Washington Wizards,Atlanta Hawks,29,16,-0.086,1.001,1.594,1.087,0.85,1.296
2025,Kyshawn George,SG,Washington Wizards,Chicago Bulls,29,18,-0.086,0.842,1.473,0.927,0.87,1.232
2025,Kyshawn George,SG,Washington Wizards,Miami Heat,29,20,-0.086,1.223,1.469,1.309,0.822,1.21
2025,Kyshawn George,SG,Washington Wizards,Dallas Mavericks,29,19,-0.086,1.335,1.443,1.421,0.808,1.189
2025,Kyshawn George,SG,Washington Wizards,Portland Trail Blazers,29,22,-0.086,0.782,1.177,0.868,0.878,1.058
2025,Kyshawn George,SG,Washington Wizards,Phoenix Suns,29,21,-0.086,1.298,1.173,1.384,0.813,1.029
2025,Kyshawn George,SG,Washington Wizards,San Antonio Spurs,29,23,-0.086,0.668,1.08,0.753,0.893,1.005
2025,Kyshawn George,SG,Washington Wizards,Toronto Raptors,29,24,-0.086,0.479,0.897,0.565,0.919,0.905
2025,Kyshawn George,SG,Washington Wizards,Brooklyn Nets,29,25,-0.086,0.95,0.612,1.035,0.856,0.71
2025,Kyshawn George,SG,Washington Wizards,Philadelphia 76ers,29,26,-0.086,1.127,0.554,1.213,0.834,0.666
2025,Kyshawn George,SG,Washington Wizards,New Orleans Pelicans,29,27,-0.086,0.263,0.276,0.348,0.949,0.545
2025,Kyshawn George,SG,Washington Wizards,Charlotte Hornets,29,28,-0.086,0.355,0.228,0.44,0.936,0.511
2025,Kyshawn George,SG,Washington Wizards,Utah Jazz,29,30,-0.086,0.696,0.073,0.781,0.889,0.399
2025,Lamar Stevens,PF,Memphis Grizzlies,Oklahoma City Thunder,13,1,-0.6,0.795,1.378,1.395,0.811,1.152
2025,Lamar Stevens,PF,Memphis Grizzlies,Cleveland Cavaliers,13,2,-0.6,1.717,1.047,2.317,0.706,0.911
2025,Lamar Stevens,PF,Memphis Grizzlies,Boston Celtics,13,3,-0.6,1.509,0.949,2.109,0.729,0.861
2025,Lamar Stevens,PF,Memphis Grizzlies,Houston Rockets,13,4,-0.6,0.863,0.465,1.463,0.803,0.6
2025,Lamar Stevens,PF,Memphis Grizzlies,New York Knicks,13,5,-0.6,0.825,0.358,1.425,0.807,0.538
2025,Lamar Stevens,PF,Memphis Grizzlies,Los Angeles Clippers,13,9,-0.6,-0.25,0.237,0.35,0.949,0.522
2025,Lamar Stevens,PF,Memphis Grizzlies,Denver Nuggets,13,8,-0.6,0.4,0.185,1,0.861,0.455
2025,Lamar Stevens,PF,Memphis Grizzlies,Indiana Pacers,13,6,-0.6,0.96,0.199,1.56,0.791,0.436
2025,Lamar Stevens,PF,Memphis Grizzlies,Minnesota Timberwolves,13,10,-0.6,0.731,0.178,1.331,0.819,0.434
2025,Lamar Stevens,PF,Memphis Grizzlies,Los Angeles Lakers,13,7,-0.6,0.286,0.107,0.886,0.875,0.414
2025,LaMelo Ball,PG,Charlotte Hornets,Oklahoma City Thunder,28,1,0.883,1.646,3.349,0.763,0.892,2.366
2025,LaMelo Ball,PG,Charlotte Hornets,Cleveland Cavaliers,28,2,0.883,0.908,3.018,0.025,0.996,2.209
2025,LaMelo Ball,PG,Charlotte Hornets,Boston Celtics,28,3,0.883,0.432,2.92,0,1,2.152
2025,LaMelo Ball,PG,Charlotte Hornets,Houston Rockets,28,4,0.883,0.457,2.436,0,1,1.861
2025,LaMelo Ball,PG,Charlotte Hornets,New York Knicks,28,5,0.883,1.105,2.328,0.222,0.967,1.784
2025,LaMelo Ball,PG,Charlotte Hornets,Los Angeles Clippers,28,9,0.883,1.03,2.207,0.147,0.978,1.716
2025,LaMelo Ball,PG,Charlotte Hornets,Denver Nuggets,28,8,0.883,0.822,2.155,0,1,1.693
2025,LaMelo Ball,PG,Charlotte Hornets,Minnesota Timberwolves,28,10,0.883,0.2,2.148,0,1,1.689
2025,LaMelo Ball,PG,Charlotte Hornets,Indiana Pacers,28,6,0.883,1.379,2.169,0.496,0.928,1.673
2025,LaMelo Ball,PG,Charlotte Hornets,Los Angeles Lakers,28,7,0.883,1.252,2.078,0.37,0.946,1.625
2025,LaMelo Ball,PG,Charlotte Hornets,Memphis Grizzlies,28,13,0.883,0.849,1.971,0,1,1.582
2025,LaMelo Ball,PG,Charlotte Hornets,Golden State Warriors,28,12,0.883,1.025,1.955,0.142,0.979,1.565
2025,LaMelo Ball,PG,Charlotte Hornets,Milwaukee Bucks,28,11,0.883,1.065,1.943,0.182,0.973,1.555
2025,LaMelo Ball,PG,Charlotte Hornets,Detroit Pistons,28,14,0.883,1.099,1.705,0.216,0.968,1.41
2025,LaMelo Ball,PG,Charlotte Hornets,Orlando Magic,28,15,0.883,0.182,1.525,0,1,1.315
2025,LaMelo Ball,PG,Charlotte Hornets,Sacramento Kings,28,17,0.883,0.871,1.398,0,1,1.239
2025,LaMelo Ball,PG,Charlotte Hornets,Atlanta Hawks,28,16,0.883,1.258,1.366,0.375,0.945,1.198
2025,LaMelo Ball,PG,Charlotte Hornets,Chicago Bulls,28,18,0.883,0.694,1.244,0,1,1.147
2025,LaMelo Ball,PG,Charlotte Hornets,Miami Heat,28,20,0.883,0.39,1.241,0,1,1.144
2025,LaMelo Ball,PG,Charlotte Hornets,Dallas Mavericks,28,19,0.883,1.413,1.215,0.53,0.924,1.098
2025,LaMelo Ball,PG,Charlotte Hornets,Portland Trail Blazers,28,22,0.883,0.141,0.949,0,1,0.969
2025,LaMelo Ball,PG,Charlotte Hornets,Phoenix Suns,28,21,0.883,0.387,0.945,0,1,0.967
2025,LaMelo Ball,PG,Charlotte Hornets,San Antonio Spurs,28,23,0.883,0.766,0.852,0,1,0.911
2025,LaMelo Ball,PG,Charlotte Hornets,Toronto Raptors,28,24,0.883,0.562,0.668,0,1,0.801
2025,LaMelo Ball,PG,Charlotte Hornets,Brooklyn Nets,28,25,0.883,0.658,0.383,0,1,0.63
2025,LaMelo Ball,PG,Charlotte Hornets,Philadelphia 76ers,28,26,0.883,1.022,0.325,0.139,0.979,0.587
2025,LaMelo Ball,PG,Charlotte Hornets,New Orleans Pelicans,28,27,0.883,0.702,0.047,0,1,0.428
2025,Landry Shamet,SG,New York Knicks,Oklahoma City Thunder,5,1,-0.15,1.265,1.021,1.416,0.809,0.936
2025,Landry Shamet,SG,New York Knicks,Cleveland Cavaliers,5,2,-0.15,1.342,0.69,1.492,0.799,0.734
2025,Landry Shamet,SG,New York Knicks,Boston Celtics,5,3,-0.15,0.808,0.591,0.958,0.866,0.701
2025,Landry Shamet,SG,New York Knicks,Houston Rockets,5,4,-0.15,0.724,0.107,0.875,0.877,0.415
2025,Larry Nance Jr.,PF,Atlanta Hawks,Oklahoma City Thunder,16,1,0.235,0.795,1.983,0.56,0.919,1.557
2025,Larry Nance Jr.,PF,Atlanta Hawks,Cleveland Cavaliers,16,2,0.235,1.717,1.652,1.483,0.801,1.311
2025,Larry Nance Jr.,PF,Atlanta Hawks,Boston Celtics,16,3,0.235,1.509,1.553,1.274,0.826,1.263
2025,Larry Nance Jr.,PF,Atlanta Hawks,Houston Rockets,16,4,0.235,0.863,1.07,0.629,0.91,1.006
2025,Larry Nance Jr.,PF,Atlanta Hawks,New York Knicks,16,5,0.235,0.825,0.962,0.591,0.915,0.943
2025,Larry Nance Jr.,PF,Atlanta Hawks,Los Angeles Clippers,16,9,0.235,-0.25,0.841,0,1,0.905
2025,Larry Nance Jr.,PF,Atlanta Hawks,Denver Nuggets,16,8,0.235,0.4,0.789,0.165,0.975,0.864
2025,Larry Nance Jr.,PF,Atlanta Hawks,Indiana Pacers,16,6,0.235,0.96,0.803,0.725,0.897,0.841
2025,Larry Nance Jr.,PF,Atlanta Hawks,Minnesota Timberwolves,16,10,0.235,0.731,0.782,0.497,0.928,0.841
2025,Larry Nance Jr.,PF,Atlanta Hawks,Los Angeles Lakers,16,7,0.235,0.286,0.712,0.052,0.992,0.824
2025,Larry Nance Jr.,PF,Atlanta Hawks,Memphis Grizzlies,16,13,0.235,0.525,0.605,0.29,0.957,0.746
2025,Larry Nance Jr.,PF,Atlanta Hawks,Golden State Warriors,16,12,0.235,0.698,0.589,0.463,0.933,0.727
2025,Larry Nance Jr.,PF,Atlanta Hawks,Milwaukee Bucks,16,11,0.235,2.524,0.576,2.29,0.709,0.63
2025,Larry Nance Jr.,PF,Atlanta Hawks,Detroit Pistons,16,14,0.235,0.573,0.339,0.339,0.95,0.584
2025,Larry Nance Jr.,PF,Atlanta Hawks,Orlando Magic,16,15,0.235,1.217,0.159,0.983,0.863,0.44
2025,Larry Nance Jr.,PF,Atlanta Hawks,Sacramento Kings,16,17,0.235,0.523,0.032,0.288,0.958,0.402
2025,Lauri Markkanen,PF,Utah Jazz,Oklahoma City Thunder,30,1,0.509,0.795,3.505,0.286,0.958,2.486
2025,Lauri Markkanen,PF,Utah Jazz,Cleveland Cavaliers,30,2,0.509,1.717,3.174,1.208,0.834,2.238
2025,Lauri Markkanen,PF,Utah Jazz,Boston Celtics,30,3,0.509,1.509,3.075,0.999,0.861,2.189
2025,Lauri Markkanen,PF,Utah Jazz,Houston Rockets,30,4,0.509,0.863,2.591,0.354,0.948,1.934
2025,Lauri Markkanen,PF,Utah Jazz,New York Knicks,30,5,0.509,0.825,2.484,0.316,0.954,1.872
2025,Lauri Markkanen,PF,Utah Jazz,Los Angeles Clippers,30,9,0.509,-0.25,2.363,0,1,1.818
2025,Lauri Markkanen,PF,Utah Jazz,Denver Nuggets,30,8,0.509,0.4,2.311,0,1,1.787
2025,Lauri Markkanen,PF,Utah Jazz,Indiana Pacers,30,6,0.509,0.96,2.325,0.45,0.935,1.769
2025,Lauri Markkanen,PF,Utah Jazz,Minnesota Timberwolves,30,10,0.509,0.731,2.304,0.222,0.967,1.769
2025,Lauri Markkanen,PF,Utah Jazz,Los Angeles Lakers,30,7,0.509,0.286,2.233,0,1,1.74
2025,Lauri Markkanen,PF,Utah Jazz,Memphis Grizzlies,30,13,0.509,0.525,2.126,0.015,0.998,1.675
2025,Lauri Markkanen,PF,Utah Jazz,Golden State Warriors,30,12,0.509,0.698,2.111,0.189,0.972,1.655
2025,Lauri Markkanen,PF,Utah Jazz,Milwaukee Bucks,30,11,0.509,2.524,2.098,2.015,0.739,1.555
2025,Lauri Markkanen,PF,Utah Jazz,Detroit Pistons,30,14,0.509,0.573,1.861,0.064,0.99,1.513
2025,Lauri Markkanen,PF,Utah Jazz,Orlando Magic,30,15,0.509,1.217,1.68,0.708,0.899,1.368
2025,Lauri Markkanen,PF,Utah Jazz,Sacramento Kings,30,17,0.509,0.523,1.554,0.014,0.998,1.331
2025,Lauri Markkanen,PF,Utah Jazz,Atlanta Hawks,30,16,0.509,0.235,1.522,0,1,1.313
2025,Lauri Markkanen,PF,Utah Jazz,Chicago Bulls,30,18,0.509,0.411,1.4,0,1,1.24
2025,Lauri Markkanen,PF,Utah Jazz,Miami Heat,30,20,0.509,0.861,1.396,0.352,0.949,1.217
2025,Lauri Markkanen,PF,Utah Jazz,Dallas Mavericks,30,19,0.509,1.939,1.371,1.43,0.807,1.145
2025,Lauri Markkanen,PF,Utah Jazz,Portland Trail Blazers,30,22,0.509,0.482,1.105,0,1,1.063
2025,Lauri Markkanen,PF,Utah Jazz,Phoenix Suns,30,21,0.509,1.486,1.101,0.977,0.864,1.006
2025,Lauri Markkanen,PF,Utah Jazz,San Antonio Spurs,30,23,0.509,0.484,1.007,0,1,1.004
2025,Lauri Markkanen,PF,Utah Jazz,Toronto Raptors,30,24,0.509,1.283,0.824,0.774,0.89,0.85
2025,Lauri Markkanen,PF,Utah Jazz,Brooklyn Nets,30,25,0.509,0.624,0.539,0.114,0.983,0.717
2025,Lauri Markkanen,PF,Utah Jazz,Philadelphia 76ers,30,26,0.509,0.711,0.481,0.202,0.97,0.677
2025,Lauri Markkanen,PF,Utah Jazz,Charlotte Hornets,30,28,0.509,0.956,0.156,0.447,0.935,0.467
2025,Lauri Markkanen,PF,Utah Jazz,New Orleans Pelicans,30,27,0.509,1.672,0.203,1.163,0.84,0.458
2025,LeBron James,SF,Los Angeles Lakers,Oklahoma City Thunder,7,1,2.119,0.332,1.271,0,1,1.163
2025,LeBron James,SF,Los Angeles Lakers,Cleveland Cavaliers,7,2,2.119,0.475,0.94,0,1,0.964
2025,LeBron James,SF,Los Angeles Lakers,Boston Celtics,7,3,2.119,1.283,0.842,0,1,0.905
2025,LeBron James,SF,Los Angeles Lakers,Houston Rockets,7,4,2.119,1.573,0.358,0,1,0.615
2025,LeBron James,SF,Los Angeles Lakers,New York Knicks,7,5,2.119,0.764,0.251,0,1,0.55
2025,LeBron James,SF,Los Angeles Lakers,Los Angeles Clippers,7,9,2.119,1.392,0.13,0,1,0.478
2025,LeBron James,SF,Los Angeles Lakers,Indiana Pacers,7,6,2.119,0.534,0.092,0,1,0.455
2025,LeBron James,SF,Los Angeles Lakers,Denver Nuggets,7,8,2.119,0.927,0.078,0,1,0.447
2025,LeBron James,SF,Los Angeles Lakers,Minnesota Timberwolves,7,10,2.119,-0.433,0.071,0,1,0.442
2025,Leonard Miller,SF,Minnesota Timberwolves,Oklahoma City Thunder,10,1,-0.59,0.332,1.201,0.922,0.871,1.069
2025,Leonard Miller,SF,Minnesota Timberwolves,Cleveland Cavaliers,10,2,-0.59,0.475,0.87,1.065,0.852,0.863
2025,Leonard Miller,SF,Minnesota Timberwolves,Boston Celtics,10,3,-0.59,1.283,0.771,1.873,0.755,0.765
2025,Leonard Miller,SF,Minnesota Timberwolves,Houston Rockets,10,4,-0.59,1.573,0.287,2.163,0.723,0.462
2025,Leonard Miller,SF,Minnesota Timberwolves,New York Knicks,10,5,-0.59,0.764,0.18,1.354,0.816,0.434
2025,Leonard Miller,SF,Minnesota Timberwolves,Indiana Pacers,10,6,-0.59,0.534,0.021,1.124,0.845,0.351
2025,Leonard Miller,SF,Minnesota Timberwolves,Los Angeles Clippers,10,9,-0.59,1.392,0.059,1.982,0.743,0.332
2025,Leonard Miller,SF,Minnesota Timberwolves,Denver Nuggets,10,8,-0.59,0.927,0.007,1.517,0.797,0.323
2025,Lester Quiñones,SG,New Orleans Pelicans,Oklahoma City Thunder,27,1,-0.171,1.265,3.302,1.436,0.806,2.303
2025,Lester Quiñones,SG,Philadelphia 76ers,Oklahoma City Thunder,26,1,-0.702,1.265,3.024,1.968,0.744,2.112
2025,Lester Quiñones,SG,New Orleans Pelicans,Cleveland Cavaliers,27,2,-0.171,1.342,2.971,1.513,0.797,2.101
2025,Lester Quiñones,SG,New Orleans Pelicans,Boston Celtics,27,3,-0.171,0.808,2.872,0.979,0.863,2.069
2025,Lester Quiñones,SG,Philadelphia 76ers,Cleveland Cavaliers,26,2,-0.702,1.342,2.693,2.044,0.736,1.91
2025,Lester Quiñones,SG,Philadelphia 76ers,Boston Celtics,26,3,-0.702,0.808,2.594,1.51,0.797,1.875
2025,Lester Quiñones,SG,New Orleans Pelicans,Houston Rockets,27,4,-0.171,0.724,2.388,0.895,0.874,1.783
2025,Lester Quiñones,SG,New Orleans Pelicans,New York Knicks,27,5,-0.171,0.807,2.281,0.978,0.864,1.714
2025,Lester Quiñones,SG,New Orleans Pelicans,Indiana Pacers,27,6,-0.171,0.275,2.122,0.446,0.935,1.647
2025,Lester Quiñones,SG,New Orleans Pelicans,Los Angeles Clippers,27,9,-0.171,1.026,2.16,1.197,0.836,1.63
2025,Lester Quiñones,SG,New Orleans Pelicans,Denver Nuggets,27,8,-0.171,0.812,2.108,0.983,0.863,1.61
2025,Lester Quiñones,SG,Philadelphia 76ers,Houston Rockets,26,4,-0.702,0.724,2.11,1.427,0.807,1.589
2025,Lester Quiñones,SG,New Orleans Pelicans,Minnesota Timberwolves,27,10,-0.171,1.353,2.101,1.524,0.796,1.579
2025,Lester Quiñones,SG,New Orleans Pelicans,Los Angeles Lakers,27,7,-0.171,1.047,2.03,1.218,0.833,1.551
2025,Lester Quiñones,SG,Philadelphia 76ers,New York Knicks,26,5,-0.702,0.807,2.003,1.509,0.797,1.521
2025,Lester Quiñones,SG,New Orleans Pelicans,Golden State Warriors,27,12,-0.171,0.448,1.908,0.619,0.911,1.509
2025,Lester Quiñones,SG,New Orleans Pelicans,Memphis Grizzlies,27,13,-0.171,0.996,1.923,1.167,0.839,1.49
2025,Lester Quiñones,SG,New Orleans Pelicans,Milwaukee Bucks,27,11,-0.171,0.683,1.895,0.854,0.88,1.489
2025,Lester Quiñones,SG,Philadelphia 76ers,Indiana Pacers,26,6,-0.702,0.275,1.844,0.977,0.864,1.452
2025,Lester Quiñones,SG,Philadelphia 76ers,Los Angeles Clippers,26,9,-0.702,1.026,1.882,1.728,0.772,1.438
2025,Lester Quiñones,SG,Philadelphia 76ers,Denver Nuggets,26,8,-0.702,0.812,1.83,1.514,0.797,1.417
2025,Lester Quiñones,SG,Philadelphia 76ers,Minnesota Timberwolves,26,10,-0.702,1.353,1.823,2.056,0.735,1.388
2025,Lester Quiñones,SG,Philadelphia 76ers,Los Angeles Lakers,26,7,-0.702,1.047,1.752,1.749,0.769,1.359
2025,Lester Quiñones,SG,Philadelphia 76ers,Golden State Warriors,26,12,-0.702,0.448,1.63,1.15,0.842,1.314
2025,Lester Quiñones,SG,Philadelphia 76ers,Memphis Grizzlies,26,13,-0.702,0.996,1.645,1.698,0.775,1.297
2025,Lester Quiñones,SG,Philadelphia 76ers,Milwaukee Bucks,26,11,-0.702,0.683,1.617,1.385,0.812,1.295
2025,Lester Quiñones,SG,New Orleans Pelicans,Detroit Pistons,27,14,-0.171,2.249,1.658,2.42,0.696,1.273
2025,Lester Quiñones,SG,New Orleans Pelicans,Orlando Magic,27,15,-0.171,0.142,1.477,0.313,0.954,1.268
2025,Lester Quiñones,SG,New Orleans Pelicans,Sacramento Kings,27,17,-0.171,0.908,1.351,1.079,0.851,1.151
2025,Lester Quiñones,SG,New Orleans Pelicans,Atlanta Hawks,27,16,-0.171,1.001,1.319,1.172,0.839,1.127
2025,Lester Quiñones,SG,Philadelphia 76ers,Detroit Pistons,26,14,-0.702,2.249,1.38,2.951,0.642,1.085
2025,Lester Quiñones,SG,Philadelphia 76ers,Orlando Magic,26,15,-0.702,0.142,1.199,0.844,0.881,1.072
2025,Lester Quiñones,SG,New Orleans Pelicans,Chicago Bulls,27,18,-0.171,0.842,1.197,1.013,0.859,1.062
2025,Lester Quiñones,SG,New Orleans Pelicans,Miami Heat,27,20,-0.171,1.223,1.193,1.394,0.811,1.04
2025,Lester Quiñones,SG,New Orleans Pelicans,Dallas Mavericks,27,19,-0.171,1.335,1.167,1.506,0.798,1.02
2025,Lester Quiñones,SG,Philadelphia 76ers,Sacramento Kings,26,17,-0.702,0.908,1.073,1.611,0.785,0.958
2025,Lester Quiñones,SG,Philadelphia 76ers,Atlanta Hawks,26,16,-0.702,1.001,1.041,1.703,0.775,0.934
2025,Lester Quiñones,SG,New Orleans Pelicans,Portland Trail Blazers,27,22,-0.171,0.782,0.902,0.953,0.867,0.888
2025,Lester Quiñones,SG,Philadelphia 76ers,Chicago Bulls,26,18,-0.702,0.842,0.919,1.544,0.793,0.869
2025,Lester Quiñones,SG,New Orleans Pelicans,Phoenix Suns,27,21,-0.171,1.298,0.898,1.469,0.802,0.86
2025,Lester Quiñones,SG,Philadelphia 76ers,Miami Heat,26,20,-0.702,1.223,0.915,1.926,0.749,0.849
2025,Lester Quiñones,SG,New Orleans Pelicans,San Antonio Spurs,27,23,-0.171,0.668,0.804,0.839,0.882,0.835
2025,Lester Quiñones,SG,Philadelphia 76ers,Dallas Mavericks,26,19,-0.702,1.335,0.89,2.038,0.737,0.828
2025,Lester Quiñones,SG,New Orleans Pelicans,Toronto Raptors,27,24,-0.171,0.479,0.621,0.65,0.907,0.735
2025,Lester Quiñones,SG,Philadelphia 76ers,Portland Trail Blazers,26,22,-0.702,0.782,0.624,1.485,0.8,0.694
2025,Lester Quiñones,SG,Philadelphia 76ers,Phoenix Suns,26,21,-0.702,1.298,0.62,2,0.741,0.668
2025,Lester Quiñones,SG,Philadelphia 76ers,San Antonio Spurs,26,23,-0.702,0.668,0.526,1.37,0.814,0.642
2025,Lester Quiñones,SG,Philadelphia 76ers,Toronto Raptors,26,24,-0.702,0.479,0.343,1.181,0.838,0.541
2025,Lester Quiñones,SG,New Orleans Pelicans,Brooklyn Nets,27,25,-0.171,0.95,0.336,1.121,0.845,0.54
2025,Lester Quiñones,SG,New Orleans Pelicans,Philadelphia 76ers,27,26,-0.171,1.127,0.278,1.298,0.823,0.496
2025,Lester Quiñones,SG,Philadelphia 76ers,Brooklyn Nets,26,25,-0.702,0.95,0.058,1.652,0.781,0.347
2025,Liam Robbins,C,Milwaukee Bucks,Oklahoma City Thunder,11,1,-1.846,1.018,1.406,2.864,0.651,1.104
2025,Liam Robbins,C,Milwaukee Bucks,Cleveland Cavaliers,11,2,-1.846,0.96,1.075,2.806,0.656,0.908
2025,Liam Robbins,C,Milwaukee Bucks,Boston Celtics,11,3,-1.846,0.929,0.977,2.775,0.659,0.85
2025,Liam Robbins,C,Milwaukee Bucks,Houston Rockets,11,4,-1.846,0.807,0.493,2.654,0.672,0.565
2025,Liam Robbins,C,Milwaukee Bucks,New York Knicks,11,5,-1.846,1.332,0.386,3.179,0.621,0.48
2025,Liam Robbins,C,Milwaukee Bucks,Los Angeles Clippers,11,9,-1.846,1.266,0.265,3.112,0.627,0.41
2025,Liam Robbins,C,Milwaukee Bucks,Indiana Pacers,11,6,-1.846,0.754,0.227,2.601,0.677,0.407
2025,Liam Robbins,C,Milwaukee Bucks,Minnesota Timberwolves,11,10,-1.846,1.008,0.206,2.854,0.652,0.384
2025,Liam Robbins,C,Milwaukee Bucks,Denver Nuggets,11,8,-1.846,1.827,0.213,3.674,0.576,0.358
2025,Liam Robbins,C,Milwaukee Bucks,Golden State Warriors,11,12,-1.846,-0.087,0.013,1.76,0.768,0.315
2025,Liam Robbins,C,Milwaukee Bucks,Los Angeles Lakers,11,7,-1.846,1.908,0.135,3.754,0.569,0.309
2025,Liam Robbins,C,Milwaukee Bucks,Memphis Grizzlies,11,13,-1.846,0.773,0.028,2.62,0.675,0.287
2025,Lindy Waters III,SG,Detroit Pistons,Oklahoma City Thunder,14,1,-0.3,1.265,1.644,1.566,0.791,1.303
2025,Lindy Waters III,SG,Golden State Warriors,Oklahoma City Thunder,12,1,-0.301,1.265,1.394,1.567,0.791,1.153
2025,Lindy Waters III,SG,Detroit Pistons,Cleveland Cavaliers,14,2,-0.3,1.342,1.313,1.642,0.782,1.1
2025,Lindy Waters III,SG,Detroit Pistons,Boston Celtics,14,3,-0.3,0.808,1.215,1.108,0.847,1.067
2025,Lindy Waters III,SG,Golden State Warriors,Cleveland Cavaliers,12,2,-0.301,1.342,1.063,1.643,0.782,0.95
2025,Lindy Waters III,SG,Golden State Warriors,Boston Celtics,12,3,-0.301,0.808,0.964,1.11,0.847,0.917
2025,Lindy Waters III,SG,Detroit Pistons,Houston Rockets,14,4,-0.3,0.724,0.731,1.024,0.858,0.781
2025,Lindy Waters III,SG,Detroit Pistons,New York Knicks,14,5,-0.3,0.807,0.623,1.107,0.847,0.713
2025,Lindy Waters III,SG,Detroit Pistons,Indiana Pacers,14,6,-0.3,0.275,0.464,0.575,0.917,0.646
2025,Lindy Waters III,SG,Golden State Warriors,Houston Rockets,12,4,-0.301,0.724,0.481,1.026,0.857,0.631
2025,Lindy Waters III,SG,Detroit Pistons,Los Angeles Clippers,14,9,-0.3,1.026,0.502,1.326,0.82,0.629
2025,Lindy Waters III,SG,Detroit Pistons,Denver Nuggets,14,8,-0.3,0.812,0.45,1.112,0.846,0.609
2025,Lindy Waters III,SG,Detroit Pistons,Minnesota Timberwolves,14,10,-0.3,1.353,0.443,1.654,0.78,0.578
2025,Lindy Waters III,SG,Golden State Warriors,New York Knicks,12,5,-0.301,0.807,0.373,1.108,0.847,0.563
2025,Lindy Waters III,SG,Detroit Pistons,Los Angeles Lakers,14,7,-0.3,1.047,0.373,1.347,0.817,0.55
2025,Lindy Waters III,SG,Detroit Pistons,Golden State Warriors,14,12,-0.3,0.448,0.25,0.748,0.894,0.508
2025,Lindy Waters III,SG,Golden State Warriors,Indiana Pacers,12,6,-0.301,0.275,0.214,0.576,0.917,0.495
2025,Lindy Waters III,SG,Detroit Pistons,Memphis Grizzlies,14,13,-0.3,0.996,0.266,1.296,0.823,0.489
2025,Lindy Waters III,SG,Detroit Pistons,Milwaukee Bucks,14,11,-0.3,0.683,0.237,0.983,0.863,0.488
2025,Lindy Waters III,SG,Golden State Warriors,Los Angeles Clippers,12,9,-0.301,1.026,0.252,1.327,0.819,0.479
2025,Lindy Waters III,SG,Golden State Warriors,Denver Nuggets,12,8,-0.301,0.812,0.2,1.113,0.846,0.459
2025,Lindy Waters III,SG,Golden State Warriors,Minnesota Timberwolves,12,10,-0.301,1.353,0.193,1.655,0.78,0.428
2025,Lindy Waters III,SG,Golden State Warriors,Los Angeles Lakers,12,7,-0.301,1.047,0.123,1.349,0.817,0.4
2025,Lindy Waters III,SG,Golden State Warriors,Memphis Grizzlies,12,13,-0.301,0.996,0.016,1.297,0.823,0.339
2025,Lonnie Walker IV,SG,Philadelphia 76ers,Oklahoma City Thunder,26,1,0.23,1.265,3.024,1.035,0.856,2.157
2025,Lonnie Walker IV,SG,Philadelphia 76ers,Cleveland Cavaliers,26,2,0.23,1.342,2.693,1.112,0.846,1.954
2025,Lonnie Walker IV,SG,Philadelphia 76ers,Boston Celtics,26,3,0.23,0.808,2.594,0.578,0.917,1.923
2025,Lonnie Walker IV,SG,Philadelphia 76ers,Houston Rockets,26,4,0.23,0.724,2.11,0.494,0.929,1.638
2025,Lonnie Walker IV,SG,Philadelphia 76ers,New York Knicks,26,5,0.23,0.807,2.003,0.577,0.917,1.569
2025,Lonnie Walker IV,SG,Philadelphia 76ers,Indiana Pacers,26,6,0.23,0.275,1.844,0.045,0.993,1.504
2025,Lonnie Walker IV,SG,Philadelphia 76ers,Los Angeles Clippers,26,9,0.23,1.026,1.882,0.796,0.887,1.484
2025,Lonnie Walker IV,SG,Philadelphia 76ers,Denver Nuggets,26,8,0.23,0.812,1.83,0.582,0.916,1.465
2025,Lonnie Walker IV,SG,Philadelphia 76ers,Minnesota Timberwolves,26,10,0.23,1.353,1.823,1.123,0.845,1.432
2025,Lonnie Walker IV,SG,Philadelphia 76ers,Los Angeles Lakers,26,7,0.23,1.047,1.752,0.817,0.885,1.405
2025,Lonnie Walker IV,SG,Philadelphia 76ers,Golden State Warriors,26,12,0.23,0.448,1.63,0.218,0.968,1.365
2025,Lonnie Walker IV,SG,Philadelphia 76ers,Memphis Grizzlies,26,13,0.23,0.996,1.645,0.766,0.892,1.344
2025,Lonnie Walker IV,SG,Philadelphia 76ers,Milwaukee Bucks,26,11,0.23,0.683,1.617,0.453,0.934,1.344
2025,Lonnie Walker IV,SG,Philadelphia 76ers,Detroit Pistons,26,14,0.23,2.249,1.38,2.019,0.739,1.123
2025,Lonnie Walker IV,SG,Philadelphia 76ers,Orlando Magic,26,15,0.23,0.142,1.199,0,1,1.12
2025,Lonnie Walker IV,SG,Philadelphia 76ers,Sacramento Kings,26,17,0.23,0.908,1.073,0.678,0.903,1.005
2025,Lonnie Walker IV,SG,Philadelphia 76ers,Atlanta Hawks,26,16,0.23,1.001,1.041,0.771,0.891,0.981
2025,Lonnie Walker IV,SG,Philadelphia 76ers,Chicago Bulls,26,18,0.23,0.842,0.919,0.611,0.912,0.916
2025,Lonnie Walker IV,SG,Philadelphia 76ers,Miami Heat,26,20,0.23,1.223,0.915,0.993,0.862,0.894
2025,Lonnie Walker IV,SG,Philadelphia 76ers,Dallas Mavericks,26,19,0.23,1.335,0.89,1.105,0.847,0.873
2025,Lonnie Walker IV,SG,Philadelphia 76ers,Portland Trail Blazers,26,22,0.23,0.782,0.624,0.552,0.921,0.742
2025,Lonnie Walker IV,SG,Philadelphia 76ers,Phoenix Suns,26,21,0.23,1.298,0.62,1.068,0.852,0.713
2025,Lonnie Walker IV,SG,Philadelphia 76ers,San Antonio Spurs,26,23,0.23,0.668,0.526,0.438,0.936,0.69
2025,Lonnie Walker IV,SG,Philadelphia 76ers,Toronto Raptors,26,24,0.23,0.479,0.343,0.249,0.963,0.591
2025,Lonnie Walker IV,SG,Philadelphia 76ers,Brooklyn Nets,26,25,0.23,0.95,0.058,0.72,0.898,0.394
2025,Lonzo Ball,PG,Chicago Bulls,Oklahoma City Thunder,18,1,-0.006,1.646,2.105,1.652,0.781,1.575
2025,Lonzo Ball,PG,Chicago Bulls,Cleveland Cavaliers,18,2,-0.006,0.908,1.774,0.914,0.872,1.413
2025,Lonzo Ball,PG,Chicago Bulls,Boston Celtics,18,3,-0.006,0.432,1.675,0.438,0.936,1.38
2025,Lonzo Ball,PG,Chicago Bulls,Houston Rockets,18,4,-0.006,0.457,1.191,0.463,0.933,1.088
2025,Lonzo Ball,PG,Chicago Bulls,New York Knicks,18,5,-0.006,1.105,1.084,1.111,0.846,0.989
2025,Lonzo Ball,PG,Chicago Bulls,Minnesota Timberwolves,18,10,-0.006,0.2,0.904,0.206,0.97,0.93
2025,Lonzo Ball,PG,Chicago Bulls,Los Angeles Clippers,18,9,-0.006,1.03,0.963,1.036,0.856,0.92
2025,Lonzo Ball,PG,Chicago Bulls,Denver Nuggets,18,8,-0.006,0.822,0.911,0.828,0.883,0.9
2025,Lonzo Ball,PG,Chicago Bulls,Indiana Pacers,18,6,-0.006,1.379,0.925,1.385,0.812,0.88
2025,Lonzo Ball,PG,Chicago Bulls,Los Angeles Lakers,18,7,-0.006,1.252,0.833,1.258,0.828,0.831
2025,Lonzo Ball,PG,Chicago Bulls,Memphis Grizzlies,18,13,-0.006,0.849,0.726,0.855,0.88,0.788
2025,Lonzo Ball,PG,Chicago Bulls,Golden State Warriors,18,12,-0.006,1.025,0.711,1.031,0.857,0.769
2025,Lonzo Ball,PG,Chicago Bulls,Milwaukee Bucks,18,11,-0.006,1.065,0.698,1.071,0.852,0.76
2025,Lonzo Ball,PG,Chicago Bulls,Detroit Pistons,18,14,-0.006,1.099,0.461,1.105,0.847,0.615
2025,Lonzo Ball,PG,Chicago Bulls,Orlando Magic,18,15,-0.006,0.182,0.28,0.188,0.972,0.557
2025,Lonzo Ball,PG,Chicago Bulls,Sacramento Kings,18,17,-0.006,0.871,0.154,0.877,0.877,0.443
2025,Lonzo Ball,PG,Chicago Bulls,Atlanta Hawks,18,16,-0.006,1.258,0.122,1.264,0.827,0.404
2025,Luka Dončić,PG,Dallas Mavericks,Oklahoma City Thunder,19,1,1.413,1.646,2.134,0.233,0.966,1.667
2025,Luka Dončić,PG,Dallas Mavericks,Cleveland Cavaliers,19,2,1.413,0.908,1.803,0,1,1.482
2025,Luka Dončić,PG,Dallas Mavericks,Boston Celtics,19,3,1.413,0.432,1.705,0,1,1.423
2025,Luka Dončić,PG,Los Angeles Lakers,Oklahoma City Thunder,7,1,1.252,1.646,1.271,0.394,0.943,1.14
2025,Luka Dončić,PG,Dallas Mavericks,Houston Rockets,19,4,1.413,0.457,1.221,0,1,1.132
2025,Luka Dončić,PG,Dallas Mavericks,New York Knicks,19,5,1.413,1.105,1.113,0,1,1.068
2025,Luka Dončić,PG,Dallas Mavericks,Los Angeles Clippers,19,9,1.413,1.03,0.992,0,1,0.995
2025,Luka Dončić,PG,Dallas Mavericks,Indiana Pacers,19,6,1.413,1.379,0.955,0,1,0.973
2025,Luka Dončić,PG,Dallas Mavericks,Denver Nuggets,19,8,1.413,0.822,0.941,0,1,0.964
2025,Luka Dončić,PG,Los Angeles Lakers,Cleveland Cavaliers,7,2,1.252,0.908,0.94,0,1,0.964
2025,Luka Dončić,PG,Dallas Mavericks,Minnesota Timberwolves,19,10,1.413,0.2,0.933,0,1,0.96
2025,Luka Dončić,PG,Dallas Mavericks,Los Angeles Lakers,19,7,1.413,1.252,0.863,0,1,0.918
2025,Luka Dončić,PG,Los Angeles Lakers,Boston Celtics,7,3,1.252,0.432,0.842,0,1,0.905
2025,Luka Dončić,PG,Dallas Mavericks,Memphis Grizzlies,19,13,1.413,0.849,0.756,0,1,0.853
2025,Luka Dončić,PG,Dallas Mavericks,Golden State Warriors,19,12,1.413,1.025,0.74,0,1,0.844
2025,Luka Dončić,PG,Dallas Mavericks,Milwaukee Bucks,19,11,1.413,1.065,0.728,0,1,0.837
2025,Luka Dončić,PG,Dallas Mavericks,Detroit Pistons,19,14,1.413,1.099,0.49,0,1,0.694
2025,Luka Dončić,PG,Los Angeles Lakers,Houston Rockets,7,4,1.252,0.457,0.358,0,1,0.615
2025,Luka Dončić,PG,Dallas Mavericks,Orlando Magic,19,15,1.413,0.182,0.31,0,1,0.586
2025,Luka Dončić,PG,Los Angeles Lakers,New York Knicks,7,5,1.252,1.105,0.251,0,1,0.55
2025,Luka Dončić,PG,Dallas Mavericks,Sacramento Kings,19,17,1.413,0.871,0.183,0,1,0.51
2025,Luka Dončić,PG,Dallas Mavericks,Atlanta Hawks,19,16,1.413,1.258,0.151,0,1,0.491
2025,Luka Dončić,PG,Los Angeles Lakers,Los Angeles Clippers,7,9,1.252,1.03,0.13,0,1,0.478
2025,Luka Dončić,PG,Los Angeles Lakers,Indiana Pacers,7,6,1.252,1.379,0.092,0.126,0.981,0.448
2025,Luka Dončić,PG,Los Angeles Lakers,Denver Nuggets,7,8,1.252,0.822,0.078,0,1,0.447
2025,Luka Dončić,PG,Los Angeles Lakers,Minnesota Timberwolves,7,10,1.252,0.2,0.071,0,1,0.442
2025,Luka Dončić,PG,Dallas Mavericks,Chicago Bulls,19,18,1.413,0.694,0.029,0,1,0.418
2025,Luka Dončić,PG,Dallas Mavericks,Miami Heat,19,20,1.413,0.39,0.026,0,1,0.415
2025,Luka Garza,C,Minnesota Timberwolves,Oklahoma City Thunder,10,1,-0.71,1.018,1.201,1.728,0.772,1.029
2025,Luka Garza,C,Minnesota Timberwolves,Cleveland Cavaliers,10,2,-0.71,0.96,0.87,1.67,0.778,0.833
2025,Luka Garza,C,Minnesota Timberwolves,Boston Celtics,10,3,-0.71,0.929,0.771,1.639,0.782,0.776
2025,Luka Garza,C,Minnesota Timberwolves,Houston Rockets,10,4,-0.71,0.807,0.287,1.517,0.796,0.491
2025,Luka Garza,C,Minnesota Timberwolves,New York Knicks,10,5,-0.71,1.332,0.18,2.043,0.736,0.402
2025,Luka Garza,C,Minnesota Timberwolves,Indiana Pacers,10,6,-0.71,0.754,0.021,1.464,0.803,0.334
2025,Luka Garza,C,Minnesota Timberwolves,Los Angeles Clippers,10,9,-0.71,1.266,0.059,1.976,0.744,0.333
2025,Luka Garza,C,Minnesota Timberwolves,Denver Nuggets,10,8,-0.71,1.827,0.007,2.537,0.683,0.278
2025,Luke Kennard,SG,Memphis Grizzlies,Oklahoma City Thunder,13,1,0.315,1.265,1.378,0.95,0.867,1.174
2025,Luke Kennard,SG,Memphis Grizzlies,Cleveland Cavaliers,13,2,0.315,1.342,1.047,1.027,0.857,0.971
2025,Luke Kennard,SG,Memphis Grizzlies,Boston Celtics,13,3,0.315,0.808,0.949,0.493,0.929,0.941
2025,Luke Kennard,SG,Memphis Grizzlies,Houston Rockets,13,4,0.315,0.724,0.465,0.409,0.94,0.655
2025,Luke Kennard,SG,Memphis Grizzlies,New York Knicks,13,5,0.315,0.807,0.358,0.492,0.929,0.586
2025,Luke Kennard,SG,Memphis Grizzlies,Indiana Pacers,13,6,0.315,0.275,0.199,0,1,0.519
2025,Luke Kennard,SG,Memphis Grizzlies,Los Angeles Clippers,13,9,0.315,1.026,0.237,0.711,0.899,0.502
2025,Luke Kennard,SG,Memphis Grizzlies,Denver Nuggets,13,8,0.315,0.812,0.185,0.497,0.928,0.482
2025,Luke Kennard,SG,Memphis Grizzlies,Minnesota Timberwolves,13,10,0.315,1.353,0.178,1.038,0.856,0.449
2025,Luke Kennard,SG,Memphis Grizzlies,Los Angeles Lakers,13,7,0.315,1.047,0.107,0.732,0.896,0.423
2025,Luke Kornet,C,Boston Celtics,Oklahoma City Thunder,3,1,0.254,1.018,0.429,0.764,0.892,0.614
2025,Luke Kornet,C,Boston Celtics,Cleveland Cavaliers,3,2,0.254,0.96,0.098,0.706,0.9,0.419
2025,Luke Travers,SG,Cleveland Cavaliers,Oklahoma City Thunder,2,1,-1.269,1.265,0.331,2.535,0.684,0.472
2025,Mac McClung,SG,Orlando Magic,Oklahoma City Thunder,15,1,-1.654,1.265,1.824,2.919,0.645,1.353
2025,Mac McClung,SG,Orlando Magic,Cleveland Cavaliers,15,2,-1.654,1.342,1.493,2.996,0.638,1.151
2025,Mac McClung,SG,Orlando Magic,Boston Celtics,15,3,-1.654,0.808,1.395,2.462,0.691,1.113
2025,Mac McClung,SG,Orlando Magic,Houston Rockets,15,4,-1.654,0.724,0.911,2.378,0.7,0.827
2025,Mac McClung,SG,Orlando Magic,New York Knicks,15,5,-1.654,0.807,0.804,2.461,0.691,0.759
2025,Mac McClung,SG,Orlando Magic,Indiana Pacers,15,6,-1.654,0.275,0.645,1.929,0.749,0.686
2025,Mac McClung,SG,Orlando Magic,Los Angeles Clippers,15,9,-1.654,1.026,0.683,2.68,0.669,0.677
2025,Mac McClung,SG,Orlando Magic,Denver Nuggets,15,8,-1.654,0.812,0.631,2.466,0.691,0.655
2025,Mac McClung,SG,Orlando Magic,Minnesota Timberwolves,15,10,-1.654,1.353,0.624,3.007,0.637,0.629
2025,Mac McClung,SG,Orlando Magic,Los Angeles Lakers,15,7,-1.654,1.047,0.553,2.701,0.667,0.599
2025,Mac McClung,SG,Orlando Magic,Golden State Warriors,15,12,-1.654,0.448,0.43,2.102,0.73,0.55
2025,Mac McClung,SG,Orlando Magic,Memphis Grizzlies,15,13,-1.654,0.996,0.446,2.65,0.672,0.536
2025,Mac McClung,SG,Orlando Magic,Milwaukee Bucks,15,11,-1.654,0.683,0.418,2.337,0.704,0.532
2025,Mac McClung,SG,Orlando Magic,Detroit Pistons,15,14,-1.654,2.249,0.18,3.903,0.557,0.331
2025,Malachi Flynn,PG,Charlotte Hornets,Oklahoma City Thunder,28,1,-0.421,1.646,3.349,2.067,0.733,2.303
2025,Malachi Flynn,PG,Charlotte Hornets,Cleveland Cavaliers,28,2,-0.421,0.908,3.018,1.329,0.819,2.139
2025,Malachi Flynn,PG,Charlotte Hornets,Boston Celtics,28,3,-0.421,0.432,2.92,0.853,0.88,2.104
2025,Malachi Flynn,PG,Charlotte Hornets,Houston Rockets,28,4,-0.421,0.457,2.436,0.878,0.877,1.812
2025,Malachi Flynn,PG,Charlotte Hornets,New York Knicks,28,5,-0.421,1.105,2.328,1.526,0.795,1.715
2025,Malachi Flynn,PG,Charlotte Hornets,Minnesota Timberwolves,28,10,-0.421,0.2,2.148,0.621,0.911,1.653
2025,Malachi Flynn,PG,Charlotte Hornets,Los Angeles Clippers,28,9,-0.421,1.03,2.207,1.451,0.804,1.646
2025,Malachi Flynn,PG,Charlotte Hornets,Denver Nuggets,28,8,-0.421,0.822,2.155,1.243,0.83,1.625
2025,Malachi Flynn,PG,Charlotte Hornets,Indiana Pacers,28,6,-0.421,1.379,2.169,1.8,0.763,1.607
2025,Malachi Flynn,PG,Charlotte Hornets,Los Angeles Lakers,28,7,-0.421,1.252,2.078,1.674,0.778,1.558
2025,Malachi Flynn,PG,Charlotte Hornets,Memphis Grizzlies,28,13,-0.421,0.849,1.971,1.27,0.827,1.513
2025,Malachi Flynn,PG,Charlotte Hornets,Golden State Warriors,28,12,-0.421,1.025,1.955,1.446,0.805,1.495
2025,Malachi Flynn,PG,Charlotte Hornets,Milwaukee Bucks,28,11,-0.421,1.065,1.943,1.486,0.8,1.486
2025,Malachi Flynn,PG,Charlotte Hornets,Detroit Pistons,28,14,-0.421,1.099,1.705,1.52,0.796,1.341
2025,Malachi Flynn,PG,Charlotte Hornets,Orlando Magic,28,15,-0.421,0.182,1.525,0.603,0.913,1.28
2025,Malachi Flynn,PG,Charlotte Hornets,Sacramento Kings,28,17,-0.421,0.871,1.398,1.293,0.824,1.168
2025,Malachi Flynn,PG,Charlotte Hornets,Atlanta Hawks,28,16,-0.421,1.258,1.366,1.679,0.777,1.131
2025,Malachi Flynn,PG,Charlotte Hornets,Miami Heat,28,20,-0.421,0.39,1.241,0.812,0.885,1.099
2025,Malachi Flynn,PG,Charlotte Hornets,Chicago Bulls,28,18,-0.421,0.694,1.244,1.116,0.846,1.085
2025,Malachi Flynn,PG,Charlotte Hornets,Dallas Mavericks,28,19,-0.421,1.413,1.215,1.834,0.76,1.033
2025,Malachi Flynn,PG,Charlotte Hornets,Portland Trail Blazers,28,22,-0.421,0.141,0.949,0.562,0.919,0.937
2025,Malachi Flynn,PG,Charlotte Hornets,Phoenix Suns,28,21,-0.421,0.387,0.945,0.808,0.886,0.921
2025,Malachi Flynn,PG,Charlotte Hornets,San Antonio Spurs,28,23,-0.421,0.766,0.852,1.188,0.837,0.846
2025,Malachi Flynn,PG,Charlotte Hornets,Toronto Raptors,28,24,-0.421,0.562,0.668,0.983,0.863,0.746
2025,Malachi Flynn,PG,Charlotte Hornets,Brooklyn Nets,28,25,-0.421,0.658,0.383,1.079,0.851,0.57
2025,Malachi Flynn,PG,Charlotte Hornets,Philadelphia 76ers,28,26,-0.421,1.022,0.325,1.443,0.805,0.517
2025,Malachi Flynn,PG,Charlotte Hornets,New Orleans Pelicans,28,27,-0.421,0.702,0.047,1.123,0.845,0.366
2025,Malaki Branham,SG,San Antonio Spurs,Oklahoma City Thunder,23,1,-0.257,1.265,2.497,1.522,0.796,1.817
2025,Malaki Branham,SG,San Antonio Spurs,Cleveland Cavaliers,23,2,-0.257,1.342,2.166,1.599,0.787,1.614
2025,Malaki Branham,SG,San Antonio Spurs,Boston Celtics,23,3,-0.257,0.808,2.068,1.065,0.852,1.582
2025,Malaki Branham,SG,San Antonio Spurs,Houston Rockets,23,4,-0.257,0.724,1.584,0.981,0.863,1.296
2025,Malaki Branham,SG,San Antonio Spurs,New York Knicks,23,5,-0.257,0.807,1.477,1.063,0.853,1.227
2025,Malaki Branham,SG,San Antonio Spurs,Indiana Pacers,23,6,-0.257,0.275,1.318,0.532,0.923,1.16
2025,Malaki Branham,SG,San Antonio Spurs,Los Angeles Clippers,23,9,-0.257,1.026,1.355,1.283,0.825,1.143
2025,Malaki Branham,SG,San Antonio Spurs,Denver Nuggets,23,8,-0.257,0.812,1.304,1.069,0.852,1.123
2025,Malaki Branham,SG,San Antonio Spurs,Minnesota Timberwolves,23,10,-0.257,1.353,1.297,1.61,0.785,1.092
2025,Malaki Branham,SG,San Antonio Spurs,Los Angeles Lakers,23,7,-0.257,1.047,1.226,1.304,0.822,1.064
2025,Malaki Branham,SG,San Antonio Spurs,Golden State Warriors,23,12,-0.257,0.448,1.103,0.705,0.9,1.022
2025,Malaki Branham,SG,San Antonio Spurs,Memphis Grizzlies,23,13,-0.257,0.996,1.119,1.252,0.829,1.003
2025,Malaki Branham,SG,San Antonio Spurs,Milwaukee Bucks,23,11,-0.257,0.683,1.091,0.939,0.869,1.002
2025,Malaki Branham,SG,San Antonio Spurs,Detroit Pistons,23,14,-0.257,2.249,0.853,2.506,0.687,0.787
2025,Malaki Branham,SG,San Antonio Spurs,Orlando Magic,23,15,-0.257,0.142,0.673,0.398,0.942,0.781
2025,Malaki Branham,SG,San Antonio Spurs,Sacramento Kings,23,17,-0.257,0.908,0.546,1.165,0.84,0.664
2025,Malaki Branham,SG,San Antonio Spurs,Atlanta Hawks,23,16,-0.257,1.001,0.514,1.258,0.828,0.64
2025,Malaki Branham,SG,San Antonio Spurs,Chicago Bulls,23,18,-0.257,0.842,0.393,1.098,0.848,0.575
2025,Malaki Branham,SG,San Antonio Spurs,Miami Heat,23,20,-0.257,1.223,0.389,1.48,0.801,0.554
2025,Malaki Branham,SG,San Antonio Spurs,Dallas Mavericks,23,19,-0.257,1.335,0.363,1.592,0.788,0.533
2025,Malaki Branham,SG,San Antonio Spurs,Portland Trail Blazers,23,22,-0.257,0.782,0.097,1.039,0.856,0.401
2025,Malaki Branham,SG,San Antonio Spurs,Phoenix Suns,23,21,-0.257,1.298,0.093,1.555,0.792,0.373
2025,Malcolm Brogdon,PG,Washington Wizards,Oklahoma City Thunder,29,1,0.121,1.646,3.577,1.525,0.795,2.465
2025,Malcolm Brogdon,PG,Washington Wizards,Cleveland Cavaliers,29,2,0.121,0.908,3.246,0.787,0.889,2.303
2025,Malcolm Brogdon,PG,Washington Wizards,Boston Celtics,29,3,0.121,0.432,3.148,0.311,0.954,2.271
2025,Malcolm Brogdon,PG,Washington Wizards,Houston Rockets,29,4,0.121,0.457,2.664,0.336,0.951,1.979
2025,Malcolm Brogdon,PG,Washington Wizards,New York Knicks,29,5,0.121,1.105,2.557,0.984,0.863,1.879
2025,Malcolm Brogdon,PG,Washington Wizards,Minnesota Timberwolves,29,10,0.121,0.2,2.377,0.079,0.988,1.821
2025,Malcolm Brogdon,PG,Washington Wizards,Los Angeles Clippers,29,9,0.121,1.03,2.436,0.909,0.873,1.81
2025,Malcolm Brogdon,PG,Washington Wizards,Denver Nuggets,29,8,0.121,0.822,2.384,0.701,0.9,1.79
2025,Malcolm Brogdon,PG,Washington Wizards,Indiana Pacers,29,6,0.121,1.379,2.398,1.258,0.828,1.77
2025,Malcolm Brogdon,PG,Washington Wizards,Los Angeles Lakers,29,7,0.121,1.252,2.306,1.132,0.844,1.721
2025,Malcolm Brogdon,PG,Washington Wizards,Memphis Grizzlies,29,13,0.121,0.849,2.199,0.728,0.897,1.678
2025,Malcolm Brogdon,PG,Washington Wizards,Golden State Warriors,29,12,0.121,1.025,2.183,0.904,0.873,1.659
2025,Malcolm Brogdon,PG,Washington Wizards,Milwaukee Bucks,29,11,0.121,1.065,2.171,0.944,0.868,1.65
2025,Malcolm Brogdon,PG,Washington Wizards,Detroit Pistons,29,14,0.121,1.099,1.933,0.978,0.864,1.505
2025,Malcolm Brogdon,PG,Washington Wizards,Orlando Magic,29,15,0.121,0.182,1.753,0.061,0.991,1.448
2025,Malcolm Brogdon,PG,Washington Wizards,Sacramento Kings,29,17,0.121,0.871,1.626,0.751,0.894,1.333
2025,Malcolm Brogdon,PG,Washington Wizards,Atlanta Hawks,29,16,0.121,1.258,1.594,1.137,0.843,1.294
2025,Malcolm Brogdon,PG,Washington Wizards,Miami Heat,29,20,0.121,0.39,1.469,0.27,0.96,1.266
2025,Malcolm Brogdon,PG,Washington Wizards,Chicago Bulls,29,18,0.121,0.694,1.473,0.574,0.918,1.251
2025,Malcolm Brogdon,PG,Washington Wizards,Dallas Mavericks,29,19,0.121,1.413,1.443,1.292,0.824,1.195
2025,Malcolm Brogdon,PG,Washington Wizards,Portland Trail Blazers,29,22,0.121,0.141,1.177,0.02,0.997,1.105
2025,Malcolm Brogdon,PG,Washington Wizards,Phoenix Suns,29,21,0.121,0.387,1.173,0.266,0.961,1.088
2025,Malcolm Brogdon,PG,Washington Wizards,San Antonio Spurs,29,23,0.121,0.766,1.08,0.646,0.908,1.011
2025,Malcolm Brogdon,PG,Washington Wizards,Toronto Raptors,29,24,0.121,0.562,0.897,0.441,0.936,0.912
2025,Malcolm Brogdon,PG,Washington Wizards,Brooklyn Nets,29,25,0.121,0.658,0.612,0.537,0.923,0.736
2025,Malcolm Brogdon,PG,Washington Wizards,Philadelphia 76ers,29,26,0.121,1.022,0.554,0.901,0.874,0.682
2025,Malcolm Brogdon,PG,Washington Wizards,New Orleans Pelicans,29,27,0.121,0.702,0.276,0.581,0.917,0.532
2025,Malcolm Brogdon,PG,Washington Wizards,Charlotte Hornets,29,28,0.121,0.883,0.228,0.762,0.892,0.494
2025,Malcolm Brogdon,PG,Washington Wizards,Utah Jazz,29,30,0.121,0.248,0.073,0.128,0.981,0.436
2025,Malik Beasley,SG,Detroit Pistons,Oklahoma City Thunder,14,1,0.631,1.265,1.644,0.634,0.909,1.35
2025,Malik Beasley,SG,Detroit Pistons,Cleveland Cavaliers,14,2,0.631,1.342,1.313,0.711,0.899,1.147
2025,Malik Beasley,SG,Detroit Pistons,Boston Celtics,14,3,0.631,0.808,1.215,0.177,0.974,1.118
2025,Malik Beasley,SG,Detroit Pistons,Houston Rockets,14,4,0.631,0.724,0.731,0.093,0.986,0.833
2025,Malik Beasley,SG,Detroit Pistons,New York Knicks,14,5,0.631,0.807,0.623,0.176,0.974,0.764
2025,Malik Beasley,SG,Detroit Pistons,Indiana Pacers,14,6,0.631,0.275,0.464,0,1,0.679
2025,Malik Beasley,SG,Detroit Pistons,Los Angeles Clippers,14,9,0.631,1.026,0.502,0.395,0.942,0.678
2025,Malik Beasley,SG,Detroit Pistons,Denver Nuggets,14,8,0.631,0.812,0.45,0.181,0.973,0.66
2025,Malik Beasley,SG,Detroit Pistons,Minnesota Timberwolves,14,10,0.631,1.353,0.443,0.722,0.897,0.625
2025,Malik Beasley,SG,Detroit Pistons,Los Angeles Lakers,14,7,0.631,1.047,0.373,0.416,0.94,0.599
2025,Malik Beasley,SG,Detroit Pistons,Golden State Warriors,14,12,0.631,0.448,0.25,0,1,0.55
2025,Malik Beasley,SG,Detroit Pistons,Milwaukee Bucks,14,11,0.631,0.683,0.237,0.052,0.992,0.539
2025,Malik Beasley,SG,Detroit Pistons,Memphis Grizzlies,14,13,0.631,0.996,0.266,0.365,0.947,0.538
2025,Malik Monk,SG,Sacramento Kings,Oklahoma City Thunder,17,1,0.666,1.265,1.951,0.6,0.914,1.536
2025,Malik Monk,SG,Sacramento Kings,Cleveland Cavaliers,17,2,0.666,1.342,1.62,0.676,0.904,1.333
2025,Malik Monk,SG,Sacramento Kings,Boston Celtics,17,3,0.666,0.808,1.521,0.143,0.979,1.304
2025,Malik Monk,SG,Sacramento Kings,Houston Rockets,17,4,0.666,0.724,1.038,0.059,0.991,1.019
2025,Malik Monk,SG,Sacramento Kings,New York Knicks,17,5,0.666,0.807,0.93,0.141,0.979,0.95
2025,Malik Monk,SG,Sacramento Kings,Los Angeles Clippers,17,9,0.666,1.026,0.809,0.36,0.947,0.864
2025,Malik Monk,SG,Sacramento Kings,Indiana Pacers,17,6,0.666,0.275,0.771,0,1,0.863
2025,Malik Monk,SG,Sacramento Kings,Denver Nuggets,17,8,0.666,0.812,0.757,0.146,0.978,0.846
2025,Malik Monk,SG,Sacramento Kings,Minnesota Timberwolves,17,10,0.666,1.353,0.75,0.688,0.902,0.811
2025,Malik Monk,SG,Sacramento Kings,Los Angeles Lakers,17,7,0.666,1.047,0.68,0.382,0.944,0.785
2025,Malik Monk,SG,Sacramento Kings,Golden State Warriors,17,12,0.666,0.448,0.557,0,1,0.734
2025,Malik Monk,SG,Sacramento Kings,Milwaukee Bucks,17,11,0.666,0.683,0.544,0.017,0.997,0.726
2025,Malik Monk,SG,Sacramento Kings,Memphis Grizzlies,17,13,0.666,0.996,0.573,0.33,0.952,0.724
2025,Malik Monk,SG,Sacramento Kings,Detroit Pistons,17,14,0.666,2.249,0.307,1.584,0.789,0.5
2025,Malik Monk,SG,Sacramento Kings,Orlando Magic,17,15,0.666,0.142,0.127,0,1,0.476
2025,Marcus Bagley,SF,Philadelphia 76ers,Oklahoma City Thunder,26,1,0.507,0.332,3.024,0,1,2.214
2025,Marcus Bagley,SF,Philadelphia 76ers,Cleveland Cavaliers,26,2,0.507,0.475,2.693,0,1,2.016
2025,Marcus Bagley,SF,Philadelphia 76ers,Boston Celtics,26,3,0.507,1.283,2.594,0.776,0.89,1.913
2025,Marcus Bagley,SF,Philadelphia 76ers,Houston Rockets,26,4,0.507,1.573,2.11,1.066,0.852,1.607
2025,Marcus Bagley,SF,Philadelphia 76ers,New York Knicks,26,5,0.507,0.764,2.003,0.257,0.962,1.587
2025,Marcus Bagley,SF,Philadelphia 76ers,Indiana Pacers,26,6,0.507,0.534,1.844,0.027,0.996,1.505
2025,Marcus Bagley,SF,Philadelphia 76ers,Minnesota Timberwolves,26,10,0.507,-0.433,1.823,0,1,1.494
2025,Marcus Bagley,SF,Philadelphia 76ers,Los Angeles Clippers,26,9,0.507,1.392,1.882,0.885,0.876,1.479
2025,Marcus Bagley,SF,Philadelphia 76ers,Denver Nuggets,26,8,0.507,0.927,1.83,0.42,0.939,1.474
2025,Marcus Bagley,SF,Philadelphia 76ers,Los Angeles Lakers,26,7,0.507,2.119,1.752,1.612,0.785,1.365
2025,Marcus Bagley,SF,Philadelphia 76ers,Milwaukee Bucks,26,11,0.507,0.667,1.617,0.16,0.976,1.361
2025,Marcus Bagley,SF,Philadelphia 76ers,Golden State Warriors,26,12,0.507,1.484,1.63,0.977,0.864,1.323
2025,Marcus Bagley,SF,Philadelphia 76ers,Detroit Pistons,26,14,0.507,0.84,1.38,0.333,0.951,1.208
2025,Marcus Bagley,SF,Philadelphia 76ers,Orlando Magic,26,15,0.507,1.486,1.199,0.979,0.863,1.065
2025,Marcus Bagley,SF,Philadelphia 76ers,Sacramento Kings,26,17,0.507,1.064,1.073,0.556,0.92,1.012
2025,Marcus Bagley,SF,Philadelphia 76ers,Atlanta Hawks,26,16,0.507,1.882,1.041,1.375,0.814,0.95
2025,Marcus Bagley,SF,Philadelphia 76ers,Dallas Mavericks,26,19,0.507,0.6,0.89,0.093,0.986,0.928
2025,Marcus Bagley,SF,Philadelphia 76ers,Miami Heat,26,20,0.507,1.143,0.915,0.636,0.909,0.913
2025,Marcus Bagley,SF,Philadelphia 76ers,Chicago Bulls,26,18,0.507,1.234,0.919,0.727,0.897,0.91
2025,Marcus Bagley,SF,Philadelphia 76ers,Phoenix Suns,26,21,0.507,0.395,0.62,0,1,0.772
2025,Marcus Bagley,SF,Philadelphia 76ers,Portland Trail Blazers,26,22,0.507,1.194,0.624,0.687,0.902,0.735
2025,Marcus Bagley,SF,Philadelphia 76ers,San Antonio Spurs,26,23,0.507,0.392,0.526,0,1,0.716
2025,Marcus Bagley,SF,Philadelphia 76ers,Toronto Raptors,26,24,0.507,1.249,0.343,0.741,0.895,0.564
2025,Marcus Bagley,SF,Philadelphia 76ers,Brooklyn Nets,26,25,0.507,0.258,0.058,0,1,0.435
2025,Marcus Garrett,SG,Charlotte Hornets,Oklahoma City Thunder,28,1,-0.207,1.265,3.349,1.473,0.802,2.33
2025,Marcus Garrett,SG,Charlotte Hornets,Cleveland Cavaliers,28,2,-0.207,1.342,3.018,1.549,0.793,2.128
2025,Marcus Garrett,SG,Charlotte Hornets,Boston Celtics,28,3,-0.207,0.808,2.92,1.015,0.859,2.095
2025,Marcus Garrett,SG,Charlotte Hornets,Houston Rockets,28,4,-0.207,0.724,2.436,0.931,0.87,1.809
2025,Marcus Garrett,SG,Charlotte Hornets,New York Knicks,28,5,-0.207,0.807,2.328,1.014,0.859,1.741
2025,Marcus Garrett,SG,Charlotte Hornets,Indiana Pacers,28,6,-0.207,0.275,2.169,0.482,0.93,1.674
2025,Marcus Garrett,SG,Charlotte Hornets,Los Angeles Clippers,28,9,-0.207,1.026,2.207,1.233,0.831,1.657
2025,Marcus Garrett,SG,Charlotte Hornets,Denver Nuggets,28,8,-0.207,0.812,2.155,1.019,0.858,1.637
2025,Marcus Garrett,SG,Charlotte Hornets,Minnesota Timberwolves,28,10,-0.207,1.353,2.148,1.561,0.791,1.606
2025,Marcus Garrett,SG,Charlotte Hornets,Los Angeles Lakers,28,7,-0.207,1.047,2.078,1.254,0.828,1.578
2025,Marcus Garrett,SG,Charlotte Hornets,Golden State Warriors,28,12,-0.207,0.448,1.955,0.655,0.906,1.536
2025,Marcus Garrett,SG,Charlotte Hornets,Milwaukee Bucks,28,11,-0.207,0.683,1.943,0.89,0.875,1.516
2025,Marcus Garrett,SG,Charlotte Hornets,Memphis Grizzlies,28,13,-0.207,0.996,1.971,1.203,0.835,1.516
2025,Marcus Garrett,SG,Charlotte Hornets,Detroit Pistons,28,14,-0.207,2.249,1.705,2.456,0.692,1.3
2025,Marcus Garrett,SG,Charlotte Hornets,Orlando Magic,28,15,-0.207,0.142,1.525,0.349,0.949,1.294
2025,Marcus Garrett,SG,Charlotte Hornets,Sacramento Kings,28,17,-0.207,0.908,1.398,1.116,0.846,1.177
2025,Marcus Garrett,SG,Charlotte Hornets,Atlanta Hawks,28,16,-0.207,1.001,1.366,1.208,0.834,1.153
2025,Marcus Garrett,SG,Charlotte Hornets,Chicago Bulls,28,18,-0.207,0.842,1.244,1.049,0.854,1.088
2025,Marcus Garrett,SG,Charlotte Hornets,Miami Heat,28,20,-0.207,1.223,1.241,1.431,0.807,1.067
2025,Marcus Garrett,SG,Charlotte Hornets,Dallas Mavericks,28,19,-0.207,1.335,1.215,1.543,0.793,1.046
2025,Marcus Garrett,SG,Charlotte Hornets,Portland Trail Blazers,28,22,-0.207,0.782,0.949,0.989,0.862,0.914
2025,Marcus Garrett,SG,Charlotte Hornets,Phoenix Suns,28,21,-0.207,1.298,0.945,1.505,0.798,0.886
2025,Marcus Garrett,SG,Charlotte Hornets,San Antonio Spurs,28,23,-0.207,0.668,0.852,0.875,0.877,0.862
2025,Marcus Garrett,SG,Charlotte Hornets,Toronto Raptors,28,24,-0.207,0.479,0.668,0.686,0.902,0.762
2025,Marcus Garrett,SG,Charlotte Hornets,Brooklyn Nets,28,25,-0.207,0.95,0.383,1.157,0.841,0.566
2025,Marcus Garrett,SG,Charlotte Hornets,Philadelphia 76ers,28,26,-0.207,1.127,0.325,1.335,0.819,0.523
2025,Marcus Garrett,SG,Charlotte Hornets,New Orleans Pelicans,28,27,-0.207,0.263,0.047,0.47,0.932,0.401
2025,Marcus Sasser,PG,Detroit Pistons,Oklahoma City Thunder,14,1,-0.13,1.646,1.644,1.776,0.766,1.293
2025,Marcus Sasser,PG,Detroit Pistons,Cleveland Cavaliers,14,2,-0.13,0.908,1.313,1.038,0.856,1.13
2025,Marcus Sasser,PG,Detroit Pistons,Boston Celtics,14,3,-0.13,0.432,1.215,0.561,0.919,1.096
2025,Marcus Sasser,PG,Detroit Pistons,Houston Rockets,14,4,-0.13,0.457,0.731,0.586,0.916,0.805
2025,Marcus Sasser,PG,Detroit Pistons,New York Knicks,14,5,-0.13,1.105,0.623,1.234,0.831,0.706
2025,Marcus Sasser,PG,Detroit Pistons,Minnesota Timberwolves,14,10,-0.13,0.2,0.443,0.329,0.952,0.647
2025,Marcus Sasser,PG,Detroit Pistons,Los Angeles Clippers,14,9,-0.13,1.03,0.502,1.159,0.84,0.637
2025,Marcus Sasser,PG,Detroit Pistons,Denver Nuggets,14,8,-0.13,0.822,0.45,0.952,0.867,0.617
2025,Marcus Sasser,PG,Detroit Pistons,Indiana Pacers,14,6,-0.13,1.379,0.464,1.508,0.798,0.598
2025,Marcus Sasser,PG,Detroit Pistons,Los Angeles Lakers,14,7,-0.13,1.252,0.373,1.382,0.813,0.549
2025,Marcus Sasser,PG,Detroit Pistons,Memphis Grizzlies,14,13,-0.13,0.849,0.266,0.978,0.864,0.505
2025,Marcus Sasser,PG,Detroit Pistons,Golden State Warriors,14,12,-0.13,1.025,0.25,1.154,0.841,0.486
2025,Marcus Sasser,PG,Detroit Pistons,Milwaukee Bucks,14,11,-0.13,1.065,0.237,1.194,0.836,0.477
2025,Marcus Smart,PG,Washington Wizards,Oklahoma City Thunder,29,1,-0.018,1.646,3.577,1.664,0.779,2.458
2025,Marcus Smart,PG,Washington Wizards,Cleveland Cavaliers,29,2,-0.018,0.908,3.246,0.926,0.87,2.296
2025,Marcus Smart,PG,Washington Wizards,Boston Celtics,29,3,-0.018,0.432,3.148,0.45,0.935,2.263
2025,Marcus Smart,PG,Washington Wizards,Houston Rockets,29,4,-0.018,0.457,2.664,0.475,0.931,1.971
2025,Marcus Smart,PG,Washington Wizards,New York Knicks,29,5,-0.018,1.105,2.557,1.123,0.845,1.872
2025,Marcus Smart,PG,Washington Wizards,Minnesota Timberwolves,29,10,-0.018,0.2,2.377,0.218,0.968,1.813
2025,Marcus Smart,PG,Washington Wizards,Los Angeles Clippers,29,9,-0.018,1.03,2.436,1.048,0.855,1.803
2025,Marcus Smart,PG,Washington Wizards,Denver Nuggets,29,8,-0.018,0.822,2.384,0.84,0.882,1.783
2025,Marcus Smart,PG,Washington Wizards,Indiana Pacers,29,6,-0.018,1.379,2.398,1.397,0.811,1.763
2025,Marcus Smart,PG,Washington Wizards,Los Angeles Lakers,29,7,-0.018,1.252,2.306,1.271,0.826,1.714
2025,Marcus Smart,PG,Washington Wizards,Memphis Grizzlies,29,13,-0.018,0.849,2.199,0.867,0.878,1.671
2025,Marcus Smart,PG,Washington Wizards,Golden State Warriors,29,12,-0.018,1.025,2.183,1.043,0.855,1.652
2025,Marcus Smart,PG,Washington Wizards,Milwaukee Bucks,29,11,-0.018,1.065,2.171,1.083,0.85,1.643
2025,Marcus Smart,PG,Washington Wizards,Detroit Pistons,29,14,-0.018,1.099,1.933,1.117,0.846,1.498
2025,Marcus Smart,PG,Washington Wizards,Orlando Magic,29,15,-0.018,0.182,1.753,0.2,0.97,1.44
2025,Marcus Smart,PG,Washington Wizards,Sacramento Kings,29,17,-0.018,0.871,1.626,0.89,0.875,1.326
2025,Marcus Smart,PG,Washington Wizards,Atlanta Hawks,29,16,-0.018,1.258,1.594,1.276,0.826,1.287
2025,Marcus Smart,PG,Washington Wizards,Miami Heat,29,20,-0.018,0.39,1.469,0.409,0.941,1.258
2025,Marcus Smart,PG,Washington Wizards,Chicago Bulls,29,18,-0.018,0.694,1.473,0.713,0.899,1.243
2025,Marcus Smart,PG,Washington Wizards,Dallas Mavericks,29,19,-0.018,1.413,1.443,1.431,0.807,1.189
2025,Marcus Smart,PG,Memphis Grizzlies,Oklahoma City Thunder,13,1,-0.086,1.646,1.378,1.732,0.771,1.135
2025,Marcus Smart,PG,Washington Wizards,Portland Trail Blazers,29,22,-0.018,0.141,1.177,0.159,0.976,1.097
2025,Marcus Smart,PG,Washington Wizards,Phoenix Suns,29,21,-0.018,0.387,1.173,0.406,0.941,1.08
2025,Marcus Smart,PG,Washington Wizards,San Antonio Spurs,29,23,-0.018,0.766,1.08,0.785,0.889,1.004
2025,Marcus Smart,PG,Memphis Grizzlies,Cleveland Cavaliers,13,2,-0.086,0.908,1.047,0.994,0.861,0.973
2025,Marcus Smart,PG,Memphis Grizzlies,Boston Celtics,13,3,-0.086,0.432,0.949,0.518,0.925,0.939
2025,Marcus Smart,PG,Washington Wizards,Toronto Raptors,29,24,-0.018,0.562,0.897,0.58,0.917,0.905
2025,Marcus Smart,PG,Washington Wizards,Brooklyn Nets,29,25,-0.018,0.658,0.612,0.677,0.904,0.728
2025,Marcus Smart,PG,Washington Wizards,Philadelphia 76ers,29,26,-0.018,1.022,0.554,1.04,0.856,0.674
2025,Marcus Smart,PG,Memphis Grizzlies,Houston Rockets,13,4,-0.086,0.457,0.465,0.543,0.922,0.648
2025,Marcus Smart,PG,Memphis Grizzlies,New York Knicks,13,5,-0.086,1.105,0.358,1.191,0.836,0.549
2025,Marcus Smart,PG,Washington Wizards,New Orleans Pelicans,29,27,-0.018,0.702,0.276,0.72,0.898,0.524
2025,Marcus Smart,PG,Memphis Grizzlies,Minnesota Timberwolves,13,10,-0.086,0.2,0.178,0.286,0.958,0.49
2025,Marcus Smart,PG,Washington Wizards,Charlotte Hornets,29,28,-0.018,0.883,0.228,0.901,0.874,0.486
2025,Marcus Smart,PG,Memphis Grizzlies,Los Angeles Clippers,13,9,-0.086,1.03,0.237,1.116,0.846,0.48
2025,Marcus Smart,PG,Memphis Grizzlies,Denver Nuggets,13,8,-0.086,0.822,0.185,0.908,0.873,0.46
2025,Marcus Smart,PG,Memphis Grizzlies,Indiana Pacers,13,6,-0.086,1.379,0.199,1.465,0.803,0.44
2025,Marcus Smart,PG,Washington Wizards,Utah Jazz,29,30,-0.018,0.248,0.073,0.267,0.961,0.428
2025,Marcus Smart,PG,Memphis Grizzlies,Los Angeles Lakers,13,7,-0.086,1.252,0.107,1.339,0.818,0.391
2025,MarJon Beauchamp,SF,Milwaukee Bucks,Oklahoma City Thunder,11,1,-0.864,0.332,1.406,1.196,0.836,1.178
2025,MarJon Beauchamp,SF,Los Angeles Clippers,Oklahoma City Thunder,9,1,-0.251,0.332,1.142,0.583,0.916,1.052
2025,MarJon Beauchamp,SF,New York Knicks,Oklahoma City Thunder,5,1,-0.176,0.332,1.021,0.508,0.927,0.983
2025,MarJon Beauchamp,SF,Milwaukee Bucks,Cleveland Cavaliers,11,2,-0.864,0.475,1.075,1.339,0.818,0.973
2025,MarJon Beauchamp,SF,Milwaukee Bucks,Boston Celtics,11,3,-0.864,1.283,0.977,2.147,0.725,0.876
2025,MarJon Beauchamp,SF,Los Angeles Clippers,Cleveland Cavaliers,9,2,-0.251,0.475,0.811,0.726,0.897,0.845
2025,MarJon Beauchamp,SF,New York Knicks,Cleveland Cavaliers,5,2,-0.176,0.475,0.69,0.651,0.907,0.777
2025,MarJon Beauchamp,SF,Los Angeles Clippers,Boston Celtics,9,3,-0.251,1.283,0.712,1.535,0.794,0.745
2025,MarJon Beauchamp,SF,New York Knicks,Boston Celtics,5,3,-0.176,1.283,0.591,1.459,0.803,0.676
2025,MarJon Beauchamp,SF,Milwaukee Bucks,Houston Rockets,11,4,-0.864,1.573,0.493,2.437,0.694,0.573
2025,MarJon Beauchamp,SF,Milwaukee Bucks,New York Knicks,11,5,-0.864,0.764,0.386,1.628,0.783,0.545
2025,MarJon Beauchamp,SF,Milwaukee Bucks,Minnesota Timberwolves,11,10,-0.864,-0.433,0.206,0.431,0.937,0.498
2025,MarJon Beauchamp,SF,Milwaukee Bucks,Indiana Pacers,11,6,-0.864,0.534,0.227,1.398,0.811,0.46
2025,MarJon Beauchamp,SF,Milwaukee Bucks,Los Angeles Clippers,11,9,-0.864,1.392,0.265,2.256,0.713,0.444
2025,MarJon Beauchamp,SF,Los Angeles Clippers,Houston Rockets,9,4,-0.251,1.573,0.228,1.824,0.761,0.441
2025,MarJon Beauchamp,SF,Milwaukee Bucks,Denver Nuggets,11,8,-0.864,0.927,0.213,1.791,0.764,0.434
2025,MarJon Beauchamp,SF,Los Angeles Clippers,New York Knicks,9,5,-0.251,0.764,0.121,1.015,0.859,0.416
2025,MarJon Beauchamp,SF,New York Knicks,Houston Rockets,5,4,-0.176,1.573,0.107,1.749,0.769,0.372
2025,MarJon Beauchamp,SF,Milwaukee Bucks,Los Angeles Lakers,11,7,-0.864,2.119,0.135,2.983,0.639,0.337
2025,MarJon Beauchamp,SF,Milwaukee Bucks,Golden State Warriors,11,12,-0.864,1.484,0.013,2.348,0.703,0.289
2025,Mark Williams,C,Charlotte Hornets,Oklahoma City Thunder,28,1,1.081,1.018,3.349,0,1,2.409
2025,Mark Williams,C,Charlotte Hornets,Cleveland Cavaliers,28,2,1.081,0.96,3.018,0,1,2.211
2025,Mark Williams,C,Charlotte Hornets,Boston Celtics,28,3,1.081,0.929,2.92,0,1,2.152
2025,Mark Williams,C,Charlotte Hornets,Houston Rockets,28,4,1.081,0.807,2.436,0,1,1.861
2025,Mark Williams,C,Charlotte Hornets,New York Knicks,28,5,1.081,1.332,2.328,0.252,0.963,1.782
2025,Mark Williams,C,Charlotte Hornets,Los Angeles Clippers,28,9,1.081,1.266,2.207,0.185,0.973,1.713
2025,Mark Williams,C,Charlotte Hornets,Indiana Pacers,28,6,1.081,0.754,2.169,0,1,1.702
2025,Mark Williams,C,Charlotte Hornets,Minnesota Timberwolves,28,10,1.081,1.008,2.148,0,1,1.689
2025,Mark Williams,C,Charlotte Hornets,Denver Nuggets,28,8,1.081,1.827,2.155,0.746,0.894,1.651
2025,Mark Williams,C,Charlotte Hornets,Los Angeles Lakers,28,7,1.081,1.908,2.078,0.827,0.883,1.6
2025,Mark Williams,C,Charlotte Hornets,Memphis Grizzlies,28,13,1.081,0.773,1.971,0,1,1.582
2025,Mark Williams,C,Charlotte Hornets,Golden State Warriors,28,12,1.081,-0.087,1.955,0,1,1.573
2025,Mark Williams,C,Charlotte Hornets,Milwaukee Bucks,28,11,1.081,0.498,1.943,0,1,1.566
2025,Mark Williams,C,Charlotte Hornets,Detroit Pistons,28,14,1.081,0.988,1.705,0,1,1.423
2025,Mark Williams,C,Charlotte Hornets,Orlando Magic,28,15,1.081,0.455,1.525,0,1,1.315
2025,Mark Williams,C,Charlotte Hornets,Sacramento Kings,28,17,1.081,1.198,1.398,0.117,0.983,1.232
2025,Mark Williams,C,Charlotte Hornets,Atlanta Hawks,28,16,1.081,0.616,1.366,0,1,1.22
2025,Mark Williams,C,Charlotte Hornets,Chicago Bulls,28,18,1.081,0.827,1.244,0,1,1.147
2025,Mark Williams,C,Charlotte Hornets,Miami Heat,28,20,1.081,0.612,1.241,0,1,1.144
2025,Mark Williams,C,Charlotte Hornets,Dallas Mavericks,28,19,1.081,1.114,1.215,0.033,0.995,1.127
2025,Mark Williams,C,Charlotte Hornets,Portland Trail Blazers,28,22,1.081,0.7,0.949,0,1,0.969
2025,Mark Williams,C,Charlotte Hornets,Phoenix Suns,28,21,1.081,0.34,0.945,0,1,0.967
2025,Mark Williams,C,Charlotte Hornets,San Antonio Spurs,28,23,1.081,2.35,0.852,1.269,0.827,0.842
2025,Mark Williams,C,Charlotte Hornets,Toronto Raptors,28,24,1.081,0.899,0.668,0,1,0.801
2025,Mark Williams,C,Charlotte Hornets,Brooklyn Nets,28,25,1.081,0.443,0.383,0,1,0.63
2025,Mark Williams,C,Charlotte Hornets,Philadelphia 76ers,28,26,1.081,0.849,0.325,0,1,0.595
2025,Mark Williams,C,Charlotte Hornets,New Orleans Pelicans,28,27,1.081,0.363,0.047,0,1,0.428
2025,Markelle Fultz,PG,Sacramento Kings,Oklahoma City Thunder,17,1,-0.633,1.646,1.951,2.279,0.71,1.455
2025,Markelle Fultz,PG,Sacramento Kings,Cleveland Cavaliers,17,2,-0.633,0.908,1.62,1.541,0.794,1.289
2025,Markelle Fultz,PG,Sacramento Kings,Boston Celtics,17,3,-0.633,0.432,1.521,1.064,0.852,1.254
2025,Markelle Fultz,PG,Sacramento Kings,Houston Rockets,17,4,-0.633,0.457,1.038,1.09,0.849,0.962
2025,Markelle Fultz,PG,Sacramento Kings,New York Knicks,17,5,-0.633,1.105,0.93,1.738,0.771,0.866
2025,Markelle Fultz,PG,Sacramento Kings,Minnesota Timberwolves,17,10,-0.633,0.2,0.75,0.832,0.883,0.803
2025,Markelle Fultz,PG,Sacramento Kings,Los Angeles Clippers,17,9,-0.633,1.03,0.809,1.662,0.779,0.797
2025,Markelle Fultz,PG,Sacramento Kings,Denver Nuggets,17,8,-0.633,0.822,0.757,1.455,0.804,0.776
2025,Markelle Fultz,PG,Sacramento Kings,Indiana Pacers,17,6,-0.633,1.379,0.771,2.012,0.74,0.759
2025,Markelle Fultz,PG,Sacramento Kings,Los Angeles Lakers,17,7,-0.633,1.252,0.68,1.885,0.754,0.709
2025,Markelle Fultz,PG,Sacramento Kings,Memphis Grizzlies,17,13,-0.633,0.849,0.573,1.481,0.801,0.664
2025,Markelle Fultz,PG,Sacramento Kings,Golden State Warriors,17,12,-0.633,1.025,0.557,1.657,0.78,0.646
2025,Markelle Fultz,PG,Sacramento Kings,Milwaukee Bucks,17,11,-0.633,1.065,0.544,1.697,0.775,0.637
2025,Markelle Fultz,PG,Sacramento Kings,Detroit Pistons,17,14,-0.633,1.099,0.307,1.731,0.771,0.493
2025,Markelle Fultz,PG,Sacramento Kings,Orlando Magic,17,15,-0.633,0.182,0.127,0.815,0.885,0.43
2025,Markieff Morris,PF,Dallas Mavericks,Oklahoma City Thunder,19,1,-1.471,0.795,2.134,2.266,0.712,1.565
2025,Markieff Morris,PF,Dallas Mavericks,Cleveland Cavaliers,19,2,-1.471,1.717,1.803,3.188,0.62,1.33
2025,Markieff Morris,PF,Dallas Mavericks,Boston Celtics,19,3,-1.471,1.509,1.705,2.979,0.64,1.279
2025,Markieff Morris,PF,Los Angeles Lakers,Oklahoma City Thunder,7,1,-0.755,0.795,1.271,1.55,0.792,1.08
2025,Markieff Morris,PF,Dallas Mavericks,Houston Rockets,19,4,-1.471,0.863,1.221,2.334,0.705,1.014
2025,Markieff Morris,PF,Dallas Mavericks,New York Knicks,19,5,-1.471,0.825,1.113,2.296,0.709,0.951
2025,Markieff Morris,PF,Dallas Mavericks,Los Angeles Clippers,19,9,-1.471,-0.25,0.992,1.221,0.833,0.928
2025,Markieff Morris,PF,Dallas Mavericks,Denver Nuggets,19,8,-1.471,0.4,0.941,1.871,0.755,0.866
2025,Markieff Morris,PF,Dallas Mavericks,Indiana Pacers,19,6,-1.471,0.96,0.955,2.43,0.695,0.851
2025,Markieff Morris,PF,Dallas Mavericks,Minnesota Timberwolves,19,10,-1.471,0.731,0.933,2.202,0.719,0.848
2025,Markieff Morris,PF,Los Angeles Lakers,Cleveland Cavaliers,7,2,-0.755,1.717,0.94,2.473,0.69,0.84
2025,Markieff Morris,PF,Dallas Mavericks,Los Angeles Lakers,19,7,-1.471,0.286,0.863,1.757,0.768,0.825
2025,Markieff Morris,PF,Los Angeles Lakers,Boston Celtics,7,3,-0.755,1.509,0.842,2.264,0.712,0.79
2025,Markieff Morris,PF,Dallas Mavericks,Memphis Grizzlies,19,13,-1.471,0.525,0.756,1.995,0.741,0.75
2025,Markieff Morris,PF,Dallas Mavericks,Golden State Warriors,19,12,-1.471,0.698,0.74,2.169,0.722,0.733
2025,Markieff Morris,PF,Dallas Mavericks,Milwaukee Bucks,19,11,-1.471,2.524,0.728,3.995,0.549,0.656
2025,Markieff Morris,PF,Dallas Mavericks,Detroit Pistons,19,14,-1.471,0.573,0.49,2.044,0.736,0.588
2025,Markieff Morris,PF,Los Angeles Lakers,Houston Rockets,7,4,-0.755,0.863,0.358,1.619,0.784,0.529
2025,Markieff Morris,PF,Los Angeles Lakers,New York Knicks,7,5,-0.755,0.825,0.251,1.581,0.789,0.466
2025,Markieff Morris,PF,Dallas Mavericks,Orlando Magic,19,15,-1.471,1.217,0.31,2.688,0.668,0.453
2025,Markieff Morris,PF,Los Angeles Lakers,Los Angeles Clippers,7,9,-0.755,-0.25,0.13,0.506,0.927,0.449
2025,Markieff Morris,PF,Dallas Mavericks,Sacramento Kings,19,17,-1.471,0.523,0.183,1.994,0.742,0.407
2025,Markieff Morris,PF,Dallas Mavericks,Atlanta Hawks,19,16,-1.471,0.235,0.151,1.705,0.774,0.4
2025,Markieff Morris,PF,Los Angeles Lakers,Denver Nuggets,7,8,-0.755,0.4,0.078,1.155,0.841,0.383
2025,Markieff Morris,PF,Los Angeles Lakers,Indiana Pacers,7,6,-0.755,0.96,0.092,1.715,0.773,0.364
2025,Markieff Morris,PF,Los Angeles Lakers,Minnesota Timberwolves,7,10,-0.755,0.731,0.071,1.487,0.8,0.363
2025,Markieff Morris,PF,Dallas Mavericks,Chicago Bulls,19,18,-1.471,0.411,0.029,1.882,0.754,0.319
2025,Markieff Morris,PF,Dallas Mavericks,Miami Heat,19,20,-1.471,0.861,0.026,2.332,0.705,0.297
2025,Marvin Bagley III,C,Washington Wizards,Oklahoma City Thunder,29,1,-0.417,1.018,3.577,1.434,0.806,2.469
2025,Marvin Bagley III,C,Washington Wizards,Cleveland Cavaliers,29,2,-0.417,0.96,3.246,1.376,0.813,2.273
2025,Marvin Bagley III,C,Washington Wizards,Boston Celtics,29,3,-0.417,0.929,3.148,1.346,0.817,2.216
2025,Marvin Bagley III,C,Washington Wizards,Houston Rockets,29,4,-0.417,0.807,2.664,1.224,0.832,1.931
2025,Marvin Bagley III,C,Washington Wizards,New York Knicks,29,5,-0.417,1.332,2.557,1.749,0.769,1.842
2025,Marvin Bagley III,C,Washington Wizards,Indiana Pacers,29,6,-0.417,0.754,2.398,1.171,0.839,1.774
2025,Marvin Bagley III,C,Washington Wizards,Los Angeles Clippers,29,9,-0.417,1.266,2.436,1.682,0.777,1.772
2025,Marvin Bagley III,C,Washington Wizards,Minnesota Timberwolves,29,10,-0.417,1.008,2.377,1.424,0.808,1.749
2025,Marvin Bagley III,C,Washington Wizards,Denver Nuggets,29,8,-0.417,1.827,2.384,2.244,0.714,1.716
2025,Marvin Bagley III,C,Washington Wizards,Golden State Warriors,29,12,-0.417,-0.087,2.183,0.33,0.952,1.691
2025,Marvin Bagley III,C,Washington Wizards,Los Angeles Lakers,29,7,-0.417,1.908,2.306,2.325,0.706,1.666
2025,Marvin Bagley III,C,Washington Wizards,Memphis Grizzlies,29,13,-0.417,0.773,2.199,1.19,0.837,1.654
2025,Marvin Bagley III,C,Washington Wizards,Milwaukee Bucks,29,11,-0.417,0.498,2.171,0.915,0.872,1.651
2025,Marvin Bagley III,C,Washington Wizards,Detroit Pistons,29,14,-0.417,0.988,1.933,1.404,0.81,1.484
2025,Marvin Bagley III,C,Washington Wizards,Orlando Magic,29,15,-0.417,0.455,1.753,0.871,0.877,1.403
2025,Marvin Bagley III,C,Washington Wizards,Atlanta Hawks,29,16,-0.417,0.616,1.594,1.033,0.856,1.299
2025,Marvin Bagley III,C,Washington Wizards,Sacramento Kings,29,17,-0.417,1.198,1.626,1.615,0.785,1.29
2025,Marvin Bagley III,C,Washington Wizards,Miami Heat,29,20,-0.417,0.612,1.469,1.029,0.857,1.224
2025,Marvin Bagley III,C,Washington Wizards,Chicago Bulls,29,18,-0.417,0.827,1.473,1.243,0.83,1.216
2025,Marvin Bagley III,C,Washington Wizards,Dallas Mavericks,29,19,-0.417,1.114,1.443,1.531,0.795,1.184
2025,Marvin Bagley III,PF,Memphis Grizzlies,Oklahoma City Thunder,13,1,-0.505,0.795,1.378,1.3,0.823,1.156
2025,Marvin Bagley III,C,Washington Wizards,Phoenix Suns,29,21,-0.417,0.34,1.173,0.757,0.893,1.061
2025,Marvin Bagley III,C,Washington Wizards,Portland Trail Blazers,29,22,-0.417,0.7,1.177,1.117,0.846,1.045
2025,Marvin Bagley III,PF,Memphis Grizzlies,Cleveland Cavaliers,13,2,-0.505,1.717,1.047,2.222,0.717,0.915
2025,Marvin Bagley III,C,Washington Wizards,San Antonio Spurs,29,23,-0.417,2.35,1.08,2.766,0.66,0.912
2025,Marvin Bagley III,C,Washington Wizards,Toronto Raptors,29,24,-0.417,0.899,0.897,1.315,0.821,0.866
2025,Marvin Bagley III,PF,Memphis Grizzlies,Boston Celtics,13,3,-0.505,1.509,0.949,2.014,0.739,0.865
2025,Marvin Bagley III,C,Washington Wizards,Brooklyn Nets,29,25,-0.417,0.443,0.612,0.86,0.879,0.719
2025,Marvin Bagley III,C,Washington Wizards,Philadelphia 76ers,29,26,-0.417,0.849,0.554,1.265,0.827,0.663
2025,Marvin Bagley III,PF,Memphis Grizzlies,Houston Rockets,13,4,-0.505,0.863,0.465,1.368,0.814,0.605
2025,Marvin Bagley III,PF,Memphis Grizzlies,New York Knicks,13,5,-0.505,0.825,0.358,1.331,0.819,0.542
2025,Marvin Bagley III,PF,Memphis Grizzlies,Los Angeles Clippers,13,9,-0.505,-0.25,0.237,0.255,0.962,0.527
2025,Marvin Bagley III,C,Washington Wizards,New Orleans Pelicans,29,27,-0.417,0.363,0.276,0.779,0.89,0.521
2025,Marvin Bagley III,PF,Memphis Grizzlies,Denver Nuggets,13,8,-0.505,0.4,0.185,0.905,0.873,0.46
2025,Marvin Bagley III,C,Washington Wizards,Charlotte Hornets,29,28,-0.417,1.081,0.228,1.497,0.799,0.457
2025,Marvin Bagley III,PF,Memphis Grizzlies,Indiana Pacers,13,6,-0.505,0.96,0.199,1.465,0.803,0.44
2025,Marvin Bagley III,PF,Memphis Grizzlies,Minnesota Timberwolves,13,10,-0.505,0.731,0.178,1.236,0.831,0.439
2025,Marvin Bagley III,PF,Memphis Grizzlies,Los Angeles Lakers,13,7,-0.505,0.286,0.107,0.792,0.888,0.419
2025,Marvin Bagley III,C,Washington Wizards,Utah Jazz,29,30,-0.417,1.536,0.073,1.952,0.746,0.342
2025,Mason Jones,SG,Sacramento Kings,Oklahoma City Thunder,17,1,-0.08,1.265,1.951,1.346,0.817,1.497
2025,Mason Jones,SG,Sacramento Kings,Cleveland Cavaliers,17,2,-0.08,1.342,1.62,1.422,0.808,1.295
2025,Mason Jones,SG,Sacramento Kings,Boston Celtics,17,3,-0.08,0.808,1.521,0.888,0.875,1.263
2025,Mason Jones,SG,Sacramento Kings,Houston Rockets,17,4,-0.08,0.724,1.038,0.804,0.886,0.977
2025,Mason Jones,SG,Sacramento Kings,New York Knicks,17,5,-0.08,0.807,0.93,0.887,0.875,0.908
2025,Mason Jones,SG,Sacramento Kings,Indiana Pacers,17,6,-0.08,0.275,0.771,0.355,0.948,0.842
2025,Mason Jones,SG,Sacramento Kings,Los Angeles Clippers,17,9,-0.08,1.026,0.809,1.106,0.847,0.824
2025,Mason Jones,SG,Sacramento Kings,Denver Nuggets,17,8,-0.08,0.812,0.757,0.892,0.875,0.804
2025,Mason Jones,SG,Sacramento Kings,Minnesota Timberwolves,17,10,-0.08,1.353,0.75,1.434,0.807,0.773
2025,Mason Jones,SG,Sacramento Kings,Los Angeles Lakers,17,7,-0.08,1.047,0.68,1.127,0.844,0.745
2025,Mason Jones,SG,Sacramento Kings,Golden State Warriors,17,12,-0.08,0.448,0.557,0.528,0.924,0.704
2025,Mason Jones,SG,Sacramento Kings,Memphis Grizzlies,17,13,-0.08,0.996,0.573,1.076,0.851,0.684
2025,Mason Jones,SG,Sacramento Kings,Milwaukee Bucks,17,11,-0.08,0.683,0.544,0.763,0.892,0.683
2025,Mason Jones,SG,Sacramento Kings,Detroit Pistons,17,14,-0.08,2.249,0.307,2.329,0.705,0.466
2025,Mason Jones,SG,Sacramento Kings,Orlando Magic,17,15,-0.08,0.142,0.127,0.222,0.967,0.463
2025,Mason Plumlee,C,Phoenix Suns,Oklahoma City Thunder,21,1,-0.129,1.018,2.404,1.147,0.842,1.779
2025,Mason Plumlee,C,Phoenix Suns,Cleveland Cavaliers,21,2,-0.129,0.96,2.073,1.089,0.849,1.583
2025,Mason Plumlee,C,Phoenix Suns,Boston Celtics,21,3,-0.129,0.929,1.974,1.058,0.853,1.526
2025,Mason Plumlee,C,Phoenix Suns,Houston Rockets,21,4,-0.129,0.807,1.491,0.937,0.869,1.242
2025,Mason Plumlee,C,Phoenix Suns,New York Knicks,21,5,-0.129,1.332,1.383,1.462,0.803,1.151
2025,Mason Plumlee,C,Phoenix Suns,Indiana Pacers,21,6,-0.129,0.754,1.224,0.884,0.876,1.085
2025,Mason Plumlee,C,Phoenix Suns,Los Angeles Clippers,21,9,-0.129,1.266,1.262,1.395,0.811,1.082
2025,Mason Plumlee,C,Phoenix Suns,Minnesota Timberwolves,21,10,-0.129,1.008,1.203,1.137,0.843,1.059
2025,Mason Plumlee,C,Phoenix Suns,Denver Nuggets,21,8,-0.129,1.827,1.21,1.957,0.746,1.024
2025,Mason Plumlee,C,Phoenix Suns,Golden State Warriors,21,12,-0.129,-0.087,1.01,0.043,0.994,1.003
2025,Mason Plumlee,C,Phoenix Suns,Los Angeles Lakers,21,7,-0.129,1.908,1.132,2.037,0.737,0.974
2025,Mason Plumlee,C,Phoenix Suns,Memphis Grizzlies,21,13,-0.129,0.773,1.025,0.903,0.873,0.965
2025,Mason Plumlee,C,Phoenix Suns,Milwaukee Bucks,21,11,-0.129,0.498,0.997,0.628,0.91,0.962
2025,Mason Plumlee,C,Phoenix Suns,Detroit Pistons,21,14,-0.129,0.988,0.76,1.117,0.846,0.794
2025,Mason Plumlee,C,Phoenix Suns,Orlando Magic,21,15,-0.129,0.455,0.58,0.584,0.916,0.714
2025,Mason Plumlee,C,Phoenix Suns,Atlanta Hawks,21,16,-0.129,0.616,0.421,0.746,0.894,0.61
2025,Mason Plumlee,C,Phoenix Suns,Sacramento Kings,21,17,-0.129,1.198,0.453,1.327,0.819,0.6
2025,Mason Plumlee,C,Phoenix Suns,Miami Heat,21,20,-0.129,0.612,0.295,0.742,0.895,0.535
2025,Mason Plumlee,C,Phoenix Suns,Chicago Bulls,21,18,-0.129,0.827,0.299,0.956,0.866,0.526
2025,Mason Plumlee,C,Phoenix Suns,Dallas Mavericks,21,19,-0.129,1.114,0.27,1.243,0.83,0.494
2025,Mason Plumlee,C,Phoenix Suns,Portland Trail Blazers,21,22,-0.129,0.7,0.004,0.83,0.883,0.356
2025,Matas Buzelis,SF,Chicago Bulls,Oklahoma City Thunder,18,1,0.166,0.332,2.105,0.165,0.975,1.653
2025,Matas Buzelis,SF,Chicago Bulls,Cleveland Cavaliers,18,2,0.166,0.475,1.774,0.308,0.955,1.446
2025,Matas Buzelis,SF,Chicago Bulls,Boston Celtics,18,3,0.166,1.283,1.675,1.117,0.846,1.343
2025,Matas Buzelis,SF,Chicago Bulls,Houston Rockets,18,4,0.166,1.573,1.191,1.407,0.81,1.039
2025,Matas Buzelis,SF,Chicago Bulls,New York Knicks,18,5,0.166,0.764,1.084,0.598,0.914,1.016
2025,Matas Buzelis,SF,Chicago Bulls,Minnesota Timberwolves,18,10,0.166,-0.433,0.904,0,1,0.942
2025,Matas Buzelis,SF,Chicago Bulls,Indiana Pacers,18,6,0.166,0.534,0.925,0.368,0.946,0.934
2025,Matas Buzelis,SF,Chicago Bulls,Los Angeles Clippers,18,9,0.166,1.392,0.963,1.225,0.832,0.911
2025,Matas Buzelis,SF,Chicago Bulls,Denver Nuggets,18,8,0.166,0.927,0.911,0.761,0.892,0.904
2025,Matas Buzelis,SF,Chicago Bulls,Los Angeles Lakers,18,7,0.166,2.119,0.833,1.952,0.746,0.798
2025,Matas Buzelis,SF,Chicago Bulls,Milwaukee Bucks,18,11,0.166,0.667,0.698,0.501,0.928,0.79
2025,Matas Buzelis,SF,Chicago Bulls,Golden State Warriors,18,12,0.166,1.484,0.711,1.318,0.821,0.755
2025,Matas Buzelis,SF,Chicago Bulls,Detroit Pistons,18,14,0.166,0.84,0.461,0.673,0.904,0.638
2025,Matas Buzelis,SF,Chicago Bulls,Orlando Magic,18,15,0.166,1.486,0.28,1.32,0.82,0.496
2025,Matas Buzelis,SF,Chicago Bulls,Sacramento Kings,18,17,0.166,1.064,0.154,0.897,0.874,0.442
2025,Matas Buzelis,SF,Chicago Bulls,Atlanta Hawks,18,16,0.166,1.882,0.122,1.716,0.773,0.382
2025,Matisse Thybulle,SG,Portland Trail Blazers,Oklahoma City Thunder,22,1,0.601,1.265,2.4,0.664,0.905,1.802
2025,Matisse Thybulle,SG,Portland Trail Blazers,Cleveland Cavaliers,22,2,0.601,1.342,2.069,0.74,0.895,1.599
2025,Matisse Thybulle,SG,Portland Trail Blazers,Boston Celtics,22,3,0.601,0.808,1.97,0.207,0.969,1.57
2025,Matisse Thybulle,SG,Portland Trail Blazers,Houston Rockets,22,4,0.601,0.724,1.487,0.123,0.982,1.285
2025,Matisse Thybulle,SG,Portland Trail Blazers,New York Knicks,22,5,0.601,0.807,1.379,0.205,0.97,1.215
2025,Matisse Thybulle,SG,Portland Trail Blazers,Indiana Pacers,22,6,0.601,0.275,1.22,0,1,1.132
2025,Matisse Thybulle,SG,Portland Trail Blazers,Los Angeles Clippers,22,9,0.601,1.026,1.258,0.424,0.938,1.13
2025,Matisse Thybulle,SG,Portland Trail Blazers,Denver Nuggets,22,8,0.601,0.812,1.206,0.21,0.969,1.111
2025,Matisse Thybulle,SG,Portland Trail Blazers,Minnesota Timberwolves,22,10,0.601,1.353,1.199,0.752,0.893,1.077
2025,Matisse Thybulle,SG,Portland Trail Blazers,Los Angeles Lakers,22,7,0.601,1.047,1.129,0.446,0.935,1.051
2025,Matisse Thybulle,SG,Portland Trail Blazers,Golden State Warriors,22,12,0.601,0.448,1.006,0,1,1.004
2025,Matisse Thybulle,SG,Portland Trail Blazers,Milwaukee Bucks,22,11,0.601,0.683,0.993,0.081,0.988,0.991
2025,Matisse Thybulle,SG,Portland Trail Blazers,Memphis Grizzlies,22,13,0.601,0.996,1.022,0.394,0.943,0.99
2025,Matisse Thybulle,SG,Portland Trail Blazers,Detroit Pistons,22,14,0.601,2.249,0.756,1.648,0.781,0.766
2025,Matisse Thybulle,SG,Portland Trail Blazers,Orlando Magic,22,15,0.601,0.142,0.576,0,1,0.745
2025,Matisse Thybulle,SG,Portland Trail Blazers,Sacramento Kings,22,17,0.601,0.908,0.449,0.307,0.955,0.651
2025,Matisse Thybulle,SG,Portland Trail Blazers,Atlanta Hawks,22,16,0.601,1.001,0.417,0.4,0.942,0.627
2025,Matisse Thybulle,SG,Portland Trail Blazers,Chicago Bulls,22,18,0.601,0.842,0.295,0.24,0.965,0.563
2025,Matisse Thybulle,SG,Portland Trail Blazers,Miami Heat,22,20,0.601,1.223,0.292,0.622,0.911,0.539
2025,Matisse Thybulle,SG,Portland Trail Blazers,Dallas Mavericks,22,19,0.601,1.335,0.266,0.734,0.896,0.518
2025,Matt Ryan,SF,New York Knicks,Oklahoma City Thunder,5,1,-1.044,0.332,1.021,1.376,0.814,0.938
2025,Matt Ryan,SF,New York Knicks,Cleveland Cavaliers,5,2,-1.044,0.475,0.69,1.519,0.796,0.732
2025,Matt Ryan,SF,New York Knicks,Boston Celtics,5,3,-1.044,1.283,0.591,2.327,0.705,0.637
2025,Matt Ryan,SF,New York Knicks,Houston Rockets,5,4,-1.044,1.573,0.107,2.617,0.675,0.335
2025,Max Christie,SG,Dallas Mavericks,Oklahoma City Thunder,19,1,0.098,1.265,2.134,1.168,0.839,1.616
2025,Max Christie,SG,Dallas Mavericks,Cleveland Cavaliers,19,2,0.098,1.342,1.803,1.244,0.83,1.414
2025,Max Christie,SG,Dallas Mavericks,Boston Celtics,19,3,0.098,0.808,1.705,0.711,0.899,1.382
2025,Max Christie,SG,Dallas Mavericks,Houston Rockets,19,4,0.098,0.724,1.221,0.627,0.91,1.097
2025,Max Christie,SG,Los Angeles Lakers,Oklahoma City Thunder,7,1,0.032,1.265,1.271,1.233,0.831,1.095
2025,Max Christie,SG,Dallas Mavericks,New York Knicks,19,5,0.098,0.807,1.113,0.709,0.899,1.028
2025,Max Christie,SG,Dallas Mavericks,Indiana Pacers,19,6,0.098,0.275,0.955,0.177,0.974,0.962
2025,Max Christie,SG,Dallas Mavericks,Los Angeles Clippers,19,9,0.098,1.026,0.992,0.928,0.87,0.943
2025,Max Christie,SG,Dallas Mavericks,Denver Nuggets,19,8,0.098,0.812,0.941,0.714,0.898,0.924
2025,Max Christie,SG,Los Angeles Lakers,Cleveland Cavaliers,7,2,0.032,1.342,0.94,1.31,0.822,0.893
2025,Max Christie,SG,Dallas Mavericks,Minnesota Timberwolves,19,10,0.098,1.353,0.933,1.256,0.828,0.891
2025,Max Christie,SG,Dallas Mavericks,Los Angeles Lakers,19,7,0.098,1.047,0.863,0.95,0.867,0.865
2025,Max Christie,SG,Los Angeles Lakers,Boston Celtics,7,3,0.032,0.808,0.842,0.776,0.89,0.861
2025,Max Christie,SG,Dallas Mavericks,Golden State Warriors,19,12,0.098,0.448,0.74,0.351,0.949,0.824
2025,Max Christie,SG,Dallas Mavericks,Memphis Grizzlies,19,13,0.098,0.996,0.756,0.898,0.874,0.803
2025,Max Christie,SG,Dallas Mavericks,Milwaukee Bucks,19,11,0.098,0.683,0.728,0.585,0.916,0.803
2025,Max Christie,SG,Dallas Mavericks,Detroit Pistons,19,14,0.098,2.249,0.49,2.152,0.724,0.584
2025,Max Christie,SG,Dallas Mavericks,Orlando Magic,19,15,0.098,0.142,0.31,0.044,0.993,0.583
2025,Max Christie,SG,Los Angeles Lakers,Houston Rockets,7,4,0.032,0.724,0.358,0.692,0.901,0.575
2025,Max Christie,SG,Los Angeles Lakers,New York Knicks,7,5,0.032,0.807,0.251,0.774,0.89,0.507
2025,Max Christie,SG,Dallas Mavericks,Sacramento Kings,19,17,0.098,0.908,0.183,0.811,0.885,0.464
2025,Max Christie,SG,Los Angeles Lakers,Indiana Pacers,7,6,0.032,0.275,0.092,0.242,0.964,0.441
2025,Max Christie,SG,Dallas Mavericks,Atlanta Hawks,19,16,0.098,1.001,0.151,0.903,0.873,0.44
2025,Max Christie,SG,Los Angeles Lakers,Los Angeles Clippers,7,9,0.032,1.026,0.13,0.994,0.862,0.422
2025,Max Christie,SG,Los Angeles Lakers,Denver Nuggets,7,8,0.032,0.812,0.078,0.78,0.89,0.403
2025,Max Christie,SG,Dallas Mavericks,Chicago Bulls,19,18,0.098,0.842,0.029,0.744,0.894,0.375
2025,Max Christie,SG,Los Angeles Lakers,Minnesota Timberwolves,7,10,0.032,1.353,0.071,1.321,0.82,0.371
2025,Max Christie,SG,Dallas Mavericks,Miami Heat,19,20,0.098,1.223,0.026,1.126,0.845,0.353
2025,Max Strus,SF,Cleveland Cavaliers,Oklahoma City Thunder,2,1,0.285,0.332,0.331,0.047,0.993,0.596
2025,Maxi Kleber,PF,Dallas Mavericks,Oklahoma City Thunder,19,1,-0.675,0.795,2.134,1.47,0.802,1.601
2025,Maxi Kleber,PF,Dallas Mavericks,Cleveland Cavaliers,19,2,-0.675,1.717,1.803,2.392,0.698,1.361
2025,Maxi Kleber,PF,Dallas Mavericks,Boston Celtics,19,3,-0.675,1.509,1.705,2.184,0.721,1.311
2025,Maxi Kleber,PF,Dallas Mavericks,Houston Rockets,19,4,-0.675,0.863,1.221,1.538,0.794,1.05
2025,Maxi Kleber,PF,Dallas Mavericks,New York Knicks,19,5,-0.675,0.825,1.113,1.5,0.798,0.987
2025,Maxi Kleber,PF,Dallas Mavericks,Los Angeles Clippers,19,9,-0.675,-0.25,0.992,0.425,0.938,0.971
2025,Maxi Kleber,PF,Dallas Mavericks,Denver Nuggets,19,8,-0.675,0.4,0.941,1.075,0.851,0.905
2025,Maxi Kleber,PF,Dallas Mavericks,Indiana Pacers,19,6,-0.675,0.96,0.955,1.634,0.783,0.886
2025,Maxi Kleber,PF,Dallas Mavericks,Minnesota Timberwolves,19,10,-0.675,0.731,0.933,1.406,0.81,0.884
2025,Maxi Kleber,PF,Dallas Mavericks,Los Angeles Lakers,19,7,-0.675,0.286,0.863,0.961,0.866,0.864
2025,Maxi Kleber,PF,Dallas Mavericks,Memphis Grizzlies,19,13,-0.675,0.525,0.756,1.2,0.835,0.788
2025,Maxi Kleber,PF,Dallas Mavericks,Golden State Warriors,19,12,-0.675,0.698,0.74,1.373,0.814,0.77
2025,Maxi Kleber,PF,Dallas Mavericks,Milwaukee Bucks,19,11,-0.675,2.524,0.728,3.199,0.619,0.684
2025,Maxi Kleber,PF,Dallas Mavericks,Detroit Pistons,19,14,-0.675,0.573,0.49,1.248,0.829,0.626
2025,Maxi Kleber,PF,Dallas Mavericks,Orlando Magic,19,15,-0.675,1.217,0.31,1.892,0.753,0.487
2025,Maxi Kleber,PF,Dallas Mavericks,Sacramento Kings,19,17,-0.675,0.523,0.183,1.198,0.836,0.444
2025,Maxi Kleber,PF,Dallas Mavericks,Atlanta Hawks,19,16,-0.675,0.235,0.151,0.909,0.872,0.44
2025,Maxi Kleber,PF,Dallas Mavericks,Chicago Bulls,19,18,-0.675,0.411,0.029,1.086,0.85,0.358
2025,Maxi Kleber,PF,Dallas Mavericks,Miami Heat,19,20,-0.675,0.861,0.026,1.536,0.794,0.333
2025,Maxwell Lewis,SF,Brooklyn Nets,Oklahoma City Thunder,25,1,-0.329,0.332,2.966,0.661,0.906,2.142
2025,Maxwell Lewis,SF,Brooklyn Nets,Cleveland Cavaliers,25,2,-0.329,0.475,2.635,0.804,0.886,1.935
2025,Maxwell Lewis,SF,Brooklyn Nets,Boston Celtics,25,3,-0.329,1.283,2.536,1.612,0.785,1.836
2025,Maxwell Lewis,SF,Brooklyn Nets,Houston Rockets,25,4,-0.329,1.573,2.052,1.902,0.752,1.532
2025,Maxwell Lewis,SF,Brooklyn Nets,New York Knicks,25,5,-0.329,0.764,1.945,1.093,0.849,1.506
2025,Maxwell Lewis,SF,Brooklyn Nets,Minnesota Timberwolves,25,10,-0.329,-0.433,1.765,0,1,1.459
2025,Maxwell Lewis,SF,Brooklyn Nets,Indiana Pacers,25,6,-0.329,0.534,1.786,0.863,0.879,1.423
2025,Maxwell Lewis,SF,Brooklyn Nets,Los Angeles Clippers,25,9,-0.329,1.392,1.824,1.721,0.773,1.403
2025,Maxwell Lewis,SF,Brooklyn Nets,Denver Nuggets,25,8,-0.329,0.927,1.772,1.256,0.828,1.395
2025,Maxwell Lewis,SF,Brooklyn Nets,Los Angeles Lakers,25,7,-0.329,2.119,1.694,2.448,0.693,1.294
2025,Maxwell Lewis,SF,Brooklyn Nets,Milwaukee Bucks,25,11,-0.329,0.667,1.559,0.996,0.861,1.28
2025,Maxwell Lewis,SF,Brooklyn Nets,Golden State Warriors,25,12,-0.329,1.484,1.572,1.813,0.762,1.248
2025,Maxwell Lewis,SF,Brooklyn Nets,Detroit Pistons,25,14,-0.329,0.84,1.322,1.169,0.839,1.129
2025,Maxwell Lewis,SF,Los Angeles Lakers,Oklahoma City Thunder,7,1,-1.234,0.332,1.271,1.565,0.791,1.079
2025,Maxwell Lewis,SF,Brooklyn Nets,Orlando Magic,25,15,-0.329,1.486,1.141,1.815,0.762,0.989
2025,Maxwell Lewis,SF,Brooklyn Nets,Sacramento Kings,25,17,-0.329,1.064,1.015,1.393,0.811,0.933
2025,Maxwell Lewis,SF,Brooklyn Nets,Atlanta Hawks,25,16,-0.329,1.882,0.983,2.211,0.718,0.877
2025,Maxwell Lewis,SF,Los Angeles Lakers,Cleveland Cavaliers,7,2,-1.234,0.475,0.94,1.708,0.774,0.874
2025,Maxwell Lewis,SF,Brooklyn Nets,Dallas Mavericks,25,19,-0.329,0.6,0.831,0.929,0.87,0.847
2025,Maxwell Lewis,SF,Brooklyn Nets,Miami Heat,25,20,-0.329,1.143,0.857,1.472,0.802,0.835
2025,Maxwell Lewis,SF,Brooklyn Nets,Chicago Bulls,25,18,-0.329,1.234,0.861,1.563,0.791,0.833
2025,Maxwell Lewis,SF,Los Angeles Lakers,Boston Celtics,7,3,-1.234,1.283,0.842,2.517,0.686,0.779
2025,Maxwell Lewis,SF,Brooklyn Nets,Phoenix Suns,25,21,-0.329,0.395,0.562,0.724,0.897,0.696
2025,Maxwell Lewis,SF,Brooklyn Nets,Portland Trail Blazers,25,22,-0.329,1.194,0.566,1.523,0.796,0.658
2025,Maxwell Lewis,SF,Brooklyn Nets,San Antonio Spurs,25,23,-0.329,0.392,0.468,0.721,0.897,0.64
2025,Maxwell Lewis,SF,Brooklyn Nets,Toronto Raptors,25,24,-0.329,1.249,0.285,1.578,0.789,0.487
2025,Maxwell Lewis,SF,Los Angeles Lakers,Houston Rockets,7,4,-1.234,1.573,0.358,2.807,0.656,0.477
2025,Maxwell Lewis,SF,Los Angeles Lakers,New York Knicks,7,5,-1.234,0.764,0.251,1.998,0.741,0.447
2025,Maxwell Lewis,SF,Los Angeles Lakers,Minnesota Timberwolves,7,10,-1.234,-0.433,0.071,0.8,0.887,0.397
2025,Maxwell Lewis,SF,Los Angeles Lakers,Indiana Pacers,7,6,-1.234,0.534,0.092,1.768,0.767,0.362
2025,Maxwell Lewis,SF,Los Angeles Lakers,Los Angeles Clippers,7,9,-1.234,1.392,0.13,2.625,0.674,0.348
2025,Maxwell Lewis,SF,Los Angeles Lakers,Denver Nuggets,7,8,-1.234,0.927,0.078,2.16,0.723,0.336
2025,Micah Potter,C,Utah Jazz,Oklahoma City Thunder,30,1,-0.721,1.018,3.505,1.738,0.77,2.411
2025,Micah Potter,C,Utah Jazz,Cleveland Cavaliers,30,2,-0.721,0.96,3.174,1.681,0.777,2.215
2025,Micah Potter,C,Utah Jazz,Boston Celtics,30,3,-0.721,0.929,3.075,1.65,0.781,2.157
2025,Micah Potter,C,Utah Jazz,Houston Rockets,30,4,-0.721,0.807,2.591,1.528,0.795,1.873
2025,Micah Potter,C,Utah Jazz,New York Knicks,30,5,-0.721,1.332,2.484,2.053,0.735,1.784
2025,Micah Potter,C,Utah Jazz,Indiana Pacers,30,6,-0.721,0.754,2.325,1.475,0.801,1.716
2025,Micah Potter,C,Utah Jazz,Los Angeles Clippers,30,9,-0.721,1.266,2.363,1.986,0.742,1.715
2025,Micah Potter,C,Utah Jazz,Minnesota Timberwolves,30,10,-0.721,1.008,2.304,1.728,0.772,1.691
2025,Micah Potter,C,Utah Jazz,Denver Nuggets,30,8,-0.721,1.827,2.311,2.548,0.682,1.66
2025,Micah Potter,C,Utah Jazz,Golden State Warriors,30,12,-0.721,-0.087,2.111,0.634,0.909,1.63
2025,Micah Potter,C,Utah Jazz,Los Angeles Lakers,30,7,-0.721,1.908,2.233,2.629,0.674,1.61
2025,Micah Potter,C,Utah Jazz,Memphis Grizzlies,30,13,-0.721,0.773,2.126,1.494,0.799,1.595
2025,Micah Potter,C,Utah Jazz,Milwaukee Bucks,30,11,-0.721,0.498,2.098,1.219,0.833,1.592
2025,Micah Potter,C,Utah Jazz,Detroit Pistons,30,14,-0.721,0.988,1.861,1.708,0.774,1.426
2025,Micah Potter,C,Utah Jazz,Orlando Magic,30,15,-0.721,0.455,1.68,1.176,0.838,1.344
2025,Micah Potter,C,Utah Jazz,Atlanta Hawks,30,16,-0.721,0.616,1.522,1.337,0.818,1.24
2025,Micah Potter,C,Utah Jazz,Sacramento Kings,30,17,-0.721,1.198,1.554,1.919,0.75,1.232
2025,Micah Potter,C,Utah Jazz,Miami Heat,30,20,-0.721,0.612,1.396,1.333,0.819,1.165
2025,Micah Potter,C,Utah Jazz,Chicago Bulls,30,18,-0.721,0.827,1.4,1.547,0.793,1.157
2025,Micah Potter,C,Utah Jazz,Dallas Mavericks,30,19,-0.721,1.114,1.371,1.835,0.759,1.126
2025,Micah Potter,C,Utah Jazz,Phoenix Suns,30,21,-0.721,0.34,1.101,1.061,0.853,1.002
2025,Micah Potter,C,Utah Jazz,Portland Trail Blazers,30,22,-0.721,0.7,1.105,1.421,0.808,0.986
2025,Micah Potter,C,Utah Jazz,San Antonio Spurs,30,23,-0.721,2.35,1.007,3.07,0.631,0.857
2025,Micah Potter,C,Utah Jazz,Toronto Raptors,30,24,-0.721,0.899,0.824,1.619,0.784,0.808
2025,Micah Potter,C,Utah Jazz,Brooklyn Nets,30,25,-0.721,0.443,0.539,1.164,0.84,0.659
2025,Micah Potter,C,Utah Jazz,Philadelphia 76ers,30,26,-0.721,0.849,0.481,1.57,0.79,0.605
2025,Micah Potter,C,Utah Jazz,New Orleans Pelicans,30,27,-0.721,0.363,0.203,1.084,0.85,0.462
2025,Micah Potter,C,Utah Jazz,Charlotte Hornets,30,28,-0.721,1.081,0.156,1.802,0.763,0.399
2025,Michael Porter Jr.,SF,Denver Nuggets,Oklahoma City Thunder,8,1,0.927,0.332,1.194,0,1,1.116
2025,Michael Porter Jr.,SF,Denver Nuggets,Cleveland Cavaliers,8,2,0.927,0.475,0.863,0,1,0.918
2025,Michael Porter Jr.,SF,Denver Nuggets,Boston Celtics,8,3,0.927,1.283,0.764,0.356,0.948,0.838
2025,Michael Porter Jr.,SF,Denver Nuggets,Houston Rockets,8,4,0.927,1.573,0.28,0.646,0.908,0.531
2025,Michael Porter Jr.,SF,Denver Nuggets,New York Knicks,8,5,0.927,0.764,0.173,0,1,0.504
2025,Michael Porter Jr.,SF,Denver Nuggets,Indiana Pacers,8,6,0.927,0.534,0.014,0,1,0.408
2025,Michael Porter Jr.,SF,Denver Nuggets,Los Angeles Clippers,8,9,0.927,1.392,0.052,0.465,0.933,0.404
2025,Mikal Bridges,SF,New York Knicks,Oklahoma City Thunder,5,1,0.764,0.332,1.021,0,1,1.012
2025,Mikal Bridges,SF,New York Knicks,Cleveland Cavaliers,5,2,0.764,0.475,0.69,0,1,0.814
2025,Mikal Bridges,SF,New York Knicks,Boston Celtics,5,3,0.764,1.283,0.591,0.519,0.925,0.725
2025,Mikal Bridges,SF,New York Knicks,Houston Rockets,5,4,0.764,1.573,0.107,0.809,0.886,0.419
2025,Mike Conley,PG,Minnesota Timberwolves,Oklahoma City Thunder,10,1,0.2,1.646,1.201,1.446,0.805,1.042
2025,Mike Conley,PG,Minnesota Timberwolves,Cleveland Cavaliers,10,2,0.2,0.908,0.87,0.708,0.899,0.881
2025,Mike Conley,PG,Minnesota Timberwolves,Boston Celtics,10,3,0.2,0.432,0.771,0.232,0.966,0.849
2025,Mike Conley,PG,Minnesota Timberwolves,Houston Rockets,10,4,0.2,0.457,0.287,0.257,0.962,0.557
2025,Mike Conley,PG,Minnesota Timberwolves,New York Knicks,10,5,0.2,1.105,0.18,0.905,0.873,0.457
2025,Mike Conley,PG,Minnesota Timberwolves,Los Angeles Clippers,10,9,0.2,1.03,0.059,0.83,0.883,0.388
2025,Mike Conley,PG,Minnesota Timberwolves,Denver Nuggets,10,8,0.2,0.822,0.007,0.622,0.911,0.369
2025,Mike Conley,PG,Minnesota Timberwolves,Indiana Pacers,10,6,0.2,1.379,0.021,1.179,0.838,0.348
2025,Miles Bridges,PF,Charlotte Hornets,Oklahoma City Thunder,28,1,0.956,0.795,3.349,0,1,2.409
2025,Miles Bridges,PF,Charlotte Hornets,Cleveland Cavaliers,28,2,0.956,1.717,3.018,0.761,0.892,2.168
2025,Miles Bridges,PF,Charlotte Hornets,Boston Celtics,28,3,0.956,1.509,2.92,0.552,0.92,2.12
2025,Miles Bridges,PF,Charlotte Hornets,Houston Rockets,28,4,0.956,0.863,2.436,0,1,1.861
2025,Miles Bridges,PF,Charlotte Hornets,New York Knicks,28,5,0.956,0.825,2.328,0,1,1.797
2025,Miles Bridges,PF,Charlotte Hornets,Los Angeles Clippers,28,9,0.956,-0.25,2.207,0,1,1.724
2025,Miles Bridges,PF,Charlotte Hornets,Indiana Pacers,28,6,0.956,0.96,2.169,0.003,0.999,1.701
2025,Miles Bridges,PF,Charlotte Hornets,Denver Nuggets,28,8,0.956,0.4,2.155,0,1,1.693
2025,Miles Bridges,PF,Charlotte Hornets,Minnesota Timberwolves,28,10,0.956,0.731,2.148,0,1,1.689
2025,Miles Bridges,PF,Charlotte Hornets,Los Angeles Lakers,28,7,0.956,0.286,2.078,0,1,1.647
2025,Miles Bridges,PF,Charlotte Hornets,Memphis Grizzlies,28,13,0.956,0.525,1.971,0,1,1.582
2025,Miles Bridges,PF,Charlotte Hornets,Golden State Warriors,28,12,0.956,0.698,1.955,0,1,1.573
2025,Miles Bridges,PF,Charlotte Hornets,Milwaukee Bucks,28,11,0.956,2.524,1.943,1.568,0.79,1.482
2025,Miles Bridges,PF,Charlotte Hornets,Detroit Pistons,28,14,0.956,0.573,1.705,0,1,1.423
2025,Miles Bridges,PF,Charlotte Hornets,Orlando Magic,28,15,0.956,1.217,1.525,0.261,0.962,1.299
2025,Miles Bridges,PF,Charlotte Hornets,Sacramento Kings,28,17,0.956,0.523,1.398,0,1,1.239
2025,Miles Bridges,PF,Charlotte Hornets,Atlanta Hawks,28,16,0.956,0.235,1.366,0,1,1.22
2025,Miles Bridges,PF,Charlotte Hornets,Chicago Bulls,28,18,0.956,0.411,1.244,0,1,1.147
2025,Miles Bridges,PF,Charlotte Hornets,Miami Heat,28,20,0.956,0.861,1.241,0,1,1.144
2025,Miles Bridges,PF,Charlotte Hornets,Dallas Mavericks,28,19,0.956,1.939,1.215,0.983,0.863,1.074
2025,Miles Bridges,PF,Charlotte Hornets,Portland Trail Blazers,28,22,0.956,0.482,0.949,0,1,0.969
2025,Miles Bridges,PF,Charlotte Hornets,Phoenix Suns,28,21,0.956,1.486,0.945,0.53,0.924,0.937
2025,Miles Bridges,PF,Charlotte Hornets,San Antonio Spurs,28,23,0.956,0.484,0.852,0,1,0.911
2025,Miles Bridges,PF,Charlotte Hornets,Toronto Raptors,28,24,0.956,1.283,0.668,0.327,0.952,0.782
2025,Miles Bridges,PF,Charlotte Hornets,Brooklyn Nets,28,25,0.956,0.624,0.383,0,1,0.63
2025,Miles Bridges,PF,Charlotte Hornets,Philadelphia 76ers,28,26,0.956,0.711,0.325,0,1,0.595
2025,Miles Bridges,PF,Charlotte Hornets,New Orleans Pelicans,28,27,0.956,1.672,0.047,0.716,0.898,0.388
2025,Miles McBride,SG,New York Knicks,Oklahoma City Thunder,5,1,0.25,1.265,1.021,1.016,0.859,0.956
2025,Miles McBride,SG,New York Knicks,Cleveland Cavaliers,5,2,0.25,1.342,0.69,1.092,0.849,0.753
2025,Miles McBride,SG,New York Knicks,Boston Celtics,5,3,0.25,0.808,0.591,0.559,0.92,0.723
2025,Miles McBride,SG,New York Knicks,Houston Rockets,5,4,0.25,0.724,0.107,0.475,0.931,0.437
2025,Miles Norris,PF,Boston Celtics,Oklahoma City Thunder,3,1,-0.788,0.795,0.429,1.583,0.789,0.573
2025,Miles Norris,PF,Boston Celtics,Cleveland Cavaliers,3,2,-0.788,1.717,0.098,2.505,0.687,0.334
2025,Mitchell Robinson,C,New York Knicks,Oklahoma City Thunder,5,1,0.334,1.018,1.021,0.684,0.903,0.973
2025,Mitchell Robinson,C,New York Knicks,Cleveland Cavaliers,5,2,0.334,0.96,0.69,0.626,0.91,0.778
2025,Mitchell Robinson,C,New York Knicks,Boston Celtics,5,3,0.334,0.929,0.591,0.595,0.915,0.721
2025,Mitchell Robinson,C,New York Knicks,Houston Rockets,5,4,0.334,0.807,0.107,0.473,0.931,0.437
2025,Mo Bamba,C,New Orleans Pelicans,Oklahoma City Thunder,27,1,-0.52,1.018,3.302,1.538,0.794,2.299
2025,Mo Bamba,C,New Orleans Pelicans,Cleveland Cavaliers,27,2,-0.52,0.96,2.971,1.48,0.801,2.103
2025,Mo Bamba,C,New Orleans Pelicans,Boston Celtics,27,3,-0.52,0.929,2.872,1.449,0.805,2.045
2025,Mo Bamba,C,New Orleans Pelicans,Houston Rockets,27,4,-0.52,0.807,2.388,1.327,0.819,1.761
2025,Mo Bamba,C,New Orleans Pelicans,New York Knicks,27,5,-0.52,1.332,2.281,1.852,0.757,1.671
2025,Mo Bamba,C,New Orleans Pelicans,Indiana Pacers,27,6,-0.52,0.754,2.122,1.274,0.826,1.604
2025,Mo Bamba,C,New Orleans Pelicans,Los Angeles Clippers,27,9,-0.52,1.266,2.16,1.786,0.765,1.602
2025,Mo Bamba,C,New Orleans Pelicans,Minnesota Timberwolves,27,10,-0.52,1.008,2.101,1.528,0.795,1.579
2025,Mo Bamba,C,New Orleans Pelicans,Denver Nuggets,27,8,-0.52,1.827,2.108,2.347,0.703,1.546
2025,Mo Bamba,C,New Orleans Pelicans,Golden State Warriors,27,12,-0.52,-0.087,1.908,0.433,0.937,1.519
2025,Mo Bamba,C,New Orleans Pelicans,Los Angeles Lakers,27,7,-0.52,1.908,2.03,2.428,0.695,1.496
2025,Mo Bamba,C,New Orleans Pelicans,Memphis Grizzlies,27,13,-0.52,0.773,1.923,1.293,0.824,1.483
2025,Mo Bamba,C,New Orleans Pelicans,Milwaukee Bucks,27,11,-0.52,0.498,1.895,1.018,0.858,1.48
2025,Mo Bamba,C,New Orleans Pelicans,Detroit Pistons,27,14,-0.52,0.988,1.658,1.507,0.798,1.314
2025,Mo Bamba,C,New Orleans Pelicans,Orlando Magic,27,15,-0.52,0.455,1.477,0.975,0.864,1.232
2025,Mo Bamba,C,New Orleans Pelicans,Atlanta Hawks,27,16,-0.52,0.616,1.319,1.136,0.843,1.129
2025,Mo Bamba,C,New Orleans Pelicans,Sacramento Kings,27,17,-0.52,1.198,1.351,1.718,0.773,1.12
2025,Mo Bamba,C,New Orleans Pelicans,Miami Heat,27,20,-0.52,0.612,1.193,1.132,0.844,1.053
2025,Mo Bamba,C,New Orleans Pelicans,Chicago Bulls,27,18,-0.52,0.827,1.197,1.347,0.817,1.045
2025,Mo Bamba,C,Los Angeles Clippers,Oklahoma City Thunder,9,1,-0.258,1.018,1.142,1.276,0.826,1.015
2025,Mo Bamba,C,New Orleans Pelicans,Dallas Mavericks,27,19,-0.52,1.114,1.167,1.634,0.783,1.014
2025,Mo Bamba,C,New Orleans Pelicans,Phoenix Suns,27,21,-0.52,0.34,0.898,0.86,0.879,0.89
2025,Mo Bamba,C,New Orleans Pelicans,Portland Trail Blazers,27,22,-0.52,0.7,0.902,1.22,0.833,0.874
2025,Mo Bamba,C,Los Angeles Clippers,Cleveland Cavaliers,9,2,-0.258,0.96,0.811,1.218,0.833,0.82
2025,Mo Bamba,C,Los Angeles Clippers,Boston Celtics,9,3,-0.258,0.929,0.712,1.187,0.837,0.762
2025,Mo Bamba,C,New Orleans Pelicans,San Antonio Spurs,27,23,-0.52,2.35,0.804,2.869,0.65,0.743
2025,Mo Bamba,C,New Orleans Pelicans,Toronto Raptors,27,24,-0.52,0.899,0.621,1.419,0.808,0.696
2025,Mo Bamba,C,New Orleans Pelicans,Brooklyn Nets,27,25,-0.52,0.443,0.336,0.963,0.865,0.548
2025,Mo Bamba,C,New Orleans Pelicans,Philadelphia 76ers,27,26,-0.52,0.849,0.278,1.369,0.814,0.492
2025,Mo Bamba,C,Los Angeles Clippers,Houston Rockets,9,4,-0.258,0.807,0.228,1.065,0.852,0.478
2025,Mo Bamba,C,Los Angeles Clippers,New York Knicks,9,5,-0.258,1.332,0.121,1.59,0.788,0.388
2025,Monte Morris,PG,Phoenix Suns,Oklahoma City Thunder,21,1,-0.334,1.646,2.404,1.981,0.743,1.739
2025,Monte Morris,PG,Phoenix Suns,Cleveland Cavaliers,21,2,-0.334,0.908,2.073,1.242,0.83,1.576
2025,Monte Morris,PG,Phoenix Suns,Boston Celtics,21,3,-0.334,0.432,1.974,0.766,0.891,1.541
2025,Monte Morris,PG,Phoenix Suns,Houston Rockets,21,4,-0.334,0.457,1.491,0.791,0.888,1.25
2025,Monte Morris,PG,Phoenix Suns,New York Knicks,21,5,-0.334,1.105,1.383,1.439,0.806,1.152
2025,Monte Morris,PG,Phoenix Suns,Minnesota Timberwolves,21,10,-0.334,0.2,1.203,0.534,0.923,1.091
2025,Monte Morris,PG,Phoenix Suns,Los Angeles Clippers,21,9,-0.334,1.03,1.262,1.364,0.815,1.083
2025,Monte Morris,PG,Phoenix Suns,Denver Nuggets,21,8,-0.334,0.822,1.21,1.156,0.841,1.062
2025,Monte Morris,PG,Phoenix Suns,Indiana Pacers,21,6,-0.334,1.379,1.224,1.713,0.773,1.044
2025,Monte Morris,PG,Phoenix Suns,Los Angeles Lakers,21,7,-0.334,1.252,1.132,1.587,0.788,0.995
2025,Monte Morris,PG,Phoenix Suns,Memphis Grizzlies,21,13,-0.334,0.849,1.025,1.183,0.837,0.95
2025,Monte Morris,PG,Phoenix Suns,Golden State Warriors,21,12,-0.334,1.025,1.01,1.359,0.816,0.932
2025,Monte Morris,PG,Phoenix Suns,Milwaukee Bucks,21,11,-0.334,1.065,0.997,1.399,0.811,0.923
2025,Monte Morris,PG,Phoenix Suns,Detroit Pistons,21,14,-0.334,1.099,0.76,1.433,0.807,0.779
2025,Monte Morris,PG,Phoenix Suns,Orlando Magic,21,15,-0.334,0.182,0.58,0.516,0.925,0.718
2025,Monte Morris,PG,Phoenix Suns,Sacramento Kings,21,17,-0.334,0.871,0.453,1.206,0.835,0.606
2025,Monte Morris,PG,Phoenix Suns,Atlanta Hawks,21,16,-0.334,1.258,0.421,1.592,0.788,0.568
2025,Monte Morris,PG,Phoenix Suns,Miami Heat,21,20,-0.334,0.39,0.295,0.725,0.897,0.536
2025,Monte Morris,PG,Phoenix Suns,Chicago Bulls,21,18,-0.334,0.694,0.299,1.029,0.857,0.522
2025,Monte Morris,PG,Phoenix Suns,Dallas Mavericks,21,19,-0.334,1.413,0.27,1.747,0.769,0.47
2025,Monte Morris,PG,Phoenix Suns,Portland Trail Blazers,21,22,-0.334,0.141,0.004,0.475,0.931,0.375
2025,Moritz Wagner,C,Orlando Magic,Oklahoma City Thunder,15,1,0.221,1.018,1.824,0.797,0.887,1.45
2025,Moritz Wagner,C,Orlando Magic,Cleveland Cavaliers,15,2,0.221,0.96,1.493,0.739,0.895,1.254
2025,Moritz Wagner,C,Orlando Magic,Boston Celtics,15,3,0.221,0.929,1.395,0.708,0.899,1.197
2025,Moritz Wagner,C,Orlando Magic,Houston Rockets,15,4,0.221,0.807,0.911,0.587,0.916,0.913
2025,Moritz Wagner,C,Orlando Magic,New York Knicks,15,5,0.221,1.332,0.804,1.112,0.846,0.821
2025,Moritz Wagner,C,Orlando Magic,Indiana Pacers,15,6,0.221,0.754,0.645,0.534,0.923,0.756
2025,Moritz Wagner,C,Orlando Magic,Los Angeles Clippers,15,9,0.221,1.266,0.683,1.045,0.855,0.752
2025,Moritz Wagner,C,Orlando Magic,Minnesota Timberwolves,15,10,0.221,1.008,0.624,0.787,0.889,0.73
2025,Moritz Wagner,C,Orlando Magic,Denver Nuggets,15,8,0.221,1.827,0.631,1.607,0.786,0.693
2025,Moritz Wagner,C,Orlando Magic,Golden State Warriors,15,12,0.221,-0.087,0.43,0,1,0.658
2025,Moritz Wagner,C,Orlando Magic,Los Angeles Lakers,15,7,0.221,1.908,0.553,1.687,0.776,0.642
2025,Moritz Wagner,C,Orlando Magic,Memphis Grizzlies,15,13,0.221,0.773,0.446,0.553,0.92,0.636
2025,Moritz Wagner,C,Orlando Magic,Milwaukee Bucks,15,11,0.221,0.498,0.418,0.278,0.959,0.634
2025,Moritz Wagner,C,Orlando Magic,Detroit Pistons,15,14,0.221,0.988,0.18,0.767,0.891,0.465
2025,Moses Brown,C,Dallas Mavericks,Oklahoma City Thunder,19,1,0.895,1.018,2.134,0.122,0.982,1.673
2025,Moses Brown,C,Dallas Mavericks,Cleveland Cavaliers,19,2,0.895,0.96,1.803,0.065,0.99,1.478
2025,Moses Brown,C,Dallas Mavericks,Boston Celtics,19,3,0.895,0.929,1.705,0.034,0.995,1.421
2025,Moses Brown,C,Dallas Mavericks,Houston Rockets,19,4,0.895,0.807,1.221,0,1,1.132
2025,Moses Brown,C,Dallas Mavericks,New York Knicks,19,5,0.895,1.332,1.113,0.437,0.937,1.043
2025,Moses Brown,C,Indiana Pacers,Oklahoma City Thunder,6,1,-0.659,1.018,1.18,1.677,0.778,1.019
2025,Moses Brown,C,Dallas Mavericks,Los Angeles Clippers,19,9,0.895,1.266,0.992,0.37,0.946,0.974
2025,Moses Brown,C,Dallas Mavericks,Indiana Pacers,19,6,0.895,0.754,0.955,0,1,0.973
2025,Moses Brown,C,Dallas Mavericks,Minnesota Timberwolves,19,10,0.895,1.008,0.933,0.112,0.983,0.953
2025,Moses Brown,C,Dallas Mavericks,Denver Nuggets,19,8,0.895,1.827,0.941,0.932,0.87,0.912
2025,Moses Brown,C,Dallas Mavericks,Los Angeles Lakers,19,7,0.895,1.908,0.863,1.013,0.859,0.861
2025,Moses Brown,C,Dallas Mavericks,Memphis Grizzlies,19,13,0.895,0.773,0.756,0,1,0.853
2025,Moses Brown,C,Dallas Mavericks,Golden State Warriors,19,12,0.895,-0.087,0.74,0,1,0.844
2025,Moses Brown,C,Dallas Mavericks,Milwaukee Bucks,19,11,0.895,0.498,0.728,0,1,0.837
2025,Moses Brown,C,Indiana Pacers,Cleveland Cavaliers,6,2,-0.659,0.96,0.849,1.619,0.784,0.823
2025,Moses Brown,C,Indiana Pacers,Boston Celtics,6,3,-0.659,0.929,0.75,1.588,0.788,0.765
2025,Moses Brown,C,Dallas Mavericks,Detroit Pistons,19,14,0.895,0.988,0.49,0.092,0.986,0.689
2025,Moses Brown,C,Dallas Mavericks,Orlando Magic,19,15,0.895,0.455,0.31,0,1,0.586
2025,Moses Brown,C,Dallas Mavericks,Sacramento Kings,19,17,0.895,1.198,0.183,0.303,0.956,0.492
2025,Moses Brown,C,Dallas Mavericks,Atlanta Hawks,19,16,0.895,0.616,0.151,0,1,0.491
2025,Moses Brown,C,Indiana Pacers,Houston Rockets,6,4,-0.659,0.807,0.266,1.467,0.803,0.481
2025,Moses Brown,C,Dallas Mavericks,Chicago Bulls,19,18,0.895,0.827,0.029,0,1,0.418
2025,Moses Brown,C,Dallas Mavericks,Miami Heat,19,20,0.895,0.612,0.026,0,1,0.415
2025,Moses Brown,C,Indiana Pacers,New York Knicks,6,5,-0.659,1.332,0.159,1.992,0.742,0.392
2025,Moses Brown,C,Indiana Pacers,Los Angeles Clippers,6,9,-0.659,1.266,0.038,1.925,0.749,0.322
2025,Moses Moody,SG,Golden State Warriors,Oklahoma City Thunder,12,1,0.162,1.265,1.394,1.103,0.847,1.175
2025,Moses Moody,SG,Golden State Warriors,Cleveland Cavaliers,12,2,0.162,1.342,1.063,1.18,0.838,0.973
2025,Moses Moody,SG,Golden State Warriors,Boston Celtics,12,3,0.162,0.808,0.964,0.646,0.908,0.942
2025,Moses Moody,SG,Golden State Warriors,Houston Rockets,12,4,0.162,0.724,0.481,0.562,0.919,0.656
2025,Moses Moody,SG,Golden State Warriors,New York Knicks,12,5,0.162,0.807,0.373,0.645,0.908,0.587
2025,Moses Moody,SG,Golden State Warriors,Indiana Pacers,12,6,0.162,0.275,0.214,0.113,0.983,0.522
2025,Moses Moody,SG,Golden State Warriors,Los Angeles Clippers,12,9,0.162,1.026,0.252,0.864,0.878,0.503
2025,Moses Moody,SG,Golden State Warriors,Denver Nuggets,12,8,0.162,0.812,0.2,0.65,0.907,0.483
2025,Moses Moody,SG,Golden State Warriors,Minnesota Timberwolves,12,10,0.162,1.353,0.193,1.191,0.836,0.451
2025,Moses Moody,SG,Golden State Warriors,Los Angeles Lakers,12,7,0.162,1.047,0.123,0.885,0.876,0.424
2025,Moses Moody,SG,Golden State Warriors,Memphis Grizzlies,12,13,0.162,0.996,0.016,0.833,0.882,0.362
2025,Mouhamed Gueye,PF,Atlanta Hawks,Oklahoma City Thunder,16,1,0.129,0.795,1.983,0.666,0.905,1.552
2025,Mouhamed Gueye,PF,Atlanta Hawks,Cleveland Cavaliers,16,2,0.129,1.717,1.652,1.589,0.788,1.306
2025,Mouhamed Gueye,PF,Atlanta Hawks,Boston Celtics,16,3,0.129,1.509,1.553,1.38,0.813,1.257
2025,Mouhamed Gueye,PF,Atlanta Hawks,Houston Rockets,16,4,0.129,0.863,1.07,0.735,0.896,1
2025,Mouhamed Gueye,PF,Atlanta Hawks,New York Knicks,16,5,0.129,0.825,0.962,0.697,0.901,0.938
2025,Mouhamed Gueye,PF,Atlanta Hawks,Los Angeles Clippers,16,9,0.129,-0.25,0.841,0,1,0.905
2025,Mouhamed Gueye,PF,Atlanta Hawks,Denver Nuggets,16,8,0.129,0.4,0.789,0.271,0.96,0.858
2025,Mouhamed Gueye,PF,Atlanta Hawks,Indiana Pacers,16,6,0.129,0.96,0.803,0.831,0.883,0.835
2025,Mouhamed Gueye,PF,Atlanta Hawks,Minnesota Timberwolves,16,10,0.129,0.731,0.782,0.603,0.914,0.835
2025,Mouhamed Gueye,PF,Atlanta Hawks,Los Angeles Lakers,16,7,0.129,0.286,0.712,0.158,0.977,0.818
2025,Mouhamed Gueye,PF,Atlanta Hawks,Memphis Grizzlies,16,13,0.129,0.525,0.605,0.396,0.942,0.74
2025,Mouhamed Gueye,PF,Atlanta Hawks,Golden State Warriors,16,12,0.129,0.698,0.589,0.569,0.918,0.721
2025,Mouhamed Gueye,PF,Atlanta Hawks,Milwaukee Bucks,16,11,0.129,2.524,0.576,2.396,0.698,0.625
2025,Mouhamed Gueye,PF,Atlanta Hawks,Detroit Pistons,16,14,0.129,0.573,0.339,0.445,0.935,0.578
2025,Mouhamed Gueye,PF,Atlanta Hawks,Orlando Magic,16,15,0.129,1.217,0.159,1.089,0.849,0.435
2025,Mouhamed Gueye,PF,Atlanta Hawks,Sacramento Kings,16,17,0.129,0.523,0.032,0.394,0.943,0.396
2025,Moussa Diabaté,C,Charlotte Hornets,Oklahoma City Thunder,28,1,-0.057,1.018,3.349,1.075,0.851,2.35
2025,Moussa Diabaté,C,Charlotte Hornets,Cleveland Cavaliers,28,2,-0.057,0.96,3.018,1.017,0.859,2.154
2025,Moussa Diabaté,C,Charlotte Hornets,Boston Celtics,28,3,-0.057,0.929,2.92,0.986,0.863,2.097
2025,Moussa Diabaté,C,Charlotte Hornets,Houston Rockets,28,4,-0.057,0.807,2.436,0.864,0.878,1.813
2025,Moussa Diabaté,C,Charlotte Hornets,New York Knicks,28,5,-0.057,1.332,2.328,1.39,0.812,1.722
2025,Moussa Diabaté,C,Charlotte Hornets,Indiana Pacers,28,6,-0.057,0.754,2.169,0.811,0.885,1.656
2025,Moussa Diabaté,C,Charlotte Hornets,Los Angeles Clippers,28,9,-0.057,1.266,2.207,1.323,0.82,1.652
2025,Moussa Diabaté,C,Charlotte Hornets,Minnesota Timberwolves,28,10,-0.057,1.008,2.148,1.065,0.852,1.63
2025,Moussa Diabaté,C,Charlotte Hornets,Denver Nuggets,28,8,-0.057,1.827,2.155,1.884,0.754,1.595
2025,Moussa Diabaté,C,Charlotte Hornets,Golden State Warriors,28,12,-0.057,-0.087,1.955,0,1,1.573
2025,Moussa Diabaté,C,Charlotte Hornets,Los Angeles Lakers,28,7,-0.057,1.908,2.078,1.965,0.745,1.544
2025,Moussa Diabaté,C,Charlotte Hornets,Memphis Grizzlies,28,13,-0.057,0.773,1.971,0.83,0.883,1.536
2025,Moussa Diabaté,C,Charlotte Hornets,Milwaukee Bucks,28,11,-0.057,0.498,1.943,0.555,0.92,1.534
2025,Moussa Diabaté,C,Charlotte Hornets,Detroit Pistons,28,14,-0.057,0.988,1.705,1.045,0.855,1.365
2025,Moussa Diabaté,C,Charlotte Hornets,Orlando Magic,28,15,-0.057,0.455,1.525,0.512,0.926,1.285
2025,Moussa Diabaté,C,Charlotte Hornets,Atlanta Hawks,28,16,-0.057,0.616,1.366,0.673,0.904,1.181
2025,Moussa Diabaté,C,Charlotte Hornets,Sacramento Kings,28,17,-0.057,1.198,1.398,1.255,0.828,1.17
2025,Moussa Diabaté,C,Charlotte Hornets,Miami Heat,28,20,-0.057,0.612,1.241,0.67,0.904,1.106
2025,Moussa Diabaté,C,Charlotte Hornets,Chicago Bulls,28,18,-0.057,0.827,1.244,0.884,0.876,1.097
2025,Moussa Diabaté,C,Charlotte Hornets,Dallas Mavericks,28,19,-0.057,1.114,1.215,1.171,0.839,1.065
2025,Moussa Diabaté,C,Charlotte Hornets,Phoenix Suns,28,21,-0.057,0.34,0.945,0.397,0.942,0.944
2025,Moussa Diabaté,C,Charlotte Hornets,Portland Trail Blazers,28,22,-0.057,0.7,0.949,0.757,0.893,0.927
2025,Moussa Diabaté,C,Charlotte Hornets,San Antonio Spurs,28,23,-0.057,2.35,0.852,2.407,0.697,0.79
2025,Moussa Diabaté,C,Charlotte Hornets,Toronto Raptors,28,24,-0.057,0.899,0.668,0.956,0.866,0.748
2025,Moussa Diabaté,C,Charlotte Hornets,Brooklyn Nets,28,25,-0.057,0.443,0.383,0.5,0.928,0.601
2025,Moussa Diabaté,C,Charlotte Hornets,Philadelphia 76ers,28,26,-0.057,0.849,0.325,0.906,0.873,0.544
2025,Moussa Diabaté,C,Charlotte Hornets,New Orleans Pelicans,28,27,-0.057,0.363,0.047,0.42,0.939,0.404
2025,Myles Turner,C,Indiana Pacers,Oklahoma City Thunder,6,1,0.754,1.018,1.18,0.263,0.961,1.092
2025,Myles Turner,C,Indiana Pacers,Cleveland Cavaliers,6,2,0.754,0.96,0.849,0.205,0.97,0.897
2025,Myles Turner,C,Indiana Pacers,Boston Celtics,6,3,0.754,0.929,0.75,0.175,0.974,0.84
2025,Myles Turner,C,Indiana Pacers,Houston Rockets,6,4,0.754,0.807,0.266,0.053,0.992,0.557
2025,Myles Turner,C,Indiana Pacers,New York Knicks,6,5,0.754,1.332,0.159,0.578,0.917,0.462
2025,Myles Turner,C,Indiana Pacers,Los Angeles Clippers,6,9,0.754,1.266,0.038,0.511,0.926,0.393
2025,N'Faly Dante,C,Houston Rockets,Oklahoma City Thunder,4,1,0.685,1.018,0.913,0.332,0.951,0.929
2025,N'Faly Dante,C,Houston Rockets,Cleveland Cavaliers,4,2,0.685,0.96,0.582,0.274,0.96,0.733
2025,N'Faly Dante,C,Houston Rockets,Boston Celtics,4,3,0.685,0.929,0.484,0.243,0.964,0.676
2025,Nae'Qwan Tomlin,PF,Cleveland Cavaliers,Oklahoma City Thunder,2,1,-0.41,0.795,0.331,1.205,0.835,0.532
2025,Naji Marshall,SF,Dallas Mavericks,Oklahoma City Thunder,19,1,0.6,0.332,2.134,0,1,1.68
2025,Naji Marshall,SF,Dallas Mavericks,Cleveland Cavaliers,19,2,0.6,0.475,1.803,0,1,1.482
2025,Naji Marshall,SF,Dallas Mavericks,Boston Celtics,19,3,0.6,1.283,1.705,0.683,0.903,1.384
2025,Naji Marshall,SF,Dallas Mavericks,Houston Rockets,19,4,0.6,1.573,1.221,0.973,0.864,1.078
2025,Naji Marshall,SF,Dallas Mavericks,New York Knicks,19,5,0.6,0.764,1.113,0.164,0.976,1.058
2025,Naji Marshall,SF,Dallas Mavericks,Indiana Pacers,19,6,0.6,0.534,0.955,0,1,0.973
2025,Naji Marshall,SF,Dallas Mavericks,Minnesota Timberwolves,19,10,0.6,-0.433,0.933,0,1,0.96
2025,Naji Marshall,SF,Dallas Mavericks,Los Angeles Clippers,19,9,0.6,1.392,0.992,0.792,0.888,0.951
2025,Naji Marshall,SF,Dallas Mavericks,Denver Nuggets,19,8,0.6,0.927,0.941,0.327,0.952,0.945
2025,Naji Marshall,SF,Dallas Mavericks,Los Angeles Lakers,19,7,0.6,2.119,0.863,1.519,0.796,0.836
2025,Naji Marshall,SF,Dallas Mavericks,Milwaukee Bucks,19,11,0.6,0.667,0.728,0.067,0.99,0.833
2025,Naji Marshall,SF,Dallas Mavericks,Golden State Warriors,19,12,0.6,1.484,0.74,0.884,0.876,0.794
2025,Naji Marshall,SF,Dallas Mavericks,Detroit Pistons,19,14,0.6,0.84,0.49,0.24,0.965,0.68
2025,Naji Marshall,SF,Dallas Mavericks,Orlando Magic,19,15,0.6,1.486,0.31,0.886,0.876,0.536
2025,Naji Marshall,SF,Dallas Mavericks,Sacramento Kings,19,17,0.6,1.064,0.183,0.464,0.933,0.483
2025,Naji Marshall,SF,Dallas Mavericks,Atlanta Hawks,19,16,0.6,1.882,0.151,1.282,0.825,0.421
2025,Naji Marshall,SF,Dallas Mavericks,Miami Heat,19,20,0.6,1.143,0.026,0.543,0.922,0.384
2025,Naji Marshall,SF,Dallas Mavericks,Chicago Bulls,19,18,0.6,1.234,0.029,0.634,0.909,0.381
2025,Nate Williams,SG,Houston Rockets,Oklahoma City Thunder,4,1,-0.527,1.265,0.913,1.792,0.764,0.854
2025,Nate Williams,SG,Houston Rockets,Cleveland Cavaliers,4,2,-0.527,1.342,0.582,1.869,0.756,0.652
2025,Nate Williams,SG,Houston Rockets,Boston Celtics,4,3,-0.527,0.808,0.484,1.335,0.819,0.618
2025,Naz Reid,C,Minnesota Timberwolves,Oklahoma City Thunder,10,1,0.209,1.018,1.201,0.809,0.886,1.075
2025,Naz Reid,C,Minnesota Timberwolves,Cleveland Cavaliers,10,2,0.209,0.96,0.87,0.751,0.893,0.879
2025,Naz Reid,C,Minnesota Timberwolves,Boston Celtics,10,3,0.209,0.929,0.771,0.72,0.898,0.822
2025,Naz Reid,C,Minnesota Timberwolves,Houston Rockets,10,4,0.209,0.807,0.287,0.598,0.914,0.538
2025,Naz Reid,C,Minnesota Timberwolves,New York Knicks,10,5,0.209,1.332,0.18,1.124,0.845,0.446
2025,Naz Reid,C,Minnesota Timberwolves,Indiana Pacers,10,6,0.209,0.754,0.021,0.545,0.921,0.381
2025,Naz Reid,C,Minnesota Timberwolves,Los Angeles Clippers,10,9,0.209,1.266,0.059,1.057,0.853,0.377
2025,Naz Reid,C,Minnesota Timberwolves,Denver Nuggets,10,8,0.209,1.827,0.007,1.618,0.784,0.318
2025,Neemias Queta,C,Boston Celtics,Oklahoma City Thunder,3,1,-0.165,1.018,0.429,1.183,0.837,0.593
2025,Neemias Queta,C,Boston Celtics,Cleveland Cavaliers,3,2,-0.165,0.96,0.098,1.125,0.845,0.397
2025,Nic Claxton,C,Brooklyn Nets,Oklahoma City Thunder,25,1,0.443,1.018,2.966,0.575,0.917,2.146
2025,Nic Claxton,C,Brooklyn Nets,Cleveland Cavaliers,25,2,0.443,0.96,2.635,0.517,0.925,1.951
2025,Nic Claxton,C,Brooklyn Nets,Boston Celtics,25,3,0.443,0.929,2.536,0.486,0.93,1.894
2025,Nic Claxton,C,Brooklyn Nets,Houston Rockets,25,4,0.443,0.807,2.052,0.364,0.947,1.61
2025,Nic Claxton,C,Brooklyn Nets,New York Knicks,25,5,0.443,1.332,1.945,0.889,0.875,1.517
2025,Nic Claxton,C,Brooklyn Nets,Indiana Pacers,25,6,0.443,0.754,1.786,0.311,0.954,1.453
2025,Nic Claxton,C,Brooklyn Nets,Los Angeles Clippers,25,9,0.443,1.266,1.824,0.823,0.884,1.448
2025,Nic Claxton,C,Brooklyn Nets,Minnesota Timberwolves,25,10,0.443,1.008,1.765,0.565,0.919,1.426
2025,Nic Claxton,C,Brooklyn Nets,Denver Nuggets,25,8,0.443,1.827,1.772,1.384,0.813,1.388
2025,Nic Claxton,C,Brooklyn Nets,Golden State Warriors,25,12,0.443,-0.087,1.572,0,1,1.343
2025,Nic Claxton,C,Brooklyn Nets,Los Angeles Lakers,25,7,0.443,1.908,1.694,1.465,0.803,1.338
2025,Nic Claxton,C,Brooklyn Nets,Memphis Grizzlies,25,13,0.443,0.773,1.587,0.33,0.952,1.333
2025,Nic Claxton,C,Brooklyn Nets,Milwaukee Bucks,25,11,0.443,0.498,1.559,0.055,0.992,1.332
2025,Nic Claxton,C,Brooklyn Nets,Detroit Pistons,25,14,0.443,0.988,1.322,0.544,0.922,1.162
2025,Nic Claxton,C,Brooklyn Nets,Orlando Magic,25,15,0.443,0.455,1.141,0.012,0.998,1.084
2025,Nic Claxton,C,Brooklyn Nets,Atlanta Hawks,25,16,0.443,0.616,0.983,0.173,0.974,0.979
2025,Nic Claxton,C,Brooklyn Nets,Sacramento Kings,25,17,0.443,1.198,1.015,0.755,0.893,0.966
2025,Nic Claxton,C,Brooklyn Nets,Miami Heat,25,20,0.443,0.612,0.857,0.169,0.975,0.904
2025,Nic Claxton,C,Brooklyn Nets,Chicago Bulls,25,18,0.443,0.827,0.861,0.384,0.944,0.894
2025,Nic Claxton,C,Brooklyn Nets,Dallas Mavericks,25,19,0.443,1.114,0.831,0.671,0.904,0.861
2025,Nic Claxton,C,Brooklyn Nets,Phoenix Suns,25,21,0.443,0.34,0.562,0,1,0.737
2025,Nic Claxton,C,Brooklyn Nets,Portland Trail Blazers,25,22,0.443,0.7,0.566,0.257,0.962,0.724
2025,Nic Claxton,C,Brooklyn Nets,San Antonio Spurs,25,23,0.443,2.35,0.468,1.906,0.751,0.582
2025,Nic Claxton,C,Brooklyn Nets,Toronto Raptors,25,24,0.443,0.899,0.285,0.456,0.934,0.544
2025,Nick Richards,C,Charlotte Hornets,Oklahoma City Thunder,28,1,0.349,1.018,3.349,0.669,0.905,2.371
2025,Nick Richards,C,Charlotte Hornets,Cleveland Cavaliers,28,2,0.349,0.96,3.018,0.611,0.912,2.176
2025,Nick Richards,C,Charlotte Hornets,Boston Celtics,28,3,0.349,0.929,2.92,0.58,0.917,2.118
2025,Nick Richards,C,Charlotte Hornets,Houston Rockets,28,4,0.349,0.807,2.436,0.459,0.933,1.835
2025,Nick Richards,C,Phoenix Suns,Oklahoma City Thunder,21,1,0.34,1.018,2.404,0.677,0.903,1.804
2025,Nick Richards,C,Charlotte Hornets,New York Knicks,28,5,0.349,1.332,2.328,0.984,0.863,1.742
2025,Nick Richards,C,Charlotte Hornets,Indiana Pacers,28,6,0.349,0.754,2.169,0.406,0.941,1.678
2025,Nick Richards,C,Charlotte Hornets,Los Angeles Clippers,28,9,0.349,1.266,2.207,0.917,0.871,1.673
2025,Nick Richards,C,Charlotte Hornets,Minnesota Timberwolves,28,10,0.349,1.008,2.148,0.659,0.906,1.651
2025,Nick Richards,C,Charlotte Hornets,Denver Nuggets,28,8,0.349,1.827,2.155,1.479,0.801,1.614
2025,Nick Richards,C,Phoenix Suns,Cleveland Cavaliers,21,2,0.34,0.96,2.073,0.62,0.911,1.608
2025,Nick Richards,C,Charlotte Hornets,Golden State Warriors,28,12,0.349,-0.087,1.955,0,1,1.573
2025,Nick Richards,C,Charlotte Hornets,Los Angeles Lakers,28,7,0.349,1.908,2.078,1.56,0.791,1.563
2025,Nick Richards,C,Charlotte Hornets,Memphis Grizzlies,28,13,0.349,0.773,1.971,0.425,0.938,1.558
2025,Nick Richards,C,Charlotte Hornets,Milwaukee Bucks,28,11,0.349,0.498,1.943,0.15,0.978,1.557
2025,Nick Richards,C,Phoenix Suns,Boston Celtics,21,3,0.34,0.929,1.974,0.589,0.915,1.551
2025,Nick Richards,C,Charlotte Hornets,Detroit Pistons,28,14,0.349,0.988,1.705,0.639,0.909,1.386
2025,Nick Richards,C,Charlotte Hornets,Orlando Magic,28,15,0.349,0.455,1.525,0.106,0.984,1.308
2025,Nick Richards,C,Phoenix Suns,Houston Rockets,21,4,0.34,0.807,1.491,0.467,0.932,1.267
2025,Nick Richards,C,Charlotte Hornets,Atlanta Hawks,28,16,0.349,0.616,1.366,0.268,0.961,1.204
2025,Nick Richards,C,Charlotte Hornets,Sacramento Kings,28,17,0.349,1.198,1.398,0.849,0.88,1.191
2025,Nick Richards,C,Phoenix Suns,New York Knicks,21,5,0.34,1.332,1.383,0.992,0.862,1.175
2025,Nick Richards,C,Charlotte Hornets,Miami Heat,28,20,0.349,0.612,1.241,0.264,0.961,1.129
2025,Nick Richards,C,Charlotte Hornets,Chicago Bulls,28,18,0.349,0.827,1.244,0.478,0.931,1.119
2025,Nick Richards,C,Phoenix Suns,Indiana Pacers,21,6,0.34,0.754,1.224,0.414,0.94,1.11
2025,Nick Richards,C,Phoenix Suns,Los Angeles Clippers,21,9,0.34,1.266,1.262,0.926,0.87,1.105
2025,Nick Richards,C,Charlotte Hornets,Dallas Mavericks,28,19,0.349,1.114,1.215,0.766,0.892,1.086
2025,Nick Richards,C,Phoenix Suns,Minnesota Timberwolves,21,10,0.34,1.008,1.203,0.667,0.905,1.084
2025,Nick Richards,C,Phoenix Suns,Denver Nuggets,21,8,0.34,1.827,1.21,1.487,0.8,1.046
2025,Nick Richards,C,Phoenix Suns,Golden State Warriors,21,12,0.34,-0.087,1.01,0,1,1.006
2025,Nick Richards,C,Phoenix Suns,Los Angeles Lakers,21,7,0.34,1.908,1.132,1.568,0.79,0.996
2025,Nick Richards,C,Phoenix Suns,Memphis Grizzlies,21,13,0.34,0.773,1.025,0.433,0.937,0.99
2025,Nick Richards,C,Phoenix Suns,Milwaukee Bucks,21,11,0.34,0.498,0.997,0.158,0.977,0.989
2025,Nick Richards,C,Charlotte Hornets,Phoenix Suns,28,21,0.349,0.34,0.945,0,1,0.967
2025,Nick Richards,C,Charlotte Hornets,Portland Trail Blazers,28,22,0.349,0.7,0.949,0.352,0.949,0.949
2025,Nick Richards,C,Phoenix Suns,Detroit Pistons,21,14,0.34,0.988,0.76,0.647,0.907,0.819
2025,Nick Richards,C,Charlotte Hornets,San Antonio Spurs,28,23,0.349,2.35,0.852,2.001,0.741,0.807
2025,Nick Richards,C,Charlotte Hornets,Toronto Raptors,28,24,0.349,0.899,0.668,0.55,0.921,0.769
2025,Nick Richards,C,Phoenix Suns,Orlando Magic,21,15,0.34,0.455,0.58,0.115,0.983,0.741
2025,Nick Richards,C,Phoenix Suns,Atlanta Hawks,21,16,0.34,0.616,0.421,0.276,0.959,0.636
2025,Nick Richards,C,Charlotte Hornets,Brooklyn Nets,28,25,0.349,0.443,0.383,0.095,0.986,0.624
2025,Nick Richards,C,Phoenix Suns,Sacramento Kings,21,17,0.34,1.198,0.453,0.858,0.879,0.623
2025,Nick Richards,C,Charlotte Hornets,Philadelphia 76ers,28,26,0.349,0.849,0.325,0.5,0.928,0.566
2025,Nick Richards,C,Phoenix Suns,Miami Heat,21,20,0.34,0.612,0.295,0.272,0.96,0.561
2025,Nick Richards,C,Phoenix Suns,Chicago Bulls,21,18,0.34,0.827,0.299,0.487,0.93,0.551
2025,Nick Richards,C,Phoenix Suns,Dallas Mavericks,21,19,0.34,1.114,0.27,0.774,0.89,0.518
2025,Nick Richards,C,Charlotte Hornets,New Orleans Pelicans,28,27,0.349,0.363,0.047,0.014,0.998,0.428
2025,Nick Richards,C,Phoenix Suns,Portland Trail Blazers,21,22,0.34,0.7,0.004,0.36,0.947,0.381
2025,Nick Smith Jr.,SG,Charlotte Hornets,Oklahoma City Thunder,28,1,-0.193,1.265,3.349,1.458,0.804,2.331
2025,Nick Smith Jr.,SG,Charlotte Hornets,Cleveland Cavaliers,28,2,-0.193,1.342,3.018,1.535,0.794,2.129
2025,Nick Smith Jr.,SG,Charlotte Hornets,Boston Celtics,28,3,-0.193,0.808,2.92,1.001,0.861,2.096
2025,Nick Smith Jr.,SG,Charlotte Hornets,Houston Rockets,28,4,-0.193,0.724,2.436,0.917,0.871,1.81
2025,Nick Smith Jr.,SG,Charlotte Hornets,New York Knicks,28,5,-0.193,0.807,2.328,1,0.861,1.741
2025,Nick Smith Jr.,SG,Charlotte Hornets,Indiana Pacers,28,6,-0.193,0.275,2.169,0.468,0.932,1.675
2025,Nick Smith Jr.,SG,Charlotte Hornets,Los Angeles Clippers,28,9,-0.193,1.026,2.207,1.219,0.833,1.658
2025,Nick Smith Jr.,SG,Charlotte Hornets,Denver Nuggets,28,8,-0.193,0.812,2.155,1.005,0.86,1.637
2025,Nick Smith Jr.,SG,Charlotte Hornets,Minnesota Timberwolves,28,10,-0.193,1.353,2.148,1.546,0.793,1.606
2025,Nick Smith Jr.,SG,Charlotte Hornets,Los Angeles Lakers,28,7,-0.193,1.047,2.078,1.24,0.83,1.579
2025,Nick Smith Jr.,SG,Charlotte Hornets,Golden State Warriors,28,12,-0.193,0.448,1.955,0.641,0.908,1.536
2025,Nick Smith Jr.,SG,Charlotte Hornets,Memphis Grizzlies,28,13,-0.193,0.996,1.971,1.188,0.837,1.517
2025,Nick Smith Jr.,SG,Charlotte Hornets,Milwaukee Bucks,28,11,-0.193,0.683,1.943,0.876,0.877,1.516
2025,Nick Smith Jr.,SG,Charlotte Hornets,Detroit Pistons,28,14,-0.193,2.249,1.705,2.442,0.693,1.3
2025,Nick Smith Jr.,SG,Charlotte Hornets,Orlando Magic,28,15,-0.193,0.142,1.525,0.335,0.951,1.295
2025,Nick Smith Jr.,SG,Charlotte Hornets,Sacramento Kings,28,17,-0.193,0.908,1.398,1.101,0.848,1.178
2025,Nick Smith Jr.,SG,Charlotte Hornets,Atlanta Hawks,28,16,-0.193,1.001,1.366,1.194,0.836,1.154
2025,Nick Smith Jr.,SG,Charlotte Hornets,Chicago Bulls,28,18,-0.193,0.842,1.244,1.034,0.856,1.089
2025,Nick Smith Jr.,SG,Charlotte Hornets,Miami Heat,28,20,-0.193,1.223,1.241,1.416,0.809,1.068
2025,Nick Smith Jr.,SG,Charlotte Hornets,Dallas Mavericks,28,19,-0.193,1.335,1.215,1.528,0.795,1.047
2025,Nick Smith Jr.,SG,Charlotte Hornets,Portland Trail Blazers,28,22,-0.193,0.782,0.949,0.975,0.864,0.915
2025,Nick Smith Jr.,SG,Charlotte Hornets,Phoenix Suns,28,21,-0.193,1.298,0.945,1.491,0.8,0.887
2025,Nick Smith Jr.,SG,Charlotte Hornets,San Antonio Spurs,28,23,-0.193,0.668,0.852,0.861,0.879,0.863
2025,Nick Smith Jr.,SG,Charlotte Hornets,Toronto Raptors,28,24,-0.193,0.479,0.668,0.672,0.904,0.763
2025,Nick Smith Jr.,SG,Charlotte Hornets,Brooklyn Nets,28,25,-0.193,0.95,0.383,1.142,0.843,0.567
2025,Nick Smith Jr.,SG,Charlotte Hornets,Philadelphia 76ers,28,26,-0.193,1.127,0.325,1.32,0.82,0.523
2025,Nick Smith Jr.,SG,Charlotte Hornets,New Orleans Pelicans,28,27,-0.193,0.263,0.047,0.455,0.934,0.402
2025,Nickeil Alexander-Walker,SG,Minnesota Timberwolves,Oklahoma City Thunder,10,1,0.103,1.265,1.201,1.162,0.84,1.056
2025,Nickeil Alexander-Walker,SG,Minnesota Timberwolves,Cleveland Cavaliers,10,2,0.103,1.342,0.87,1.239,0.83,0.854
2025,Nickeil Alexander-Walker,SG,Minnesota Timberwolves,Boston Celtics,10,3,0.103,0.808,0.771,0.705,0.9,0.823
2025,Nickeil Alexander-Walker,SG,Minnesota Timberwolves,Houston Rockets,10,4,0.103,0.724,0.287,0.621,0.911,0.537
2025,Nickeil Alexander-Walker,SG,Minnesota Timberwolves,New York Knicks,10,5,0.103,0.807,0.18,0.704,0.9,0.468
2025,Nickeil Alexander-Walker,SG,Minnesota Timberwolves,Indiana Pacers,10,6,0.103,0.275,0.021,0.172,0.975,0.402
2025,Nickeil Alexander-Walker,SG,Minnesota Timberwolves,Los Angeles Clippers,10,9,0.103,1.026,0.059,0.923,0.871,0.384
2025,Nickeil Alexander-Walker,SG,Minnesota Timberwolves,Denver Nuggets,10,8,0.103,0.812,0.007,0.709,0.899,0.364
2025,Nicolas Batum,PF,Los Angeles Clippers,Oklahoma City Thunder,9,1,-0.25,0.795,1.142,1.045,0.855,1.027
2025,Nicolas Batum,PF,Los Angeles Clippers,Cleveland Cavaliers,9,2,-0.25,1.717,0.811,1.967,0.744,0.784
2025,Nicolas Batum,PF,Los Angeles Clippers,Boston Celtics,9,3,-0.25,1.509,0.712,1.758,0.768,0.735
2025,Nicolas Batum,PF,Los Angeles Clippers,Houston Rockets,9,4,-0.25,0.863,0.228,1.113,0.846,0.476
2025,Nicolas Batum,PF,Los Angeles Clippers,New York Knicks,9,5,-0.25,0.825,0.121,1.075,0.851,0.413
2025,Nikola Jokić,C,Denver Nuggets,Oklahoma City Thunder,8,1,1.827,1.018,1.194,0,1,1.116
2025,Nikola Jokić,C,Denver Nuggets,Cleveland Cavaliers,8,2,1.827,0.96,0.863,0,1,0.918
2025,Nikola Jokić,C,Denver Nuggets,Boston Celtics,8,3,1.827,0.929,0.764,0,1,0.858
2025,Nikola Jokić,C,Denver Nuggets,Houston Rockets,8,4,1.827,0.807,0.28,0,1,0.568
2025,Nikola Jokić,C,Denver Nuggets,New York Knicks,8,5,1.827,1.332,0.173,0,1,0.504
2025,Nikola Jokić,C,Denver Nuggets,Los Angeles Clippers,8,9,1.827,1.266,0.052,0,1,0.431
2025,Nikola Jokić,C,Denver Nuggets,Indiana Pacers,8,6,1.827,0.754,0.014,0,1,0.408
2025,Nikola Jović,PF,Miami Heat,Oklahoma City Thunder,20,1,0.094,0.795,2.108,0.701,0.9,1.625
2025,Nikola Jović,PF,Miami Heat,Cleveland Cavaliers,20,2,0.094,1.717,1.777,1.623,0.784,1.38
2025,Nikola Jović,PF,Miami Heat,Boston Celtics,20,3,0.094,1.509,1.679,1.414,0.809,1.331
2025,Nikola Jović,PF,Miami Heat,Houston Rockets,20,4,0.094,0.863,1.195,0.769,0.891,1.074
2025,Nikola Jović,PF,Miami Heat,New York Knicks,20,5,0.094,0.825,1.088,0.731,0.896,1.011
2025,Nikola Jović,PF,Miami Heat,Los Angeles Clippers,20,9,0.094,-0.25,0.967,0,1,0.98
2025,Nikola Jović,PF,Miami Heat,Denver Nuggets,20,8,0.094,0.4,0.915,0.306,0.955,0.931
2025,Nikola Jović,PF,Miami Heat,Indiana Pacers,20,6,0.094,0.96,0.929,0.865,0.878,0.909
2025,Nikola Jović,PF,Miami Heat,Minnesota Timberwolves,20,10,0.094,0.731,0.908,0.637,0.909,0.908
2025,Nikola Jović,PF,Miami Heat,Los Angeles Lakers,20,7,0.094,0.286,0.837,0.192,0.972,0.891
2025,Nikola Jović,PF,Miami Heat,Memphis Grizzlies,20,13,0.094,0.525,0.73,0.43,0.937,0.813
2025,Nikola Jović,PF,Miami Heat,Golden State Warriors,20,12,0.094,0.698,0.714,0.603,0.913,0.794
2025,Nikola Jović,PF,Miami Heat,Milwaukee Bucks,20,11,0.094,2.524,0.702,2.43,0.695,0.699
2025,Nikola Jović,PF,Miami Heat,Detroit Pistons,20,14,0.094,0.573,0.464,0.479,0.931,0.651
2025,Nikola Jović,PF,Miami Heat,Orlando Magic,20,15,0.094,1.217,0.284,1.123,0.845,0.508
2025,Nikola Jović,PF,Miami Heat,Sacramento Kings,20,17,0.094,0.523,0.157,0.428,0.938,0.47
2025,Nikola Jović,PF,Miami Heat,Atlanta Hawks,20,16,0.094,0.235,0.125,0.14,0.979,0.467
2025,Nikola Jović,PF,Miami Heat,Chicago Bulls,20,18,0.094,0.411,0.004,0.316,0.954,0.384
2025,Nikola Vučević,C,Chicago Bulls,Oklahoma City Thunder,18,1,0.827,1.018,2.105,0.191,0.972,1.651
2025,Nikola Vučević,C,Chicago Bulls,Cleveland Cavaliers,18,2,0.827,0.96,1.774,0.133,0.98,1.456
2025,Nikola Vučević,C,Chicago Bulls,Boston Celtics,18,3,0.827,0.929,1.675,0.102,0.985,1.399
2025,Nikola Vučević,C,Chicago Bulls,Houston Rockets,18,4,0.827,0.807,1.191,0,1,1.115
2025,Nikola Vučević,C,Chicago Bulls,New York Knicks,18,5,0.827,1.332,1.084,0.506,0.927,1.021
2025,Nikola Vučević,C,Chicago Bulls,Indiana Pacers,18,6,0.827,0.754,0.925,0,1,0.955
2025,Nikola Vučević,C,Chicago Bulls,Los Angeles Clippers,18,9,0.827,1.266,0.963,0.439,0.936,0.952
2025,Nikola Vučević,C,Chicago Bulls,Minnesota Timberwolves,18,10,0.827,1.008,0.904,0.181,0.973,0.932
2025,Nikola Vučević,C,Chicago Bulls,Denver Nuggets,18,8,0.827,1.827,0.911,1.001,0.861,0.891
2025,Nikola Vučević,C,Chicago Bulls,Los Angeles Lakers,18,7,0.827,1.908,0.833,1.081,0.85,0.84
2025,Nikola Vučević,C,Chicago Bulls,Memphis Grizzlies,18,13,0.827,0.773,0.726,0,1,0.836
2025,Nikola Vučević,C,Chicago Bulls,Golden State Warriors,18,12,0.827,-0.087,0.711,0,1,0.826
2025,Nikola Vučević,C,Chicago Bulls,Milwaukee Bucks,18,11,0.827,0.498,0.698,0,1,0.819
2025,Nikola Vučević,C,Chicago Bulls,Detroit Pistons,18,14,0.827,0.988,0.461,0.161,0.976,0.667
2025,Nikola Vučević,C,Chicago Bulls,Orlando Magic,18,15,0.827,0.455,0.28,0,1,0.568
2025,Nikola Vučević,C,Chicago Bulls,Atlanta Hawks,18,16,0.827,0.616,0.122,0,1,0.473
2025,Nikola Vučević,C,Chicago Bulls,Sacramento Kings,18,17,0.827,1.198,0.154,0.371,0.946,0.471
2025,Noah Clowney,PF,Brooklyn Nets,Oklahoma City Thunder,25,1,-0.236,0.795,2.966,1.031,0.857,2.122
2025,Noah Clowney,PF,Brooklyn Nets,Cleveland Cavaliers,25,2,-0.236,1.717,2.635,1.953,0.746,1.879
2025,Noah Clowney,PF,Brooklyn Nets,Boston Celtics,25,3,-0.236,1.509,2.536,1.745,0.77,1.83
2025,Noah Clowney,PF,Brooklyn Nets,Houston Rockets,25,4,-0.236,0.863,2.052,1.099,0.848,1.571
2025,Noah Clowney,PF,Brooklyn Nets,New York Knicks,25,5,-0.236,0.825,1.945,1.062,0.853,1.508
2025,Noah Clowney,PF,Brooklyn Nets,Los Angeles Clippers,25,9,-0.236,-0.25,1.824,0,1,1.494
2025,Noah Clowney,PF,Brooklyn Nets,Denver Nuggets,25,8,-0.236,0.4,1.772,0.636,0.909,1.427
2025,Noah Clowney,PF,Brooklyn Nets,Indiana Pacers,25,6,-0.236,0.96,1.786,1.196,0.836,1.406
2025,Noah Clowney,PF,Brooklyn Nets,Minnesota Timberwolves,25,10,-0.236,0.731,1.765,0.967,0.865,1.405
2025,Noah Clowney,PF,Brooklyn Nets,Los Angeles Lakers,25,7,-0.236,0.286,1.694,0.522,0.925,1.386
2025,Noah Clowney,PF,Brooklyn Nets,Memphis Grizzlies,25,13,-0.236,0.525,1.587,0.761,0.892,1.309
2025,Noah Clowney,PF,Brooklyn Nets,Golden State Warriors,25,12,-0.236,0.698,1.572,0.934,0.869,1.291
2025,Noah Clowney,PF,Brooklyn Nets,Milwaukee Bucks,25,11,-0.236,2.524,1.559,2.76,0.661,1.2
2025,Noah Clowney,PF,Brooklyn Nets,Detroit Pistons,25,14,-0.236,0.573,1.322,0.809,0.886,1.147
2025,Noah Clowney,PF,Brooklyn Nets,Orlando Magic,25,15,-0.236,1.217,1.141,1.453,0.804,1.006
2025,Noah Clowney,PF,Brooklyn Nets,Sacramento Kings,25,17,-0.236,0.523,1.015,0.759,0.892,0.966
2025,Noah Clowney,PF,Brooklyn Nets,Atlanta Hawks,25,16,-0.236,0.235,0.983,0.471,0.932,0.962
2025,Noah Clowney,PF,Brooklyn Nets,Chicago Bulls,25,18,-0.236,0.411,0.861,0.647,0.908,0.88
2025,Noah Clowney,PF,Brooklyn Nets,Miami Heat,25,20,-0.236,0.861,0.857,1.097,0.848,0.854
2025,Noah Clowney,PF,Brooklyn Nets,Dallas Mavericks,25,19,-0.236,1.939,0.831,2.175,0.722,0.788
2025,Noah Clowney,PF,Brooklyn Nets,Portland Trail Blazers,25,22,-0.236,0.482,0.566,0.718,0.898,0.699
2025,Noah Clowney,PF,Brooklyn Nets,Phoenix Suns,25,21,-0.236,1.486,0.562,1.722,0.772,0.646
2025,Noah Clowney,PF,Brooklyn Nets,San Antonio Spurs,25,23,-0.236,0.484,0.468,0.72,0.898,0.64
2025,Noah Clowney,PF,Brooklyn Nets,Toronto Raptors,25,24,-0.236,1.283,0.285,1.519,0.796,0.489
2025,Norman Powell,SG,Los Angeles Clippers,Oklahoma City Thunder,9,1,1.026,1.265,1.142,0.239,0.965,1.071
2025,Norman Powell,SG,Los Angeles Clippers,Cleveland Cavaliers,9,2,1.026,1.342,0.811,0.316,0.954,0.868
2025,Norman Powell,SG,Los Angeles Clippers,Boston Celtics,9,3,1.026,0.808,0.712,0,1,0.827
2025,Norman Powell,SG,Los Angeles Clippers,Houston Rockets,9,4,1.026,0.724,0.228,0,1,0.537
2025,Norman Powell,SG,Los Angeles Clippers,New York Knicks,9,5,1.026,0.807,0.121,0,1,0.473
2025,Obi Toppin,PF,Indiana Pacers,Oklahoma City Thunder,6,1,0.222,0.795,1.18,0.573,0.918,1.075
2025,Obi Toppin,PF,Indiana Pacers,Cleveland Cavaliers,6,2,0.222,1.717,0.849,1.496,0.799,0.829
2025,Obi Toppin,PF,Indiana Pacers,Boston Celtics,6,3,0.222,1.509,0.75,1.287,0.824,0.78
2025,Obi Toppin,PF,Indiana Pacers,Houston Rockets,6,4,0.222,0.863,0.266,0.642,0.908,0.523
2025,Obi Toppin,PF,Indiana Pacers,New York Knicks,6,5,0.222,0.825,0.159,0.604,0.913,0.461
2025,Obi Toppin,PF,Indiana Pacers,Los Angeles Clippers,6,9,0.222,-0.25,0.038,0,1,0.423
2025,Ochai Agbaji,SG,Toronto Raptors,Oklahoma City Thunder,24,1,0.27,1.265,2.681,0.995,0.861,1.953
2025,Ochai Agbaji,SG,Toronto Raptors,Cleveland Cavaliers,24,2,0.27,1.342,2.35,1.072,0.852,1.75
2025,Ochai Agbaji,SG,Toronto Raptors,Boston Celtics,24,3,0.27,0.808,2.251,0.538,0.922,1.72
2025,Ochai Agbaji,SG,Toronto Raptors,Houston Rockets,24,4,0.27,0.724,1.768,0.454,0.934,1.434
2025,Ochai Agbaji,SG,Toronto Raptors,New York Knicks,24,5,0.27,0.807,1.66,0.537,0.923,1.365
2025,Ochai Agbaji,SG,Toronto Raptors,Indiana Pacers,24,6,0.27,0.275,1.501,0.005,0.999,1.3
2025,Ochai Agbaji,SG,Toronto Raptors,Los Angeles Clippers,24,9,0.27,1.026,1.539,0.756,0.893,1.281
2025,Ochai Agbaji,SG,Toronto Raptors,Denver Nuggets,24,8,0.27,0.812,1.487,0.542,0.922,1.261
2025,Ochai Agbaji,SG,Toronto Raptors,Minnesota Timberwolves,24,10,0.27,1.353,1.48,1.083,0.85,1.228
2025,Ochai Agbaji,SG,Toronto Raptors,Los Angeles Lakers,24,7,0.27,1.047,1.409,0.777,0.89,1.202
2025,Ochai Agbaji,SG,Toronto Raptors,Golden State Warriors,24,12,0.27,0.448,1.287,0.178,0.974,1.162
2025,Ochai Agbaji,SG,Toronto Raptors,Milwaukee Bucks,24,11,0.27,0.683,1.274,0.412,0.94,1.141
2025,Ochai Agbaji,SG,Toronto Raptors,Memphis Grizzlies,24,13,0.27,0.996,1.302,0.725,0.897,1.14
2025,Ochai Agbaji,SG,Toronto Raptors,Detroit Pistons,24,14,0.27,2.249,1.037,1.979,0.743,0.919
2025,Ochai Agbaji,SG,Toronto Raptors,Orlando Magic,24,15,0.27,0.142,0.856,0,1,0.914
2025,Ochai Agbaji,SG,Toronto Raptors,Sacramento Kings,24,17,0.27,0.908,0.73,0.638,0.909,0.801
2025,Ochai Agbaji,SG,Toronto Raptors,Atlanta Hawks,24,16,0.27,1.001,0.698,0.731,0.896,0.777
2025,Ochai Agbaji,SG,Toronto Raptors,Chicago Bulls,24,18,0.27,0.842,0.576,0.571,0.918,0.713
2025,Ochai Agbaji,SG,Toronto Raptors,Miami Heat,24,20,0.27,1.223,0.572,0.953,0.867,0.69
2025,Ochai Agbaji,SG,Toronto Raptors,Dallas Mavericks,24,19,0.27,1.335,0.547,1.065,0.852,0.669
2025,Ochai Agbaji,SG,Toronto Raptors,Portland Trail Blazers,24,22,0.27,0.782,0.281,0.512,0.926,0.539
2025,Ochai Agbaji,SG,Toronto Raptors,Phoenix Suns,24,21,0.27,1.298,0.277,1.028,0.857,0.509
2025,Ochai Agbaji,SG,Toronto Raptors,San Antonio Spurs,24,23,0.27,0.668,0.184,0.397,0.942,0.487
2025,OG Anunoby,PF,New York Knicks,Oklahoma City Thunder,5,1,0.825,0.795,1.021,0,1,1.012
2025,OG Anunoby,PF,New York Knicks,Cleveland Cavaliers,5,2,0.825,1.717,0.69,0.892,0.875,0.764
2025,OG Anunoby,PF,New York Knicks,Boston Celtics,5,3,0.825,1.509,0.591,0.683,0.903,0.716
2025,OG Anunoby,PF,New York Knicks,Houston Rockets,5,4,0.825,0.863,0.107,0.038,0.994,0.462
2025,Olivier-Maxence Prosper,PF,Dallas Mavericks,Oklahoma City Thunder,19,1,-0.652,0.795,2.134,1.447,0.805,1.602
2025,Olivier-Maxence Prosper,PF,Dallas Mavericks,Cleveland Cavaliers,19,2,-0.652,1.717,1.803,2.37,0.701,1.362
2025,Olivier-Maxence Prosper,PF,Dallas Mavericks,Boston Celtics,19,3,-0.652,1.509,1.705,2.161,0.723,1.312
2025,Olivier-Maxence Prosper,PF,Dallas Mavericks,Houston Rockets,19,4,-0.652,0.863,1.221,1.516,0.797,1.051
2025,Olivier-Maxence Prosper,PF,Dallas Mavericks,New York Knicks,19,5,-0.652,0.825,1.113,1.478,0.801,0.989
2025,Olivier-Maxence Prosper,PF,Dallas Mavericks,Los Angeles Clippers,19,9,-0.652,-0.25,0.992,0.403,0.941,0.972
2025,Olivier-Maxence Prosper,PF,Dallas Mavericks,Denver Nuggets,19,8,-0.652,0.4,0.941,1.052,0.854,0.906
2025,Olivier-Maxence Prosper,PF,Dallas Mavericks,Indiana Pacers,19,6,-0.652,0.96,0.955,1.612,0.785,0.887
2025,Olivier-Maxence Prosper,PF,Dallas Mavericks,Minnesota Timberwolves,19,10,-0.652,0.731,0.933,1.384,0.813,0.885
2025,Olivier-Maxence Prosper,PF,Dallas Mavericks,Los Angeles Lakers,19,7,-0.652,0.286,0.863,0.939,0.869,0.865
2025,Olivier-Maxence Prosper,PF,Dallas Mavericks,Memphis Grizzlies,19,13,-0.652,0.525,0.756,1.177,0.838,0.789
2025,Olivier-Maxence Prosper,PF,Dallas Mavericks,Golden State Warriors,19,12,-0.652,0.698,0.74,1.35,0.817,0.771
2025,Olivier-Maxence Prosper,PF,Dallas Mavericks,Milwaukee Bucks,19,11,-0.652,2.524,0.728,3.176,0.621,0.685
2025,Olivier-Maxence Prosper,PF,Dallas Mavericks,Detroit Pistons,19,14,-0.652,0.573,0.49,1.226,0.832,0.627
2025,Olivier-Maxence Prosper,PF,Dallas Mavericks,Orlando Magic,19,15,-0.652,1.217,0.31,1.87,0.755,0.488
2025,Olivier-Maxence Prosper,PF,Dallas Mavericks,Sacramento Kings,19,17,-0.652,0.523,0.183,1.175,0.838,0.445
2025,Olivier-Maxence Prosper,PF,Dallas Mavericks,Atlanta Hawks,19,16,-0.652,0.235,0.151,0.887,0.875,0.441
2025,Olivier-Maxence Prosper,PF,Dallas Mavericks,Chicago Bulls,19,18,-0.652,0.411,0.029,1.063,0.853,0.359
2025,Olivier-Maxence Prosper,PF,Dallas Mavericks,Miami Heat,19,20,-0.652,0.861,0.026,1.514,0.797,0.334
2025,Onyeka Okongwu,C,Atlanta Hawks,Oklahoma City Thunder,16,1,0.616,1.018,1.983,0.401,0.942,1.566
2025,Onyeka Okongwu,C,Atlanta Hawks,Cleveland Cavaliers,16,2,0.616,0.96,1.652,0.344,0.95,1.371
2025,Onyeka Okongwu,C,Atlanta Hawks,Boston Celtics,16,3,0.616,0.929,1.553,0.313,0.954,1.314
2025,Onyeka Okongwu,C,Atlanta Hawks,Houston Rockets,16,4,0.616,0.807,1.07,0.191,0.972,1.03
2025,Onyeka Okongwu,C,Atlanta Hawks,New York Knicks,16,5,0.616,1.332,0.962,0.716,0.898,0.937
2025,Onyeka Okongwu,C,Atlanta Hawks,Indiana Pacers,16,6,0.616,0.754,0.803,0.138,0.979,0.874
2025,Onyeka Okongwu,C,Atlanta Hawks,Los Angeles Clippers,16,9,0.616,1.266,0.841,0.65,0.907,0.868
2025,Onyeka Okongwu,C,Atlanta Hawks,Minnesota Timberwolves,16,10,0.616,1.008,0.782,0.392,0.943,0.847
2025,Onyeka Okongwu,C,Atlanta Hawks,Denver Nuggets,16,8,0.616,1.827,0.789,1.211,0.834,0.807
2025,Onyeka Okongwu,C,Atlanta Hawks,Los Angeles Lakers,16,7,0.616,1.908,0.712,1.292,0.824,0.756
2025,Onyeka Okongwu,C,Atlanta Hawks,Memphis Grizzlies,16,13,0.616,0.773,0.605,0.157,0.977,0.753
2025,Onyeka Okongwu,C,Atlanta Hawks,Golden State Warriors,16,12,0.616,-0.087,0.589,0,1,0.753
2025,Onyeka Okongwu,C,Atlanta Hawks,Milwaukee Bucks,16,11,0.616,0.498,0.576,0,1,0.746
2025,Onyeka Okongwu,C,Atlanta Hawks,Detroit Pistons,16,14,0.616,0.988,0.339,0.371,0.946,0.582
2025,Onyeka Okongwu,C,Atlanta Hawks,Orlando Magic,16,15,0.616,0.455,0.159,0,1,0.495
2025,Onyeka Okongwu,C,Atlanta Hawks,Sacramento Kings,16,17,0.616,1.198,0.032,0.582,0.916,0.386
2025,Orlando Robinson,C,Toronto Raptors,Oklahoma City Thunder,24,1,-0.397,1.018,2.681,1.414,0.809,1.932
2025,Orlando Robinson,C,Toronto Raptors,Cleveland Cavaliers,24,2,-0.397,0.96,2.35,1.357,0.816,1.736
2025,Orlando Robinson,C,Toronto Raptors,Boston Celtics,24,3,-0.397,0.929,2.251,1.326,0.82,1.679
2025,Orlando Robinson,C,Sacramento Kings,Oklahoma City Thunder,17,1,-1.136,1.018,1.951,2.154,0.724,1.46
2025,Orlando Robinson,C,Toronto Raptors,Houston Rockets,24,4,-0.397,0.807,1.768,1.204,0.835,1.394
2025,Orlando Robinson,C,Toronto Raptors,New York Knicks,24,5,-0.397,1.332,1.66,1.729,0.772,1.305
2025,Orlando Robinson,C,Sacramento Kings,Cleveland Cavaliers,17,2,-1.136,0.96,1.62,2.096,0.73,1.264
2025,Orlando Robinson,C,Toronto Raptors,Indiana Pacers,24,6,-0.397,0.754,1.501,1.151,0.841,1.237
2025,Orlando Robinson,C,Toronto Raptors,Los Angeles Clippers,24,9,-0.397,1.266,1.539,1.662,0.779,1.235
2025,Orlando Robinson,C,Toronto Raptors,Minnesota Timberwolves,24,10,-0.397,1.008,1.48,1.404,0.81,1.212
2025,Orlando Robinson,C,Sacramento Kings,Boston Celtics,17,3,-1.136,0.929,1.521,2.065,0.734,1.206
2025,Orlando Robinson,C,Toronto Raptors,Denver Nuggets,24,8,-0.397,1.827,1.487,2.224,0.716,1.179
2025,Orlando Robinson,C,Toronto Raptors,Golden State Warriors,24,12,-0.397,-0.087,1.287,0.31,0.955,1.154
2025,Orlando Robinson,C,Toronto Raptors,Los Angeles Lakers,24,7,-0.397,1.908,1.409,2.305,0.708,1.129
2025,Orlando Robinson,C,Toronto Raptors,Memphis Grizzlies,24,13,-0.397,0.773,1.302,1.17,0.839,1.117
2025,Orlando Robinson,C,Toronto Raptors,Milwaukee Bucks,24,11,-0.397,0.498,1.274,0.895,0.874,1.114
2025,Orlando Robinson,C,Toronto Raptors,Detroit Pistons,24,14,-0.397,0.988,1.037,1.384,0.813,0.947
2025,Orlando Robinson,C,Sacramento Kings,Houston Rockets,17,4,-1.136,0.807,1.038,1.943,0.747,0.921
2025,Orlando Robinson,C,Toronto Raptors,Orlando Magic,24,15,-0.397,0.455,0.856,0.852,0.88,0.866
2025,Orlando Robinson,C,Sacramento Kings,New York Knicks,17,5,-1.136,1.332,0.93,2.469,0.691,0.834
2025,Orlando Robinson,C,Sacramento Kings,Los Angeles Clippers,17,9,-1.136,1.266,0.809,2.402,0.697,0.764
2025,Orlando Robinson,C,Sacramento Kings,Indiana Pacers,17,6,-1.136,0.754,0.771,1.89,0.753,0.764
2025,Orlando Robinson,C,Toronto Raptors,Atlanta Hawks,24,16,-0.397,0.616,0.698,1.013,0.859,0.762
2025,Orlando Robinson,C,Toronto Raptors,Sacramento Kings,24,17,-0.397,1.198,0.73,1.595,0.787,0.753
2025,Orlando Robinson,C,Sacramento Kings,Minnesota Timberwolves,17,10,-1.136,1.008,0.75,2.144,0.725,0.74
2025,Orlando Robinson,C,Sacramento Kings,Denver Nuggets,17,8,-1.136,1.827,0.757,2.963,0.641,0.711
2025,Orlando Robinson,C,Toronto Raptors,Miami Heat,24,20,-0.397,0.612,0.572,1.009,0.86,0.687
2025,Orlando Robinson,C,Toronto Raptors,Chicago Bulls,24,18,-0.397,0.827,0.576,1.223,0.832,0.679
2025,Orlando Robinson,C,Sacramento Kings,Golden State Warriors,17,12,-1.136,-0.087,0.557,1.049,0.854,0.676
2025,Orlando Robinson,C,Sacramento Kings,Los Angeles Lakers,17,7,-1.136,1.908,0.68,3.044,0.633,0.661
2025,Orlando Robinson,C,Toronto Raptors,Dallas Mavericks,24,19,-0.397,1.114,0.547,1.511,0.797,0.647
2025,Orlando Robinson,C,Sacramento Kings,Memphis Grizzlies,17,13,-1.136,0.773,0.573,1.909,0.751,0.644
2025,Orlando Robinson,C,Sacramento Kings,Milwaukee Bucks,17,11,-1.136,0.498,0.544,1.634,0.783,0.64
2025,Orlando Robinson,C,Toronto Raptors,Phoenix Suns,24,21,-0.397,0.34,0.277,0.737,0.895,0.524
2025,Orlando Robinson,C,Toronto Raptors,Portland Trail Blazers,24,22,-0.397,0.7,0.281,1.097,0.848,0.508
2025,Orlando Robinson,C,Sacramento Kings,Detroit Pistons,17,14,-1.136,0.988,0.307,2.124,0.727,0.475
2025,Orlando Robinson,C,Sacramento Kings,Orlando Magic,17,15,-1.136,0.455,0.127,1.591,0.788,0.391
2025,Orlando Robinson,C,Toronto Raptors,San Antonio Spurs,24,23,-0.397,2.35,0.184,2.746,0.662,0.375
2025,Oscar Tshiebwe,C,Utah Jazz,Oklahoma City Thunder,30,1,0.192,1.018,3.505,0.826,0.884,2.456
2025,Oscar Tshiebwe,C,Utah Jazz,Cleveland Cavaliers,30,2,0.192,0.96,3.174,0.768,0.891,2.261
2025,Oscar Tshiebwe,C,Utah Jazz,Boston Celtics,30,3,0.192,0.929,3.075,0.737,0.895,2.203
2025,Oscar Tshiebwe,C,Utah Jazz,Houston Rockets,30,4,0.192,0.807,2.591,0.616,0.912,1.92
2025,Oscar Tshiebwe,C,Utah Jazz,New York Knicks,30,5,0.192,1.332,2.484,1.141,0.843,1.827
2025,Oscar Tshiebwe,C,Utah Jazz,Indiana Pacers,30,6,0.192,0.754,2.325,0.563,0.919,1.763
2025,Oscar Tshiebwe,C,Utah Jazz,Los Angeles Clippers,30,9,0.192,1.266,2.363,1.074,0.851,1.758
2025,Oscar Tshiebwe,C,Utah Jazz,Minnesota Timberwolves,30,10,0.192,1.008,2.304,0.816,0.885,1.736
2025,Oscar Tshiebwe,C,Utah Jazz,Denver Nuggets,30,8,0.192,1.827,2.311,1.635,0.782,1.7
2025,Oscar Tshiebwe,C,Utah Jazz,Golden State Warriors,30,12,0.192,-0.087,2.111,0,1,1.666
2025,Oscar Tshiebwe,C,Utah Jazz,Los Angeles Lakers,30,7,0.192,1.908,2.233,1.716,0.773,1.649
2025,Oscar Tshiebwe,C,Utah Jazz,Memphis Grizzlies,30,13,0.192,0.773,2.126,0.581,0.916,1.642
2025,Oscar Tshiebwe,C,Utah Jazz,Milwaukee Bucks,30,11,0.192,0.498,2.098,0.306,0.955,1.641
2025,Oscar Tshiebwe,C,Utah Jazz,Detroit Pistons,30,14,0.192,0.988,1.861,0.796,0.887,1.471
2025,Oscar Tshiebwe,C,Utah Jazz,Orlando Magic,30,15,0.192,0.455,1.68,0.263,0.961,1.393
2025,Oscar Tshiebwe,C,Utah Jazz,Atlanta Hawks,30,16,0.192,0.616,1.522,0.424,0.938,1.288
2025,Oscar Tshiebwe,C,Utah Jazz,Sacramento Kings,30,17,0.192,1.198,1.554,1.006,0.86,1.276
2025,Oscar Tshiebwe,C,Utah Jazz,Miami Heat,30,20,0.192,0.612,1.396,0.421,0.939,1.213
2025,Oscar Tshiebwe,C,Utah Jazz,Chicago Bulls,30,18,0.192,0.827,1.4,0.635,0.909,1.204
2025,Oscar Tshiebwe,C,Utah Jazz,Dallas Mavericks,30,19,0.192,1.114,1.371,0.922,0.871,1.171
2025,Oscar Tshiebwe,C,Utah Jazz,Phoenix Suns,30,21,0.192,0.34,1.101,0.148,0.978,1.052
2025,Oscar Tshiebwe,C,Utah Jazz,Portland Trail Blazers,30,22,0.192,0.7,1.105,0.509,0.927,1.033
2025,Oscar Tshiebwe,C,Utah Jazz,San Antonio Spurs,30,23,0.192,2.35,1.007,2.158,0.723,0.894
2025,Oscar Tshiebwe,C,Utah Jazz,Toronto Raptors,30,24,0.192,0.899,0.824,0.707,0.899,0.854
2025,Oscar Tshiebwe,C,Utah Jazz,Brooklyn Nets,30,25,0.192,0.443,0.539,0.251,0.963,0.709
2025,Oscar Tshiebwe,C,Utah Jazz,Philadelphia 76ers,30,26,0.192,0.849,0.481,0.657,0.906,0.651
2025,Oscar Tshiebwe,C,Utah Jazz,New Orleans Pelicans,30,27,0.192,0.363,0.203,0.171,0.975,0.512
2025,Oscar Tshiebwe,C,Utah Jazz,Charlotte Hornets,30,28,0.192,1.081,0.156,0.889,0.875,0.443
2025,Oshae Brissett,SF,Philadelphia 76ers,Oklahoma City Thunder,26,1,0.018,0.332,3.024,0.314,0.954,2.196
2025,Oshae Brissett,SF,Philadelphia 76ers,Cleveland Cavaliers,26,2,0.018,0.475,2.693,0.456,0.934,1.989
2025,Oshae Brissett,SF,Philadelphia 76ers,Boston Celtics,26,3,0.018,1.283,2.594,1.265,0.827,1.887
2025,Oshae Brissett,SF,Philadelphia 76ers,Houston Rockets,26,4,0.018,1.573,2.11,1.555,0.792,1.583
2025,Oshae Brissett,SF,Philadelphia 76ers,New York Knicks,26,5,0.018,0.764,2.003,0.746,0.894,1.559
2025,Oshae Brissett,SF,Philadelphia 76ers,Minnesota Timberwolves,26,10,0.018,-0.433,1.823,0,1,1.494
2025,Oshae Brissett,SF,Philadelphia 76ers,Indiana Pacers,26,6,0.018,0.534,1.844,0.516,0.926,1.477
2025,Oshae Brissett,SF,Philadelphia 76ers,Los Angeles Clippers,26,9,0.018,1.392,1.882,1.373,0.814,1.455
2025,Oshae Brissett,SF,Philadelphia 76ers,Denver Nuggets,26,8,0.018,0.927,1.83,0.909,0.873,1.447
2025,Oshae Brissett,SF,Philadelphia 76ers,Los Angeles Lakers,26,7,0.018,2.119,1.752,2.1,0.73,1.343
2025,Oshae Brissett,SF,Philadelphia 76ers,Milwaukee Bucks,26,11,0.018,0.667,1.617,0.649,0.907,1.333
2025,Oshae Brissett,SF,Philadelphia 76ers,Golden State Warriors,26,12,0.018,1.484,1.63,1.466,0.803,1.299
2025,Oshae Brissett,SF,Philadelphia 76ers,Detroit Pistons,26,14,0.018,0.84,1.38,0.822,0.884,1.181
2025,Oshae Brissett,SF,Philadelphia 76ers,Orlando Magic,26,15,0.018,1.486,1.199,1.468,0.802,1.041
2025,Oshae Brissett,SF,Philadelphia 76ers,Sacramento Kings,26,17,0.018,1.064,1.073,1.045,0.855,0.986
2025,Oshae Brissett,SF,Philadelphia 76ers,Atlanta Hawks,26,16,0.018,1.882,1.041,1.864,0.756,0.927
2025,Oshae Brissett,SF,Philadelphia 76ers,Dallas Mavericks,26,19,0.018,0.6,0.89,0.582,0.916,0.9
2025,Oshae Brissett,SF,Philadelphia 76ers,Miami Heat,26,20,0.018,1.143,0.915,1.125,0.845,0.887
2025,Oshae Brissett,SF,Philadelphia 76ers,Chicago Bulls,26,18,0.018,1.234,0.919,1.216,0.833,0.885
2025,Oshae Brissett,SF,Philadelphia 76ers,Phoenix Suns,26,21,0.018,0.395,0.62,0.377,0.945,0.75
2025,Oshae Brissett,SF,Philadelphia 76ers,Portland Trail Blazers,26,22,0.018,1.194,0.624,1.176,0.838,0.71
2025,Oshae Brissett,SF,Philadelphia 76ers,San Antonio Spurs,26,23,0.018,0.392,0.526,0.374,0.945,0.694
2025,Oshae Brissett,SF,Philadelphia 76ers,Toronto Raptors,26,24,0.018,1.249,0.343,1.23,0.831,0.538
2025,Oshae Brissett,SF,Philadelphia 76ers,Brooklyn Nets,26,25,0.018,0.258,0.058,0.239,0.965,0.421
2025,Oso Ighodaro,PF,Phoenix Suns,Oklahoma City Thunder,21,1,-0.205,0.795,2.404,1,0.861,1.787
2025,Oso Ighodaro,PF,Phoenix Suns,Cleveland Cavaliers,21,2,-0.205,1.717,2.073,1.923,0.749,1.543
2025,Oso Ighodaro,PF,Phoenix Suns,Boston Celtics,21,3,-0.205,1.509,1.974,1.714,0.773,1.494
2025,Oso Ighodaro,PF,Phoenix Suns,Houston Rockets,21,4,-0.205,0.863,1.491,1.068,0.852,1.235
2025,Oso Ighodaro,PF,Phoenix Suns,New York Knicks,21,5,-0.205,0.825,1.383,1.031,0.857,1.173
2025,Oso Ighodaro,PF,Phoenix Suns,Los Angeles Clippers,21,9,-0.205,-0.25,1.262,0,1,1.157
2025,Oso Ighodaro,PF,Phoenix Suns,Denver Nuggets,21,8,-0.205,0.4,1.21,0.605,0.913,1.091
2025,Oso Ighodaro,PF,Phoenix Suns,Indiana Pacers,21,6,-0.205,0.96,1.224,1.165,0.84,1.07
2025,Oso Ighodaro,PF,Phoenix Suns,Minnesota Timberwolves,21,10,-0.205,0.731,1.203,0.936,0.869,1.07
2025,Oso Ighodaro,PF,Phoenix Suns,Los Angeles Lakers,21,7,-0.205,0.286,1.132,0.492,0.929,1.051
2025,Oso Ighodaro,PF,Phoenix Suns,Memphis Grizzlies,21,13,-0.205,0.525,1.025,0.73,0.896,0.974
2025,Oso Ighodaro,PF,Phoenix Suns,Golden State Warriors,21,12,-0.205,0.698,1.01,0.903,0.873,0.955
2025,Oso Ighodaro,PF,Phoenix Suns,Milwaukee Bucks,21,11,-0.205,2.524,0.997,2.729,0.664,0.864
2025,Oso Ighodaro,PF,Phoenix Suns,Detroit Pistons,21,14,-0.205,0.573,0.76,0.779,0.89,0.812
2025,Oso Ighodaro,PF,Phoenix Suns,Orlando Magic,21,15,-0.205,1.217,0.58,1.423,0.808,0.671
2025,Oso Ighodaro,PF,Phoenix Suns,Sacramento Kings,21,17,-0.205,0.523,0.453,0.728,0.897,0.63
2025,Oso Ighodaro,PF,Phoenix Suns,Atlanta Hawks,21,16,-0.205,0.235,0.421,0.44,0.936,0.627
2025,Oso Ighodaro,PF,Phoenix Suns,Chicago Bulls,21,18,-0.205,0.411,0.299,0.616,0.912,0.544
2025,Oso Ighodaro,PF,Phoenix Suns,Miami Heat,21,20,-0.205,0.861,0.295,1.066,0.852,0.518
2025,Oso Ighodaro,PF,Phoenix Suns,Dallas Mavericks,21,19,-0.205,1.939,0.27,2.144,0.725,0.452
2025,Oso Ighodaro,PF,Phoenix Suns,Portland Trail Blazers,21,22,-0.205,0.482,0.004,0.687,0.902,0.363
2025,P.J. Tucker,SF,New York Knicks,Oklahoma City Thunder,5,1,-0.572,0.332,1.021,0.903,0.873,0.962
2025,P.J. Tucker,SF,New York Knicks,Cleveland Cavaliers,5,2,-0.572,0.475,0.69,1.046,0.855,0.756
2025,P.J. Tucker,SF,New York Knicks,Boston Celtics,5,3,-0.572,1.283,0.591,1.855,0.757,0.658
2025,P.J. Tucker,SF,New York Knicks,Houston Rockets,5,4,-0.572,1.573,0.107,2.145,0.725,0.354
2025,P.J. Washington,PF,Dallas Mavericks,Oklahoma City Thunder,19,1,0.917,0.795,2.134,0,1,1.68
2025,P.J. Washington,PF,Dallas Mavericks,Cleveland Cavaliers,19,2,0.917,1.717,1.803,0.8,0.887,1.437
2025,P.J. Washington,PF,Dallas Mavericks,Boston Celtics,19,3,0.917,1.509,1.705,0.591,0.915,1.389
2025,P.J. Washington,PF,Dallas Mavericks,Houston Rockets,19,4,0.917,0.863,1.221,0,1,1.132
2025,P.J. Washington,PF,Dallas Mavericks,New York Knicks,19,5,0.917,0.825,1.113,0,1,1.068
2025,P.J. Washington,PF,Dallas Mavericks,Los Angeles Clippers,19,9,0.917,-0.25,0.992,0,1,0.995
2025,P.J. Washington,PF,Dallas Mavericks,Indiana Pacers,19,6,0.917,0.96,0.955,0.042,0.994,0.97
2025,P.J. Washington,PF,Dallas Mavericks,Denver Nuggets,19,8,0.917,0.4,0.941,0,1,0.964
2025,P.J. Washington,PF,Dallas Mavericks,Minnesota Timberwolves,19,10,0.917,0.731,0.933,0,1,0.96
2025,P.J. Washington,PF,Dallas Mavericks,Los Angeles Lakers,19,7,0.917,0.286,0.863,0,1,0.918
2025,P.J. Washington,PF,Dallas Mavericks,Memphis Grizzlies,19,13,0.917,0.525,0.756,0,1,0.853
2025,P.J. Washington,PF,Dallas Mavericks,Golden State Warriors,19,12,0.917,0.698,0.74,0,1,0.844
2025,P.J. Washington,PF,Dallas Mavericks,Milwaukee Bucks,19,11,0.917,2.524,0.728,1.607,0.786,0.751
2025,P.J. Washington,PF,Dallas Mavericks,Detroit Pistons,19,14,0.917,0.573,0.49,0,1,0.694
2025,P.J. Washington,PF,Dallas Mavericks,Orlando Magic,19,15,0.917,1.217,0.31,0.3,0.956,0.568
2025,P.J. Washington,PF,Dallas Mavericks,Sacramento Kings,19,17,0.917,0.523,0.183,0,1,0.51
2025,P.J. Washington,PF,Dallas Mavericks,Atlanta Hawks,19,16,0.917,0.235,0.151,0,1,0.491
2025,P.J. Washington,PF,Dallas Mavericks,Chicago Bulls,19,18,0.917,0.411,0.029,0,1,0.418
2025,P.J. Washington,PF,Dallas Mavericks,Miami Heat,19,20,0.917,0.861,0.026,0,1,0.415
2025,Pacôme Dadiet,SG,New York Knicks,Oklahoma City Thunder,5,1,-0.784,1.265,1.021,2.049,0.735,0.907
2025,Pacôme Dadiet,SG,New York Knicks,Cleveland Cavaliers,5,2,-0.784,1.342,0.69,2.125,0.727,0.705
2025,Pacôme Dadiet,SG,New York Knicks,Boston Celtics,5,3,-0.784,0.808,0.591,1.592,0.788,0.67
2025,Pacôme Dadiet,SG,New York Knicks,Houston Rockets,5,4,-0.784,0.724,0.107,1.508,0.798,0.383
2025,Paolo Banchero,PF,Orlando Magic,Oklahoma City Thunder,15,1,1.217,0.795,1.824,0,1,1.495
2025,Paolo Banchero,PF,Orlando Magic,Cleveland Cavaliers,15,2,1.217,1.717,1.493,0.5,0.928,1.267
2025,Paolo Banchero,PF,Orlando Magic,Boston Celtics,15,3,1.217,1.509,1.395,0.291,0.957,1.22
2025,Paolo Banchero,PF,Orlando Magic,Houston Rockets,15,4,1.217,0.863,0.911,0,1,0.947
2025,Paolo Banchero,PF,Orlando Magic,New York Knicks,15,5,1.217,0.825,0.804,0,1,0.882
2025,Paolo Banchero,PF,Orlando Magic,Los Angeles Clippers,15,9,1.217,-0.25,0.683,0,1,0.81
2025,Paolo Banchero,PF,Orlando Magic,Indiana Pacers,15,6,1.217,0.96,0.645,0,1,0.787
2025,Paolo Banchero,PF,Orlando Magic,Denver Nuggets,15,8,1.217,0.4,0.631,0,1,0.778
2025,Paolo Banchero,PF,Orlando Magic,Minnesota Timberwolves,15,10,1.217,0.731,0.624,0,1,0.774
2025,Paolo Banchero,PF,Orlando Magic,Los Angeles Lakers,15,7,1.217,0.286,0.553,0,1,0.732
2025,Paolo Banchero,PF,Orlando Magic,Memphis Grizzlies,15,13,1.217,0.525,0.446,0,1,0.668
2025,Paolo Banchero,PF,Orlando Magic,Golden State Warriors,15,12,1.217,0.698,0.43,0,1,0.658
2025,Paolo Banchero,PF,Orlando Magic,Milwaukee Bucks,15,11,1.217,2.524,0.418,1.307,0.822,0.58
2025,Paolo Banchero,PF,Orlando Magic,Detroit Pistons,15,14,1.217,0.573,0.18,0,1,0.508
2025,Pascal Siakam,PF,Indiana Pacers,Oklahoma City Thunder,6,1,0.96,0.795,1.18,0,1,1.108
2025,Pascal Siakam,PF,Indiana Pacers,Cleveland Cavaliers,6,2,0.96,1.717,0.849,0.758,0.893,0.866
2025,Pascal Siakam,PF,Indiana Pacers,Boston Celtics,6,3,0.96,1.509,0.75,0.549,0.921,0.818
2025,Pascal Siakam,PF,Indiana Pacers,Houston Rockets,6,4,0.96,0.863,0.266,0,1,0.56
2025,Pascal Siakam,PF,Indiana Pacers,New York Knicks,6,5,0.96,0.825,0.159,0,1,0.495
2025,Pascal Siakam,PF,Indiana Pacers,Los Angeles Clippers,6,9,0.96,-0.25,0.038,0,1,0.423
2025,Pat Connaughton,SG,Milwaukee Bucks,Oklahoma City Thunder,11,1,-0.185,1.265,1.406,1.45,0.805,1.166
2025,Pat Connaughton,SG,Milwaukee Bucks,Cleveland Cavaliers,11,2,-0.185,1.342,1.075,1.527,0.795,0.963
2025,Pat Connaughton,SG,Milwaukee Bucks,Boston Celtics,11,3,-0.185,0.808,0.977,0.993,0.862,0.931
2025,Pat Connaughton,SG,Milwaukee Bucks,Houston Rockets,11,4,-0.185,0.724,0.493,0.909,0.873,0.645
2025,Pat Connaughton,SG,Milwaukee Bucks,New York Knicks,11,5,-0.185,0.807,0.386,0.991,0.862,0.576
2025,Pat Connaughton,SG,Milwaukee Bucks,Indiana Pacers,11,6,-0.185,0.275,0.227,0.46,0.933,0.51
2025,Pat Connaughton,SG,Milwaukee Bucks,Los Angeles Clippers,11,9,-0.185,1.026,0.265,1.211,0.834,0.492
2025,Pat Connaughton,SG,Milwaukee Bucks,Denver Nuggets,11,8,-0.185,0.812,0.213,0.997,0.861,0.472
2025,Pat Connaughton,SG,Milwaukee Bucks,Minnesota Timberwolves,11,10,-0.185,1.353,0.206,1.538,0.794,0.441
2025,Pat Connaughton,SG,Milwaukee Bucks,Los Angeles Lakers,11,7,-0.185,1.047,0.135,1.232,0.831,0.414
2025,Pat Connaughton,SG,Milwaukee Bucks,Golden State Warriors,11,12,-0.185,0.448,0.013,0.633,0.909,0.371
2025,Pat Connaughton,SG,Milwaukee Bucks,Memphis Grizzlies,11,13,-0.185,0.996,0.028,1.18,0.838,0.352
2025,Pat Spencer,PG,Golden State Warriors,Oklahoma City Thunder,12,1,-0.54,1.646,1.394,2.186,0.72,1.125
2025,Pat Spencer,PG,Golden State Warriors,Cleveland Cavaliers,12,2,-0.54,0.908,1.063,1.448,0.805,0.96
2025,Pat Spencer,PG,Golden State Warriors,Boston Celtics,12,3,-0.54,0.432,0.964,0.971,0.864,0.924
2025,Pat Spencer,PG,Golden State Warriors,Houston Rockets,12,4,-0.54,0.457,0.481,0.996,0.861,0.633
2025,Pat Spencer,PG,Golden State Warriors,New York Knicks,12,5,-0.54,1.105,0.373,1.645,0.781,0.536
2025,Pat Spencer,PG,Golden State Warriors,Minnesota Timberwolves,12,10,-0.54,0.2,0.193,0.739,0.895,0.474
2025,Pat Spencer,PG,Golden State Warriors,Los Angeles Clippers,12,9,-0.54,1.03,0.252,1.569,0.79,0.467
2025,Pat Spencer,PG,Golden State Warriors,Denver Nuggets,12,8,-0.54,0.822,0.2,1.362,0.815,0.446
2025,Pat Spencer,PG,Golden State Warriors,Indiana Pacers,12,6,-0.54,1.379,0.214,1.918,0.75,0.429
2025,Pat Spencer,PG,Golden State Warriors,Los Angeles Lakers,12,7,-0.54,1.252,0.123,1.792,0.764,0.379
2025,Pat Spencer,PG,Golden State Warriors,Memphis Grizzlies,12,13,-0.54,0.849,0.016,1.388,0.812,0.334
2025,Patrick Baldwin Jr.,SF,Washington Wizards,Oklahoma City Thunder,29,1,-0.562,0.332,3.577,0.893,0.875,2.496
2025,Patrick Baldwin Jr.,SF,Washington Wizards,Cleveland Cavaliers,29,2,-0.562,0.475,3.246,1.036,0.856,2.29
2025,Patrick Baldwin Jr.,SF,Washington Wizards,Boston Celtics,29,3,-0.562,1.283,3.148,1.845,0.758,2.192
2025,Patrick Baldwin Jr.,SF,Washington Wizards,Houston Rockets,29,4,-0.562,1.573,2.664,2.135,0.726,1.889
2025,Patrick Baldwin Jr.,SF,Washington Wizards,New York Knicks,29,5,-0.562,0.764,2.557,1.326,0.82,1.862
2025,Patrick Baldwin Jr.,SF,Washington Wizards,Minnesota Timberwolves,29,10,-0.562,-0.433,2.377,0.128,0.981,1.818
2025,Patrick Baldwin Jr.,SF,Washington Wizards,Indiana Pacers,29,6,-0.562,0.534,2.398,1.096,0.848,1.778
2025,Patrick Baldwin Jr.,SF,Washington Wizards,Los Angeles Clippers,29,9,-0.562,1.392,2.436,1.953,0.746,1.76
2025,Patrick Baldwin Jr.,SF,Washington Wizards,Denver Nuggets,29,8,-0.562,0.927,2.384,1.488,0.8,1.75
2025,Patrick Baldwin Jr.,SF,Washington Wizards,Los Angeles Lakers,29,7,-0.562,2.119,2.306,2.68,0.669,1.651
2025,Patrick Baldwin Jr.,SF,Washington Wizards,Milwaukee Bucks,29,11,-0.562,0.667,2.171,1.229,0.832,1.635
2025,Patrick Baldwin Jr.,SF,Washington Wizards,Golden State Warriors,29,12,-0.562,1.484,2.183,2.046,0.736,1.604
2025,Patrick Baldwin Jr.,SF,Washington Wizards,Detroit Pistons,29,14,-0.562,0.84,1.933,1.401,0.81,1.484
2025,Patrick Baldwin Jr.,SF,Washington Wizards,Orlando Magic,29,15,-0.562,1.486,1.753,2.048,0.736,1.346
2025,Patrick Baldwin Jr.,SF,Washington Wizards,Sacramento Kings,29,17,-0.562,1.064,1.626,1.625,0.784,1.289
2025,Patrick Baldwin Jr.,SF,Washington Wizards,Atlanta Hawks,29,16,-0.562,1.882,1.594,2.444,0.693,1.234
2025,Patrick Baldwin Jr.,SF,Washington Wizards,Dallas Mavericks,29,19,-0.562,0.6,1.443,1.161,0.84,1.202
2025,Patrick Baldwin Jr.,SF,Washington Wizards,Miami Heat,29,20,-0.562,1.143,1.469,1.704,0.774,1.191
2025,Patrick Baldwin Jr.,SF,Washington Wizards,Chicago Bulls,29,18,-0.562,1.234,1.473,1.796,0.764,1.189
2025,Patrick Baldwin Jr.,SF,Los Angeles Clippers,Oklahoma City Thunder,9,1,0.838,0.332,1.142,0,1,1.085
2025,Patrick Baldwin Jr.,SF,Washington Wizards,Phoenix Suns,29,21,-0.562,0.395,1.173,0.957,0.866,1.051
2025,Patrick Baldwin Jr.,SF,Washington Wizards,Portland Trail Blazers,29,22,-0.562,1.194,1.177,1.755,0.768,1.014
2025,Patrick Baldwin Jr.,SF,Washington Wizards,San Antonio Spurs,29,23,-0.562,0.392,1.08,0.954,0.867,0.995
2025,Patrick Baldwin Jr.,SF,Los Angeles Clippers,Cleveland Cavaliers,9,2,0.838,0.475,0.811,0,1,0.886
2025,Patrick Baldwin Jr.,SF,Washington Wizards,Toronto Raptors,29,24,-0.562,1.249,0.897,1.81,0.762,0.843
2025,Patrick Baldwin Jr.,SF,Los Angeles Clippers,Boston Celtics,9,3,0.838,1.283,0.712,0.445,0.935,0.802
2025,Patrick Baldwin Jr.,SF,Washington Wizards,Brooklyn Nets,29,25,-0.562,0.258,0.612,0.819,0.884,0.721
2025,Patrick Baldwin Jr.,SF,Washington Wizards,Philadelphia 76ers,29,26,-0.562,0.804,0.554,1.365,0.815,0.658
2025,Patrick Baldwin Jr.,SF,Los Angeles Clippers,Houston Rockets,9,4,0.838,1.573,0.228,0.735,0.896,0.495
2025,Patrick Baldwin Jr.,SF,Los Angeles Clippers,New York Knicks,9,5,0.838,0.764,0.121,0,1,0.473
2025,Patrick Baldwin Jr.,SF,Washington Wizards,New Orleans Pelicans,29,27,-0.562,1.332,0.276,1.894,0.753,0.467
2025,Patrick Baldwin Jr.,SF,Washington Wizards,Charlotte Hornets,29,28,-0.562,1.088,0.228,1.649,0.781,0.449
2025,Patrick Baldwin Jr.,SF,Washington Wizards,Utah Jazz,29,30,-0.562,0.075,0.073,0.637,0.909,0.407
2025,Patrick Williams,PF,Chicago Bulls,Oklahoma City Thunder,18,1,-0.13,0.795,2.105,0.925,0.87,1.611
2025,Patrick Williams,PF,Chicago Bulls,Cleveland Cavaliers,18,2,-0.13,1.717,1.774,1.847,0.758,1.367
2025,Patrick Williams,PF,Chicago Bulls,Boston Celtics,18,3,-0.13,1.509,1.675,1.638,0.782,1.318
2025,Patrick Williams,PF,Chicago Bulls,Houston Rockets,18,4,-0.13,0.863,1.191,0.993,0.862,1.059
2025,Patrick Williams,PF,Chicago Bulls,New York Knicks,18,5,-0.13,0.825,1.084,0.955,0.867,0.997
2025,Patrick Williams,PF,Chicago Bulls,Los Angeles Clippers,18,9,-0.13,-0.25,0.963,0,1,0.978
2025,Patrick Williams,PF,Chicago Bulls,Denver Nuggets,18,8,-0.13,0.4,0.911,0.53,0.924,0.916
2025,Patrick Williams,PF,Chicago Bulls,Indiana Pacers,18,6,-0.13,0.96,0.925,1.089,0.849,0.895
2025,Patrick Williams,PF,Chicago Bulls,Minnesota Timberwolves,18,10,-0.13,0.731,0.904,0.861,0.879,0.894
2025,Patrick Williams,PF,Chicago Bulls,Los Angeles Lakers,18,7,-0.13,0.286,0.833,0.416,0.939,0.876
2025,Patrick Williams,PF,Chicago Bulls,Memphis Grizzlies,18,13,-0.13,0.525,0.726,0.654,0.906,0.798
2025,Patrick Williams,PF,Chicago Bulls,Golden State Warriors,18,12,-0.13,0.698,0.711,0.828,0.883,0.78
2025,Patrick Williams,PF,Chicago Bulls,Milwaukee Bucks,18,11,-0.13,2.524,0.698,2.654,0.672,0.688
2025,Patrick Williams,PF,Chicago Bulls,Detroit Pistons,18,14,-0.13,0.573,0.461,0.703,0.9,0.636
2025,Patrick Williams,PF,Chicago Bulls,Orlando Magic,18,15,-0.13,1.217,0.28,1.347,0.817,0.495
2025,Patrick Williams,PF,Chicago Bulls,Sacramento Kings,18,17,-0.13,0.523,0.154,0.653,0.907,0.455
2025,Patrick Williams,PF,Chicago Bulls,Atlanta Hawks,18,16,-0.13,0.235,0.122,0.364,0.947,0.452
2025,Patty Mills,PG,Utah Jazz,Oklahoma City Thunder,30,1,-0.682,1.646,3.505,2.328,0.705,2.385
2025,Patty Mills,PG,Utah Jazz,Cleveland Cavaliers,30,2,-0.682,0.908,3.174,1.59,0.788,2.219
2025,Patty Mills,PG,Utah Jazz,Boston Celtics,30,3,-0.682,0.432,3.075,1.114,0.846,2.184
2025,Patty Mills,PG,Utah Jazz,Houston Rockets,30,4,-0.682,0.457,2.591,1.139,0.843,1.892
2025,Patty Mills,PG,Utah Jazz,New York Knicks,30,5,-0.682,1.105,2.484,1.787,0.765,1.796
2025,Patty Mills,PG,Utah Jazz,Minnesota Timberwolves,30,10,-0.682,0.2,2.304,0.882,0.876,1.733
2025,Patty Mills,PG,Utah Jazz,Los Angeles Clippers,30,9,-0.682,1.03,2.363,1.712,0.774,1.727
2025,Patty Mills,PG,Utah Jazz,Denver Nuggets,30,8,-0.682,0.822,2.311,1.504,0.798,1.706
2025,Patty Mills,PG,Utah Jazz,Indiana Pacers,30,6,-0.682,1.379,2.325,2.061,0.734,1.689
2025,Patty Mills,PG,Utah Jazz,Los Angeles Lakers,30,7,-0.682,1.252,2.233,1.935,0.748,1.639
2025,Patty Mills,PG,Utah Jazz,Memphis Grizzlies,30,13,-0.682,0.849,2.126,1.531,0.795,1.594
2025,Patty Mills,PG,Utah Jazz,Golden State Warriors,30,12,-0.682,1.025,2.111,1.707,0.774,1.576
2025,Patty Mills,PG,Utah Jazz,Milwaukee Bucks,30,11,-0.682,1.065,2.098,1.747,0.769,1.567
2025,Patty Mills,PG,Utah Jazz,Detroit Pistons,30,14,-0.682,1.099,1.861,1.781,0.766,1.423
2025,Patty Mills,PG,Utah Jazz,Orlando Magic,30,15,-0.682,0.182,1.68,0.864,0.878,1.36
2025,Patty Mills,PG,Utah Jazz,Sacramento Kings,30,17,-0.682,0.871,1.554,1.553,0.792,1.249
2025,Patty Mills,PG,Utah Jazz,Atlanta Hawks,30,16,-0.682,1.258,1.522,1.94,0.748,1.212
2025,Patty Mills,PG,Utah Jazz,Miami Heat,30,20,-0.682,0.39,1.396,1.072,0.851,1.178
2025,Patty Mills,PG,Utah Jazz,Chicago Bulls,30,18,-0.682,0.694,1.4,1.376,0.813,1.165
2025,Patty Mills,PG,Utah Jazz,Dallas Mavericks,30,19,-0.682,1.413,1.371,2.095,0.73,1.114
2025,Patty Mills,PG,Utah Jazz,Portland Trail Blazers,30,22,-0.682,0.141,1.105,0.823,0.884,1.016
2025,Patty Mills,PG,Utah Jazz,Phoenix Suns,30,21,-0.682,0.387,1.101,1.069,0.852,1.001
2025,Patty Mills,PG,Los Angeles Clippers,Oklahoma City Thunder,9,1,-0.172,1.646,1.142,1.818,0.761,0.99
2025,Patty Mills,PG,Utah Jazz,San Antonio Spurs,30,23,-0.682,0.766,1.007,1.448,0.805,0.926
2025,Patty Mills,PG,Los Angeles Clippers,Cleveland Cavaliers,9,2,-0.172,0.908,0.811,1.08,0.85,0.827
2025,Patty Mills,PG,Utah Jazz,Toronto Raptors,30,24,-0.682,0.562,0.824,1.244,0.83,0.826
2025,Patty Mills,PG,Los Angeles Clippers,Boston Celtics,9,3,-0.172,0.432,0.712,0.603,0.913,0.793
2025,Patty Mills,PG,Utah Jazz,Brooklyn Nets,30,25,-0.682,0.658,0.539,1.34,0.818,0.651
2025,Patty Mills,PG,Utah Jazz,Philadelphia 76ers,30,26,-0.682,1.022,0.481,1.704,0.774,0.598
2025,Patty Mills,PG,Los Angeles Clippers,Houston Rockets,9,4,-0.172,0.457,0.228,0.628,0.91,0.501
2025,Patty Mills,PG,Utah Jazz,New Orleans Pelicans,30,27,-0.682,0.702,0.203,1.384,0.813,0.447
2025,Patty Mills,PG,Utah Jazz,Charlotte Hornets,30,28,-0.682,0.883,0.156,1.565,0.791,0.41
2025,Patty Mills,PG,Los Angeles Clippers,New York Knicks,9,5,-0.172,1.105,0.121,1.276,0.826,0.403
2025,Paul George,PF,Philadelphia 76ers,Oklahoma City Thunder,26,1,0.711,0.795,3.024,0.084,0.988,2.209
2025,Paul George,PF,Philadelphia 76ers,Cleveland Cavaliers,26,2,0.711,1.717,2.693,1.006,0.86,1.96
2025,Paul George,PF,Philadelphia 76ers,Boston Celtics,26,3,0.711,1.509,2.594,0.797,0.887,1.911
2025,Paul George,PF,Philadelphia 76ers,Houston Rockets,26,4,0.711,0.863,2.11,0.152,0.977,1.657
2025,Paul George,PF,Philadelphia 76ers,New York Knicks,26,5,0.711,0.825,2.003,0.114,0.983,1.595
2025,Paul George,PF,Philadelphia 76ers,Los Angeles Clippers,26,9,0.711,-0.25,1.882,0,1,1.529
2025,Paul George,PF,Philadelphia 76ers,Denver Nuggets,26,8,0.711,0.4,1.83,0,1,1.498
2025,Paul George,PF,Philadelphia 76ers,Minnesota Timberwolves,26,10,0.711,0.731,1.823,0.02,0.997,1.493
2025,Paul George,PF,Philadelphia 76ers,Indiana Pacers,26,6,0.711,0.96,1.844,0.248,0.963,1.492
2025,Paul George,PF,Philadelphia 76ers,Los Angeles Lakers,26,7,0.711,0.286,1.752,0,1,1.451
2025,Paul George,PF,Philadelphia 76ers,Memphis Grizzlies,26,13,0.711,0.525,1.645,0,1,1.387
2025,Paul George,PF,Philadelphia 76ers,Golden State Warriors,26,12,0.711,0.698,1.63,0,1,1.378
2025,Paul George,PF,Philadelphia 76ers,Milwaukee Bucks,26,11,0.711,2.524,1.617,1.813,0.762,1.275
2025,Paul George,PF,Philadelphia 76ers,Detroit Pistons,26,14,0.711,0.573,1.38,0,1,1.228
2025,Paul George,PF,Philadelphia 76ers,Orlando Magic,26,15,0.711,1.217,1.199,0.506,0.927,1.09
2025,Paul George,PF,Philadelphia 76ers,Sacramento Kings,26,17,0.711,0.523,1.073,0,1,1.044
2025,Paul George,PF,Philadelphia 76ers,Atlanta Hawks,26,16,0.711,0.235,1.041,0,1,1.024
2025,Paul George,PF,Philadelphia 76ers,Chicago Bulls,26,18,0.711,0.411,0.919,0,1,0.951
2025,Paul George,PF,Philadelphia 76ers,Miami Heat,26,20,0.711,0.861,0.915,0.15,0.978,0.94
2025,Paul George,PF,Philadelphia 76ers,Dallas Mavericks,26,19,0.711,1.939,0.89,1.227,0.832,0.866
2025,Paul George,PF,Philadelphia 76ers,Portland Trail Blazers,26,22,0.711,0.482,0.624,0,1,0.774
2025,Paul George,PF,Philadelphia 76ers,Phoenix Suns,26,21,0.711,1.486,0.62,0.775,0.89,0.728
2025,Paul George,PF,Philadelphia 76ers,San Antonio Spurs,26,23,0.711,0.484,0.526,0,1,0.716
2025,Paul George,PF,Philadelphia 76ers,Toronto Raptors,26,24,0.711,1.283,0.343,0.572,0.918,0.573
2025,Paul George,PF,Philadelphia 76ers,Brooklyn Nets,26,25,0.711,0.624,0.058,0,1,0.435
2025,Paul Reed,C,Detroit Pistons,Oklahoma City Thunder,14,1,-0.413,1.018,1.644,1.43,0.807,1.309
2025,Paul Reed,C,Detroit Pistons,Cleveland Cavaliers,14,2,-0.413,0.96,1.313,1.373,0.814,1.113
2025,Paul Reed,C,Detroit Pistons,Boston Celtics,14,3,-0.413,0.929,1.215,1.342,0.818,1.056
2025,Paul Reed,C,Detroit Pistons,Houston Rockets,14,4,-0.413,0.807,0.731,1.22,0.833,0.771
2025,Paul Reed,C,Detroit Pistons,New York Knicks,14,5,-0.413,1.332,0.623,1.745,0.77,0.682
2025,Paul Reed,C,Detroit Pistons,Indiana Pacers,14,6,-0.413,0.754,0.464,1.167,0.839,0.614
2025,Paul Reed,C,Detroit Pistons,Los Angeles Clippers,14,9,-0.413,1.266,0.502,1.679,0.777,0.612
2025,Paul Reed,C,Detroit Pistons,Minnesota Timberwolves,14,10,-0.413,1.008,0.443,1.42,0.808,0.589
2025,Paul Reed,C,Detroit Pistons,Denver Nuggets,14,8,-0.413,1.827,0.45,2.24,0.715,0.556
2025,Paul Reed,C,Detroit Pistons,Golden State Warriors,14,12,-0.413,-0.087,0.25,0.326,0.952,0.531
2025,Paul Reed,C,Detroit Pistons,Los Angeles Lakers,14,7,-0.413,1.908,0.373,2.321,0.706,0.506
2025,Paul Reed,C,Detroit Pistons,Memphis Grizzlies,14,13,-0.413,0.773,0.266,1.186,0.837,0.494
2025,Paul Reed,C,Detroit Pistons,Milwaukee Bucks,14,11,-0.413,0.498,0.237,0.911,0.872,0.491
2025,Payton Pritchard,PG,Boston Celtics,Oklahoma City Thunder,3,1,0.432,1.646,0.429,1.214,0.833,0.591
2025,Payton Pritchard,PG,Boston Celtics,Cleveland Cavaliers,3,2,0.432,0.908,0.098,0.476,0.931,0.431
2025,Pelle Larsson,SG,Miami Heat,Oklahoma City Thunder,20,1,-0.241,1.265,2.108,1.506,0.798,1.584
2025,Pelle Larsson,SG,Miami Heat,Cleveland Cavaliers,20,2,-0.241,1.342,1.777,1.583,0.789,1.382
2025,Pelle Larsson,SG,Miami Heat,Boston Celtics,20,3,-0.241,0.808,1.679,1.049,0.854,1.349
2025,Pelle Larsson,SG,Miami Heat,Houston Rockets,20,4,-0.241,0.724,1.195,0.965,0.865,1.063
2025,Pelle Larsson,SG,Miami Heat,New York Knicks,20,5,-0.241,0.807,1.088,1.048,0.855,0.994
2025,Pelle Larsson,SG,Miami Heat,Indiana Pacers,20,6,-0.241,0.275,0.929,0.516,0.926,0.928
2025,Pelle Larsson,SG,Miami Heat,Los Angeles Clippers,20,9,-0.241,1.026,0.967,1.267,0.827,0.911
2025,Pelle Larsson,SG,Miami Heat,Denver Nuggets,20,8,-0.241,0.812,0.915,1.053,0.854,0.89
2025,Pelle Larsson,SG,Miami Heat,Minnesota Timberwolves,20,10,-0.241,1.353,0.908,1.594,0.787,0.86
2025,Pelle Larsson,SG,Miami Heat,Los Angeles Lakers,20,7,-0.241,1.047,0.837,1.288,0.824,0.832
2025,Pelle Larsson,SG,Miami Heat,Golden State Warriors,20,12,-0.241,0.448,0.714,0.689,0.902,0.789
2025,Pelle Larsson,SG,Miami Heat,Memphis Grizzlies,20,13,-0.241,0.996,0.73,1.236,0.831,0.77
2025,Pelle Larsson,SG,Miami Heat,Milwaukee Bucks,20,11,-0.241,0.683,0.702,0.924,0.871,0.769
2025,Pelle Larsson,SG,Miami Heat,Detroit Pistons,20,14,-0.241,2.249,0.464,2.49,0.688,0.554
2025,Pelle Larsson,SG,Miami Heat,Orlando Magic,20,15,-0.241,0.142,0.284,0.382,0.944,0.548
2025,Pelle Larsson,SG,Miami Heat,Sacramento Kings,20,17,-0.241,0.908,0.157,1.149,0.842,0.431
2025,Pelle Larsson,SG,Miami Heat,Atlanta Hawks,20,16,-0.241,1.001,0.125,1.242,0.83,0.407
2025,Pelle Larsson,SG,Miami Heat,Chicago Bulls,20,18,-0.241,0.842,0.004,1.082,0.85,0.342
2025,Pete Nance,C,Philadelphia 76ers,Oklahoma City Thunder,26,1,-1.407,1.018,3.024,2.425,0.695,2.092
2025,Pete Nance,C,Philadelphia 76ers,Cleveland Cavaliers,26,2,-1.407,0.96,2.693,2.367,0.701,1.896
2025,Pete Nance,C,Philadelphia 76ers,Boston Celtics,26,3,-1.407,0.929,2.594,2.336,0.704,1.838
2025,Pete Nance,C,Philadelphia 76ers,Houston Rockets,26,4,-1.407,0.807,2.11,2.214,0.717,1.553
2025,Pete Nance,C,Philadelphia 76ers,New York Knicks,26,5,-1.407,1.332,2.003,2.739,0.663,1.467
2025,Pete Nance,C,Philadelphia 76ers,Los Angeles Clippers,26,9,-1.407,1.266,1.882,2.673,0.67,1.397
2025,Pete Nance,C,Philadelphia 76ers,Indiana Pacers,26,6,-1.407,0.754,1.844,2.161,0.723,1.396
2025,Pete Nance,C,Philadelphia 76ers,Minnesota Timberwolves,26,10,-1.407,1.008,1.823,2.415,0.696,1.372
2025,Pete Nance,C,Philadelphia 76ers,Denver Nuggets,26,8,-1.407,1.827,1.83,3.234,0.616,1.344
2025,Pete Nance,C,Philadelphia 76ers,Golden State Warriors,26,12,-1.407,-0.087,1.63,1.32,0.82,1.306
2025,Pete Nance,C,Philadelphia 76ers,Los Angeles Lakers,26,7,-1.407,1.908,1.752,3.315,0.608,1.295
2025,Pete Nance,C,Philadelphia 76ers,Memphis Grizzlies,26,13,-1.407,0.773,1.645,2.18,0.721,1.276
2025,Pete Nance,C,Philadelphia 76ers,Milwaukee Bucks,26,11,-1.407,0.498,1.617,1.905,0.751,1.271
2025,Pete Nance,PF,Milwaukee Bucks,Oklahoma City Thunder,11,1,-0.434,0.795,1.406,1.229,0.832,1.177
2025,Pete Nance,C,Philadelphia 76ers,Detroit Pistons,26,14,-1.407,0.988,1.38,2.395,0.698,1.107
2025,Pete Nance,C,Philadelphia 76ers,Orlando Magic,26,15,-1.407,0.455,1.199,1.862,0.756,1.022
2025,Pete Nance,PF,Milwaukee Bucks,Cleveland Cavaliers,11,2,-0.434,1.717,1.075,2.152,0.724,0.935
2025,Pete Nance,C,Philadelphia 76ers,Atlanta Hawks,26,16,-1.407,0.616,1.041,2.023,0.738,0.92
2025,Pete Nance,C,Philadelphia 76ers,Sacramento Kings,26,17,-1.407,1.198,1.073,2.605,0.677,0.914
2025,Pete Nance,PF,Milwaukee Bucks,Boston Celtics,11,3,-0.434,1.509,0.977,1.943,0.747,0.885
2025,Pete Nance,C,Philadelphia 76ers,Miami Heat,26,20,-1.407,0.612,0.915,2.019,0.739,0.845
2025,Pete Nance,C,Philadelphia 76ers,Chicago Bulls,26,18,-1.407,0.827,0.919,2.234,0.715,0.838
2025,Pete Nance,C,Philadelphia 76ers,Dallas Mavericks,26,19,-1.407,1.114,0.89,2.521,0.685,0.808
2025,Pete Nance,C,Philadelphia 76ers,Phoenix Suns,26,21,-1.407,0.34,0.62,1.747,0.769,0.68
2025,Pete Nance,C,Philadelphia 76ers,Portland Trail Blazers,26,22,-1.407,0.7,0.624,2.107,0.729,0.666
2025,Pete Nance,PF,Milwaukee Bucks,Houston Rockets,11,4,-0.434,0.863,0.493,1.298,0.823,0.625
2025,Pete Nance,PF,Milwaukee Bucks,New York Knicks,11,5,-0.434,0.825,0.386,1.26,0.828,0.563
2025,Pete Nance,PF,Milwaukee Bucks,Los Angeles Clippers,11,9,-0.434,-0.25,0.265,0.185,0.973,0.548
2025,Pete Nance,C,Philadelphia 76ers,San Antonio Spurs,26,23,-1.407,2.35,0.526,3.757,0.569,0.544
2025,Pete Nance,C,Philadelphia 76ers,Toronto Raptors,26,24,-1.407,0.899,0.343,2.306,0.708,0.489
2025,Pete Nance,PF,Milwaukee Bucks,Denver Nuggets,11,8,-0.434,0.4,0.213,0.834,0.882,0.481
2025,Pete Nance,PF,Milwaukee Bucks,Indiana Pacers,11,6,-0.434,0.96,0.227,1.394,0.811,0.461
2025,Pete Nance,PF,Milwaukee Bucks,Minnesota Timberwolves,11,10,-0.434,0.731,0.206,1.166,0.84,0.459
2025,Pete Nance,PF,Milwaukee Bucks,Los Angeles Lakers,11,7,-0.434,0.286,0.135,0.721,0.898,0.44
2025,Pete Nance,PF,Milwaukee Bucks,Memphis Grizzlies,11,13,-0.434,0.525,0.028,0.959,0.866,0.363
2025,Pete Nance,PF,Milwaukee Bucks,Golden State Warriors,11,12,-0.434,0.698,0.013,1.132,0.844,0.345
2025,Pete Nance,C,Philadelphia 76ers,Brooklyn Nets,26,25,-1.407,0.443,0.058,1.85,0.758,0.338
2025,Peyton Watson,SF,Denver Nuggets,Oklahoma City Thunder,8,1,0.391,0.332,1.194,0,1,1.116
2025,Peyton Watson,SF,Denver Nuggets,Cleveland Cavaliers,8,2,0.391,0.475,0.863,0.083,0.988,0.913
2025,Peyton Watson,SF,Denver Nuggets,Boston Celtics,8,3,0.391,1.283,0.764,0.892,0.875,0.808
2025,Peyton Watson,SF,Denver Nuggets,Houston Rockets,8,4,0.391,1.573,0.28,1.182,0.838,0.503
2025,Peyton Watson,SF,Denver Nuggets,New York Knicks,8,5,0.391,0.764,0.173,0.373,0.946,0.482
2025,Peyton Watson,SF,Denver Nuggets,Indiana Pacers,8,6,0.391,0.534,0.014,0.143,0.979,0.4
2025,Peyton Watson,SF,Denver Nuggets,Los Angeles Clippers,8,9,0.391,1.392,0.052,1,0.861,0.375
2025,Phillip Wheeler,PF,Philadelphia 76ers,Oklahoma City Thunder,26,1,-1.496,0.795,3.024,2.291,0.709,2.098
2025,Phillip Wheeler,PF,Philadelphia 76ers,Cleveland Cavaliers,26,2,-1.496,1.717,2.693,3.213,0.618,1.863
2025,Phillip Wheeler,PF,Philadelphia 76ers,Boston Celtics,26,3,-1.496,1.509,2.594,3.005,0.637,1.811
2025,Phillip Wheeler,PF,Philadelphia 76ers,Houston Rockets,26,4,-1.496,0.863,2.11,2.359,0.702,1.547
2025,Phillip Wheeler,PF,Philadelphia 76ers,New York Knicks,26,5,-1.496,0.825,2.003,2.321,0.706,1.484
2025,Phillip Wheeler,PF,Philadelphia 76ers,Los Angeles Clippers,26,9,-1.496,-0.25,1.882,1.246,0.83,1.461
2025,Phillip Wheeler,PF,Philadelphia 76ers,Denver Nuggets,26,8,-1.496,0.4,1.83,1.896,0.752,1.399
2025,Phillip Wheeler,PF,Philadelphia 76ers,Indiana Pacers,26,6,-1.496,0.96,1.844,2.456,0.692,1.383
2025,Phillip Wheeler,PF,Philadelphia 76ers,Minnesota Timberwolves,26,10,-1.496,0.731,1.823,2.227,0.716,1.38
2025,Phillip Wheeler,PF,Philadelphia 76ers,Los Angeles Lakers,26,7,-1.496,0.286,1.752,1.782,0.765,1.358
2025,Phillip Wheeler,PF,Philadelphia 76ers,Memphis Grizzlies,26,13,-1.496,0.525,1.645,2.021,0.739,1.283
2025,Phillip Wheeler,PF,Philadelphia 76ers,Golden State Warriors,26,12,-1.496,0.698,1.63,2.194,0.72,1.266
2025,Phillip Wheeler,PF,Philadelphia 76ers,Milwaukee Bucks,26,11,-1.496,2.524,1.617,4.02,0.547,1.189
2025,Phillip Wheeler,PF,Philadelphia 76ers,Detroit Pistons,26,14,-1.496,0.573,1.38,2.069,0.733,1.121
2025,Phillip Wheeler,PF,Philadelphia 76ers,Orlando Magic,26,15,-1.496,1.217,1.199,2.713,0.666,0.986
2025,Phillip Wheeler,PF,Philadelphia 76ers,Sacramento Kings,26,17,-1.496,0.523,1.073,2.019,0.739,0.939
2025,Phillip Wheeler,PF,Philadelphia 76ers,Atlanta Hawks,26,16,-1.496,0.235,1.041,1.731,0.771,0.933
2025,Phillip Wheeler,PF,Philadelphia 76ers,Chicago Bulls,26,18,-1.496,0.411,0.919,1.907,0.751,0.852
2025,Phillip Wheeler,PF,Philadelphia 76ers,Miami Heat,26,20,-1.496,0.861,0.915,2.357,0.702,0.83
2025,Phillip Wheeler,PF,Philadelphia 76ers,Dallas Mavericks,26,19,-1.496,1.939,0.89,3.435,0.597,0.773
2025,Phillip Wheeler,PF,Philadelphia 76ers,Portland Trail Blazers,26,22,-1.496,0.482,0.624,1.978,0.743,0.672
2025,Phillip Wheeler,PF,Philadelphia 76ers,Phoenix Suns,26,21,-1.496,1.486,0.62,2.982,0.639,0.628
2025,Phillip Wheeler,PF,Philadelphia 76ers,San Antonio Spurs,26,23,-1.496,0.484,0.526,1.98,0.743,0.613
2025,Phillip Wheeler,PF,Philadelphia 76ers,Toronto Raptors,26,24,-1.496,1.283,0.343,2.779,0.659,0.469
2025,Phillip Wheeler,PF,Philadelphia 76ers,Brooklyn Nets,26,25,-1.496,0.624,0.058,2.12,0.728,0.326
2025,PJ Dozier,SG,Minnesota Timberwolves,Oklahoma City Thunder,10,1,0.108,1.265,1.201,1.158,0.841,1.057
2025,PJ Dozier,SG,Minnesota Timberwolves,Cleveland Cavaliers,10,2,0.108,1.342,0.87,1.234,0.831,0.854
2025,PJ Dozier,SG,Minnesota Timberwolves,Boston Celtics,10,3,0.108,0.808,0.771,0.701,0.9,0.823
2025,PJ Dozier,SG,Minnesota Timberwolves,Houston Rockets,10,4,0.108,0.724,0.287,0.617,0.912,0.537
2025,PJ Dozier,SG,Minnesota Timberwolves,New York Knicks,10,5,0.108,0.807,0.18,0.699,0.9,0.468
2025,PJ Dozier,SG,Minnesota Timberwolves,Indiana Pacers,10,6,0.108,0.275,0.021,0.167,0.975,0.403
2025,PJ Dozier,SG,Minnesota Timberwolves,Los Angeles Clippers,10,9,0.108,1.026,0.059,0.918,0.871,0.384
2025,PJ Dozier,SG,Minnesota Timberwolves,Denver Nuggets,10,8,0.108,0.812,0.007,0.704,0.9,0.364
2025,PJ Hall,C,Denver Nuggets,Oklahoma City Thunder,8,1,-0.636,1.018,1.194,1.654,0.78,1.028
2025,PJ Hall,C,Denver Nuggets,Cleveland Cavaliers,8,2,-0.636,0.96,0.863,1.596,0.787,0.832
2025,PJ Hall,C,Denver Nuggets,Boston Celtics,8,3,-0.636,0.929,0.764,1.565,0.791,0.775
2025,PJ Hall,C,Denver Nuggets,Houston Rockets,8,4,-0.636,0.807,0.28,1.443,0.805,0.49
2025,PJ Hall,C,Denver Nuggets,New York Knicks,8,5,-0.636,1.332,0.173,1.969,0.744,0.401
2025,PJ Hall,C,Denver Nuggets,Indiana Pacers,8,6,-0.636,0.754,0.014,1.391,0.812,0.333
2025,PJ Hall,C,Denver Nuggets,Los Angeles Clippers,8,9,-0.636,1.266,0.052,1.902,0.752,0.332
2025,Precious Achiuwa,C,New York Knicks,Oklahoma City Thunder,5,1,-0.27,1.018,1.021,1.288,0.824,0.942
2025,Precious Achiuwa,C,New York Knicks,Cleveland Cavaliers,5,2,-0.27,0.96,0.69,1.23,0.832,0.746
2025,Precious Achiuwa,C,New York Knicks,Boston Celtics,5,3,-0.27,0.929,0.591,1.199,0.835,0.689
2025,Precious Achiuwa,C,New York Knicks,Houston Rockets,5,4,-0.27,0.807,0.107,1.078,0.851,0.405
2025,Quentin Grimes,SG,Philadelphia 76ers,Oklahoma City Thunder,26,1,1.127,1.265,3.024,0.138,0.98,2.206
2025,Quentin Grimes,SG,Philadelphia 76ers,Cleveland Cavaliers,26,2,1.127,1.342,2.693,0.215,0.968,2.003
2025,Quentin Grimes,SG,Philadelphia 76ers,Boston Celtics,26,3,1.127,0.808,2.594,0,1,1.957
2025,Quentin Grimes,SG,Philadelphia 76ers,Houston Rockets,26,4,1.127,0.724,2.11,0,1,1.666
2025,Quentin Grimes,SG,Dallas Mavericks,Oklahoma City Thunder,19,1,0.212,1.265,2.134,1.054,0.854,1.622
2025,Quentin Grimes,SG,Philadelphia 76ers,New York Knicks,26,5,1.127,0.807,2.003,0,1,1.602
2025,Quentin Grimes,SG,Philadelphia 76ers,Los Angeles Clippers,26,9,1.127,1.026,1.882,0,1,1.529
2025,Quentin Grimes,SG,Philadelphia 76ers,Indiana Pacers,26,6,1.127,0.275,1.844,0,1,1.506
2025,Quentin Grimes,SG,Philadelphia 76ers,Denver Nuggets,26,8,1.127,0.812,1.83,0,1,1.498
2025,Quentin Grimes,SG,Philadelphia 76ers,Minnesota Timberwolves,26,10,1.127,1.353,1.823,0.226,0.967,1.481
2025,Quentin Grimes,SG,Philadelphia 76ers,Los Angeles Lakers,26,7,1.127,1.047,1.752,0,1,1.451
2025,Quentin Grimes,SG,Dallas Mavericks,Cleveland Cavaliers,19,2,0.212,1.342,1.803,1.13,0.844,1.419
2025,Quentin Grimes,SG,Dallas Mavericks,Boston Celtics,19,3,0.212,0.808,1.705,0.596,0.914,1.389
2025,Quentin Grimes,SG,Philadelphia 76ers,Memphis Grizzlies,26,13,1.127,0.996,1.645,0,1,1.387
2025,Quentin Grimes,SG,Philadelphia 76ers,Golden State Warriors,26,12,1.127,0.448,1.63,0,1,1.378
2025,Quentin Grimes,SG,Philadelphia 76ers,Milwaukee Bucks,26,11,1.127,0.683,1.617,0,1,1.37
2025,Quentin Grimes,SG,Philadelphia 76ers,Detroit Pistons,26,14,1.127,2.249,1.38,1.122,0.845,1.166
2025,Quentin Grimes,SG,Philadelphia 76ers,Orlando Magic,26,15,1.127,0.142,1.199,0,1,1.12
2025,Quentin Grimes,SG,Dallas Mavericks,Houston Rockets,19,4,0.212,0.724,1.221,0.512,0.926,1.103
2025,Quentin Grimes,SG,Philadelphia 76ers,Sacramento Kings,26,17,1.127,0.908,1.073,0,1,1.044
2025,Quentin Grimes,SG,Dallas Mavericks,New York Knicks,19,5,0.212,0.807,1.113,0.595,0.915,1.034
2025,Quentin Grimes,SG,Philadelphia 76ers,Atlanta Hawks,26,16,1.127,1.001,1.041,0,1,1.024
2025,Quentin Grimes,SG,Dallas Mavericks,Indiana Pacers,19,6,0.212,0.275,0.955,0.063,0.991,0.969
2025,Quentin Grimes,SG,Philadelphia 76ers,Chicago Bulls,26,18,1.127,0.842,0.919,0,1,0.951
2025,Quentin Grimes,SG,Dallas Mavericks,Los Angeles Clippers,19,9,0.212,1.026,0.992,0.814,0.885,0.949
2025,Quentin Grimes,SG,Philadelphia 76ers,Miami Heat,26,20,1.127,1.223,0.915,0.096,0.986,0.943
2025,Quentin Grimes,SG,Dallas Mavericks,Denver Nuggets,19,8,0.212,0.812,0.941,0.6,0.914,0.93
2025,Quentin Grimes,SG,Philadelphia 76ers,Dallas Mavericks,26,19,1.127,1.335,0.89,0.208,0.969,0.921
2025,Quentin Grimes,SG,Dallas Mavericks,Minnesota Timberwolves,19,10,0.212,1.353,0.933,1.142,0.843,0.897
2025,Quentin Grimes,SG,Dallas Mavericks,Los Angeles Lakers,19,7,0.212,1.047,0.863,0.835,0.882,0.871
2025,Quentin Grimes,SG,Dallas Mavericks,Golden State Warriors,19,12,0.212,0.448,0.74,0.236,0.965,0.83
2025,Quentin Grimes,SG,Dallas Mavericks,Milwaukee Bucks,19,11,0.212,0.683,0.728,0.471,0.932,0.809
2025,Quentin Grimes,SG,Dallas Mavericks,Memphis Grizzlies,19,13,0.212,0.996,0.756,0.784,0.889,0.809
2025,Quentin Grimes,SG,Philadelphia 76ers,Portland Trail Blazers,26,22,1.127,0.782,0.624,0,1,0.774
2025,Quentin Grimes,SG,Philadelphia 76ers,Phoenix Suns,26,21,1.127,1.298,0.62,0.171,0.975,0.762
2025,Quentin Grimes,SG,Philadelphia 76ers,San Antonio Spurs,26,23,1.127,0.668,0.526,0,1,0.716
2025,Quentin Grimes,SG,Philadelphia 76ers,Toronto Raptors,26,24,1.127,0.479,0.343,0,1,0.606
2025,Quentin Grimes,SG,Dallas Mavericks,Detroit Pistons,19,14,0.212,2.249,0.49,2.037,0.737,0.589
2025,Quentin Grimes,SG,Dallas Mavericks,Orlando Magic,19,15,0.212,0.142,0.31,0,1,0.586
2025,Quentin Grimes,SG,Dallas Mavericks,Sacramento Kings,19,17,0.212,0.908,0.183,0.697,0.901,0.47
2025,Quentin Grimes,SG,Dallas Mavericks,Atlanta Hawks,19,16,0.212,1.001,0.151,0.789,0.888,0.446
2025,Quentin Grimes,SG,Philadelphia 76ers,Brooklyn Nets,26,25,1.127,0.95,0.058,0,1,0.435
2025,Quentin Grimes,SG,Dallas Mavericks,Chicago Bulls,19,18,0.212,0.842,0.029,0.63,0.91,0.382
2025,Quentin Grimes,SG,Dallas Mavericks,Miami Heat,19,20,0.212,1.223,0.026,1.012,0.859,0.359
2025,Quenton Jackson,PG,Indiana Pacers,Oklahoma City Thunder,6,1,-0.132,1.646,1.18,1.778,0.766,1.014
2025,Quenton Jackson,PG,Indiana Pacers,Cleveland Cavaliers,6,2,-0.132,0.908,0.849,1.04,0.856,0.851
2025,Quenton Jackson,PG,Indiana Pacers,Boston Celtics,6,3,-0.132,0.432,0.75,0.564,0.919,0.818
2025,Quenton Jackson,PG,Indiana Pacers,Houston Rockets,6,4,-0.132,0.457,0.266,0.589,0.915,0.526
2025,Quenton Jackson,PG,Indiana Pacers,New York Knicks,6,5,-0.132,1.105,0.159,1.237,0.831,0.428
2025,Quenton Jackson,PG,Indiana Pacers,Los Angeles Clippers,6,9,-0.132,1.03,0.038,1.162,0.84,0.359
2025,Quincy Olivari,PG,Los Angeles Lakers,Oklahoma City Thunder,7,1,-1.482,1.646,1.271,3.128,0.626,1.013
2025,Quincy Olivari,PG,Los Angeles Lakers,Cleveland Cavaliers,7,2,-1.482,0.908,0.94,2.39,0.699,0.844
2025,Quincy Olivari,PG,Los Angeles Lakers,Boston Celtics,7,3,-1.482,0.432,0.842,1.914,0.75,0.805
2025,Quincy Olivari,PG,Los Angeles Lakers,Houston Rockets,7,4,-1.482,0.457,0.358,1.939,0.748,0.514
2025,Quincy Olivari,PG,Los Angeles Lakers,New York Knicks,7,5,-1.482,1.105,0.251,2.587,0.678,0.422
2025,Quincy Olivari,PG,Los Angeles Lakers,Minnesota Timberwolves,7,10,-1.482,0.2,0.071,1.682,0.777,0.353
2025,Quincy Olivari,PG,Los Angeles Lakers,Los Angeles Clippers,7,9,-1.482,1.03,0.13,2.512,0.686,0.352
2025,Quincy Olivari,PG,Los Angeles Lakers,Denver Nuggets,7,8,-1.482,0.822,0.078,2.304,0.708,0.33
2025,Quincy Olivari,PG,Los Angeles Lakers,Indiana Pacers,7,6,-1.482,1.379,0.092,2.861,0.651,0.316
2025,Quinten Post,PF,Golden State Warriors,Oklahoma City Thunder,12,1,-0.086,0.795,1.394,0.881,0.876,1.187
2025,Quinten Post,PF,Golden State Warriors,Cleveland Cavaliers,12,2,-0.086,1.717,1.063,1.803,0.763,0.943
2025,Quinten Post,PF,Golden State Warriors,Boston Celtics,12,3,-0.086,1.509,0.964,1.595,0.787,0.894
2025,Quinten Post,PF,Golden State Warriors,Houston Rockets,12,4,-0.086,0.863,0.481,0.949,0.867,0.635
2025,Quinten Post,PF,Golden State Warriors,New York Knicks,12,5,-0.086,0.825,0.373,0.912,0.872,0.573
2025,Quinten Post,PF,Golden State Warriors,Los Angeles Clippers,12,9,-0.086,-0.25,0.252,0,1,0.551
2025,Quinten Post,PF,Golden State Warriors,Denver Nuggets,12,8,-0.086,0.4,0.2,0.486,0.93,0.492
2025,Quinten Post,PF,Golden State Warriors,Indiana Pacers,12,6,-0.086,0.96,0.214,1.046,0.855,0.471
2025,Quinten Post,PF,Golden State Warriors,Minnesota Timberwolves,12,10,-0.086,0.731,0.193,0.817,0.885,0.47
2025,Quinten Post,PF,Golden State Warriors,Los Angeles Lakers,12,7,-0.086,0.286,0.123,0.373,0.946,0.452
2025,Quinten Post,PF,Golden State Warriors,Memphis Grizzlies,12,13,-0.086,0.525,0.016,0.611,0.912,0.374
2025,Rayan Rupert,SG,Portland Trail Blazers,Oklahoma City Thunder,22,1,-0.598,1.265,2.4,1.863,0.756,1.742
2025,Rayan Rupert,SG,Portland Trail Blazers,Cleveland Cavaliers,22,2,-0.598,1.342,2.069,1.94,0.748,1.54
2025,Rayan Rupert,SG,Portland Trail Blazers,Boston Celtics,22,3,-0.598,0.808,1.97,1.406,0.81,1.506
2025,Rayan Rupert,SG,Portland Trail Blazers,Houston Rockets,22,4,-0.598,0.724,1.487,1.322,0.82,1.22
2025,Rayan Rupert,SG,Portland Trail Blazers,New York Knicks,22,5,-0.598,0.807,1.379,1.405,0.81,1.152
2025,Rayan Rupert,SG,Portland Trail Blazers,Indiana Pacers,22,6,-0.598,0.275,1.22,0.873,0.877,1.083
2025,Rayan Rupert,SG,Portland Trail Blazers,Los Angeles Clippers,22,9,-0.598,1.026,1.258,1.624,0.784,1.068
2025,Rayan Rupert,SG,Portland Trail Blazers,Denver Nuggets,22,8,-0.598,0.812,1.206,1.41,0.809,1.048
2025,Rayan Rupert,SG,Portland Trail Blazers,Minnesota Timberwolves,22,10,-0.598,1.353,1.199,1.951,0.746,1.018
2025,Rayan Rupert,SG,Portland Trail Blazers,Los Angeles Lakers,22,7,-0.598,1.047,1.129,1.645,0.781,0.99
2025,Rayan Rupert,SG,Portland Trail Blazers,Golden State Warriors,22,12,-0.598,0.448,1.006,1.046,0.855,0.946
2025,Rayan Rupert,SG,Portland Trail Blazers,Memphis Grizzlies,22,13,-0.598,0.996,1.022,1.594,0.787,0.928
2025,Rayan Rupert,SG,Portland Trail Blazers,Milwaukee Bucks,22,11,-0.598,0.683,0.993,1.281,0.825,0.926
2025,Rayan Rupert,SG,Portland Trail Blazers,Detroit Pistons,22,14,-0.598,2.249,0.756,2.847,0.652,0.715
2025,Rayan Rupert,SG,Portland Trail Blazers,Orlando Magic,22,15,-0.598,0.142,0.576,0.74,0.895,0.703
2025,Rayan Rupert,SG,Portland Trail Blazers,Sacramento Kings,22,17,-0.598,0.908,0.449,1.506,0.798,0.588
2025,Rayan Rupert,SG,Portland Trail Blazers,Atlanta Hawks,22,16,-0.598,1.001,0.417,1.599,0.787,0.565
2025,Rayan Rupert,SG,Portland Trail Blazers,Chicago Bulls,22,18,-0.598,0.842,0.295,1.44,0.806,0.499
2025,Rayan Rupert,SG,Portland Trail Blazers,Miami Heat,22,20,-0.598,1.223,0.292,1.821,0.761,0.479
2025,Rayan Rupert,SG,Portland Trail Blazers,Dallas Mavericks,22,19,-0.598,1.335,0.266,1.933,0.748,0.459
2025,RayJ Dennis,PG,Indiana Pacers,Oklahoma City Thunder,6,1,-0.448,1.646,1.18,2.094,0.73,1
2025,RayJ Dennis,PG,Indiana Pacers,Cleveland Cavaliers,6,2,-0.448,0.908,0.849,1.356,0.816,0.836
2025,RayJ Dennis,PG,Indiana Pacers,Boston Celtics,6,3,-0.448,0.432,0.75,0.879,0.876,0.801
2025,RayJ Dennis,PG,Indiana Pacers,Houston Rockets,6,4,-0.448,0.457,0.266,0.904,0.873,0.509
2025,RayJ Dennis,PG,Indiana Pacers,New York Knicks,6,5,-0.448,1.105,0.159,1.553,0.792,0.412
2025,RayJ Dennis,PG,Indiana Pacers,Los Angeles Clippers,6,9,-0.448,1.03,0.038,1.477,0.801,0.343
2025,Reece Beekman,PG,Brooklyn Nets,Oklahoma City Thunder,25,1,-0.648,1.646,2.966,2.294,0.709,2.063
2025,Reece Beekman,PG,Brooklyn Nets,Cleveland Cavaliers,25,2,-0.648,0.908,2.635,1.556,0.792,1.897
2025,Reece Beekman,PG,Brooklyn Nets,Boston Celtics,25,3,-0.648,0.432,2.536,1.08,0.85,1.862
2025,Reece Beekman,PG,Brooklyn Nets,Houston Rockets,25,4,-0.648,0.457,2.052,1.105,0.847,1.57
2025,Reece Beekman,PG,Brooklyn Nets,New York Knicks,25,5,-0.648,1.105,1.945,1.753,0.769,1.474
2025,Reece Beekman,PG,Brooklyn Nets,Minnesota Timberwolves,25,10,-0.648,0.2,1.765,0.848,0.881,1.411
2025,Reece Beekman,PG,Brooklyn Nets,Los Angeles Clippers,25,9,-0.648,1.03,1.824,1.678,0.777,1.405
2025,Reece Beekman,PG,Brooklyn Nets,Denver Nuggets,25,8,-0.648,0.822,1.772,1.47,0.802,1.384
2025,Reece Beekman,PG,Brooklyn Nets,Indiana Pacers,25,6,-0.648,1.379,1.786,2.027,0.738,1.367
2025,Reece Beekman,PG,Brooklyn Nets,Los Angeles Lakers,25,7,-0.648,1.252,1.694,1.901,0.752,1.317
2025,Reece Beekman,PG,Brooklyn Nets,Memphis Grizzlies,25,13,-0.648,0.849,1.587,1.497,0.799,1.272
2025,Reece Beekman,PG,Brooklyn Nets,Golden State Warriors,25,12,-0.648,1.025,1.572,1.673,0.778,1.254
2025,Reece Beekman,PG,Brooklyn Nets,Milwaukee Bucks,25,11,-0.648,1.065,1.559,1.713,0.773,1.245
2025,Reece Beekman,PG,Golden State Warriors,Oklahoma City Thunder,12,1,1.025,1.646,1.394,0.621,0.911,1.201
2025,Reece Beekman,PG,Brooklyn Nets,Detroit Pistons,25,14,-0.648,1.099,1.322,1.747,0.769,1.101
2025,Reece Beekman,PG,Golden State Warriors,Cleveland Cavaliers,12,2,1.025,0.908,1.063,0,1,1.038
2025,Reece Beekman,PG,Brooklyn Nets,Orlando Magic,25,15,-0.648,0.182,1.141,0.83,0.883,1.038
2025,Reece Beekman,PG,Golden State Warriors,Boston Celtics,12,3,1.025,0.432,0.964,0,1,0.979
2025,Reece Beekman,PG,Brooklyn Nets,Sacramento Kings,25,17,-0.648,0.871,1.015,1.52,0.796,0.927
2025,Reece Beekman,PG,Brooklyn Nets,Atlanta Hawks,25,16,-0.648,1.258,0.983,1.906,0.751,0.89
2025,Reece Beekman,PG,Brooklyn Nets,Miami Heat,25,20,-0.648,0.39,0.857,1.039,0.856,0.857
2025,Reece Beekman,PG,Brooklyn Nets,Chicago Bulls,25,18,-0.648,0.694,0.861,1.343,0.818,0.844
2025,Reece Beekman,PG,Brooklyn Nets,Dallas Mavericks,25,19,-0.648,1.413,0.831,2.061,0.734,0.793
2025,Reece Beekman,PG,Brooklyn Nets,Portland Trail Blazers,25,22,-0.648,0.141,0.566,0.789,0.888,0.695
2025,Reece Beekman,PG,Golden State Warriors,Houston Rockets,12,4,1.025,0.457,0.481,0,1,0.688
2025,Reece Beekman,PG,Brooklyn Nets,Phoenix Suns,25,21,-0.648,0.387,0.562,1.036,0.856,0.679
2025,Reece Beekman,PG,Golden State Warriors,New York Knicks,12,5,1.025,1.105,0.373,0.08,0.988,0.619
2025,Reece Beekman,PG,Brooklyn Nets,San Antonio Spurs,25,23,-0.648,0.766,0.468,1.415,0.809,0.605
2025,Reece Beekman,PG,Golden State Warriors,Los Angeles Clippers,12,9,1.025,1.03,0.252,0.005,0.999,0.551
2025,Reece Beekman,PG,Golden State Warriors,Denver Nuggets,12,8,1.025,0.822,0.2,0,1,0.52
2025,Reece Beekman,PG,Golden State Warriors,Minnesota Timberwolves,12,10,1.025,0.2,0.193,0,1,0.516
2025,Reece Beekman,PG,Golden State Warriors,Indiana Pacers,12,6,1.025,1.379,0.214,0.354,0.948,0.508
2025,Reece Beekman,PG,Brooklyn Nets,Toronto Raptors,25,24,-0.648,0.562,0.285,1.21,0.834,0.504
2025,Reece Beekman,PG,Golden State Warriors,Los Angeles Lakers,12,7,1.025,1.252,0.123,0.228,0.966,0.46
2025,Reece Beekman,PG,Golden State Warriors,Memphis Grizzlies,12,13,1.025,0.849,0.016,0,1,0.409
2025,Reed Sheppard,PG,Houston Rockets,Oklahoma City Thunder,4,1,-0.517,1.646,0.913,2.163,0.723,0.837
2025,Reed Sheppard,PG,Houston Rockets,Cleveland Cavaliers,4,2,-0.517,0.908,0.582,1.425,0.808,0.672
2025,Reed Sheppard,PG,Houston Rockets,Boston Celtics,4,3,-0.517,0.432,0.484,0.948,0.867,0.637
2025,Reggie Jackson,PG,Philadelphia 76ers,Oklahoma City Thunder,26,1,-0.484,1.646,3.024,2.13,0.726,2.105
2025,Reggie Jackson,PG,Philadelphia 76ers,Cleveland Cavaliers,26,2,-0.484,0.908,2.693,1.392,0.812,1.94
2025,Reggie Jackson,PG,Philadelphia 76ers,Boston Celtics,26,3,-0.484,0.432,2.594,0.916,0.872,1.905
2025,Reggie Jackson,PG,Philadelphia 76ers,Houston Rockets,26,4,-0.484,0.457,2.11,0.941,0.868,1.614
2025,Reggie Jackson,PG,Philadelphia 76ers,New York Knicks,26,5,-0.484,1.105,2.003,1.589,0.788,1.517
2025,Reggie Jackson,PG,Philadelphia 76ers,Minnesota Timberwolves,26,10,-0.484,0.2,1.823,0.684,0.902,1.455
2025,Reggie Jackson,PG,Philadelphia 76ers,Los Angeles Clippers,26,9,-0.484,1.03,1.882,1.514,0.797,1.448
2025,Reggie Jackson,PG,Philadelphia 76ers,Denver Nuggets,26,8,-0.484,0.822,1.83,1.306,0.822,1.427
2025,Reggie Jackson,PG,Philadelphia 76ers,Indiana Pacers,26,6,-0.484,1.379,1.844,1.863,0.756,1.409
2025,Reggie Jackson,PG,Philadelphia 76ers,Los Angeles Lakers,26,7,-0.484,1.252,1.752,1.737,0.771,1.36
2025,Reggie Jackson,PG,Philadelphia 76ers,Memphis Grizzlies,26,13,-0.484,0.849,1.645,1.333,0.819,1.315
2025,Reggie Jackson,PG,Philadelphia 76ers,Golden State Warriors,26,12,-0.484,1.025,1.63,1.509,0.797,1.297
2025,Reggie Jackson,PG,Philadelphia 76ers,Milwaukee Bucks,26,11,-0.484,1.065,1.617,1.549,0.793,1.287
2025,Reggie Jackson,PG,Philadelphia 76ers,Detroit Pistons,26,14,-0.484,1.099,1.38,1.583,0.789,1.143
2025,Reggie Jackson,PG,Philadelphia 76ers,Orlando Magic,26,15,-0.484,0.182,1.199,0.666,0.905,1.082
2025,Reggie Jackson,PG,Philadelphia 76ers,Sacramento Kings,26,17,-0.484,0.871,1.073,1.356,0.816,0.97
2025,Reggie Jackson,PG,Philadelphia 76ers,Atlanta Hawks,26,16,-0.484,1.258,1.041,1.742,0.77,0.932
2025,Reggie Jackson,PG,Philadelphia 76ers,Miami Heat,26,20,-0.484,0.39,0.915,0.875,0.877,0.9
2025,Reggie Jackson,PG,Philadelphia 76ers,Chicago Bulls,26,18,-0.484,0.694,0.919,1.179,0.838,0.887
2025,Reggie Jackson,PG,Philadelphia 76ers,Dallas Mavericks,26,19,-0.484,1.413,0.89,1.897,0.752,0.835
2025,Reggie Jackson,PG,Philadelphia 76ers,Portland Trail Blazers,26,22,-0.484,0.141,0.624,0.625,0.911,0.738
2025,Reggie Jackson,PG,Philadelphia 76ers,Phoenix Suns,26,21,-0.484,0.387,0.62,0.871,0.877,0.723
2025,Reggie Jackson,PG,Philadelphia 76ers,San Antonio Spurs,26,23,-0.484,0.766,0.526,1.251,0.829,0.647
2025,Reggie Jackson,PG,Philadelphia 76ers,Toronto Raptors,26,24,-0.484,0.562,0.343,1.046,0.855,0.548
2025,Reggie Jackson,PG,Philadelphia 76ers,Brooklyn Nets,26,25,-0.484,0.658,0.058,1.142,0.843,0.372
2025,Richaun Holmes,PF,Washington Wizards,Oklahoma City Thunder,29,1,0.436,0.795,3.577,0.359,0.948,2.525
2025,Richaun Holmes,PF,Washington Wizards,Cleveland Cavaliers,29,2,0.436,1.717,3.246,1.281,0.825,2.278
2025,Richaun Holmes,PF,Washington Wizards,Boston Celtics,29,3,0.436,1.509,3.148,1.072,0.851,2.229
2025,Richaun Holmes,PF,Washington Wizards,Houston Rockets,29,4,0.436,0.863,2.664,0.427,0.938,1.974
2025,Richaun Holmes,PF,Washington Wizards,New York Knicks,29,5,0.436,0.825,2.557,0.389,0.943,1.911
2025,Richaun Holmes,PF,Washington Wizards,Los Angeles Clippers,29,9,0.436,-0.25,2.436,0,1,1.861
2025,Richaun Holmes,PF,Washington Wizards,Denver Nuggets,29,8,0.436,0.4,2.384,0,1,1.83
2025,Richaun Holmes,PF,Washington Wizards,Minnesota Timberwolves,29,10,0.436,0.731,2.377,0.295,0.957,1.809
2025,Richaun Holmes,PF,Washington Wizards,Indiana Pacers,29,6,0.436,0.96,2.398,0.523,0.925,1.808
2025,Richaun Holmes,PF,Washington Wizards,Los Angeles Lakers,29,7,0.436,0.286,2.306,0,1,1.784
2025,Richaun Holmes,PF,Washington Wizards,Memphis Grizzlies,29,13,0.436,0.525,2.199,0.088,0.987,1.714
2025,Richaun Holmes,PF,Washington Wizards,Golden State Warriors,29,12,0.436,0.698,2.183,0.261,0.962,1.695
2025,Richaun Holmes,PF,Washington Wizards,Milwaukee Bucks,29,11,0.436,2.524,2.171,2.088,0.731,1.595
2025,Richaun Holmes,PF,Washington Wizards,Detroit Pistons,29,14,0.436,0.573,1.933,0.137,0.98,1.552
2025,Richaun Holmes,PF,Washington Wizards,Orlando Magic,29,15,0.436,1.217,1.753,0.781,0.889,1.408
2025,Richaun Holmes,PF,Washington Wizards,Sacramento Kings,29,17,0.436,0.523,1.626,0.087,0.987,1.371
2025,Richaun Holmes,PF,Washington Wizards,Atlanta Hawks,29,16,0.436,0.235,1.594,0,1,1.357
2025,Richaun Holmes,PF,Washington Wizards,Chicago Bulls,29,18,0.436,0.411,1.473,0,1,1.284
2025,Richaun Holmes,PF,Washington Wizards,Miami Heat,29,20,0.436,0.861,1.469,0.425,0.938,1.257
2025,Richaun Holmes,PF,Washington Wizards,Dallas Mavericks,29,19,0.436,1.939,1.443,1.502,0.798,1.185
2025,Richaun Holmes,PF,Washington Wizards,Portland Trail Blazers,29,22,0.436,0.482,1.177,0.045,0.993,1.104
2025,Richaun Holmes,PF,Washington Wizards,Phoenix Suns,29,21,0.436,1.486,1.173,1.05,0.854,1.046
2025,Richaun Holmes,PF,Washington Wizards,San Antonio Spurs,29,23,0.436,0.484,1.08,0.047,0.993,1.045
2025,Richaun Holmes,PF,Washington Wizards,Toronto Raptors,29,24,0.436,1.283,0.897,0.847,0.881,0.89
2025,Richaun Holmes,PF,Washington Wizards,Brooklyn Nets,29,25,0.436,0.624,0.612,0.187,0.972,0.756
2025,Richaun Holmes,PF,Washington Wizards,Philadelphia 76ers,29,26,0.436,0.711,0.554,0.275,0.96,0.716
2025,Richaun Holmes,PF,Washington Wizards,Charlotte Hornets,29,28,0.436,0.956,0.228,0.52,0.925,0.507
2025,Richaun Holmes,PF,Washington Wizards,New Orleans Pelicans,29,27,0.436,1.672,0.276,1.235,0.831,0.498
2025,Richaun Holmes,PF,Washington Wizards,Utah Jazz,29,30,0.436,1.224,0.073,0.787,0.889,0.399
2025,Ricky Council IV,SF,Philadelphia 76ers,Oklahoma City Thunder,26,1,-0.225,0.332,3.024,0.557,0.92,2.182
2025,Ricky Council IV,SF,Philadelphia 76ers,Cleveland Cavaliers,26,2,-0.225,0.475,2.693,0.7,0.9,1.976
2025,Ricky Council IV,SF,Philadelphia 76ers,Boston Celtics,26,3,-0.225,1.283,2.594,1.509,0.797,1.876
2025,Ricky Council IV,SF,Philadelphia 76ers,Houston Rockets,26,4,-0.225,1.573,2.11,1.798,0.764,1.572
2025,Ricky Council IV,SF,Philadelphia 76ers,New York Knicks,26,5,-0.225,0.764,2.003,0.99,0.862,1.547
2025,Ricky Council IV,SF,Philadelphia 76ers,Minnesota Timberwolves,26,10,-0.225,-0.433,1.823,0,1,1.494
2025,Ricky Council IV,SF,Philadelphia 76ers,Indiana Pacers,26,6,-0.225,0.534,1.844,0.759,0.892,1.463
2025,Ricky Council IV,SF,Philadelphia 76ers,Los Angeles Clippers,26,9,-0.225,1.392,1.882,1.617,0.785,1.443
2025,Ricky Council IV,SF,Philadelphia 76ers,Denver Nuggets,26,8,-0.225,0.927,1.83,1.152,0.841,1.435
2025,Ricky Council IV,SF,Philadelphia 76ers,Los Angeles Lakers,26,7,-0.225,2.119,1.752,2.344,0.704,1.333
2025,Ricky Council IV,SF,Philadelphia 76ers,Milwaukee Bucks,26,11,-0.225,0.667,1.617,0.893,0.875,1.32
2025,Ricky Council IV,SF,Philadelphia 76ers,Golden State Warriors,26,12,-0.225,1.484,1.63,1.709,0.774,1.287
2025,Ricky Council IV,SF,Philadelphia 76ers,Detroit Pistons,26,14,-0.225,0.84,1.38,1.065,0.852,1.169
2025,Ricky Council IV,SF,Philadelphia 76ers,Orlando Magic,26,15,-0.225,1.486,1.199,1.711,0.774,1.029
2025,Ricky Council IV,SF,Philadelphia 76ers,Sacramento Kings,26,17,-0.225,1.064,1.073,1.289,0.824,0.973
2025,Ricky Council IV,SF,Philadelphia 76ers,Atlanta Hawks,26,16,-0.225,1.882,1.041,2.107,0.729,0.916
2025,Ricky Council IV,SF,Philadelphia 76ers,Dallas Mavericks,26,19,-0.225,0.6,0.89,0.825,0.884,0.887
2025,Ricky Council IV,SF,Philadelphia 76ers,Miami Heat,26,20,-0.225,1.143,0.915,1.368,0.814,0.875
2025,Ricky Council IV,SF,Philadelphia 76ers,Chicago Bulls,26,18,-0.225,1.234,0.919,1.46,0.803,0.873
2025,Ricky Council IV,SF,Philadelphia 76ers,Phoenix Suns,26,21,-0.225,0.395,0.62,0.621,0.911,0.736
2025,Ricky Council IV,SF,Philadelphia 76ers,Portland Trail Blazers,26,22,-0.225,1.194,0.624,1.419,0.808,0.698
2025,Ricky Council IV,SF,Philadelphia 76ers,San Antonio Spurs,26,23,-0.225,0.392,0.526,0.618,0.912,0.68
2025,Ricky Council IV,SF,Philadelphia 76ers,Toronto Raptors,26,24,-0.225,1.249,0.343,1.474,0.802,0.526
2025,Ricky Council IV,SF,Philadelphia 76ers,Brooklyn Nets,26,25,-0.225,0.258,0.058,0.483,0.93,0.407
2025,Riley Minix,SF,San Antonio Spurs,Oklahoma City Thunder,23,1,-1.477,0.332,2.497,1.808,0.762,1.803
2025,Riley Minix,SF,San Antonio Spurs,Cleveland Cavaliers,23,2,-1.477,0.475,2.166,1.951,0.746,1.598
2025,Riley Minix,SF,San Antonio Spurs,Boston Celtics,23,3,-1.477,1.283,2.068,2.76,0.661,1.505
2025,Riley Minix,SF,San Antonio Spurs,Houston Rockets,23,4,-1.477,1.573,1.584,3.05,0.633,1.204
2025,Riley Minix,SF,San Antonio Spurs,New York Knicks,23,5,-1.477,0.764,1.477,2.241,0.715,1.172
2025,Riley Minix,SF,San Antonio Spurs,Minnesota Timberwolves,23,10,-1.477,-0.433,1.297,1.043,0.855,1.12
2025,Riley Minix,SF,San Antonio Spurs,Indiana Pacers,23,6,-1.477,0.534,1.318,2.011,0.74,1.086
2025,Riley Minix,SF,San Antonio Spurs,Los Angeles Clippers,23,9,-1.477,1.392,1.355,2.868,0.65,1.073
2025,Riley Minix,SF,San Antonio Spurs,Denver Nuggets,23,8,-1.477,0.927,1.304,2.403,0.697,1.061
2025,Riley Minix,SF,San Antonio Spurs,Los Angeles Lakers,23,7,-1.477,2.119,1.226,3.595,0.583,0.969
2025,Riley Minix,SF,San Antonio Spurs,Milwaukee Bucks,23,11,-1.477,0.667,1.091,2.144,0.725,0.944
2025,Riley Minix,SF,San Antonio Spurs,Golden State Warriors,23,12,-1.477,1.484,1.103,2.961,0.641,0.919
2025,Riley Minix,SF,San Antonio Spurs,Detroit Pistons,23,14,-1.477,0.84,0.853,2.316,0.706,0.795
2025,Riley Minix,SF,San Antonio Spurs,Orlando Magic,23,15,-1.477,1.486,0.673,2.963,0.641,0.66
2025,Riley Minix,SF,San Antonio Spurs,Sacramento Kings,23,17,-1.477,1.064,0.546,2.54,0.683,0.601
2025,Riley Minix,SF,San Antonio Spurs,Atlanta Hawks,23,16,-1.477,1.882,0.514,3.359,0.604,0.55
2025,Riley Minix,SF,San Antonio Spurs,Dallas Mavericks,23,19,-1.477,0.6,0.363,2.076,0.732,0.511
2025,Riley Minix,SF,San Antonio Spurs,Miami Heat,23,20,-1.477,1.143,0.389,2.619,0.675,0.503
2025,Riley Minix,SF,San Antonio Spurs,Chicago Bulls,23,18,-1.477,1.234,0.393,2.711,0.666,0.502
2025,Riley Minix,SF,San Antonio Spurs,Phoenix Suns,23,21,-1.477,0.395,0.093,1.872,0.755,0.358
2025,Riley Minix,SF,San Antonio Spurs,Portland Trail Blazers,23,22,-1.477,1.194,0.097,2.67,0.67,0.326
2025,RJ Barrett,SF,Toronto Raptors,Oklahoma City Thunder,24,1,1.249,0.332,2.681,0,1,2.008
2025,RJ Barrett,SF,Toronto Raptors,Cleveland Cavaliers,24,2,1.249,0.475,2.35,0,1,1.81
2025,RJ Barrett,SF,Toronto Raptors,Boston Celtics,24,3,1.249,1.283,2.251,0.035,0.995,1.749
2025,RJ Barrett,SF,Toronto Raptors,Houston Rockets,24,4,1.249,1.573,1.768,0.324,0.953,1.442
2025,RJ Barrett,SF,Toronto Raptors,New York Knicks,24,5,1.249,0.764,1.66,0,1,1.396
2025,RJ Barrett,SF,Toronto Raptors,Los Angeles Clippers,24,9,1.249,1.392,1.539,0.143,0.979,1.315
2025,RJ Barrett,SF,Toronto Raptors,Indiana Pacers,24,6,1.249,0.534,1.501,0,1,1.301
2025,RJ Barrett,SF,Toronto Raptors,Denver Nuggets,24,8,1.249,0.927,1.487,0,1,1.292
2025,RJ Barrett,SF,Toronto Raptors,Minnesota Timberwolves,24,10,1.249,-0.433,1.48,0,1,1.288
2025,RJ Barrett,SF,Toronto Raptors,Los Angeles Lakers,24,7,1.249,2.119,1.409,0.87,0.878,1.197
2025,RJ Barrett,SF,Toronto Raptors,Milwaukee Bucks,24,11,1.249,0.667,1.274,0,1,1.165
2025,RJ Barrett,SF,Toronto Raptors,Golden State Warriors,24,12,1.249,1.484,1.287,0.235,0.965,1.158
2025,RJ Barrett,SF,Toronto Raptors,Detroit Pistons,24,14,1.249,0.84,1.037,0,1,1.022
2025,RJ Barrett,SF,Toronto Raptors,Orlando Magic,24,15,1.249,1.486,0.856,0.237,0.965,0.9
2025,RJ Barrett,SF,Toronto Raptors,Sacramento Kings,24,17,1.249,1.064,0.73,0,1,0.838
2025,RJ Barrett,SF,Toronto Raptors,Atlanta Hawks,24,16,1.249,1.882,0.698,0.633,0.909,0.782
2025,RJ Barrett,SF,Toronto Raptors,Chicago Bulls,24,18,1.249,1.234,0.576,0,1,0.746
2025,RJ Barrett,SF,Toronto Raptors,Miami Heat,24,20,1.249,1.143,0.572,0,1,0.743
2025,RJ Barrett,SF,Toronto Raptors,Dallas Mavericks,24,19,1.249,0.6,0.547,0,1,0.728
2025,RJ Barrett,SF,Toronto Raptors,Portland Trail Blazers,24,22,1.249,1.194,0.281,0,1,0.569
2025,RJ Barrett,SF,Toronto Raptors,Phoenix Suns,24,21,1.249,0.395,0.277,0,1,0.566
2025,RJ Barrett,SF,Toronto Raptors,San Antonio Spurs,24,23,1.249,0.392,0.184,0,1,0.51
2025,Rob Dillingham,PG,Minnesota Timberwolves,Oklahoma City Thunder,10,1,-0.467,1.646,1.201,2.113,0.728,1.012
2025,Rob Dillingham,PG,Minnesota Timberwolves,Cleveland Cavaliers,10,2,-0.467,0.908,0.87,1.375,0.814,0.847
2025,Rob Dillingham,PG,Minnesota Timberwolves,Boston Celtics,10,3,-0.467,0.432,0.771,0.899,0.874,0.812
2025,Rob Dillingham,PG,Minnesota Timberwolves,Houston Rockets,10,4,-0.467,0.457,0.287,0.924,0.871,0.521
2025,Rob Dillingham,PG,Minnesota Timberwolves,New York Knicks,10,5,-0.467,1.105,0.18,1.572,0.79,0.424
2025,Rob Dillingham,PG,Minnesota Timberwolves,Los Angeles Clippers,10,9,-0.467,1.03,0.059,1.497,0.799,0.355
2025,Rob Dillingham,PG,Minnesota Timberwolves,Denver Nuggets,10,8,-0.467,0.822,0.007,1.289,0.824,0.334
2025,Rob Dillingham,PG,Minnesota Timberwolves,Indiana Pacers,10,6,-0.467,1.379,0.021,1.846,0.758,0.316
2025,Robert Williams,C,Portland Trail Blazers,Oklahoma City Thunder,22,1,0.506,1.018,2.4,0.511,0.926,1.81
2025,Robert Williams,C,Portland Trail Blazers,Cleveland Cavaliers,22,2,0.506,0.96,2.069,0.454,0.934,1.615
2025,Robert Williams,C,Portland Trail Blazers,Boston Celtics,22,3,0.506,0.929,1.97,0.423,0.939,1.558
2025,Robert Williams,C,Portland Trail Blazers,Houston Rockets,22,4,0.506,0.807,1.487,0.301,0.956,1.274
2025,Robert Williams,C,Portland Trail Blazers,New York Knicks,22,5,0.506,1.332,1.379,0.826,0.883,1.181
2025,Robert Williams,C,Portland Trail Blazers,Indiana Pacers,22,6,0.506,0.754,1.22,0.248,0.963,1.118
2025,Robert Williams,C,Portland Trail Blazers,Los Angeles Clippers,22,9,0.506,1.266,1.258,0.76,0.892,1.112
2025,Robert Williams,C,Portland Trail Blazers,Minnesota Timberwolves,22,10,0.506,1.008,1.199,0.501,0.928,1.091
2025,Robert Williams,C,Portland Trail Blazers,Denver Nuggets,22,8,0.506,1.827,1.206,1.321,0.82,1.052
2025,Robert Williams,C,Portland Trail Blazers,Golden State Warriors,22,12,0.506,-0.087,1.006,0,1,1.004
2025,Robert Williams,C,Portland Trail Blazers,Los Angeles Lakers,22,7,0.506,1.908,1.129,1.402,0.81,1.001
2025,Robert Williams,C,Portland Trail Blazers,Memphis Grizzlies,22,13,0.506,0.773,1.022,0.267,0.961,0.997
2025,Robert Williams,C,Portland Trail Blazers,Milwaukee Bucks,22,11,0.506,0.498,0.993,0,1,0.996
2025,Robert Williams,C,Portland Trail Blazers,Detroit Pistons,22,14,0.506,0.988,0.756,0.481,0.93,0.826
2025,Robert Williams,C,Portland Trail Blazers,Orlando Magic,22,15,0.506,0.455,0.576,0,1,0.745
2025,Robert Williams,C,Portland Trail Blazers,Atlanta Hawks,22,16,0.506,0.616,0.417,0.11,0.984,0.644
2025,Robert Williams,C,Portland Trail Blazers,Sacramento Kings,22,17,0.506,1.198,0.449,0.692,0.901,0.63
2025,Robert Williams,C,Portland Trail Blazers,Miami Heat,22,20,0.506,0.612,0.292,0.106,0.984,0.569
2025,Robert Williams,C,Portland Trail Blazers,Chicago Bulls,22,18,0.506,0.827,0.295,0.32,0.953,0.558
2025,Robert Williams,C,Portland Trail Blazers,Dallas Mavericks,22,19,0.506,1.114,0.266,0.608,0.913,0.525
2025,Ron Harper Jr.,SF,Detroit Pistons,Oklahoma City Thunder,14,1,-0.403,0.332,1.644,0.735,0.896,1.345
2025,Ron Harper Jr.,SF,Detroit Pistons,Cleveland Cavaliers,14,2,-0.403,0.475,1.313,0.878,0.877,1.138
2025,Ron Harper Jr.,SF,Detroit Pistons,Boston Celtics,14,3,-0.403,1.283,1.215,1.686,0.777,1.039
2025,Ron Harper Jr.,SF,Detroit Pistons,Houston Rockets,14,4,-0.403,1.573,0.731,1.976,0.743,0.736
2025,Ron Harper Jr.,SF,Detroit Pistons,New York Knicks,14,5,-0.403,0.764,0.623,1.167,0.839,0.71
2025,Ron Harper Jr.,SF,Detroit Pistons,Minnesota Timberwolves,14,10,-0.403,-0.433,0.443,0,1,0.666
2025,Ron Harper Jr.,SF,Detroit Pistons,Indiana Pacers,14,6,-0.403,0.534,0.464,0.937,0.869,0.626
2025,Ron Harper Jr.,SF,Detroit Pistons,Los Angeles Clippers,14,9,-0.403,1.392,0.502,1.795,0.764,0.607
2025,Ron Harper Jr.,SF,Detroit Pistons,Denver Nuggets,14,8,-0.403,0.927,0.45,1.33,0.819,0.598
2025,Ron Harper Jr.,SF,Detroit Pistons,Los Angeles Lakers,14,7,-0.403,2.119,0.373,2.522,0.685,0.498
2025,Ron Harper Jr.,SF,Detroit Pistons,Milwaukee Bucks,14,11,-0.403,0.667,0.237,1.07,0.852,0.483
2025,Ron Harper Jr.,SF,Detroit Pistons,Golden State Warriors,14,12,-0.403,1.484,0.25,1.887,0.753,0.451
2025,Ron Holland,SF,Detroit Pistons,Oklahoma City Thunder,14,1,-0.229,0.332,1.644,0.56,0.919,1.354
2025,Ron Holland,SF,Detroit Pistons,Cleveland Cavaliers,14,2,-0.229,0.475,1.313,0.703,0.9,1.148
2025,Ron Holland,SF,Detroit Pistons,Boston Celtics,14,3,-0.229,1.283,1.215,1.512,0.797,1.048
2025,Ron Holland,SF,Detroit Pistons,Houston Rockets,14,4,-0.229,1.573,0.731,1.802,0.763,0.744
2025,Ron Holland,SF,Detroit Pistons,New York Knicks,14,5,-0.229,0.764,0.623,0.993,0.862,0.719
2025,Ron Holland,SF,Detroit Pistons,Minnesota Timberwolves,14,10,-0.229,-0.433,0.443,0,1,0.666
2025,Ron Holland,SF,Detroit Pistons,Indiana Pacers,14,6,-0.229,0.534,0.464,0.763,0.892,0.635
2025,Ron Holland,SF,Detroit Pistons,Los Angeles Clippers,14,9,-0.229,1.392,0.502,1.62,0.784,0.615
2025,Ron Holland,SF,Detroit Pistons,Denver Nuggets,14,8,-0.229,0.927,0.45,1.155,0.841,0.607
2025,Ron Holland,SF,Detroit Pistons,Los Angeles Lakers,14,7,-0.229,2.119,0.373,2.347,0.703,0.505
2025,Ron Holland,SF,Detroit Pistons,Milwaukee Bucks,14,11,-0.229,0.667,0.237,0.896,0.874,0.492
2025,Ron Holland,SF,Detroit Pistons,Golden State Warriors,14,12,-0.229,1.484,0.25,1.713,0.773,0.459
2025,Royce O'Neale,SF,Phoenix Suns,Oklahoma City Thunder,21,1,0.395,0.332,2.404,0,1,1.842
2025,Royce O'Neale,SF,Phoenix Suns,Cleveland Cavaliers,21,2,0.395,0.475,2.073,0.079,0.988,1.639
2025,Royce O'Neale,SF,Phoenix Suns,Boston Celtics,21,3,0.395,1.283,1.974,0.888,0.875,1.535
2025,Royce O'Neale,SF,Phoenix Suns,Houston Rockets,21,4,0.395,1.573,1.491,1.178,0.838,1.23
2025,Royce O'Neale,SF,Phoenix Suns,New York Knicks,21,5,0.395,0.764,1.383,0.369,0.946,1.208
2025,Royce O'Neale,SF,Phoenix Suns,Indiana Pacers,21,6,0.395,0.534,1.224,0.139,0.979,1.126
2025,Royce O'Neale,SF,Phoenix Suns,Minnesota Timberwolves,21,10,0.395,-0.433,1.203,0,1,1.122
2025,Royce O'Neale,SF,Phoenix Suns,Los Angeles Clippers,21,9,0.395,1.392,1.262,0.996,0.861,1.102
2025,Royce O'Neale,SF,Phoenix Suns,Denver Nuggets,21,8,0.395,0.927,1.21,0.531,0.923,1.096
2025,Royce O'Neale,SF,Phoenix Suns,Los Angeles Lakers,21,7,0.395,2.119,1.132,1.723,0.772,0.988
2025,Royce O'Neale,SF,Phoenix Suns,Milwaukee Bucks,21,11,0.395,0.667,0.997,0.272,0.96,0.982
2025,Royce O'Neale,SF,Phoenix Suns,Golden State Warriors,21,12,0.395,1.484,1.01,1.089,0.849,0.946
2025,Royce O'Neale,SF,Phoenix Suns,Detroit Pistons,21,14,0.395,0.84,0.76,0.444,0.936,0.83
2025,Royce O'Neale,SF,Phoenix Suns,Orlando Magic,21,15,0.395,1.486,0.58,1.091,0.849,0.687
2025,Royce O'Neale,SF,Phoenix Suns,Sacramento Kings,21,17,0.395,1.064,0.453,0.668,0.905,0.634
2025,Royce O'Neale,SF,Phoenix Suns,Atlanta Hawks,21,16,0.395,1.882,0.421,1.487,0.8,0.573
2025,Royce O'Neale,SF,Phoenix Suns,Dallas Mavericks,21,19,0.395,0.6,0.27,0.204,0.97,0.55
2025,Royce O'Neale,SF,Phoenix Suns,Miami Heat,21,20,0.395,1.143,0.295,0.747,0.894,0.535
2025,Royce O'Neale,SF,Phoenix Suns,Chicago Bulls,21,18,0.395,1.234,0.299,0.839,0.882,0.532
2025,Royce O'Neale,SF,Phoenix Suns,Portland Trail Blazers,21,22,0.395,1.194,0.004,0.798,0.887,0.357
2025,Rudy Gobert,C,Minnesota Timberwolves,Oklahoma City Thunder,10,1,1.008,1.018,1.201,0.01,0.999,1.12
2025,Rudy Gobert,C,Minnesota Timberwolves,Cleveland Cavaliers,10,2,1.008,0.96,0.87,0,1,0.922
2025,Rudy Gobert,C,Minnesota Timberwolves,Boston Celtics,10,3,1.008,0.929,0.771,0,1,0.863
2025,Rudy Gobert,C,Minnesota Timberwolves,Houston Rockets,10,4,1.008,0.807,0.287,0,1,0.572
2025,Rudy Gobert,C,Minnesota Timberwolves,New York Knicks,10,5,1.008,1.332,0.18,0.325,0.952,0.489
2025,Rudy Gobert,C,Minnesota Timberwolves,Los Angeles Clippers,10,9,1.008,1.266,0.059,0.258,0.962,0.42
2025,Rudy Gobert,C,Minnesota Timberwolves,Indiana Pacers,10,6,1.008,0.754,0.021,0,1,0.413
2025,Rudy Gobert,C,Minnesota Timberwolves,Denver Nuggets,10,8,1.008,1.827,0.007,0.82,0.884,0.358
2025,Rui Hachimura,PF,Los Angeles Lakers,Oklahoma City Thunder,7,1,0.286,0.795,1.271,0.509,0.927,1.133
2025,Rui Hachimura,PF,Los Angeles Lakers,Cleveland Cavaliers,7,2,0.286,1.717,0.94,1.431,0.807,0.887
2025,Rui Hachimura,PF,Los Angeles Lakers,Boston Celtics,7,3,0.286,1.509,0.842,1.222,0.832,0.838
2025,Rui Hachimura,PF,Los Angeles Lakers,Houston Rockets,7,4,0.286,0.863,0.358,0.577,0.917,0.582
2025,Rui Hachimura,PF,Los Angeles Lakers,New York Knicks,7,5,0.286,0.825,0.251,0.539,0.922,0.519
2025,Rui Hachimura,PF,Los Angeles Lakers,Los Angeles Clippers,7,9,0.286,-0.25,0.13,0,1,0.478
2025,Rui Hachimura,PF,Los Angeles Lakers,Denver Nuggets,7,8,0.286,0.4,0.078,0.114,0.983,0.44
2025,Rui Hachimura,PF,Los Angeles Lakers,Indiana Pacers,7,6,0.286,0.96,0.092,0.673,0.904,0.417
2025,Rui Hachimura,PF,Los Angeles Lakers,Minnesota Timberwolves,7,10,0.286,0.731,0.071,0.445,0.935,0.417
2025,Russell Westbrook,PG,Denver Nuggets,Oklahoma City Thunder,8,1,0.375,1.646,1.194,1.271,0.826,1.047
2025,Russell Westbrook,PG,Denver Nuggets,Cleveland Cavaliers,8,2,0.375,0.908,0.863,0.533,0.923,0.887
2025,Russell Westbrook,PG,Denver Nuggets,Boston Celtics,8,3,0.375,0.432,0.764,0.057,0.991,0.855
2025,Russell Westbrook,PG,Denver Nuggets,Houston Rockets,8,4,0.375,0.457,0.28,0.082,0.988,0.563
2025,Russell Westbrook,PG,Denver Nuggets,New York Knicks,8,5,0.375,1.105,0.173,0.73,0.896,0.462
2025,Russell Westbrook,PG,Denver Nuggets,Los Angeles Clippers,8,9,0.375,1.03,0.052,0.655,0.906,0.394
2025,Russell Westbrook,PG,Denver Nuggets,Indiana Pacers,8,6,0.375,1.379,0.014,1.004,0.86,0.352
2025,Ryan Dunn,SF,Phoenix Suns,Oklahoma City Thunder,21,1,-0.067,0.332,2.404,0.399,0.942,1.819
2025,Ryan Dunn,SF,Phoenix Suns,Cleveland Cavaliers,21,2,-0.067,0.475,2.073,0.542,0.922,1.612
2025,Ryan Dunn,SF,Phoenix Suns,Boston Celtics,21,3,-0.067,1.283,1.974,1.351,0.817,1.511
2025,Ryan Dunn,SF,Phoenix Suns,Houston Rockets,21,4,-0.067,1.573,1.491,1.64,0.782,1.207
2025,Ryan Dunn,SF,Phoenix Suns,New York Knicks,21,5,-0.067,0.764,1.383,0.831,0.883,1.183
2025,Ryan Dunn,SF,Phoenix Suns,Minnesota Timberwolves,21,10,-0.067,-0.433,1.203,0,1,1.122
2025,Ryan Dunn,SF,Phoenix Suns,Indiana Pacers,21,6,-0.067,0.534,1.224,0.601,0.914,1.1
2025,Ryan Dunn,SF,Phoenix Suns,Los Angeles Clippers,21,9,-0.067,1.392,1.262,1.459,0.803,1.079
2025,Ryan Dunn,SF,Phoenix Suns,Denver Nuggets,21,8,-0.067,0.927,1.21,0.994,0.861,1.071
2025,Ryan Dunn,SF,Phoenix Suns,Los Angeles Lakers,21,7,-0.067,2.119,1.132,2.186,0.72,0.968
2025,Ryan Dunn,SF,Phoenix Suns,Milwaukee Bucks,21,11,-0.067,0.667,0.997,0.735,0.896,0.957
2025,Ryan Dunn,SF,Phoenix Suns,Golden State Warriors,21,12,-0.067,1.484,1.01,1.551,0.792,0.923
2025,Ryan Dunn,SF,Phoenix Suns,Detroit Pistons,21,14,-0.067,0.84,0.76,0.907,0.873,0.805
2025,Ryan Dunn,SF,Phoenix Suns,Orlando Magic,21,15,-0.067,1.486,0.58,1.553,0.792,0.665
2025,Ryan Dunn,SF,Phoenix Suns,Sacramento Kings,21,17,-0.067,1.064,0.453,1.131,0.844,0.609
2025,Ryan Dunn,SF,Phoenix Suns,Atlanta Hawks,21,16,-0.067,1.882,0.421,1.949,0.746,0.551
2025,Ryan Dunn,SF,Phoenix Suns,Dallas Mavericks,21,19,-0.067,0.6,0.27,0.667,0.905,0.524
2025,Ryan Dunn,SF,Phoenix Suns,Miami Heat,21,20,-0.067,1.143,0.295,1.21,0.834,0.511
2025,Ryan Dunn,SF,Phoenix Suns,Chicago Bulls,21,18,-0.067,1.234,0.299,1.301,0.823,0.509
2025,Ryan Dunn,SF,Phoenix Suns,Portland Trail Blazers,21,22,-0.067,1.194,0.004,1.261,0.828,0.333
2025,Ryan Rollins,PG,Milwaukee Bucks,Oklahoma City Thunder,11,1,-0.136,1.646,1.406,1.782,0.765,1.15
2025,Ryan Rollins,PG,Milwaukee Bucks,Cleveland Cavaliers,11,2,-0.136,0.908,1.075,1.044,0.855,0.987
2025,Ryan Rollins,PG,Milwaukee Bucks,Boston Celtics,11,3,-0.136,0.432,0.977,0.568,0.918,0.954
2025,Ryan Rollins,PG,Milwaukee Bucks,Houston Rockets,11,4,-0.136,0.457,0.493,0.593,0.915,0.662
2025,Ryan Rollins,PG,Milwaukee Bucks,New York Knicks,11,5,-0.136,1.105,0.386,1.241,0.83,0.564
2025,Ryan Rollins,PG,Milwaukee Bucks,Minnesota Timberwolves,11,10,-0.136,0.2,0.206,0.336,0.951,0.504
2025,Ryan Rollins,PG,Milwaukee Bucks,Los Angeles Clippers,11,9,-0.136,1.03,0.265,1.166,0.84,0.495
2025,Ryan Rollins,PG,Milwaukee Bucks,Denver Nuggets,11,8,-0.136,0.822,0.213,0.958,0.866,0.474
2025,Ryan Rollins,PG,Milwaukee Bucks,Indiana Pacers,11,6,-0.136,1.379,0.227,1.515,0.797,0.455
2025,Ryan Rollins,PG,Milwaukee Bucks,Los Angeles Lakers,11,7,-0.136,1.252,0.135,1.389,0.812,0.406
2025,Ryan Rollins,PG,Milwaukee Bucks,Memphis Grizzlies,11,13,-0.136,0.849,0.028,0.985,0.863,0.362
2025,Ryan Rollins,PG,Milwaukee Bucks,Golden State Warriors,11,12,-0.136,1.025,0.013,1.161,0.84,0.344
2025,Sam Hauser,PF,Boston Celtics,Oklahoma City Thunder,3,1,-0.156,0.795,0.429,0.951,0.867,0.605
2025,Sam Hauser,PF,Boston Celtics,Cleveland Cavaliers,3,2,-0.156,1.717,0.098,1.873,0.755,0.361
2025,Sam Merrill,SG,Cleveland Cavaliers,Oklahoma City Thunder,2,1,0.024,1.265,0.331,1.241,0.83,0.531
2025,Sandro Mamukelashvili,PF,San Antonio Spurs,Oklahoma City Thunder,23,1,-0.053,0.795,2.497,0.848,0.881,1.851
2025,Sandro Mamukelashvili,PF,San Antonio Spurs,Cleveland Cavaliers,23,2,-0.053,1.717,2.166,1.77,0.767,1.606
2025,Sandro Mamukelashvili,PF,San Antonio Spurs,Boston Celtics,23,3,-0.053,1.509,2.068,1.562,0.791,1.557
2025,Sandro Mamukelashvili,PF,San Antonio Spurs,Houston Rockets,23,4,-0.053,0.863,1.584,0.916,0.872,1.299
2025,Sandro Mamukelashvili,PF,San Antonio Spurs,New York Knicks,23,5,-0.053,0.825,1.477,0.879,0.877,1.237
2025,Sandro Mamukelashvili,PF,San Antonio Spurs,Los Angeles Clippers,23,9,-0.053,-0.25,1.355,0,1,1.213
2025,Sandro Mamukelashvili,PF,San Antonio Spurs,Denver Nuggets,23,8,-0.053,0.4,1.304,0.453,0.934,1.156
2025,Sandro Mamukelashvili,PF,San Antonio Spurs,Minnesota Timberwolves,23,10,-0.053,0.731,1.297,0.784,0.889,1.134
2025,Sandro Mamukelashvili,PF,San Antonio Spurs,Indiana Pacers,23,6,-0.053,0.96,1.318,1.013,0.859,1.134
2025,Sandro Mamukelashvili,PF,San Antonio Spurs,Los Angeles Lakers,23,7,-0.053,0.286,1.226,0.34,0.95,1.116
2025,Sandro Mamukelashvili,PF,San Antonio Spurs,Memphis Grizzlies,23,13,-0.053,0.525,1.119,0.578,0.917,1.038
2025,Sandro Mamukelashvili,PF,San Antonio Spurs,Golden State Warriors,23,12,-0.053,0.698,1.103,0.751,0.893,1.019
2025,Sandro Mamukelashvili,PF,San Antonio Spurs,Milwaukee Bucks,23,11,-0.053,2.524,1.091,2.577,0.679,0.926
2025,Sandro Mamukelashvili,PF,San Antonio Spurs,Detroit Pistons,23,14,-0.053,0.573,0.853,0.627,0.91,0.876
2025,Sandro Mamukelashvili,PF,San Antonio Spurs,Orlando Magic,23,15,-0.053,1.217,0.673,1.27,0.826,0.734
2025,Sandro Mamukelashvili,PF,San Antonio Spurs,Sacramento Kings,23,17,-0.053,0.523,0.546,0.576,0.917,0.695
2025,Sandro Mamukelashvili,PF,San Antonio Spurs,Atlanta Hawks,23,16,-0.053,0.235,0.514,0.288,0.958,0.692
2025,Sandro Mamukelashvili,PF,San Antonio Spurs,Chicago Bulls,23,18,-0.053,0.411,0.393,0.464,0.933,0.609
2025,Sandro Mamukelashvili,PF,San Antonio Spurs,Miami Heat,23,20,-0.053,0.861,0.389,0.914,0.872,0.582
2025,Sandro Mamukelashvili,PF,San Antonio Spurs,Dallas Mavericks,23,19,-0.053,1.939,0.363,1.992,0.742,0.515
2025,Sandro Mamukelashvili,PF,San Antonio Spurs,Portland Trail Blazers,23,22,-0.053,0.482,0.097,0.535,0.923,0.428
2025,Sandro Mamukelashvili,PF,San Antonio Spurs,Phoenix Suns,23,21,-0.053,1.486,0.093,1.539,0.794,0.374
2025,Santi Aldama,PF,Memphis Grizzlies,Oklahoma City Thunder,13,1,0.525,0.795,1.378,0.27,0.96,1.211
2025,Santi Aldama,PF,Memphis Grizzlies,Cleveland Cavaliers,13,2,0.525,1.717,1.047,1.193,0.836,0.963
2025,Santi Aldama,PF,Memphis Grizzlies,Boston Celtics,13,3,0.525,1.509,0.949,0.984,0.863,0.914
2025,Santi Aldama,PF,Memphis Grizzlies,Houston Rockets,13,4,0.525,0.863,0.465,0.339,0.95,0.659
2025,Santi Aldama,PF,Memphis Grizzlies,New York Knicks,13,5,0.525,0.825,0.358,0.301,0.956,0.597
2025,Santi Aldama,PF,Memphis Grizzlies,Los Angeles Clippers,13,9,0.525,-0.25,0.237,0,1,0.542
2025,Santi Aldama,PF,Memphis Grizzlies,Denver Nuggets,13,8,0.525,0.4,0.185,0,1,0.511
2025,Santi Aldama,PF,Memphis Grizzlies,Minnesota Timberwolves,13,10,0.525,0.731,0.178,0.207,0.969,0.494
2025,Santi Aldama,PF,Memphis Grizzlies,Indiana Pacers,13,6,0.525,0.96,0.199,0.435,0.937,0.494
2025,Santi Aldama,PF,Memphis Grizzlies,Los Angeles Lakers,13,7,0.525,0.286,0.107,0,1,0.464
2025,Scoot Henderson,PG,Portland Trail Blazers,Oklahoma City Thunder,22,1,0.141,1.646,2.4,1.505,0.798,1.759
2025,Scoot Henderson,PG,Portland Trail Blazers,Cleveland Cavaliers,22,2,0.141,0.908,2.069,0.767,0.891,1.598
2025,Scoot Henderson,PG,Portland Trail Blazers,Boston Celtics,22,3,0.141,0.432,1.97,0.291,0.957,1.565
2025,Scoot Henderson,PG,Portland Trail Blazers,Houston Rockets,22,4,0.141,0.457,1.487,0.316,0.954,1.273
2025,Scoot Henderson,PG,Portland Trail Blazers,New York Knicks,22,5,0.141,1.105,1.379,0.964,0.865,1.174
2025,Scoot Henderson,PG,Portland Trail Blazers,Minnesota Timberwolves,22,10,0.141,0.2,1.199,0.059,0.991,1.116
2025,Scoot Henderson,PG,Portland Trail Blazers,Los Angeles Clippers,22,9,0.141,1.03,1.258,0.889,0.875,1.105
2025,Scoot Henderson,PG,Portland Trail Blazers,Denver Nuggets,22,8,0.141,0.822,1.206,0.681,0.903,1.085
2025,Scoot Henderson,PG,Portland Trail Blazers,Indiana Pacers,22,6,0.141,1.379,1.22,1.238,0.831,1.064
2025,Scoot Henderson,PG,Portland Trail Blazers,Los Angeles Lakers,22,7,0.141,1.252,1.129,1.112,0.846,1.016
2025,Scoot Henderson,PG,Portland Trail Blazers,Memphis Grizzlies,22,13,0.141,0.849,1.022,0.708,0.899,0.973
2025,Scoot Henderson,PG,Portland Trail Blazers,Golden State Warriors,22,12,0.141,1.025,1.006,0.884,0.876,0.954
2025,Scoot Henderson,PG,Portland Trail Blazers,Milwaukee Bucks,22,11,0.141,1.065,0.993,0.924,0.871,0.944
2025,Scoot Henderson,PG,Portland Trail Blazers,Detroit Pistons,22,14,0.141,1.099,0.756,0.958,0.866,0.8
2025,Scoot Henderson,PG,Portland Trail Blazers,Orlando Magic,22,15,0.141,0.182,0.576,0.041,0.994,0.743
2025,Scoot Henderson,PG,Portland Trail Blazers,Sacramento Kings,22,17,0.141,0.871,0.449,0.731,0.896,0.628
2025,Scoot Henderson,PG,Portland Trail Blazers,Atlanta Hawks,22,16,0.141,1.258,0.417,1.117,0.846,0.588
2025,Scoot Henderson,PG,Portland Trail Blazers,Miami Heat,22,20,0.141,0.39,0.292,0.25,0.963,0.56
2025,Scoot Henderson,PG,Portland Trail Blazers,Chicago Bulls,22,18,0.141,0.694,0.295,0.554,0.92,0.545
2025,Scoot Henderson,PG,Portland Trail Blazers,Dallas Mavericks,22,19,0.141,1.413,0.266,1.272,0.826,0.49
2025,Scottie Barnes,PF,Toronto Raptors,Oklahoma City Thunder,24,1,1.283,0.795,2.681,0,1,2.008
2025,Scottie Barnes,PF,Toronto Raptors,Cleveland Cavaliers,24,2,1.283,1.717,2.35,0.434,0.937,1.785
2025,Scottie Barnes,PF,Toronto Raptors,Boston Celtics,24,3,1.283,1.509,2.251,0.226,0.967,1.738
2025,Scottie Barnes,PF,Toronto Raptors,Houston Rockets,24,4,1.283,0.863,1.768,0,1,1.461
2025,Scottie Barnes,PF,Toronto Raptors,New York Knicks,24,5,1.283,0.825,1.66,0,1,1.396
2025,Scottie Barnes,PF,Toronto Raptors,Los Angeles Clippers,24,9,1.283,-0.25,1.539,0,1,1.323
2025,Scottie Barnes,PF,Toronto Raptors,Indiana Pacers,24,6,1.283,0.96,1.501,0,1,1.301
2025,Scottie Barnes,PF,Toronto Raptors,Denver Nuggets,24,8,1.283,0.4,1.487,0,1,1.292
2025,Scottie Barnes,PF,Toronto Raptors,Minnesota Timberwolves,24,10,1.283,0.731,1.48,0,1,1.288
2025,Scottie Barnes,PF,Toronto Raptors,Los Angeles Lakers,24,7,1.283,0.286,1.409,0,1,1.246
2025,Scottie Barnes,PF,Toronto Raptors,Memphis Grizzlies,24,13,1.283,0.525,1.302,0,1,1.181
2025,Scottie Barnes,PF,Toronto Raptors,Golden State Warriors,24,12,1.283,0.698,1.287,0,1,1.172
2025,Scottie Barnes,PF,Toronto Raptors,Milwaukee Bucks,24,11,1.283,2.524,1.274,1.241,0.83,1.097
2025,Scottie Barnes,PF,Toronto Raptors,Detroit Pistons,24,14,1.283,0.573,1.037,0,1,1.022
2025,Scottie Barnes,PF,Toronto Raptors,Orlando Magic,24,15,1.283,1.217,0.856,0,1,0.914
2025,Scottie Barnes,PF,Toronto Raptors,Sacramento Kings,24,17,1.283,0.523,0.73,0,1,0.838
2025,Scottie Barnes,PF,Toronto Raptors,Atlanta Hawks,24,16,1.283,0.235,0.698,0,1,0.819
2025,Scottie Barnes,PF,Toronto Raptors,Chicago Bulls,24,18,1.283,0.411,0.576,0,1,0.746
2025,Scottie Barnes,PF,Toronto Raptors,Miami Heat,24,20,1.283,0.861,0.572,0,1,0.743
2025,Scottie Barnes,PF,Toronto Raptors,Dallas Mavericks,24,19,1.283,1.939,0.547,0.656,0.906,0.691
2025,Scottie Barnes,PF,Toronto Raptors,Portland Trail Blazers,24,22,1.283,0.482,0.281,0,1,0.569
2025,Scottie Barnes,PF,Toronto Raptors,Phoenix Suns,24,21,1.283,1.486,0.277,0.203,0.97,0.554
2025,Scottie Barnes,PF,Toronto Raptors,San Antonio Spurs,24,23,1.283,0.484,0.184,0,1,0.51
2025,Scotty Pippen Jr.,PG,Memphis Grizzlies,Oklahoma City Thunder,13,1,0.312,1.646,1.378,1.334,0.819,1.155
2025,Scotty Pippen Jr.,PG,Memphis Grizzlies,Cleveland Cavaliers,13,2,0.312,0.908,1.047,0.596,0.915,0.994
2025,Scotty Pippen Jr.,PG,Memphis Grizzlies,Boston Celtics,13,3,0.312,0.432,0.949,0.119,0.982,0.962
2025,Scotty Pippen Jr.,PG,Memphis Grizzlies,Houston Rockets,13,4,0.312,0.457,0.465,0.145,0.979,0.67
2025,Scotty Pippen Jr.,PG,Memphis Grizzlies,New York Knicks,13,5,0.312,1.105,0.358,0.793,0.888,0.57
2025,Scotty Pippen Jr.,PG,Memphis Grizzlies,Minnesota Timberwolves,13,10,0.312,0.2,0.178,0,1,0.507
2025,Scotty Pippen Jr.,PG,Memphis Grizzlies,Los Angeles Clippers,13,9,0.312,1.03,0.237,0.718,0.898,0.501
2025,Scotty Pippen Jr.,PG,Memphis Grizzlies,Denver Nuggets,13,8,0.312,0.822,0.185,0.51,0.926,0.481
2025,Scotty Pippen Jr.,PG,Memphis Grizzlies,Indiana Pacers,13,6,0.312,1.379,0.199,1.067,0.852,0.46
2025,Scotty Pippen Jr.,PG,Memphis Grizzlies,Los Angeles Lakers,13,7,0.312,1.252,0.107,0.94,0.868,0.412
2025,Seth Curry,SG,Charlotte Hornets,Oklahoma City Thunder,28,1,-0.027,1.265,3.349,1.292,0.824,2.339
2025,Seth Curry,SG,Charlotte Hornets,Cleveland Cavaliers,28,2,-0.027,1.342,3.018,1.369,0.814,2.137
2025,Seth Curry,SG,Charlotte Hornets,Boston Celtics,28,3,-0.027,0.808,2.92,0.835,0.882,2.105
2025,Seth Curry,SG,Charlotte Hornets,Houston Rockets,28,4,-0.027,0.724,2.436,0.751,0.893,1.819
2025,Seth Curry,SG,Charlotte Hornets,New York Knicks,28,5,-0.027,0.807,2.328,0.834,0.882,1.75
2025,Seth Curry,SG,Charlotte Hornets,Indiana Pacers,28,6,-0.027,0.275,2.169,0.302,0.956,1.684
2025,Seth Curry,SG,Charlotte Hornets,Los Angeles Clippers,28,9,-0.027,1.026,2.207,1.053,0.854,1.666
2025,Seth Curry,SG,Charlotte Hornets,Denver Nuggets,28,8,-0.027,0.812,2.155,0.839,0.882,1.646
2025,Seth Curry,SG,Charlotte Hornets,Minnesota Timberwolves,28,10,-0.027,1.353,2.148,1.38,0.813,1.614
2025,Seth Curry,SG,Charlotte Hornets,Los Angeles Lakers,28,7,-0.027,1.047,2.078,1.074,0.851,1.587
2025,Seth Curry,SG,Charlotte Hornets,Golden State Warriors,28,12,-0.027,0.448,1.955,0.475,0.931,1.546
2025,Seth Curry,SG,Charlotte Hornets,Milwaukee Bucks,28,11,-0.027,0.683,1.943,0.71,0.899,1.525
2025,Seth Curry,SG,Charlotte Hornets,Memphis Grizzlies,28,13,-0.027,0.996,1.971,1.023,0.858,1.525
2025,Seth Curry,SG,Charlotte Hornets,Detroit Pistons,28,14,-0.027,2.249,1.705,2.276,0.711,1.307
2025,Seth Curry,SG,Charlotte Hornets,Orlando Magic,28,15,-0.027,0.142,1.525,0.169,0.975,1.305
2025,Seth Curry,SG,Charlotte Hornets,Sacramento Kings,28,17,-0.027,0.908,1.398,0.935,0.869,1.186
2025,Seth Curry,SG,Charlotte Hornets,Atlanta Hawks,28,16,-0.027,1.001,1.366,1.028,0.857,1.163
2025,Seth Curry,SG,Charlotte Hornets,Chicago Bulls,28,18,-0.027,0.842,1.244,0.868,0.878,1.098
2025,Seth Curry,SG,Charlotte Hornets,Miami Heat,28,20,-0.027,1.223,1.241,1.25,0.829,1.076
2025,Seth Curry,SG,Charlotte Hornets,Dallas Mavericks,28,19,-0.027,1.335,1.215,1.362,0.815,1.055
2025,Seth Curry,SG,Charlotte Hornets,Portland Trail Blazers,28,22,-0.027,0.782,0.949,0.809,0.886,0.924
2025,Seth Curry,SG,Charlotte Hornets,Phoenix Suns,28,21,-0.027,1.298,0.945,1.325,0.82,0.895
2025,Seth Curry,SG,Charlotte Hornets,San Antonio Spurs,28,23,-0.027,0.668,0.852,0.695,0.901,0.871
2025,Seth Curry,SG,Charlotte Hornets,Toronto Raptors,28,24,-0.027,0.479,0.668,0.506,0.927,0.772
2025,Seth Curry,SG,Charlotte Hornets,Brooklyn Nets,28,25,-0.027,0.95,0.383,0.977,0.864,0.576
2025,Seth Curry,SG,Charlotte Hornets,Philadelphia 76ers,28,26,-0.027,1.127,0.325,1.154,0.841,0.532
2025,Seth Curry,SG,Charlotte Hornets,New Orleans Pelicans,28,27,-0.027,0.263,0.047,0.289,0.958,0.411
2025,Shaedon Sharpe,SG,Portland Trail Blazers,Oklahoma City Thunder,22,1,0.604,1.265,2.4,0.661,0.906,1.802
2025,Shaedon Sharpe,SG,Portland Trail Blazers,Cleveland Cavaliers,22,2,0.604,1.342,2.069,0.738,0.895,1.599
2025,Shaedon Sharpe,SG,Portland Trail Blazers,Boston Celtics,22,3,0.604,0.808,1.97,0.204,0.97,1.57
2025,Shaedon Sharpe,SG,Portland Trail Blazers,Houston Rockets,22,4,0.604,0.724,1.487,0.12,0.982,1.285
2025,Shaedon Sharpe,SG,Portland Trail Blazers,New York Knicks,22,5,0.604,0.807,1.379,0.203,0.97,1.216
2025,Shaedon Sharpe,SG,Portland Trail Blazers,Indiana Pacers,22,6,0.604,0.275,1.22,0,1,1.132
2025,Shaedon Sharpe,SG,Portland Trail Blazers,Los Angeles Clippers,22,9,0.604,1.026,1.258,0.422,0.939,1.13
2025,Shaedon Sharpe,SG,Portland Trail Blazers,Denver Nuggets,22,8,0.604,0.812,1.206,0.208,0.969,1.112
2025,Shaedon Sharpe,SG,Portland Trail Blazers,Minnesota Timberwolves,22,10,0.604,1.353,1.199,0.749,0.894,1.077
2025,Shaedon Sharpe,SG,Portland Trail Blazers,Los Angeles Lakers,22,7,0.604,1.047,1.129,0.443,0.936,1.051
2025,Shaedon Sharpe,SG,Portland Trail Blazers,Golden State Warriors,22,12,0.604,0.448,1.006,0,1,1.004
2025,Shaedon Sharpe,SG,Portland Trail Blazers,Milwaukee Bucks,22,11,0.604,0.683,0.993,0.079,0.988,0.991
2025,Shaedon Sharpe,SG,Portland Trail Blazers,Memphis Grizzlies,22,13,0.604,0.996,1.022,0.392,0.943,0.99
2025,Shaedon Sharpe,SG,Portland Trail Blazers,Detroit Pistons,22,14,0.604,2.249,0.756,1.645,0.781,0.766
2025,Shaedon Sharpe,SG,Portland Trail Blazers,Orlando Magic,22,15,0.604,0.142,0.576,0,1,0.745
2025,Shaedon Sharpe,SG,Portland Trail Blazers,Sacramento Kings,22,17,0.604,0.908,0.449,0.304,0.955,0.652
2025,Shaedon Sharpe,SG,Portland Trail Blazers,Atlanta Hawks,22,16,0.604,1.001,0.417,0.397,0.942,0.627
2025,Shaedon Sharpe,SG,Portland Trail Blazers,Chicago Bulls,22,18,0.604,0.842,0.295,0.238,0.965,0.563
2025,Shaedon Sharpe,SG,Portland Trail Blazers,Miami Heat,22,20,0.604,1.223,0.292,0.619,0.911,0.539
2025,Shaedon Sharpe,SG,Portland Trail Blazers,Dallas Mavericks,22,19,0.604,1.335,0.266,0.731,0.896,0.518
2025,Shake Milton,SG,Brooklyn Nets,Oklahoma City Thunder,25,1,0.082,1.265,2.966,1.184,0.837,2.114
2025,Shake Milton,SG,Brooklyn Nets,Cleveland Cavaliers,25,2,0.082,1.342,2.635,1.26,0.828,1.912
2025,Shake Milton,SG,Brooklyn Nets,Boston Celtics,25,3,0.082,0.808,2.536,0.726,0.897,1.88
2025,Shake Milton,SG,Brooklyn Nets,Houston Rockets,25,4,0.082,0.724,2.052,0.643,0.908,1.595
2025,Shake Milton,SG,Brooklyn Nets,New York Knicks,25,5,0.082,0.807,1.945,0.725,0.897,1.526
2025,Shake Milton,SG,Brooklyn Nets,Indiana Pacers,25,6,0.082,0.275,1.786,0.193,0.971,1.46
2025,Shake Milton,SG,Brooklyn Nets,Los Angeles Clippers,25,9,0.082,1.026,1.824,0.944,0.868,1.441
2025,Shake Milton,SG,Brooklyn Nets,Denver Nuggets,25,8,0.082,0.812,1.772,0.73,0.896,1.422
2025,Shake Milton,SG,Brooklyn Nets,Minnesota Timberwolves,25,10,0.082,1.353,1.765,1.272,0.826,1.39
2025,Shake Milton,SG,Brooklyn Nets,Los Angeles Lakers,25,7,0.082,1.047,1.694,0.965,0.865,1.363
2025,Shake Milton,SG,Brooklyn Nets,Golden State Warriors,25,12,0.082,0.448,1.572,0.366,0.947,1.322
2025,Shake Milton,SG,Brooklyn Nets,Memphis Grizzlies,25,13,0.082,0.996,1.587,0.914,0.872,1.301
2025,Shake Milton,SG,Brooklyn Nets,Milwaukee Bucks,25,11,0.082,0.683,1.559,0.601,0.914,1.301
2025,Shake Milton,SG,Brooklyn Nets,Detroit Pistons,25,14,0.082,2.249,1.322,2.167,0.722,1.082
2025,Shake Milton,SG,Brooklyn Nets,Orlando Magic,25,15,0.082,0.142,1.141,0.06,0.991,1.081
2025,Shake Milton,SG,Los Angeles Lakers,Oklahoma City Thunder,7,1,-0.405,1.265,1.271,1.671,0.778,1.074
2025,Shake Milton,SG,Brooklyn Nets,Sacramento Kings,25,17,0.082,0.908,1.015,0.827,0.883,0.962
2025,Shake Milton,SG,Brooklyn Nets,Atlanta Hawks,25,16,0.082,1.001,0.983,0.919,0.871,0.938
2025,Shake Milton,SG,Brooklyn Nets,Chicago Bulls,25,18,0.082,0.842,0.861,0.76,0.892,0.873
2025,Shake Milton,SG,Los Angeles Lakers,Cleveland Cavaliers,7,2,-0.405,1.342,0.94,1.747,0.769,0.872
2025,Shake Milton,SG,Brooklyn Nets,Miami Heat,25,20,0.082,1.223,0.857,1.142,0.843,0.851
2025,Shake Milton,SG,Los Angeles Lakers,Boston Celtics,7,3,-0.405,0.808,0.842,1.213,0.834,0.839
2025,Shake Milton,SG,Brooklyn Nets,Dallas Mavericks,25,19,0.082,1.335,0.831,1.254,0.829,0.83
2025,Shake Milton,SG,Brooklyn Nets,Portland Trail Blazers,25,22,0.082,0.782,0.566,0.701,0.9,0.7
2025,Shake Milton,SG,Brooklyn Nets,Phoenix Suns,25,21,0.082,1.298,0.562,1.216,0.833,0.67
2025,Shake Milton,SG,Brooklyn Nets,San Antonio Spurs,25,23,0.082,0.668,0.468,0.586,0.916,0.647
2025,Shake Milton,SG,Los Angeles Lakers,Houston Rockets,7,4,-0.405,0.724,0.358,1.129,0.844,0.553
2025,Shake Milton,SG,Brooklyn Nets,Toronto Raptors,25,24,0.082,0.479,0.285,0.397,0.942,0.548
2025,Shake Milton,SG,Los Angeles Lakers,New York Knicks,7,5,-0.405,0.807,0.251,1.212,0.834,0.484
2025,Shake Milton,SG,Los Angeles Lakers,Indiana Pacers,7,6,-0.405,0.275,0.092,0.68,0.903,0.416
2025,Shake Milton,SG,Los Angeles Lakers,Los Angeles Clippers,7,9,-0.405,1.026,0.13,1.431,0.807,0.401
2025,Shake Milton,SG,Los Angeles Lakers,Denver Nuggets,7,8,-0.405,0.812,0.078,1.217,0.833,0.38
2025,Shake Milton,SG,Los Angeles Lakers,Minnesota Timberwolves,7,10,-0.405,1.353,0.071,1.758,0.768,0.35
2025,Sidy Cissoko,SF,San Antonio Spurs,Oklahoma City Thunder,23,1,-0.777,0.332,2.497,1.108,0.847,1.837
2025,Sidy Cissoko,SF,Portland Trail Blazers,Oklahoma City Thunder,22,1,-0.779,0.332,2.4,1.111,0.847,1.779
2025,Sidy Cissoko,SF,San Antonio Spurs,Cleveland Cavaliers,23,2,-0.777,0.475,2.166,1.251,0.829,1.631
2025,Sidy Cissoko,SF,Portland Trail Blazers,Cleveland Cavaliers,22,2,-0.779,0.475,2.069,1.254,0.829,1.573
2025,Sidy Cissoko,SF,San Antonio Spurs,Boston Celtics,23,3,-0.777,1.283,2.068,2.06,0.734,1.534
2025,Sidy Cissoko,SF,Portland Trail Blazers,Boston Celtics,22,3,-0.779,1.283,1.97,2.062,0.734,1.476
2025,Sidy Cissoko,SF,San Antonio Spurs,Houston Rockets,23,4,-0.777,1.573,1.584,2.35,0.703,1.232
2025,Sidy Cissoko,SF,San Antonio Spurs,New York Knicks,23,5,-0.777,0.764,1.477,1.541,0.794,1.203
2025,Sidy Cissoko,SF,Portland Trail Blazers,Houston Rockets,22,4,-0.779,1.573,1.487,2.352,0.703,1.173
2025,Sidy Cissoko,SF,San Antonio Spurs,Minnesota Timberwolves,23,10,-0.777,-0.433,1.297,0.343,0.95,1.158
2025,Sidy Cissoko,SF,Portland Trail Blazers,New York Knicks,22,5,-0.779,0.764,1.379,1.543,0.793,1.145
2025,Sidy Cissoko,SF,San Antonio Spurs,Indiana Pacers,23,6,-0.777,0.534,1.318,1.31,0.822,1.119
2025,Sidy Cissoko,SF,San Antonio Spurs,Los Angeles Clippers,23,9,-0.777,1.392,1.355,2.168,0.722,1.102
2025,Sidy Cissoko,SF,Portland Trail Blazers,Minnesota Timberwolves,22,10,-0.779,-0.433,1.199,0.346,0.949,1.099
2025,Sidy Cissoko,SF,San Antonio Spurs,Denver Nuggets,23,8,-0.777,0.927,1.304,1.703,0.775,1.092
2025,Sidy Cissoko,SF,Portland Trail Blazers,Indiana Pacers,22,6,-0.779,0.534,1.22,1.313,0.821,1.061
2025,Sidy Cissoko,SF,Portland Trail Blazers,Los Angeles Clippers,22,9,-0.779,1.392,1.258,2.171,0.722,1.044
2025,Sidy Cissoko,SF,Portland Trail Blazers,Denver Nuggets,22,8,-0.779,0.927,1.206,1.706,0.774,1.034
2025,Sidy Cissoko,SF,San Antonio Spurs,Los Angeles Lakers,23,7,-0.777,2.119,1.226,2.895,0.648,0.995
2025,Sidy Cissoko,SF,San Antonio Spurs,Milwaukee Bucks,23,11,-0.777,0.667,1.091,1.444,0.805,0.977
2025,Sidy Cissoko,SF,San Antonio Spurs,Golden State Warriors,23,12,-0.777,1.484,1.103,2.261,0.712,0.947
2025,Sidy Cissoko,SF,Portland Trail Blazers,Los Angeles Lakers,22,7,-0.779,2.119,1.129,2.898,0.648,0.936
2025,Sidy Cissoko,SF,Portland Trail Blazers,Milwaukee Bucks,22,11,-0.779,0.667,0.993,1.446,0.805,0.918
2025,Sidy Cissoko,SF,Portland Trail Blazers,Golden State Warriors,22,12,-0.779,1.484,1.006,2.263,0.712,0.888
2025,Sidy Cissoko,SF,San Antonio Spurs,Detroit Pistons,23,14,-0.777,0.84,0.853,1.616,0.785,0.826
2025,Sidy Cissoko,SF,Portland Trail Blazers,Detroit Pistons,22,14,-0.779,0.84,0.756,1.619,0.784,0.767
2025,Sidy Cissoko,SF,San Antonio Spurs,Orlando Magic,23,15,-0.777,1.486,0.673,2.263,0.712,0.689
2025,Sidy Cissoko,SF,San Antonio Spurs,Sacramento Kings,23,17,-0.777,1.064,0.546,1.84,0.759,0.631
2025,Sidy Cissoko,SF,Portland Trail Blazers,Orlando Magic,22,15,-0.779,1.486,0.576,2.265,0.712,0.63
2025,Sidy Cissoko,SF,San Antonio Spurs,Atlanta Hawks,23,16,-0.777,1.882,0.514,2.659,0.671,0.577
2025,Sidy Cissoko,SF,Portland Trail Blazers,Sacramento Kings,22,17,-0.779,1.064,0.449,1.842,0.759,0.573
2025,Sidy Cissoko,SF,San Antonio Spurs,Dallas Mavericks,23,19,-0.777,0.6,0.363,1.376,0.813,0.543
2025,Sidy Cissoko,SF,San Antonio Spurs,Miami Heat,23,20,-0.777,1.143,0.389,1.919,0.75,0.533
2025,Sidy Cissoko,SF,San Antonio Spurs,Chicago Bulls,23,18,-0.777,1.234,0.393,2.011,0.74,0.531
2025,Sidy Cissoko,SF,Portland Trail Blazers,Atlanta Hawks,22,16,-0.779,1.882,0.417,2.661,0.671,0.519
2025,Sidy Cissoko,SF,Portland Trail Blazers,Dallas Mavericks,22,19,-0.779,0.6,0.266,1.379,0.813,0.485
2025,Sidy Cissoko,SF,Portland Trail Blazers,Miami Heat,22,20,-0.779,1.143,0.292,1.922,0.75,0.475
2025,Sidy Cissoko,SF,Portland Trail Blazers,Chicago Bulls,22,18,-0.779,1.234,0.295,2.013,0.739,0.473
2025,Sidy Cissoko,SF,San Antonio Spurs,Phoenix Suns,23,21,-0.777,0.395,0.093,1.172,0.839,0.392
2025,Sidy Cissoko,SF,San Antonio Spurs,Portland Trail Blazers,23,22,-0.777,1.194,0.097,1.97,0.744,0.356
2025,Simone Fontecchio,SF,Detroit Pistons,Oklahoma City Thunder,14,1,-0.334,0.332,1.644,0.666,0.905,1.348
2025,Simone Fontecchio,SF,Detroit Pistons,Cleveland Cavaliers,14,2,-0.334,0.475,1.313,0.809,0.886,1.142
2025,Simone Fontecchio,SF,Detroit Pistons,Boston Celtics,14,3,-0.334,1.283,1.215,1.618,0.785,1.043
2025,Simone Fontecchio,SF,Detroit Pistons,Houston Rockets,14,4,-0.334,1.573,0.731,1.907,0.751,0.739
2025,Simone Fontecchio,SF,Detroit Pistons,New York Knicks,14,5,-0.334,0.764,0.623,1.098,0.848,0.713
2025,Simone Fontecchio,SF,Detroit Pistons,Minnesota Timberwolves,14,10,-0.334,-0.433,0.443,0,1,0.666
2025,Simone Fontecchio,SF,Detroit Pistons,Indiana Pacers,14,6,-0.334,0.534,0.464,0.868,0.878,0.63
2025,Simone Fontecchio,SF,Detroit Pistons,Los Angeles Clippers,14,9,-0.334,1.392,0.502,1.726,0.772,0.61
2025,Simone Fontecchio,SF,Detroit Pistons,Denver Nuggets,14,8,-0.334,0.927,0.45,1.261,0.828,0.601
2025,Simone Fontecchio,SF,Detroit Pistons,Los Angeles Lakers,14,7,-0.334,2.119,0.373,2.453,0.692,0.5
2025,Simone Fontecchio,SF,Detroit Pistons,Milwaukee Bucks,14,11,-0.334,0.667,0.237,1.002,0.86,0.487
2025,Simone Fontecchio,SF,Detroit Pistons,Golden State Warriors,14,12,-0.334,1.484,0.25,1.818,0.761,0.455
2025,Skal Labissière,PF,Sacramento Kings,Oklahoma City Thunder,17,1,-0.738,0.795,1.951,1.533,0.795,1.488
2025,Skal Labissière,PF,Sacramento Kings,Cleveland Cavaliers,17,2,-0.738,1.717,1.62,2.456,0.692,1.249
2025,Skal Labissière,PF,Sacramento Kings,Boston Celtics,17,3,-0.738,1.509,1.521,2.247,0.714,1.198
2025,Skal Labissière,PF,Sacramento Kings,Houston Rockets,17,4,-0.738,0.863,1.038,1.602,0.786,0.937
2025,Skal Labissière,PF,Sacramento Kings,New York Knicks,17,5,-0.738,0.825,0.93,1.564,0.791,0.874
2025,Skal Labissière,PF,Sacramento Kings,Los Angeles Clippers,17,9,-0.738,-0.25,0.809,0.489,0.929,0.857
2025,Skal Labissière,PF,Sacramento Kings,Denver Nuggets,17,8,-0.738,0.4,0.757,1.138,0.843,0.792
2025,Skal Labissière,PF,Sacramento Kings,Indiana Pacers,17,6,-0.738,0.96,0.771,1.698,0.775,0.773
2025,Skal Labissière,PF,Sacramento Kings,Minnesota Timberwolves,17,10,-0.738,0.731,0.75,1.47,0.802,0.771
2025,Skal Labissière,PF,Sacramento Kings,Los Angeles Lakers,17,7,-0.738,0.286,0.68,1.025,0.858,0.751
2025,Skal Labissière,PF,Sacramento Kings,Memphis Grizzlies,17,13,-0.738,0.525,0.573,1.263,0.827,0.674
2025,Skal Labissière,PF,Sacramento Kings,Golden State Warriors,17,12,-0.738,0.698,0.557,1.436,0.806,0.657
2025,Skal Labissière,PF,Sacramento Kings,Milwaukee Bucks,17,11,-0.738,2.524,0.544,3.263,0.613,0.572
2025,Skal Labissière,PF,Sacramento Kings,Detroit Pistons,17,14,-0.738,0.573,0.307,1.312,0.821,0.513
2025,Skal Labissière,PF,Sacramento Kings,Orlando Magic,17,15,-0.738,1.217,0.127,1.956,0.746,0.374
2025,Spencer Dinwiddie,PG,Dallas Mavericks,Oklahoma City Thunder,19,1,0.149,1.646,2.134,1.497,0.799,1.6
2025,Spencer Dinwiddie,PG,Dallas Mavericks,Cleveland Cavaliers,19,2,0.149,0.908,1.803,0.759,0.892,1.439
2025,Spencer Dinwiddie,PG,Dallas Mavericks,Boston Celtics,19,3,0.149,0.432,1.705,0.283,0.958,1.406
2025,Spencer Dinwiddie,PG,Dallas Mavericks,Houston Rockets,19,4,0.149,0.457,1.221,0.308,0.955,1.114
2025,Spencer Dinwiddie,PG,Dallas Mavericks,New York Knicks,19,5,0.149,1.105,1.113,0.956,0.866,1.015
2025,Spencer Dinwiddie,PG,Dallas Mavericks,Minnesota Timberwolves,19,10,0.149,0.2,0.933,0.051,0.992,0.957
2025,Spencer Dinwiddie,PG,Dallas Mavericks,Los Angeles Clippers,19,9,0.149,1.03,0.992,0.881,0.876,0.946
2025,Spencer Dinwiddie,PG,Dallas Mavericks,Denver Nuggets,19,8,0.149,0.822,0.941,0.673,0.904,0.926
2025,Spencer Dinwiddie,PG,Dallas Mavericks,Indiana Pacers,19,6,0.149,1.379,0.955,1.23,0.831,0.905
2025,Spencer Dinwiddie,PG,Dallas Mavericks,Los Angeles Lakers,19,7,0.149,1.252,0.863,1.104,0.847,0.857
2025,Spencer Dinwiddie,PG,Dallas Mavericks,Memphis Grizzlies,19,13,0.149,0.849,0.756,0.7,0.9,0.814
2025,Spencer Dinwiddie,PG,Dallas Mavericks,Golden State Warriors,19,12,0.149,1.025,0.74,0.876,0.877,0.795
2025,Spencer Dinwiddie,PG,Dallas Mavericks,Milwaukee Bucks,19,11,0.149,1.065,0.728,0.916,0.872,0.785
2025,Spencer Dinwiddie,PG,Dallas Mavericks,Detroit Pistons,19,14,0.149,1.099,0.49,0.95,0.867,0.641
2025,Spencer Dinwiddie,PG,Dallas Mavericks,Orlando Magic,19,15,0.149,0.182,0.31,0.033,0.995,0.584
2025,Spencer Dinwiddie,PG,Dallas Mavericks,Sacramento Kings,19,17,0.149,0.871,0.183,0.723,0.897,0.469
2025,Spencer Dinwiddie,PG,Dallas Mavericks,Atlanta Hawks,19,16,0.149,1.258,0.151,1.109,0.847,0.429
2025,Spencer Dinwiddie,PG,Dallas Mavericks,Miami Heat,19,20,0.149,0.39,0.026,0.242,0.964,0.401
2025,Spencer Dinwiddie,PG,Dallas Mavericks,Chicago Bulls,19,18,0.149,0.694,0.029,0.546,0.921,0.386
2025,Spencer Jones,SF,Denver Nuggets,Oklahoma City Thunder,8,1,-0.942,0.332,1.194,1.273,0.826,1.047
2025,Spencer Jones,SF,Denver Nuggets,Cleveland Cavaliers,8,2,-0.942,0.475,0.863,1.416,0.809,0.841
2025,Spencer Jones,SF,Denver Nuggets,Boston Celtics,8,3,-0.942,1.283,0.764,2.225,0.716,0.745
2025,Spencer Jones,SF,Denver Nuggets,Houston Rockets,8,4,-0.942,1.573,0.28,2.514,0.686,0.442
2025,Spencer Jones,SF,Denver Nuggets,New York Knicks,8,5,-0.942,0.764,0.173,1.706,0.774,0.413
2025,Spencer Jones,SF,Denver Nuggets,Indiana Pacers,8,6,-0.942,0.534,0.014,1.475,0.801,0.329
2025,Spencer Jones,SF,Denver Nuggets,Los Angeles Clippers,8,9,-0.942,1.392,0.052,2.333,0.705,0.313
2025,Stanley Umude,SG,Milwaukee Bucks,Oklahoma City Thunder,11,1,-1.193,1.265,1.406,2.459,0.692,1.121
2025,Stanley Umude,SG,Milwaukee Bucks,Cleveland Cavaliers,11,2,-1.193,1.342,1.075,2.535,0.684,0.919
2025,Stanley Umude,SG,Milwaukee Bucks,Boston Celtics,11,3,-1.193,0.808,0.977,2.002,0.741,0.882
2025,Stanley Umude,SG,Milwaukee Bucks,Houston Rockets,11,4,-1.193,0.724,0.493,1.918,0.75,0.596
2025,Stanley Umude,SG,Milwaukee Bucks,New York Knicks,11,5,-1.193,0.807,0.386,2,0.741,0.528
2025,Stanley Umude,SG,Milwaukee Bucks,Indiana Pacers,11,6,-1.193,0.275,0.227,1.468,0.802,0.457
2025,Stanley Umude,SG,Milwaukee Bucks,Los Angeles Clippers,11,9,-1.193,1.026,0.265,2.219,0.717,0.446
2025,Stanley Umude,SG,Milwaukee Bucks,Denver Nuggets,11,8,-1.193,0.812,0.213,2.005,0.74,0.424
2025,Stanley Umude,SG,Milwaukee Bucks,Minnesota Timberwolves,11,10,-1.193,1.353,0.206,2.547,0.682,0.397
2025,Stanley Umude,SG,Milwaukee Bucks,Los Angeles Lakers,11,7,-1.193,1.047,0.135,2.24,0.715,0.367
2025,Stanley Umude,SG,Milwaukee Bucks,Golden State Warriors,11,12,-1.193,0.448,0.013,1.641,0.782,0.32
2025,Stanley Umude,SG,Milwaukee Bucks,Memphis Grizzlies,11,13,-1.193,0.996,0.028,2.189,0.72,0.305
2025,Stephen Curry,PG,Golden State Warriors,Oklahoma City Thunder,12,1,0.924,1.646,1.394,0.722,0.897,1.195
2025,Stephen Curry,PG,Golden State Warriors,Cleveland Cavaliers,12,2,0.924,0.908,1.063,0,1,1.038
2025,Stephen Curry,PG,Golden State Warriors,Boston Celtics,12,3,0.924,0.432,0.964,0,1,0.979
2025,Stephen Curry,PG,Golden State Warriors,Houston Rockets,12,4,0.924,0.457,0.481,0,1,0.688
2025,Stephen Curry,PG,Golden State Warriors,New York Knicks,12,5,0.924,1.105,0.373,0.181,0.973,0.613
2025,Stephen Curry,PG,Golden State Warriors,Los Angeles Clippers,12,9,0.924,1.03,0.252,0.106,0.984,0.545
2025,Stephen Curry,PG,Golden State Warriors,Denver Nuggets,12,8,0.924,0.822,0.2,0,1,0.52
2025,Stephen Curry,PG,Golden State Warriors,Minnesota Timberwolves,12,10,0.924,0.2,0.193,0,1,0.516
2025,Stephen Curry,PG,Golden State Warriors,Indiana Pacers,12,6,0.924,1.379,0.214,0.455,0.934,0.502
2025,Stephen Curry,PG,Golden State Warriors,Los Angeles Lakers,12,7,0.924,1.252,0.123,0.328,0.952,0.454
2025,Stephen Curry,PG,Golden State Warriors,Memphis Grizzlies,12,13,0.924,0.849,0.016,0,1,0.409
2025,Stephon Castle,SG,San Antonio Spurs,Oklahoma City Thunder,23,1,0.378,1.265,2.497,0.888,0.875,1.848
2025,Stephon Castle,SG,San Antonio Spurs,Cleveland Cavaliers,23,2,0.378,1.342,2.166,0.964,0.865,1.646
2025,Stephon Castle,SG,San Antonio Spurs,Boston Celtics,23,3,0.378,0.808,2.068,0.431,0.937,1.616
2025,Stephon Castle,SG,San Antonio Spurs,Houston Rockets,23,4,0.378,0.724,1.584,0.347,0.949,1.33
2025,Stephon Castle,SG,San Antonio Spurs,New York Knicks,23,5,0.378,0.807,1.477,0.429,0.938,1.261
2025,Stephon Castle,SG,San Antonio Spurs,Indiana Pacers,23,6,0.378,0.275,1.318,0,1,1.191
2025,Stephon Castle,SG,San Antonio Spurs,Los Angeles Clippers,23,9,0.378,1.026,1.355,0.648,0.907,1.176
2025,Stephon Castle,SG,San Antonio Spurs,Denver Nuggets,23,8,0.378,0.812,1.304,0.434,0.937,1.157
2025,Stephon Castle,SG,San Antonio Spurs,Minnesota Timberwolves,23,10,0.378,1.353,1.297,0.976,0.864,1.124
2025,Stephon Castle,SG,San Antonio Spurs,Los Angeles Lakers,23,7,0.378,1.047,1.226,0.669,0.904,1.097
2025,Stephon Castle,SG,San Antonio Spurs,Golden State Warriors,23,12,0.378,0.448,1.103,0.071,0.989,1.058
2025,Stephon Castle,SG,San Antonio Spurs,Milwaukee Bucks,23,11,0.378,0.683,1.091,0.305,0.955,1.037
2025,Stephon Castle,SG,San Antonio Spurs,Memphis Grizzlies,23,13,0.378,0.996,1.119,0.618,0.911,1.036
2025,Stephon Castle,SG,San Antonio Spurs,Detroit Pistons,23,14,0.378,2.249,0.853,1.871,0.755,0.814
2025,Stephon Castle,SG,San Antonio Spurs,Orlando Magic,23,15,0.378,0.142,0.673,0,1,0.804
2025,Stephon Castle,SG,San Antonio Spurs,Sacramento Kings,23,17,0.378,0.908,0.546,0.531,0.923,0.697
2025,Stephon Castle,SG,San Antonio Spurs,Atlanta Hawks,23,16,0.378,1.001,0.514,0.623,0.911,0.673
2025,Stephon Castle,SG,San Antonio Spurs,Chicago Bulls,23,18,0.378,0.842,0.393,0.464,0.933,0.609
2025,Stephon Castle,SG,San Antonio Spurs,Miami Heat,23,20,0.378,1.223,0.389,0.846,0.881,0.586
2025,Stephon Castle,SG,San Antonio Spurs,Dallas Mavericks,23,19,0.378,1.335,0.363,0.958,0.866,0.564
2025,Stephon Castle,SG,San Antonio Spurs,Portland Trail Blazers,23,22,0.378,0.782,0.097,0.405,0.941,0.435
2025,Stephon Castle,SG,San Antonio Spurs,Phoenix Suns,23,21,0.378,1.298,0.093,0.921,0.871,0.404
2025,Steven Adams,C,Houston Rockets,Oklahoma City Thunder,4,1,-0.274,1.018,0.913,1.291,0.824,0.878
2025,Steven Adams,C,Houston Rockets,Cleveland Cavaliers,4,2,-0.274,0.96,0.582,1.233,0.831,0.682
2025,Steven Adams,C,Houston Rockets,Boston Celtics,4,3,-0.274,0.929,0.484,1.203,0.835,0.624
2025,Svi Mykhailiuk,SF,Utah Jazz,Oklahoma City Thunder,30,1,-0.133,0.332,3.505,0.465,0.933,2.476
2025,Svi Mykhailiuk,SF,Utah Jazz,Cleveland Cavaliers,30,2,-0.133,0.475,3.174,0.608,0.913,2.269
2025,Svi Mykhailiuk,SF,Utah Jazz,Boston Celtics,30,3,-0.133,1.283,3.075,1.416,0.809,2.169
2025,Svi Mykhailiuk,SF,Utah Jazz,Houston Rockets,30,4,-0.133,1.573,2.591,1.706,0.774,1.865
2025,Svi Mykhailiuk,SF,Utah Jazz,New York Knicks,30,5,-0.133,0.764,2.484,0.897,0.874,1.84
2025,Svi Mykhailiuk,SF,Utah Jazz,Minnesota Timberwolves,30,10,-0.133,-0.433,2.304,0,1,1.782
2025,Svi Mykhailiuk,SF,Utah Jazz,Indiana Pacers,30,6,-0.133,0.534,2.325,0.667,0.905,1.757
2025,Svi Mykhailiuk,SF,Utah Jazz,Los Angeles Clippers,30,9,-0.133,1.392,2.363,1.524,0.796,1.736
2025,Svi Mykhailiuk,SF,Utah Jazz,Denver Nuggets,30,8,-0.133,0.927,2.311,1.06,0.853,1.728
2025,Svi Mykhailiuk,SF,Utah Jazz,Los Angeles Lakers,30,7,-0.133,2.119,2.233,2.251,0.713,1.625
2025,Svi Mykhailiuk,SF,Utah Jazz,Milwaukee Bucks,30,11,-0.133,0.667,2.098,0.8,0.887,1.614
2025,Svi Mykhailiuk,SF,Utah Jazz,Golden State Warriors,30,12,-0.133,1.484,2.111,1.617,0.785,1.58
2025,Svi Mykhailiuk,SF,Utah Jazz,Detroit Pistons,30,14,-0.133,0.84,1.861,0.973,0.864,1.462
2025,Svi Mykhailiuk,SF,Utah Jazz,Orlando Magic,30,15,-0.133,1.486,1.68,1.619,0.784,1.322
2025,Svi Mykhailiuk,SF,Utah Jazz,Sacramento Kings,30,17,-0.133,1.064,1.554,1.196,0.836,1.267
2025,Svi Mykhailiuk,SF,Utah Jazz,Atlanta Hawks,30,16,-0.133,1.882,1.522,2.015,0.739,1.209
2025,Svi Mykhailiuk,SF,Utah Jazz,Dallas Mavericks,30,19,-0.133,0.6,1.371,0.733,0.896,1.181
2025,Svi Mykhailiuk,SF,Utah Jazz,Miami Heat,30,20,-0.133,1.143,1.396,1.276,0.826,1.168
2025,Svi Mykhailiuk,SF,Utah Jazz,Chicago Bulls,30,18,-0.133,1.234,1.4,1.367,0.815,1.166
2025,Svi Mykhailiuk,SF,Utah Jazz,Phoenix Suns,30,21,-0.133,0.395,1.101,0.528,0.924,1.03
2025,Svi Mykhailiuk,SF,Utah Jazz,Portland Trail Blazers,30,22,-0.133,1.194,1.105,1.327,0.82,0.991
2025,Svi Mykhailiuk,SF,Utah Jazz,San Antonio Spurs,30,23,-0.133,0.392,1.007,0.525,0.924,0.974
2025,Svi Mykhailiuk,SF,Utah Jazz,Toronto Raptors,30,24,-0.133,1.249,0.824,1.381,0.813,0.819
2025,Svi Mykhailiuk,SF,Utah Jazz,Brooklyn Nets,30,25,-0.133,0.258,0.539,0.39,0.943,0.701
2025,Svi Mykhailiuk,SF,Utah Jazz,Philadelphia 76ers,30,26,-0.133,0.804,0.481,0.937,0.869,0.636
2025,Svi Mykhailiuk,SF,Utah Jazz,New Orleans Pelicans,30,27,-0.133,1.332,0.203,1.465,0.803,0.443
2025,Svi Mykhailiuk,SF,Utah Jazz,Charlotte Hornets,30,28,-0.133,1.088,0.156,1.22,0.833,0.426
2025,T.J. McConnell,PG,Indiana Pacers,Oklahoma City Thunder,6,1,0.356,1.646,1.18,1.29,0.824,1.037
2025,T.J. McConnell,PG,Indiana Pacers,Cleveland Cavaliers,6,2,0.356,0.908,0.849,0.552,0.921,0.877
2025,T.J. McConnell,PG,Indiana Pacers,Boston Celtics,6,3,0.356,0.432,0.75,0.076,0.989,0.846
2025,T.J. McConnell,PG,Indiana Pacers,Houston Rockets,6,4,0.356,0.457,0.266,0.101,0.985,0.554
2025,T.J. McConnell,PG,Indiana Pacers,New York Knicks,6,5,0.356,1.105,0.159,0.749,0.894,0.453
2025,T.J. McConnell,PG,Indiana Pacers,Los Angeles Clippers,6,9,0.356,1.03,0.038,0.674,0.904,0.384
2025,Taj Gibson,C,Charlotte Hornets,Oklahoma City Thunder,28,1,-0.788,1.018,3.349,1.806,0.763,2.315
2025,Taj Gibson,C,Charlotte Hornets,Cleveland Cavaliers,28,2,-0.788,0.96,3.018,1.748,0.769,2.119
2025,Taj Gibson,C,Charlotte Hornets,Boston Celtics,28,3,-0.788,0.929,2.92,1.717,0.773,2.061
2025,Taj Gibson,C,Charlotte Hornets,Houston Rockets,28,4,-0.788,0.807,2.436,1.595,0.787,1.776
2025,Taj Gibson,C,Charlotte Hornets,New York Knicks,28,5,-0.788,1.332,2.328,2.12,0.728,1.688
2025,Taj Gibson,C,Charlotte Hornets,Indiana Pacers,28,6,-0.788,0.754,2.169,1.542,0.793,1.619
2025,Taj Gibson,C,Charlotte Hornets,Los Angeles Clippers,28,9,-0.788,1.266,2.207,2.054,0.735,1.618
2025,Taj Gibson,C,Charlotte Hornets,Minnesota Timberwolves,28,10,-0.788,1.008,2.148,1.796,0.764,1.595
2025,Taj Gibson,C,Charlotte Hornets,Denver Nuggets,28,8,-0.788,1.827,2.155,2.615,0.676,1.563
2025,Taj Gibson,C,Charlotte Hornets,Golden State Warriors,28,12,-0.788,-0.087,1.955,0.701,0.9,1.533
2025,Taj Gibson,C,Charlotte Hornets,Los Angeles Lakers,28,7,-0.788,1.908,2.078,2.696,0.667,1.514
2025,Taj Gibson,C,Charlotte Hornets,Memphis Grizzlies,28,13,-0.788,0.773,1.971,1.561,0.791,1.499
2025,Taj Gibson,C,Charlotte Hornets,Milwaukee Bucks,28,11,-0.788,0.498,1.943,1.286,0.825,1.495
2025,Taj Gibson,C,Charlotte Hornets,Detroit Pistons,28,14,-0.788,0.988,1.705,1.776,0.766,1.33
2025,Taj Gibson,C,Charlotte Hornets,Orlando Magic,28,15,-0.788,0.455,1.525,1.243,0.83,1.247
2025,Taj Gibson,C,Charlotte Hornets,Atlanta Hawks,28,16,-0.788,0.616,1.366,1.404,0.81,1.144
2025,Taj Gibson,C,Charlotte Hornets,Sacramento Kings,28,17,-0.788,1.198,1.398,1.986,0.742,1.136
2025,Taj Gibson,C,Charlotte Hornets,Miami Heat,28,20,-0.788,0.612,1.241,1.4,0.811,1.069
2025,Taj Gibson,C,Charlotte Hornets,Chicago Bulls,28,18,-0.788,0.827,1.244,1.615,0.785,1.061
2025,Taj Gibson,C,Charlotte Hornets,Dallas Mavericks,28,19,-0.788,1.114,1.215,1.902,0.752,1.03
2025,Taj Gibson,C,Charlotte Hornets,Phoenix Suns,28,21,-0.788,0.34,0.945,1.128,0.844,0.905
2025,Taj Gibson,C,Charlotte Hornets,Portland Trail Blazers,28,22,-0.788,0.7,0.949,1.488,0.8,0.889
2025,Taj Gibson,C,Charlotte Hornets,San Antonio Spurs,28,23,-0.788,2.35,0.852,3.138,0.625,0.761
2025,Taj Gibson,C,Charlotte Hornets,Toronto Raptors,28,24,-0.788,0.899,0.668,1.687,0.776,0.712
2025,Taj Gibson,C,Charlotte Hornets,Brooklyn Nets,28,25,-0.788,0.443,0.383,1.231,0.831,0.563
2025,Taj Gibson,C,Charlotte Hornets,Philadelphia 76ers,28,26,-0.788,0.849,0.325,1.637,0.782,0.508
2025,Taj Gibson,C,Charlotte Hornets,New Orleans Pelicans,28,27,-0.788,0.363,0.047,1.151,0.841,0.365
2025,Talen Horton-Tucker,SG,Chicago Bulls,Oklahoma City Thunder,18,1,-0.066,1.265,2.105,1.332,0.819,1.59
2025,Talen Horton-Tucker,SG,Chicago Bulls,Cleveland Cavaliers,18,2,-0.066,1.342,1.774,1.408,0.81,1.388
2025,Talen Horton-Tucker,SG,Chicago Bulls,Boston Celtics,18,3,-0.066,0.808,1.675,0.874,0.877,1.356
2025,Talen Horton-Tucker,SG,Chicago Bulls,Houston Rockets,18,4,-0.066,0.724,1.191,0.79,0.888,1.07
2025,Talen Horton-Tucker,SG,Chicago Bulls,New York Knicks,18,5,-0.066,0.807,1.084,0.873,0.877,1.001
2025,Talen Horton-Tucker,SG,Chicago Bulls,Indiana Pacers,18,6,-0.066,0.275,0.925,0.341,0.95,0.935
2025,Talen Horton-Tucker,SG,Chicago Bulls,Los Angeles Clippers,18,9,-0.066,1.026,0.963,1.092,0.849,0.917
2025,Talen Horton-Tucker,SG,Chicago Bulls,Denver Nuggets,18,8,-0.066,0.812,0.911,0.878,0.877,0.897
2025,Talen Horton-Tucker,SG,Chicago Bulls,Minnesota Timberwolves,18,10,-0.066,1.353,0.904,1.42,0.808,0.866
2025,Talen Horton-Tucker,SG,Chicago Bulls,Los Angeles Lakers,18,7,-0.066,1.047,0.833,1.113,0.846,0.838
2025,Talen Horton-Tucker,SG,Chicago Bulls,Golden State Warriors,18,12,-0.066,0.448,0.711,0.514,0.926,0.797
2025,Talen Horton-Tucker,SG,Chicago Bulls,Memphis Grizzlies,18,13,-0.066,0.996,0.726,1.062,0.853,0.777
2025,Talen Horton-Tucker,SG,Chicago Bulls,Milwaukee Bucks,18,11,-0.066,0.683,0.698,0.749,0.894,0.776
2025,Talen Horton-Tucker,SG,Chicago Bulls,Detroit Pistons,18,14,-0.066,2.249,0.461,2.315,0.707,0.559
2025,Talen Horton-Tucker,SG,Chicago Bulls,Orlando Magic,18,15,-0.066,0.142,0.28,0.208,0.969,0.556
2025,Talen Horton-Tucker,SG,Chicago Bulls,Sacramento Kings,18,17,-0.066,0.908,0.154,0.974,0.864,0.438
2025,Talen Horton-Tucker,SG,Chicago Bulls,Atlanta Hawks,18,16,-0.066,1.001,0.122,1.067,0.852,0.414
2025,Tari Eason,PF,Houston Rockets,Oklahoma City Thunder,4,1,0.863,0.795,0.913,0,1,0.948
2025,Tari Eason,PF,Houston Rockets,Cleveland Cavaliers,4,2,0.863,1.717,0.582,0.854,0.88,0.701
2025,Tari Eason,PF,Houston Rockets,Boston Celtics,4,3,0.863,1.509,0.484,0.645,0.908,0.653
2025,Taurean Prince,SF,Milwaukee Bucks,Oklahoma City Thunder,11,1,0.096,0.332,1.406,0.235,0.965,1.23
2025,Taurean Prince,SF,Milwaukee Bucks,Cleveland Cavaliers,11,2,0.096,0.475,1.075,0.378,0.945,1.023
2025,Taurean Prince,SF,Milwaukee Bucks,Boston Celtics,11,3,0.096,1.283,0.977,1.187,0.837,0.921
2025,Taurean Prince,SF,Milwaukee Bucks,Houston Rockets,11,4,0.096,1.573,0.493,1.476,0.801,0.616
2025,Taurean Prince,SF,Milwaukee Bucks,New York Knicks,11,5,0.096,0.764,0.386,0.668,0.905,0.593
2025,Taurean Prince,SF,Milwaukee Bucks,Minnesota Timberwolves,11,10,0.096,-0.433,0.206,0,1,0.524
2025,Taurean Prince,SF,Milwaukee Bucks,Indiana Pacers,11,6,0.096,0.534,0.227,0.437,0.936,0.511
2025,Taurean Prince,SF,Milwaukee Bucks,Los Angeles Clippers,11,9,0.096,1.392,0.265,1.295,0.823,0.488
2025,Taurean Prince,SF,Milwaukee Bucks,Denver Nuggets,11,8,0.096,0.927,0.213,0.83,0.883,0.481
2025,Taurean Prince,SF,Milwaukee Bucks,Los Angeles Lakers,11,7,0.096,2.119,0.135,2.022,0.738,0.376
2025,Taurean Prince,SF,Milwaukee Bucks,Golden State Warriors,11,12,0.096,1.484,0.013,1.388,0.812,0.332
2025,Taylor Hendricks,PF,Utah Jazz,Oklahoma City Thunder,30,1,0.062,0.795,3.505,0.733,0.896,2.461
2025,Taylor Hendricks,PF,Utah Jazz,Cleveland Cavaliers,30,2,0.062,1.717,3.174,1.656,0.78,2.216
2025,Taylor Hendricks,PF,Utah Jazz,Boston Celtics,30,3,0.062,1.509,3.075,1.447,0.805,2.167
2025,Taylor Hendricks,PF,Utah Jazz,Houston Rockets,30,4,0.062,0.863,2.591,0.801,0.887,1.91
2025,Taylor Hendricks,PF,Utah Jazz,New York Knicks,30,5,0.062,0.825,2.484,0.764,0.892,1.847
2025,Taylor Hendricks,PF,Utah Jazz,Los Angeles Clippers,30,9,0.062,-0.25,2.363,0,1,1.818
2025,Taylor Hendricks,PF,Utah Jazz,Denver Nuggets,30,8,0.062,0.4,2.311,0.338,0.951,1.767
2025,Taylor Hendricks,PF,Utah Jazz,Indiana Pacers,30,6,0.062,0.96,2.325,0.898,0.874,1.745
2025,Taylor Hendricks,PF,Utah Jazz,Minnesota Timberwolves,30,10,0.062,0.731,2.304,0.669,0.904,1.744
2025,Taylor Hendricks,PF,Utah Jazz,Los Angeles Lakers,30,7,0.062,0.286,2.233,0.225,0.967,1.727
2025,Taylor Hendricks,PF,Utah Jazz,Memphis Grizzlies,30,13,0.062,0.525,2.126,0.463,0.933,1.649
2025,Taylor Hendricks,PF,Utah Jazz,Golden State Warriors,30,12,0.062,0.698,2.111,0.636,0.909,1.63
2025,Taylor Hendricks,PF,Utah Jazz,Milwaukee Bucks,30,11,0.062,2.524,2.098,2.462,0.691,1.535
2025,Taylor Hendricks,PF,Utah Jazz,Detroit Pistons,30,14,0.062,0.573,1.861,0.512,0.926,1.487
2025,Taylor Hendricks,PF,Utah Jazz,Orlando Magic,30,15,0.062,1.217,1.68,1.156,0.841,1.345
2025,Taylor Hendricks,PF,Utah Jazz,Sacramento Kings,30,17,0.062,0.523,1.554,0.461,0.933,1.306
2025,Taylor Hendricks,PF,Utah Jazz,Atlanta Hawks,30,16,0.062,0.235,1.522,0.173,0.974,1.303
2025,Taylor Hendricks,PF,Utah Jazz,Chicago Bulls,30,18,0.062,0.411,1.4,0.349,0.949,1.22
2025,Taylor Hendricks,PF,Utah Jazz,Miami Heat,30,20,0.062,0.861,1.396,0.799,0.887,1.193
2025,Taylor Hendricks,PF,Utah Jazz,Dallas Mavericks,30,19,0.062,1.939,1.371,1.877,0.755,1.124
2025,Taylor Hendricks,PF,Utah Jazz,Portland Trail Blazers,30,22,0.062,0.482,1.105,0.42,0.939,1.038
2025,Taylor Hendricks,PF,Utah Jazz,Phoenix Suns,30,21,0.062,1.486,1.101,1.424,0.808,0.984
2025,Taylor Hendricks,PF,Utah Jazz,San Antonio Spurs,30,23,0.062,0.484,1.007,0.422,0.939,0.98
2025,Taylor Hendricks,PF,Utah Jazz,Toronto Raptors,30,24,0.062,1.283,0.824,1.221,0.833,0.827
2025,Taylor Hendricks,PF,Utah Jazz,Brooklyn Nets,30,25,0.062,0.624,0.539,0.562,0.919,0.691
2025,Taylor Hendricks,PF,Utah Jazz,Philadelphia 76ers,30,26,0.062,0.711,0.481,0.65,0.907,0.651
2025,Taylor Hendricks,PF,Utah Jazz,Charlotte Hornets,30,28,0.062,0.956,0.156,0.894,0.874,0.443
2025,Taylor Hendricks,PF,Utah Jazz,New Orleans Pelicans,30,27,0.062,1.672,0.203,1.61,0.785,0.436
2025,Taze Moore,SG,Portland Trail Blazers,Oklahoma City Thunder,22,1,-0.825,1.265,2.4,2.091,0.731,1.732
2025,Taze Moore,SG,Portland Trail Blazers,Cleveland Cavaliers,22,2,-0.825,1.342,2.069,2.167,0.722,1.53
2025,Taze Moore,SG,Portland Trail Blazers,Boston Celtics,22,3,-0.825,0.808,1.97,1.634,0.783,1.495
2025,Taze Moore,SG,Portland Trail Blazers,Houston Rockets,22,4,-0.825,0.724,1.487,1.55,0.793,1.209
2025,Taze Moore,SG,Portland Trail Blazers,New York Knicks,22,5,-0.825,0.807,1.379,1.632,0.783,1.141
2025,Taze Moore,SG,Portland Trail Blazers,Indiana Pacers,22,6,-0.825,0.275,1.22,1.1,0.848,1.071
2025,Taze Moore,SG,Portland Trail Blazers,Los Angeles Clippers,22,9,-0.825,1.026,1.258,1.851,0.758,1.058
2025,Taze Moore,SG,Portland Trail Blazers,Denver Nuggets,22,8,-0.825,0.812,1.206,1.637,0.782,1.037
2025,Taze Moore,SG,Portland Trail Blazers,Minnesota Timberwolves,22,10,-0.825,1.353,1.199,2.179,0.721,1.008
2025,Taze Moore,SG,Portland Trail Blazers,Los Angeles Lakers,22,7,-0.825,1.047,1.129,1.873,0.755,0.979
2025,Taze Moore,SG,Portland Trail Blazers,Golden State Warriors,22,12,-0.825,0.448,1.006,1.274,0.826,0.934
2025,Taze Moore,SG,Portland Trail Blazers,Memphis Grizzlies,22,13,-0.825,0.996,1.022,1.821,0.761,0.917
2025,Taze Moore,SG,Portland Trail Blazers,Milwaukee Bucks,22,11,-0.825,0.683,0.993,1.508,0.798,0.915
2025,Taze Moore,SG,Portland Trail Blazers,Detroit Pistons,22,14,-0.825,2.249,0.756,3.075,0.631,0.706
2025,Taze Moore,SG,Portland Trail Blazers,Orlando Magic,22,15,-0.825,0.142,0.576,0.967,0.865,0.691
2025,Taze Moore,SG,Portland Trail Blazers,Sacramento Kings,22,17,-0.825,0.908,0.449,1.734,0.771,0.578
2025,Taze Moore,SG,Portland Trail Blazers,Atlanta Hawks,22,16,-0.825,1.001,0.417,1.827,0.76,0.554
2025,Taze Moore,SG,Portland Trail Blazers,Chicago Bulls,22,18,-0.825,0.842,0.295,1.667,0.779,0.489
2025,Taze Moore,SG,Portland Trail Blazers,Miami Heat,22,20,-0.825,1.223,0.292,2.049,0.735,0.469
2025,Taze Moore,SG,Portland Trail Blazers,Dallas Mavericks,22,19,-0.825,1.335,0.266,2.161,0.723,0.449
2025,Terance Mann,SG,Atlanta Hawks,Oklahoma City Thunder,16,1,0.314,1.265,1.983,0.952,0.867,1.537
2025,Terance Mann,SG,Atlanta Hawks,Cleveland Cavaliers,16,2,0.314,1.342,1.652,1.028,0.857,1.334
2025,Terance Mann,SG,Atlanta Hawks,Boston Celtics,16,3,0.314,0.808,1.553,0.495,0.928,1.303
2025,Terance Mann,SG,Atlanta Hawks,Houston Rockets,16,4,0.314,0.724,1.07,0.411,0.94,1.018
2025,Terance Mann,SG,Los Angeles Clippers,Oklahoma City Thunder,9,1,-0.13,1.265,1.142,1.395,0.811,1.01
2025,Terance Mann,SG,Atlanta Hawks,New York Knicks,16,5,0.314,0.807,0.962,0.493,0.929,0.949
2025,Terance Mann,SG,Atlanta Hawks,Indiana Pacers,16,6,0.314,0.275,0.803,0,1,0.882
2025,Terance Mann,SG,Atlanta Hawks,Los Angeles Clippers,16,9,0.314,1.026,0.841,0.712,0.899,0.864
2025,Terance Mann,SG,Atlanta Hawks,Denver Nuggets,16,8,0.314,0.812,0.789,0.498,0.928,0.845
2025,Terance Mann,SG,Atlanta Hawks,Minnesota Timberwolves,16,10,0.314,1.353,0.782,1.04,0.856,0.812
2025,Terance Mann,SG,Los Angeles Clippers,Cleveland Cavaliers,9,2,-0.13,1.342,0.811,1.472,0.802,0.807
2025,Terance Mann,SG,Atlanta Hawks,Los Angeles Lakers,16,7,0.314,1.047,0.712,0.734,0.896,0.785
2025,Terance Mann,SG,Los Angeles Clippers,Boston Celtics,9,3,-0.13,0.808,0.712,0.938,0.869,0.775
2025,Terance Mann,SG,Atlanta Hawks,Golden State Warriors,16,12,0.314,0.448,0.589,0.135,0.98,0.745
2025,Terance Mann,SG,Atlanta Hawks,Memphis Grizzlies,16,13,0.314,0.996,0.605,0.682,0.903,0.724
2025,Terance Mann,SG,Atlanta Hawks,Milwaukee Bucks,16,11,0.314,0.683,0.576,0.369,0.946,0.724
2025,Terance Mann,SG,Atlanta Hawks,Detroit Pistons,16,14,0.314,2.249,0.339,1.936,0.748,0.503
2025,Terance Mann,SG,Atlanta Hawks,Orlando Magic,16,15,0.314,0.142,0.159,0,1,0.495
2025,Terance Mann,SG,Los Angeles Clippers,Houston Rockets,9,4,-0.13,0.724,0.228,0.854,0.88,0.489
2025,Terance Mann,SG,Los Angeles Clippers,New York Knicks,9,5,-0.13,0.807,0.121,0.937,0.869,0.42
2025,Terance Mann,SG,Atlanta Hawks,Sacramento Kings,16,17,0.314,0.908,0.032,0.595,0.915,0.385
2025,Terence Davis,SG,Sacramento Kings,Oklahoma City Thunder,17,1,-1.813,1.265,1.951,3.078,0.63,1.423
2025,Terence Davis,SG,Sacramento Kings,Cleveland Cavaliers,17,2,-1.813,1.342,1.62,3.155,0.623,1.221
2025,Terence Davis,SG,Sacramento Kings,Boston Celtics,17,3,-1.813,0.808,1.521,2.621,0.675,1.183
2025,Terence Davis,SG,Sacramento Kings,Houston Rockets,17,4,-1.813,0.724,1.038,2.537,0.683,0.896
2025,Terence Davis,SG,Sacramento Kings,New York Knicks,17,5,-1.813,0.807,0.93,2.62,0.675,0.828
2025,Terence Davis,SG,Sacramento Kings,Indiana Pacers,17,6,-1.813,0.275,0.771,2.088,0.731,0.755
2025,Terence Davis,SG,Sacramento Kings,Los Angeles Clippers,17,9,-1.813,1.026,0.809,2.839,0.653,0.747
2025,Terence Davis,SG,Sacramento Kings,Denver Nuggets,17,8,-1.813,0.812,0.757,2.625,0.675,0.724
2025,Terence Davis,SG,Sacramento Kings,Minnesota Timberwolves,17,10,-1.813,1.353,0.75,3.166,0.622,0.699
2025,Terence Davis,SG,Sacramento Kings,Los Angeles Lakers,17,7,-1.813,1.047,0.68,2.86,0.651,0.668
2025,Terence Davis,SG,Sacramento Kings,Golden State Warriors,17,12,-1.813,0.448,0.557,2.261,0.712,0.619
2025,Terence Davis,SG,Sacramento Kings,Memphis Grizzlies,17,13,-1.813,0.996,0.573,2.808,0.656,0.606
2025,Terence Davis,SG,Sacramento Kings,Milwaukee Bucks,17,11,-1.813,0.683,0.544,2.496,0.688,0.602
2025,Terence Davis,SG,Sacramento Kings,Detroit Pistons,17,14,-1.813,2.249,0.307,4.062,0.544,0.402
2025,Terence Davis,SG,Sacramento Kings,Orlando Magic,17,15,-1.813,0.142,0.127,1.955,0.746,0.374
2025,Terrence Shannon Jr.,SG,Minnesota Timberwolves,Oklahoma City Thunder,10,1,-0.286,1.265,1.201,1.552,0.792,1.037
2025,Terrence Shannon Jr.,SG,Minnesota Timberwolves,Cleveland Cavaliers,10,2,-0.286,1.342,0.87,1.628,0.783,0.835
2025,Terrence Shannon Jr.,SG,Minnesota Timberwolves,Boston Celtics,10,3,-0.286,0.808,0.771,1.095,0.849,0.802
2025,Terrence Shannon Jr.,SG,Minnesota Timberwolves,Houston Rockets,10,4,-0.286,0.724,0.287,1.011,0.859,0.516
2025,Terrence Shannon Jr.,SG,Minnesota Timberwolves,New York Knicks,10,5,-0.286,0.807,0.18,1.093,0.849,0.447
2025,Terrence Shannon Jr.,SG,Minnesota Timberwolves,Indiana Pacers,10,6,-0.286,0.275,0.021,0.561,0.919,0.38
2025,Terrence Shannon Jr.,SG,Minnesota Timberwolves,Los Angeles Clippers,10,9,-0.286,1.026,0.059,1.312,0.821,0.364
2025,Terrence Shannon Jr.,SG,Minnesota Timberwolves,Denver Nuggets,10,8,-0.286,0.812,0.007,1.098,0.848,0.343
2025,Terry Rozier,PG,Miami Heat,Oklahoma City Thunder,20,1,-0.25,1.646,2.108,1.896,0.753,1.566
2025,Terry Rozier,PG,Miami Heat,Cleveland Cavaliers,20,2,-0.25,0.908,1.777,1.158,0.841,1.403
2025,Terry Rozier,PG,Miami Heat,Boston Celtics,20,3,-0.25,0.432,1.679,0.681,0.903,1.369
2025,Terry Rozier,PG,Miami Heat,Houston Rockets,20,4,-0.25,0.457,1.195,0.706,0.899,1.077
2025,Terry Rozier,PG,Miami Heat,New York Knicks,20,5,-0.25,1.105,1.088,1.355,0.816,0.979
2025,Terry Rozier,PG,Miami Heat,Minnesota Timberwolves,20,10,-0.25,0.2,0.908,0.449,0.935,0.919
2025,Terry Rozier,PG,Miami Heat,Los Angeles Clippers,20,9,-0.25,1.03,0.967,1.279,0.825,0.91
2025,Terry Rozier,PG,Miami Heat,Denver Nuggets,20,8,-0.25,0.822,0.915,1.072,0.852,0.89
2025,Terry Rozier,PG,Miami Heat,Indiana Pacers,20,6,-0.25,1.379,0.929,1.628,0.783,0.871
2025,Terry Rozier,PG,Miami Heat,Los Angeles Lakers,20,7,-0.25,1.252,0.837,1.502,0.798,0.822
2025,Terry Rozier,PG,Miami Heat,Memphis Grizzlies,20,13,-0.25,0.849,0.73,1.098,0.848,0.777
2025,Terry Rozier,PG,Miami Heat,Golden State Warriors,20,12,-0.25,1.025,0.714,1.274,0.826,0.759
2025,Terry Rozier,PG,Miami Heat,Milwaukee Bucks,20,11,-0.25,1.065,0.702,1.314,0.821,0.75
2025,Terry Rozier,PG,Miami Heat,Detroit Pistons,20,14,-0.25,1.099,0.464,1.348,0.817,0.605
2025,Terry Rozier,PG,Miami Heat,Orlando Magic,20,15,-0.25,0.182,0.284,0.432,0.937,0.545
2025,Terry Rozier,PG,Miami Heat,Sacramento Kings,20,17,-0.25,0.871,0.157,1.121,0.845,0.433
2025,Terry Rozier,PG,Miami Heat,Atlanta Hawks,20,16,-0.25,1.258,0.125,1.507,0.798,0.394
2025,Terry Rozier,PG,Miami Heat,Chicago Bulls,20,18,-0.25,0.694,0.004,0.944,0.868,0.349
2025,Terry Taylor,PF,Sacramento Kings,Oklahoma City Thunder,17,1,-1.669,0.795,1.951,2.464,0.691,1.447
2025,Terry Taylor,PF,Sacramento Kings,Cleveland Cavaliers,17,2,-1.669,1.717,1.62,3.386,0.602,1.213
2025,Terry Taylor,PF,Sacramento Kings,Boston Celtics,17,3,-1.669,1.509,1.521,3.178,0.621,1.161
2025,Terry Taylor,PF,Sacramento Kings,Houston Rockets,17,4,-1.669,0.863,1.038,2.532,0.684,0.896
2025,Terry Taylor,PF,Sacramento Kings,New York Knicks,17,5,-1.669,0.825,0.93,2.495,0.688,0.833
2025,Terry Taylor,PF,Sacramento Kings,Los Angeles Clippers,17,9,-1.669,-0.25,0.809,1.419,0.808,0.809
2025,Terry Taylor,PF,Sacramento Kings,Denver Nuggets,17,8,-1.669,0.4,0.757,2.069,0.733,0.748
2025,Terry Taylor,PF,Sacramento Kings,Indiana Pacers,17,6,-1.669,0.96,0.771,2.629,0.674,0.732
2025,Terry Taylor,PF,Sacramento Kings,Minnesota Timberwolves,17,10,-1.669,0.731,0.75,2.4,0.698,0.729
2025,Terry Taylor,PF,Sacramento Kings,Los Angeles Lakers,17,7,-1.669,0.286,0.68,1.955,0.746,0.706
2025,Terry Taylor,PF,Sacramento Kings,Memphis Grizzlies,17,13,-1.669,0.525,0.573,2.194,0.72,0.631
2025,Terry Taylor,PF,Sacramento Kings,Golden State Warriors,17,12,-1.669,0.698,0.557,2.367,0.701,0.615
2025,Terry Taylor,PF,Sacramento Kings,Milwaukee Bucks,17,11,-1.669,2.524,0.544,4.193,0.533,0.54
2025,Terry Taylor,PF,Sacramento Kings,Detroit Pistons,17,14,-1.669,0.573,0.307,2.242,0.714,0.47
2025,Terry Taylor,PF,Sacramento Kings,Orlando Magic,17,15,-1.669,1.217,0.127,2.886,0.649,0.335
2025,Thomas Bryant,C,Miami Heat,Oklahoma City Thunder,20,1,-0.359,1.018,2.108,1.377,0.813,1.59
2025,Thomas Bryant,C,Miami Heat,Cleveland Cavaliers,20,2,-0.359,0.96,1.777,1.319,0.82,1.395
2025,Thomas Bryant,C,Miami Heat,Boston Celtics,20,3,-0.359,0.929,1.679,1.288,0.824,1.337
2025,Thomas Bryant,C,Miami Heat,Houston Rockets,20,4,-0.359,0.807,1.195,1.167,0.839,1.053
2025,Thomas Bryant,C,Indiana Pacers,Oklahoma City Thunder,6,1,-0.193,1.018,1.18,1.211,0.834,1.041
2025,Thomas Bryant,C,Miami Heat,New York Knicks,20,5,-0.359,1.332,1.088,1.692,0.776,0.963
2025,Thomas Bryant,C,Miami Heat,Indiana Pacers,20,6,-0.359,0.754,0.929,1.114,0.846,0.896
2025,Thomas Bryant,C,Miami Heat,Los Angeles Clippers,20,9,-0.359,1.266,0.967,1.625,0.784,0.893
2025,Thomas Bryant,C,Miami Heat,Minnesota Timberwolves,20,10,-0.359,1.008,0.908,1.367,0.815,0.871
2025,Thomas Bryant,C,Indiana Pacers,Cleveland Cavaliers,6,2,-0.193,0.96,0.849,1.153,0.841,0.846
2025,Thomas Bryant,C,Miami Heat,Denver Nuggets,20,8,-0.359,1.827,0.915,2.187,0.72,0.837
2025,Thomas Bryant,C,Miami Heat,Golden State Warriors,20,12,-0.359,-0.087,0.714,0.273,0.96,0.813
2025,Thomas Bryant,C,Indiana Pacers,Boston Celtics,6,3,-0.193,0.929,0.75,1.122,0.845,0.788
2025,Thomas Bryant,C,Miami Heat,Los Angeles Lakers,20,7,-0.359,1.908,0.837,2.267,0.712,0.787
2025,Thomas Bryant,C,Miami Heat,Memphis Grizzlies,20,13,-0.359,0.773,0.73,1.132,0.844,0.776
2025,Thomas Bryant,C,Miami Heat,Milwaukee Bucks,20,11,-0.359,0.498,0.702,0.858,0.879,0.773
2025,Thomas Bryant,C,Miami Heat,Detroit Pistons,20,14,-0.359,0.988,0.464,1.347,0.817,0.605
2025,Thomas Bryant,C,Miami Heat,Orlando Magic,20,15,-0.359,0.455,0.284,0.814,0.885,0.524
2025,Thomas Bryant,C,Indiana Pacers,Houston Rockets,6,4,-0.193,0.807,0.266,1.001,0.861,0.504
2025,Thomas Bryant,C,Miami Heat,Atlanta Hawks,20,16,-0.359,0.616,0.125,0.975,0.864,0.421
2025,Thomas Bryant,C,Indiana Pacers,New York Knicks,6,5,-0.193,1.332,0.159,1.526,0.795,0.413
2025,Thomas Bryant,C,Miami Heat,Sacramento Kings,20,17,-0.359,1.198,0.157,1.557,0.792,0.411
2025,Thomas Bryant,C,Indiana Pacers,Los Angeles Clippers,6,9,-0.193,1.266,0.038,1.459,0.803,0.344
2025,Thomas Bryant,C,Miami Heat,Chicago Bulls,20,18,-0.359,0.827,0.004,1.186,0.837,0.337
2025,Tidjane Salaün,PF,Charlotte Hornets,Oklahoma City Thunder,28,1,-0.493,0.795,3.349,1.288,0.824,2.339
2025,Tidjane Salaün,PF,Charlotte Hornets,Cleveland Cavaliers,28,2,-0.493,1.717,3.018,2.211,0.718,2.098
2025,Tidjane Salaün,PF,Charlotte Hornets,Boston Celtics,28,3,-0.493,1.509,2.92,2.002,0.741,2.048
2025,Tidjane Salaün,PF,Charlotte Hornets,Houston Rockets,28,4,-0.493,0.863,2.436,1.356,0.816,1.788
2025,Tidjane Salaün,PF,Charlotte Hornets,New York Knicks,28,5,-0.493,0.825,2.328,1.319,0.821,1.725
2025,Tidjane Salaün,PF,Charlotte Hornets,Los Angeles Clippers,28,9,-0.493,-0.25,2.207,0.243,0.964,1.71
2025,Tidjane Salaün,PF,Charlotte Hornets,Denver Nuggets,28,8,-0.493,0.4,2.155,0.893,0.875,1.643
2025,Tidjane Salaün,PF,Charlotte Hornets,Indiana Pacers,28,6,-0.493,0.96,2.169,1.453,0.804,1.623
2025,Tidjane Salaün,PF,Charlotte Hornets,Minnesota Timberwolves,28,10,-0.493,0.731,2.148,1.224,0.832,1.622
2025,Tidjane Salaün,PF,Charlotte Hornets,Los Angeles Lakers,28,7,-0.493,0.286,2.078,0.78,0.89,1.602
2025,Tidjane Salaün,PF,Charlotte Hornets,Memphis Grizzlies,28,13,-0.493,0.525,1.971,1.018,0.858,1.526
2025,Tidjane Salaün,PF,Charlotte Hornets,Golden State Warriors,28,12,-0.493,0.698,1.955,1.191,0.836,1.508
2025,Tidjane Salaün,PF,Charlotte Hornets,Milwaukee Bucks,28,11,-0.493,2.524,1.943,3.017,0.636,1.42
2025,Tidjane Salaün,PF,Charlotte Hornets,Detroit Pistons,28,14,-0.493,0.573,1.705,1.067,0.852,1.364
2025,Tidjane Salaün,PF,Charlotte Hornets,Orlando Magic,28,15,-0.493,1.217,1.525,1.711,0.774,1.224
2025,Tidjane Salaün,PF,Charlotte Hornets,Sacramento Kings,28,17,-0.493,0.523,1.398,1.016,0.859,1.182
2025,Tidjane Salaün,PF,Charlotte Hornets,Atlanta Hawks,28,16,-0.493,0.235,1.366,0.728,0.897,1.178
2025,Tidjane Salaün,PF,Charlotte Hornets,Chicago Bulls,28,18,-0.493,0.411,1.244,0.904,0.873,1.096
2025,Tidjane Salaün,PF,Charlotte Hornets,Miami Heat,28,20,-0.493,0.861,1.241,1.354,0.816,1.071
2025,Tidjane Salaün,PF,Charlotte Hornets,Dallas Mavericks,28,19,-0.493,1.939,1.215,2.432,0.694,1.007
2025,Tidjane Salaün,PF,Charlotte Hornets,Portland Trail Blazers,28,22,-0.493,0.482,0.949,0.975,0.864,0.915
2025,Tidjane Salaün,PF,Charlotte Hornets,Phoenix Suns,28,21,-0.493,1.486,0.945,1.979,0.743,0.864
2025,Tidjane Salaün,PF,Charlotte Hornets,San Antonio Spurs,28,23,-0.493,0.484,0.852,0.977,0.864,0.857
2025,Tidjane Salaün,PF,Charlotte Hornets,Toronto Raptors,28,24,-0.493,1.283,0.668,1.776,0.766,0.707
2025,Tidjane Salaün,PF,Charlotte Hornets,Brooklyn Nets,28,25,-0.493,0.624,0.383,1.117,0.846,0.568
2025,Tidjane Salaün,PF,Charlotte Hornets,Philadelphia 76ers,28,26,-0.493,0.711,0.325,1.205,0.835,0.529
2025,Tidjane Salaün,PF,Charlotte Hornets,New Orleans Pelicans,28,27,-0.493,1.672,0.047,2.165,0.723,0.318
2025,Tim Hardaway Jr.,SG,Detroit Pistons,Oklahoma City Thunder,14,1,0.072,1.265,1.644,1.194,0.836,1.321
2025,Tim Hardaway Jr.,SG,Detroit Pistons,Cleveland Cavaliers,14,2,0.072,1.342,1.313,1.27,0.827,1.118
2025,Tim Hardaway Jr.,SG,Detroit Pistons,Boston Celtics,14,3,0.072,0.808,1.215,0.736,0.895,1.087
2025,Tim Hardaway Jr.,SG,Detroit Pistons,Houston Rockets,14,4,0.072,0.724,0.731,0.652,0.907,0.801
2025,Tim Hardaway Jr.,SG,Detroit Pistons,New York Knicks,14,5,0.072,0.807,0.623,0.735,0.896,0.732
2025,Tim Hardaway Jr.,SG,Detroit Pistons,Indiana Pacers,14,6,0.072,0.275,0.464,0.203,0.97,0.667
2025,Tim Hardaway Jr.,SG,Detroit Pistons,Los Angeles Clippers,14,9,0.072,1.026,0.502,0.954,0.867,0.648
2025,Tim Hardaway Jr.,SG,Detroit Pistons,Denver Nuggets,14,8,0.072,0.812,0.45,0.74,0.895,0.628
2025,Tim Hardaway Jr.,SG,Detroit Pistons,Minnesota Timberwolves,14,10,0.072,1.353,0.443,1.282,0.825,0.596
2025,Tim Hardaway Jr.,SG,Detroit Pistons,Los Angeles Lakers,14,7,0.072,1.047,0.373,0.975,0.864,0.569
2025,Tim Hardaway Jr.,SG,Detroit Pistons,Golden State Warriors,14,12,0.072,0.448,0.25,0.376,0.945,0.528
2025,Tim Hardaway Jr.,SG,Detroit Pistons,Memphis Grizzlies,14,13,0.072,0.996,0.266,0.924,0.871,0.508
2025,Tim Hardaway Jr.,SG,Detroit Pistons,Milwaukee Bucks,14,11,0.072,0.683,0.237,0.611,0.912,0.507
2025,Tobias Harris,PF,Detroit Pistons,Oklahoma City Thunder,14,1,0.573,0.795,1.644,0.222,0.967,1.373
2025,Tobias Harris,PF,Detroit Pistons,Cleveland Cavaliers,14,2,0.573,1.717,1.313,1.144,0.842,1.125
2025,Tobias Harris,PF,Detroit Pistons,Boston Celtics,14,3,0.573,1.509,1.215,0.935,0.869,1.076
2025,Tobias Harris,PF,Detroit Pistons,Houston Rockets,14,4,0.573,0.863,0.731,0.29,0.957,0.821
2025,Tobias Harris,PF,Detroit Pistons,New York Knicks,14,5,0.573,0.825,0.623,0.252,0.963,0.759
2025,Tobias Harris,PF,Detroit Pistons,Los Angeles Clippers,14,9,0.573,-0.25,0.502,0,1,0.701
2025,Tobias Harris,PF,Detroit Pistons,Denver Nuggets,14,8,0.573,0.4,0.45,0,1,0.67
2025,Tobias Harris,PF,Detroit Pistons,Minnesota Timberwolves,14,10,0.573,0.731,0.443,0.158,0.977,0.657
2025,Tobias Harris,PF,Detroit Pistons,Indiana Pacers,14,6,0.573,0.96,0.464,0.386,0.944,0.656
2025,Tobias Harris,PF,Detroit Pistons,Los Angeles Lakers,14,7,0.573,0.286,0.373,0,1,0.624
2025,Tobias Harris,PF,Detroit Pistons,Memphis Grizzlies,14,13,0.573,0.525,0.266,0,1,0.559
2025,Tobias Harris,PF,Detroit Pistons,Golden State Warriors,14,12,0.573,0.698,0.25,0.124,0.982,0.543
2025,Tobias Harris,PF,Detroit Pistons,Milwaukee Bucks,14,11,0.573,2.524,0.237,1.951,0.746,0.441
2025,Tolu Smith,PF,Detroit Pistons,Oklahoma City Thunder,14,1,0.434,0.795,1.644,0.361,0.947,1.365
2025,Tolu Smith,PF,Detroit Pistons,Cleveland Cavaliers,14,2,0.434,1.717,1.313,1.284,0.825,1.118
2025,Tolu Smith,PF,Detroit Pistons,Boston Celtics,14,3,0.434,1.509,1.215,1.075,0.851,1.069
2025,Tolu Smith,PF,Detroit Pistons,Houston Rockets,14,4,0.434,0.863,0.731,0.429,0.938,0.813
2025,Tolu Smith,PF,Detroit Pistons,New York Knicks,14,5,0.434,0.825,0.623,0.392,0.943,0.751
2025,Tolu Smith,PF,Detroit Pistons,Los Angeles Clippers,14,9,0.434,-0.25,0.502,0,1,0.701
2025,Tolu Smith,PF,Detroit Pistons,Denver Nuggets,14,8,0.434,0.4,0.45,0,1,0.67
2025,Tolu Smith,PF,Detroit Pistons,Minnesota Timberwolves,14,10,0.434,0.731,0.443,0.298,0.956,0.649
2025,Tolu Smith,PF,Detroit Pistons,Indiana Pacers,14,6,0.434,0.96,0.464,0.526,0.924,0.648
2025,Tolu Smith,PF,Detroit Pistons,Los Angeles Lakers,14,7,0.434,0.286,0.373,0,1,0.624
2025,Tolu Smith,PF,Detroit Pistons,Memphis Grizzlies,14,13,0.434,0.525,0.266,0.091,0.986,0.554
2025,Tolu Smith,PF,Detroit Pistons,Golden State Warriors,14,12,0.434,0.698,0.25,0.264,0.961,0.534
2025,Tolu Smith,PF,Detroit Pistons,Milwaukee Bucks,14,11,0.434,2.524,0.237,2.09,0.731,0.435
2025,Tony Bradley,C,Indiana Pacers,Oklahoma City Thunder,6,1,-0.023,1.018,1.18,1.041,0.855,1.05
2025,Tony Bradley,C,Indiana Pacers,Cleveland Cavaliers,6,2,-0.023,0.96,0.849,0.983,0.863,0.854
2025,Tony Bradley,C,Indiana Pacers,Boston Celtics,6,3,-0.023,0.929,0.75,0.952,0.867,0.797
2025,Tony Bradley,C,Indiana Pacers,Houston Rockets,6,4,-0.023,0.807,0.266,0.831,0.883,0.513
2025,Tony Bradley,C,Indiana Pacers,New York Knicks,6,5,-0.023,1.332,0.159,1.356,0.816,0.422
2025,Tony Bradley,C,Indiana Pacers,Los Angeles Clippers,6,9,-0.023,1.266,0.038,1.289,0.824,0.352
2025,Torrey Craig,SF,Chicago Bulls,Oklahoma City Thunder,18,1,-0.118,0.332,2.105,0.449,0.935,1.637
2025,Torrey Craig,SF,Chicago Bulls,Cleveland Cavaliers,18,2,-0.118,0.475,1.774,0.592,0.915,1.43
2025,Torrey Craig,SF,Chicago Bulls,Boston Celtics,18,3,-0.118,1.283,1.675,1.401,0.81,1.329
2025,Torrey Craig,SF,Chicago Bulls,Houston Rockets,18,4,-0.118,1.573,1.191,1.69,0.776,1.025
2025,Torrey Craig,SF,Chicago Bulls,New York Knicks,18,5,-0.118,0.764,1.084,0.882,0.876,1.001
2025,Torrey Craig,SF,Chicago Bulls,Minnesota Timberwolves,18,10,-0.118,-0.433,0.904,0,1,0.942
2025,Torrey Craig,SF,Chicago Bulls,Indiana Pacers,18,6,-0.118,0.534,0.925,0.651,0.907,0.918
2025,Torrey Craig,SF,Chicago Bulls,Los Angeles Clippers,18,9,-0.118,1.392,0.963,1.509,0.797,0.897
2025,Torrey Craig,SF,Chicago Bulls,Denver Nuggets,18,8,-0.118,0.927,0.911,1.044,0.855,0.889
2025,Torrey Craig,SF,Chicago Bulls,Los Angeles Lakers,18,7,-0.118,2.119,0.833,2.236,0.715,0.786
2025,Torrey Craig,SF,Chicago Bulls,Milwaukee Bucks,18,11,-0.118,0.667,0.698,0.785,0.889,0.774
2025,Torrey Craig,SF,Chicago Bulls,Golden State Warriors,18,12,-0.118,1.484,0.711,1.602,0.786,0.741
2025,Torrey Craig,SF,Chicago Bulls,Detroit Pistons,18,14,-0.118,0.84,0.461,0.957,0.866,0.623
2025,Torrey Craig,SF,Boston Celtics,Oklahoma City Thunder,3,1,-0.337,0.332,0.429,0.669,0.904,0.619
2025,Torrey Craig,SF,Chicago Bulls,Orlando Magic,18,15,-0.118,1.486,0.28,1.604,0.786,0.483
2025,Torrey Craig,SF,Chicago Bulls,Sacramento Kings,18,17,-0.118,1.064,0.154,1.181,0.838,0.427
2025,Torrey Craig,SF,Boston Celtics,Cleveland Cavaliers,3,2,-0.337,0.475,0.098,0.812,0.885,0.413
2025,Torrey Craig,SF,Chicago Bulls,Atlanta Hawks,18,16,-0.118,1.882,0.122,2,0.741,0.369
2025,Tosan Evbuomwan,SF,Brooklyn Nets,Oklahoma City Thunder,25,1,0.239,0.332,2.966,0.093,0.986,2.174
2025,Tosan Evbuomwan,SF,Brooklyn Nets,Cleveland Cavaliers,25,2,0.239,0.475,2.635,0.236,0.965,1.967
2025,Tosan Evbuomwan,SF,Brooklyn Nets,Boston Celtics,25,3,0.239,1.283,2.536,1.044,0.855,1.864
2025,Tosan Evbuomwan,SF,Brooklyn Nets,Houston Rockets,25,4,0.239,1.573,2.052,1.334,0.819,1.559
2025,Tosan Evbuomwan,SF,Brooklyn Nets,New York Knicks,25,5,0.239,0.764,1.945,0.525,0.924,1.537
2025,Tosan Evbuomwan,SF,Brooklyn Nets,Minnesota Timberwolves,25,10,0.239,-0.433,1.765,0,1,1.459
2025,Tosan Evbuomwan,SF,Brooklyn Nets,Indiana Pacers,25,6,0.239,0.534,1.786,0.295,0.957,1.454
2025,Tosan Evbuomwan,SF,Brooklyn Nets,Los Angeles Clippers,25,9,0.239,1.392,1.824,1.153,0.841,1.431
2025,Tosan Evbuomwan,SF,Brooklyn Nets,Denver Nuggets,25,8,0.239,0.927,1.772,0.688,0.902,1.424
2025,Tosan Evbuomwan,SF,Brooklyn Nets,Los Angeles Lakers,25,7,0.239,2.119,1.694,1.88,0.754,1.318
2025,Tosan Evbuomwan,SF,Brooklyn Nets,Milwaukee Bucks,25,11,0.239,0.667,1.559,0.428,0.938,1.311
2025,Tosan Evbuomwan,SF,Brooklyn Nets,Golden State Warriors,25,12,0.239,1.484,1.572,1.245,0.83,1.275
2025,Tosan Evbuomwan,SF,Brooklyn Nets,Detroit Pistons,25,14,0.239,0.84,1.322,0.601,0.914,1.159
2025,Tosan Evbuomwan,SF,Brooklyn Nets,Orlando Magic,25,15,0.239,1.486,1.141,1.247,0.829,1.017
2025,Tosan Evbuomwan,SF,Brooklyn Nets,Sacramento Kings,25,17,0.239,1.064,1.015,0.824,0.884,0.962
2025,Tosan Evbuomwan,SF,Brooklyn Nets,Atlanta Hawks,25,16,0.239,1.882,0.983,1.643,0.782,0.902
2025,Tosan Evbuomwan,SF,Brooklyn Nets,Dallas Mavericks,25,19,0.239,0.6,0.831,0.361,0.947,0.878
2025,Tosan Evbuomwan,SF,Brooklyn Nets,Miami Heat,25,20,0.239,1.143,0.857,0.904,0.873,0.864
2025,Tosan Evbuomwan,SF,Brooklyn Nets,Chicago Bulls,25,18,0.239,1.234,0.861,0.995,0.861,0.861
2025,Tosan Evbuomwan,SF,Brooklyn Nets,Phoenix Suns,25,21,0.239,0.395,0.562,0.156,0.977,0.728
2025,Tosan Evbuomwan,SF,Brooklyn Nets,Portland Trail Blazers,25,22,0.239,1.194,0.566,0.955,0.867,0.686
2025,Tosan Evbuomwan,SF,Brooklyn Nets,San Antonio Spurs,25,23,0.239,0.392,0.468,0.153,0.977,0.672
2025,Tosan Evbuomwan,SF,Brooklyn Nets,Toronto Raptors,25,24,0.239,1.249,0.285,1.01,0.859,0.515
2025,Toumani Camara,PF,Portland Trail Blazers,Oklahoma City Thunder,22,1,0.482,0.795,2.4,0.313,0.954,1.822
2025,Toumani Camara,PF,Portland Trail Blazers,Cleveland Cavaliers,22,2,0.482,1.717,2.069,1.236,0.831,1.574
2025,Toumani Camara,PF,Portland Trail Blazers,Boston Celtics,22,3,0.482,1.509,1.97,1.027,0.857,1.525
2025,Toumani Camara,PF,Portland Trail Blazers,Houston Rockets,22,4,0.482,0.863,1.487,0.382,0.944,1.27
2025,Toumani Camara,PF,Portland Trail Blazers,New York Knicks,22,5,0.482,0.825,1.379,0.344,0.95,1.207
2025,Toumani Camara,PF,Portland Trail Blazers,Los Angeles Clippers,22,9,0.482,-0.25,1.258,0,1,1.155
2025,Toumani Camara,PF,Portland Trail Blazers,Denver Nuggets,22,8,0.482,0.4,1.206,0,1,1.124
2025,Toumani Camara,PF,Portland Trail Blazers,Minnesota Timberwolves,22,10,0.482,0.731,1.199,0.25,0.963,1.105
2025,Toumani Camara,PF,Portland Trail Blazers,Indiana Pacers,22,6,0.482,0.96,1.22,0.478,0.931,1.105
2025,Toumani Camara,PF,Portland Trail Blazers,Los Angeles Lakers,22,7,0.482,0.286,1.129,0,1,1.077
2025,Toumani Camara,PF,Portland Trail Blazers,Memphis Grizzlies,22,13,0.482,0.525,1.022,0.043,0.994,1.01
2025,Toumani Camara,PF,Portland Trail Blazers,Golden State Warriors,22,12,0.482,0.698,1.006,0.216,0.968,0.991
2025,Toumani Camara,PF,Portland Trail Blazers,Milwaukee Bucks,22,11,0.482,2.524,0.993,2.042,0.736,0.891
2025,Toumani Camara,PF,Portland Trail Blazers,Detroit Pistons,22,14,0.482,0.573,0.756,0.092,0.986,0.848
2025,Toumani Camara,PF,Portland Trail Blazers,Orlando Magic,22,15,0.482,1.217,0.576,0.736,0.896,0.704
2025,Toumani Camara,PF,Portland Trail Blazers,Sacramento Kings,22,17,0.482,0.523,0.449,0.041,0.994,0.667
2025,Toumani Camara,PF,Portland Trail Blazers,Atlanta Hawks,22,16,0.482,0.235,0.417,0,1,0.65
2025,Toumani Camara,PF,Portland Trail Blazers,Chicago Bulls,22,18,0.482,0.411,0.295,0,1,0.577
2025,Toumani Camara,PF,Portland Trail Blazers,Miami Heat,22,20,0.482,0.861,0.292,0.38,0.945,0.553
2025,Toumani Camara,PF,Portland Trail Blazers,Dallas Mavericks,22,19,0.482,1.939,0.266,1.457,0.804,0.481
2025,Trae Young,PG,Atlanta Hawks,Oklahoma City Thunder,16,1,1.258,1.646,1.983,0.388,0.943,1.567
2025,Trae Young,PG,Atlanta Hawks,Cleveland Cavaliers,16,2,1.258,0.908,1.652,0,1,1.391
2025,Trae Young,PG,Atlanta Hawks,Boston Celtics,16,3,1.258,0.432,1.553,0,1,1.332
2025,Trae Young,PG,Atlanta Hawks,Houston Rockets,16,4,1.258,0.457,1.07,0,1,1.042
2025,Trae Young,PG,Atlanta Hawks,New York Knicks,16,5,1.258,1.105,0.962,0,1,0.977
2025,Trae Young,PG,Atlanta Hawks,Los Angeles Clippers,16,9,1.258,1.03,0.841,0,1,0.905
2025,Trae Young,PG,Atlanta Hawks,Indiana Pacers,16,6,1.258,1.379,0.803,0.121,0.982,0.875
2025,Trae Young,PG,Atlanta Hawks,Denver Nuggets,16,8,1.258,0.822,0.789,0,1,0.874
2025,Trae Young,PG,Atlanta Hawks,Minnesota Timberwolves,16,10,1.258,0.2,0.782,0,1,0.869
2025,Trae Young,PG,Atlanta Hawks,Los Angeles Lakers,16,7,1.258,1.252,0.712,0,1,0.827
2025,Trae Young,PG,Atlanta Hawks,Memphis Grizzlies,16,13,1.258,0.849,0.605,0,1,0.763
2025,Trae Young,PG,Atlanta Hawks,Golden State Warriors,16,12,1.258,1.025,0.589,0,1,0.753
2025,Trae Young,PG,Atlanta Hawks,Milwaukee Bucks,16,11,1.258,1.065,0.576,0,1,0.746
2025,Trae Young,PG,Atlanta Hawks,Detroit Pistons,16,14,1.258,1.099,0.339,0,1,0.603
2025,Trae Young,PG,Atlanta Hawks,Orlando Magic,16,15,1.258,0.182,0.159,0,1,0.495
2025,Trae Young,PG,Atlanta Hawks,Sacramento Kings,16,17,1.258,0.871,0.032,0,1,0.419
2025,Trayce Jackson-Davis,C,Golden State Warriors,Oklahoma City Thunder,12,1,-0.087,1.018,1.394,1.104,0.847,1.175
2025,Trayce Jackson-Davis,C,Golden State Warriors,Cleveland Cavaliers,12,2,-0.087,0.96,1.063,1.046,0.855,0.98
2025,Trayce Jackson-Davis,C,Golden State Warriors,Boston Celtics,12,3,-0.087,0.929,0.964,1.016,0.859,0.922
2025,Trayce Jackson-Davis,C,Golden State Warriors,Houston Rockets,12,4,-0.087,0.807,0.481,0.894,0.875,0.638
2025,Trayce Jackson-Davis,C,Golden State Warriors,New York Knicks,12,5,-0.087,1.332,0.373,1.419,0.808,0.547
2025,Trayce Jackson-Davis,C,Golden State Warriors,Indiana Pacers,12,6,-0.087,0.754,0.214,0.841,0.881,0.481
2025,Trayce Jackson-Davis,C,Golden State Warriors,Los Angeles Clippers,12,9,-0.087,1.266,0.252,1.352,0.816,0.478
2025,Trayce Jackson-Davis,C,Golden State Warriors,Minnesota Timberwolves,12,10,-0.087,1.008,0.193,1.094,0.849,0.455
2025,Trayce Jackson-Davis,C,Golden State Warriors,Denver Nuggets,12,8,-0.087,1.827,0.2,1.914,0.75,0.42
2025,Trayce Jackson-Davis,C,Golden State Warriors,Los Angeles Lakers,12,7,-0.087,1.908,0.123,1.995,0.741,0.37
2025,Trayce Jackson-Davis,C,Golden State Warriors,Memphis Grizzlies,12,13,-0.087,0.773,0.016,0.86,0.879,0.361
2025,Tre Jones,PG,San Antonio Spurs,Oklahoma City Thunder,23,1,-0.041,1.646,2.497,1.687,0.776,1.809
2025,Tre Jones,PG,San Antonio Spurs,Cleveland Cavaliers,23,2,-0.041,0.908,2.166,0.949,0.867,1.647
2025,Tre Jones,PG,San Antonio Spurs,Boston Celtics,23,3,-0.041,0.432,2.068,0.472,0.932,1.613
2025,Tre Jones,PG,Chicago Bulls,Oklahoma City Thunder,18,1,0.626,1.646,2.105,1.02,0.858,1.606
2025,Tre Jones,PG,Chicago Bulls,Cleveland Cavaliers,18,2,0.626,0.908,1.774,0.282,0.959,1.448
2025,Tre Jones,PG,Chicago Bulls,Boston Celtics,18,3,0.626,0.432,1.675,0,1,1.405
2025,Tre Jones,PG,San Antonio Spurs,Houston Rockets,23,4,-0.041,0.457,1.584,0.497,0.928,1.322
2025,Tre Jones,PG,San Antonio Spurs,New York Knicks,23,5,-0.041,1.105,1.477,1.145,0.842,1.223
2025,Tre Jones,PG,San Antonio Spurs,Minnesota Timberwolves,23,10,-0.041,0.2,1.297,0.24,0.965,1.164
2025,Tre Jones,PG,San Antonio Spurs,Los Angeles Clippers,23,9,-0.041,1.03,1.355,1.07,0.852,1.154
2025,Tre Jones,PG,San Antonio Spurs,Denver Nuggets,23,8,-0.041,0.822,1.304,0.863,0.879,1.134
2025,Tre Jones,PG,Chicago Bulls,Houston Rockets,18,4,0.626,0.457,1.191,0,1,1.115
2025,Tre Jones,PG,San Antonio Spurs,Indiana Pacers,23,6,-0.041,1.379,1.318,1.419,0.808,1.114
2025,Tre Jones,PG,San Antonio Spurs,Los Angeles Lakers,23,7,-0.041,1.252,1.226,1.293,0.824,1.065
2025,Tre Jones,PG,Chicago Bulls,New York Knicks,18,5,0.626,1.105,1.084,0.479,0.931,1.023
2025,Tre Jones,PG,San Antonio Spurs,Memphis Grizzlies,23,13,-0.041,0.849,1.119,0.889,0.875,1.021
2025,Tre Jones,PG,San Antonio Spurs,Golden State Warriors,23,12,-0.041,1.025,1.103,1.065,0.852,1.003
2025,Tre Jones,PG,San Antonio Spurs,Milwaukee Bucks,23,11,-0.041,1.065,1.091,1.105,0.847,0.993
2025,Tre Jones,PG,Chicago Bulls,Los Angeles Clippers,18,9,0.626,1.03,0.963,0.404,0.941,0.954
2025,Tre Jones,PG,Chicago Bulls,Minnesota Timberwolves,18,10,0.626,0.2,0.904,0,1,0.942
2025,Tre Jones,PG,Chicago Bulls,Denver Nuggets,18,8,0.626,0.822,0.911,0.196,0.971,0.935
2025,Tre Jones,PG,Chicago Bulls,Indiana Pacers,18,6,0.626,1.379,0.925,0.753,0.893,0.912
2025,Tre Jones,PG,Chicago Bulls,Los Angeles Lakers,18,7,0.626,1.252,0.833,0.627,0.91,0.864
2025,Tre Jones,PG,San Antonio Spurs,Detroit Pistons,23,14,-0.041,1.099,0.853,1.139,0.843,0.849
2025,Tre Jones,PG,Chicago Bulls,Memphis Grizzlies,18,13,0.626,0.849,0.726,0.223,0.967,0.823
2025,Tre Jones,PG,Chicago Bulls,Golden State Warriors,18,12,0.626,1.025,0.711,0.399,0.942,0.803
2025,Tre Jones,PG,Chicago Bulls,Milwaukee Bucks,18,11,0.626,1.065,0.698,0.439,0.936,0.793
2025,Tre Jones,PG,San Antonio Spurs,Orlando Magic,23,15,-0.041,0.182,0.673,0.223,0.967,0.791
2025,Tre Jones,PG,San Antonio Spurs,Sacramento Kings,23,17,-0.041,0.871,0.546,0.912,0.872,0.677
2025,Tre Jones,PG,Chicago Bulls,Detroit Pistons,18,14,0.626,1.099,0.461,0.473,0.931,0.649
2025,Tre Jones,PG,San Antonio Spurs,Atlanta Hawks,23,16,-0.041,1.258,0.514,1.298,0.823,0.638
2025,Tre Jones,PG,San Antonio Spurs,Miami Heat,23,20,-0.041,0.39,0.389,0.431,0.937,0.608
2025,Tre Jones,PG,San Antonio Spurs,Chicago Bulls,23,18,-0.041,0.694,0.393,0.735,0.896,0.594
2025,Tre Jones,PG,Chicago Bulls,Orlando Magic,18,15,0.626,0.182,0.28,0,1,0.568
2025,Tre Jones,PG,San Antonio Spurs,Dallas Mavericks,23,19,-0.041,1.413,0.363,1.453,0.804,0.54
2025,Tre Jones,PG,Chicago Bulls,Sacramento Kings,18,17,0.626,0.871,0.154,0.246,0.964,0.478
2025,Tre Jones,PG,San Antonio Spurs,Portland Trail Blazers,23,22,-0.041,0.141,0.097,0.181,0.973,0.448
2025,Tre Jones,PG,Chicago Bulls,Atlanta Hawks,18,16,0.626,1.258,0.122,0.632,0.91,0.437
2025,Tre Jones,PG,San Antonio Spurs,Phoenix Suns,23,21,-0.041,0.387,0.093,0.428,0.938,0.431
2025,Tre Mann,PG,Charlotte Hornets,Oklahoma City Thunder,28,1,-0.057,1.646,3.349,1.703,0.775,2.319
2025,Tre Mann,PG,Charlotte Hornets,Cleveland Cavaliers,28,2,-0.057,0.908,3.018,0.965,0.865,2.157
2025,Tre Mann,PG,Charlotte Hornets,Boston Celtics,28,3,-0.057,0.432,2.92,0.488,0.929,2.123
2025,Tre Mann,PG,Charlotte Hornets,Houston Rockets,28,4,-0.057,0.457,2.436,0.514,0.926,1.832
2025,Tre Mann,PG,Charlotte Hornets,New York Knicks,28,5,-0.057,1.105,2.328,1.162,0.84,1.733
2025,Tre Mann,PG,Charlotte Hornets,Minnesota Timberwolves,28,10,-0.057,0.2,2.148,0.256,0.962,1.674
2025,Tre Mann,PG,Charlotte Hornets,Los Angeles Clippers,28,9,-0.057,1.03,2.207,1.087,0.85,1.664
2025,Tre Mann,PG,Charlotte Hornets,Denver Nuggets,28,8,-0.057,0.822,2.155,0.879,0.876,1.644
2025,Tre Mann,PG,Charlotte Hornets,Indiana Pacers,28,6,-0.057,1.379,2.169,1.436,0.806,1.624
2025,Tre Mann,PG,Charlotte Hornets,Los Angeles Lakers,28,7,-0.057,1.252,2.078,1.309,0.822,1.575
2025,Tre Mann,PG,Charlotte Hornets,Memphis Grizzlies,28,13,-0.057,0.849,1.971,0.905,0.873,1.532
2025,Tre Mann,PG,Charlotte Hornets,Golden State Warriors,28,12,-0.057,1.025,1.955,1.081,0.85,1.513
2025,Tre Mann,PG,Charlotte Hornets,Milwaukee Bucks,28,11,-0.057,1.065,1.943,1.122,0.845,1.504
2025,Tre Mann,PG,Charlotte Hornets,Detroit Pistons,28,14,-0.057,1.099,1.705,1.156,0.841,1.359
2025,Tre Mann,PG,Charlotte Hornets,Orlando Magic,28,15,-0.057,0.182,1.525,0.239,0.965,1.301
2025,Tre Mann,PG,Charlotte Hornets,Sacramento Kings,28,17,-0.057,0.871,1.398,0.928,0.87,1.187
2025,Tre Mann,PG,Charlotte Hornets,Atlanta Hawks,28,16,-0.057,1.258,1.366,1.315,0.821,1.148
2025,Tre Mann,PG,Charlotte Hornets,Miami Heat,28,20,-0.057,0.39,1.241,0.447,0.935,1.118
2025,Tre Mann,PG,Charlotte Hornets,Chicago Bulls,28,18,-0.057,0.694,1.244,0.751,0.893,1.104
2025,Tre Mann,PG,Charlotte Hornets,Dallas Mavericks,28,19,-0.057,1.413,1.215,1.469,0.802,1.05
2025,Tre Mann,PG,Charlotte Hornets,Portland Trail Blazers,28,22,-0.057,0.141,0.949,0.197,0.971,0.958
2025,Tre Mann,PG,Charlotte Hornets,Phoenix Suns,28,21,-0.057,0.387,0.945,0.444,0.936,0.941
2025,Tre Mann,PG,Charlotte Hornets,San Antonio Spurs,28,23,-0.057,0.766,0.852,0.823,0.884,0.865
2025,Tre Mann,PG,Charlotte Hornets,Toronto Raptors,28,24,-0.057,0.562,0.668,0.618,0.911,0.765
2025,Tre Mann,PG,Charlotte Hornets,Brooklyn Nets,28,25,-0.057,0.658,0.383,0.715,0.898,0.589
2025,Tre Mann,PG,Charlotte Hornets,Philadelphia 76ers,28,26,-0.057,1.022,0.325,1.078,0.851,0.535
2025,Tre Mann,PG,Charlotte Hornets,New Orleans Pelicans,28,27,-0.057,0.702,0.047,0.759,0.892,0.385
2025,Trendon Watford,PF,Brooklyn Nets,Oklahoma City Thunder,25,1,-0.074,0.795,2.966,0.869,0.878,2.13
2025,Trendon Watford,PF,Brooklyn Nets,Cleveland Cavaliers,25,2,-0.074,1.717,2.635,1.792,0.764,1.886
2025,Trendon Watford,PF,Brooklyn Nets,Boston Celtics,25,3,-0.074,1.509,2.536,1.583,0.789,1.837
2025,Trendon Watford,PF,Brooklyn Nets,Houston Rockets,25,4,-0.074,0.863,2.052,0.938,0.869,1.579
2025,Trendon Watford,PF,Brooklyn Nets,New York Knicks,25,5,-0.074,0.825,1.945,0.9,0.874,1.516
2025,Trendon Watford,PF,Brooklyn Nets,Los Angeles Clippers,25,9,-0.074,-0.25,1.824,0,1,1.494
2025,Trendon Watford,PF,Brooklyn Nets,Denver Nuggets,25,8,-0.074,0.4,1.772,0.474,0.931,1.436
2025,Trendon Watford,PF,Brooklyn Nets,Indiana Pacers,25,6,-0.074,0.96,1.786,1.034,0.856,1.414
2025,Trendon Watford,PF,Brooklyn Nets,Minnesota Timberwolves,25,10,-0.074,0.731,1.765,0.806,0.886,1.413
2025,Trendon Watford,PF,Brooklyn Nets,Los Angeles Lakers,25,7,-0.074,0.286,1.694,0.361,0.947,1.395
2025,Trendon Watford,PF,Brooklyn Nets,Memphis Grizzlies,25,13,-0.074,0.525,1.587,0.599,0.914,1.318
2025,Trendon Watford,PF,Brooklyn Nets,Golden State Warriors,25,12,-0.074,0.698,1.572,0.772,0.891,1.299
2025,Trendon Watford,PF,Brooklyn Nets,Milwaukee Bucks,25,11,-0.074,2.524,1.559,2.599,0.677,1.206
2025,Trendon Watford,PF,Brooklyn Nets,Detroit Pistons,25,14,-0.074,0.573,1.322,0.648,0.907,1.156
2025,Trendon Watford,PF,Brooklyn Nets,Orlando Magic,25,15,-0.074,1.217,1.141,1.292,0.824,1.014
2025,Trendon Watford,PF,Brooklyn Nets,Sacramento Kings,25,17,-0.074,0.523,1.015,0.597,0.914,0.975
2025,Trendon Watford,PF,Brooklyn Nets,Atlanta Hawks,25,16,-0.074,0.235,0.983,0.309,0.955,0.971
2025,Trendon Watford,PF,Brooklyn Nets,Chicago Bulls,25,18,-0.074,0.411,0.861,0.485,0.93,0.889
2025,Trendon Watford,PF,Brooklyn Nets,Miami Heat,25,20,-0.074,0.861,0.857,0.936,0.869,0.862
2025,Trendon Watford,PF,Brooklyn Nets,Dallas Mavericks,25,19,-0.074,1.939,0.831,2.013,0.739,0.795
2025,Trendon Watford,PF,Brooklyn Nets,Portland Trail Blazers,25,22,-0.074,0.482,0.566,0.556,0.92,0.707
2025,Trendon Watford,PF,Brooklyn Nets,Phoenix Suns,25,21,-0.074,1.486,0.562,1.561,0.791,0.654
2025,Trendon Watford,PF,Brooklyn Nets,San Antonio Spurs,25,23,-0.074,0.484,0.468,0.558,0.92,0.649
2025,Trendon Watford,PF,Brooklyn Nets,Toronto Raptors,25,24,-0.074,1.283,0.285,1.358,0.816,0.497
2025,Trentyn Flowers,SF,Los Angeles Clippers,Oklahoma City Thunder,9,1,-1.136,0.332,1.142,1.468,0.802,1.006
2025,Trentyn Flowers,SF,Los Angeles Clippers,Cleveland Cavaliers,9,2,-1.136,0.475,0.811,1.611,0.785,0.801
2025,Trentyn Flowers,SF,Los Angeles Clippers,Boston Celtics,9,3,-1.136,1.283,0.712,2.419,0.696,0.706
2025,Trentyn Flowers,SF,Los Angeles Clippers,Houston Rockets,9,4,-1.136,1.573,0.228,2.709,0.666,0.404
2025,Trentyn Flowers,SF,Los Angeles Clippers,New York Knicks,9,5,-1.136,0.764,0.121,1.9,0.752,0.373
2025,Trevelin Queen,SG,Orlando Magic,Oklahoma City Thunder,15,1,-0.195,1.265,1.824,1.46,0.803,1.416
2025,Trevelin Queen,SG,Orlando Magic,Cleveland Cavaliers,15,2,-0.195,1.342,1.493,1.537,0.794,1.214
2025,Trevelin Queen,SG,Orlando Magic,Boston Celtics,15,3,-0.195,0.808,1.395,1.003,0.86,1.181
2025,Trevelin Queen,SG,Orlando Magic,Houston Rockets,15,4,-0.195,0.724,0.911,0.919,0.871,0.895
2025,Trevelin Queen,SG,Orlando Magic,New York Knicks,15,5,-0.195,0.807,0.804,1.002,0.86,0.826
2025,Trevelin Queen,SG,Orlando Magic,Indiana Pacers,15,6,-0.195,0.275,0.645,0.47,0.932,0.76
2025,Trevelin Queen,SG,Orlando Magic,Los Angeles Clippers,15,9,-0.195,1.026,0.683,1.221,0.833,0.743
2025,Trevelin Queen,SG,Orlando Magic,Denver Nuggets,15,8,-0.195,0.812,0.631,1.007,0.86,0.722
2025,Trevelin Queen,SG,Orlando Magic,Minnesota Timberwolves,15,10,-0.195,1.353,0.624,1.548,0.793,0.691
2025,Trevelin Queen,SG,Orlando Magic,Los Angeles Lakers,15,7,-0.195,1.047,0.553,1.242,0.83,0.664
2025,Trevelin Queen,SG,Orlando Magic,Golden State Warriors,15,12,-0.195,0.448,0.43,0.643,0.908,0.621
2025,Trevelin Queen,SG,Orlando Magic,Memphis Grizzlies,15,13,-0.195,0.996,0.446,1.191,0.836,0.602
2025,Trevelin Queen,SG,Orlando Magic,Milwaukee Bucks,15,11,-0.195,0.683,0.418,0.878,0.877,0.601
2025,Trevelin Queen,SG,Orlando Magic,Detroit Pistons,15,14,-0.195,2.249,0.18,2.444,0.693,0.385
2025,Trey Alexander,SG,Denver Nuggets,Oklahoma City Thunder,8,1,-1.028,1.265,1.194,2.293,0.709,1
2025,Trey Alexander,SG,Denver Nuggets,Cleveland Cavaliers,8,2,-1.028,1.342,0.863,2.37,0.701,0.798
2025,Trey Alexander,SG,Denver Nuggets,Boston Celtics,8,3,-1.028,0.808,0.764,1.836,0.759,0.762
2025,Trey Alexander,SG,Denver Nuggets,Houston Rockets,8,4,-1.028,0.724,0.28,1.752,0.769,0.476
2025,Trey Alexander,SG,Denver Nuggets,New York Knicks,8,5,-1.028,0.807,0.173,1.835,0.759,0.407
2025,Trey Alexander,SG,Denver Nuggets,Indiana Pacers,8,6,-1.028,0.275,0.014,1.303,0.822,0.337
2025,Trey Alexander,SG,Denver Nuggets,Los Angeles Clippers,8,9,-1.028,1.026,0.052,2.054,0.735,0.325
2025,Trey Jemison,C,New Orleans Pelicans,Oklahoma City Thunder,27,1,-0.974,1.018,3.302,1.991,0.742,2.278
2025,Trey Jemison,C,New Orleans Pelicans,Cleveland Cavaliers,27,2,-0.974,0.96,2.971,1.934,0.748,2.082
2025,Trey Jemison,C,New Orleans Pelicans,Boston Celtics,27,3,-0.974,0.929,2.872,1.903,0.752,2.024
2025,Trey Jemison,C,New Orleans Pelicans,Houston Rockets,27,4,-0.974,0.807,2.388,1.781,0.766,1.739
2025,Trey Jemison,C,New Orleans Pelicans,New York Knicks,27,5,-0.974,1.332,2.281,2.306,0.708,1.652
2025,Trey Jemison,C,New Orleans Pelicans,Los Angeles Clippers,27,9,-0.974,1.266,2.16,2.239,0.715,1.582
2025,Trey Jemison,C,New Orleans Pelicans,Indiana Pacers,27,6,-0.974,0.754,2.122,1.728,0.772,1.582
2025,Trey Jemison,C,New Orleans Pelicans,Minnesota Timberwolves,27,10,-0.974,1.008,2.101,1.981,0.743,1.558
2025,Trey Jemison,C,New Orleans Pelicans,Denver Nuggets,27,8,-0.974,1.827,2.108,2.801,0.657,1.528
2025,Trey Jemison,C,New Orleans Pelicans,Golden State Warriors,27,12,-0.974,-0.087,1.908,0.887,0.875,1.495
2025,Trey Jemison,C,New Orleans Pelicans,Los Angeles Lakers,27,7,-0.974,1.908,2.03,2.882,0.649,1.478
2025,Trey Jemison,C,New Orleans Pelicans,Memphis Grizzlies,27,13,-0.974,0.773,1.923,1.747,0.769,1.462
2025,Trey Jemison,C,New Orleans Pelicans,Milwaukee Bucks,27,11,-0.974,0.498,1.895,1.472,0.802,1.458
2025,Trey Jemison,C,New Orleans Pelicans,Detroit Pistons,27,14,-0.974,0.988,1.658,1.961,0.745,1.293
2025,Trey Jemison,C,New Orleans Pelicans,Orlando Magic,27,15,-0.974,0.455,1.477,1.429,0.807,1.209
2025,Trey Jemison,C,New Orleans Pelicans,Atlanta Hawks,27,16,-0.974,0.616,1.319,1.59,0.788,1.106
2025,Trey Jemison,C,New Orleans Pelicans,Sacramento Kings,27,17,-0.974,1.198,1.351,2.172,0.722,1.099
2025,Trey Jemison,C,Los Angeles Lakers,Oklahoma City Thunder,7,1,-0.768,1.018,1.271,1.786,0.765,1.069
2025,Trey Jemison,C,New Orleans Pelicans,Miami Heat,27,20,-0.974,0.612,1.193,1.586,0.788,1.031
2025,Trey Jemison,C,New Orleans Pelicans,Chicago Bulls,27,18,-0.974,0.827,1.197,1.8,0.763,1.024
2025,Trey Jemison,C,New Orleans Pelicans,Dallas Mavericks,27,19,-0.974,1.114,1.167,2.088,0.731,0.993
2025,Trey Jemison,C,Los Angeles Lakers,Cleveland Cavaliers,7,2,-0.768,0.96,0.94,1.728,0.772,0.873
2025,Trey Jemison,C,New Orleans Pelicans,Phoenix Suns,27,21,-0.974,0.34,0.898,1.314,0.821,0.867
2025,Trey Jemison,C,New Orleans Pelicans,Portland Trail Blazers,27,22,-0.974,0.7,0.902,1.674,0.778,0.852
2025,Trey Jemison,C,Los Angeles Lakers,Boston Celtics,7,3,-0.768,0.929,0.842,1.697,0.775,0.815
2025,Trey Jemison,C,New Orleans Pelicans,San Antonio Spurs,27,23,-0.974,2.35,0.804,3.323,0.607,0.726
2025,Trey Jemison,C,New Orleans Pelicans,Toronto Raptors,27,24,-0.974,0.899,0.621,1.872,0.755,0.675
2025,Trey Jemison,C,Los Angeles Lakers,Houston Rockets,7,4,-0.768,0.807,0.358,1.576,0.79,0.531
2025,Trey Jemison,C,New Orleans Pelicans,Brooklyn Nets,27,25,-0.974,0.443,0.336,1.417,0.809,0.525
2025,Trey Jemison,C,New Orleans Pelicans,Philadelphia 76ers,27,26,-0.974,0.849,0.278,1.823,0.761,0.471
2025,Trey Jemison,C,Los Angeles Lakers,New York Knicks,7,5,-0.768,1.332,0.251,2.101,0.73,0.442
2025,Trey Jemison,C,Los Angeles Lakers,Los Angeles Clippers,7,9,-0.768,1.266,0.13,2.034,0.737,0.373
2025,Trey Jemison,C,Los Angeles Lakers,Indiana Pacers,7,6,-0.768,0.754,0.092,1.523,0.796,0.373
2025,Trey Jemison,C,Los Angeles Lakers,Minnesota Timberwolves,7,10,-0.768,1.008,0.071,1.776,0.766,0.349
2025,Trey Jemison,C,Los Angeles Lakers,Denver Nuggets,7,8,-0.768,1.827,0.078,2.595,0.678,0.318
2025,Trey Lyles,PF,Sacramento Kings,Oklahoma City Thunder,17,1,-0.161,0.795,1.951,0.956,0.866,1.517
2025,Trey Lyles,PF,Sacramento Kings,Cleveland Cavaliers,17,2,-0.161,1.717,1.62,1.878,0.754,1.274
2025,Trey Lyles,PF,Sacramento Kings,Boston Celtics,17,3,-0.161,1.509,1.521,1.669,0.778,1.224
2025,Trey Lyles,PF,Sacramento Kings,Houston Rockets,17,4,-0.161,0.863,1.038,1.024,0.858,0.966
2025,Trey Lyles,PF,Sacramento Kings,New York Knicks,17,5,-0.161,0.825,0.93,0.986,0.862,0.903
2025,Trey Lyles,PF,Sacramento Kings,Los Angeles Clippers,17,9,-0.161,-0.25,0.809,0,1,0.885
2025,Trey Lyles,PF,Sacramento Kings,Denver Nuggets,17,8,-0.161,0.4,0.757,0.561,0.919,0.822
2025,Trey Lyles,PF,Sacramento Kings,Indiana Pacers,17,6,-0.161,0.96,0.771,1.12,0.845,0.801
2025,Trey Lyles,PF,Sacramento Kings,Minnesota Timberwolves,17,10,-0.161,0.731,0.75,0.892,0.875,0.8
2025,Trey Lyles,PF,Sacramento Kings,Los Angeles Lakers,17,7,-0.161,0.286,0.68,0.447,0.935,0.782
2025,Trey Lyles,PF,Sacramento Kings,Memphis Grizzlies,17,13,-0.161,0.525,0.573,0.685,0.902,0.704
2025,Trey Lyles,PF,Sacramento Kings,Golden State Warriors,17,12,-0.161,0.698,0.557,0.859,0.879,0.686
2025,Trey Lyles,PF,Sacramento Kings,Milwaukee Bucks,17,11,-0.161,2.524,0.544,2.685,0.668,0.594
2025,Trey Lyles,PF,Sacramento Kings,Detroit Pistons,17,14,-0.161,0.573,0.307,0.734,0.896,0.542
2025,Trey Lyles,PF,Sacramento Kings,Orlando Magic,17,15,-0.161,1.217,0.127,1.378,0.813,0.401
2025,Trey Murphy III,SF,New Orleans Pelicans,Oklahoma City Thunder,27,1,1.217,0.332,3.302,0,1,2.381
2025,Trey Murphy III,SF,New Orleans Pelicans,Cleveland Cavaliers,27,2,1.217,0.475,2.971,0,1,2.182
2025,Trey Murphy III,SF,New Orleans Pelicans,Boston Celtics,27,3,1.217,1.283,2.872,0.067,0.99,2.119
2025,Trey Murphy III,SF,New Orleans Pelicans,Houston Rockets,27,4,1.217,1.573,2.388,0.356,0.948,1.812
2025,Trey Murphy III,SF,New Orleans Pelicans,New York Knicks,27,5,1.217,0.764,2.281,0,1,1.769
2025,Trey Murphy III,SF,New Orleans Pelicans,Los Angeles Clippers,27,9,1.217,1.392,2.16,0.175,0.974,1.686
2025,Trey Murphy III,SF,New Orleans Pelicans,Indiana Pacers,27,6,1.217,0.534,2.122,0,1,1.673
2025,Trey Murphy III,SF,New Orleans Pelicans,Denver Nuggets,27,8,1.217,0.927,2.108,0,1,1.665
2025,Trey Murphy III,SF,New Orleans Pelicans,Minnesota Timberwolves,27,10,1.217,-0.433,2.101,0,1,1.661
2025,Trey Murphy III,SF,New Orleans Pelicans,Los Angeles Lakers,27,7,1.217,2.119,2.03,0.902,0.873,1.567
2025,Trey Murphy III,SF,New Orleans Pelicans,Milwaukee Bucks,27,11,1.217,0.667,1.895,0,1,1.537
2025,Trey Murphy III,SF,New Orleans Pelicans,Golden State Warriors,27,12,1.217,1.484,1.908,0.267,0.961,1.529
2025,Trey Murphy III,SF,New Orleans Pelicans,Detroit Pistons,27,14,1.217,0.84,1.658,0,1,1.395
2025,Trey Murphy III,SF,New Orleans Pelicans,Orlando Magic,27,15,1.217,1.486,1.477,0.269,0.96,1.271
2025,Trey Murphy III,SF,New Orleans Pelicans,Sacramento Kings,27,17,1.217,1.064,1.351,0,1,1.21
2025,Trey Murphy III,SF,New Orleans Pelicans,Atlanta Hawks,27,16,1.217,1.882,1.319,0.665,0.905,1.153
2025,Trey Murphy III,SF,New Orleans Pelicans,Chicago Bulls,27,18,1.217,1.234,1.197,0.018,0.997,1.117
2025,Trey Murphy III,SF,New Orleans Pelicans,Miami Heat,27,20,1.217,1.143,1.193,0,1,1.116
2025,Trey Murphy III,SF,New Orleans Pelicans,Dallas Mavericks,27,19,1.217,0.6,1.167,0,1,1.1
2025,Trey Murphy III,SF,New Orleans Pelicans,Portland Trail Blazers,27,22,1.217,1.194,0.902,0,1,0.941
2025,Trey Murphy III,SF,New Orleans Pelicans,Phoenix Suns,27,21,1.217,0.395,0.898,0,1,0.939
2025,Trey Murphy III,SF,New Orleans Pelicans,San Antonio Spurs,27,23,1.217,0.392,0.804,0,1,0.883
2025,Trey Murphy III,SF,New Orleans Pelicans,Toronto Raptors,27,24,1.217,1.249,0.621,0.032,0.995,0.771
2025,Trey Murphy III,SF,New Orleans Pelicans,Brooklyn Nets,27,25,1.217,0.258,0.336,0,1,0.602
2025,Trey Murphy III,SF,New Orleans Pelicans,Philadelphia 76ers,27,26,1.217,0.804,0.278,0,1,0.567
2025,Tristan Da Silva,SF,Orlando Magic,Oklahoma City Thunder,15,1,-0.197,0.332,1.824,0.529,0.924,1.464
2025,Tristan Da Silva,SF,Orlando Magic,Cleveland Cavaliers,15,2,-0.197,0.475,1.493,0.672,0.904,1.258
2025,Tristan Da Silva,SF,Orlando Magic,Boston Celtics,15,3,-0.197,1.283,1.395,1.48,0.801,1.157
2025,Tristan Da Silva,SF,Orlando Magic,Houston Rockets,15,4,-0.197,1.573,0.911,1.77,0.767,0.853
2025,Tristan Da Silva,SF,Orlando Magic,New York Knicks,15,5,-0.197,0.764,0.804,0.961,0.866,0.828
2025,Tristan Da Silva,SF,Orlando Magic,Minnesota Timberwolves,15,10,-0.197,-0.433,0.624,0,1,0.774
2025,Tristan Da Silva,SF,Orlando Magic,Indiana Pacers,15,6,-0.197,0.534,0.645,0.731,0.896,0.745
2025,Tristan Da Silva,SF,Orlando Magic,Los Angeles Clippers,15,9,-0.197,1.392,0.683,1.588,0.788,0.725
2025,Tristan Da Silva,SF,Orlando Magic,Denver Nuggets,15,8,-0.197,0.927,0.631,1.124,0.845,0.716
2025,Tristan Da Silva,SF,Orlando Magic,Los Angeles Lakers,15,7,-0.197,2.119,0.553,2.315,0.707,0.614
2025,Tristan Da Silva,SF,Orlando Magic,Milwaukee Bucks,15,11,-0.197,0.667,0.418,0.864,0.878,0.602
2025,Tristan Da Silva,SF,Orlando Magic,Golden State Warriors,15,12,-0.197,1.484,0.43,1.681,0.777,0.569
2025,Tristan Da Silva,SF,Orlando Magic,Detroit Pistons,15,14,-0.197,0.84,0.18,1.037,0.856,0.451
2025,Tristan Thompson,C,Cleveland Cavaliers,Oklahoma City Thunder,2,1,-1.043,1.018,0.331,2.06,0.734,0.492
2025,Tristan Vukcevic,C,Washington Wizards,Oklahoma City Thunder,29,1,-0.102,1.018,3.577,1.12,0.845,2.485
2025,Tristan Vukcevic,C,Washington Wizards,Cleveland Cavaliers,29,2,-0.102,0.96,3.246,1.062,0.853,2.289
2025,Tristan Vukcevic,C,Washington Wizards,Boston Celtics,29,3,-0.102,0.929,3.148,1.031,0.857,2.231
2025,Tristan Vukcevic,C,Washington Wizards,Houston Rockets,29,4,-0.102,0.807,2.664,0.909,0.872,1.947
2025,Tristan Vukcevic,C,Washington Wizards,New York Knicks,29,5,-0.102,1.332,2.557,1.434,0.806,1.857
2025,Tristan Vukcevic,C,Washington Wizards,Indiana Pacers,29,6,-0.102,0.754,2.398,0.856,0.879,1.79
2025,Tristan Vukcevic,C,Washington Wizards,Los Angeles Clippers,29,9,-0.102,1.266,2.436,1.368,0.815,1.787
2025,Tristan Vukcevic,C,Washington Wizards,Minnesota Timberwolves,29,10,-0.102,1.008,2.377,1.11,0.847,1.765
2025,Tristan Vukcevic,C,Washington Wizards,Denver Nuggets,29,8,-0.102,1.827,2.384,1.929,0.749,1.73
2025,Tristan Vukcevic,C,Washington Wizards,Golden State Warriors,29,12,-0.102,-0.087,2.183,0.015,0.998,1.709
2025,Tristan Vukcevic,C,Washington Wizards,Los Angeles Lakers,29,7,-0.102,1.908,2.306,2.01,0.74,1.679
2025,Tristan Vukcevic,C,Washington Wizards,Memphis Grizzlies,29,13,-0.102,0.773,2.199,0.875,0.877,1.67
2025,Tristan Vukcevic,C,Washington Wizards,Milwaukee Bucks,29,11,-0.102,0.498,2.171,0.6,0.914,1.668
2025,Tristan Vukcevic,C,Washington Wizards,Detroit Pistons,29,14,-0.102,0.988,1.933,1.089,0.849,1.5
2025,Tristan Vukcevic,C,Washington Wizards,Orlando Magic,29,15,-0.102,0.455,1.753,0.557,0.92,1.42
2025,Tristan Vukcevic,C,Washington Wizards,Atlanta Hawks,29,16,-0.102,0.616,1.594,0.718,0.898,1.316
2025,Tristan Vukcevic,C,Washington Wizards,Sacramento Kings,29,17,-0.102,1.198,1.626,1.3,0.823,1.305
2025,Tristan Vukcevic,C,Washington Wizards,Miami Heat,29,20,-0.102,0.612,1.469,0.714,0.898,1.241
2025,Tristan Vukcevic,C,Washington Wizards,Chicago Bulls,29,18,-0.102,0.827,1.473,0.929,0.87,1.232
2025,Tristan Vukcevic,C,Washington Wizards,Dallas Mavericks,29,19,-0.102,1.114,1.443,1.216,0.833,1.199
2025,Tristan Vukcevic,C,Washington Wizards,Phoenix Suns,29,21,-0.102,0.34,1.173,0.442,0.936,1.078
2025,Tristan Vukcevic,C,Washington Wizards,Portland Trail Blazers,29,22,-0.102,0.7,1.177,0.802,0.887,1.061
2025,Tristan Vukcevic,C,Washington Wizards,San Antonio Spurs,29,23,-0.102,2.35,1.08,2.452,0.692,0.925
2025,Tristan Vukcevic,C,Washington Wizards,Toronto Raptors,29,24,-0.102,0.899,0.897,1.001,0.861,0.882
2025,Tristan Vukcevic,C,Washington Wizards,Brooklyn Nets,29,25,-0.102,0.443,0.612,0.545,0.922,0.736
2025,Tristan Vukcevic,C,Washington Wizards,Philadelphia 76ers,29,26,-0.102,0.849,0.554,0.951,0.867,0.679
2025,Tristan Vukcevic,C,Washington Wizards,New Orleans Pelicans,29,27,-0.102,0.363,0.276,0.465,0.933,0.539
2025,Tristan Vukcevic,C,Washington Wizards,Charlotte Hornets,29,28,-0.102,1.081,0.228,1.183,0.837,0.472
2025,Tristan Vukcevic,C,Washington Wizards,Utah Jazz,29,30,-0.102,1.536,0.073,1.638,0.782,0.356
2025,Tristen Newton,SG,Minnesota Timberwolves,Oklahoma City Thunder,10,1,-1.565,1.265,1.201,2.83,0.654,0.982
2025,Tristen Newton,SG,Indiana Pacers,Oklahoma City Thunder,6,1,-2.013,1.265,1.18,3.279,0.612,0.952
2025,Tristen Newton,SG,Minnesota Timberwolves,Cleveland Cavaliers,10,2,-1.565,1.342,0.87,2.907,0.647,0.78
2025,Tristen Newton,SG,Indiana Pacers,Cleveland Cavaliers,6,2,-2.013,1.342,0.849,3.355,0.605,0.751
2025,Tristen Newton,SG,Minnesota Timberwolves,Boston Celtics,10,3,-1.565,0.808,0.771,2.373,0.7,0.743
2025,Tristen Newton,SG,Indiana Pacers,Boston Celtics,6,3,-2.013,0.808,0.75,2.822,0.655,0.712
2025,Tristen Newton,SG,Minnesota Timberwolves,Houston Rockets,10,4,-1.565,0.724,0.287,2.289,0.709,0.456
2025,Tristen Newton,SG,Indiana Pacers,Houston Rockets,6,4,-2.013,0.724,0.266,2.738,0.663,0.425
2025,Tristen Newton,SG,Minnesota Timberwolves,New York Knicks,10,5,-1.565,0.807,0.18,2.372,0.701,0.388
2025,Tristen Newton,SG,Indiana Pacers,New York Knicks,6,5,-2.013,0.807,0.159,2.82,0.655,0.357
2025,Tristen Newton,SG,Minnesota Timberwolves,Indiana Pacers,10,6,-1.565,0.275,0.021,1.84,0.759,0.316
2025,Tristen Newton,SG,Minnesota Timberwolves,Los Angeles Clippers,10,9,-1.565,1.026,0.059,2.591,0.678,0.307
2025,Tristen Newton,SG,Minnesota Timberwolves,Denver Nuggets,10,8,-1.565,0.812,0.007,2.377,0.7,0.284
2025,Tristen Newton,SG,Indiana Pacers,Los Angeles Clippers,6,9,-2.013,1.026,0.038,3.039,0.634,0.276
2025,Ty Jerome,SG,Cleveland Cavaliers,Oklahoma City Thunder,2,1,0.811,1.265,0.331,0.455,0.934,0.572
2025,Tyler Herro,SG,Miami Heat,Oklahoma City Thunder,20,1,1.223,1.265,2.108,0.042,0.994,1.663
2025,Tyler Herro,SG,Miami Heat,Cleveland Cavaliers,20,2,1.223,1.342,1.777,0.119,0.982,1.459
2025,Tyler Herro,SG,Miami Heat,Boston Celtics,20,3,1.223,0.808,1.679,0,1,1.407
2025,Tyler Herro,SG,Miami Heat,Houston Rockets,20,4,1.223,0.724,1.195,0,1,1.117
2025,Tyler Herro,SG,Miami Heat,New York Knicks,20,5,1.223,0.807,1.088,0,1,1.053
2025,Tyler Herro,SG,Miami Heat,Los Angeles Clippers,20,9,1.223,1.026,0.967,0,1,0.98
2025,Tyler Herro,SG,Miami Heat,Indiana Pacers,20,6,1.223,0.275,0.929,0,1,0.957
2025,Tyler Herro,SG,Miami Heat,Denver Nuggets,20,8,1.223,0.812,0.915,0,1,0.949
2025,Tyler Herro,SG,Miami Heat,Minnesota Timberwolves,20,10,1.223,1.353,0.908,0.13,0.981,0.937
2025,Tyler Herro,SG,Miami Heat,Los Angeles Lakers,20,7,1.223,1.047,0.837,0,1,0.902
2025,Tyler Herro,SG,Miami Heat,Memphis Grizzlies,20,13,1.223,0.996,0.73,0,1,0.838
2025,Tyler Herro,SG,Miami Heat,Golden State Warriors,20,12,1.223,0.448,0.714,0,1,0.829
2025,Tyler Herro,SG,Miami Heat,Milwaukee Bucks,20,11,1.223,0.683,0.702,0,1,0.821
2025,Tyler Herro,SG,Miami Heat,Detroit Pistons,20,14,1.223,2.249,0.464,1.026,0.857,0.622
2025,Tyler Herro,SG,Miami Heat,Orlando Magic,20,15,1.223,0.142,0.284,0,1,0.57
2025,Tyler Herro,SG,Miami Heat,Sacramento Kings,20,17,1.223,0.908,0.157,0,1,0.494
2025,Tyler Herro,SG,Miami Heat,Atlanta Hawks,20,16,1.223,1.001,0.125,0,1,0.475
2025,Tyler Herro,SG,Miami Heat,Chicago Bulls,20,18,1.223,0.842,0.004,0,1,0.402
2025,Tyler Kolek,PG,New York Knicks,Oklahoma City Thunder,5,1,-0.596,1.646,1.021,2.242,0.714,0.898
2025,Tyler Kolek,PG,New York Knicks,Cleveland Cavaliers,5,2,-0.596,0.908,0.69,1.504,0.798,0.733
2025,Tyler Kolek,PG,New York Knicks,Boston Celtics,5,3,-0.596,0.432,0.591,1.027,0.857,0.698
2025,Tyler Kolek,PG,New York Knicks,Houston Rockets,5,4,-0.596,0.457,0.107,1.052,0.854,0.406
2025,Tyler Smith,PF,Milwaukee Bucks,Oklahoma City Thunder,11,1,-0.595,0.795,1.406,1.39,0.812,1.169
2025,Tyler Smith,PF,Milwaukee Bucks,Cleveland Cavaliers,11,2,-0.595,1.717,1.075,2.313,0.707,0.928
2025,Tyler Smith,PF,Milwaukee Bucks,Boston Celtics,11,3,-0.595,1.509,0.977,2.104,0.729,0.878
2025,Tyler Smith,PF,Milwaukee Bucks,Houston Rockets,11,4,-0.595,0.863,0.493,1.458,0.804,0.617
2025,Tyler Smith,PF,Milwaukee Bucks,New York Knicks,11,5,-0.595,0.825,0.386,1.421,0.808,0.555
2025,Tyler Smith,PF,Milwaukee Bucks,Los Angeles Clippers,11,9,-0.595,-0.25,0.265,0.345,0.95,0.539
2025,Tyler Smith,PF,Milwaukee Bucks,Denver Nuggets,11,8,-0.595,0.4,0.213,0.995,0.861,0.472
2025,Tyler Smith,PF,Milwaukee Bucks,Indiana Pacers,11,6,-0.595,0.96,0.227,1.555,0.792,0.453
2025,Tyler Smith,PF,Milwaukee Bucks,Minnesota Timberwolves,11,10,-0.595,0.731,0.206,1.326,0.82,0.451
2025,Tyler Smith,PF,Milwaukee Bucks,Los Angeles Lakers,11,7,-0.595,0.286,0.135,0.882,0.876,0.431
2025,Tyler Smith,PF,Milwaukee Bucks,Memphis Grizzlies,11,13,-0.595,0.525,0.028,1.12,0.845,0.355
2025,Tyler Smith,PF,Milwaukee Bucks,Golden State Warriors,11,12,-0.595,0.698,0.013,1.293,0.824,0.337
2025,Tyrese Haliburton,PG,Indiana Pacers,Oklahoma City Thunder,6,1,1.379,1.646,1.18,0.267,0.961,1.092
2025,Tyrese Haliburton,PG,Indiana Pacers,Cleveland Cavaliers,6,2,1.379,0.908,0.849,0,1,0.909
2025,Tyrese Haliburton,PG,Indiana Pacers,Boston Celtics,6,3,1.379,0.432,0.75,0,1,0.85
2025,Tyrese Haliburton,PG,Indiana Pacers,Houston Rockets,6,4,1.379,0.457,0.266,0,1,0.56
2025,Tyrese Haliburton,PG,Indiana Pacers,New York Knicks,6,5,1.379,1.105,0.159,0,1,0.495
2025,Tyrese Haliburton,PG,Indiana Pacers,Los Angeles Clippers,6,9,1.379,1.03,0.038,0,1,0.423
2025,Tyrese Martin,SG,Brooklyn Nets,Oklahoma City Thunder,25,1,-0.053,1.265,2.966,1.318,0.821,2.108
2025,Tyrese Martin,SG,Brooklyn Nets,Cleveland Cavaliers,25,2,-0.053,1.342,2.635,1.394,0.811,1.905
2025,Tyrese Martin,SG,Brooklyn Nets,Boston Celtics,25,3,-0.053,0.808,2.536,0.861,0.879,1.873
2025,Tyrese Martin,SG,Brooklyn Nets,Houston Rockets,25,4,-0.053,0.724,2.052,0.777,0.89,1.587
2025,Tyrese Martin,SG,Brooklyn Nets,New York Knicks,25,5,-0.053,0.807,1.945,0.859,0.879,1.519
2025,Tyrese Martin,SG,Brooklyn Nets,Indiana Pacers,25,6,-0.053,0.275,1.786,0.327,0.952,1.452
2025,Tyrese Martin,SG,Brooklyn Nets,Los Angeles Clippers,25,9,-0.053,1.026,1.824,1.078,0.851,1.435
2025,Tyrese Martin,SG,Brooklyn Nets,Denver Nuggets,25,8,-0.053,0.812,1.772,0.865,0.878,1.415
2025,Tyrese Martin,SG,Brooklyn Nets,Minnesota Timberwolves,25,10,-0.053,1.353,1.765,1.406,0.81,1.383
2025,Tyrese Martin,SG,Brooklyn Nets,Los Angeles Lakers,25,7,-0.053,1.047,1.694,1.1,0.848,1.356
2025,Tyrese Martin,SG,Brooklyn Nets,Golden State Warriors,25,12,-0.053,0.448,1.572,0.501,0.928,1.314
2025,Tyrese Martin,SG,Brooklyn Nets,Milwaukee Bucks,25,11,-0.053,0.683,1.559,0.735,0.896,1.294
2025,Tyrese Martin,SG,Brooklyn Nets,Memphis Grizzlies,25,13,-0.053,0.996,1.587,1.048,0.855,1.294
2025,Tyrese Martin,SG,Brooklyn Nets,Detroit Pistons,25,14,-0.053,2.249,1.322,2.302,0.708,1.076
2025,Tyrese Martin,SG,Brooklyn Nets,Orlando Magic,25,15,-0.053,0.142,1.141,0.194,0.971,1.073
2025,Tyrese Martin,SG,Brooklyn Nets,Sacramento Kings,25,17,-0.053,0.908,1.015,0.961,0.866,0.955
2025,Tyrese Martin,SG,Brooklyn Nets,Atlanta Hawks,25,16,-0.053,1.001,0.983,1.054,0.854,0.931
2025,Tyrese Martin,SG,Brooklyn Nets,Chicago Bulls,25,18,-0.053,0.842,0.861,0.894,0.874,0.866
2025,Tyrese Martin,SG,Brooklyn Nets,Miami Heat,25,20,-0.053,1.223,0.857,1.276,0.826,0.845
2025,Tyrese Martin,SG,Brooklyn Nets,Dallas Mavericks,25,19,-0.053,1.335,0.831,1.388,0.812,0.824
2025,Tyrese Martin,SG,Brooklyn Nets,Portland Trail Blazers,25,22,-0.053,0.782,0.566,0.835,0.882,0.692
2025,Tyrese Martin,SG,Brooklyn Nets,Phoenix Suns,25,21,-0.053,1.298,0.562,1.351,0.817,0.664
2025,Tyrese Martin,SG,Brooklyn Nets,San Antonio Spurs,25,23,-0.053,0.668,0.468,0.72,0.898,0.64
2025,Tyrese Martin,SG,Brooklyn Nets,Toronto Raptors,25,24,-0.053,0.479,0.285,0.532,0.923,0.54
2025,Tyrese Maxey,PG,Philadelphia 76ers,Oklahoma City Thunder,26,1,1.022,1.646,3.024,0.624,0.911,2.178
2025,Tyrese Maxey,PG,Philadelphia 76ers,Cleveland Cavaliers,26,2,1.022,0.908,2.693,0,1,2.016
2025,Tyrese Maxey,PG,Philadelphia 76ers,Boston Celtics,26,3,1.022,0.432,2.594,0,1,1.957
2025,Tyrese Maxey,PG,Philadelphia 76ers,Houston Rockets,26,4,1.022,0.457,2.11,0,1,1.666
2025,Tyrese Maxey,PG,Philadelphia 76ers,New York Knicks,26,5,1.022,1.105,2.003,0.083,0.988,1.597
2025,Tyrese Maxey,PG,Philadelphia 76ers,Los Angeles Clippers,26,9,1.022,1.03,1.882,0.008,0.999,1.529
2025,Tyrese Maxey,PG,Philadelphia 76ers,Denver Nuggets,26,8,1.022,0.822,1.83,0,1,1.498
2025,Tyrese Maxey,PG,Philadelphia 76ers,Minnesota Timberwolves,26,10,1.022,0.2,1.823,0,1,1.494
2025,Tyrese Maxey,PG,Philadelphia 76ers,Indiana Pacers,26,6,1.022,1.379,1.844,0.357,0.948,1.486
2025,Tyrese Maxey,PG,Philadelphia 76ers,Los Angeles Lakers,26,7,1.022,1.252,1.752,0.231,0.966,1.438
2025,Tyrese Maxey,PG,Philadelphia 76ers,Memphis Grizzlies,26,13,1.022,0.849,1.645,0,1,1.387
2025,Tyrese Maxey,PG,Philadelphia 76ers,Golden State Warriors,26,12,1.022,1.025,1.63,0.003,1,1.378
2025,Tyrese Maxey,PG,Philadelphia 76ers,Milwaukee Bucks,26,11,1.022,1.065,1.617,0.043,0.994,1.368
2025,Tyrese Maxey,PG,Philadelphia 76ers,Detroit Pistons,26,14,1.022,1.099,1.38,0.077,0.988,1.223
2025,Tyrese Maxey,PG,Philadelphia 76ers,Orlando Magic,26,15,1.022,0.182,1.199,0,1,1.12
2025,Tyrese Maxey,PG,Philadelphia 76ers,Sacramento Kings,26,17,1.022,0.871,1.073,0,1,1.044
2025,Tyrese Maxey,PG,Philadelphia 76ers,Atlanta Hawks,26,16,1.022,1.258,1.041,0.236,0.965,1.011
2025,Tyrese Maxey,PG,Philadelphia 76ers,Chicago Bulls,26,18,1.022,0.694,0.919,0,1,0.951
2025,Tyrese Maxey,PG,Philadelphia 76ers,Miami Heat,26,20,1.022,0.39,0.915,0,1,0.949
2025,Tyrese Maxey,PG,Philadelphia 76ers,Dallas Mavericks,26,19,1.022,1.413,0.89,0.391,0.943,0.911
2025,Tyrese Maxey,PG,Philadelphia 76ers,Portland Trail Blazers,26,22,1.022,0.141,0.624,0,1,0.774
2025,Tyrese Maxey,PG,Philadelphia 76ers,Phoenix Suns,26,21,1.022,0.387,0.62,0,1,0.772
2025,Tyrese Maxey,PG,Philadelphia 76ers,San Antonio Spurs,26,23,1.022,0.766,0.526,0,1,0.716
2025,Tyrese Maxey,PG,Philadelphia 76ers,Toronto Raptors,26,24,1.022,0.562,0.343,0,1,0.606
2025,Tyrese Maxey,PG,Philadelphia 76ers,Brooklyn Nets,26,25,1.022,0.658,0.058,0,1,0.435
2025,Tyson Etienne,PG,Brooklyn Nets,Oklahoma City Thunder,25,1,-0.634,1.646,2.966,2.28,0.71,2.063
2025,Tyson Etienne,PG,Brooklyn Nets,Cleveland Cavaliers,25,2,-0.634,0.908,2.635,1.542,0.793,1.898
2025,Tyson Etienne,PG,Brooklyn Nets,Boston Celtics,25,3,-0.634,0.432,2.536,1.066,0.852,1.863
2025,Tyson Etienne,PG,Brooklyn Nets,Houston Rockets,25,4,-0.634,0.457,2.052,1.091,0.849,1.571
2025,Tyson Etienne,PG,Brooklyn Nets,New York Knicks,25,5,-0.634,1.105,1.945,1.739,0.77,1.475
2025,Tyson Etienne,PG,Brooklyn Nets,Minnesota Timberwolves,25,10,-0.634,0.2,1.765,0.834,0.882,1.412
2025,Tyson Etienne,PG,Brooklyn Nets,Los Angeles Clippers,25,9,-0.634,1.03,1.824,1.664,0.779,1.406
2025,Tyson Etienne,PG,Brooklyn Nets,Denver Nuggets,25,8,-0.634,0.822,1.772,1.456,0.804,1.385
2025,Tyson Etienne,PG,Brooklyn Nets,Indiana Pacers,25,6,-0.634,1.379,1.786,2.013,0.739,1.367
2025,Tyson Etienne,PG,Brooklyn Nets,Los Angeles Lakers,25,7,-0.634,1.252,1.694,1.887,0.754,1.318
2025,Tyson Etienne,PG,Brooklyn Nets,Memphis Grizzlies,25,13,-0.634,0.849,1.587,1.483,0.801,1.273
2025,Tyson Etienne,PG,Brooklyn Nets,Golden State Warriors,25,12,-0.634,1.025,1.572,1.659,0.78,1.255
2025,Tyson Etienne,PG,Brooklyn Nets,Milwaukee Bucks,25,11,-0.634,1.065,1.559,1.699,0.775,1.245
2025,Tyson Etienne,PG,Brooklyn Nets,Detroit Pistons,25,14,-0.634,1.099,1.322,1.733,0.771,1.101
2025,Tyson Etienne,PG,Brooklyn Nets,Orlando Magic,25,15,-0.634,0.182,1.141,0.816,0.885,1.039
2025,Tyson Etienne,PG,Brooklyn Nets,Sacramento Kings,25,17,-0.634,0.871,1.015,1.505,0.798,0.928
2025,Tyson Etienne,PG,Brooklyn Nets,Atlanta Hawks,25,16,-0.634,1.258,0.983,1.892,0.753,0.891
2025,Tyson Etienne,PG,Brooklyn Nets,Miami Heat,25,20,-0.634,0.39,0.857,1.024,0.858,0.857
2025,Tyson Etienne,PG,Brooklyn Nets,Chicago Bulls,25,18,-0.634,0.694,0.861,1.328,0.819,0.844
2025,Tyson Etienne,PG,Brooklyn Nets,Dallas Mavericks,25,19,-0.634,1.413,0.831,2.047,0.736,0.793
2025,Tyson Etienne,PG,Brooklyn Nets,Portland Trail Blazers,25,22,-0.634,0.141,0.566,0.775,0.89,0.696
2025,Tyson Etienne,PG,Brooklyn Nets,Phoenix Suns,25,21,-0.634,0.387,0.562,1.021,0.858,0.68
2025,Tyson Etienne,PG,Brooklyn Nets,San Antonio Spurs,25,23,-0.634,0.766,0.468,1.4,0.811,0.605
2025,Tyson Etienne,PG,Brooklyn Nets,Toronto Raptors,25,24,-0.634,0.562,0.285,1.196,0.836,0.505
2025,TyTy Washington Jr.,PG,Phoenix Suns,Oklahoma City Thunder,21,1,-0.869,1.646,2.404,2.515,0.686,1.717
2025,TyTy Washington Jr.,PG,Phoenix Suns,Cleveland Cavaliers,21,2,-0.869,0.908,2.073,1.777,0.766,1.55
2025,TyTy Washington Jr.,PG,Phoenix Suns,Boston Celtics,21,3,-0.869,0.432,1.974,1.301,0.823,1.514
2025,TyTy Washington Jr.,PG,Phoenix Suns,Houston Rockets,21,4,-0.869,0.457,1.491,1.326,0.82,1.222
2025,TyTy Washington Jr.,PG,Phoenix Suns,New York Knicks,21,5,-0.869,1.105,1.383,1.974,0.744,1.127
2025,TyTy Washington Jr.,PG,Phoenix Suns,Minnesota Timberwolves,21,10,-0.869,0.2,1.203,1.069,0.852,1.063
2025,TyTy Washington Jr.,PG,Phoenix Suns,Los Angeles Clippers,21,9,-0.869,1.03,1.262,1.899,0.752,1.058
2025,TyTy Washington Jr.,PG,Phoenix Suns,Denver Nuggets,21,8,-0.869,0.822,1.21,1.691,0.776,1.037
2025,TyTy Washington Jr.,PG,Phoenix Suns,Indiana Pacers,21,6,-0.869,1.379,1.224,2.248,0.714,1.02
2025,TyTy Washington Jr.,PG,Phoenix Suns,Los Angeles Lakers,21,7,-0.869,1.252,1.132,2.122,0.727,0.97
2025,TyTy Washington Jr.,PG,Phoenix Suns,Memphis Grizzlies,21,13,-0.869,0.849,1.025,1.718,0.773,0.924
2025,TyTy Washington Jr.,PG,Phoenix Suns,Golden State Warriors,21,12,-0.869,1.025,1.01,1.894,0.753,0.907
2025,TyTy Washington Jr.,PG,Phoenix Suns,Milwaukee Bucks,21,11,-0.869,1.065,0.997,1.934,0.748,0.898
2025,TyTy Washington Jr.,PG,Phoenix Suns,Detroit Pistons,21,14,-0.869,1.099,0.76,1.968,0.744,0.754
2025,TyTy Washington Jr.,PG,Phoenix Suns,Orlando Magic,21,15,-0.869,0.182,0.58,1.051,0.854,0.689
2025,TyTy Washington Jr.,PG,Phoenix Suns,Sacramento Kings,21,17,-0.869,0.871,0.453,1.741,0.77,0.58
2025,TyTy Washington Jr.,PG,Phoenix Suns,Atlanta Hawks,21,16,-0.869,1.258,0.421,2.127,0.727,0.543
2025,TyTy Washington Jr.,PG,Phoenix Suns,Miami Heat,21,20,-0.869,0.39,0.295,1.26,0.828,0.508
2025,TyTy Washington Jr.,PG,Phoenix Suns,Chicago Bulls,21,18,-0.869,0.694,0.299,1.564,0.791,0.496
2025,TyTy Washington Jr.,PG,Phoenix Suns,Dallas Mavericks,21,19,-0.869,1.413,0.27,2.282,0.71,0.446
2025,TyTy Washington Jr.,PG,Phoenix Suns,Portland Trail Blazers,21,22,-0.869,0.141,0.004,1.01,0.859,0.346
2025,Tyus Jones,PG,Phoenix Suns,Oklahoma City Thunder,21,1,0.387,1.646,2.404,1.259,0.828,1.773
2025,Tyus Jones,PG,Phoenix Suns,Cleveland Cavaliers,21,2,0.387,0.908,2.073,0.521,0.925,1.614
2025,Tyus Jones,PG,Phoenix Suns,Boston Celtics,21,3,0.387,0.432,1.974,0.045,0.993,1.582
2025,Tyus Jones,PG,Phoenix Suns,Houston Rockets,21,4,0.387,0.457,1.491,0.07,0.99,1.29
2025,Tyus Jones,PG,Phoenix Suns,New York Knicks,21,5,0.387,1.105,1.383,0.718,0.898,1.189
2025,Tyus Jones,PG,Phoenix Suns,Minnesota Timberwolves,21,10,0.387,0.2,1.203,0,1,1.122
2025,Tyus Jones,PG,Phoenix Suns,Los Angeles Clippers,21,9,0.387,1.03,1.262,0.643,0.908,1.12
2025,Tyus Jones,PG,Phoenix Suns,Denver Nuggets,21,8,0.387,0.822,1.21,0.435,0.937,1.101
2025,Tyus Jones,PG,Phoenix Suns,Indiana Pacers,21,6,0.387,1.379,1.224,0.992,0.862,1.079
2025,Tyus Jones,PG,Phoenix Suns,Los Angeles Lakers,21,7,0.387,1.252,1.132,0.865,0.878,1.031
2025,Tyus Jones,PG,Phoenix Suns,Memphis Grizzlies,21,13,0.387,0.849,1.025,0.462,0.933,0.989
2025,Tyus Jones,PG,Phoenix Suns,Golden State Warriors,21,12,0.387,1.025,1.01,0.638,0.909,0.969
2025,Tyus Jones,PG,Phoenix Suns,Milwaukee Bucks,21,11,0.387,1.065,0.997,0.678,0.903,0.96
2025,Tyus Jones,PG,Phoenix Suns,Detroit Pistons,21,14,0.387,1.099,0.76,0.712,0.899,0.815
2025,Tyus Jones,PG,Phoenix Suns,Orlando Magic,21,15,0.387,0.182,0.58,0,1,0.748
2025,Tyus Jones,PG,Phoenix Suns,Sacramento Kings,21,17,0.387,0.871,0.453,0.484,0.93,0.644
2025,Tyus Jones,PG,Phoenix Suns,Atlanta Hawks,21,16,0.387,1.258,0.421,0.871,0.878,0.604
2025,Tyus Jones,PG,Phoenix Suns,Miami Heat,21,20,0.387,0.39,0.295,0.003,1,0.577
2025,Tyus Jones,PG,Phoenix Suns,Chicago Bulls,21,18,0.387,0.694,0.299,0.307,0.955,0.562
2025,Tyus Jones,PG,Phoenix Suns,Dallas Mavericks,21,19,0.387,1.413,0.27,1.026,0.857,0.505
2025,Tyus Jones,PG,Phoenix Suns,Portland Trail Blazers,21,22,0.387,0.141,0.004,0,1,0.402
2025,Ulrich Chomche,PF,Toronto Raptors,Oklahoma City Thunder,24,1,-1.244,0.795,2.681,2.039,0.736,1.903
2025,Ulrich Chomche,PF,Toronto Raptors,Cleveland Cavaliers,24,2,-1.244,1.717,2.35,2.962,0.641,1.666
2025,Ulrich Chomche,PF,Toronto Raptors,Boston Celtics,24,3,-1.244,1.509,2.251,2.753,0.662,1.615
2025,Ulrich Chomche,PF,Toronto Raptors,Houston Rockets,24,4,-1.244,0.863,1.768,2.108,0.729,1.352
2025,Ulrich Chomche,PF,Toronto Raptors,New York Knicks,24,5,-1.244,0.825,1.66,2.07,0.733,1.289
2025,Ulrich Chomche,PF,Toronto Raptors,Los Angeles Clippers,24,9,-1.244,-0.25,1.539,0.995,0.861,1.268
2025,Ulrich Chomche,PF,Toronto Raptors,Denver Nuggets,24,8,-1.244,0.4,1.487,1.644,0.781,1.205
2025,Ulrich Chomche,PF,Toronto Raptors,Indiana Pacers,24,6,-1.244,0.96,1.501,2.204,0.719,1.188
2025,Ulrich Chomche,PF,Toronto Raptors,Minnesota Timberwolves,24,10,-1.244,0.731,1.48,1.976,0.744,1.186
2025,Ulrich Chomche,PF,Toronto Raptors,Los Angeles Lakers,24,7,-1.244,0.286,1.409,1.531,0.795,1.164
2025,Ulrich Chomche,PF,Toronto Raptors,Memphis Grizzlies,24,13,-1.244,0.525,1.302,1.769,0.767,1.088
2025,Ulrich Chomche,PF,Toronto Raptors,Golden State Warriors,24,12,-1.244,0.698,1.287,1.942,0.747,1.071
2025,Ulrich Chomche,PF,Toronto Raptors,Milwaukee Bucks,24,11,-1.244,2.524,1.274,3.769,0.568,0.992
2025,Ulrich Chomche,PF,Toronto Raptors,Detroit Pistons,24,14,-1.244,0.573,1.037,1.818,0.761,0.927
2025,Ulrich Chomche,PF,Toronto Raptors,Orlando Magic,24,15,-1.244,1.217,0.856,2.462,0.691,0.79
2025,Ulrich Chomche,PF,Toronto Raptors,Sacramento Kings,24,17,-1.244,0.523,0.73,1.767,0.767,0.745
2025,Ulrich Chomche,PF,Toronto Raptors,Atlanta Hawks,24,16,-1.244,0.235,0.698,1.479,0.801,0.739
2025,Ulrich Chomche,PF,Toronto Raptors,Chicago Bulls,24,18,-1.244,0.411,0.576,1.655,0.78,0.658
2025,Ulrich Chomche,PF,Toronto Raptors,Miami Heat,24,20,-1.244,0.861,0.572,2.106,0.729,0.635
2025,Ulrich Chomche,PF,Toronto Raptors,Dallas Mavericks,24,19,-1.244,1.939,0.547,3.183,0.62,0.576
2025,Ulrich Chomche,PF,Toronto Raptors,Portland Trail Blazers,24,22,-1.244,0.482,0.281,1.726,0.772,0.477
2025,Ulrich Chomche,PF,Toronto Raptors,Phoenix Suns,24,21,-1.244,1.486,0.277,2.731,0.664,0.432
2025,Ulrich Chomche,PF,Toronto Raptors,San Antonio Spurs,24,23,-1.244,0.484,0.184,1.728,0.772,0.419
2025,Vasilije Micić,PG,Charlotte Hornets,Oklahoma City Thunder,28,1,-0.498,1.646,3.349,2.144,0.725,2.299
2025,Vasilije Micić,PG,Charlotte Hornets,Cleveland Cavaliers,28,2,-0.498,0.908,3.018,1.406,0.81,2.135
2025,Vasilije Micić,PG,Charlotte Hornets,Boston Celtics,28,3,-0.498,0.432,2.92,0.929,0.87,2.1
2025,Vasilije Micić,PG,Charlotte Hornets,Houston Rockets,28,4,-0.498,0.457,2.436,0.954,0.867,1.808
2025,Vasilije Micić,PG,Charlotte Hornets,New York Knicks,28,5,-0.498,1.105,2.328,1.603,0.786,1.712
2025,Vasilije Micić,PG,Charlotte Hornets,Minnesota Timberwolves,28,10,-0.498,0.2,2.148,0.697,0.901,1.649
2025,Vasilije Micić,PG,Charlotte Hornets,Los Angeles Clippers,28,9,-0.498,1.03,2.207,1.527,0.795,1.642
2025,Vasilije Micić,PG,Charlotte Hornets,Denver Nuggets,28,8,-0.498,0.822,2.155,1.32,0.82,1.621
2025,Vasilije Micić,PG,Charlotte Hornets,Indiana Pacers,28,6,-0.498,1.379,2.169,1.876,0.755,1.604
2025,Vasilije Micić,PG,Charlotte Hornets,Los Angeles Lakers,28,7,-0.498,1.252,2.078,1.75,0.769,1.554
2025,Vasilije Micić,PG,Charlotte Hornets,Memphis Grizzlies,28,13,-0.498,0.849,1.971,1.346,0.817,1.509
2025,Vasilije Micić,PG,Charlotte Hornets,Golden State Warriors,28,12,-0.498,1.025,1.955,1.522,0.796,1.491
2025,Vasilije Micić,PG,Charlotte Hornets,Milwaukee Bucks,28,11,-0.498,1.065,1.943,1.562,0.791,1.482
2025,Vasilije Micić,PG,Charlotte Hornets,Detroit Pistons,28,14,-0.498,1.099,1.705,1.596,0.787,1.338
2025,Vasilije Micić,PG,Charlotte Hornets,Orlando Magic,28,15,-0.498,0.182,1.525,0.68,0.903,1.276
2025,Vasilije Micić,PG,Charlotte Hornets,Sacramento Kings,28,17,-0.498,0.871,1.398,1.369,0.814,1.165
2025,Vasilije Micić,PG,Charlotte Hornets,Atlanta Hawks,28,16,-0.498,1.258,1.366,1.755,0.769,1.127
2025,Vasilije Micić,PG,Charlotte Hornets,Miami Heat,28,20,-0.498,0.39,1.241,0.888,0.875,1.094
2025,Vasilije Micić,PG,Charlotte Hornets,Chicago Bulls,28,18,-0.498,0.694,1.244,1.192,0.836,1.081
2025,Vasilije Micić,PG,Charlotte Hornets,Dallas Mavericks,28,19,-0.498,1.413,1.215,1.91,0.751,1.029
2025,Vasilije Micić,PG,Charlotte Hornets,Portland Trail Blazers,28,22,-0.498,0.141,0.949,0.638,0.909,0.933
2025,Vasilije Micić,PG,Charlotte Hornets,Phoenix Suns,28,21,-0.498,0.387,0.945,0.885,0.876,0.917
2025,Vasilije Micić,PG,Charlotte Hornets,San Antonio Spurs,28,23,-0.498,0.766,0.852,1.264,0.827,0.842
2025,Vasilije Micić,PG,Charlotte Hornets,Toronto Raptors,28,24,-0.498,0.562,0.668,1.059,0.853,0.742
2025,Vasilije Micić,PG,Charlotte Hornets,Brooklyn Nets,28,25,-0.498,0.658,0.383,1.156,0.841,0.566
2025,Vasilije Micić,PG,Charlotte Hornets,Philadelphia 76ers,28,26,-0.498,1.022,0.325,1.519,0.796,0.514
2025,Vasilije Micić,PG,Charlotte Hornets,New Orleans Pelicans,28,27,-0.498,0.702,0.047,1.2,0.835,0.363
2025,Vasilije Micić,PG,Phoenix Suns,Oklahoma City Thunder,21,1,,1.646,2.404,,,
2025,Vasilije Micić,PG,Phoenix Suns,Orlando Magic,21,15,,0.182,0.58,,,
2025,Vasilije Micić,PG,Phoenix Suns,Milwaukee Bucks,21,11,,1.065,0.997,,,
2025,Vasilije Micić,PG,Phoenix Suns,Boston Celtics,21,3,,0.432,1.974,,,
2025,Vasilije Micić,PG,Phoenix Suns,Memphis Grizzlies,21,13,,0.849,1.025,,,
2025,Vasilije Micić,PG,Phoenix Suns,Golden State Warriors,21,12,,1.025,1.01,,,
2025,Vasilije Micić,PG,Phoenix Suns,Los Angeles Lakers,21,7,,1.252,1.132,,,
2025,Vasilije Micić,PG,Phoenix Suns,Detroit Pistons,21,14,,1.099,0.76,,,
2025,Vasilije Micić,PG,Phoenix Suns,Los Angeles Clippers,21,9,,1.03,1.262,,,
2025,Vasilije Micić,PG,Phoenix Suns,Chicago Bulls,21,18,,0.694,0.299,,,
2025,Vasilije Micić,PG,Phoenix Suns,Denver Nuggets,21,8,,0.822,1.21,,,
2025,Vasilije Micić,PG,Phoenix Suns,Indiana Pacers,21,6,,1.379,1.224,,,
2025,Vasilije Micić,PG,Phoenix Suns,Cleveland Cavaliers,21,2,,0.908,2.073,,,
2025,Vasilije Micić,PG,Phoenix Suns,New York Knicks,21,5,,1.105,1.383,,,
2025,Vasilije Micić,PG,Phoenix Suns,Portland Trail Blazers,21,22,,0.141,0.004,,,
2025,Vasilije Micić,PG,Phoenix Suns,Houston Rockets,21,4,,0.457,1.491,,,
2025,Vasilije Micić,PG,Phoenix Suns,Sacramento Kings,21,17,,0.871,0.453,,,
2025,Vasilije Micić,PG,Phoenix Suns,Dallas Mavericks,21,19,,1.413,0.27,,,
2025,Vasilije Micić,PG,Phoenix Suns,Atlanta Hawks,21,16,,1.258,0.421,,,
2025,Vasilije Micić,PG,Phoenix Suns,Minnesota Timberwolves,21,10,,0.2,1.203,,,
2025,Vasilije Micić,PG,Phoenix Suns,Miami Heat,21,20,,0.39,0.295,,,
2025,Victor Wembanyama,C,San Antonio Spurs,Oklahoma City Thunder,23,1,2.35,1.018,2.497,0,1,1.898
2025,Victor Wembanyama,C,San Antonio Spurs,Cleveland Cavaliers,23,2,2.35,0.96,2.166,0,1,1.7
2025,Victor Wembanyama,C,San Antonio Spurs,Boston Celtics,23,3,2.35,0.929,2.068,0,1,1.641
2025,Victor Wembanyama,C,San Antonio Spurs,Houston Rockets,23,4,2.35,0.807,1.584,0,1,1.35
2025,Victor Wembanyama,C,San Antonio Spurs,New York Knicks,23,5,2.35,1.332,1.477,0,1,1.286
2025,Victor Wembanyama,C,San Antonio Spurs,Los Angeles Clippers,23,9,2.35,1.266,1.355,0,1,1.213
2025,Victor Wembanyama,C,San Antonio Spurs,Indiana Pacers,23,6,2.35,0.754,1.318,0,1,1.191
2025,Victor Wembanyama,C,San Antonio Spurs,Denver Nuggets,23,8,2.35,1.827,1.304,0,1,1.182
2025,Victor Wembanyama,C,San Antonio Spurs,Minnesota Timberwolves,23,10,2.35,1.008,1.297,0,1,1.178
2025,Victor Wembanyama,C,San Antonio Spurs,Los Angeles Lakers,23,7,2.35,1.908,1.226,0,1,1.136
2025,Victor Wembanyama,C,San Antonio Spurs,Memphis Grizzlies,23,13,2.35,0.773,1.119,0,1,1.071
2025,Victor Wembanyama,C,San Antonio Spurs,Golden State Warriors,23,12,2.35,-0.087,1.103,0,1,1.062
2025,Victor Wembanyama,C,San Antonio Spurs,Milwaukee Bucks,23,11,2.35,0.498,1.091,0,1,1.054
2025,Victor Wembanyama,C,San Antonio Spurs,Detroit Pistons,23,14,2.35,0.988,0.853,0,1,0.912
2025,Victor Wembanyama,C,San Antonio Spurs,Orlando Magic,23,15,2.35,0.455,0.673,0,1,0.804
2025,Victor Wembanyama,C,San Antonio Spurs,Sacramento Kings,23,17,2.35,1.198,0.546,0,1,0.728
2025,Victor Wembanyama,C,San Antonio Spurs,Atlanta Hawks,23,16,2.35,0.616,0.514,0,1,0.709
2025,Victor Wembanyama,C,San Antonio Spurs,Chicago Bulls,23,18,2.35,0.827,0.393,0,1,0.636
2025,Victor Wembanyama,C,San Antonio Spurs,Miami Heat,23,20,2.35,0.612,0.389,0,1,0.633
2025,Victor Wembanyama,C,San Antonio Spurs,Dallas Mavericks,23,19,2.35,1.114,0.363,0,1,0.618
2025,Victor Wembanyama,C,San Antonio Spurs,Portland Trail Blazers,23,22,2.35,0.7,0.097,0,1,0.458
2025,Victor Wembanyama,C,San Antonio Spurs,Phoenix Suns,23,21,2.35,0.34,0.093,0,1,0.456
2025,Vince Williams Jr.,SG,Memphis Grizzlies,Oklahoma City Thunder,13,1,-0.314,1.265,1.378,1.579,0.789,1.143
2025,Vince Williams Jr.,SG,Memphis Grizzlies,Cleveland Cavaliers,13,2,-0.314,1.342,1.047,1.656,0.78,0.94
2025,Vince Williams Jr.,SG,Memphis Grizzlies,Boston Celtics,13,3,-0.314,0.808,0.949,1.122,0.845,0.907
2025,Vince Williams Jr.,SG,Memphis Grizzlies,Houston Rockets,13,4,-0.314,0.724,0.465,1.038,0.856,0.621
2025,Vince Williams Jr.,SG,Memphis Grizzlies,New York Knicks,13,5,-0.314,0.807,0.358,1.121,0.845,0.553
2025,Vince Williams Jr.,SG,Memphis Grizzlies,Indiana Pacers,13,6,-0.314,0.275,0.199,0.589,0.915,0.485
2025,Vince Williams Jr.,SG,Memphis Grizzlies,Los Angeles Clippers,13,9,-0.314,1.026,0.237,1.34,0.818,0.469
2025,Vince Williams Jr.,SG,Memphis Grizzlies,Denver Nuggets,13,8,-0.314,0.812,0.185,1.126,0.845,0.449
2025,Vince Williams Jr.,SG,Memphis Grizzlies,Minnesota Timberwolves,13,10,-0.314,1.353,0.178,1.667,0.779,0.418
2025,Vince Williams Jr.,SG,Memphis Grizzlies,Los Angeles Lakers,13,7,-0.314,1.047,0.107,1.361,0.815,0.39
2025,Vít Krejčí,PG,Atlanta Hawks,Oklahoma City Thunder,16,1,-0.034,1.646,1.983,1.68,0.777,1.501
2025,Vít Krejčí,PG,Atlanta Hawks,Cleveland Cavaliers,16,2,-0.034,0.908,1.652,0.942,0.868,1.338
2025,Vít Krejčí,PG,Atlanta Hawks,Boston Celtics,16,3,-0.034,0.432,1.553,0.466,0.933,1.305
2025,Vít Krejčí,PG,Atlanta Hawks,Houston Rockets,16,4,-0.034,0.457,1.07,0.491,0.929,1.013
2025,Vít Krejčí,PG,Atlanta Hawks,New York Knicks,16,5,-0.034,1.105,0.962,1.139,0.843,0.915
2025,Vít Krejčí,PG,Atlanta Hawks,Minnesota Timberwolves,16,10,-0.034,0.2,0.782,0.234,0.966,0.856
2025,Vít Krejčí,PG,Atlanta Hawks,Los Angeles Clippers,16,9,-0.034,1.03,0.841,1.064,0.853,0.846
2025,Vít Krejčí,PG,Atlanta Hawks,Denver Nuggets,16,8,-0.034,0.822,0.789,0.856,0.879,0.825
2025,Vít Krejčí,PG,Atlanta Hawks,Indiana Pacers,16,6,-0.034,1.379,0.803,1.413,0.809,0.806
2025,Vít Krejčí,PG,Atlanta Hawks,Los Angeles Lakers,16,7,-0.034,1.252,0.712,1.286,0.825,0.757
2025,Vít Krejčí,PG,Atlanta Hawks,Memphis Grizzlies,16,13,-0.034,0.849,0.605,0.883,0.876,0.713
2025,Vít Krejčí,PG,Atlanta Hawks,Golden State Warriors,16,12,-0.034,1.025,0.589,1.059,0.853,0.695
2025,Vít Krejčí,PG,Atlanta Hawks,Milwaukee Bucks,16,11,-0.034,1.065,0.576,1.099,0.848,0.685
2025,Vít Krejčí,PG,Atlanta Hawks,Detroit Pistons,16,14,-0.034,1.099,0.339,1.133,0.844,0.541
2025,Vít Krejčí,PG,Atlanta Hawks,Orlando Magic,16,15,-0.034,0.182,0.159,0.216,0.968,0.482
2025,Vít Krejčí,PG,Atlanta Hawks,Sacramento Kings,16,17,-0.034,0.871,0.032,0.905,0.873,0.368
2025,Vlatko Čančar,PF,Denver Nuggets,Oklahoma City Thunder,8,1,-0.935,0.795,1.194,1.73,0.771,1.025
2025,Vlatko Čančar,PF,Denver Nuggets,Cleveland Cavaliers,8,2,-0.935,1.717,0.863,2.652,0.672,0.786
2025,Vlatko Čančar,PF,Denver Nuggets,Boston Celtics,8,3,-0.935,1.509,0.764,2.443,0.693,0.736
2025,Vlatko Čančar,PF,Denver Nuggets,Houston Rockets,8,4,-0.935,0.863,0.28,1.798,0.764,0.474
2025,Vlatko Čančar,PF,Denver Nuggets,New York Knicks,8,5,-0.935,0.825,0.173,1.76,0.768,0.411
2025,Vlatko Čančar,PF,Denver Nuggets,Los Angeles Clippers,8,9,-0.935,-0.25,0.052,0.685,0.902,0.392
2025,Vlatko Čančar,PF,Denver Nuggets,Indiana Pacers,8,6,-0.935,0.96,0.014,1.894,0.753,0.309
2025,Walker Kessler,C,Utah Jazz,Oklahoma City Thunder,30,1,1.536,1.018,3.505,0,1,2.503
2025,Walker Kessler,C,Utah Jazz,Cleveland Cavaliers,30,2,1.536,0.96,3.174,0,1,2.304
2025,Walker Kessler,C,Utah Jazz,Boston Celtics,30,3,1.536,0.929,3.075,0,1,2.245
2025,Walker Kessler,C,Utah Jazz,Houston Rockets,30,4,1.536,0.807,2.591,0,1,1.955
2025,Walker Kessler,C,Utah Jazz,New York Knicks,30,5,1.536,1.332,2.484,0,1,1.89
2025,Walker Kessler,C,Utah Jazz,Los Angeles Clippers,30,9,1.536,1.266,2.363,0,1,1.818
2025,Walker Kessler,C,Utah Jazz,Indiana Pacers,30,6,1.536,0.754,2.325,0,1,1.795
2025,Walker Kessler,C,Utah Jazz,Minnesota Timberwolves,30,10,1.536,1.008,2.304,0,1,1.782
2025,Walker Kessler,C,Utah Jazz,Denver Nuggets,30,8,1.536,1.827,2.311,0.292,0.957,1.77
2025,Walker Kessler,C,Utah Jazz,Los Angeles Lakers,30,7,1.536,1.908,2.233,0.372,0.946,1.718
2025,Walker Kessler,C,Utah Jazz,Memphis Grizzlies,30,13,1.536,0.773,2.126,0,1,1.676
2025,Walker Kessler,C,Utah Jazz,Golden State Warriors,30,12,1.536,-0.087,2.111,0,1,1.666
2025,Walker Kessler,C,Utah Jazz,Milwaukee Bucks,30,11,1.536,0.498,2.098,0,1,1.659
2025,Walker Kessler,C,Utah Jazz,Detroit Pistons,30,14,1.536,0.988,1.861,0,1,1.516
2025,Walker Kessler,C,Utah Jazz,Orlando Magic,30,15,1.536,0.455,1.68,0,1,1.408
2025,Walker Kessler,C,Utah Jazz,Sacramento Kings,30,17,1.536,1.198,1.554,0,1,1.332
2025,Walker Kessler,C,Utah Jazz,Atlanta Hawks,30,16,1.536,0.616,1.522,0,1,1.313
2025,Walker Kessler,C,Utah Jazz,Chicago Bulls,30,18,1.536,0.827,1.4,0,1,1.24
2025,Walker Kessler,C,Utah Jazz,Miami Heat,30,20,1.536,0.612,1.396,0,1,1.238
2025,Walker Kessler,C,Utah Jazz,Dallas Mavericks,30,19,1.536,1.114,1.371,0,1,1.222
2025,Walker Kessler,C,Utah Jazz,Portland Trail Blazers,30,22,1.536,0.7,1.105,0,1,1.063
2025,Walker Kessler,C,Utah Jazz,Phoenix Suns,30,21,1.536,0.34,1.101,0,1,1.06
2025,Walker Kessler,C,Utah Jazz,San Antonio Spurs,30,23,1.536,2.35,1.007,0.814,0.885,0.958
2025,Walker Kessler,C,Utah Jazz,Toronto Raptors,30,24,1.536,0.899,0.824,0,1,0.894
2025,Walker Kessler,C,Utah Jazz,Brooklyn Nets,30,25,1.536,0.443,0.539,0,1,0.723
2025,Walker Kessler,C,Utah Jazz,Philadelphia 76ers,30,26,1.536,0.849,0.481,0,1,0.689
2025,Walker Kessler,C,Utah Jazz,New Orleans Pelicans,30,27,1.536,0.363,0.203,0,1,0.522
2025,Walker Kessler,C,Utah Jazz,Charlotte Hornets,30,28,1.536,1.081,0.156,0,1,0.493
2025,Wendell Carter Jr.,C,Orlando Magic,Oklahoma City Thunder,15,1,-0.125,1.018,1.824,1.142,0.843,1.432
2025,Wendell Carter Jr.,C,Orlando Magic,Cleveland Cavaliers,15,2,-0.125,0.96,1.493,1.085,0.85,1.236
2025,Wendell Carter Jr.,C,Orlando Magic,Boston Celtics,15,3,-0.125,0.929,1.395,1.054,0.854,1.178
2025,Wendell Carter Jr.,C,Orlando Magic,Houston Rockets,15,4,-0.125,0.807,0.911,0.932,0.87,0.894
2025,Wendell Carter Jr.,C,Orlando Magic,New York Knicks,15,5,-0.125,1.332,0.804,1.457,0.804,0.804
2025,Wendell Carter Jr.,C,Orlando Magic,Indiana Pacers,15,6,-0.125,0.754,0.645,0.879,0.876,0.737
2025,Wendell Carter Jr.,C,Orlando Magic,Los Angeles Clippers,15,9,-0.125,1.266,0.683,1.39,0.812,0.734
2025,Wendell Carter Jr.,C,Orlando Magic,Minnesota Timberwolves,15,10,-0.125,1.008,0.624,1.132,0.844,0.712
2025,Wendell Carter Jr.,C,Orlando Magic,Denver Nuggets,15,8,-0.125,1.827,0.631,1.952,0.746,0.677
2025,Wendell Carter Jr.,C,Orlando Magic,Golden State Warriors,15,12,-0.125,-0.087,0.43,0.038,0.994,0.656
2025,Wendell Carter Jr.,C,Orlando Magic,Los Angeles Lakers,15,7,-0.125,1.908,0.553,2.033,0.737,0.627
2025,Wendell Carter Jr.,C,Orlando Magic,Memphis Grizzlies,15,13,-0.125,0.773,0.446,0.898,0.874,0.617
2025,Wendell Carter Jr.,C,Orlando Magic,Milwaukee Bucks,15,11,-0.125,0.498,0.418,0.623,0.911,0.615
2025,Wendell Carter Jr.,C,Orlando Magic,Detroit Pistons,15,14,-0.125,0.988,0.18,1.112,0.846,0.447
2025,Wendell Moore Jr.,SG,Charlotte Hornets,Oklahoma City Thunder,28,1,-0.252,1.265,3.349,1.517,0.796,2.328
2025,Wendell Moore Jr.,SG,Charlotte Hornets,Cleveland Cavaliers,28,2,-0.252,1.342,3.018,1.594,0.787,2.126
2025,Wendell Moore Jr.,SG,Charlotte Hornets,Boston Celtics,28,3,-0.252,0.808,2.92,1.06,0.853,2.093
2025,Wendell Moore Jr.,SG,Charlotte Hornets,Houston Rockets,28,4,-0.252,0.724,2.436,0.976,0.864,1.807
2025,Wendell Moore Jr.,SG,Charlotte Hornets,New York Knicks,28,5,-0.252,0.807,2.328,1.059,0.853,1.738
2025,Wendell Moore Jr.,SG,Charlotte Hornets,Indiana Pacers,28,6,-0.252,0.275,2.169,0.527,0.924,1.671
2025,Wendell Moore Jr.,SG,Charlotte Hornets,Los Angeles Clippers,28,9,-0.252,1.026,2.207,1.278,0.826,1.655
2025,Wendell Moore Jr.,SG,Charlotte Hornets,Denver Nuggets,28,8,-0.252,0.812,2.155,1.064,0.853,1.634
2025,Wendell Moore Jr.,SG,Charlotte Hornets,Minnesota Timberwolves,28,10,-0.252,1.353,2.148,1.605,0.786,1.603
2025,Wendell Moore Jr.,SG,Charlotte Hornets,Los Angeles Lakers,28,7,-0.252,1.047,2.078,1.299,0.823,1.576
2025,Wendell Moore Jr.,SG,Charlotte Hornets,Golden State Warriors,28,12,-0.252,0.448,1.955,0.7,0.9,1.533
2025,Wendell Moore Jr.,SG,Charlotte Hornets,Memphis Grizzlies,28,13,-0.252,0.996,1.971,1.247,0.829,1.514
2025,Wendell Moore Jr.,SG,Charlotte Hornets,Milwaukee Bucks,28,11,-0.252,0.683,1.943,0.935,0.869,1.513
2025,Wendell Moore Jr.,SG,Detroit Pistons,Oklahoma City Thunder,14,1,-0.292,1.265,1.644,1.558,0.792,1.303
2025,Wendell Moore Jr.,SG,Charlotte Hornets,Detroit Pistons,28,14,-0.252,2.249,1.705,2.501,0.687,1.298
2025,Wendell Moore Jr.,SG,Charlotte Hornets,Orlando Magic,28,15,-0.252,0.142,1.525,0.393,0.943,1.292
2025,Wendell Moore Jr.,SG,Charlotte Hornets,Sacramento Kings,28,17,-0.252,0.908,1.398,1.16,0.84,1.175
2025,Wendell Moore Jr.,SG,Charlotte Hornets,Atlanta Hawks,28,16,-0.252,1.001,1.366,1.253,0.829,1.151
2025,Wendell Moore Jr.,SG,Detroit Pistons,Cleveland Cavaliers,14,2,-0.292,1.342,1.313,1.634,0.783,1.101
2025,Wendell Moore Jr.,SG,Charlotte Hornets,Chicago Bulls,28,18,-0.252,0.842,1.244,1.093,0.849,1.086
2025,Wendell Moore Jr.,SG,Detroit Pistons,Boston Celtics,14,3,-0.292,0.808,1.215,1.1,0.848,1.068
2025,Wendell Moore Jr.,SG,Charlotte Hornets,Miami Heat,28,20,-0.252,1.223,1.241,1.475,0.801,1.065
2025,Wendell Moore Jr.,SG,Charlotte Hornets,Dallas Mavericks,28,19,-0.252,1.335,1.215,1.587,0.788,1.044
2025,Wendell Moore Jr.,SG,Charlotte Hornets,Portland Trail Blazers,28,22,-0.252,0.782,0.949,1.034,0.856,0.912
2025,Wendell Moore Jr.,SG,Charlotte Hornets,Phoenix Suns,28,21,-0.252,1.298,0.945,1.55,0.793,0.884
2025,Wendell Moore Jr.,SG,Charlotte Hornets,San Antonio Spurs,28,23,-0.252,0.668,0.852,0.92,0.871,0.86
2025,Wendell Moore Jr.,SG,Detroit Pistons,Houston Rockets,14,4,-0.292,0.724,0.731,1.016,0.859,0.782
2025,Wendell Moore Jr.,SG,Charlotte Hornets,Toronto Raptors,28,24,-0.252,0.479,0.668,0.731,0.896,0.759
2025,Wendell Moore Jr.,SG,Detroit Pistons,New York Knicks,14,5,-0.292,0.807,0.623,1.099,0.848,0.713
2025,Wendell Moore Jr.,SG,Detroit Pistons,Indiana Pacers,14,6,-0.292,0.275,0.464,0.567,0.918,0.646
2025,Wendell Moore Jr.,SG,Detroit Pistons,Los Angeles Clippers,14,9,-0.292,1.026,0.502,1.318,0.821,0.63
2025,Wendell Moore Jr.,SG,Detroit Pistons,Denver Nuggets,14,8,-0.292,0.812,0.45,1.104,0.847,0.609
2025,Wendell Moore Jr.,SG,Detroit Pistons,Minnesota Timberwolves,14,10,-0.292,1.353,0.443,1.646,0.781,0.579
2025,Wendell Moore Jr.,SG,Charlotte Hornets,Brooklyn Nets,28,25,-0.252,0.95,0.383,1.201,0.835,0.564
2025,Wendell Moore Jr.,SG,Detroit Pistons,Los Angeles Lakers,14,7,-0.292,1.047,0.373,1.339,0.818,0.551
2025,Wendell Moore Jr.,SG,Charlotte Hornets,Philadelphia 76ers,28,26,-0.252,1.127,0.325,1.379,0.813,0.52
2025,Wendell Moore Jr.,SG,Detroit Pistons,Golden State Warriors,14,12,-0.292,0.448,0.25,0.74,0.895,0.508
2025,Wendell Moore Jr.,SG,Detroit Pistons,Memphis Grizzlies,14,13,-0.292,0.996,0.266,1.288,0.824,0.489
2025,Wendell Moore Jr.,SG,Detroit Pistons,Milwaukee Bucks,14,11,-0.292,0.683,0.237,0.975,0.864,0.488
2025,Wendell Moore Jr.,SG,Charlotte Hornets,New Orleans Pelicans,28,27,-0.252,0.263,0.047,0.514,0.926,0.399
2025,Xavier Tillman Sr.,C,Boston Celtics,Oklahoma City Thunder,3,1,-1.747,1.018,0.429,2.765,0.661,0.522
2025,Xavier Tillman Sr.,C,Boston Celtics,Cleveland Cavaliers,3,2,-1.747,0.96,0.098,2.707,0.666,0.326
2025,Yuki Kawamura,PG,Memphis Grizzlies,Oklahoma City Thunder,13,1,-0.627,1.646,1.378,2.274,0.711,1.111
2025,Yuki Kawamura,PG,Memphis Grizzlies,Cleveland Cavaliers,13,2,-0.627,0.908,1.047,1.536,0.794,0.946
2025,Yuki Kawamura,PG,Memphis Grizzlies,Boston Celtics,13,3,-0.627,0.432,0.949,1.059,0.853,0.911
2025,Yuki Kawamura,PG,Memphis Grizzlies,Houston Rockets,13,4,-0.627,0.457,0.465,1.084,0.85,0.619
2025,Yuki Kawamura,PG,Memphis Grizzlies,New York Knicks,13,5,-0.627,1.105,0.358,1.732,0.771,0.523
2025,Yuki Kawamura,PG,Memphis Grizzlies,Minnesota Timberwolves,13,10,-0.627,0.2,0.178,0.827,0.883,0.46
2025,Yuki Kawamura,PG,Memphis Grizzlies,Los Angeles Clippers,13,9,-0.627,1.03,0.237,1.657,0.78,0.454
2025,Yuki Kawamura,PG,Memphis Grizzlies,Denver Nuggets,13,8,-0.627,0.822,0.185,1.449,0.805,0.433
2025,Yuki Kawamura,PG,Memphis Grizzlies,Indiana Pacers,13,6,-0.627,1.379,0.199,2.006,0.74,0.415
2025,Yuki Kawamura,PG,Memphis Grizzlies,Los Angeles Lakers,13,7,-0.627,1.252,0.107,1.88,0.754,0.366
2025,Yuri Collins,PG,Golden State Warriors,Oklahoma City Thunder,12,1,-0.373,1.646,1.394,2.019,0.739,1.132
2025,Yuri Collins,PG,Golden State Warriors,Cleveland Cavaliers,12,2,-0.373,0.908,1.063,1.281,0.825,0.968
2025,Yuri Collins,PG,Golden State Warriors,Boston Celtics,12,3,-0.373,0.432,0.964,0.804,0.886,0.933
2025,Yuri Collins,PG,Golden State Warriors,Houston Rockets,12,4,-0.373,0.457,0.481,0.829,0.883,0.642
2025,Yuri Collins,PG,Golden State Warriors,New York Knicks,12,5,-0.373,1.105,0.373,1.477,0.801,0.544
2025,Yuri Collins,PG,Golden State Warriors,Minnesota Timberwolves,12,10,-0.373,0.2,0.193,0.572,0.918,0.483
2025,Yuri Collins,PG,Golden State Warriors,Los Angeles Clippers,12,9,-0.373,1.03,0.252,1.402,0.81,0.475
2025,Yuri Collins,PG,Golden State Warriors,Denver Nuggets,12,8,-0.373,0.822,0.2,1.195,0.836,0.455
2025,Yuri Collins,PG,Golden State Warriors,Indiana Pacers,12,6,-0.373,1.379,0.214,1.751,0.769,0.436
2025,Yuri Collins,PG,Golden State Warriors,Los Angeles Lakers,12,7,-0.373,1.252,0.123,1.625,0.784,0.387
2025,Yuri Collins,PG,Golden State Warriors,Memphis Grizzlies,12,13,-0.373,0.849,0.016,1.221,0.833,0.342
2025,Yves Missi,C,New Orleans Pelicans,Oklahoma City Thunder,27,1,0.363,1.018,3.302,0.655,0.906,2.344
2025,Yves Missi,C,New Orleans Pelicans,Cleveland Cavaliers,27,2,0.363,0.96,2.971,0.597,0.914,2.148
2025,Yves Missi,C,New Orleans Pelicans,Boston Celtics,27,3,0.363,0.929,2.872,0.566,0.919,2.091
2025,Yves Missi,C,New Orleans Pelicans,Houston Rockets,27,4,0.363,0.807,2.388,0.444,0.936,1.807
2025,Yves Missi,C,New Orleans Pelicans,New York Knicks,27,5,0.363,1.332,2.281,0.97,0.865,1.714
2025,Yves Missi,C,New Orleans Pelicans,Indiana Pacers,27,6,0.363,0.754,2.122,0.392,0.943,1.65
2025,Yves Missi,C,New Orleans Pelicans,Los Angeles Clippers,27,9,0.363,1.266,2.16,0.903,0.873,1.645
2025,Yves Missi,C,New Orleans Pelicans,Minnesota Timberwolves,27,10,0.363,1.008,2.101,0.645,0.908,1.624
2025,Yves Missi,C,New Orleans Pelicans,Denver Nuggets,27,8,0.363,1.827,2.108,1.464,0.803,1.586
2025,Yves Missi,C,New Orleans Pelicans,Golden State Warriors,27,12,0.363,-0.087,1.908,0,1,1.545
2025,Yves Missi,C,New Orleans Pelicans,Los Angeles Lakers,27,7,0.363,1.908,2.03,1.545,0.793,1.535
2025,Yves Missi,C,New Orleans Pelicans,Memphis Grizzlies,27,13,0.363,0.773,1.923,0.41,0.94,1.53
2025,Yves Missi,C,New Orleans Pelicans,Milwaukee Bucks,27,11,0.363,0.498,1.895,0.135,0.98,1.529
2025,Yves Missi,C,New Orleans Pelicans,Detroit Pistons,27,14,0.363,0.988,1.658,0.625,0.911,1.359
2025,Yves Missi,C,New Orleans Pelicans,Orlando Magic,27,15,0.363,0.455,1.477,0.092,0.986,1.281
2025,Yves Missi,C,New Orleans Pelicans,Atlanta Hawks,27,16,0.363,0.616,1.319,0.253,0.963,1.176
2025,Yves Missi,C,New Orleans Pelicans,Sacramento Kings,27,17,0.363,1.198,1.351,0.835,0.882,1.163
2025,Yves Missi,C,New Orleans Pelicans,Miami Heat,27,20,0.363,0.612,1.193,0.25,0.963,1.101
2025,Yves Missi,C,New Orleans Pelicans,Chicago Bulls,27,18,0.363,0.827,1.197,0.464,0.933,1.091
2025,Yves Missi,C,New Orleans Pelicans,Dallas Mavericks,27,19,0.363,1.114,1.167,0.751,0.893,1.058
2025,Yves Missi,C,New Orleans Pelicans,Phoenix Suns,27,21,0.363,0.34,0.898,0,1,0.939
2025,Yves Missi,C,New Orleans Pelicans,Portland Trail Blazers,27,22,0.363,0.7,0.902,0.337,0.951,0.921
2025,Yves Missi,C,New Orleans Pelicans,San Antonio Spurs,27,23,0.363,2.35,0.804,1.987,0.742,0.78
2025,Yves Missi,C,New Orleans Pelicans,Toronto Raptors,27,24,0.363,0.899,0.621,0.536,0.923,0.742
2025,Yves Missi,C,New Orleans Pelicans,Brooklyn Nets,27,25,0.363,0.443,0.336,0.08,0.988,0.597
2025,Yves Missi,C,New Orleans Pelicans,Philadelphia 76ers,27,26,0.363,0.849,0.278,0.486,0.93,0.539
2025,Zaccharie Risacher,SF,Atlanta Hawks,Oklahoma City Thunder,16,1,0.252,0.332,1.983,0.08,0.988,1.585
2025,Zaccharie Risacher,SF,Atlanta Hawks,Cleveland Cavaliers,16,2,0.252,0.475,1.652,0.223,0.967,1.378
2025,Zaccharie Risacher,SF,Atlanta Hawks,Boston Celtics,16,3,0.252,1.283,1.553,1.032,0.857,1.275
2025,Zaccharie Risacher,SF,Atlanta Hawks,Houston Rockets,16,4,0.252,1.573,1.07,1.321,0.82,0.97
2025,Zaccharie Risacher,SF,Atlanta Hawks,New York Knicks,16,5,0.252,0.764,0.962,0.512,0.926,0.948
2025,Zaccharie Risacher,SF,Atlanta Hawks,Minnesota Timberwolves,16,10,0.252,-0.433,0.782,0,1,0.869
2025,Zaccharie Risacher,SF,Atlanta Hawks,Indiana Pacers,16,6,0.252,0.534,0.803,0.282,0.959,0.865
2025,Zaccharie Risacher,SF,Atlanta Hawks,Los Angeles Clippers,16,9,0.252,1.392,0.841,1.14,0.843,0.842
2025,Zaccharie Risacher,SF,Atlanta Hawks,Denver Nuggets,16,8,0.252,0.927,0.789,0.675,0.904,0.835
2025,Zaccharie Risacher,SF,Atlanta Hawks,Los Angeles Lakers,16,7,0.252,2.119,0.712,1.867,0.756,0.729
2025,Zaccharie Risacher,SF,Atlanta Hawks,Milwaukee Bucks,16,11,0.252,0.667,0.576,0.416,0.94,0.722
2025,Zaccharie Risacher,SF,Atlanta Hawks,Golden State Warriors,16,12,0.252,1.484,0.589,1.232,0.831,0.686
2025,Zaccharie Risacher,SF,Atlanta Hawks,Detroit Pistons,16,14,0.252,0.84,0.339,0.588,0.916,0.57
2025,Zaccharie Risacher,SF,Atlanta Hawks,Orlando Magic,16,15,0.252,1.486,0.159,1.234,0.831,0.428
2025,Zaccharie Risacher,SF,Atlanta Hawks,Sacramento Kings,16,17,0.252,1.064,0.032,0.812,0.885,0.373
2025,Zach Collins,C,San Antonio Spurs,Oklahoma City Thunder,23,1,-0.652,1.018,2.497,1.669,0.778,1.81
2025,Zach Collins,PF,Chicago Bulls,Oklahoma City Thunder,18,1,0.411,0.795,2.105,0.384,0.944,1.64
2025,Zach Collins,C,San Antonio Spurs,Cleveland Cavaliers,23,2,-0.652,0.96,2.166,1.612,0.785,1.614
2025,Zach Collins,C,San Antonio Spurs,Boston Celtics,23,3,-0.652,0.929,2.068,1.581,0.789,1.556
2025,Zach Collins,PF,Chicago Bulls,Cleveland Cavaliers,18,2,0.411,1.717,1.774,1.307,0.822,1.393
2025,Zach Collins,PF,Chicago Bulls,Boston Celtics,18,3,0.411,1.509,1.675,1.098,0.848,1.344
2025,Zach Collins,C,San Antonio Spurs,Houston Rockets,23,4,-0.652,0.807,1.584,1.459,0.803,1.272
2025,Zach Collins,C,San Antonio Spurs,New York Knicks,23,5,-0.652,1.332,1.477,1.984,0.743,1.183
2025,Zach Collins,C,San Antonio Spurs,Indiana Pacers,23,6,-0.652,0.754,1.318,1.406,0.81,1.115
2025,Zach Collins,C,San Antonio Spurs,Los Angeles Clippers,23,9,-0.652,1.266,1.355,1.918,0.75,1.113
2025,Zach Collins,C,San Antonio Spurs,Minnesota Timberwolves,23,10,-0.652,1.008,1.297,1.66,0.78,1.09
2025,Zach Collins,PF,Chicago Bulls,Houston Rockets,18,4,0.411,0.863,1.191,0.452,0.934,1.089
2025,Zach Collins,C,San Antonio Spurs,Denver Nuggets,23,8,-0.652,1.827,1.304,2.479,0.689,1.058
2025,Zach Collins,C,San Antonio Spurs,Golden State Warriors,23,12,-0.652,-0.087,1.103,0.565,0.919,1.029
2025,Zach Collins,PF,Chicago Bulls,New York Knicks,18,5,0.411,0.825,1.084,0.415,0.94,1.026
2025,Zach Collins,C,San Antonio Spurs,Los Angeles Lakers,23,7,-0.652,1.908,1.226,2.56,0.681,1.008
2025,Zach Collins,C,San Antonio Spurs,Memphis Grizzlies,23,13,-0.652,0.773,1.119,1.425,0.808,0.994
2025,Zach Collins,C,San Antonio Spurs,Milwaukee Bucks,23,11,-0.652,0.498,1.091,1.15,0.842,0.991
2025,Zach Collins,PF,Chicago Bulls,Los Angeles Clippers,18,9,0.411,-0.25,0.963,0,1,0.978
2025,Zach Collins,PF,Chicago Bulls,Denver Nuggets,18,8,0.411,0.4,0.911,0,1,0.947
2025,Zach Collins,PF,Chicago Bulls,Minnesota Timberwolves,18,10,0.411,0.731,0.904,0.32,0.953,0.924
2025,Zach Collins,PF,Chicago Bulls,Indiana Pacers,18,6,0.411,0.96,0.925,0.549,0.921,0.923
2025,Zach Collins,PF,Chicago Bulls,Los Angeles Lakers,18,7,0.411,0.286,0.833,0,1,0.9
2025,Zach Collins,PF,Chicago Bulls,Memphis Grizzlies,18,13,0.411,0.525,0.726,0.114,0.983,0.829
2025,Zach Collins,C,San Antonio Spurs,Detroit Pistons,23,14,-0.652,0.988,0.853,1.639,0.782,0.825
2025,Zach Collins,PF,Chicago Bulls,Golden State Warriors,18,12,0.411,0.698,0.711,0.287,0.958,0.81
2025,Zach Collins,C,San Antonio Spurs,Orlando Magic,23,15,-0.652,0.455,0.673,1.107,0.847,0.743
2025,Zach Collins,PF,Chicago Bulls,Milwaukee Bucks,18,11,0.411,2.524,0.698,2.113,0.728,0.71
2025,Zach Collins,PF,Chicago Bulls,Detroit Pistons,18,14,0.411,0.573,0.461,0.163,0.976,0.667
2025,Zach Collins,C,San Antonio Spurs,Atlanta Hawks,23,16,-0.652,0.616,0.514,1.268,0.827,0.639
2025,Zach Collins,C,San Antonio Spurs,Sacramento Kings,23,17,-0.652,1.198,0.546,1.85,0.758,0.631
2025,Zach Collins,C,San Antonio Spurs,Miami Heat,23,20,-0.652,0.612,0.389,1.264,0.827,0.564
2025,Zach Collins,C,San Antonio Spurs,Chicago Bulls,23,18,-0.652,0.827,0.393,1.479,0.801,0.556
2025,Zach Collins,C,San Antonio Spurs,Dallas Mavericks,23,19,-0.652,1.114,0.363,1.766,0.767,0.525
2025,Zach Collins,PF,Chicago Bulls,Orlando Magic,18,15,0.411,1.217,0.28,0.807,0.886,0.523
2025,Zach Collins,PF,Chicago Bulls,Sacramento Kings,18,17,0.411,0.523,0.154,0.112,0.983,0.486
2025,Zach Collins,PF,Chicago Bulls,Atlanta Hawks,18,16,0.411,0.235,0.122,0,1,0.473
2025,Zach Collins,C,San Antonio Spurs,Phoenix Suns,23,21,-0.652,0.34,0.093,0.992,0.862,0.401
2025,Zach Collins,C,San Antonio Spurs,Portland Trail Blazers,23,22,-0.652,0.7,0.097,1.352,0.816,0.385
2025,Zach Edey,C,Memphis Grizzlies,Oklahoma City Thunder,13,1,0.559,1.018,1.378,0.459,0.934,1.2
2025,Zach Edey,C,Memphis Grizzlies,Cleveland Cavaliers,13,2,0.559,0.96,1.047,0.401,0.942,1.005
2025,Zach Edey,C,Memphis Grizzlies,Boston Celtics,13,3,0.559,0.929,0.949,0.37,0.946,0.948
2025,Zach Edey,C,Memphis Grizzlies,Houston Rockets,13,4,0.559,0.807,0.465,0.248,0.963,0.664
2025,Zach Edey,C,Memphis Grizzlies,New York Knicks,13,5,0.559,1.332,0.358,0.773,0.89,0.571
2025,Zach Edey,C,Memphis Grizzlies,Indiana Pacers,13,6,0.559,0.754,0.199,0.195,0.971,0.508
2025,Zach Edey,C,Memphis Grizzlies,Los Angeles Clippers,13,9,0.559,1.266,0.237,0.707,0.899,0.502
2025,Zach Edey,C,Memphis Grizzlies,Minnesota Timberwolves,13,10,0.559,1.008,0.178,0.449,0.935,0.481
2025,Zach Edey,C,Memphis Grizzlies,Denver Nuggets,13,8,0.559,1.827,0.185,1.268,0.827,0.442
2025,Zach Edey,C,Memphis Grizzlies,Los Angeles Lakers,13,7,0.559,1.908,0.107,1.349,0.817,0.391
2025,Zach LaVine,SF,Chicago Bulls,Oklahoma City Thunder,18,1,1.234,0.332,2.105,0,1,1.663
2025,Zach LaVine,SG,Sacramento Kings,Oklahoma City Thunder,17,1,0.908,1.265,1.951,0.357,0.948,1.55
2025,Zach LaVine,SF,Chicago Bulls,Cleveland Cavaliers,18,2,1.234,0.475,1.774,0,1,1.464
2025,Zach LaVine,SF,Chicago Bulls,Boston Celtics,18,3,1.234,1.283,1.675,0.049,0.993,1.402
2025,Zach LaVine,SG,Sacramento Kings,Cleveland Cavaliers,17,2,0.908,1.342,1.62,0.434,0.937,1.347
2025,Zach LaVine,SG,Sacramento Kings,Boston Celtics,17,3,0.908,0.808,1.521,0,1,1.313
2025,Zach LaVine,SF,Chicago Bulls,Houston Rockets,18,4,1.234,1.573,1.191,0.339,0.95,1.095
2025,Zach LaVine,SF,Chicago Bulls,New York Knicks,18,5,1.234,0.764,1.084,0,1,1.05
2025,Zach LaVine,SG,Sacramento Kings,Houston Rockets,17,4,0.908,0.724,1.038,0,1,1.023
2025,Zach LaVine,SF,Chicago Bulls,Los Angeles Clippers,18,9,1.234,1.392,0.963,0.158,0.977,0.968
2025,Zach LaVine,SG,Sacramento Kings,New York Knicks,17,5,0.908,0.807,0.93,0,1,0.958
2025,Zach LaVine,SF,Chicago Bulls,Indiana Pacers,18,6,1.234,0.534,0.925,0,1,0.955
2025,Zach LaVine,SF,Chicago Bulls,Denver Nuggets,18,8,1.234,0.927,0.911,0,1,0.947
2025,Zach LaVine,SF,Chicago Bulls,Minnesota Timberwolves,18,10,1.234,-0.433,0.904,0,1,0.942
2025,Zach LaVine,SG,Sacramento Kings,Los Angeles Clippers,17,9,0.908,1.026,0.809,0.118,0.983,0.879
2025,Zach LaVine,SG,Sacramento Kings,Indiana Pacers,17,6,0.908,0.275,0.771,0,1,0.863
2025,Zach LaVine,SG,Sacramento Kings,Denver Nuggets,17,8,0.908,0.812,0.757,0,1,0.854
2025,Zach LaVine,SF,Chicago Bulls,Los Angeles Lakers,18,7,1.234,2.119,0.833,0.885,0.876,0.85
2025,Zach LaVine,SG,Sacramento Kings,Minnesota Timberwolves,17,10,0.908,1.353,0.75,0.445,0.935,0.824
2025,Zach LaVine,SF,Chicago Bulls,Milwaukee Bucks,18,11,1.234,0.667,0.698,0,1,0.819
2025,Zach LaVine,SF,Chicago Bulls,Golden State Warriors,18,12,1.234,1.484,0.711,0.25,0.963,0.812
2025,Zach LaVine,SG,Sacramento Kings,Los Angeles Lakers,17,7,0.908,1.047,0.68,0.139,0.979,0.799
2025,Zach LaVine,SG,Sacramento Kings,Memphis Grizzlies,17,13,0.908,0.996,0.573,0.087,0.987,0.738
2025,Zach LaVine,SG,Sacramento Kings,Golden State Warriors,17,12,0.908,0.448,0.557,0,1,0.734
2025,Zach LaVine,SG,Sacramento Kings,Milwaukee Bucks,17,11,0.908,0.683,0.544,0,1,0.727
2025,Zach LaVine,SF,Chicago Bulls,Detroit Pistons,18,14,1.234,0.84,0.461,0,1,0.676
2025,Zach LaVine,SF,Chicago Bulls,Orlando Magic,18,15,1.234,1.486,0.28,0.252,0.963,0.553
2025,Zach LaVine,SG,Sacramento Kings,Detroit Pistons,17,14,0.908,2.249,0.307,1.341,0.818,0.511
2025,Zach LaVine,SF,Chicago Bulls,Sacramento Kings,18,17,1.234,1.064,0.154,0,1,0.492
2025,Zach LaVine,SG,Sacramento Kings,Orlando Magic,17,15,0.908,0.142,0.127,0,1,0.476
2025,Zach LaVine,SF,Chicago Bulls,Atlanta Hawks,18,16,1.234,1.882,0.122,0.648,0.907,0.436
2025,Zeke Nnaji,PF,Denver Nuggets,Oklahoma City Thunder,8,1,-0.405,0.795,1.194,1.2,0.835,1.05
2025,Zeke Nnaji,PF,Denver Nuggets,Cleveland Cavaliers,8,2,-0.405,1.717,0.863,2.122,0.727,0.808
2025,Zeke Nnaji,PF,Denver Nuggets,Boston Celtics,8,3,-0.405,1.509,0.764,1.914,0.75,0.759
2025,Zeke Nnaji,PF,Denver Nuggets,Houston Rockets,8,4,-0.405,0.863,0.28,1.268,0.827,0.499
2025,Zeke Nnaji,PF,Denver Nuggets,New York Knicks,8,5,-0.405,0.825,0.173,1.231,0.831,0.436
2025,Zeke Nnaji,PF,Denver Nuggets,Los Angeles Clippers,8,9,-0.405,-0.25,0.052,0.155,0.977,0.422
2025,Zeke Nnaji,PF,Denver Nuggets,Indiana Pacers,8,6,-0.405,0.96,0.014,1.365,0.815,0.334
2025,Ziaire Williams,SF,Brooklyn Nets,Oklahoma City Thunder,25,1,0.258,0.332,2.966,0.074,0.989,2.175
2025,Ziaire Williams,SF,Brooklyn Nets,Cleveland Cavaliers,25,2,0.258,0.475,2.635,0.217,0.968,1.968
2025,Ziaire Williams,SF,Brooklyn Nets,Boston Celtics,25,3,0.258,1.283,2.536,1.026,0.857,1.865
2025,Ziaire Williams,SF,Brooklyn Nets,Houston Rockets,25,4,0.258,1.573,2.052,1.315,0.821,1.56
2025,Ziaire Williams,SF,Brooklyn Nets,New York Knicks,25,5,0.258,0.764,1.945,0.506,0.927,1.538
2025,Ziaire Williams,SF,Brooklyn Nets,Minnesota Timberwolves,25,10,0.258,-0.433,1.765,0,1,1.459
2025,Ziaire Williams,SF,Brooklyn Nets,Indiana Pacers,25,6,0.258,0.534,1.786,0.276,0.959,1.455
2025,Ziaire Williams,SF,Brooklyn Nets,Los Angeles Clippers,25,9,0.258,1.392,1.824,1.134,0.844,1.432
2025,Ziaire Williams,SF,Brooklyn Nets,Denver Nuggets,25,8,0.258,0.927,1.772,0.669,0.904,1.425
2025,Ziaire Williams,SF,Brooklyn Nets,Los Angeles Lakers,25,7,0.258,2.119,1.694,1.861,0.756,1.319
2025,Ziaire Williams,SF,Brooklyn Nets,Milwaukee Bucks,25,11,0.258,0.667,1.559,0.41,0.94,1.312
2025,Ziaire Williams,SF,Brooklyn Nets,Golden State Warriors,25,12,0.258,1.484,1.572,1.226,0.832,1.276
2025,Ziaire Williams,SF,Brooklyn Nets,Detroit Pistons,25,14,0.258,0.84,1.322,0.582,0.916,1.16
2025,Ziaire Williams,SF,Brooklyn Nets,Orlando Magic,25,15,0.258,1.486,1.141,1.228,0.832,1.017
2025,Ziaire Williams,SF,Brooklyn Nets,Sacramento Kings,25,17,0.258,1.064,1.015,0.806,0.886,0.963
2025,Ziaire Williams,SF,Brooklyn Nets,Atlanta Hawks,25,16,0.258,1.882,0.983,1.624,0.784,0.903
2025,Ziaire Williams,SF,Brooklyn Nets,Dallas Mavericks,25,19,0.258,0.6,0.831,0.342,0.95,0.879
2025,Ziaire Williams,SF,Brooklyn Nets,Miami Heat,25,20,0.258,1.143,0.857,0.885,0.876,0.865
2025,Ziaire Williams,SF,Brooklyn Nets,Chicago Bulls,25,18,0.258,1.234,0.861,0.977,0.864,0.862
2025,Ziaire Williams,SF,Brooklyn Nets,Phoenix Suns,25,21,0.258,0.395,0.562,0.138,0.98,0.729
2025,Ziaire Williams,SF,Brooklyn Nets,Portland Trail Blazers,25,22,0.258,1.194,0.566,0.936,0.869,0.687
2025,Ziaire Williams,SF,Brooklyn Nets,San Antonio Spurs,25,23,0.258,0.392,0.468,0.134,0.98,0.673
2025,Ziaire Williams,SF,Brooklyn Nets,Toronto Raptors,25,24,0.258,1.249,0.285,0.991,0.862,0.516
2025,Zion Williamson,PF,New Orleans Pelicans,Oklahoma City Thunder,27,1,1.672,0.795,3.302,0,1,2.381
2025,Zion Williamson,PF,New Orleans Pelicans,Cleveland Cavaliers,27,2,1.672,1.717,2.971,0.046,0.993,2.18
2025,Zion Williamson,PF,New Orleans Pelicans,Boston Celtics,27,3,1.672,1.509,2.872,0,1,2.123
2025,Zion Williamson,PF,New Orleans Pelicans,Houston Rockets,27,4,1.672,0.863,2.388,0,1,1.833
2025,Zion Williamson,PF,New Orleans Pelicans,New York Knicks,27,5,1.672,0.825,2.281,0,1,1.769
2025,Zion Williamson,PF,New Orleans Pelicans,Los Angeles Clippers,27,9,1.672,-0.25,2.16,0,1,1.696
2025,Zion Williamson,PF,New Orleans Pelicans,Indiana Pacers,27,6,1.672,0.96,2.122,0,1,1.673
2025,Zion Williamson,PF,New Orleans Pelicans,Denver Nuggets,27,8,1.672,0.4,2.108,0,1,1.665
2025,Zion Williamson,PF,New Orleans Pelicans,Minnesota Timberwolves,27,10,1.672,0.731,2.101,0,1,1.661
2025,Zion Williamson,PF,New Orleans Pelicans,Los Angeles Lakers,27,7,1.672,0.286,2.03,0,1,1.618
2025,Zion Williamson,PF,New Orleans Pelicans,Memphis Grizzlies,27,13,1.672,0.525,1.923,0,1,1.554
2025,Zion Williamson,PF,New Orleans Pelicans,Golden State Warriors,27,12,1.672,0.698,1.908,0,1,1.545
2025,Zion Williamson,PF,New Orleans Pelicans,Milwaukee Bucks,27,11,1.672,2.524,1.895,0.852,0.88,1.489
2025,Zion Williamson,PF,New Orleans Pelicans,Detroit Pistons,27,14,1.672,0.573,1.658,0,1,1.395
2025,Zion Williamson,PF,New Orleans Pelicans,Orlando Magic,27,15,1.672,1.217,1.477,0,1,1.286
2025,Zion Williamson,PF,New Orleans Pelicans,Sacramento Kings,27,17,1.672,0.523,1.351,0,1,1.21
2025,Zion Williamson,PF,New Orleans Pelicans,Atlanta Hawks,27,16,1.672,0.235,1.319,0,1,1.191
2025,Zion Williamson,PF,New Orleans Pelicans,Chicago Bulls,27,18,1.672,0.411,1.197,0,1,1.118
2025,Zion Williamson,PF,New Orleans Pelicans,Miami Heat,27,20,1.672,0.861,1.193,0,1,1.116
2025,Zion Williamson,PF,New Orleans Pelicans,Dallas Mavericks,27,19,1.672,1.939,1.167,0.267,0.961,1.085
2025,Zion Williamson,PF,New Orleans Pelicans,Portland Trail Blazers,27,22,1.672,0.482,0.902,0,1,0.941
2025,Zion Williamson,PF,New Orleans Pelicans,Phoenix Suns,27,21,1.672,1.486,0.898,0,1,0.939
2025,Zion Williamson,PF,New Orleans Pelicans,San Antonio Spurs,27,23,1.672,0.484,0.804,0,1,0.883
2025,Zion Williamson,PF,New Orleans Pelicans,Toronto Raptors,27,24,1.672,1.283,0.621,0,1,0.772
2025,Zion Williamson,PF,New Orleans Pelicans,Brooklyn Nets,27,25,1.672,0.624,0.336,0,1,0.602
2025,Zion Williamson,PF,New Orleans Pelicans,Philadelphia 76ers,27,26,1.672,0.711,0.278,0,1,0.567
2025,Zyon Pullin,SG,Memphis Grizzlies,Oklahoma City Thunder,13,1,-2.141,1.265,1.378,3.406,0.6,1.067
2025,Zyon Pullin,SG,Memphis Grizzlies,Cleveland Cavaliers,13,2,-2.141,1.342,1.047,3.483,0.593,0.866
2025,Zyon Pullin,SG,Memphis Grizzlies,Boston Celtics,13,3,-2.141,0.808,0.949,2.949,0.643,0.826
2025,Zyon Pullin,SG,Memphis Grizzlies,Houston Rockets,13,4,-2.141,0.724,0.465,2.865,0.651,0.539
2025,Zyon Pullin,SG,Memphis Grizzlies,New York Knicks,13,5,-2.141,0.807,0.358,2.948,0.643,0.472
2025,Zyon Pullin,SG,Memphis Grizzlies,Indiana Pacers,13,6,-2.141,0.275,0.199,2.416,0.696,0.398
2025,Zyon Pullin,SG,Memphis Grizzlies,Los Angeles Clippers,13,9,-2.141,1.026,0.237,3.167,0.622,0.391
2025,Zyon Pullin,SG,Memphis Grizzlies,Denver Nuggets,13,8,-2.141,0.812,0.185,2.953,0.642,0.368
2025,Zyon Pullin,SG,Memphis Grizzlies,Minnesota Timberwolves,13,10,-2.141,1.353,0.178,3.494,0.592,0.343
2025,Zyon Pullin,SG,Memphis Grizzlies,Los Angeles Lakers,13,7,-2.141,1.047,0.107,3.188,0.62,0.312
