ID,Season,Player Name,Team,Position,Games Played (G),Games Started (GS),Minutes Played (MP),Field Goals Made (FG),Field Goal Attempts (FGA),Field Goal Percentage (FG%),3-Point Field Goals Made (3P),3-Point Field Goal Attempts (3PA),3-Point Field Goal Percentage (3P%),2-Point Field Goals Made (2P),2-Point Field Goal Attempts (2PA),2-Point Field Goal Percentage (2P%),Effective Field Goal Percentage (eFG%),Free Throws Made (FT),Free Throw Attempts (FTA),Free Throw Percentage (FT%),Offensive Rebounds (ORB),Offensive Rebound Percentage (ORB%),Defensive Rebounds (DRB),Defensive Rebound Percentage (DRB%),Total Rebounds (TRB),Total Rebounds Per Game,Total Rebound Percentage (TRB%),Assists (AST),Assist Percentage (AST%),Steals (STL),Steal Percentage (STL%),Blocks (BLK),Block Percentage (BLK%),Personal Fouls (PF),Points (PTS),Turnovers (TOV),Turnover Percentage (TOV%),Player Efficiency Rating (PER)
0,2020,James Harden,HOU,SG,68,68,36.5,9.9,22.3,.444,4.4,12.4,.355,5.5,9.9,.556,.543,10.2,11.8,.865,1.0,2.9,5.5,16.0,6.6,6.6,9.4,7.5,35.9,1.8,2.3,0.9,2.1,3.3,34.3,4.5,14.2,29.1
1,2020,Bradley Beal,WAS,SG,57,57,36.0,10.4,22.9,.455,3.0,8.4,.353,7.4,14.4,.515,.520,6.8,8.0,.842,0.9,2.7,3.3,10.5,4.2,4.2,6.4,6.1,29.5,1.2,1.6,0.4,1.0,2.2,30.5,3.4,11.4,23.2
2,2020,Damian Lillard,POR,PG,66,66,37.5,9.5,20.4,.463,4.1,10.2,.401,5.4,10.2,.524,.563,7.0,7.8,.888,0.5,1.4,3.8,10.5,4.3,4.3,6.0,8.0,34.4,1.1,1.3,0.3,0.8,1.7,30.0,2.9,11.0,26.9
3,2020,Trae Young,ATL,PG,60,60,35.3,9.1,20.8,.437,3.4,9.5,.361,5.7,11.4,.501,.519,8.0,9.3,.860,0.5,1.6,3.7,11.5,4.3,4.3,6.5,9.3,45.6,1.1,1.4,0.1,0.3,1.7,29.6,4.8,16.2,23.9
4,2020,Giannis Antetokounmpo,MIL,PF,63,63,30.4,10.9,19.7,.553,1.4,4.7,.304,9.5,15.0,.631,.589,6.3,10.0,.633,2.2,7.7,11.4,34.8,13.6,13.6,22.1,5.6,34.2,1.0,1.5,1.0,3.0,3.1,29.5,3.7,13.2,31.9
5,2020,Luka Dončić,DAL,PG,61,61,33.6,9.5,20.6,.463,2.8,8.9,.316,6.7,11.7,.574,.531,7.0,9.2,.758,1.3,4.1,8.1,25.0,9.4,9.4,14.7,8.8,45.7,1.0,1.5,0.2,0.6,2.5,28.8,4.3,14.8,27.6
6,2020,Kyrie Irving,BRK,PG,20,20,32.9,10.0,20.8,.478,2.8,7.1,.394,7.2,13.7,.522,.546,4.7,5.1,.922,1.1,3.5,4.1,12.5,5.2,5.2,8.1,6.4,36.7,1.4,1.9,0.5,1.3,2.7,27.4,2.6,10.1,26.2
7,2020,Russell Westbrook,HOU,PG,57,57,35.9,10.6,22.5,.472,1.0,3.7,.258,9.6,18.7,.514,.493,5.1,6.7,.763,1.8,5.1,6.2,18.1,7.9,7.9,11.5,7.0,35.6,1.6,2.1,0.4,0.8,3.5,27.2,4.5,15.0,21.0
8,2020,Kawhi Leonard,LAC,SF,57,57,32.4,9.3,19.9,.470,2.2,5.7,.378,7.2,14.2,.506,.524,6.2,7.1,.886,0.9,3.1,6.1,19.1,7.1,7.1,11.3,4.9,26.4,1.8,2.6,0.6,1.6,2.0,27.1,2.6,10.2,26.9
9,2020,Devin Booker,PHO,SG,70,70,35.9,9.0,18.3,.489,2.0,5.7,.354,6.9,12.6,.549,.544,6.7,7.3,.919,0.4,1.3,3.8,12.0,4.2,4.2,6.6,6.5,30.0,0.7,0.9,0.3,0.6,3.0,26.6,3.8,14.9,20.6
10,2020,Karl-Anthony Towns,MIN,C,35,35,33.9,9.0,17.8,.508,3.3,7.9,.412,5.8,9.9,.586,.600,5.1,6.5,.796,2.7,8.1,8.1,26.1,10.8,10.8,16.8,4.4,22.8,0.9,1.3,1.2,2.9,3.3,26.5,3.1,13.2,26.5
11,2020,Anthony Davis,LAL,PF,62,62,34.4,8.9,17.7,.503,1.2,3.5,.330,7.7,14.2,.546,.536,7.2,8.5,.846,2.3,7.4,7.0,22.1,9.3,9.3,14.8,3.2,15.1,1.5,2.0,2.3,6.0,2.5,26.1,2.5,10.4,27.4
12,2020,Zach LaVine,CHI,SF,60,60,34.8,9.0,20.0,.450,3.1,8.1,.380,5.9,11.9,.497,.526,4.5,5.6,.802,0.7,2.1,4.1,13.8,4.8,4.8,7.7,4.2,21.7,1.5,2.0,0.5,1.3,2.2,25.5,3.4,13.3,19.4
13,2020,LeBron James,LAL,PG,67,67,34.6,9.6,19.4,.493,2.2,6.3,.348,7.4,13.1,.564,.550,3.9,5.7,.693,1.0,3.2,6.9,21.5,7.8,7.8,12.4,10.2,49.1,1.2,1.6,0.5,1.4,1.8,25.3,3.9,15.1,25.5
14,2020,Donovan Mitchell,UTA,SG,69,69,34.3,8.7,19.4,.449,2.5,6.9,.366,6.2,12.6,.494,.513,4.0,4.7,.863,0.8,2.6,3.6,11.3,4.4,4.4,7.1,4.3,21.6,1.0,1.4,0.2,0.5,2.5,24.0,2.7,11.0,18.8
15,2020,Brandon Ingram,NOP,PF,62,62,33.9,8.2,17.7,.463,2.4,6.2,.391,5.8,11.5,.501,.531,5.0,5.9,.851,0.8,2.6,5.3,16.6,6.1,6.1,9.6,4.2,19.3,1.0,1.3,0.6,1.5,2.9,23.8,3.0,13.1,18.8
16,2020,Jayson Tatum,BOS,PF,66,66,34.3,8.4,18.6,.450,2.9,7.1,.403,5.5,11.5,.480,.527,3.8,4.7,.812,1.0,3.1,6.0,18.5,7.0,7.0,10.9,3.0,14.5,1.4,2.0,0.9,2.3,2.1,23.4,2.3,10.2,20.4
17,2020,D'Angelo Russell,2TM,PG,45,45,32.3,8.0,18.8,.426,3.5,9.6,.367,4.5,9.2,.487,.519,3.6,4.4,.809,0.4,1.2,3.6,12.3,3.9,3.9,6.6,6.3,35.2,1.1,1.6,0.3,0.8,1.9,23.1,3.3,13.6,18.7
18,2020,D'Angelo Russell,GSW,PG,33,33,32.1,8.3,19.2,.430,3.6,9.7,.374,4.6,9.5,.487,.524,3.4,4.4,.785,0.4,1.4,3.3,11.4,3.7,3.7,6.2,6.2,36.0,0.9,1.4,0.3,0.8,1.9,23.6,3.1,12.6,19.1
19,2020,D'Angelo Russell,MIN,PG,12,12,32.7,7.3,17.6,.412,3.2,9.2,.345,4.1,8.4,.485,.502,4.0,4.6,.873,0.3,0.8,4.3,14.5,4.6,4.6,7.4,6.6,33.1,1.4,2.0,0.3,0.8,1.8,21.7,3.8,16.4,17.6
20,2020,Joel Embiid,PHI,C,51,51,29.5,7.5,15.7,.477,1.1,3.4,.331,6.4,12.3,.517,.512,6.9,8.5,.807,2.8,10.3,8.9,33.2,11.6,11.6,21.7,3.0,16.9,0.9,1.4,1.3,3.7,3.4,23.0,3.1,13.8,25.8
21,2020,Pascal Siakam,TOR,PF,60,60,35.2,8.3,18.4,.453,2.2,6.1,.359,6.2,12.3,.499,.512,4.0,5.1,.792,1.1,3.3,6.3,18.3,7.3,7.3,11.0,3.5,16.4,1.0,1.4,0.9,2.5,2.8,22.9,2.5,10.7,17.9
22,2020,Zion Williamson,NOP,PF,24,24,27.8,8.8,15.0,.583,0.3,0.6,.429,8.5,14.4,.590,.592,4.8,7.4,.640,2.7,10.1,3.6,13.7,6.3,6.3,11.9,2.1,13.3,0.7,1.1,0.4,1.1,1.8,22.5,2.5,11.9,24.1
23,2020,CJ McCollum,POR,SG,70,70,36.5,8.7,19.4,.451,2.8,7.3,.379,6.0,12.1,.494,.522,2.0,2.6,.757,0.7,1.9,3.6,10.2,4.2,4.2,6.1,4.4,19.1,0.8,1.0,0.6,1.4,2.6,22.2,1.8,8.1,17.0
24,2020,DeMar DeRozan,SAS,SF,68,68,34.1,8.2,15.4,.531,0.1,0.5,.257,8.1,14.9,.540,.535,5.6,6.6,.845,0.6,2.0,4.9,15.4,5.5,5.5,8.7,5.6,26.1,1.0,1.4,0.3,0.8,2.6,22.1,2.4,11.6,21.6
25,2020,Andrew Wiggins,2TM,SF,54,54,34.4,8.1,18.1,.447,2.1,6.2,.332,6.0,11.9,.506,.504,3.5,5.0,.709,1.2,3.6,3.9,12.3,5.1,5.1,7.8,3.7,18.1,0.8,1.1,1.0,2.4,2.4,21.8,2.4,10.7,16.4
26,2020,Andrew Wiggins,MIN,SF,42,42,34.6,8.4,18.8,.444,2.2,6.5,.331,6.2,12.3,.505,.502,3.5,4.9,.720,1.1,3.4,4.1,12.9,5.2,5.2,7.9,3.7,18.1,0.7,0.9,0.9,2.1,2.4,22.4,2.5,10.8,16.1
27,2020,Andrew Wiggins,GSW,SF,12,12,33.6,7.2,15.7,.457,1.7,4.9,.339,5.5,10.8,.512,.511,3.4,5.1,.672,1.5,4.7,3.1,10.3,4.6,4.6,7.4,3.6,18.2,1.3,1.9,1.4,3.8,2.2,19.4,2.1,10.4,17.5
28,2020,John Collins,ATL,PF,41,41,33.2,8.6,14.8,.583,1.4,3.6,.401,7.2,11.2,.642,.632,2.9,3.7,.800,2.8,9.0,7.3,24.0,10.1,10.1,16.4,1.5,7.6,0.8,1.1,1.6,4.1,3.4,21.6,1.8,10.1,23.5
29,2020,Paul George,LAC,SF,48,48,29.6,7.1,16.3,.439,3.3,7.9,.412,3.9,8.4,.464,.539,4.0,4.5,.876,0.5,1.8,5.2,17.7,5.7,5.7,10.0,3.9,21.1,1.4,2.3,0.4,1.2,2.4,21.5,2.6,12.5,21.1
30,2020,De'Aaron Fox,SAC,PG,51,49,32.0,7.7,16.0,.480,1.1,3.6,.292,6.6,12.4,.535,.513,4.7,6.7,.705,0.7,2.4,3.2,11.4,3.8,3.8,6.8,6.8,35.3,1.5,2.2,0.5,1.5,2.8,21.1,3.1,14.1,20.6
31,2020,Khris Middleton,MIL,SF,62,59,29.9,7.6,15.3,.497,2.4,5.7,.415,5.2,9.6,.546,.575,3.4,3.7,.916,0.7,2.5,5.5,17.0,6.2,6.2,10.2,4.3,22.2,0.9,1.3,0.1,0.3,2.3,20.9,2.2,11.6,21.1
32,2020,Stephen Curry,GSW,PG,5,5,27.8,6.6,16.4,.402,2.4,9.8,.245,4.2,6.6,.636,.476,5.2,5.2,1.000,0.8,3.0,4.4,17.8,5.2,5.2,10.1,6.6,42.3,1.0,1.7,0.4,1.3,2.2,20.8,3.2,14.6,21.7
33,2020,Collin Sexton,CLE,PG,65,65,33.0,7.9,16.7,.472,1.5,3.9,.380,6.4,12.8,.501,.517,3.5,4.1,.846,0.9,3.1,2.2,7.5,3.1,3.1,5.3,3.0,15.1,1.0,1.5,0.1,0.3,2.2,20.8,2.4,11.6,16.3
34,2020,Spencer Dinwiddie,BRK,PG,64,49,31.2,6.6,16.0,.415,1.9,6.3,.308,4.7,9.7,.485,.476,5.4,7.0,.778,0.5,1.7,3.0,9.6,3.5,3.5,5.7,6.8,35.0,0.6,0.9,0.3,0.9,2.8,20.6,2.7,12.5,17.8
35,2020,Kristaps Porziņģis,DAL,C,57,57,31.8,7.0,16.4,.427,2.5,7.1,.352,4.5,9.3,.484,.503,4.0,5.0,.799,1.8,5.9,7.7,25.1,9.5,9.5,15.6,1.8,8.8,0.7,1.1,2.0,5.4,3.2,20.4,1.6,8.0,20.2
36,2020,Kemba Walker,BOS,PG,56,56,31.1,6.8,15.9,.425,3.2,8.4,.381,3.5,7.4,.476,.526,3.7,4.3,.864,0.6,2.2,3.2,11.0,3.9,3.9,6.7,4.8,24.2,0.9,1.3,0.5,1.5,1.6,20.4,2.1,10.5,20.0
37,2020,Jaylen Brown,BOS,SG,57,57,33.9,7.5,15.6,.481,2.3,5.9,.382,5.2,9.6,.543,.554,3.1,4.3,.724,1.1,3.5,5.3,16.5,6.4,6.4,10.1,2.1,9.7,1.1,1.6,0.4,1.0,2.9,20.3,2.2,11.2,16.9
38,2020,Bojan Bogdanović,UTA,SF,63,63,33.1,6.6,14.8,.447,3.0,7.3,.414,3.6,7.6,.479,.548,4.0,4.4,.903,0.6,2.1,3.5,11.2,4.1,4.1,6.8,2.1,10.0,0.5,0.8,0.1,0.3,1.7,20.2,2.5,13.1,15.6
39,2020,Jimmy Butler,MIA,SF,58,58,33.8,5.9,13.1,.455,0.5,2.1,.244,5.4,11.0,.495,.474,7.6,9.1,.834,1.8,6.3,4.8,15.4,6.7,6.7,11.0,6.0,28.1,1.8,2.6,0.6,1.6,1.4,19.9,2.2,11.4,23.6
40,2020,Nikola Jokić,DEN,C,73,73,32.0,7.7,14.7,.528,1.1,3.5,.314,6.6,11.2,.594,.565,3.4,4.1,.817,2.3,8.0,7.5,26.1,9.7,9.7,17.1,7.0,35.2,1.2,1.8,0.6,1.7,3.0,19.9,3.1,15.8,24.9
41,2020,T.J. Warren,IND,SF,67,67,32.9,8.0,14.9,.536,1.4,3.4,.403,6.6,11.5,.575,.581,2.5,3.0,.819,1.0,3.4,3.2,10.5,4.2,4.2,7.0,1.5,7.1,1.2,1.7,0.5,1.4,2.8,19.8,1.3,7.2,18.4
42,2020,Tobias Harris,PHI,PF,72,72,34.3,7.7,16.3,.471,1.8,5.0,.367,5.9,11.3,.517,.527,2.4,3.0,.806,1.0,3.1,5.9,19.1,6.9,6.9,11.1,3.2,14.6,0.7,1.0,0.6,1.4,2.3,19.6,1.4,7.6,17.2
43,2020,Nikola Vučević,ORL,C,62,62,32.2,8.0,16.7,.477,1.6,4.7,.339,6.4,12.0,.531,.525,2.1,2.7,.784,2.3,7.3,8.6,29.7,10.9,10.9,18.1,3.6,19.5,0.9,1.3,0.8,2.1,2.2,19.6,1.4,7.4,21.9
44,2020,Julius Randle,NYK,PF,64,64,32.5,7.2,15.7,.460,1.0,3.6,.277,6.2,12.1,.515,.492,4.0,5.5,.733,2.4,7.5,7.4,24.9,9.7,9.7,16.0,3.1,15.8,0.8,1.2,0.3,1.0,2.8,19.5,3.0,14.3,17.5
45,2020,Kyle Lowry,TOR,PG,58,58,36.2,5.8,13.8,.416,2.8,8.0,.352,2.9,5.8,.504,.518,5.1,5.9,.857,0.6,1.6,4.5,12.8,5.0,5.0,7.3,7.5,30.6,1.4,1.9,0.4,1.2,3.3,19.4,3.1,15.7,17.7
46,2020,Buddy Hield,SAC,SG,72,44,30.8,6.9,16.1,.429,3.8,9.6,.394,3.2,6.6,.479,.545,1.6,1.9,.846,0.8,2.8,3.8,14.1,4.6,4.6,8.3,3.0,15.5,0.9,1.4,0.2,0.7,2.3,19.2,2.3,12.1,16.0
47,2020,Jrue Holiday,NOP,SG,61,61,34.7,7.5,16.5,.455,2.0,5.7,.353,5.5,10.8,.509,.516,2.1,3.0,.709,1.3,3.8,3.5,10.9,4.8,4.8,7.3,6.7,29.1,1.6,2.2,0.8,1.9,2.4,19.1,3.0,14.5,17.0
48,2020,Shai Gilgeous-Alexander,OKC,SG,70,70,34.7,6.8,14.5,.471,1.2,3.6,.347,5.6,10.9,.512,.514,4.1,5.1,.807,0.7,2.2,5.2,16.1,5.9,5.9,9.4,3.3,15.2,1.1,1.6,0.7,1.7,1.7,19.0,1.9,10.3,17.7
49,2020,LaMarcus Aldridge,SAS,C,53,53,33.1,7.4,15.0,.493,1.2,3.0,.389,6.2,12.0,.519,.532,3.0,3.6,.827,1.9,6.3,5.5,17.8,7.4,7.4,12.0,2.4,11.4,0.7,1.0,1.6,4.4,2.4,18.9,1.4,7.8,19.7
50,2020,Dennis Schröder,OKC,PG,65,2,30.8,7.0,14.8,.469,1.9,5.0,.385,5.0,9.8,.513,.534,3.0,3.6,.839,0.3,1.1,3.3,11.6,3.6,3.6,6.5,4.0,21.9,0.7,1.1,0.2,0.6,2.2,18.9,2.6,13.4,16.7
51,2020,Danilo Gallinari,OKC,PF,62,62,29.6,5.8,13.2,.438,2.9,7.1,.405,2.9,6.1,.476,.547,4.3,4.8,.893,0.5,2.1,4.6,16.8,5.2,5.2,9.7,1.9,10.3,0.7,1.1,0.1,0.2,1.2,18.7,1.2,7.4,19.5
52,2020,Caris LeVert,BRK,SG,45,31,29.6,6.9,16.3,.425,1.8,4.9,.364,5.1,11.4,.451,.480,3.1,4.4,.711,1.1,3.9,3.1,10.7,4.2,4.2,7.4,4.4,25.0,1.2,1.9,0.2,0.6,1.8,18.7,2.6,12.6,16.1
53,2020,Kelly Oubre Jr.,PHO,SF,56,55,34.5,6.7,14.8,.452,1.9,5.5,.352,4.7,9.3,.511,.517,3.4,4.4,.780,1.2,3.8,5.3,17.1,6.4,6.4,10.4,1.5,6.6,1.3,1.7,0.7,1.8,3.4,18.7,1.5,8.2,14.9
54,2020,Montrezl Harrell,LAC,C,63,2,27.8,7.5,12.9,.580,0.0,0.3,.000,7.5,12.6,.593,.580,3.7,5.6,.658,2.6,9.9,4.5,16.3,7.1,7.1,13.2,1.7,10.3,0.6,1.1,1.1,3.6,2.3,18.6,1.7,10.1,23.2
55,2020,Evan Fournier,ORL,SF,66,66,31.5,6.6,14.1,.467,2.6,6.6,.399,4.0,7.5,.527,.560,2.7,3.3,.818,0.3,0.9,2.3,8.2,2.6,2.6,4.4,3.2,16.6,1.1,1.7,0.2,0.7,2.4,18.5,1.9,10.9,16.4
56,2020,Jamal Murray,DEN,PG,59,59,32.3,6.9,15.2,.456,1.9,5.5,.346,5.0,9.7,.519,.519,2.8,3.1,.881,0.8,2.7,3.2,11.2,4.0,4.0,6.9,4.8,22.9,1.1,1.7,0.3,0.8,1.7,18.5,2.2,11.5,17.7
57,2020,Domantas Sabonis,IND,PF,62,62,34.8,7.4,13.7,.540,0.3,1.1,.254,7.1,12.6,.565,.550,3.5,4.8,.723,3.0,9.7,9.4,29.3,12.4,12.4,19.6,5.0,21.7,0.8,1.1,0.5,1.2,3.1,18.5,2.7,14.8,20.7
58,2020,Deandre Ayton,PHO,C,38,32,32.5,8.2,14.9,.546,0.1,0.3,.231,8.1,14.6,.553,.548,1.8,2.3,.753,3.9,13.0,7.6,26.3,11.5,11.5,19.6,1.9,9.7,0.7,1.0,1.5,4.1,3.1,18.2,2.1,11.6,20.0
59,2020,Devonte' Graham,CHO,PG,63,53,35.1,5.8,15.3,.382,3.5,9.3,.373,2.4,6.0,.397,.495,3.0,3.7,.820,0.7,2.0,2.7,8.7,3.4,3.4,5.2,7.5,35.3,1.0,1.4,0.2,0.6,1.8,18.2,2.9,14.5,15.8
60,2020,Lou Williams,LAC,PG,65,8,28.7,6.0,14.4,.418,1.7,4.8,.352,4.3,9.6,.451,.477,4.5,5.2,.861,0.5,1.8,2.6,9.2,3.1,3.1,5.6,5.6,30.1,0.7,1.1,0.2,0.6,1.2,18.2,2.8,14.4,17.3
61,2020,Derrick Rose,DET,PG,50,15,26.0,7.4,15.1,.490,0.9,2.9,.306,6.5,12.1,.535,.520,2.4,2.8,.871,0.5,2.3,1.9,8.3,2.4,2.4,5.3,5.6,40.5,0.8,1.5,0.3,1.0,1.0,18.1,2.5,13.4,21.0
62,2020,Terry Rozier,CHO,PG,63,63,34.3,6.3,14.9,.423,2.7,6.7,.407,3.6,8.2,.436,.514,2.6,3.0,.874,0.8,2.4,3.6,11.8,4.4,4.4,7.0,4.1,20.4,1.0,1.4,0.2,0.4,2.0,18.0,2.2,12.1,14.8
63,2020,Ja Morant,MEM,PG,67,67,31.0,6.7,14.0,.477,0.9,2.7,.335,5.8,11.3,.511,.509,3.6,4.6,.776,0.8,2.6,3.1,10.4,3.9,3.9,6.6,7.3,35.2,0.9,1.3,0.3,0.8,1.6,17.8,3.3,17.0,17.4
64,2020,Andre Drummond,2TM,C,57,56,33.0,7.3,13.8,.533,0.1,0.6,.143,7.2,13.1,.551,.536,3.0,5.2,.575,4.4,14.9,10.8,37.5,15.2,15.2,26.0,2.7,13.6,1.9,2.8,1.6,4.2,3.5,17.7,3.6,18.2,22.0
65,2020,Andre Drummond,DET,C,49,48,33.8,7.3,13.9,.530,0.0,0.4,.048,7.3,13.4,.546,.531,3.0,5.2,.584,4.6,15.3,11.2,38.2,15.8,15.8,26.6,2.8,14.0,2.0,2.9,1.7,4.2,3.6,17.8,3.6,18.0,22.1
66,2020,Andre Drummond,CLE,C,8,8,28.1,7.3,13.1,.552,0.5,1.8,.286,6.8,11.4,.593,.571,2.5,4.9,.513,3.0,11.7,8.1,32.4,11.1,11.1,22.0,1.8,10.8,1.5,2.6,1.4,4.2,3.1,17.5,3.6,19.2,21.1
67,2020,Kevin Love,CLE,PF,56,56,31.8,5.8,13.0,.450,2.6,7.0,.374,3.2,6.0,.537,.550,3.3,3.9,.854,1.0,3.3,8.8,31.1,9.8,9.8,17.1,3.2,15.4,0.6,0.9,0.3,0.9,1.6,17.6,2.5,14.5,17.9
68,2020,Jusuf Nurkić,POR,C,8,8,31.6,6.8,13.6,.495,0.3,1.3,.200,6.5,12.4,.525,.505,3.9,4.4,.886,2.9,9.6,7.4,24.1,10.3,10.3,16.9,4.0,19.1,1.4,2.1,2.0,5.4,4.9,17.6,2.4,13.2,22.6
69,2020,Chris Paul,OKC,PG,70,70,31.5,6.2,12.7,.489,1.6,4.3,.365,4.6,8.3,.554,.552,3.6,4.0,.907,0.4,1.3,4.6,15.7,5.0,5.0,8.7,6.7,34.0,1.6,2.4,0.2,0.4,2.3,17.6,2.3,13.8,21.7
70,2020,Fred VanVleet,TOR,SG,54,54,35.7,5.9,14.3,.413,2.7,6.9,.390,3.2,7.4,.434,.507,3.1,3.7,.848,0.3,1.0,3.4,9.9,3.8,3.8,5.6,6.6,27.7,1.9,2.5,0.3,0.9,2.4,17.6,2.2,12.3,16.3
71,2020,Gordon Hayward,BOS,SF,52,52,33.5,6.7,13.5,.500,1.6,4.3,.383,5.1,9.2,.554,.561,2.4,2.8,.855,1.1,3.4,5.6,17.8,6.7,6.7,10.7,4.1,18.7,0.7,1.1,0.4,1.2,1.8,17.5,1.8,11.2,18.1
72,2020,Jaren Jackson Jr.,MEM,C,57,57,28.5,6.2,13.2,.469,2.5,6.5,.394,3.6,6.8,.540,.565,2.4,3.3,.747,1.0,3.6,3.6,13.2,4.6,4.6,8.5,1.4,7.2,0.7,1.2,1.6,5.0,4.1,17.4,1.7,10.6,16.3
73,2020,Marcus Morris,2TM,PF,62,62,31.2,5.7,13.1,.438,2.3,5.6,.408,3.4,7.5,.461,.526,2.9,3.5,.823,1.0,3.2,4.1,14.0,5.0,5.0,8.5,1.4,6.8,0.8,1.2,0.5,1.4,2.9,16.7,1.6,9.7,14.3
74,2020,Marcus Morris,NYK,SF,43,43,32.3,6.5,14.8,.442,2.7,6.1,.439,3.8,8.7,.444,.533,3.8,4.6,.823,1.1,3.6,4.3,14.7,5.4,5.4,9.0,1.4,6.8,0.8,1.2,0.4,1.2,3.0,19.6,1.7,9.2,16.5
75,2020,Marcus Morris,LAC,PF,19,19,28.9,3.9,9.2,.425,1.4,4.4,.310,2.5,4.7,.533,.500,0.9,1.2,.818,0.6,2.1,3.5,12.3,4.1,4.1,7.4,1.4,6.8,0.7,1.1,0.7,2.1,2.7,10.1,1.3,11.6,8.9
76,2020,Malcolm Brogdon,IND,PG,54,54,30.9,6.0,13.8,.438,1.4,4.3,.326,4.6,9.5,.488,.489,3.1,3.4,.892,0.9,3.1,4.0,14.1,4.9,4.9,8.6,7.1,33.8,0.6,1.0,0.2,0.5,1.8,16.5,2.4,13.7,17.7
77,2020,Ben Simmons,PHI,PG,57,57,35.4,6.6,11.4,.580,0.0,0.1,.286,6.5,11.2,.583,.581,3.2,5.2,.621,2.0,6.2,5.8,18.2,7.8,7.8,12.2,8.0,33.8,2.1,2.9,0.6,1.4,3.3,16.4,3.5,20.4,20.4
78,2020,Dillon Brooks,MEM,SG,73,73,28.9,6.0,14.6,.407,2.0,5.6,.358,3.9,9.0,.438,.476,2.2,2.8,.808,0.9,3.5,2.4,8.6,3.3,3.3,6.1,2.1,10.5,0.9,1.4,0.4,1.1,3.8,16.2,1.7,9.7,11.3
79,2020,Goran Dragić,MIA,PG,59,3,28.2,5.4,12.3,.441,2.1,5.7,.367,3.3,6.5,.505,.526,3.2,4.2,.776,0.5,2.0,2.7,10.2,3.2,3.2,6.3,5.1,29.2,0.7,1.2,0.2,0.6,2.1,16.2,2.4,14.8,16.3
80,2020,Norman Powell,TOR,SG,52,26,28.4,5.7,11.5,.495,2.1,5.3,.399,3.6,6.3,.575,.586,2.5,2.9,.843,0.5,1.9,3.2,11.4,3.7,3.7,6.8,1.8,9.7,1.2,1.9,0.4,1.4,2.1,16.0,1.5,10.4,16.8
81,2020,Bam Adebayo,MIA,PF,72,72,33.6,6.1,11.0,.557,0.0,0.2,.143,6.1,10.8,.564,.558,3.7,5.3,.691,2.4,8.5,7.8,24.9,10.2,10.2,17.0,5.1,24.2,1.1,1.7,1.3,3.8,2.5,15.9,2.8,17.6,20.3
82,2020,Tim Hardaway Jr.,DAL,SG,71,58,29.5,5.4,12.5,.434,2.9,7.2,.398,2.5,5.2,.485,.550,2.1,2.6,.819,0.4,1.3,2.9,10.2,3.3,3.3,5.8,1.9,9.7,0.6,0.9,0.1,0.2,1.8,15.8,1.0,6.7,14.5
83,2020,Luke Kennard,DET,SG,28,25,32.9,5.4,12.2,.442,2.6,6.5,.399,2.8,5.7,.491,.548,2.4,2.7,.893,0.3,1.1,3.2,11.1,3.5,3.5,6.0,4.1,19.2,0.4,0.6,0.2,0.5,2.3,15.8,1.5,10.3,14.4
84,2020,Blake Griffin,DET,PF,18,18,28.4,4.9,13.9,.352,1.5,6.2,.243,3.4,7.7,.439,.406,4.2,5.4,.776,0.9,3.7,3.7,15.0,4.7,4.7,9.3,3.3,18.0,0.4,0.7,0.4,1.1,1.5,15.5,2.2,12.0,11.9
85,2020,Hassan Whiteside,POR,C,67,61,30.0,6.5,10.5,.621,0.1,0.1,.571,6.4,10.4,.622,.624,2.4,3.6,.686,3.9,13.6,9.7,33.3,13.5,13.5,23.6,1.2,5.9,0.4,0.6,2.9,8.4,2.9,15.5,1.8,12.9,25.0
86,2020,Carmelo Anthony,POR,PF,58,58,32.8,5.8,13.5,.430,1.5,3.9,.385,4.3,9.6,.448,.485,2.3,2.8,.845,1.2,3.9,5.1,16.1,6.3,6.3,10.1,1.5,6.4,0.8,1.2,0.5,1.2,2.9,15.4,1.7,10.5,12.4
87,2020,Dāvis Bertāns,WAS,PF,54,4,29.3,4.9,11.3,.434,3.7,8.7,.424,1.2,2.6,.471,.598,1.9,2.3,.852,0.6,2.3,3.9,15.1,4.5,4.5,8.5,1.7,8.4,0.7,1.1,0.6,1.8,2.6,15.4,1.1,8.2,15.5
88,2020,Serge Ibaka,TOR,C,55,27,27.0,6.2,12.2,.512,1.3,3.3,.385,5.0,8.9,.559,.564,1.6,2.3,.718,2.1,8.3,6.1,23.5,8.2,8.2,16.1,1.4,8.6,0.5,0.9,0.8,3.0,2.8,15.4,2.0,13.1,17.3
89,2020,Kendrick Nunn,MIA,PG,67,67,29.3,6.0,13.6,.439,2.0,5.8,.350,3.9,7.8,.505,.514,1.3,1.5,.850,0.3,1.2,2.4,8.7,2.7,2.7,5.1,3.3,18.5,0.8,1.4,0.2,0.8,2.3,15.3,1.7,10.6,12.9
90,2020,JJ Redick,NOP,SG,60,36,26.4,4.8,10.5,.453,3.0,6.6,.453,1.8,3.9,.453,.596,2.8,3.1,.892,0.2,0.7,2.4,9.5,2.5,2.5,5.1,2.0,10.8,0.3,0.6,0.2,0.5,1.6,15.3,1.3,9.5,15.4
91,2020,Jordan Clarkson,2TM,SG,71,2,24.0,5.5,12.2,.454,2.1,5.8,.368,3.4,6.4,.533,.542,1.9,2.3,.836,0.7,3.3,1.9,8.7,2.6,2.6,6.1,1.9,13.2,0.6,1.3,0.2,0.8,1.5,15.2,1.4,9.4,17.3
92,2020,Jordan Clarkson,CLE,SG,29,0,23.0,5.0,11.2,.442,2.0,5.5,.371,2.9,5.8,.509,.532,2.6,3.0,.884,0.7,3.5,1.7,8.1,2.4,2.4,5.8,2.4,17.0,0.6,1.2,0.3,1.0,1.1,14.6,1.3,9.7,18.6
93,2020,Jordan Clarkson,UTA,SG,42,2,24.7,6.0,12.9,.462,2.2,6.0,.366,3.7,6.8,.547,.548,1.5,1.9,.785,0.7,3.2,2.1,9.1,2.8,2.8,6.3,1.6,10.8,0.7,1.4,0.2,0.6,1.8,15.6,1.4,9.2,16.5
94,2020,Will Barton,DEN,SF,58,58,33.0,5.7,12.7,.450,1.9,5.0,.375,3.9,7.8,.498,.523,1.8,2.3,.767,1.3,4.5,5.0,16.9,6.3,6.3,10.7,3.7,16.0,1.1,1.6,0.5,1.4,2.1,15.1,1.5,9.9,15.6
95,2020,Bogdan Bogdanović,SAC,SG,61,28,29.0,5.5,12.6,.440,2.7,7.2,.372,2.8,5.3,.532,.547,1.4,1.9,.741,0.4,1.6,3.0,11.8,3.4,3.4,6.6,3.4,18.0,1.0,1.8,0.2,0.8,2.2,15.1,1.7,11.1,15.2
96,2020,Rudy Gobert,UTA,C,68,68,34.3,5.7,8.2,.693,0.0,0.0,,5.7,8.2,.693,.693,3.7,5.9,.630,3.4,11.2,10.1,31.3,13.5,13.5,21.6,1.5,6.5,0.8,1.1,2.0,4.8,3.2,15.1,1.9,15.0,21.7
97,2020,Alec Burks,2TM,SF,66,19,26.6,4.9,11.6,.418,1.8,4.6,.385,3.1,7.1,.439,.493,3.6,4.0,.887,0.7,2.9,3.5,14.9,4.3,4.3,8.7,2.9,17.2,0.9,1.7,0.3,0.9,1.9,15.0,1.4,9.3,16.7
98,2020,Alec Burks,GSW,SF,48,18,29.0,5.1,12.5,.406,1.8,4.7,.375,3.3,7.9,.424,.476,4.2,4.7,.897,0.8,2.8,3.9,15.3,4.7,4.7,8.8,3.1,17.4,1.0,1.7,0.4,1.1,2.2,16.1,1.6,9.8,16.1
99,2020,Alec Burks,PHI,SG,18,1,20.2,4.3,9.3,.461,1.8,4.3,.416,2.5,5.0,.500,.557,1.9,2.3,.829,0.6,3.3,2.5,13.7,3.1,3.1,8.5,2.1,16.3,0.7,1.6,0.0,0.0,1.2,12.2,0.8,7.5,19.0
100,2020,Eric Bledsoe,MIL,PG,61,61,27.0,5.5,11.5,.475,1.2,3.5,.344,4.3,8.0,.533,.528,2.8,3.5,.790,0.7,2.8,3.9,13.5,4.6,4.6,8.5,5.4,28.7,0.9,1.6,0.4,1.4,2.1,14.9,2.4,15.7,17.6
101,2020,Jonas Valančiūnas,MEM,C,70,70,26.4,6.2,10.6,.585,0.5,1.3,.352,5.7,9.3,.617,.606,2.1,2.9,.740,3.0,12.4,8.2,32.2,11.3,11.3,22.5,1.9,10.9,0.4,0.8,1.1,3.6,2.6,14.9,1.8,13.3,22.2
102,2020,Lauri Markkanen,CHI,PF,50,50,29.8,5.0,11.8,.425,2.2,6.3,.344,2.8,5.5,.518,.517,2.5,3.1,.824,1.2,4.2,5.1,19.7,6.3,6.3,11.6,1.5,7.6,0.8,1.4,0.5,1.5,1.9,14.7,1.6,11.0,14.3
103,2020,Terrence Ross,ORL,SG,69,0,27.4,4.9,12.3,.403,2.6,7.3,.351,2.4,5.0,.480,.508,2.3,2.7,.853,0.2,0.7,3.0,12.3,3.2,3.2,6.3,1.2,6.8,1.1,2.0,0.3,1.1,1.6,14.7,1.0,7.0,14.0
104,2020,Harrison Barnes,SAC,PF,72,72,34.5,5.1,11.0,.460,1.4,3.7,.381,3.7,7.3,.501,.525,3.0,3.7,.801,1.1,3.4,3.9,12.9,4.9,4.9,8.1,2.2,9.2,0.6,0.8,0.2,0.5,1.3,14.5,1.2,8.8,13.3
105,2020,Joe Harris,BRK,SF,69,69,30.8,5.5,11.4,.486,2.5,5.9,.424,3.0,5.5,.553,.596,0.9,1.3,.719,0.9,3.2,3.4,11.2,4.3,4.3,7.3,2.1,10.4,0.6,0.9,0.2,0.7,2.3,14.5,1.5,11.2,13.3
106,2020,Victor Oladipo,IND,SG,19,16,27.8,5.1,12.9,.394,1.7,5.5,.317,3.4,7.5,.451,.461,2.5,3.1,.814,0.5,1.9,3.5,13.6,3.9,3.9,7.8,2.9,15.4,0.9,1.6,0.2,0.7,1.9,14.5,2.5,14.7,11.3
107,2020,Mike Conley,UTA,PG,47,41,29.0,4.9,12.1,.409,2.0,5.4,.375,2.9,6.6,.437,.494,2.4,3.0,.827,0.7,2.8,2.5,9.2,3.2,3.2,6.1,4.4,23.1,0.8,1.3,0.1,0.3,2.2,14.4,2.0,12.8,14.1
108,2020,Aaron Gordon,ORL,PF,62,62,32.5,5.4,12.4,.437,1.2,3.8,.308,4.2,8.5,.494,.484,2.4,3.6,.674,1.7,5.5,5.9,20.3,7.7,7.7,12.7,3.7,17.4,0.8,1.2,0.6,1.7,2.0,14.4,1.6,10.4,15.1
109,2020,Eric Gordon,HOU,SF,36,15,28.2,4.8,12.9,.369,2.7,8.4,.317,2.1,4.4,.469,.473,2.3,3.0,.766,0.3,0.9,1.7,6.5,2.0,2.0,3.7,1.5,7.9,0.6,1.0,0.4,1.1,1.9,14.4,1.2,7.8,10.3
110,2020,RJ Barrett,NYK,SG,56,55,30.4,5.2,13.0,.402,1.1,3.5,.320,4.1,9.5,.432,.445,2.8,4.5,.614,0.9,3.0,4.1,14.8,5.0,5.0,8.7,2.6,12.8,1.0,1.6,0.3,0.9,2.2,14.3,2.2,12.9,10.7
111,2020,Marvin Bagley III,SAC,C,13,6,25.7,6.0,12.8,.467,0.3,1.7,.182,5.7,11.2,.510,.479,1.9,2.4,.806,2.2,9.5,5.2,23.5,7.5,7.5,16.3,0.8,4.9,0.5,0.9,0.9,3.4,3.3,14.2,1.4,9.1,15.6
112,2020,Jabari Parker,2TM,PF,38,23,24.1,5.8,11.3,.510,0.8,3.1,.269,4.9,8.2,.603,.548,1.6,2.1,.753,1.6,7.1,4.0,18.3,5.6,5.6,12.6,1.8,12.4,1.2,2.3,0.4,1.5,2.6,14.0,1.7,12.1,18.0
113,2020,Jabari Parker,ATL,PF,32,23,26.2,6.2,12.3,.504,1.0,3.6,.270,5.2,8.7,.601,.543,1.7,2.3,.736,1.7,6.9,4.3,17.9,6.0,6.0,12.3,1.8,11.6,1.3,2.3,0.5,1.5,2.9,15.0,1.9,12.4,17.2
114,2020,Jabari Parker,SAC,PF,6,0,13.3,3.5,6.0,.583,0.2,0.7,.250,3.3,5.3,.625,.597,1.3,1.5,.889,1.2,9.6,2.7,23.1,3.8,3.8,16.2,1.7,21.5,0.5,1.8,0.2,1.2,1.0,8.5,0.7,9.1,26.5
115,2020,Eric Paschall,GSW,PF,60,26,27.6,5.3,10.7,.497,0.6,2.2,.287,4.7,8.5,.550,.526,2.7,3.5,.774,1.4,5.2,3.2,13.1,4.6,4.6,9.0,2.1,12.7,0.5,0.9,0.2,0.7,2.1,14.0,1.6,11.4,14.5
116,2020,Clint Capela,HOU,C,39,39,32.8,6.3,9.9,.629,0.0,0.0,,6.3,9.9,.629,.629,1.4,2.7,.529,4.3,13.6,9.5,30.5,13.8,13.8,22.0,1.2,5.7,0.8,1.2,1.8,4.8,2.6,13.9,1.6,12.7,20.6
117,2020,Josh Richardson,PHI,SG,55,53,30.8,5.1,11.7,.430,1.5,4.5,.341,3.5,7.2,.486,.496,2.1,2.6,.809,0.7,2.7,2.4,8.7,3.2,3.2,5.7,2.9,13.9,0.9,1.5,0.7,1.8,2.5,13.7,1.9,12.8,12.0
118,2020,Rui Hachimura,WAS,PF,48,48,30.1,5.3,11.4,.466,0.5,1.8,.287,4.8,9.5,.500,.489,2.4,2.9,.829,1.6,5.7,4.5,17.0,6.1,6.1,11.1,1.8,8.8,0.8,1.2,0.2,0.5,2.2,13.5,1.1,8.0,13.5
119,2020,Tyler Herro,MIA,SG,55,8,27.4,4.9,11.5,.428,2.1,5.4,.389,2.8,6.1,.462,.520,1.6,1.8,.870,0.3,1.2,3.8,14.9,4.1,4.1,8.3,2.2,12.7,0.6,1.1,0.2,0.6,1.4,13.5,1.6,11.4,12.5
120,2020,Duncan Robinson,MIA,SG,73,68,29.7,4.4,9.4,.470,3.7,8.3,.446,0.7,1.1,.654,.667,0.9,1.0,.931,0.1,0.5,3.0,11.0,3.2,3.2,6.0,1.4,7.1,0.5,0.8,0.3,0.9,2.6,13.5,1.0,8.9,13.1
121,2020,Thomas Bryant,WAS,C,46,36,24.9,5.3,9.1,.581,0.8,2.0,.407,4.5,7.1,.630,.626,1.9,2.5,.741,2.1,9.0,5.1,23.1,7.2,7.2,15.8,1.8,11.1,0.5,1.0,1.1,3.7,2.2,13.2,1.2,10.2,21.1
122,2020,Coby White,CHI,PG,65,1,25.8,4.8,12.2,.394,2.0,5.8,.354,2.8,6.4,.430,.478,1.6,2.0,.791,0.4,1.8,3.1,14.0,3.5,3.5,7.6,2.7,16.5,0.8,1.4,0.1,0.3,1.8,13.2,1.7,11.4,11.9
123,2020,Christian Wood,DET,PF,62,12,21.4,4.6,8.2,.567,0.9,2.3,.386,3.8,5.9,.636,.620,2.9,3.9,.744,1.7,8.8,4.6,24.8,6.3,6.3,16.7,1.0,7.6,0.5,1.3,0.9,3.4,1.6,13.1,1.4,12.0,23.2
124,2020,Miles Bridges,CHO,SF,65,64,30.7,4.9,11.6,.424,1.5,4.6,.330,3.4,7.0,.486,.489,1.6,2.0,.809,1.4,4.6,4.2,15.6,5.6,5.6,9.9,1.8,9.4,0.6,1.0,0.7,2.2,2.0,13.0,1.5,10.5,12.1
125,2020,Ricky Rubio,PHO,PG,65,65,31.0,4.4,10.6,.415,1.2,3.3,.361,3.2,7.3,.439,.471,3.0,3.5,.863,0.7,2.5,4.0,14.4,4.7,4.7,8.4,8.8,39.7,1.4,2.2,0.2,0.5,2.6,13.0,2.7,17.9,16.5
126,2020,Marcus Smart,BOS,SG,60,40,32.0,4.3,11.4,.375,2.3,6.6,.347,2.0,4.8,.415,.476,2.1,2.5,.836,0.7,2.4,3.1,10.1,3.8,3.8,6.3,4.9,21.1,1.7,2.5,0.5,1.4,2.7,12.9,1.7,12.1,13.8
127,2020,Kyle Kuzma,LAL,PF,61,9,25.0,4.8,11.0,.436,1.4,4.5,.316,3.4,6.5,.518,.500,1.9,2.5,.735,0.9,3.8,3.6,15.7,4.5,4.5,9.8,1.3,7.6,0.5,0.9,0.4,1.5,2.1,12.8,1.5,11.0,12.2
128,2020,Damion Lee,GSW,SG,49,36,29.0,4.3,10.4,.417,1.7,4.9,.356,2.6,5.6,.471,.500,2.2,2.6,.873,0.7,2.4,4.2,16.3,4.9,4.9,9.1,2.7,14.4,1.0,1.7,0.1,0.4,2.4,12.7,1.4,10.6,12.7
129,2020,Jeremy Lamb,IND,SG,46,42,28.1,4.7,10.4,.451,1.2,3.4,.335,3.5,7.0,.508,.506,2.0,2.4,.836,0.5,2.1,3.8,14.8,4.3,4.3,8.5,2.1,10.5,1.2,2.1,0.5,1.5,2.3,12.5,1.1,8.7,14.0
130,2020,Robert Covington,2TM,C,70,68,30.5,4.4,10.3,.422,2.3,6.9,.335,2.1,3.5,.593,.533,1.4,1.8,.798,0.9,3.0,5.7,20.2,6.6,6.6,11.4,1.3,5.9,1.6,2.5,1.3,3.7,3.1,12.4,1.5,11.7,13.3
131,2020,Robert Covington,MIN,PF,48,47,29.4,4.5,10.3,.435,2.3,6.5,.346,2.3,3.8,.587,.544,1.6,2.0,.798,0.8,2.6,5.2,19.5,6.0,6.0,10.7,1.2,5.9,1.7,2.6,0.9,2.6,3.1,12.8,1.5,12.0,13.5
132,2020,Robert Covington,HOU,C,22,21,33.0,4.0,10.3,.392,2.4,7.6,.315,1.6,2.7,.610,.509,1.1,1.4,.800,1.2,3.9,6.8,21.7,8.0,8.0,12.7,1.5,6.1,1.6,2.2,2.2,5.7,3.3,11.6,1.4,11.1,13.1
133,2020,Seth Curry,DAL,SG,64,25,24.6,4.4,9.0,.495,2.3,5.0,.452,2.2,4.0,.549,.621,1.3,1.5,.825,0.4,1.8,1.8,7.8,2.3,2.3,4.8,1.9,11.6,0.6,1.2,0.1,0.5,1.8,12.4,1.0,9.1,15.5
134,2020,Darius Garland,CLE,SG,59,59,30.9,4.7,11.8,.401,1.8,5.0,.355,3.0,6.8,.434,.476,1.1,1.2,.875,0.5,1.6,1.4,5.2,1.9,1.9,3.4,3.9,18.5,0.7,1.1,0.1,0.2,1.6,12.3,2.6,17.1,8.5
135,2020,Richaun Holmes,SAC,C,44,38,28.2,5.1,7.8,.648,0.0,0.0,,5.1,7.8,.648,.648,2.1,2.7,.788,2.9,11.2,5.3,21.5,8.1,8.1,16.2,1.0,5.1,0.9,1.6,1.3,4.3,3.8,12.3,1.2,11.6,19.7
136,2020,De'Andre Hunter,ATL,SF,63,62,32.0,4.4,10.8,.410,1.7,4.8,.355,2.7,6.0,.454,.489,1.7,2.3,.764,0.7,2.3,3.8,13.1,4.5,4.5,7.6,1.8,8.0,0.7,1.0,0.3,0.7,2.9,12.3,1.6,12.1,8.6
137,2020,Kevin Huerter,ATL,SG,56,48,31.4,4.5,10.9,.413,2.3,6.0,.380,2.2,4.9,.453,.517,0.9,1.1,.828,0.6,2.1,3.4,12.0,4.1,4.1,7.0,3.8,17.5,0.9,1.4,0.5,1.3,2.5,12.2,1.6,12.0,11.5
138,2020,Isaiah Thomas,WAS,PG,40,37,23.1,4.4,10.7,.408,2.0,4.7,.413,2.4,5.9,.405,.500,1.6,1.9,.816,0.3,1.2,1.4,7.0,1.7,1.7,4.0,3.7,23.4,0.3,0.7,0.2,0.6,1.9,12.2,1.9,14.4,11.6
139,2020,P.J. Washington,CHO,PF,58,57,30.3,4.6,10.2,.455,1.5,4.0,.374,3.1,6.2,.507,.528,1.5,2.3,.647,1.0,3.5,4.4,16.6,5.4,5.4,9.8,2.1,11.3,0.9,1.5,0.8,2.3,2.7,12.2,1.6,12.5,12.4
140,2020,Brandon Clarke,MEM,PF,58,4,22.4,5.1,8.3,.618,0.4,1.1,.359,4.7,7.2,.658,.642,1.5,1.9,.759,1.6,7.6,4.4,20.1,5.9,5.9,14.0,1.4,9.5,0.6,1.1,0.8,3.2,1.7,12.1,0.9,9.4,20.9
141,2020,Markelle Fultz,ORL,PG,72,60,27.7,5.0,10.7,.465,0.5,1.9,.267,4.5,8.8,.507,.488,1.6,2.2,.730,0.6,2.1,2.7,11.0,3.3,3.3,6.4,5.1,29.0,1.3,2.2,0.2,0.5,2.0,12.1,2.0,14.9,14.3
142,2020,Taurean Prince,BRK,PF,64,61,29.0,4.3,11.5,.376,2.3,6.7,.339,2.1,4.8,.429,.475,1.1,1.4,.798,0.8,2.8,5.2,18.1,6.0,6.0,10.6,1.8,9.2,0.9,1.5,0.4,1.1,2.5,12.1,2.0,14.0,9.1
143,2020,Myles Turner,IND,C,62,62,29.5,4.3,9.5,.457,1.4,4.0,.344,2.9,5.4,.540,.530,2.0,2.7,.751,1.4,5.2,5.2,19.1,6.6,6.6,12.2,1.2,5.4,0.7,1.2,2.1,6.4,2.7,12.1,1.4,11.4,14.8
144,2020,Jerami Grant,DEN,PF,71,24,26.6,4.3,8.9,.478,1.4,3.5,.389,2.9,5.4,.537,.555,2.1,2.8,.750,0.8,3.4,2.7,11.2,3.5,3.5,7.3,1.2,6.6,0.7,1.3,0.8,2.8,2.2,12.0,0.9,8.0,14.4
145,2020,Brook Lopez,MIL,C,68,67,26.7,4.3,9.9,.435,1.5,4.8,.314,2.8,5.1,.549,.511,1.9,2.2,.836,0.9,3.4,3.7,13.0,4.6,4.6,8.5,1.5,7.4,0.7,1.2,2.4,7.9,2.4,12.0,1.0,8.7,15.0
146,2020,Tristan Thompson,CLE,C,57,51,30.2,5.1,9.9,.512,0.2,0.4,.391,4.9,9.5,.518,.520,1.7,2.8,.615,4.0,14.5,6.2,22.9,10.1,10.1,18.6,2.1,10.5,0.6,0.9,0.9,2.5,2.2,12.0,1.8,14.0,16.8
147,2020,Reggie Jackson,2TM,PG,31,16,24.0,4.3,10.5,.411,1.8,4.7,.393,2.5,5.8,.425,.498,1.5,1.7,.833,0.5,2.5,2.4,10.8,3.0,3.0,6.7,4.1,26.2,0.4,0.8,0.2,0.6,1.9,11.9,1.6,12.7,13.7
148,2020,Reggie Jackson,DET,PG,14,10,27.2,5.4,14.1,.384,2.2,5.9,.378,3.2,8.3,.388,.462,1.9,2.4,.788,0.8,3.2,2.1,9.1,2.9,2.9,6.1,5.1,30.8,0.6,1.0,0.1,0.2,1.5,14.9,1.6,9.8,14.7
149,2020,Reggie Jackson,LAC,PG,17,6,21.3,3.4,7.5,.453,1.5,3.7,.413,1.9,3.8,.492,.555,1.1,1.2,.905,0.4,1.8,2.6,12.6,3.0,3.0,7.3,3.2,21.3,0.3,0.7,0.2,1.0,2.2,9.5,1.6,16.9,12.6
150,2020,Al Horford,PHI,C,67,61,30.2,4.8,10.6,.450,1.5,4.2,.350,3.3,6.4,.516,.520,0.9,1.2,.763,1.5,5.6,5.3,19.3,6.8,6.8,12.4,4.0,19.2,0.8,1.2,0.9,2.6,2.1,11.9,1.2,9.7,15.7
151,2020,Jonathan Isaac,ORL,PF,34,32,28.8,4.6,9.8,.470,0.9,2.8,.340,3.6,7.0,.521,.518,1.8,2.3,.779,1.7,6.2,5.1,19.6,6.8,6.8,12.7,1.4,7.4,1.6,2.6,2.3,7.2,2.4,11.9,1.4,11.8,17.3
152,2020,Otto Porter Jr.,CHI,SF,14,9,23.6,4.4,10.0,.443,1.7,4.4,.387,2.7,5.6,.487,.529,1.4,1.9,.704,0.9,4.1,2.5,12.3,3.4,3.4,8.0,1.8,11.9,1.1,2.2,0.4,1.7,2.2,11.9,0.8,6.8,15.8
153,2020,Lonzo Ball,NOP,PG,63,54,32.1,4.4,10.9,.403,2.3,6.3,.375,2.0,4.6,.442,.511,0.7,1.2,.566,1.1,3.7,5.0,16.4,6.1,6.1,10.0,7.0,29.1,1.4,2.0,0.6,1.6,2.0,11.8,3.1,21.1,13.1
154,2020,Glenn Robinson III,2TM,SF,62,52,28.8,4.6,9.5,.486,1.2,3.2,.391,3.4,6.4,.534,.552,1.2,1.4,.860,1.3,4.8,3.0,11.9,4.4,4.4,8.2,1.5,8.4,0.9,1.4,0.3,0.8,1.6,11.7,0.9,8.0,13.3
155,2020,Glenn Robinson III,GSW,SF,48,48,31.6,5.1,10.6,.481,1.4,3.5,.400,3.7,7.0,.522,.548,1.3,1.5,.851,1.4,4.6,3.3,11.9,4.7,4.7,8.1,1.8,8.8,0.9,1.4,0.3,0.8,1.7,12.9,1.0,8.5,13.1
156,2020,Glenn Robinson III,PHI,SF,14,4,19.3,3.1,6.1,.518,0.6,1.9,.333,2.5,4.1,.603,.571,0.8,0.9,.917,1.1,6.1,2.1,11.9,3.1,3.1,9.0,0.8,5.9,0.6,1.6,0.1,0.6,1.3,7.7,0.4,5.2,14.7
157,2020,Patty Mills,SAS,PG,66,1,22.5,3.9,9.1,.431,2.3,6.1,.382,1.6,3.0,.533,.560,1.5,1.7,.866,0.3,1.6,1.3,6.2,1.6,1.6,3.9,1.8,11.4,0.8,1.7,0.1,0.4,1.6,11.6,0.8,7.7,14.8
158,2020,Paul Millsap,DEN,PF,51,48,24.3,4.1,8.6,.482,1.1,2.4,.435,3.1,6.2,.500,.543,2.3,2.8,.816,1.9,8.9,3.8,17.6,5.7,5.7,13.2,1.6,9.6,0.9,1.8,0.6,2.2,2.9,11.6,1.4,12.3,16.9
159,2020,Jordan McRae,3TM,SG,37,4,21.2,4.0,9.9,.407,1.2,3.4,.357,2.8,6.5,.433,.469,2.2,2.9,.761,0.5,2.4,2.9,15.4,3.4,3.4,8.7,2.5,17.9,0.6,1.3,0.4,1.8,2.0,11.5,1.2,9.4,14.2
160,2020,Jordan McRae,WAS,SG,29,4,22.6,4.6,10.9,.420,1.4,3.7,.377,3.2,7.3,.441,.483,2.2,2.9,.771,0.6,2.7,3.0,15.1,3.6,3.6,8.7,2.8,19.1,0.7,1.4,0.5,2.0,2.1,12.8,1.3,9.7,15.2
161,2020,Jordan McRae,DEN,SG,4,0,8.0,0.5,1.5,.333,0.5,1.0,.500,0.0,0.5,.000,.500,0.8,1.0,.750,0.3,3.5,1.0,14.0,1.3,1.3,8.8,1.0,15.6,0.5,3.1,0.3,2.9,0.5,2.3,0.0,0.0,16.7
162,2020,Jordan McRae,DET,SG,4,0,24.5,3.5,10.8,.326,0.8,4.0,.188,2.8,6.8,.407,.360,4.0,5.5,.727,0.0,0.0,3.8,17.6,3.8,3.8,8.7,1.8,10.7,0.0,0.0,0.0,0.0,2.5,11.8,1.3,8.7,6.5
163,2020,Aron Baynes,PHO,C,42,28,22.2,4.4,9.1,.480,1.4,4.0,.351,3.0,5.1,.582,.558,1.3,1.8,.747,1.7,8.3,4.0,20.0,5.6,5.6,14.1,1.6,10.9,0.2,0.5,0.5,2.1,3.4,11.5,1.2,10.8,15.2
164,2020,Nemanja Bjelica,SAC,PF,72,67,27.9,4.4,9.1,.481,1.9,4.4,.419,2.5,4.6,.541,.583,1.0,1.2,.821,1.5,6.1,4.8,19.9,6.4,6.4,12.8,2.8,14.7,0.9,1.5,0.6,1.9,3.0,11.5,1.4,12.5,15.7
165,2020,Wendell Carter Jr.,CHI,C,43,43,29.2,4.3,8.0,.534,0.1,0.7,.207,4.1,7.3,.564,.542,2.6,3.5,.737,3.2,11.6,6.2,24.6,9.4,9.4,17.8,1.2,6.0,0.8,1.3,0.8,2.7,3.8,11.3,1.7,14.9,15.5
166,2020,Derrick White,SAS,SG,68,20,24.7,3.7,8.1,.458,1.2,3.2,.366,2.6,4.9,.518,.530,2.6,3.1,.853,0.5,2.3,2.8,12.1,3.3,3.3,7.2,3.5,20.0,0.6,1.3,0.9,3.1,2.2,11.3,1.3,12.1,16.4
167,2020,Justise Winslow,MIA,SG,11,5,32.0,4.5,11.7,.388,0.5,2.5,.222,4.0,9.3,.431,.411,1.6,2.5,.667,1.5,5.3,5.2,17.5,6.6,6.6,11.6,4.0,18.7,0.6,1.0,0.5,1.4,3.5,11.3,2.2,14.6,8.5
168,2020,Malik Beasley,2TM,SG,55,14,22.0,4.1,9.7,.425,1.9,5.0,.388,2.2,4.7,.465,.525,1.0,1.2,.818,0.3,1.6,2.4,11.9,2.7,2.7,6.7,1.4,9.4,0.7,1.6,0.1,0.6,1.4,11.2,1.0,9.2,12.7
169,2020,Malik Beasley,DEN,SG,41,0,18.2,2.9,7.3,.389,1.4,3.9,.360,1.4,3.4,.421,.485,0.8,0.9,.868,0.2,1.4,1.7,10.2,1.9,1.9,5.8,1.2,9.1,0.8,2.1,0.1,0.7,1.2,7.9,0.9,10.2,10.5
170,2020,Malik Beasley,MIN,SG,14,14,33.1,7.9,16.6,.472,3.5,8.2,.426,4.4,8.4,.517,.577,1.5,2.0,.750,0.6,2.0,4.4,14.7,5.1,5.1,8.1,1.9,9.8,0.6,0.9,0.1,0.4,1.9,20.7,1.5,7.9,16.2
171,2020,Bryn Forbes,SAS,SG,63,62,25.1,3.8,9.2,.417,2.3,6.0,.388,1.5,3.2,.470,.544,1.2,1.4,.833,0.2,0.8,1.8,7.8,2.0,2.0,4.3,1.7,9.5,0.5,1.0,0.0,0.0,1.8,11.2,0.9,8.4,11.1
172,2020,Dion Waiters,2TM,SG,10,0,20.7,4.1,9.9,.414,1.5,4.7,.319,2.6,5.2,.500,.490,1.4,1.7,.824,0.2,1.1,2.2,11.5,2.4,2.4,6.4,2.0,14.4,0.4,0.9,0.6,2.7,2.1,11.1,1.6,13.1,11.5
173,2020,Dion Waiters,MIA,SG,3,0,14.0,3.3,8.7,.385,2.7,5.7,.471,0.7,3.0,.222,.538,0.0,0.3,.000,0.0,0.0,3.7,28.2,3.7,3.7,14.7,1.0,12.5,0.0,0.0,0.7,4.7,1.7,9.3,1.0,10.2,13.4
174,2020,Dion Waiters,LAL,SG,7,0,23.6,4.4,10.4,.425,1.0,4.3,.233,3.4,6.1,.558,.473,2.0,2.3,.875,0.3,1.3,1.6,7.2,1.9,1.9,4.3,2.4,14.9,0.6,1.2,0.6,2.2,2.3,11.9,1.9,14.0,11.0
175,2020,Jarrett Allen,BRK,C,70,64,26.5,4.3,6.6,.649,0.0,0.1,.000,4.3,6.6,.658,.649,2.4,3.9,.633,3.1,12.3,6.5,24.9,9.6,9.6,18.7,1.6,8.9,0.6,1.0,1.3,4.2,2.3,11.1,1.1,11.7,20.7
176,2020,Cody Zeller,CHO,C,58,39,23.1,4.3,8.3,.524,0.3,1.3,.240,4.0,7.0,.577,.543,2.1,3.1,.682,2.8,12.6,4.3,21.2,7.1,7.1,16.7,1.5,11.3,0.7,1.5,0.4,1.7,2.4,11.1,1.3,11.9,18.8
177,2020,Rodney Hood,POR,SF,21,21,29.5,4.1,8.2,.506,1.7,3.4,.493,2.5,4.8,.515,.608,1.0,1.3,.778,0.5,1.7,3.0,10.4,3.4,3.4,6.1,1.5,7.0,0.8,1.3,0.2,0.6,2.2,11.0,0.9,9.4,12.2
178,2020,Mychal Mulder,GSW,SF,7,3,29.1,3.7,9.6,.388,2.3,7.4,.308,1.4,2.1,.667,.507,1.3,1.7,.750,0.4,1.5,2.9,11.0,3.3,3.3,6.1,1.1,5.8,0.3,0.5,0.1,0.4,2.9,11.0,0.7,6.5,7.8
179,2020,Cedi Osman,CLE,SF,65,65,29.4,4.1,9.4,.437,1.9,4.9,.383,2.2,4.4,.497,.538,1.0,1.4,.670,0.6,2.2,3.0,11.3,3.6,3.6,6.7,2.4,11.6,0.8,1.4,0.2,0.7,2.5,11.0,1.4,12.3,10.7
180,2020,Jeff Teague,2TM,PG,59,17,24.8,3.6,8.3,.436,0.7,2.0,.368,2.9,6.3,.457,.480,2.9,3.3,.873,0.5,1.9,1.9,8.6,2.4,2.4,5.2,5.2,30.7,0.7,1.4,0.3,1.1,1.8,10.9,2.0,16.8,14.6
181,2020,Jeff Teague,MIN,PG,34,13,27.8,4.3,9.5,.448,1.0,2.6,.379,3.3,7.0,.473,.498,3.7,4.2,.868,0.4,1.6,2.1,8.5,2.6,2.6,4.9,6.1,32.5,0.7,1.2,0.4,1.1,2.1,13.2,2.2,16.4,15.9
182,2020,Jeff Teague,ATL,PG,25,4,20.8,2.7,6.6,.412,0.4,1.2,.333,2.3,5.4,.430,.442,1.9,2.1,.887,0.5,2.5,1.7,8.8,2.2,2.2,5.6,4.0,27.3,0.8,1.7,0.2,1.0,1.4,7.7,1.6,17.5,12.2
183,2020,Steven Adams,OKC,C,63,63,26.7,4.5,7.6,.592,0.0,0.0,.333,4.5,7.5,.594,.593,1.9,3.2,.582,3.3,14.0,6.0,24.0,9.3,9.3,19.2,2.3,13.2,0.8,1.5,1.1,3.4,1.9,10.9,1.5,14.2,20.5
184,2020,Dejounte Murray,SAS,PG,66,58,25.6,4.5,9.7,.462,0.6,1.7,.369,3.8,8.0,.481,.494,1.4,1.7,.798,1.0,4.4,4.8,20.1,5.8,5.8,12.2,4.1,23.1,1.7,3.1,0.3,0.9,2.2,10.9,1.9,15.4,16.2
185,2020,Cameron Payne,PHO,SG,8,0,22.9,4.1,8.5,.485,1.9,3.6,.517,2.3,4.9,.462,.596,0.8,0.9,.857,0.5,2.4,3.4,16.6,3.9,3.9,9.4,3.0,19.5,1.0,2.1,0.3,1.0,2.5,10.9,1.4,13.4,15.7
186,2020,Ish Smith,WAS,PG,68,23,26.3,4.5,10.1,.447,0.9,2.5,.367,3.6,7.6,.473,.492,0.9,1.3,.721,0.4,1.8,2.8,12.0,3.2,3.2,6.7,4.9,27.1,0.9,1.5,0.4,1.5,1.6,10.9,1.4,11.6,13.9
187,2020,Rudy Gay,SAS,PF,67,5,21.8,4.0,8.9,.446,1.1,3.3,.336,2.9,5.6,.511,.508,1.8,2.0,.882,0.9,4.5,4.5,22.2,5.4,5.4,13.4,1.7,11.3,0.5,1.1,0.5,2.0,1.5,10.8,1.3,11.8,15.4
188,2020,Dario Šarić,PHO,PF,66,51,24.7,3.9,8.2,.476,1.3,3.6,.357,2.6,4.6,.568,.554,1.6,1.9,.844,1.5,6.7,4.6,21.1,6.2,6.2,13.8,1.9,10.8,0.6,1.1,0.2,0.9,2.4,10.7,1.3,12.9,14.2
189,2020,OG Anunoby,TOR,SF,69,68,29.9,4.1,8.2,.505,1.3,3.3,.390,2.9,4.9,.583,.584,1.0,1.5,.706,1.2,4.2,4.1,14.2,5.3,5.3,9.3,1.6,7.5,1.4,2.2,0.7,2.1,2.4,10.6,1.1,11.5,13.2
190,2020,Jae Crowder,2TM,SF,65,53,28.8,3.5,8.7,.401,2.1,6.1,.343,1.4,2.6,.538,.521,1.5,1.9,.776,0.8,3.0,5.1,18.5,5.9,5.9,11.0,2.5,11.5,1.1,1.8,0.4,1.2,2.2,10.5,1.1,10.0,12.5
191,2020,Jae Crowder,MEM,SF,45,45,29.4,3.3,8.9,.368,1.7,5.9,.293,1.5,3.0,.519,.466,1.7,2.1,.789,0.9,3.2,5.3,18.5,6.2,6.2,11.0,2.8,12.2,1.0,1.7,0.3,0.9,1.9,9.9,1.2,10.9,11.0
192,2020,Jae Crowder,MIA,PF,20,8,27.7,4.0,8.2,.482,2.9,6.4,.445,1.1,1.8,.611,.655,1.1,1.5,.733,0.6,2.5,4.8,18.5,5.4,5.4,10.8,1.8,9.7,1.3,2.2,0.5,1.8,2.9,11.9,0.8,7.8,16.3
193,2020,D.J. Augustin,ORL,PG,57,13,24.9,3.2,8.1,.399,1.2,3.5,.348,2.0,4.6,.438,.475,2.8,3.2,.890,0.4,1.6,1.8,7.8,2.1,2.1,4.6,4.6,26.8,0.6,1.2,0.0,0.1,1.3,10.5,1.5,13.7,14.0
194,2020,Danuel House Jr.,HOU,SF,63,52,30.4,3.7,8.6,.427,2.0,5.6,.363,1.6,2.9,.549,.546,1.2,1.4,.811,0.9,3.1,3.3,11.6,4.2,4.2,7.3,1.3,6.1,1.1,1.6,0.5,1.5,2.1,10.5,0.9,8.5,11.3
195,2020,Cam Reddish,ATL,SF,58,34,26.7,3.7,9.6,.384,1.4,4.3,.332,2.2,5.2,.428,.459,1.7,2.2,.802,0.6,2.4,3.1,12.7,3.7,3.7,7.5,1.5,8.0,1.1,1.9,0.5,1.5,2.3,10.5,1.7,13.6,9.0
196,2020,Troy Brown Jr.,WAS,SF,69,22,25.8,4.0,9.0,.439,0.9,2.6,.341,3.1,6.4,.479,.488,1.6,2.0,.784,1.1,4.5,4.4,19.6,5.6,5.6,11.7,2.6,14.1,1.2,2.2,0.1,0.3,1.9,10.4,1.1,10.4,13.7
197,2020,Gary Harris,DEN,SG,56,55,31.8,3.9,9.3,.420,1.3,3.8,.333,2.6,5.5,.479,.487,1.3,1.6,.815,0.5,1.6,2.4,8.6,2.9,2.9,5.1,2.1,8.9,1.4,2.1,0.3,0.7,2.1,10.4,1.1,9.7,9.7
198,2020,Shabazz Napier,2TM,PG,56,32,24.0,3.4,8.1,.412,1.4,4.3,.317,2.0,3.9,.519,.496,2.3,2.7,.824,0.5,2.0,2.4,10.9,2.8,2.8,6.3,4.7,27.8,1.2,2.4,0.2,0.7,1.8,10.3,2.3,19.7,13.8
199,2020,Shabazz Napier,MIN,PG,36,22,23.8,3.2,7.9,.403,1.3,4.4,.296,1.9,3.4,.540,.486,2.0,2.4,.818,0.5,2.0,2.6,11.9,3.1,3.1,6.8,5.2,31.3,1.1,2.2,0.2,0.7,1.7,9.6,2.1,19.1,13.9
200,2020,Shabazz Napier,WAS,PG,20,10,24.4,3.7,8.7,.428,1.5,4.1,.358,2.3,4.6,.489,.512,2.7,3.3,.831,0.5,1.9,2.0,9.1,2.4,2.4,5.4,3.8,21.7,1.5,2.8,0.2,0.7,2.0,11.6,2.6,20.5,13.6
201,2020,Langston Galloway,DET,SG,66,6,25.8,3.6,8.2,.435,2.0,5.0,.399,1.6,3.2,.493,.557,1.1,1.3,.859,0.5,2.2,1.8,7.8,2.3,2.3,5.0,1.5,8.8,0.7,1.4,0.2,0.5,1.5,10.3,0.6,6.5,12.3
202,2020,Doug McDermott,IND,PF,69,0,19.9,3.9,7.9,.488,1.9,4.3,.435,2.0,3.7,.549,.605,0.7,0.8,.828,0.4,2.1,2.1,11.7,2.5,2.5,7.0,1.1,8.4,0.2,0.4,0.1,0.3,1.7,10.3,0.6,6.8,14.4
203,2020,Malik Monk,CHO,SG,55,1,21.3,3.9,8.9,.434,1.1,3.7,.284,2.8,5.2,.542,.494,1.5,1.8,.820,0.5,2.4,2.4,12.6,2.9,2.9,7.3,2.1,16.6,0.5,1.1,0.3,1.3,1.3,10.3,1.4,12.6,12.6
204,2020,Garrett Temple,BRK,SG,62,35,27.9,3.6,9.5,.378,2.0,6.2,.329,1.5,3.2,.473,.486,1.1,1.4,.805,0.5,1.8,3.0,11.1,3.5,3.5,6.5,2.5,12.8,0.8,1.3,0.5,1.4,1.7,10.3,1.0,9.0,10.5
205,2020,Thaddeus Young,CHI,PF,64,16,24.9,4.2,9.4,.448,1.2,3.5,.356,3.0,5.9,.501,.513,0.7,1.1,.583,1.5,6.2,3.5,16.1,4.9,4.9,10.9,1.8,11.3,1.4,2.8,0.4,1.4,2.1,10.3,1.6,13.9,13.3
206,2020,Josh Hart,NOP,SF,65,16,27.0,3.5,8.2,.423,1.9,5.4,.342,1.6,2.7,.584,.537,1.3,1.8,.739,0.9,3.7,5.6,22.1,6.5,6.5,12.8,1.7,8.2,1.0,1.7,0.4,1.1,2.5,10.1,1.2,11.4,11.9
207,2020,Ben McLemore,HOU,SF,71,23,22.8,3.4,7.7,.444,2.5,6.4,.400,0.9,1.3,.656,.610,0.7,0.9,.746,0.3,1.3,1.9,8.9,2.2,2.2,5.1,0.8,5.2,0.6,1.3,0.2,0.8,2.2,10.1,0.7,8.0,11.8
208,2020,Larry Nance Jr.,CLE,PF,56,10,26.3,4.1,7.7,.531,1.0,2.8,.352,3.1,4.9,.636,.596,0.9,1.3,.676,1.9,7.9,5.4,23.1,7.3,7.3,15.4,2.2,12.3,1.0,1.9,0.4,1.3,1.6,10.1,1.1,11.5,17.3
209,2020,Bobby Portis,NYK,PF,66,5,21.1,4.0,8.9,.450,1.0,2.8,.358,3.0,6.1,.493,.507,1.1,1.4,.763,1.2,6.0,3.9,20.4,5.1,5.1,12.9,1.5,11.1,0.5,1.1,0.3,1.2,1.7,10.1,1.1,10.4,14.6
210,2020,Elfrid Payton,NYK,PG,45,36,27.7,4.3,9.8,.439,0.3,1.5,.203,4.0,8.2,.482,.455,1.1,1.9,.570,1.2,4.3,3.6,14.1,4.7,4.7,9.1,7.2,38.6,1.6,2.7,0.4,1.3,2.0,10.0,2.1,16.7,16.0
211,2020,Kevin Porter Jr.,CLE,SF,50,3,23.2,3.7,8.4,.442,1.1,3.2,.335,2.7,5.3,.506,.505,1.5,2.0,.723,0.4,2.1,2.8,13.5,3.2,3.2,7.7,2.2,13.9,0.9,1.9,0.3,1.0,2.7,10.0,1.9,16.7,10.8
212,2020,Tomáš Satoranský,CHI,SG,65,64,28.9,3.6,8.5,.430,1.0,3.1,.322,2.7,5.4,.491,.488,1.6,1.9,.876,1.2,4.3,2.7,11.0,3.9,3.9,7.5,5.4,27.1,1.2,2.1,0.1,0.4,2.1,9.9,2.0,17.7,13.5
213,2020,Joe Ingles,UTA,PF,72,45,29.7,3.4,7.7,.445,2.0,4.9,.399,1.5,2.8,.525,.572,1.0,1.3,.787,0.4,1.4,3.5,12.5,3.9,3.9,7.2,5.2,24.4,0.9,1.5,0.2,0.4,2.1,9.8,2.0,19.3,12.6
214,2020,Furkan Korkmaz,PHI,SG,72,12,21.7,3.4,7.8,.430,2.0,4.9,.402,1.4,2.9,.478,.557,1.1,1.4,.755,0.3,1.3,2.1,10.6,2.3,2.3,6.0,1.1,7.3,0.6,1.3,0.2,0.9,1.4,9.8,0.8,8.8,12.0
215,2020,Markieff Morris,2TM,PF,58,17,20.5,3.5,7.9,.443,1.5,3.9,.386,2.0,4.0,.500,.539,1.1,1.5,.776,0.7,3.8,3.1,17.1,3.8,3.8,10.3,1.3,10.1,0.5,1.3,0.3,1.2,2.3,9.7,1.3,13.3,12.5
216,2020,Markieff Morris,DET,PF,44,16,22.5,4.0,8.8,.450,1.7,4.3,.397,2.3,4.5,.500,.546,1.4,1.8,.772,0.5,2.7,3.4,17.3,3.9,3.9,9.9,1.6,11.0,0.6,1.3,0.3,0.9,2.4,11.0,1.6,14.2,12.7
217,2020,Markieff Morris,LAL,PF,14,1,14.2,2.0,4.9,.406,0.9,2.8,.333,1.1,2.1,.500,.500,0.4,0.4,.833,1.1,8.9,2.1,15.8,3.2,3.2,12.4,0.6,5.4,0.4,1.2,0.4,2.7,2.1,5.3,0.4,7.7,11.5
218,2020,Frank Kaminsky,PHO,C,39,13,19.9,3.5,7.9,.450,1.1,3.2,.331,2.5,4.7,.530,.516,1.6,2.3,.678,0.9,4.9,3.6,20.4,4.5,4.5,12.6,1.9,14.3,0.4,0.9,0.3,1.1,1.9,9.7,0.9,9.6,14.2
219,2020,Mitchell Robinson,NYK,C,61,7,23.1,4.1,5.6,.742,0.0,0.0,,4.1,5.6,.742,.742,1.4,2.4,.568,3.0,13.7,4.0,18.8,7.0,7.0,16.2,0.6,3.9,0.9,1.8,2.0,8.0,3.2,9.7,0.6,8.3,23.5
220,2020,Dorian Finney-Smith,DAL,PF,71,68,29.9,3.4,7.4,.466,1.6,4.3,.376,1.8,3.1,.589,.575,1.1,1.5,.722,2.0,7.3,3.7,12.7,5.7,5.7,10.0,1.6,7.2,0.6,1.0,0.5,1.6,2.5,9.5,1.0,10.8,12.3
221,2020,Aaron Holiday,IND,PG,66,33,24.5,3.5,8.5,.414,1.3,3.3,.394,2.2,5.2,.427,.491,1.1,1.3,.851,0.3,1.5,2.0,9.0,2.4,2.4,5.3,3.4,19.1,0.8,1.7,0.2,0.9,1.8,9.5,1.3,12.8,11.6
222,2020,Jeff Green,2TM,C,48,4,20.0,3.3,7.2,.462,1.3,3.8,.339,2.0,3.4,.602,.552,1.5,1.9,.802,0.5,2.7,2.3,12.0,2.8,2.8,7.5,1.0,7.9,0.5,1.3,0.4,1.7,1.9,9.4,0.9,9.9,13.7
223,2020,Jeff Green,UTA,PF,30,2,18.4,2.5,6.5,.385,1.1,3.5,.327,1.4,3.0,.451,.472,1.6,2.1,.778,0.5,2.9,2.2,12.9,2.7,2.7,8.1,0.7,5.2,0.4,1.1,0.3,1.5,1.5,7.8,0.9,10.8,10.0
224,2020,Jeff Green,HOU,C,18,2,22.6,4.7,8.3,.564,1.6,4.4,.354,3.1,3.9,.800,.658,1.3,1.6,.857,0.6,2.6,2.3,10.9,2.9,2.9,6.7,1.7,11.5,0.8,1.6,0.5,1.9,2.4,12.2,0.8,8.5,18.6
225,2020,George Hill,MIL,PG,59,2,21.5,3.3,6.4,.516,1.4,3.0,.460,1.9,3.4,.565,.624,1.4,1.7,.842,0.8,4.1,2.2,9.3,3.0,3.0,6.9,3.1,19.0,0.8,1.7,0.1,0.3,1.4,9.4,1.0,11.9,16.9
226,2020,Shake Milton,PHI,SG,40,24,20.1,3.4,6.9,.484,1.5,3.4,.430,1.9,3.6,.535,.588,1.3,1.6,.785,0.4,2.1,1.8,10.0,2.2,2.2,6.0,2.6,18.8,0.5,1.2,0.2,0.7,2.3,9.4,1.2,13.3,14.4
227,2020,Dwight Powell,DAL,C,40,37,26.5,3.7,5.7,.638,0.3,1.0,.256,3.4,4.8,.716,.659,1.9,2.8,.667,1.9,7.5,3.8,14.8,5.7,5.7,11.2,1.5,7.7,0.9,1.5,0.6,1.8,2.6,9.4,0.9,11.5,15.9
228,2020,Kentavious Caldwell-Pope,LAL,SG,69,26,25.5,3.4,7.3,.467,1.3,3.5,.385,2.1,3.9,.541,.558,1.1,1.5,.775,0.6,2.4,1.5,6.4,2.1,2.1,4.4,1.6,8.5,0.8,1.5,0.2,0.7,1.9,9.3,0.9,10.1,11.0
229,2020,Marquese Chriss,GSW,PF,59,21,20.3,3.6,6.5,.545,0.1,0.7,.205,3.4,5.9,.584,.556,2.0,2.6,.769,1.9,10.0,4.3,23.6,6.2,6.2,16.5,1.9,15.3,0.7,1.6,1.1,4.7,2.1,9.3,1.3,14.7,19.5
230,2020,Michael Porter Jr.,DEN,SF,55,8,16.4,3.5,7.0,.509,1.1,2.7,.422,2.4,4.3,.564,.590,1.1,1.3,.833,1.2,8.2,3.5,23.9,4.7,4.7,16.1,0.8,7.9,0.5,1.5,0.5,2.6,1.8,9.3,0.9,10.6,19.8
231,2020,Landry Shamet,LAC,SG,53,30,27.4,3.0,7.4,.404,2.1,5.6,.375,0.9,1.8,.495,.546,1.2,1.4,.855,0.1,0.4,1.8,6.6,1.9,1.9,3.6,1.9,9.1,0.4,0.7,0.2,0.6,2.7,9.3,0.8,9.0,8.5
232,2020,Jarrett Culver,MIN,SG,63,35,23.9,3.7,9.0,.404,1.0,3.5,.299,2.6,5.5,.471,.462,0.9,1.9,.462,1.1,4.7,2.3,10.3,3.4,3.4,7.4,1.7,10.8,0.9,1.8,0.6,2.1,2.0,9.2,1.3,11.5,9.6
233,2020,Donte DiVincenzo,MIL,SG,66,24,23.0,3.5,7.7,.455,1.3,3.7,.336,2.3,4.0,.567,.536,1.0,1.3,.733,1.0,4.6,3.8,15.5,4.8,4.8,10.3,2.3,13.6,1.3,2.6,0.3,1.2,1.7,9.2,1.4,14.1,14.1
234,2020,Daniel Theis,BOS,C,65,64,24.1,3.7,6.6,.566,0.5,1.5,.333,3.2,5.1,.633,.603,1.3,1.8,.763,2.2,9.7,4.4,19.3,6.6,6.6,14.6,1.7,10.1,0.6,1.1,1.3,5.0,3.4,9.2,0.8,10.2,17.9
235,2020,Mikal Bridges,PHO,SF,73,32,28.0,3.4,6.6,.510,1.0,2.7,.361,2.4,4.0,.610,.583,1.4,1.7,.844,0.9,3.5,3.1,12.4,4.0,4.0,7.9,1.8,8.6,1.4,2.4,0.6,2.0,2.2,9.1,1.0,12.0,12.9
236,2020,Keldon Johnson,SAS,SF,17,1,17.7,3.1,5.2,.596,0.8,1.3,.591,2.4,3.9,.597,.669,2.1,2.6,.795,0.6,3.6,2.8,16.8,3.4,3.4,10.2,0.9,7.2,0.8,2.2,0.1,0.6,1.6,9.1,0.8,10.7,19.1
237,2020,Maxi Kleber,DAL,PF,74,21,25.5,3.2,6.9,.461,1.6,4.3,.373,1.6,2.6,.605,.577,1.1,1.3,.849,1.5,6.3,3.7,15.1,5.2,5.2,10.8,1.2,6.3,0.3,0.6,1.1,3.8,2.4,9.1,0.8,9.5,13.6
238,2020,Jake Layman,MIN,SF,23,2,22.0,3.5,7.8,.453,1.0,3.1,.333,2.5,4.7,.533,.520,1.0,1.4,.750,0.7,3.4,1.7,8.7,2.5,2.5,6.0,0.7,4.4,0.7,1.6,0.4,1.6,2.0,9.1,1.0,11.1,10.3
239,2020,Derrick Favors,NOP,C,51,49,24.4,4.1,6.6,.617,0.0,0.1,.143,4.1,6.5,.627,.618,0.8,1.4,.563,3.2,13.9,6.6,28.9,9.8,9.8,21.4,1.6,9.2,0.6,1.1,0.9,3.1,2.1,9.0,1.1,12.9,18.5
240,2020,Josh Jackson,MEM,SF,22,0,17.3,3.2,7.2,.440,1.0,3.3,.319,2.1,4.0,.540,.513,1.6,2.3,.700,0.5,3.1,2.5,14.9,3.0,3.0,9.1,1.6,13.1,0.8,2.2,0.4,2.1,1.8,9.0,1.3,13.4,14.1
241,2020,Monte Morris,DEN,PG,73,12,22.4,3.6,7.8,.459,0.9,2.4,.378,2.7,5.4,.495,.517,1.0,1.2,.843,0.3,1.6,1.5,7.7,1.9,1.9,4.7,3.5,22.1,0.8,1.7,0.2,1.0,1.0,9.0,0.7,8.1,14.9
242,2020,Svi Mykhailiuk,DET,SF,56,27,22.6,3.0,7.2,.410,2.1,5.1,.404,0.9,2.1,.425,.552,1.0,1.3,.814,0.3,1.5,1.6,7.9,1.9,1.9,4.7,1.9,12.3,0.7,1.6,0.1,0.3,1.6,9.0,1.1,12.3,11.2
243,2020,Naz Reid,MIN,C,30,11,16.5,3.3,8.1,.412,1.1,3.2,.330,2.3,4.9,.466,.477,1.2,1.8,.698,1.1,7.0,3.0,19.9,4.1,4.1,13.2,1.2,11.2,0.6,1.8,0.7,3.7,2.8,9.0,0.7,7.6,15.3
244,2020,Bruce Brown,DET,PG,58,43,28.2,3.4,7.7,.443,0.6,1.7,.344,2.8,6.1,.470,.480,1.5,2.1,.739,1.1,4.2,3.7,15.0,4.7,4.7,9.5,4.0,20.4,1.1,1.9,0.5,1.5,2.8,8.9,1.7,16.7,11.9
245,2020,Gary Trent Jr.,POR,SF,61,8,21.8,3.2,7.2,.444,1.8,4.4,.418,1.4,2.8,.486,.571,0.6,0.7,.822,0.4,2.0,1.2,5.8,1.6,1.6,3.9,1.0,6.3,0.8,1.7,0.3,1.0,1.5,8.9,0.3,4.4,12.9
246,2020,Kent Bazemore,2TM,SF,68,21,24.8,2.9,7.9,.375,1.2,3.6,.344,1.7,4.3,.400,.453,1.7,2.2,.769,0.4,1.7,3.9,17.1,4.3,4.3,9.4,1.4,7.4,1.1,2.1,0.6,2.1,2.9,8.8,1.3,13.2,9.3
247,2020,Kent Bazemore,POR,SF,43,21,25.8,2.6,7.6,.347,1.3,4.0,.327,1.3,3.6,.368,.433,1.3,1.7,.806,0.3,1.2,3.7,14.8,4.0,4.0,8.1,1.4,7.1,1.0,1.9,0.7,2.4,2.8,7.9,1.4,14.4,7.5
248,2020,Kent Bazemore,SAC,SF,25,0,23.1,3.5,8.3,.418,1.1,2.9,.384,2.4,5.4,.437,.486,2.2,3.0,.733,0.6,2.7,4.3,21.6,4.9,4.9,11.9,1.3,8.0,1.2,2.4,0.4,1.5,3.0,10.3,1.2,11.4,12.6
249,2020,Cameron Johnson,PHO,PF,57,9,22.0,3.1,7.1,.435,1.9,4.8,.390,1.2,2.3,.526,.565,0.8,1.0,.807,0.9,4.3,2.4,12.4,3.3,3.3,8.3,1.2,7.7,0.6,1.4,0.4,1.4,1.5,8.8,0.6,6.9,12.9
250,2020,Jordan Poole,GSW,SG,57,14,22.4,2.9,8.8,.333,1.3,4.6,.279,1.6,4.2,.392,.406,1.7,2.1,.798,0.2,0.7,1.9,9.6,2.1,2.1,5.0,2.4,15.8,0.6,1.3,0.2,0.7,1.6,8.8,1.3,11.8,7.2
251,2020,Austin Rivers,HOU,SG,68,4,23.4,3.1,7.4,.421,1.4,4.0,.356,1.7,3.4,.498,.517,1.1,1.6,.703,0.4,1.8,2.2,9.8,2.6,2.6,5.8,1.7,10.0,0.7,1.4,0.1,0.5,1.9,8.8,0.7,8.3,10.4
252,2020,Grayson Allen,MEM,SG,38,0,18.9,3.1,6.6,.466,1.5,3.7,.404,1.6,2.9,.545,.580,1.0,1.2,.867,0.2,1.2,2.0,11.1,2.2,2.2,6.2,1.4,10.0,0.3,0.7,0.1,0.2,1.4,8.7,0.9,10.9,12.0
253,2020,Moritz Wagner,WAS,C,45,5,18.6,3.2,5.9,.545,0.6,1.8,.313,2.7,4.1,.645,.592,1.7,2.1,.821,1.2,7.0,3.6,22.2,4.9,4.9,14.3,1.2,9.8,0.6,1.6,0.4,2.0,3.4,8.7,1.5,17.7,15.1
254,2020,Avery Bradley,LAL,SG,49,44,24.2,3.5,7.8,.444,1.3,3.5,.364,2.2,4.3,.510,.526,0.4,0.5,.833,0.4,1.7,2.0,8.9,2.3,2.3,5.3,1.3,7.2,0.9,1.7,0.1,0.4,2.2,8.6,1.0,10.7,8.9
255,2020,Josh Okogie,MIN,SG,62,28,25.0,2.7,6.4,.427,0.7,2.5,.266,2.1,3.9,.529,.479,2.5,3.1,.796,1.4,5.7,2.9,12.8,4.3,4.3,9.1,1.6,8.9,1.1,2.0,0.4,1.4,2.2,8.6,1.4,15.3,11.5
256,2020,Derrick Jones Jr.,MIA,SF,59,16,23.3,3.1,5.9,.527,0.6,2.2,.280,2.5,3.7,.677,.580,1.6,2.1,.772,1.1,5.6,2.8,13.1,3.9,3.9,9.5,1.1,6.7,1.0,2.1,0.6,2.7,2.2,8.5,0.5,6.9,14.9
257,2020,James Johnson,2TM,PF,32,1,19.3,3.2,6.7,.479,1.0,2.8,.363,2.2,3.9,.565,.556,1.0,1.5,.646,0.8,4.3,2.9,16.3,3.7,3.7,10.3,2.3,18.4,0.8,1.9,1.0,4.6,2.5,8.4,1.5,16.9,14.8
258,2020,James Johnson,MIA,PF,18,0,15.6,2.2,4.8,.448,0.9,2.5,.356,1.3,2.3,.548,.540,0.4,0.8,.571,0.4,3.3,2.4,16.9,2.9,2.9,10.4,1.2,11.1,0.3,1.0,0.7,4.6,1.9,5.7,0.8,13.9,11.1
259,2020,James Johnson,MIN,C,14,1,24.1,4.6,9.1,.500,1.2,3.3,.370,3.4,5.9,.573,.566,1.6,2.4,.676,1.2,5.1,3.5,15.9,4.7,4.7,10.3,3.8,24.4,1.4,2.6,1.4,4.7,3.3,12.0,2.4,18.8,17.9
260,2020,Justin Holiday,IND,SF,73,6,25.0,2.8,6.7,.428,1.8,4.5,.405,1.0,2.1,.477,.566,0.7,0.9,.791,0.4,1.9,2.8,12.2,3.3,3.3,7.1,1.3,6.7,1.2,2.3,0.6,2.2,1.9,8.3,0.6,7.9,12.1
261,2020,DeAndre Jordan,BRK,C,56,6,22.0,3.4,5.1,.666,0.0,0.0,,3.4,5.1,.666,.666,1.5,2.2,.680,2.5,12.1,7.5,34.5,10.0,10.0,23.5,1.9,12.6,0.3,0.7,0.9,3.5,2.0,8.3,1.3,17.8,19.9
262,2020,E'Twaun Moore,NOP,SG,56,6,18.2,3.3,7.8,.426,1.1,3.0,.377,2.2,4.8,.456,.498,0.6,0.8,.689,0.6,3.2,1.8,10.4,2.3,2.3,6.8,1.4,11.0,0.6,1.5,0.2,0.9,1.4,8.3,0.7,8.1,11.3
263,2020,Jeremy Pargo,GSW,PG,3,0,14.7,3.7,7.3,.500,1.0,2.3,.429,2.7,5.0,.533,.568,0.0,0.3,.000,0.3,2.4,0.7,5.1,1.0,1.0,3.7,2.7,33.2,0.3,1.1,0.0,0.0,2.7,8.3,1.3,15.1,12.6
264,2020,Anfernee Simons,POR,SG,70,4,20.7,3.1,7.7,.399,1.1,3.2,.332,2.0,4.4,.448,.469,1.1,1.3,.826,0.4,1.8,1.8,9.1,2.2,2.2,5.5,1.4,9.2,0.4,0.9,0.1,0.6,1.9,8.3,0.9,9.6,9.0
265,2020,Ivica Zubac,LAC,C,72,70,18.4,3.3,5.3,.613,0.0,0.0,.000,3.3,5.3,.616,.613,1.7,2.3,.747,2.7,15.9,4.8,26.4,7.5,7.5,21.3,1.1,9.1,0.2,0.6,0.9,4.4,2.3,8.3,0.8,11.8,21.7
266,2020,Jalen Brunson,DAL,PG,57,16,17.9,3.2,6.8,.466,0.8,2.1,.358,2.4,4.7,.515,.522,1.1,1.3,.813,0.4,2.3,2.0,11.3,2.4,2.4,6.9,3.3,27.0,0.4,1.0,0.1,0.3,1.3,8.2,1.2,13.6,14.9
267,2020,Kelly Olynyk,MIA,C,67,9,19.4,2.7,5.9,.462,1.4,3.5,.406,1.3,2.4,.543,.582,1.3,1.5,.860,0.7,3.9,3.9,21.6,4.6,4.6,13.1,1.7,13.3,0.7,1.7,0.3,1.8,2.6,8.2,1.1,13.8,14.6
268,2020,Reggie Bullock,NYK,SG,29,19,23.6,3.1,7.7,.402,1.3,3.8,.333,1.8,3.9,.469,.484,0.6,0.7,.810,0.4,2.0,1.9,8.8,2.3,2.3,5.3,1.4,8.8,0.9,1.8,0.1,0.4,1.9,8.1,0.7,7.5,9.3
269,2020,Enes Freedom,BOS,C,58,7,16.9,3.4,6.0,.572,0.0,0.1,.143,3.4,5.9,.581,.573,1.2,1.7,.707,2.8,18.0,4.6,28.9,7.4,7.4,23.5,1.0,8.8,0.4,1.1,0.7,3.9,1.7,8.1,1.0,12.5,22.4
270,2020,Jahlil Okafor,NOP,C,30,9,15.6,3.4,5.4,.623,0.0,0.1,.333,3.3,5.3,.629,.627,1.3,2.1,.645,1.6,10.9,2.6,18.0,4.2,4.2,14.4,1.2,12.0,0.2,0.7,0.7,3.9,2.2,8.1,1.3,16.7,18.3
271,2020,Trevor Ariza,2TM,SF,53,21,28.2,2.7,6.1,.438,1.5,3.9,.372,1.2,2.2,.556,.557,1.2,1.4,.838,0.6,2.5,4.0,15.7,4.6,4.6,9.0,1.7,8.0,1.3,2.2,0.3,0.9,2.1,8.0,1.1,13.6,11.0
272,2020,Trevor Ariza,SAC,SF,32,0,24.7,2.0,5.2,.388,1.3,3.8,.352,0.7,1.3,.488,.518,0.7,0.8,.778,0.7,2.9,3.9,18.2,4.6,4.6,10.4,1.6,8.3,1.1,2.1,0.2,0.8,2.0,6.0,0.9,13.7,9.4
273,2020,Trevor Ariza,POR,SF,21,21,33.4,3.7,7.6,.491,1.6,4.0,.400,2.1,3.5,.595,.597,2.0,2.2,.872,0.6,2.0,4.1,12.8,4.8,4.8,7.4,2.0,7.6,1.6,2.3,0.4,1.0,2.3,11.0,1.3,13.5,12.8
274,2020,Alex Len,2TM,C,55,12,17.6,3.2,5.8,.555,0.3,1.1,.271,2.9,4.7,.619,.580,1.2,1.9,.648,1.8,11.1,4.0,25.2,5.8,5.8,18.0,0.9,7.9,0.4,1.1,0.9,4.3,2.3,8.0,1.0,13.1,17.7
275,2020,Alex Len,ATL,C,40,9,18.6,3.6,6.5,.546,0.4,1.4,.250,3.2,5.1,.627,.573,1.3,2.0,.630,1.7,9.8,4.0,23.6,5.8,5.8,16.6,1.1,8.7,0.5,1.3,0.8,3.7,2.3,8.7,1.0,11.7,17.5
276,2020,Alex Len,SAC,C,15,3,15.0,2.3,3.9,.593,0.1,0.2,.667,2.2,3.7,.589,.610,1.1,1.6,.708,2.1,15.1,4.0,30.8,6.1,6.1,22.8,0.5,5.2,0.2,0.6,1.0,6.4,2.3,5.9,1.1,18.7,18.2
277,2020,Danny Green,LAL,SG,68,68,24.8,2.9,7.0,.416,1.8,4.8,.367,1.1,2.2,.524,.542,0.5,0.7,.688,0.8,3.3,2.6,11.2,3.3,3.3,7.3,1.3,7.1,1.3,2.4,0.5,1.7,2.0,8.0,0.9,11.3,10.8
278,2020,Draymond Green,GSW,PF,43,43,28.4,2.9,7.3,.389,0.8,3.0,.279,2.0,4.3,.465,.446,1.5,1.9,.759,0.5,2.0,5.7,22.3,6.2,6.2,11.8,6.2,31.2,1.4,2.3,0.8,2.4,2.6,8.0,2.3,21.8,12.5
279,2020,Tony Snell,DET,SF,59,57,27.8,2.9,6.5,.445,1.7,4.3,.402,1.2,2.2,.531,.579,0.5,0.5,1.000,0.2,0.6,1.7,7.1,1.9,1.9,3.8,2.2,10.9,0.5,1.0,0.3,0.8,1.7,8.0,0.5,7.3,9.7
280,2020,Sindarius Thornwell,NOP,SF,2,0,17.5,3.0,5.5,.545,1.0,2.0,.500,2.0,3.5,.571,.636,1.0,2.0,.500,0.0,0.0,2.0,12.2,2.0,2.0,6.1,2.0,16.1,0.5,1.3,0.5,2.4,1.0,8.0,1.0,13.6,14.7
281,2020,Patrick Beverley,LAC,PG,51,50,26.3,2.9,6.7,.431,1.6,4.0,.388,1.3,2.6,.496,.548,0.6,0.9,.660,1.1,4.5,4.1,15.8,5.2,5.2,10.3,3.6,18.2,1.1,1.9,0.5,1.6,3.1,7.9,1.3,15.4,12.5
282,2020,Chandler Hutchison,CHI,SF,28,10,18.8,2.9,6.3,.457,0.4,1.4,.316,2.4,4.9,.496,.491,1.6,2.8,.590,0.6,3.6,3.2,19.8,3.9,3.9,11.3,0.9,7.4,1.0,2.5,0.3,1.3,1.7,7.8,1.0,11.4,12.4
283,2020,Timothé Luwawu-Cabarrot,BRK,SF,47,2,18.1,2.5,5.7,.435,1.3,3.4,.388,1.2,2.3,.505,.550,1.5,1.7,.852,0.6,3.6,2.1,11.6,2.7,2.7,7.7,0.6,4.9,0.4,1.0,0.1,0.7,2.3,7.8,0.8,10.8,11.0
284,2020,J.J. Barea,DAL,PG,29,6,15.5,2.9,7.1,.411,1.1,2.9,.376,1.8,4.2,.434,.488,0.7,0.8,.909,0.3,2.4,1.5,9.9,1.8,1.8,6.2,3.9,37.1,0.2,0.5,0.1,0.4,0.9,7.7,1.3,14.9,14.6
285,2020,Jordan McLaughlin,MIN,PG,30,2,19.7,2.9,5.9,.489,1.0,2.5,.382,1.9,3.4,.569,.570,0.9,1.3,.667,0.2,1.2,1.4,7.8,1.6,1.6,4.4,4.2,31.0,1.1,2.7,0.1,0.6,1.0,7.6,1.0,13.7,16.3
286,2020,De'Anthony Melton,MEM,PG,60,8,19.5,2.7,6.7,.401,0.7,2.3,.286,2.0,4.4,.464,.451,1.6,2.0,.769,0.7,4.0,3.0,15.7,3.7,3.7,9.9,2.9,20.1,1.3,3.1,0.3,1.5,1.8,7.6,1.4,15.6,13.5
287,2020,Omari Spellman,GSW,C,49,3,18.1,2.6,6.0,.431,0.9,2.2,.391,1.7,3.8,.454,.503,1.5,1.9,.793,1.6,9.1,2.9,18.0,4.5,4.5,13.4,1.0,8.1,0.7,1.8,0.5,2.4,1.3,7.6,1.1,13.9,14.4
288,2020,Terence Davis,TOR,SG,72,4,16.8,2.8,6.1,.456,1.3,3.4,.388,1.5,2.7,.541,.564,0.7,0.8,.864,0.7,4.5,2.6,16.0,3.3,3.3,10.3,1.6,14.2,0.5,1.5,0.2,1.1,1.7,7.5,1.1,14.1,13.8
289,2020,Marc Gasol,TOR,C,44,43,26.4,2.7,6.3,.427,1.3,3.4,.385,1.4,3.0,.473,.529,0.8,1.1,.735,0.7,2.9,5.5,21.7,6.3,6.3,12.5,3.3,17.3,0.8,1.4,0.9,3.2,2.8,7.5,1.3,16.4,11.8
290,2020,Dwight Howard,LAL,C,69,2,18.9,2.9,4.0,.729,0.0,0.1,.600,2.9,3.9,.732,.735,1.6,3.1,.514,2.5,14.6,4.9,27.8,7.3,7.3,21.2,0.7,4.8,0.4,1.1,1.1,5.4,3.2,7.5,1.2,18.5,18.7
291,2020,Trey Burke,2TM,PG,33,1,15.8,2.8,6.3,.450,1.0,2.3,.427,1.9,4.1,.463,.526,0.7,0.9,.793,0.5,3.4,1.0,7.0,1.5,1.5,5.2,2.5,23.7,0.5,1.5,0.1,0.3,1.0,7.4,0.6,8.7,15.6
292,2020,Trey Burke,PHI,PG,25,0,13.2,2.4,5.1,.465,0.6,1.5,.421,1.7,3.6,.483,.528,0.5,0.7,.722,0.6,5.0,0.8,6.7,1.4,1.4,5.9,2.1,23.9,0.3,1.0,0.0,0.3,0.8,5.9,0.5,8.2,15.4
293,2020,Trey Burke,DAL,PG,8,1,23.9,4.4,10.3,.427,2.0,4.6,.432,2.4,5.6,.422,.524,1.3,1.4,.909,0.1,0.6,1.8,7.6,1.9,1.9,4.1,3.8,23.2,1.1,2.3,0.1,0.4,1.5,12.0,1.1,9.4,16.0
294,2020,Bismack Biyombo,CHO,C,53,29,19.4,2.8,5.2,.543,0.0,0.0,,2.8,5.2,.543,.543,1.7,2.8,.603,2.3,12.3,3.5,20.7,5.8,5.8,16.3,0.9,7.8,0.2,0.5,0.9,4.4,2.2,7.4,0.9,12.2,16.1
295,2020,Ky Bowman,GSW,PG,45,12,22.6,3.0,7.1,.417,0.7,2.4,.308,2.2,4.8,.472,.469,0.8,0.9,.829,0.5,2.5,2.2,10.7,2.7,2.7,6.5,2.9,19.4,1.0,2.1,0.2,0.9,2.3,7.4,1.6,17.1,9.1
296,2020,Gorgui Dieng,2TM,C,63,17,17.4,2.6,5.8,.456,0.9,2.4,.355,1.8,3.4,.528,.530,1.2,1.6,.772,1.4,8.5,4.2,25.8,5.6,5.6,17.0,1.2,9.7,0.8,2.2,0.9,4.5,2.0,7.4,1.0,12.8,17.1
297,2020,Gorgui Dieng,MIN,C,46,17,16.9,2.7,6.0,.448,1.0,2.6,.383,1.7,3.4,.497,.531,1.0,1.3,.797,1.6,9.5,4.0,25.8,5.6,5.6,17.4,1.3,11.1,0.8,2.2,0.9,4.5,1.9,7.4,1.0,12.7,17.8
298,2020,Gorgui Dieng,MEM,C,17,0,18.7,2.5,5.1,.483,0.5,1.9,.250,2.0,3.2,.618,.529,1.8,2.5,.738,1.1,6.1,4.7,26.0,5.8,5.8,16.2,0.9,6.3,0.8,2.1,1.0,4.7,2.1,7.2,0.9,13.2,15.5
299,2020,Jaxson Hayes,NOP,C,64,14,16.9,2.7,4.0,.672,0.0,0.1,.250,2.7,4.0,.678,.674,1.9,3.0,.647,1.5,9.5,2.5,16.0,4.0,4.0,12.7,0.9,7.2,0.4,1.1,0.9,4.3,2.5,7.4,0.8,13.4,17.6
300,2020,Tyus Jones,MEM,PG,65,6,19.0,3.0,6.6,.459,0.7,1.9,.379,2.3,4.7,.492,.514,0.7,0.9,.741,0.1,0.8,1.4,7.9,1.6,1.6,4.4,4.4,32.0,0.9,2.2,0.1,0.4,0.7,7.4,0.8,10.8,15.7
301,2020,Ian Mahinmi,WAS,C,38,35,21.3,2.7,5.5,.495,0.1,0.7,.192,2.6,4.8,.538,.507,1.8,3.0,.619,2.1,10.1,3.7,19.7,5.7,5.7,14.7,1.3,8.3,0.8,1.8,1.2,4.8,3.0,7.4,1.2,14.8,14.2
302,2020,Wesley Matthews,MIL,SG,67,67,24.4,2.5,6.3,.396,1.6,4.4,.364,0.9,1.9,.472,.524,0.8,1.0,.765,0.3,1.4,2.1,8.2,2.5,2.5,5.0,1.4,7.1,0.6,1.1,0.1,0.5,1.5,7.4,0.6,8.7,8.1
303,2020,Nerlens Noel,OKC,C,61,7,18.5,3.0,4.4,.684,0.0,0.0,.333,3.0,4.4,.688,.686,1.3,1.7,.755,1.5,9.2,3.4,19.9,4.9,4.9,14.7,0.9,7.6,1.0,2.5,1.5,6.9,2.7,7.4,1.1,17.3,20.4
304,2020,Brandon Knight,2TM,SG,25,3,18.5,2.4,6.7,.353,1.8,5.2,.344,0.6,1.4,.389,.488,0.8,1.4,.588,0.2,1.0,1.5,9.1,1.6,1.6,5.0,2.8,21.6,0.4,1.1,0.1,0.6,1.6,7.3,1.5,17.3,8.5
305,2020,Brandon Knight,CLE,SG,16,0,15.1,1.8,5.4,.326,1.2,4.0,.297,0.6,1.4,.409,.436,0.3,0.8,.308,0.2,1.4,1.1,7.9,1.3,1.3,4.6,1.9,18.0,0.3,1.0,0.1,0.7,1.3,4.9,1.0,14.9,5.4
306,2020,Brandon Knight,DET,PG,9,3,24.6,3.4,9.0,.383,2.9,7.4,.388,0.6,1.6,.357,.543,1.8,2.3,.762,0.1,0.5,2.2,10.4,2.3,2.3,5.4,4.2,25.6,0.6,1.1,0.1,0.4,2.2,11.6,2.4,19.6,11.9
307,2020,Kris Dunn,CHI,PG,51,32,24.9,3.0,6.7,.444,0.6,2.2,.259,2.4,4.5,.535,.487,0.8,1.1,.741,0.5,1.9,3.2,14.9,3.6,3.6,8.1,3.4,19.4,2.0,3.8,0.3,1.3,3.1,7.3,1.3,15.7,12.1
308,2020,Emmanuel Mudiay,UTA,PG,54,2,15.7,2.8,6.1,.462,0.6,1.6,.345,2.2,4.4,.504,.508,1.2,1.5,.759,0.3,2.4,2.0,13.5,2.3,2.3,8.2,2.1,20.9,0.4,1.4,0.2,1.0,1.3,7.3,1.4,17.3,13.0
309,2020,Willie Cauley-Stein,2TM,C,54,39,20.3,3.2,5.6,.579,0.0,0.0,.000,3.2,5.6,.581,.579,0.7,1.2,.606,1.6,8.0,4.3,23.3,5.8,5.8,15.5,1.3,9.9,0.9,2.1,1.1,5.0,2.2,7.2,0.7,10.8,17.0
310,2020,Willie Cauley-Stein,GSW,C,41,37,22.9,3.5,6.3,.560,0.0,0.0,,3.5,6.3,.560,.560,0.9,1.4,.614,1.7,7.9,4.5,22.0,6.2,6.2,14.7,1.5,9.9,1.1,2.3,1.2,4.8,2.5,7.9,0.9,11.0,16.2
311,2020,Willie Cauley-Stein,DAL,C,13,2,12.1,2.4,3.5,.689,0.0,0.1,.000,2.4,3.4,.705,.689,0.4,0.7,.556,1.0,8.8,3.6,31.0,4.6,4.6,20.1,0.8,9.6,0.3,1.2,0.8,6.0,1.5,5.2,0.4,9.3,22.2
312,2020,Michael Carter-Williams,ORL,SG,45,0,18.5,2.5,5.8,.427,0.5,1.7,.293,2.0,4.1,.481,.469,1.8,2.1,.832,1.0,5.8,2.2,13.5,3.3,3.3,9.5,2.4,19.1,1.1,2.9,0.5,2.4,1.9,7.2,1.2,14.7,15.3
313,2020,Mason Plumlee,DEN,C,61,1,17.3,2.9,4.7,.615,0.0,0.1,.000,2.9,4.6,.625,.615,1.4,2.5,.535,1.6,10.4,3.6,23.2,5.2,5.2,16.8,2.5,20.9,0.5,1.5,0.6,3.3,2.3,7.2,1.3,18.7,18.8
314,2020,Jeremiah Martin,BRK,PG,9,0,11.0,2.7,5.9,.453,0.6,2.0,.278,2.1,3.9,.543,.500,1.2,1.6,.786,0.1,1.1,1.0,9.2,1.1,1.1,5.2,2.0,30.8,0.8,3.3,0.2,1.7,0.8,7.1,0.4,6.3,21.8
315,2020,Rajon Rondo,LAL,PG,48,3,20.5,2.9,6.8,.418,0.9,2.6,.328,2.0,4.2,.473,.480,0.6,0.9,.659,0.5,2.6,2.5,13.1,3.0,3.0,7.9,5.0,32.9,0.8,1.9,0.0,0.2,1.2,7.1,1.9,20.8,12.4
316,2020,Tyler Johnson,2TM,SG,39,7,18.2,2.5,6.4,.388,1.0,3.1,.319,1.5,3.4,.450,.464,1.1,1.3,.840,0.5,2.7,1.5,8.9,1.9,1.9,5.8,1.9,14.8,0.4,1.1,0.2,1.1,1.5,7.0,0.7,9.6,10.1
317,2020,Tyler Johnson,PHO,PG,31,3,16.6,2.1,5.5,.380,0.8,2.7,.289,1.3,2.8,.466,.450,0.8,1.0,.750,0.3,2.1,1.4,9.2,1.7,1.7,5.6,1.6,13.3,0.4,1.1,0.3,1.4,1.4,5.7,0.8,11.5,8.1
318,2020,Tyler Johnson,BRK,SG,8,4,24.3,4.0,9.9,.405,1.8,4.5,.389,2.3,5.4,.419,.494,2.3,2.3,1.000,1.0,4.4,2.0,8.4,3.0,3.0,6.4,3.0,18.6,0.5,1.0,0.1,0.4,1.9,12.0,0.6,5.4,15.6
319,2020,Zach Collins,POR,PF,11,11,26.4,2.9,6.2,.471,0.6,1.7,.368,2.3,4.5,.510,.522,0.5,0.7,.750,2.3,9.1,4.0,15.7,6.3,6.3,12.4,1.5,7.2,0.5,0.8,0.5,1.5,3.3,7.0,1.3,16.4,9.9
320,2020,Rondae Hollis-Jefferson,TOR,PF,60,6,18.7,2.6,5.5,.471,0.1,0.4,.130,2.5,5.1,.497,.476,1.8,2.4,.734,1.8,10.6,2.9,15.9,4.7,4.7,13.3,1.8,13.6,0.8,2.0,0.4,2.0,1.9,7.0,1.0,13.1,15.1
321,2020,Hamidou Diallo,OKC,SF,46,3,19.5,2.9,6.4,.446,0.3,1.2,.281,2.5,5.2,.485,.473,0.8,1.4,.603,1.0,5.6,2.7,14.7,3.6,3.6,10.3,0.8,5.9,0.8,2.0,0.2,0.9,2.2,6.9,1.1,13.6,9.3
322,2020,Harry Giles,SAC,C,46,17,14.5,3.0,5.5,.554,0.0,0.0,.000,3.0,5.4,.558,.554,0.8,1.1,.776,0.9,7.1,3.2,25.1,4.1,4.1,15.9,1.3,14.2,0.5,1.6,0.4,2.6,2.6,6.9,1.0,13.9,16.4
323,2020,Frank Mason III,MIL,PG,9,0,13.1,2.6,5.7,.451,0.7,2.3,.286,1.9,3.3,.567,.510,1.1,1.9,.588,0.6,4.5,1.6,11.1,2.1,2.1,8.0,3.2,35.0,0.6,1.9,0.1,0.7,1.2,6.9,1.2,15.8,16.9
324,2020,P.J. Tucker,HOU,PF,72,72,34.3,2.5,5.9,.415,1.5,4.2,.358,1.0,1.8,.551,.541,0.5,0.7,.813,1.6,4.7,5.1,15.6,6.6,6.6,10.1,1.6,6.0,1.1,1.4,0.5,1.2,3.2,6.9,1.0,13.9,8.3
325,2020,Brad Wanamaker,BOS,PG,71,1,19.3,2.3,5.1,.448,0.5,1.4,.363,1.8,3.7,.481,.499,1.8,1.9,.926,0.3,1.7,1.7,9.4,2.0,2.0,5.6,2.5,17.8,0.9,2.2,0.2,0.9,1.9,6.9,1.1,15.3,12.8
326,2020,Delon Wright,DAL,PG,73,5,21.5,2.6,5.6,.462,0.6,1.7,.370,2.0,3.9,.504,.519,1.1,1.4,.770,1.0,4.7,2.9,13.8,3.8,3.8,9.4,3.3,21.0,1.2,2.6,0.3,1.2,1.3,6.9,1.0,13.8,15.4
327,2020,Luguentz Dort,OKC,SF,36,28,22.8,2.4,6.1,.394,0.8,2.8,.297,1.6,3.3,.479,.463,1.2,1.5,.792,0.7,3.3,1.6,7.5,2.3,2.3,5.5,0.8,4.6,0.9,1.8,0.1,0.4,2.7,6.8,0.6,8.4,7.6
328,2020,JaMychal Green,LAC,PF,63,1,20.7,2.4,5.6,.429,1.5,3.8,.387,0.9,1.8,.518,.560,0.6,0.8,.750,1.2,6.3,4.9,24.1,6.2,6.2,15.4,0.8,5.0,0.5,1.0,0.4,1.6,2.8,6.8,0.9,12.6,11.1
329,2020,Denzel Valentine,CHI,SF,36,5,13.6,2.7,6.6,.409,1.3,3.8,.336,1.4,2.8,.510,.506,0.2,0.2,.750,0.3,1.9,1.8,15.5,2.1,2.1,8.4,1.2,14.2,0.7,2.6,0.2,1.2,1.4,6.8,0.7,9.8,13.0
330,2020,Dragan Bender,2TM,C,16,3,17.9,2.6,5.8,.446,0.9,2.7,.349,1.6,3.1,.531,.527,0.6,0.9,.714,1.0,5.9,3.6,21.1,4.6,4.6,13.5,1.8,14.4,0.3,0.7,0.6,2.8,2.6,6.7,1.3,17.6,10.9
331,2020,Dragan Bender,MIL,C,7,0,13.0,1.4,3.0,.476,0.6,1.3,.444,0.9,1.7,.500,.571,0.3,0.4,.667,0.0,0.0,2.9,20.5,2.9,2.9,10.9,1.3,12.5,0.0,0.0,0.7,4.8,2.3,3.7,0.7,18.3,8.4
332,2020,Dragan Bender,GSW,PF,9,3,21.7,3.4,7.9,.437,1.2,3.8,.324,2.2,4.1,.541,.514,0.9,1.2,.727,1.8,8.6,4.1,21.3,5.9,5.9,14.7,2.1,15.2,0.4,1.0,0.4,1.8,2.9,9.0,1.8,17.4,12.1
333,2020,Damyean Dotson,NYK,SG,48,0,17.4,2.5,6.0,.414,1.2,3.4,.362,1.3,2.6,.480,.516,0.5,0.7,.667,0.2,1.2,1.7,10.6,1.9,1.9,5.8,1.2,10.0,0.5,1.3,0.1,0.5,0.9,6.7,0.4,6.5,10.9
334,2020,Kyle Korver,MIL,SF,58,1,16.6,2.2,5.1,.430,1.7,4.1,.418,0.5,1.0,.482,.599,0.6,0.7,.854,0.3,1.6,1.8,10.4,2.1,2.1,6.3,1.2,9.2,0.4,1.2,0.2,1.1,1.3,6.7,0.8,13.4,11.3
335,2020,James Ennis III,2TM,SG,69,18,18.3,2.3,5.2,.446,0.8,2.4,.325,1.5,2.8,.553,.522,1.1,1.4,.806,1.0,6.1,2.5,15.3,3.6,3.6,10.6,0.9,7.0,0.5,1.3,0.3,1.5,2.0,6.6,0.8,12.6,11.5
336,2020,James Ennis III,PHI,SF,49,0,15.8,2.0,4.6,.442,0.8,2.2,.349,1.3,2.4,.525,.524,1.0,1.2,.787,1.0,6.8,2.1,14.5,3.1,3.1,10.7,0.8,7.3,0.5,1.4,0.3,1.5,1.7,5.8,0.6,10.9,12.3
337,2020,James Ennis III,ORL,SG,20,18,24.5,3.0,6.7,.451,0.9,3.2,.286,2.1,3.5,.600,.519,1.6,1.9,.838,1.2,4.9,3.6,16.4,4.8,4.8,10.5,1.1,6.5,0.6,1.2,0.4,1.5,2.6,8.5,1.4,15.3,10.3
338,2020,Chris Boucher,TOR,C,62,0,13.2,2.3,4.8,.472,0.6,1.9,.322,1.7,2.9,.569,.535,1.5,1.9,.784,1.7,14.1,2.7,21.4,4.5,4.5,17.9,0.4,4.8,0.4,1.3,1.0,7.3,1.8,6.6,0.5,7.4,20.7
339,2020,Ersan İlyasova,MIL,PF,63,8,15.7,2.3,5.0,.466,0.8,2.2,.365,1.5,2.8,.545,.546,1.1,1.4,.828,1.0,6.6,3.8,22.7,4.8,4.8,15.1,0.8,6.6,0.4,1.1,0.3,1.5,1.5,6.6,0.5,8.8,14.9
340,2020,Boban Marjanović,DAL,C,44,5,9.6,2.8,4.8,.573,0.1,0.4,.235,2.7,4.4,.603,.583,1.0,1.3,.754,1.5,16.6,3.0,32.1,4.5,4.5,24.5,0.5,8.3,0.2,0.9,0.2,2.0,1.3,6.6,0.7,11.3,25.7
341,2020,JaVale McGee,LAL,C,68,68,16.6,2.9,4.5,.637,0.0,0.1,.500,2.8,4.4,.640,.642,0.8,1.2,.646,1.8,12.2,3.9,25.4,5.7,5.7,18.9,0.5,4.6,0.5,1.5,1.4,7.5,2.3,6.6,0.8,13.9,19.4
342,2020,Nicolò Melli,NOP,C,60,8,17.4,2.3,5.4,.421,1.2,3.4,.335,1.1,2.0,.573,.528,0.9,1.2,.740,0.6,3.9,2.4,14.5,3.0,3.0,9.2,1.4,10.5,0.6,1.5,0.4,1.8,2.1,6.6,0.8,11.5,11.4
343,2020,Keita Bates-Diop,2TM,SF,44,0,16.9,2.3,5.3,.427,0.8,2.3,.330,1.5,3.0,.504,.500,1.2,1.7,.720,0.6,3.5,2.3,15.1,2.9,2.9,9.1,0.7,5.8,0.4,1.2,0.5,2.7,1.0,6.5,0.4,6.0,12.4
344,2020,Keita Bates-Diop,MIN,PF,37,0,17.5,2.4,5.6,.422,0.8,2.5,.330,1.5,3.0,.500,.498,1.2,1.8,.708,0.6,3.3,2.4,15.1,3.0,3.0,9.0,0.8,6.7,0.5,1.2,0.5,2.6,1.0,6.8,0.4,5.6,12.5
345,2020,Keita Bates-Diop,DEN,SF,7,0,14.0,1.9,4.0,.464,0.4,1.3,.333,1.4,2.7,.526,.518,1.1,1.4,.800,0.6,4.6,1.9,14.8,2.4,2.4,9.7,0.0,0.0,0.3,1.0,0.6,3.8,1.0,5.3,0.4,8.5,12.1
346,2020,T.J. McConnell,IND,PG,71,3,18.7,3.0,5.8,.516,0.1,0.2,.294,2.9,5.5,.525,.522,0.5,0.6,.833,0.5,3.2,2.1,12.4,2.7,2.7,7.8,5.0,37.6,0.8,2.0,0.2,0.7,1.0,6.5,1.4,18.9,16.5
347,2020,Allonzo Trier,NYK,SG,24,1,12.1,2.1,4.4,.481,0.8,2.2,.358,1.3,2.2,.604,.571,1.4,1.8,.791,0.3,2.1,1.0,8.7,1.2,1.2,5.3,1.2,14.8,0.1,0.5,0.2,1.3,1.2,6.5,0.9,15.0,14.5
348,2020,Sekou Doumbouya,DET,PF,38,19,19.8,2.4,6.2,.390,0.7,2.6,.286,1.7,3.6,.464,.449,0.8,1.2,.674,0.5,3.0,2.6,14.9,3.1,3.1,8.9,0.5,3.6,0.5,1.3,0.2,0.9,2.1,6.4,0.9,12.0,6.2
349,2020,Cory Joseph,SAC,PG,72,26,24.4,2.4,5.7,.415,0.8,2.2,.352,1.6,3.5,.455,.483,0.8,1.0,.857,0.6,2.7,2.0,9.4,2.6,2.6,6.0,3.5,19.1,0.7,1.5,0.3,1.1,1.8,6.4,1.1,15.3,10.1
350,2020,Kevin Knox,NYK,SF,65,4,17.9,2.2,6.2,.359,1.0,3.1,.327,1.2,3.1,.391,.440,1.0,1.6,.653,0.4,2.5,2.4,14.7,2.8,2.8,8.4,0.9,7.4,0.4,1.0,0.4,2.3,1.6,6.4,0.7,9.2,8.3
351,2020,Trey Lyles,SAS,PF,63,53,20.2,2.4,5.4,.446,1.0,2.7,.387,1.4,2.8,.503,.541,0.5,0.7,.733,1.1,6.0,4.6,24.6,5.7,5.7,15.3,1.1,7.2,0.4,1.1,0.4,1.9,1.6,6.4,0.6,9.7,12.6
352,2020,Kelan Martin,MIN,SF,31,4,16.0,2.3,5.8,.392,0.8,3.1,.260,1.5,2.7,.541,.461,1.0,1.0,.968,0.4,2.5,2.7,18.6,3.1,3.1,10.2,0.7,6.8,0.2,0.7,0.3,1.5,1.6,6.4,0.6,9.3,9.2
353,2020,C.J. Miles,WAS,SF,10,0,16.1,1.9,5.9,.322,1.1,3.5,.314,0.8,2.4,.333,.415,1.5,2.0,.750,0.4,2.6,0.8,5.7,1.2,1.2,4.1,1.2,10.0,1.0,2.9,0.4,2.2,1.4,6.4,0.4,5.6,11.1
354,2020,Lonnie Walker IV,SAS,SG,61,12,16.2,2.5,5.9,.426,0.7,1.7,.406,1.8,4.2,.434,.483,0.7,1.0,.721,0.4,2.5,1.9,12.7,2.3,2.3,7.6,1.1,9.6,0.5,1.5,0.2,1.2,1.3,6.4,0.7,10.3,10.5
355,2020,Marco Belinelli,SAS,SG,57,0,15.5,2.2,5.5,.392,1.2,3.1,.376,1.0,2.4,.412,.498,0.8,1.0,.828,0.1,0.9,1.6,11.2,1.7,1.7,6.0,1.2,10.7,0.2,0.6,0.0,0.1,0.8,6.3,0.3,5.3,10.8
356,2020,Frank Jackson,NOP,PG,59,2,13.5,2.3,5.6,.405,0.8,2.4,.326,1.5,3.2,.465,.476,0.9,1.3,.747,0.4,2.9,1.0,8.1,1.4,1.4,5.5,1.0,10.8,0.3,1.0,0.1,0.4,1.3,6.3,0.8,11.9,9.1
357,2020,Abdel Nader,OKC,SF,55,6,15.8,2.2,4.8,.468,0.9,2.3,.375,1.4,2.5,.556,.559,0.9,1.2,.773,0.3,1.8,1.6,10.6,1.8,1.8,6.4,0.7,6.4,0.4,1.3,0.4,2.0,1.4,6.3,0.8,12.8,11.3
358,2020,Frank Ntilikina,NYK,PG,57,26,20.8,2.3,5.8,.393,0.8,2.4,.321,1.5,3.4,.444,.459,0.9,1.0,.864,0.4,2.0,1.7,9.1,2.1,2.1,5.4,3.0,20.2,0.9,2.2,0.3,1.3,2.5,6.3,1.2,16.5,9.8
359,2020,Royce O'Neale,UTA,SF,71,62,28.9,2.2,5.1,.433,1.3,3.4,.377,0.9,1.7,.545,.559,0.6,0.8,.764,0.4,1.5,5.1,18.8,5.5,5.5,10.4,2.5,11.6,0.8,1.4,0.5,1.3,2.8,6.3,0.9,13.5,9.5
360,2020,Caleb Martin,CHO,SF,18,1,17.6,2.1,4.7,.440,1.1,2.1,.541,0.9,2.6,.362,.560,0.9,1.2,.810,0.6,3.3,1.6,10.0,2.1,2.1,6.5,1.3,11.1,0.7,1.9,0.4,2.0,1.8,6.2,0.8,13.9,12.0
361,2020,Taj Gibson,NYK,C,62,56,16.5,2.7,4.6,.584,0.1,0.2,.286,2.6,4.4,.599,.591,0.7,0.9,.732,1.8,11.2,2.5,16.7,4.3,4.3,13.9,0.8,7.6,0.4,1.3,0.5,2.8,2.0,6.1,0.8,13.1,16.1
362,2020,Brandon Goodwin,ATL,PG,34,1,12.6,2.2,5.6,.400,0.8,2.6,.299,1.5,3.0,.485,.468,0.8,0.9,.933,0.3,2.7,1.8,15.5,2.1,2.1,9.0,1.5,18.0,0.4,1.3,0.1,0.8,1.3,6.1,0.9,12.5,11.6
363,2020,Willy Hernangómez,CHO,C,31,0,12.1,2.4,4.5,.532,0.2,0.7,.227,2.2,3.8,.590,.550,1.2,1.9,.627,1.4,12.1,2.9,27.5,4.3,4.3,19.5,0.9,13.5,0.3,1.3,0.2,1.7,1.0,6.1,1.0,15.4,19.2
364,2020,Meyers Leonard,MIA,C,51,49,20.3,2.3,4.6,.509,1.0,2.5,.414,1.3,2.1,.623,.622,0.4,0.5,.643,0.6,3.4,4.5,24.0,5.1,5.1,14.1,1.1,7.6,0.3,0.7,0.3,1.4,2.1,6.1,0.8,13.7,10.6
365,2020,Juancho Hernangómez,2TM,PF,48,14,17.4,2.1,5.1,.405,0.9,2.7,.341,1.2,2.5,.475,.494,0.9,1.5,.620,0.9,5.6,3.2,20.5,4.1,4.1,12.8,0.8,6.6,0.4,1.1,0.2,1.0,1.3,6.0,0.7,10.3,10.4
366,2020,Juancho Hernangómez,DEN,PF,34,0,12.4,1.1,3.2,.345,0.4,1.8,.250,0.7,1.5,.460,.414,0.5,0.7,.640,0.7,6.4,2.1,18.8,2.8,2.8,12.6,0.6,6.7,0.1,0.6,0.1,1.1,0.9,3.1,0.5,12.9,6.9
367,2020,Juancho Hernangómez,MIN,PF,14,14,29.4,4.4,9.8,.453,2.1,4.9,.420,2.4,4.9,.485,.558,2.0,3.3,.609,1.4,4.7,5.9,22.1,7.3,7.3,13.1,1.3,6.4,1.0,1.6,0.3,0.8,2.5,12.9,1.0,8.2,14.1
368,2020,Devontae Cacok,LAL,C,1,0,9.0,3.0,6.0,.500,0.0,0.0,,3.0,6.0,.500,.500,0.0,0.0,,2.0,24.6,3.0,36.1,5.0,5.0,30.4,1.0,20.3,0.0,0.0,0.0,0.0,0.0,6.0,0.0,0.0,28.6
369,2020,Dusty Hannahs,MEM,SG,2,0,6.5,2.0,4.5,.444,1.0,1.5,.667,1.0,3.0,.333,.556,1.0,1.0,1.000,0.0,0.0,0.5,8.0,0.5,0.5,4.1,0.0,0.0,0.0,0.0,0.0,0.0,0.5,6.0,0.0,0.0,21.3
370,2020,Luke Kornet,CHI,C,36,14,15.5,2.3,5.2,.439,0.9,3.0,.287,1.4,2.2,.646,.521,0.6,0.8,.714,0.6,4.1,1.7,12.9,2.3,2.3,8.3,0.9,8.5,0.3,0.9,0.7,4.4,1.5,6.0,0.4,6.6,12.7
371,2020,Eric Mika,SAC,C,1,0,19.0,2.0,3.0,.667,0.0,0.0,,2.0,3.0,.667,.667,2.0,2.0,1.000,2.0,11.6,5.0,30.4,7.0,7.0,20.7,0.0,0.0,0.0,0.0,0.0,0.0,5.0,6.0,0.0,0.0,13.9
372,2020,Mike Scott,PHI,PF,68,11,17.8,2.2,5.1,.426,1.2,3.2,.369,1.0,2.0,.519,.540,0.4,0.5,.811,1.0,5.9,2.7,16.8,3.6,3.6,11.3,0.8,6.4,0.3,0.8,0.1,0.4,1.4,6.0,0.4,6.6,11.2
373,2020,Marvin Williams,2TM,PF,58,1,19.5,2.1,4.6,.446,1.0,2.7,.359,1.1,1.9,.568,.551,0.8,1.0,.860,0.5,2.8,2.6,14.3,3.2,3.2,8.5,1.0,7.6,0.6,1.6,0.5,2.4,1.8,5.9,0.6,10.2,11.2
374,2020,Marvin Williams,CHO,PF,41,1,19.7,2.3,5.1,.448,1.1,2.9,.376,1.2,2.3,.538,.552,1.0,1.2,.860,0.4,2.0,2.3,13.2,2.7,2.7,7.4,1.0,7.8,0.6,1.6,0.5,2.5,1.7,6.7,0.6,9.7,11.8
375,2020,Marvin Williams,MIL,PF,17,0,18.9,1.5,3.4,.439,0.7,2.3,.308,0.8,1.1,.722,.544,0.4,0.4,.857,0.9,4.9,3.5,17.1,4.4,4.4,11.4,1.1,7.2,0.6,1.4,0.5,2.2,1.9,4.0,0.5,11.8,9.8
376,2020,Wilson Chandler,BRK,PF,35,3,21.0,2.1,5.2,.404,1.1,3.5,.306,1.1,1.8,.597,.505,0.6,0.7,.870,0.3,1.6,3.8,18.5,4.1,4.1,10.2,1.1,7.3,0.5,1.0,0.3,1.4,2.3,5.9,1.0,15.0,7.4
377,2020,Georges Niang,UTA,PF,66,1,14.0,2.1,4.9,.438,1.4,3.4,.400,0.8,1.5,.526,.578,0.3,0.4,.833,0.2,1.9,1.7,12.9,1.9,1.9,7.6,0.7,7.0,0.3,0.9,0.1,0.4,1.1,5.9,0.5,8.3,11.7
378,2020,Dewayne Dedmon,2TM,C,44,18,17.6,2.3,5.8,.400,0.5,2.4,.206,1.8,3.4,.541,.443,0.7,0.8,.833,1.4,8.5,4.3,27.6,5.7,5.7,17.8,0.5,4.0,0.6,1.5,0.9,4.8,3.0,5.8,1.3,17.4,9.4
379,2020,Dewayne Dedmon,SAC,C,34,10,15.9,2.0,5.0,.404,0.4,2.1,.197,1.6,2.9,.550,.444,0.7,0.8,.821,1.4,9.3,3.6,25.8,4.9,4.9,17.4,0.4,3.9,0.4,1.3,0.8,4.6,2.7,5.1,1.4,20.4,8.5
380,2020,Dewayne Dedmon,ATL,C,10,8,23.3,3.3,8.4,.393,0.8,3.6,.222,2.5,4.8,.521,.440,0.7,0.8,.875,1.4,6.4,6.8,31.8,8.2,8.2,18.9,0.7,4.3,1.0,2.0,1.5,5.4,4.0,8.1,1.0,10.3,11.4
381,2020,Maurice Harkless,2TM,PF,62,48,23.0,2.3,4.6,.502,0.5,1.6,.347,1.7,3.0,.584,.562,0.6,1.1,.591,0.9,4.1,3.0,13.3,3.9,3.9,8.8,1.1,6.4,0.9,1.9,0.5,2.1,2.4,5.8,0.9,14.5,9.8
382,2020,Maurice Harkless,LAC,PF,50,38,22.8,2.2,4.3,.516,0.5,1.5,.370,1.7,2.9,.590,.578,0.5,0.8,.571,0.9,4.4,3.1,13.6,4.0,4.0,9.1,1.0,5.5,1.0,2.0,0.6,2.3,2.4,5.5,0.9,16.3,9.7
383,2020,Maurice Harkless,NYK,SF,12,10,23.8,2.5,5.5,.455,0.6,2.1,.280,1.9,3.4,.561,.508,1.3,2.0,.625,0.7,2.9,2.7,12.3,3.3,3.3,7.5,1.7,9.7,0.8,1.5,0.3,1.0,2.3,6.8,0.6,8.4,10.1
384,2020,Kyle Anderson,MEM,SF,67,28,19.9,2.3,4.9,.474,0.4,1.3,.282,2.0,3.7,.541,.511,0.8,1.2,.667,0.9,4.7,3.4,17.6,4.3,4.3,11.3,2.4,15.9,0.8,1.9,0.6,2.4,1.7,5.8,1.0,15.3,12.5
385,2020,DeAndre' Bembry,ATL,SG,43,4,21.3,2.4,5.3,.456,0.3,1.5,.231,2.1,3.8,.546,.489,0.6,1.1,.542,0.8,3.9,2.7,14.1,3.5,3.5,8.9,1.9,12.3,1.3,2.8,0.4,1.7,2.0,5.8,1.4,19.4,9.6
386,2020,PJ Dozier,DEN,SG,29,0,14.2,2.2,5.4,.414,0.6,1.7,.347,1.7,3.7,.444,.468,0.7,1.0,.724,0.3,2.7,1.6,12.2,1.9,1.9,7.5,2.2,21.6,0.5,1.7,0.2,1.3,1.6,5.8,0.9,13.7,11.6
387,2020,Wes Iwundu,ORL,SF,52,21,18.3,1.9,4.5,.416,0.5,1.6,.341,1.3,2.9,.457,.476,1.5,1.9,.804,0.5,2.6,2.1,12.5,2.5,2.5,7.4,1.2,8.8,0.5,1.3,0.3,1.2,1.5,5.8,0.5,8.6,10.3
388,2020,Skal Labissière,POR,C,33,1,17.2,2.5,4.5,.551,0.1,0.4,.231,2.4,4.1,.582,.561,0.8,1.0,.758,2.0,12.1,3.2,19.0,5.1,5.1,15.6,1.3,10.1,0.2,0.6,0.9,4.7,2.7,5.8,0.9,15.7,15.4
389,2020,Anžejs Pasečņiks,WAS,C,27,0,16.2,2.3,4.3,.526,0.0,0.1,.000,2.3,4.2,.540,.526,1.3,2.1,.586,1.6,10.1,2.4,16.9,4.0,4.0,13.4,0.7,5.7,0.3,1.0,0.4,2.4,2.8,5.8,0.9,14.5,11.3
390,2020,Nickeil Alexander-Walker,NOP,SG,47,1,12.6,2.1,5.7,.368,1.0,2.8,.346,1.1,2.8,.391,.455,0.5,0.8,.676,0.2,1.6,1.6,13.5,1.8,1.8,7.5,1.9,21.1,0.4,1.3,0.2,1.1,1.2,5.7,1.1,16.1,8.9
391,2020,Dwayne Bacon,CHO,SG,39,11,17.6,2.2,6.3,.348,0.5,1.7,.284,1.7,4.5,.373,.387,0.9,1.4,.660,0.4,2.3,2.2,14.0,2.6,2.6,7.9,1.3,11.7,0.6,1.7,0.1,0.3,1.3,5.7,0.9,12.2,6.1
392,2020,Bol Bol,DEN,PF,7,0,12.4,2.0,4.0,.500,0.6,1.3,.444,1.4,2.7,.526,.571,1.1,1.4,.800,0.7,6.4,2.0,18.0,2.7,2.7,12.2,0.9,9.8,0.3,1.1,0.9,6.4,1.6,5.7,1.4,23.6,14.4
393,2020,Talen Horton-Tucker,LAL,SG,6,1,13.5,2.3,5.0,.467,0.7,2.2,.308,1.7,2.8,.588,.533,0.3,0.7,.500,0.3,2.7,0.8,6.7,1.2,1.2,4.7,1.0,10.5,1.3,4.7,0.2,1.1,1.7,5.7,1.0,15.9,12.3
394,2020,Darius Bazley,OKC,PF,61,9,18.5,2.0,5.2,.394,0.8,2.3,.348,1.2,2.9,.432,.472,0.7,1.0,.694,0.5,3.0,3.5,20.5,4.0,4.0,12.0,0.7,5.1,0.4,1.0,0.7,3.1,0.9,5.6,0.7,11.6,9.6
395,2020,Damian Jones,ATL,C,55,27,16.1,2.2,3.2,.680,0.0,0.2,.222,2.2,3.1,.704,.685,1.1,1.5,.738,1.3,8.9,2.4,16.2,3.7,3.7,12.5,0.6,5.6,0.5,1.4,0.7,3.8,2.7,5.6,0.5,11.5,15.6
396,2020,Jalen McDaniels,CHO,SF,16,0,18.3,2.1,4.4,.471,0.6,1.5,.375,1.5,2.9,.522,.536,0.9,1.1,.824,0.9,5.4,3.1,19.4,4.1,4.1,12.1,0.8,6.8,0.5,1.4,0.2,0.9,2.3,5.6,0.7,12.4,10.7
397,2020,Jakob Poeltl,SAS,C,66,18,17.7,2.5,4.0,.624,0.0,0.0,,2.5,4.0,.624,.624,0.6,1.3,.465,2.0,12.1,3.7,22.5,5.7,5.7,17.3,1.8,13.6,0.6,1.5,1.4,7.1,1.9,5.6,0.8,15.1,19.1
398,2020,John Henson,2TM,C,40,8,15.0,2.4,4.3,.556,0.2,0.9,.222,2.2,3.4,.644,.579,0.6,1.2,.500,1.2,8.5,2.9,21.8,4.1,4.1,15.1,1.4,13.4,0.6,2.0,1.1,6.0,2.0,5.5,0.9,15.8,17.0
399,2020,John Henson,CLE,C,29,2,14.2,2.1,4.1,.508,0.2,1.1,.194,1.9,3.1,.618,.533,0.6,1.1,.515,1.1,8.5,2.8,22.3,3.9,3.9,15.4,1.5,15.2,0.6,1.9,1.1,6.7,1.9,5.0,0.7,13.5,16.9
400,2020,John Henson,DET,C,11,6,17.1,3.1,4.6,.667,0.2,0.5,.400,2.9,4.2,.696,.686,0.5,1.2,.462,1.3,8.3,3.1,20.8,4.4,4.4,14.5,1.0,9.3,0.7,2.1,0.9,4.5,2.1,6.9,1.4,20.9,17.1
401,2020,Solomon Hill,2TM,PF,59,4,18.4,1.9,4.7,.396,1.1,2.9,.368,0.8,1.8,.439,.509,0.7,0.9,.741,0.5,2.9,2.3,13.0,2.8,2.8,8.1,1.8,12.4,0.7,1.9,0.2,1.0,1.4,5.5,0.9,14.5,9.8
402,2020,Solomon Hill,MEM,PF,48,3,18.8,2.0,4.9,.412,1.2,3.1,.381,0.8,1.8,.465,.532,0.5,0.8,.684,0.5,2.9,2.5,13.8,3.0,3.0,8.4,2.0,13.4,0.6,1.6,0.1,0.7,1.5,5.7,0.8,13.8,10.2
403,2020,Solomon Hill,MIA,PF,11,1,17.0,1.3,4.1,.311,0.6,2.2,.292,0.6,1.9,.333,.389,1.3,1.5,.875,0.5,3.1,1.5,9.2,1.9,1.9,6.3,0.9,7.3,1.1,3.1,0.5,2.7,1.1,4.5,1.0,17.4,8.1
404,2020,Alex Caruso,LAL,PG,64,2,18.4,1.9,4.5,.412,0.6,1.9,.333,1.3,2.7,.468,.481,1.1,1.5,.734,0.3,1.6,1.7,9.8,1.9,1.9,5.7,1.9,13.6,1.1,2.8,0.3,1.4,1.5,5.5,0.8,13.8,10.8
405,2020,Justin Jackson,DAL,PF,65,3,16.1,2.1,5.2,.396,0.7,2.5,.294,1.3,2.7,.489,.466,0.6,0.8,.840,0.4,2.7,2.0,12.6,2.4,2.4,7.7,0.8,6.8,0.2,0.7,0.2,0.8,1.1,5.5,0.2,3.7,9.5
406,2020,Dennis Smith Jr.,NYK,PG,34,3,15.8,2.1,6.2,.341,0.5,1.6,.296,1.6,4.6,.357,.379,0.8,1.6,.509,0.6,4.1,1.7,11.7,2.3,2.3,7.7,2.9,26.4,0.8,2.5,0.2,1.4,1.9,5.5,1.7,19.8,7.4
407,2020,Mo Bamba,ORL,C,62,0,14.2,2.1,4.6,.462,0.6,1.7,.346,1.5,2.9,.531,.526,0.5,0.7,.674,1.6,11.9,3.3,25.6,4.9,4.9,18.5,0.7,7.2,0.4,1.3,1.4,8.8,1.9,5.4,0.7,12.1,17.5
408,2020,Pat Connaughton,MIL,SG,67,4,18.6,2.0,4.5,.455,0.8,2.5,.331,1.2,2.0,.607,.547,0.5,0.6,.775,0.9,5.1,3.3,16.8,4.2,4.2,11.3,1.6,10.9,0.4,0.9,0.5,2.2,1.0,5.4,0.8,14.0,11.5
409,2020,Torrey Craig,DEN,SF,58,27,18.5,2.1,4.6,.461,0.8,2.4,.326,1.4,2.3,.603,.545,0.4,0.6,.611,1.1,6.6,2.2,13.2,3.3,3.3,9.9,0.8,5.9,0.4,1.1,0.6,3.1,2.3,5.4,0.4,8.1,10.8
410,2020,Robin Lopez,MIL,C,66,5,14.5,2.2,4.5,.492,0.5,1.6,.333,1.7,2.9,.577,.550,0.4,0.8,.528,0.8,6.2,1.6,10.2,2.4,2.4,8.3,0.7,6.3,0.2,0.5,0.7,4.1,1.5,5.4,1.0,16.4,10.2
411,2020,Garrison Mathews,WAS,SG,18,0,12.6,1.3,3.1,.429,1.1,2.6,.413,0.3,0.6,.500,.598,1.7,1.9,.912,0.3,2.8,1.0,9.0,1.3,1.3,5.8,0.6,5.8,0.4,1.6,0.1,0.4,1.8,5.4,0.4,10.1,13.1
412,2020,Luka Šamanić,SAS,PF,3,1,16.0,1.7,5.3,.313,1.0,2.7,.375,0.7,2.7,.250,.406,1.0,1.3,.750,0.3,2.2,3.0,20.2,3.3,3.3,11.2,2.0,16.3,0.0,0.0,0.7,3.7,2.0,5.3,0.7,10.1,8.8
413,2020,Juan Toscano-Anderson,GSW,SG,13,6,20.9,2.2,4.8,.460,0.6,1.8,.348,1.6,3.1,.525,.524,0.2,0.4,.600,0.7,3.5,3.3,17.8,4.0,4.0,10.4,2.0,13.8,1.0,2.3,0.4,1.7,2.3,5.3,1.2,19.7,9.4
414,2020,David Nwaba,BRK,SF,20,0,13.4,1.9,3.6,.521,0.6,1.4,.429,1.3,2.2,.581,.606,0.9,1.4,.667,0.4,3.2,1.9,14.0,2.3,2.3,8.7,0.4,4.3,0.6,1.9,0.6,3.7,1.6,5.2,0.4,8.8,14.0
415,2020,Robert Williams,BOS,C,29,1,13.4,2.2,3.0,.727,0.0,0.0,,2.2,3.0,.727,.727,0.8,1.2,.647,1.4,11.2,3.0,24.0,4.4,4.4,17.7,0.9,10.1,0.8,2.7,1.2,8.4,1.8,5.2,0.7,16.9,23.1
416,2020,Jerome Robinson,2TM,SG,63,6,15.5,1.8,4.9,.371,0.8,2.4,.320,1.0,2.5,.420,.450,0.6,0.9,.702,0.2,1.4,1.8,12.8,2.0,2.0,7.0,1.4,11.9,0.4,1.3,0.3,1.5,1.8,5.1,0.8,12.8,7.4
417,2020,Jerome Robinson,LAC,SG,42,1,11.3,1.1,3.2,.338,0.5,1.6,.284,0.6,1.6,.391,.408,0.3,0.5,.579,0.1,1.1,1.3,11.7,1.4,1.4,6.5,1.1,12.6,0.3,1.3,0.2,1.5,1.3,2.9,0.6,15.3,4.8
418,2020,Jerome Robinson,WAS,SG,21,5,24.0,3.3,8.3,.397,1.4,4.1,.349,1.9,4.2,.443,.483,1.4,1.8,.763,0.4,1.7,2.9,13.8,3.3,3.3,7.5,2.0,11.3,0.7,1.4,0.4,1.6,2.7,9.4,1.1,10.8,9.8
419,2020,Chris Chiozza,2TM,PG,28,2,14.3,2.0,5.0,.393,1.0,2.6,.375,1.0,2.4,.412,.489,0.2,0.2,1.000,0.3,2.4,1.6,11.6,1.9,1.9,6.9,3.0,29.4,0.8,2.5,0.1,0.9,1.3,5.1,1.1,18.4,12.0
420,2020,Chris Chiozza,WAS,PG,10,0,12.3,1.0,3.4,.294,0.7,1.6,.438,0.3,1.8,.167,.397,0.0,0.0,,0.0,0.0,1.5,13.9,1.5,1.5,6.7,2.8,29.2,1.0,3.8,0.2,1.4,1.2,2.7,0.9,20.9,9.2
421,2020,Chris Chiozza,BRK,PG,18,2,15.4,2.5,5.9,.425,1.1,3.1,.357,1.4,2.8,.500,.519,0.3,0.3,1.000,0.5,3.4,1.6,10.6,2.1,2.1,7.1,3.1,29.5,0.6,1.9,0.1,0.6,1.4,6.4,1.3,17.5,13.2
422,2020,Sterling Brown,MIL,SF,52,1,14.8,1.8,4.9,.371,0.8,2.6,.324,1.0,2.3,.425,.457,0.6,0.8,.800,0.6,4.3,2.9,18.5,3.5,3.5,11.8,1.0,8.6,0.6,1.7,0.1,0.8,1.0,5.1,0.8,13.3,9.5
423,2020,Quinn Cook,LAL,PG,44,1,11.5,2.1,4.9,.425,0.7,1.9,.365,1.4,2.9,.465,.498,0.3,0.3,.786,0.3,2.4,0.9,8.5,1.2,1.2,5.5,1.1,13.8,0.3,1.1,0.0,0.4,0.6,5.1,0.8,13.0,10.0
424,2020,Wayne Ellington,NYK,SG,36,1,15.5,1.7,4.8,.351,1.4,4.0,.350,0.3,0.9,.355,.494,0.3,0.4,.846,0.1,0.7,1.7,12.0,1.8,1.8,6.2,1.2,11.0,0.4,1.1,0.1,0.7,1.1,5.1,0.5,9.1,8.5
425,2020,Daniel Gafford,CHI,C,43,7,14.2,2.2,3.1,.701,0.0,0.0,,2.2,3.1,.701,.701,0.7,1.4,.533,1.2,9.0,1.3,10.3,2.5,2.5,9.6,0.5,5.2,0.3,1.0,1.3,8.7,2.3,5.1,0.7,15.3,16.2
426,2020,Raul Neto,PHI,PG,54,3,12.4,1.9,4.1,.455,0.6,1.6,.386,1.2,2.5,.500,.532,0.7,0.9,.830,0.2,1.8,0.9,8.3,1.1,1.1,5.0,1.8,20.3,0.4,1.7,0.1,0.8,0.9,5.1,0.9,16.2,12.7
427,2020,Kadeem Allen,NYK,PG,10,0,11.7,1.9,4.4,.432,0.5,1.6,.313,1.4,2.8,.500,.489,0.7,1.1,.636,0.2,1.8,0.7,6.6,0.9,0.9,4.1,2.1,27.0,0.5,2.1,0.2,1.6,0.7,5.0,0.8,14.1,14.0
428,2020,Isaac Bonga,WAS,SF,66,49,18.9,1.8,3.5,.504,0.4,1.1,.352,1.4,2.5,.571,.558,1.0,1.3,.812,1.1,6.0,2.3,13.8,3.4,3.4,9.7,1.2,7.9,0.7,1.7,0.3,1.5,2.4,5.0,0.9,17.6,10.2
429,2020,Vince Carter,ATL,PF,60,0,14.6,1.8,5.1,.352,1.0,3.4,.302,0.8,1.7,.451,.452,0.4,0.5,.793,0.3,2.2,1.8,13.2,2.1,2.1,7.6,0.8,7.7,0.4,1.2,0.4,2.4,1.5,5.0,0.6,9.4,7.5
430,2020,Jamal Crawford,BRK,SG,1,0,6.0,2.0,4.0,.500,1.0,2.0,.500,1.0,2.0,.500,.625,0.0,0.0,,0.0,0.0,0.0,0.0,0.0,0.0,0.0,3.0,100.0,0.0,0.0,0.0,0.0,1.0,5.0,0.0,0.0,33.2
431,2020,Cody Martin,CHO,SF,48,3,18.8,1.9,4.3,.430,0.4,1.6,.234,1.5,2.7,.546,.473,0.9,1.4,.646,0.8,4.4,2.5,15.1,3.3,3.3,9.6,2.0,15.7,0.8,2.2,0.2,0.9,1.6,5.0,0.9,15.7,10.5
432,2020,Tony Bradley,UTA,C,58,3,11.4,2.2,3.3,.667,0.1,0.1,1.000,2.1,3.2,.661,.675,0.5,0.8,.652,1.9,19.1,2.7,25.0,4.6,4.6,22.2,0.4,5.4,0.2,1.0,0.6,4.1,2.0,4.9,0.5,12.5,21.7
433,2020,Jevon Carter,PHO,PG,58,2,16.3,1.7,4.2,.416,1.1,2.5,.425,0.7,1.7,.402,.543,0.4,0.5,.852,0.5,3.5,1.5,10.5,2.0,2.0,6.9,1.4,11.9,0.8,2.4,0.3,1.6,1.5,4.9,0.6,11.2,11.3
434,2020,Chris Clemons,HOU,SG,33,0,8.8,1.7,4.3,.401,1.1,3.2,.346,0.6,1.1,.571,.532,0.3,0.3,.909,0.1,1.4,0.8,9.4,0.9,0.9,5.4,0.8,14.3,0.3,1.4,0.2,1.8,0.8,4.9,0.6,11.5,13.1
435,2020,Drew Eubanks,SAS,C,22,3,12.4,2.0,3.0,.642,0.0,0.0,1.000,1.9,3.0,.636,.649,0.9,1.2,.769,1.3,11.1,2.6,22.6,3.9,3.9,16.8,0.7,7.7,0.2,0.9,0.8,5.5,1.7,4.9,1.0,21.1,17.3
436,2020,Shaquille Harrison,CHI,SG,43,10,11.3,1.8,3.8,.467,0.4,1.0,.381,1.4,2.9,.496,.515,0.9,1.2,.780,0.5,4.8,1.5,15.3,2.0,2.0,9.8,1.1,15.3,0.8,3.4,0.4,3.7,1.3,4.9,0.4,9.2,17.8
437,2020,Patrick Patterson,LAC,PF,59,18,13.2,1.6,3.9,.408,1.1,2.9,.390,0.5,1.0,.459,.552,0.6,0.7,.814,0.6,4.8,2.0,15.1,2.6,2.6,10.1,0.7,7.2,0.1,0.4,0.1,0.3,0.9,4.9,0.4,7.7,11.5
438,2020,Edmond Sumner,IND,SG,31,3,14.4,2.0,4.6,.430,0.5,1.7,.264,1.5,2.9,.528,.479,0.5,0.9,.552,0.4,2.7,1.1,8.5,1.5,1.5,5.6,1.8,16.7,0.5,1.6,0.3,1.8,1.4,4.9,0.7,12.4,10.1
439,2020,Matt Thomas,TOR,SG,41,1,10.7,1.8,3.7,.487,1.1,2.4,.475,0.6,1.2,.510,.643,0.2,0.3,.750,0.2,2.2,1.3,12.2,1.5,1.5,7.3,0.5,7.5,0.2,1.1,0.0,0.2,0.9,4.9,0.4,9.3,13.3
440,2020,Mario Hezonja,POR,PF,53,4,16.4,1.7,4.1,.422,0.5,1.5,.308,1.3,2.6,.486,.477,0.9,1.1,.814,0.6,3.6,2.9,18.3,3.5,3.5,11.0,0.9,7.5,0.7,2.0,0.2,0.9,2.0,4.8,0.8,14.7,9.5
441,2020,Džanan Musa,BRK,SF,40,0,12.2,1.6,4.3,.372,0.5,2.0,.244,1.1,2.4,.479,.427,1.1,1.5,.750,0.5,4.6,1.6,13.5,2.2,2.2,9.1,1.1,12.6,0.4,1.5,0.0,0.2,0.8,4.8,0.9,15.4,9.4
442,2020,Mike Muscala,OKC,C,47,2,12.2,1.6,4.0,.407,1.1,3.0,.378,0.5,1.0,.500,.550,0.4,0.5,.818,0.3,3.2,2.0,17.3,2.3,2.3,10.4,0.9,10.1,0.2,0.8,0.3,1.8,1.2,4.8,0.4,7.9,12.5
443,2020,Justin Wright-Foreman,UTA,PG,4,0,11.3,1.8,5.0,.350,0.5,2.5,.200,1.3,2.5,.500,.400,0.8,1.0,.750,0.0,0.0,1.3,11.8,1.3,1.3,6.1,1.8,23.0,0.5,2.2,0.0,0.0,1.3,4.8,0.8,12.1,8.8
444,2020,Cheick Diallo,PHO,C,47,2,10.2,2.0,3.0,.648,0.0,0.1,.333,1.9,3.0,.655,.651,0.7,0.8,.872,0.6,6.9,2.1,23.7,2.8,2.8,15.2,0.5,6.9,0.2,1.1,0.3,2.2,1.2,4.7,0.7,16.7,16.5
445,2020,Isaiah Hartenstein,HOU,C,23,2,11.6,1.9,2.9,.657,0.0,0.2,.000,1.9,2.7,.710,.657,0.8,1.2,.679,1.3,11.3,2.7,24.3,3.9,3.9,17.7,0.8,10.0,0.4,1.6,0.5,3.9,1.8,4.7,0.7,16.8,18.6
446,2020,Thon Maker,DET,C,60,14,12.9,1.6,3.2,.482,0.4,1.1,.344,1.2,2.2,.550,.539,1.2,1.8,.664,0.9,7.8,1.9,16.7,2.8,2.8,12.2,0.7,8.0,0.4,1.6,0.7,4.2,1.7,4.7,0.8,15.7,13.7
447,2020,Matisse Thybulle,PHI,SG,65,14,19.8,1.7,4.1,.423,0.9,2.4,.357,0.9,1.7,.519,.528,0.4,0.6,.610,0.7,3.8,1.0,5.4,1.6,1.6,4.6,1.2,8.0,1.4,3.5,0.7,3.1,2.2,4.7,0.8,15.3,10.0
448,2020,Allen Crabbe,2TM,SF,37,1,17.6,1.7,4.8,.356,1.0,3.2,.303,0.7,1.6,.466,.458,0.3,0.4,.714,0.3,1.8,1.8,11.0,2.1,2.1,6.3,0.9,6.8,0.4,1.1,0.1,0.5,1.3,4.6,0.5,8.5,6.0
449,2020,Allen Crabbe,ATL,SG,28,1,18.6,1.9,5.1,.364,1.1,3.3,.323,0.8,1.8,.440,.469,0.3,0.4,.750,0.4,2.0,2.0,11.5,2.3,2.3,6.7,1.0,7.3,0.5,1.3,0.1,0.6,1.3,5.1,0.4,7.5,7.2
450,2020,Allen Crabbe,MIN,SF,9,0,14.6,1.2,3.8,.324,0.7,2.9,.231,0.6,0.9,.625,.412,0.1,0.2,.500,0.1,0.8,1.2,9.2,1.3,1.3,4.8,0.6,5.1,0.0,0.0,0.0,0.0,1.2,3.2,0.6,12.5,1.1
451,2020,Andre Iguodala,MIA,SF,21,0,19.9,1.8,4.2,.432,0.7,2.2,.298,1.1,2.0,.585,.511,0.3,0.7,.400,0.8,4.7,2.9,15.7,3.7,3.7,10.4,2.4,16.9,0.7,1.6,1.0,5.0,1.7,4.6,1.2,21.6,10.5
452,2020,Rodions Kurucs,BRK,PF,47,9,14.6,1.7,3.8,.446,0.7,1.9,.367,1.0,1.9,.529,.540,0.5,0.8,.632,0.5,3.9,2.4,16.6,2.9,2.9,10.4,1.1,10.4,0.5,1.7,0.1,0.6,1.9,4.6,1.0,19.2,8.9
453,2020,Patrick McCaw,TOR,SF,37,12,24.5,1.8,4.4,.414,0.6,1.9,.324,1.2,2.5,.484,.485,0.4,0.5,.722,0.5,2.3,1.8,7.6,2.3,2.3,5.0,2.1,11.5,1.1,2.0,0.1,0.4,1.6,4.6,0.8,14.6,7.3
454,2020,Alfonzo McKinnie,CLE,SF,40,1,14.8,1.8,4.3,.427,0.4,1.6,.215,1.5,2.7,.557,.468,0.6,0.8,.710,0.9,6.9,1.9,14.4,2.8,2.8,10.6,0.4,3.3,0.6,1.9,0.2,1.2,1.8,4.6,0.7,12.3,8.7
455,2020,JaKarr Sampson,IND,PF,34,12,13.9,2.0,3.4,.591,0.1,0.4,.154,1.9,3.0,.647,.600,0.5,0.8,.667,0.6,4.7,2.0,15.7,2.6,2.6,10.2,0.6,6.1,0.5,1.6,0.4,2.2,1.9,4.6,0.4,10.6,12.6
456,2020,Danté Exum,2TM,SG,35,1,13.9,1.6,3.4,.471,0.4,1.2,.349,1.2,2.2,.539,.534,0.9,1.2,.744,0.3,2.7,1.6,12.6,1.9,1.9,7.7,1.1,11.5,0.4,1.3,0.2,1.4,1.1,4.5,0.9,18.4,10.3
457,2020,Danté Exum,UTA,SG,11,0,7.5,0.9,2.1,.435,0.2,0.5,.333,0.7,1.5,.471,.478,0.2,0.2,1.000,0.3,4.1,0.8,11.5,1.1,1.1,8.0,0.6,11.9,0.1,0.6,0.2,2.0,0.7,2.2,0.9,29.5,4.8
458,2020,Danté Exum,CLE,SG,24,1,16.8,1.9,4.0,.479,0.5,1.5,.351,1.4,2.5,.559,.547,1.3,1.7,.732,0.4,2.5,1.9,12.8,2.3,2.3,7.6,1.4,11.4,0.5,1.5,0.3,1.3,1.3,5.6,0.9,15.6,11.5
459,2020,Ryan Arcidiacono,CHI,PG,58,4,16.0,1.6,3.8,.409,0.9,2.4,.391,0.6,1.4,.439,.532,0.5,0.7,.711,0.3,2.3,1.6,11.2,1.9,1.9,6.5,1.7,14.3,0.5,1.4,0.1,0.3,1.7,4.5,0.6,13.5,9.0
460,2020,Jerian Grant,WAS,SG,6,0,13.3,1.7,4.5,.370,0.3,1.3,.250,1.3,3.2,.421,.407,0.8,1.2,.714,0.3,2.6,0.7,5.7,1.0,1.0,4.1,1.5,15.3,0.2,0.6,0.2,1.1,1.8,4.5,0.5,9.1,6.6
461,2020,Courtney Lee,DAL,SG,24,9,14.4,1.7,3.4,.488,0.9,2.0,.447,0.8,1.5,.543,.616,0.3,0.3,.857,0.3,2.2,1.0,7.5,1.3,1.3,4.9,0.5,4.7,0.8,2.5,0.3,1.5,1.4,4.5,0.5,11.4,10.8
462,2020,Treveon Graham,2TM,SF,55,20,16.9,1.6,4.4,.360,0.6,2.2,.275,1.0,2.2,.443,.428,0.7,1.0,.643,0.9,5.7,1.8,11.7,2.7,2.7,8.6,0.8,6.6,0.4,1.2,0.1,0.5,1.9,4.4,0.5,9.8,6.6
463,2020,Treveon Graham,MIN,SF,33,20,20.1,1.9,5.3,.354,0.6,2.5,.241,1.3,2.8,.457,.411,0.8,1.1,.730,0.9,4.5,2.2,11.7,3.0,3.0,8.0,0.9,6.1,0.5,1.2,0.1,0.3,2.0,5.2,0.6,9.0,6.0
464,2020,Treveon Graham,ATL,SF,22,0,12.1,1.1,3.0,.373,0.6,1.7,.351,0.5,1.4,.400,.470,0.4,0.9,.474,1.0,8.8,1.3,11.5,2.3,2.3,10.1,0.7,7.6,0.3,1.2,0.2,1.3,1.6,3.3,0.5,11.7,8.0
465,2020,Jacob Evans,2TM,SG,29,1,14.4,1.6,4.6,.336,0.4,1.3,.333,1.1,3.3,.337,.384,0.9,1.0,.862,0.3,2.3,1.1,8.6,1.4,1.4,5.3,1.1,10.8,0.4,1.3,0.4,2.6,1.4,4.4,0.9,14.6,5.5
466,2020,Jacob Evans,GSW,SG,27,1,15.3,1.7,4.9,.338,0.5,1.4,.342,1.2,3.5,.337,.387,0.9,1.1,.862,0.3,2.3,1.2,8.7,1.5,1.5,5.4,1.1,10.9,0.4,1.3,0.4,2.6,1.5,4.7,0.9,14.6,5.6
467,2020,Jacob Evans,MIN,SG,2,0,2.0,0.0,0.5,.000,0.0,0.5,.000,0.0,0.0,,.000,0.0,0.0,,0.0,0.0,0.0,0.0,0.0,0.0,0.0,0.0,0.0,0.0,0.0,0.0,0.0,0.0,0.0,0.0,0.0,-9.6
468,2020,Khem Birch,ORL,C,48,24,19.2,1.5,3.0,.510,0.0,0.0,.000,1.5,3.0,.514,.510,1.4,2.1,.653,1.9,10.3,2.7,15.6,4.6,4.6,12.9,1.0,7.3,0.4,1.1,0.5,2.3,1.9,4.4,0.6,14.2,11.7
469,2020,Nic Claxton,BRK,C,15,0,12.5,1.8,3.2,.563,0.1,0.5,.143,1.7,2.7,.634,.573,0.7,1.4,.524,1.3,10.7,1.7,13.6,2.9,2.9,12.2,1.1,12.4,0.1,0.3,0.5,3.6,0.9,4.4,0.6,13.6,14.8
470,2020,Yogi Ferrell,SAC,PG,50,0,10.6,1.6,3.8,.420,0.5,1.6,.304,1.1,2.2,.505,.484,0.7,0.8,.857,0.1,1.2,0.9,9.4,1.0,1.0,5.2,1.4,18.8,0.4,1.6,0.1,0.7,0.8,4.4,0.6,11.9,12.2
471,2020,Ante Žižić,CLE,C,22,0,10.0,1.9,3.3,.569,0.0,0.0,,1.9,3.3,.569,.569,0.6,0.9,.737,0.8,9.0,2.2,24.4,3.0,3.0,16.6,0.3,4.2,0.3,1.5,0.2,1.9,1.2,4.4,0.5,11.1,16.4
472,2020,Donta Hall,2TM,PF,9,0,14.8,1.7,2.4,.682,0.0,0.0,,1.7,2.4,.682,.682,1.0,2.0,.500,1.6,11.4,2.7,19.2,4.2,4.2,15.4,0.4,4.2,0.3,1.1,0.7,3.8,2.6,4.3,0.6,14.3,13.6
473,2020,Donta Hall,DET,PF,4,0,12.0,0.3,1.0,.250,0.0,0.0,,0.3,1.0,.250,.250,1.0,1.5,.667,1.5,14.0,2.3,21.6,3.8,3.8,17.7,0.5,5.3,0.3,1.0,0.3,1.7,2.3,1.5,0.5,23.1,7.3
474,2020,Donta Hall,BRK,C,5,0,17.0,2.8,3.6,.778,0.0,0.0,,2.8,3.6,.778,.778,1.0,2.4,.417,1.6,9.9,3.0,17.9,4.6,4.6,14.0,0.4,3.5,0.4,1.1,1.0,4.9,2.8,6.6,0.6,11.4,17.2
475,2020,Al-Farouq Aminu,ORL,PF,18,2,21.1,1.4,4.8,.291,0.5,2.0,.250,0.9,2.8,.320,.343,1.1,1.6,.655,1.3,6.6,3.5,18.4,4.8,4.8,12.3,1.2,7.4,1.0,2.3,0.4,1.9,1.5,4.3,0.9,14.7,7.6
476,2020,Troy Daniels,2TM,SG,47,0,11.3,1.5,4.0,.387,1.0,2.8,.348,0.6,1.1,.481,.511,0.2,0.3,.625,0.3,2.5,0.9,8.2,1.1,1.1,5.4,0.4,4.3,0.2,1.0,0.1,0.5,0.8,4.3,0.3,5.9,8.4
477,2020,Troy Daniels,LAL,SG,41,0,11.1,1.5,3.9,.392,1.0,2.7,.357,0.5,1.1,.478,.519,0.2,0.4,.625,0.3,2.9,0.8,8.1,1.1,1.1,5.5,0.3,4.1,0.2,0.8,0.1,0.6,0.7,4.2,0.2,5.2,9.0
478,2020,Troy Daniels,DEN,SG,6,0,12.7,1.7,4.7,.357,1.0,3.3,.300,0.7,1.3,.500,.464,0.0,0.0,,0.0,0.0,1.0,8.8,1.0,1.0,4.4,0.5,5.4,0.5,2.0,0.0,0.0,1.2,4.3,0.5,9.7,5.3
479,2020,Bruno Fernando,ATL,C,56,13,12.7,1.8,3.6,.518,0.1,0.7,.135,1.8,2.9,.605,.530,0.5,0.9,.569,1.2,10.0,2.3,20.0,3.5,3.5,15.0,0.9,9.9,0.3,1.2,0.3,2.0,1.9,4.3,0.8,15.9,11.9
480,2020,Ryan Broekhoff,DAL,SF,17,1,10.6,1.3,3.5,.373,1.2,3.0,.392,0.1,0.5,.250,.542,0.4,0.5,.875,0.3,3.0,2.2,21.9,2.5,2.5,12.5,0.6,8.3,0.3,1.3,0.2,1.9,0.9,4.2,0.4,8.8,13.1
481,2020,Iman Shumpert,BRK,SF,13,0,18.5,1.6,4.9,.328,0.6,2.5,.242,1.0,2.4,.419,.391,0.3,0.5,.571,0.7,3.9,1.9,10.5,2.6,2.6,7.3,0.9,6.7,0.9,2.4,0.2,0.7,1.6,4.2,0.8,13.0,5.3
482,2020,Alen Smailagić,GSW,C,14,0,9.9,1.4,2.9,.500,0.2,0.9,.231,1.2,1.9,.630,.538,1.1,1.4,.842,0.7,7.5,1.2,13.7,1.9,1.9,10.5,0.9,14.3,0.2,1.0,0.3,2.6,1.0,4.2,0.8,18.5,14.5
483,2020,Elie Okobo,PHO,PG,55,3,13.1,1.3,3.3,.398,0.5,1.3,.352,0.9,2.0,.427,.467,0.9,1.3,.704,0.3,2.4,1.3,11.6,1.6,1.6,6.9,2.1,21.2,0.4,1.6,0.1,0.5,1.0,4.0,0.7,15.2,10.6
484,2020,Cristiano Felício,CHI,C,22,0,17.5,1.5,2.5,.630,0.0,0.1,.000,1.5,2.4,.654,.630,0.8,1.0,.783,2.5,15.0,2.1,14.1,4.6,4.6,14.6,0.7,5.7,0.5,1.2,0.1,0.5,1.5,3.9,0.8,21.9,12.8
485,2020,Terrance Ferguson,OKC,SF,56,38,22.4,1.4,3.9,.355,0.9,3.0,.292,0.5,0.9,.558,.466,0.3,0.4,.750,0.4,2.1,0.9,4.4,1.3,1.3,3.3,0.9,5.3,0.5,1.0,0.3,1.2,2.8,3.9,0.6,11.9,3.7
486,2020,Marko Gudurić,MEM,SG,44,0,11.0,1.4,3.6,.395,0.6,1.9,.301,0.8,1.7,.500,.475,0.5,0.6,.923,0.3,3.1,1.3,12.6,1.7,1.7,7.9,1.0,12.3,0.3,1.2,0.2,1.4,0.8,3.9,0.8,17.6,8.8
487,2020,Gary Payton II,WAS,SF,29,17,14.9,1.7,4.0,.414,0.4,1.6,.283,1.2,2.4,.500,.470,0.1,0.3,.500,0.9,6.3,1.9,14.2,2.8,2.8,10.1,1.7,14.8,1.1,3.6,0.2,1.4,1.9,3.9,0.7,14.3,11.3
488,2020,DaQuan Jeffries,SAC,SG,13,0,10.8,1.5,3.1,.500,0.4,1.4,.278,1.2,1.7,.682,.563,0.4,0.5,.833,0.2,2.3,1.2,12.3,1.4,1.4,7.2,0.5,7.1,0.3,1.4,0.1,0.7,1.5,3.8,0.2,4.5,11.2
489,2020,Jaylen Nowell,MIN,SG,15,0,10.1,1.3,3.5,.358,0.2,1.7,.115,1.1,1.8,.593,.387,1.1,1.1,.941,0.2,2.0,0.7,7.3,0.9,0.9,4.5,1.3,17.8,0.2,0.9,0.1,0.6,0.7,3.8,0.2,4.7,10.5
490,2020,Noah Vonleh,2TM,C,36,1,10.5,1.4,2.6,.565,0.1,0.4,.200,1.4,2.1,.636,.582,0.7,0.9,.781,1.0,10.1,2.4,25.3,3.4,3.4,17.4,0.8,10.7,0.3,1.4,0.2,1.3,1.1,3.7,0.6,16.5,15.5
491,2020,Noah Vonleh,MIN,C,29,1,12.0,1.6,3.0,.547,0.1,0.5,.143,1.6,2.5,.625,.558,0.8,1.0,.821,1.2,10.0,2.8,25.9,4.0,4.0,17.6,0.9,10.8,0.4,1.5,0.2,1.4,1.2,4.1,0.7,16.2,15.3
492,2020,Noah Vonleh,DEN,C,7,0,4.3,0.7,0.9,.833,0.1,0.1,1.000,0.6,0.7,.800,.917,0.3,0.6,.500,0.4,11.2,0.7,18.6,1.1,1.1,14.9,0.3,9.5,0.0,0.0,0.0,0.0,0.6,1.9,0.3,20.5,17.6
493,2020,Gary Clark,2TM,PF,42,5,13.5,1.3,3.2,.406,0.9,2.6,.351,0.4,0.5,.682,.553,0.2,0.2,.900,0.9,6.8,1.7,14.0,2.6,2.6,10.3,0.4,4.1,0.1,0.5,0.5,3.4,1.1,3.7,0.2,6.8,10.7
494,2020,Gary Clark,HOU,PF,18,0,11.8,1.3,3.3,.390,1.0,2.8,.353,0.3,0.4,.625,.542,0.3,0.4,.857,0.6,5.4,1.6,14.5,2.2,2.2,9.9,0.7,7.7,0.1,0.4,0.4,2.8,1.2,3.9,0.1,3.1,11.8
495,2020,Gary Clark,ORL,SF,24,5,14.8,1.3,3.1,.419,0.9,2.5,.350,0.4,0.6,.714,.561,0.1,0.1,1.000,1.1,7.6,1.8,13.8,2.9,2.9,10.6,0.2,1.9,0.2,0.5,0.6,3.8,1.0,3.6,0.3,9.6,10.1
496,2020,DeMarre Carroll,2TM,C,24,0,12.1,1.0,2.8,.379,0.3,1.4,.242,0.7,1.4,.515,.439,1.2,1.8,.690,0.5,4.4,1.8,15.8,2.3,2.3,10.1,1.0,11.2,0.3,1.3,0.2,1.5,1.3,3.6,0.7,16.8,9.1
497,2020,DeMarre Carroll,SAS,SF,15,0,9.0,0.6,1.9,.310,0.2,0.9,.231,0.4,1.1,.375,.362,0.8,1.3,.600,0.5,5.6,1.6,19.2,2.1,2.1,12.4,0.7,10.1,0.1,0.7,0.1,1.3,1.3,2.2,0.7,20.9,4.9
498,2020,DeMarre Carroll,HOU,C,9,0,17.2,1.8,4.1,.432,0.6,2.2,.250,1.2,1.9,.647,.500,1.9,2.4,.773,0.6,3.3,2.1,13.0,2.7,2.7,8.1,1.6,12.2,0.7,1.8,0.3,1.7,1.3,6.0,0.8,13.0,12.8
499,2020,Anthony Tolliver,3TM,PF,55,13,15.9,1.2,3.3,.357,0.9,2.6,.338,0.3,0.7,.432,.492,0.4,0.5,.724,0.6,4.1,2.2,14.3,2.8,2.8,9.3,0.8,6.0,0.3,1.0,0.2,1.1,1.3,3.6,0.6,14.9,7.0
500,2020,Anthony Tolliver,POR,PF,33,9,16.8,1.3,3.5,.368,0.9,2.7,.337,0.4,0.8,.464,.496,0.4,0.6,.684,0.8,5.2,2.5,15.5,3.3,3.3,10.4,0.9,6.6,0.2,0.7,0.3,1.4,1.6,3.9,0.6,14.3,7.5
501,2020,Anthony Tolliver,SAC,PF,9,0,9.1,0.3,1.9,.176,0.2,1.7,.133,0.1,0.2,.500,.235,0.1,0.2,.500,0.2,2.7,1.0,12.7,1.2,1.2,7.6,0.3,4.5,0.4,2.4,0.1,1.2,0.7,1.0,0.4,18.3,0.2
502,2020,Anthony Tolliver,MEM,PF,13,4,18.2,1.5,3.7,.396,1.3,3.2,.415,0.2,0.5,.286,.573,0.5,0.6,.875,0.4,2.3,2.2,12.3,2.5,2.5,7.4,0.8,5.3,0.5,1.4,0.1,0.4,1.1,4.8,0.7,14.9,8.0
503,2020,Nicolas Batum,CHO,SF,22,3,23.0,1.3,3.7,.346,0.6,2.2,.286,0.6,1.5,.438,.432,0.4,0.5,.900,1.1,5.2,3.4,16.8,4.5,4.5,10.8,3.0,18.3,0.8,1.7,0.4,1.5,1.9,3.6,1.0,20.5,9.2
504,2020,Tim Frazier,DET,PG,27,11,13.1,1.3,3.5,.362,0.4,1.1,.333,0.9,2.4,.375,.415,0.7,0.9,.792,0.3,2.8,0.9,7.8,1.2,1.2,5.3,3.4,36.5,0.5,1.9,0.1,0.9,1.6,3.6,1.3,25.6,9.8
505,2020,Nassir Little,POR,PF,48,5,11.9,1.4,3.1,.430,0.3,1.2,.237,1.1,1.9,.554,.477,0.6,0.9,.636,0.6,5.7,1.6,13.9,2.3,2.3,9.9,0.5,5.0,0.3,1.1,0.3,2.1,1.5,3.6,0.3,8.1,9.6
506,2020,Theo Pinson,BRK,SG,33,0,11.1,1.4,4.7,.290,0.5,2.4,.188,0.9,2.3,.400,.339,0.5,0.5,.938,0.3,2.9,1.3,12.2,1.6,1.6,7.7,1.7,21.7,0.5,2.2,0.1,0.9,1.1,3.6,1.0,16.9,5.2
507,2020,Tremont Waters,BOS,PG,11,1,10.8,1.3,4.5,.286,0.4,2.2,.167,0.9,2.3,.400,.327,0.7,0.7,1.000,0.0,0.0,1.1,10.7,1.1,1.1,5.4,1.5,18.3,0.9,4.1,0.2,1.6,1.2,3.6,1.4,22.2,4.3
508,2020,D.J. Wilson,MIL,PF,37,1,9.8,1.4,3.6,.394,0.5,2.0,.247,0.9,1.6,.576,.462,0.3,0.5,.611,0.3,3.5,2.2,20.5,2.5,2.5,12.5,0.7,9.1,0.1,0.4,0.1,1.2,0.9,3.6,0.5,12.0,8.2
509,2020,Mfiondu Kabengele,LAC,C,12,0,5.3,1.2,2.7,.438,0.8,1.7,.450,0.4,1.0,.417,.578,0.4,0.4,1.000,0.1,1.7,0.8,15.8,0.9,0.9,8.9,0.2,4.9,0.2,1.5,0.2,2.8,0.8,3.5,0.2,5.5,18.2
510,2020,Kyle O'Quinn,PHI,C,29,2,10.8,1.4,2.9,.494,0.2,0.9,.259,1.2,2.0,.603,.535,0.4,0.7,.550,1.2,12.0,2.8,29.0,4.0,4.0,20.5,1.8,22.7,0.2,1.1,0.8,6.5,1.3,3.5,0.7,17.6,18.6
511,2020,Miye Oni,UTA,SF,10,1,10.9,1.2,3.2,.375,0.7,1.9,.368,0.5,1.3,.385,.484,0.4,0.5,.800,0.5,5.2,1.2,11.7,1.7,1.7,8.6,0.4,5.1,0.4,1.8,0.2,1.5,0.9,3.5,0.4,10.5,9.7
512,2020,Kenrich Williams,NOP,PF,39,18,21.3,1.3,3.8,.347,0.6,2.5,.258,0.7,1.3,.520,.432,0.2,0.7,.346,1.3,6.5,3.5,17.3,4.8,4.8,11.9,1.5,8.4,0.7,1.5,0.5,2.1,2.3,3.5,0.6,12.2,7.5
513,2020,Javonte Green,BOS,SG,48,2,9.8,1.3,2.6,.500,0.2,0.7,.273,1.1,1.9,.581,.536,0.6,0.9,.667,0.5,5.6,1.4,15.6,1.9,1.9,10.6,0.5,7.7,0.5,2.5,0.2,1.6,0.9,3.4,0.5,13.7,13.1
514,2020,Kevon Looney,GSW,C,20,4,13.1,1.5,4.0,.367,0.1,0.7,.071,1.4,3.3,.431,.373,0.5,0.6,.750,1.4,11.2,1.9,16.3,3.3,3.3,13.6,1.0,11.1,0.6,2.2,0.3,2.1,1.7,3.4,0.6,12.5,9.4
515,2020,Semi Ojeleye,BOS,PF,69,6,14.7,1.2,2.8,.408,0.7,1.8,.378,0.5,1.0,.464,.531,0.4,0.5,.875,0.4,2.8,1.7,12.5,2.1,2.1,7.7,0.5,4.7,0.3,1.0,0.1,0.5,1.2,3.4,0.3,8.3,7.7
516,2020,Lance Thomas,BRK,PF,7,4,14.0,1.1,3.3,.348,0.6,1.9,.308,0.6,1.4,.400,.435,0.6,0.6,1.000,0.3,2.2,1.6,11.4,1.9,1.9,6.9,0.9,8.2,0.0,0.0,0.0,0.0,1.6,3.4,0.9,19.5,3.0
517,2020,Grant Williams,BOS,PF,69,5,15.1,1.3,3.1,.412,0.3,1.4,.250,0.9,1.7,.548,.469,0.6,0.8,.722,0.9,6.1,1.7,12.1,2.6,2.6,9.1,1.0,8.5,0.4,1.4,0.5,3.2,2.4,3.4,0.7,17.6,7.9
518,2020,Carsen Edwards,BOS,SG,37,0,9.5,1.1,3.5,.328,0.6,2.1,.316,0.5,1.4,.346,.422,0.4,0.5,.684,0.2,1.9,1.1,12.4,1.3,1.3,7.2,0.6,9.3,0.3,1.7,0.1,1.1,0.9,3.3,0.4,9.9,6.9
519,2020,Tacko Fall,BOS,C,7,0,4.7,1.6,2.0,.786,0.0,0.0,,1.6,2.0,.786,.786,0.1,0.4,.333,0.1,3.3,2.0,44.9,2.1,2.1,24.3,0.1,5.8,0.1,1.5,0.6,11.2,1.0,3.3,0.4,16.4,28.4
520,2020,Ty Jerome,PHO,SG,31,0,10.6,1.2,3.6,.336,0.5,1.6,.280,0.8,2.0,.381,.398,0.4,0.5,.750,0.2,2.3,1.3,13.4,1.5,1.5,7.8,1.4,18.2,0.5,2.2,0.1,0.8,0.9,3.3,0.6,13.0,7.9
521,2020,Rodney McGruder,LAC,SG,56,4,15.6,1.3,3.2,.398,0.4,1.6,.270,0.9,1.6,.522,.464,0.3,0.6,.559,0.5,3.6,2.2,14.2,2.7,2.7,9.0,0.6,5.3,0.5,1.4,0.1,0.8,1.3,3.3,0.4,10.9,6.7
522,2020,Evan Turner,ATL,SG,19,0,13.2,1.3,3.5,.373,0.0,0.3,.000,1.3,3.3,.403,.373,0.6,0.7,.857,0.4,3.4,1.6,13.0,2.0,2.0,8.2,2.0,20.6,0.5,1.7,0.4,2.7,1.1,3.3,1.4,26.2,6.8
523,2020,Jordan Bell,2TM,C,29,0,8.8,1.2,2.3,.522,0.1,0.4,.333,1.1,1.9,.564,.552,0.7,1.1,.613,1.0,12.0,1.8,21.8,2.8,2.8,16.7,0.6,8.9,0.1,0.5,0.3,3.2,0.7,3.2,0.7,20.7,13.9
524,2020,Jordan Bell,MIN,C,27,0,8.7,1.2,2.2,.533,0.1,0.3,.222,1.1,1.9,.588,.550,0.6,1.1,.586,1.0,12.1,1.9,23.3,2.9,2.9,17.5,0.5,8.6,0.1,0.4,0.4,3.5,0.6,3.1,0.7,19.8,14.1
525,2020,Jordan Bell,MEM,C,2,0,10.5,1.5,3.5,.429,1.0,1.5,.667,0.5,2.0,.250,.571,1.0,1.0,1.000,1.0,10.2,0.5,4.9,1.5,1.5,7.5,1.0,12.9,0.5,2.2,0.0,0.0,1.0,5.0,1.5,27.6,12.6
526,2020,Goga Bitadze,IND,C,54,2,8.7,1.3,2.8,.467,0.1,0.8,.190,1.1,2.0,.574,.493,0.4,0.6,.727,0.5,5.9,1.5,18.7,2.0,2.0,12.3,0.4,6.7,0.2,1.0,0.7,6.9,1.2,3.2,0.5,14.5,12.1
527,2020,Amir Coffey,LAC,SG,18,1,8.8,1.3,3.0,.426,0.3,1.1,.316,0.9,1.9,.486,.481,0.3,0.6,.545,0.2,2.7,0.7,7.6,0.9,0.9,5.2,0.8,12.3,0.3,1.5,0.1,1.1,1.1,3.2,0.4,12.0,8.5
528,2020,Chimezie Metu,SAS,C,18,0,5.8,1.3,2.3,.571,0.0,0.1,.000,1.3,2.2,.600,.571,0.6,0.7,.769,0.7,12.3,1.2,21.6,1.8,1.8,16.9,0.6,14.9,0.2,1.4,0.3,5.0,0.4,3.2,0.6,17.3,22.2
529,2020,Paul Watson,2TM,SF,10,0,8.7,1.0,2.6,.385,0.4,1.2,.333,0.6,1.4,.429,.462,0.7,0.9,.778,0.2,2.5,1.5,17.9,1.7,1.7,10.3,0.8,12.4,0.4,2.2,0.1,1.1,0.5,3.1,0.3,9.1,12.6
530,2020,Paul Watson,ATL,SF,2,0,8.5,0.0,3.5,.000,0.0,1.5,.000,0.0,2.0,.000,.000,0.0,0.0,,0.0,0.0,1.0,12.8,1.0,1.0,6.3,1.5,21.1,0.5,2.7,0.0,0.0,0.5,0.0,0.0,0.0,-7.1
531,2020,Paul Watson,TOR,SF,8,0,8.8,1.3,2.4,.526,0.5,1.1,.444,0.8,1.3,.600,.632,0.9,1.1,.778,0.3,3.1,1.6,19.2,1.9,1.9,11.3,0.6,10.3,0.4,2.0,0.1,1.4,0.5,3.9,0.4,11.6,17.3
532,2020,Matthew Dellavedova,CLE,PG,57,4,14.4,1.1,3.1,.354,0.4,1.6,.231,0.7,1.5,.488,.414,0.6,0.6,.865,0.3,2.4,1.0,7.8,1.3,1.3,5.1,3.2,29.0,0.4,1.2,0.0,0.2,1.4,3.1,1.0,23.6,8.1
533,2020,Rayjon Tucker,UTA,SG,20,0,8.1,1.0,2.2,.465,0.2,0.9,.176,0.9,1.3,.654,.500,1.0,1.2,.826,0.2,2.1,0.9,11.2,1.0,1.0,6.8,0.3,4.4,0.1,0.3,0.1,0.5,0.5,3.1,0.4,13.1,9.7
534,2020,Bruno Caboclo,2TM,C,30,0,8.1,1.3,3.0,.427,0.2,1.1,.182,1.1,1.9,.571,.461,0.3,0.3,.889,0.8,10.0,1.2,15.8,2.0,2.0,12.9,0.4,6.8,0.5,2.9,0.6,6.1,1.0,3.0,0.4,12.3,14.1
535,2020,Bruno Caboclo,MEM,C,22,0,8.7,1.3,3.1,.406,0.2,1.1,.160,1.1,2.0,.545,.435,0.1,0.1,.667,0.8,9.5,1.2,14.5,2.0,2.0,12.1,0.5,7.1,0.5,2.4,0.5,5.5,1.0,2.8,0.3,9.1,11.9
536,2020,Bruno Caboclo,HOU,C,8,0,6.5,1.3,2.5,.500,0.3,1.0,.250,1.0,1.5,.667,.550,0.8,0.8,1.000,0.8,12.0,1.3,20.3,2.0,2.0,16.1,0.3,5.9,0.6,4.4,0.6,8.2,1.0,3.5,0.8,20.9,22.1
537,2020,Zylan Cheatham,NOP,PF,4,0,12.8,1.5,2.3,.667,0.0,0.3,.000,1.5,2.0,.750,.667,0.0,0.0,,0.8,6.2,1.5,12.5,2.3,2.3,9.4,0.8,7.7,0.3,0.9,0.3,1.6,2.5,3.0,1.0,30.8,6.7
538,2020,Udonis Haslem,MIA,C,4,1,11.0,1.0,2.8,.364,0.3,0.8,.333,0.8,2.0,.375,.409,0.8,1.0,.750,0.3,2.6,3.8,36.7,4.0,4.0,20.3,0.3,3.2,0.0,0.0,0.0,0.0,1.5,3.0,0.3,7.3,6.5
539,2020,B.J. Johnson,ORL,SF,10,0,8.3,0.9,3.2,.281,0.3,0.9,.333,0.6,2.3,.261,.328,0.9,1.0,.900,0.3,3.8,1.2,16.1,1.5,1.5,9.7,0.3,5.1,0.3,1.8,0.0,0.0,0.3,3.0,0.6,14.2,5.4
540,2020,T.J. Leaf,IND,PF,28,1,7.9,1.3,3.1,.419,0.2,0.6,.278,1.1,2.4,.456,.448,0.3,0.6,.438,0.8,11.5,1.7,23.5,2.5,2.5,17.5,0.3,5.7,0.4,2.2,0.1,1.6,0.8,3.0,0.3,7.9,12.9
541,2020,Admiral Schofield,WAS,PF,33,2,11.2,1.1,2.8,.380,0.6,1.8,.311,0.5,0.9,.516,.484,0.3,0.5,.667,0.2,2.0,1.2,12.4,1.4,1.4,7.0,0.5,5.3,0.2,1.0,0.1,0.9,1.5,3.0,0.2,6.6,6.1
542,2020,Chris Silva,MIA,PF,44,0,7.9,1.1,1.8,.615,0.0,0.1,.000,1.1,1.7,.640,.615,0.8,1.3,.673,1.4,20.2,1.5,20.6,2.9,2.9,20.4,0.5,9.9,0.2,1.3,0.5,6.0,1.9,3.0,0.7,23.8,17.3
543,2020,Johnathan Williams,WAS,PF,15,6,12.0,1.3,2.3,.559,0.0,0.1,.000,1.3,2.1,.594,.559,0.5,0.9,.538,1.6,14.0,2.7,25.3,4.3,4.3,19.4,0.5,5.9,0.1,0.3,0.5,3.9,1.1,3.0,0.3,11.2,14.0
544,2020,Jaylen Hoard,POR,PF,13,0,7.9,1.2,2.5,.469,0.0,0.2,.000,1.2,2.2,.517,.469,0.6,1.0,.615,1.1,14.4,1.4,18.1,2.5,2.5,16.2,0.3,5.3,0.4,2.3,0.0,0.0,0.9,2.9,0.3,9.6,14.9
545,2020,Adam Mokoka,CHI,SF,11,0,10.2,1.1,2.5,.429,0.5,1.4,.400,0.5,1.2,.462,.536,0.2,0.4,.500,0.6,6.6,0.3,3.1,0.9,0.9,4.9,0.4,5.0,0.4,1.7,0.0,0.0,1.5,2.9,0.2,6.3,8.2
546,2020,Andre Roberson,OKC,SF,7,0,12.4,1.1,4.1,.276,0.4,2.0,.214,0.7,2.1,.333,.328,0.1,0.3,.500,1.0,9.2,2.9,24.7,3.9,3.9,17.1,0.6,6.3,0.1,0.6,0.4,3.0,1.9,2.9,0.3,6.3,5.4
547,2020,Tyrone Wallace,ATL,SG,14,0,11.4,1.0,3.1,.318,0.1,1.1,.067,0.9,2.1,.448,.330,0.8,1.2,.647,0.2,2.0,1.4,13.0,1.6,1.6,7.4,0.9,10.9,0.5,2.0,0.1,0.5,1.4,2.9,0.7,16.3,3.9
548,2020,Justin Anderson,BRK,SG,10,1,10.7,1.0,3.8,.263,0.6,2.9,.207,0.4,0.9,.444,.342,0.2,0.4,.500,0.1,1.0,2.0,18.9,2.1,2.1,10.2,0.8,10.1,0.0,0.0,0.6,4.7,1.3,2.8,0.4,9.1,3.2
549,2020,Thanasis Antetokounmpo,MIL,SF,20,2,6.5,1.2,2.4,.500,0.0,0.5,.000,1.2,1.9,.632,.500,0.4,0.9,.412,0.6,9.8,0.6,8.7,1.2,1.2,9.2,0.8,16.3,0.4,2.5,0.1,1.4,0.9,2.8,0.6,17.8,12.2
550,2020,John Konchar,MEM,SG,19,0,9.5,1.3,1.9,.649,0.3,0.5,.500,1.0,1.4,.704,.716,0.1,0.1,.500,0.9,10.7,1.5,16.6,2.5,2.5,13.7,1.2,16.2,0.4,1.8,0.2,1.5,0.4,2.8,0.4,15.6,18.0
551,2020,Naz Mitrou-Long,IND,SG,5,0,9.4,1.2,3.4,.353,0.4,2.4,.167,0.8,1.0,.800,.412,0.0,0.0,,0.0,0.0,1.4,16.2,1.4,1.4,8.2,1.6,22.8,0.2,1.0,0.2,1.9,0.4,2.8,0.6,15.0,7.8
552,2020,Joakim Noah,LAC,C,5,0,10.0,0.8,1.6,.500,0.0,0.0,,0.8,1.6,.500,.500,1.2,1.6,.750,1.0,10.7,2.2,22.3,3.2,3.2,16.6,1.4,17.9,0.2,0.9,0.2,1.8,1.8,2.8,1.2,34.2,11.1
553,2020,Chandler Parsons,ATL,PF,5,0,10.8,1.0,3.6,.278,0.8,2.8,.286,0.2,0.8,.250,.389,0.0,0.0,,0.2,2.0,1.2,12.1,1.4,1.4,7.0,0.6,7.5,0.8,3.5,0.2,1.6,0.6,2.8,0.6,14.3,5.6
554,2020,Marial Shayok,PHI,SG,4,0,7.0,0.8,3.0,.250,0.5,1.5,.333,0.3,1.5,.167,.333,0.8,1.0,.750,0.3,3.9,1.5,23.7,1.8,1.8,13.8,0.3,4.8,0.0,0.0,0.3,3.0,1.0,2.8,0.8,17.9,1.4
555,2020,J.R. Smith,LAL,SG,6,0,13.2,1.2,3.7,.318,0.2,1.8,.091,1.0,1.8,.545,.341,0.3,0.3,1.000,0.0,0.0,0.8,6.9,0.8,0.8,3.5,0.5,4.8,0.2,0.6,0.0,0.0,0.8,2.8,0.7,14.9,0.0
556,2020,Jarrod Uthoff,2TM,PF,7,0,7.6,1.0,2.6,.389,0.4,1.3,.333,0.6,1.3,.444,.472,0.3,0.3,1.000,0.3,4.0,0.6,8.6,0.9,0.9,6.1,0.0,0.0,0.1,0.9,0.0,0.0,0.3,2.7,0.0,0.0,8.8
557,2020,Jarrod Uthoff,MEM,PF,4,0,3.5,0.3,1.8,.143,0.0,1.0,.000,0.3,0.8,.333,.143,0.5,0.5,1.000,0.3,7.7,0.0,0.0,0.3,0.3,3.8,0.0,0.0,0.3,3.3,0.0,0.0,0.3,1.0,0.0,0.0,-0.1
558,2020,Jarrod Uthoff,WAS,PF,3,0,13.0,2.0,3.7,.545,1.0,1.7,.600,1.0,2.0,.500,.682,0.0,0.0,,0.3,2.7,1.3,11.7,1.7,1.7,7.0,0.0,0.0,0.0,0.0,0.0,0.0,0.3,5.0,0.0,0.0,12.0
559,2020,Jarrell Brantley,UTA,PF,9,0,10.7,1.1,3.1,.357,0.3,1.4,.231,0.8,1.7,.467,.411,0.1,0.2,.500,0.2,2.4,2.0,19.9,2.2,2.2,11.5,1.2,15.8,0.3,1.5,0.6,4.3,0.8,2.7,0.8,19.5,8.0
560,2020,Deonte Burton,OKC,SF,39,0,9.1,1.1,3.2,.344,0.3,1.4,.189,0.8,1.8,.458,.384,0.2,0.4,.571,0.2,2.2,1.3,15.1,1.5,1.5,8.8,0.4,6.8,0.2,1.0,0.3,2.4,0.9,2.7,0.5,12.7,4.3
561,2020,Ryan Anderson,HOU,C,2,0,7.0,1.0,3.5,.286,0.5,2.5,.200,0.5,1.0,.500,.357,0.0,0.0,,0.0,0.0,3.5,52.9,3.5,3.5,26.2,1.0,20.4,0.5,3.3,0.0,0.0,0.5,2.5,0.5,12.5,9.4
562,2020,Justin James,SAC,SF,36,0,6.4,1.0,2.3,.417,0.3,0.8,.310,0.7,1.5,.473,.470,0.3,0.6,.476,0.2,2.8,0.7,12.9,0.9,0.9,7.8,0.5,11.2,0.2,1.3,0.3,3.7,0.5,2.5,0.2,7.9,11.0
563,2020,Romeo Langford,BOS,SG,32,2,11.6,0.9,2.5,.350,0.2,0.8,.185,0.7,1.7,.434,.381,0.6,0.8,.720,0.5,4.4,0.8,7.4,1.3,1.3,5.9,0.4,4.5,0.3,1.0,0.3,2.0,1.0,2.5,0.3,10.8,5.4
564,2020,Max Strus,CHI,SF,2,0,3.0,1.0,1.5,.667,0.0,0.5,.000,1.0,1.0,1.000,.667,0.5,0.5,1.000,0.5,17.5,0.0,0.0,0.5,0.5,9.2,0.0,0.0,0.0,0.0,0.0,0.0,0.5,2.5,0.0,0.0,30.7
565,2020,Michael Kidd-Gilchrist,2TM,PF,25,0,11.2,0.9,2.6,.333,0.2,0.8,.250,0.7,1.8,.370,.371,0.4,0.6,.786,0.6,5.3,2.1,20.4,2.7,2.7,12.8,0.6,7.1,0.1,0.3,0.2,1.9,1.5,2.4,0.6,18.1,4.2
566,2020,Michael Kidd-Gilchrist,CHO,PF,12,0,13.3,1.5,4.4,.340,0.4,1.4,.294,1.1,3.0,.361,.387,0.6,0.8,.778,0.8,5.9,2.2,18.4,2.9,2.9,11.9,0.8,9.5,0.0,0.0,0.3,1.7,1.5,4.0,0.6,10.9,6.1
567,2020,Michael Kidd-Gilchrist,DAL,PF,13,0,9.3,0.3,1.0,.308,0.0,0.2,.000,0.3,0.8,.400,.308,0.3,0.4,.800,0.4,4.4,2.1,23.1,2.5,2.5,13.9,0.3,4.0,0.2,0.8,0.2,2.1,1.5,0.9,0.7,37.2,1.7
568,2020,Caleb Swanigan,2TM,PF,27,1,10.7,1.0,1.7,.596,0.0,0.1,.000,1.0,1.7,.622,.596,0.3,0.6,.529,1.0,9.9,2.7,26.4,3.7,3.7,18.3,1.1,13.9,0.1,0.5,0.3,2.2,2.3,2.4,1.4,40.4,7.6
569,2020,Caleb Swanigan,SAC,C,7,0,3.3,0.3,0.6,.500,0.0,0.0,,0.3,0.6,.500,.500,0.1,0.3,.500,0.3,9.6,0.7,25.1,1.0,1.0,17.1,0.3,11.5,0.1,2.1,0.3,8.3,1.1,0.7,0.9,55.1,-0.1
570,2020,Caleb Swanigan,POR,PF,20,1,13.3,1.3,2.2,.605,0.0,0.1,.000,1.3,2.1,.634,.605,0.4,0.8,.533,1.3,10.0,3.4,26.5,4.7,4.7,18.3,1.5,14.1,0.1,0.4,0.3,1.6,2.7,3.0,1.6,38.5,8.2
571,2020,Stanley Johnson,TOR,PF,25,0,6.0,0.9,2.4,.373,0.3,1.0,.292,0.6,1.4,.429,.432,0.4,0.6,.563,0.3,5.0,1.2,20.6,1.5,1.5,13.0,0.8,19.4,0.2,1.9,0.2,2.6,0.6,2.4,0.6,18.5,9.9
572,2020,Terance Mann,LAC,SF,41,6,8.8,0.9,1.9,.468,0.2,0.5,.350,0.7,1.4,.508,.513,0.4,0.7,.667,0.2,2.9,1.1,12.6,1.3,1.3,7.9,1.3,19.3,0.3,1.4,0.1,1.2,1.1,2.4,0.4,16.5,10.6
573,2020,Norvel Pelle,PHI,C,24,0,9.7,1.0,2.0,.521,0.0,0.0,.000,1.0,2.0,.532,.521,0.3,0.6,.500,0.8,9.5,2.2,24.8,3.0,3.0,17.1,0.3,4.6,0.1,0.6,1.3,11.4,2.3,2.4,0.8,24.9,10.5
574,2020,Gabe Vincent,MIA,PG,9,0,9.2,0.9,4.1,.216,0.7,3.0,.222,0.2,1.1,.200,.297,0.0,0.0,,0.0,0.0,0.6,6.5,0.6,0.6,3.4,0.7,10.1,0.6,2.9,0.0,0.0,0.7,2.4,0.1,2.6,1.2
575,2020,Dewan Hernandez,TOR,C,6,0,4.7,0.8,2.3,.357,0.2,0.3,.500,0.7,2.0,.333,.393,0.5,0.8,.600,0.8,19.3,1.5,33.2,2.3,2.3,26.4,0.5,16.4,0.2,1.7,0.0,0.0,1.0,2.3,0.5,15.6,12.9
576,2020,Shamorie Ponds,TOR,PG,4,0,2.8,0.8,1.3,.600,0.3,0.5,.500,0.5,0.8,.667,.700,0.5,0.5,1.000,0.0,0.0,0.3,9.4,0.3,0.3,4.8,0.5,32.4,0.0,0.0,0.3,8.9,0.5,2.3,0.0,0.0,33.1
577,2020,Johnathan Motley,LAC,PF,13,0,3.2,0.8,1.2,.733,0.1,0.1,1.000,0.8,1.1,.714,.767,0.4,0.5,.714,0.2,7.8,0.5,17.3,0.8,0.8,12.7,0.6,32.9,0.2,3.5,0.0,0.0,0.5,2.2,0.4,21.7,28.5
578,2020,Thabo Sefolosha,HOU,PF,41,0,10.6,0.9,2.2,.407,0.4,1.3,.278,0.5,0.9,.595,.489,0.1,0.2,.375,0.5,5.0,1.8,17.5,2.3,2.3,11.2,0.6,7.5,0.6,2.5,0.3,2.4,1.0,2.2,0.4,13.7,9.4
579,2020,Wenyen Gabriel,2TM,PF,30,1,7.8,0.7,1.6,.438,0.2,0.7,.300,0.5,0.9,.536,.500,0.5,0.7,.682,0.7,9.5,1.0,13.9,1.7,1.7,11.7,0.3,4.4,0.4,2.2,0.2,2.6,1.3,2.1,0.5,21.7,9.6
580,2020,Wenyen Gabriel,SAC,PF,11,0,5.5,0.5,1.5,.353,0.1,0.7,.125,0.5,0.8,.556,.382,0.5,0.9,.600,0.4,7.2,0.5,11.3,0.9,0.9,9.2,0.3,6.6,0.3,2.4,0.2,3.1,0.6,1.7,0.5,18.9,7.4
581,2020,Wenyen Gabriel,POR,PF,19,1,9.2,0.8,1.6,.484,0.3,0.6,.417,0.5,1.0,.526,.565,0.5,0.6,.750,0.9,10.3,1.3,14.9,2.2,2.2,12.6,0.3,3.6,0.4,2.2,0.3,2.5,1.7,2.3,0.6,23.3,10.3
582,2020,Melvin Frazier,ORL,SG,19,0,6.6,0.8,1.8,.441,0.4,0.8,.500,0.4,0.9,.389,.559,0.1,0.2,.500,0.1,1.7,0.4,7.1,0.5,0.5,4.3,0.2,3.4,0.5,3.5,0.1,1.4,0.6,2.1,0.3,12.3,9.8
583,2020,Michael Frazier,HOU,SG,13,0,11.2,0.5,2.2,.241,0.3,1.8,.174,0.2,0.5,.500,.310,0.7,1.1,.643,0.1,0.7,0.7,6.6,0.8,0.8,3.6,0.2,1.7,0.2,0.6,0.0,0.0,1.7,2.1,0.4,12.5,-0.9
584,2020,Khyri Thomas,DET,SG,8,0,7.6,0.6,2.1,.294,0.6,1.8,.357,0.0,0.4,.000,.441,0.3,0.5,.500,0.1,1.8,0.0,0.0,0.1,0.1,0.9,0.4,6.7,0.4,2.4,0.0,0.0,1.1,2.1,0.4,13.8,3.1
585,2020,Zach Norvell,2TM,SG,5,0,8.2,0.6,2.4,.250,0.6,1.6,.375,0.0,0.8,.000,.375,0.2,0.2,1.000,0.0,0.0,1.2,16.3,1.2,1.2,7.9,0.6,10.2,0.4,2.3,0.0,0.0,0.8,2.0,0.6,19.4,2.6
586,2020,Zach Norvell,LAL,SG,2,0,2.5,0.0,0.5,.000,0.0,0.0,,0.0,0.5,.000,.000,0.0,0.0,,0.0,0.0,0.5,21.6,0.5,0.5,10.9,0.0,0.0,0.0,0.0,0.0,0.0,0.0,0.0,0.0,0.0,-5.6
587,2020,Zach Norvell,GSW,SG,3,0,12.0,1.0,3.7,.273,1.0,2.7,.375,0.0,1.0,.000,.409,0.3,0.3,1.000,0.0,0.0,1.7,15.6,1.7,1.7,7.5,1.0,11.7,0.7,2.7,0.0,0.0,1.3,3.3,1.0,20.8,3.7
588,2020,Derrick Walton,2TM,PG,26,1,9.5,0.7,1.5,.462,0.4,0.9,.417,0.3,0.6,.533,.590,0.3,0.3,.778,0.1,0.9,0.5,5.8,0.6,0.6,3.4,1.0,13.9,0.3,1.4,0.0,0.0,0.8,2.0,0.2,10.4,8.7
589,2020,Derrick Walton,LAC,PG,23,1,9.7,0.7,1.6,.472,0.4,0.9,.429,0.3,0.7,.533,.597,0.3,0.4,.778,0.1,1.0,0.6,5.9,0.7,0.7,3.5,1.0,12.6,0.2,0.9,0.0,0.0,0.8,2.2,0.2,9.1,8.4
590,2020,Derrick Walton,DET,PG,3,0,8.7,0.3,1.0,.333,0.3,1.0,.333,0.0,0.0,,.500,0.0,0.0,,0.0,0.0,0.3,4.4,0.3,0.3,2.2,1.7,24.8,1.0,5.7,0.0,0.0,0.7,1.0,0.3,25.0,11.3
591,2020,Charlie Brown Jr.,ATL,SG,10,0,4.0,0.6,1.9,.316,0.3,0.9,.333,0.3,1.0,.300,.395,0.5,0.5,1.000,0.2,5.3,0.2,5.5,0.4,0.4,5.4,0.2,7.3,0.2,2.3,0.2,4.2,0.3,2.0,0.3,12.4,11.0
592,2020,Alize Johnson,IND,PF,17,1,6.9,0.7,1.7,.414,0.2,0.5,.375,0.5,1.2,.429,.466,0.4,0.6,.700,0.9,15.0,1.9,29.4,2.8,2.8,22.3,0.4,7.7,0.2,1.2,0.1,1.5,0.7,2.0,0.4,17.3,13.3
593,2020,Louis King,DET,SF,10,0,6.2,0.8,2.1,.381,0.4,1.1,.364,0.4,1.0,.400,.476,0.0,0.3,.000,0.1,1.8,0.9,16.7,1.0,1.0,9.2,0.5,11.8,0.2,1.6,0.0,0.0,1.0,2.0,0.2,8.2,6.2
594,2020,Jalen Lecque,PHO,SG,5,0,6.4,0.8,2.0,.400,0.0,0.8,.000,0.8,1.2,.667,.400,0.4,0.4,1.000,0.0,0.0,0.4,7.0,0.4,0.4,3.5,0.4,8.6,0.0,0.0,0.0,0.0,0.6,2.0,0.4,15.5,2.7
595,2020,Malik Newman,CLE,SG,1,0,4.0,0.0,2.0,.000,0.0,1.0,.000,0.0,1.0,.000,.000,2.0,2.0,1.000,0.0,0.0,0.0,0.0,0.0,0.0,0.0,0.0,0.0,0.0,0.0,0.0,0.0,0.0,2.0,1.0,25.8,-11.4
596,2020,Josh Reaves,DAL,SF,4,0,7.0,0.8,2.3,.333,0.0,0.5,.000,0.8,1.8,.429,.333,0.5,0.5,1.000,0.3,3.8,0.5,7.4,0.8,0.8,5.6,0.8,14.2,0.0,0.0,0.0,0.0,1.3,2.0,0.0,0.0,5.8
597,2020,Yuta Watanabe,MEM,SF,18,0,5.8,0.8,1.9,.441,0.2,0.4,.375,0.7,1.4,.462,.485,0.2,0.4,.375,0.4,7.2,0.7,12.8,1.1,1.1,10.0,0.3,6.4,0.3,2.2,0.1,0.8,0.5,2.0,0.1,5.1,11.2
598,2020,Ignas Brazdeikis,NYK,SF,9,0,5.9,0.7,2.4,.273,0.1,1.0,.111,0.6,1.4,.385,.295,0.4,0.6,.800,0.2,3.9,0.3,6.2,0.6,0.6,5.0,0.4,10.6,0.0,0.0,0.1,1.8,0.3,1.9,0.2,7.6,3.2
599,2020,Oshae Brissett,TOR,SF,19,0,7.1,0.7,1.9,.361,0.2,0.8,.200,0.5,1.1,.476,.403,0.4,0.5,.800,0.5,7.2,0.9,13.0,1.4,1.4,10.2,0.4,7.0,0.2,1.4,0.1,0.7,0.9,1.9,0.4,14.8,6.7
600,2020,Vic Law,ORL,PF,8,0,7.8,0.8,2.3,.333,0.1,0.9,.143,0.6,1.4,.455,.361,0.3,0.8,.333,0.3,3.4,1.1,16.2,1.4,1.4,9.6,0.4,6.7,0.3,1.6,0.0,0.0,0.8,1.9,0.3,8.8,3.7
601,2020,Vincent Poirier,BOS,C,22,0,5.9,0.8,1.6,.472,0.0,0.1,.500,0.7,1.5,.471,.486,0.3,0.3,.857,0.6,10.8,1.4,24.4,2.0,2.0,17.7,0.4,8.5,0.1,0.7,0.4,6.4,1.1,1.9,0.4,17.0,12.7
602,2020,Tyler Cook,2TM,PF,13,0,4.2,0.6,0.9,.667,0.0,0.0,,0.6,0.9,.667,.667,0.5,0.6,.875,0.5,12.3,0.6,16.6,1.1,1.1,14.4,0.1,2.9,0.2,2.7,0.0,0.0,0.4,1.8,0.2,16.2,19.4
603,2020,Tyler Cook,CLE,PF,11,0,3.2,0.6,0.9,.700,0.0,0.0,,0.6,0.9,.700,.700,0.5,0.5,.833,0.4,12.6,0.5,19.2,0.9,0.9,15.9,0.1,4.5,0.1,1.4,0.0,0.0,0.4,1.7,0.1,7.3,23.9
604,2020,Tyler Cook,DEN,SF,2,0,9.5,0.5,1.0,.500,0.0,0.0,,0.5,1.0,.500,.500,1.0,1.0,1.000,1.0,11.8,1.0,11.8,2.0,2.0,11.8,0.0,0.0,1.0,5.2,0.0,0.0,0.5,2.0,1.0,41.0,11.3
605,2020,Ed Davis,UTA,C,28,1,10.8,0.8,1.6,.478,0.0,0.0,,0.8,1.6,.478,.478,0.3,0.5,.500,1.3,13.2,2.5,24.6,3.8,3.8,19.1,0.4,5.2,0.4,1.8,0.3,2.5,2.2,1.8,0.5,20.0,9.5
606,2020,Devon Hall,OKC,PG,11,0,7.4,0.5,2.7,.200,0.4,1.5,.235,0.2,1.2,.154,.267,0.4,0.7,.500,0.2,2.8,0.5,6.6,0.6,0.6,4.8,1.2,21.3,0.4,2.4,0.1,1.1,0.5,1.8,0.5,13.0,3.1
607,2020,Justin Patton,OKC,C,5,0,4.8,0.8,2.0,.400,0.2,0.8,.250,0.6,1.2,.500,.450,0.0,0.0,,0.2,4.7,0.8,17.9,1.0,1.0,11.5,0.4,12.6,0.0,0.0,0.0,0.0,0.8,1.8,0.4,16.7,4.7
608,2020,Kevin Hervey,OKC,PF,10,0,5.2,0.7,2.7,.259,0.3,2.0,.150,0.4,0.7,.571,.315,0.0,0.0,,0.1,2.2,1.1,22.7,1.2,1.2,12.7,0.5,13.9,0.1,0.9,0.1,1.7,0.4,1.7,0.0,0.0,5.0
609,2020,Luc Mbah a Moute,HOU,PF,3,0,8.3,0.7,1.7,.400,0.0,0.7,.000,0.7,1.0,.667,.400,0.3,0.7,.500,0.3,4.2,0.3,4.2,0.7,0.7,4.2,0.0,0.0,0.7,3.7,0.0,0.0,0.0,1.7,0.3,14.5,6.4
610,2020,Juwan Morgan,UTA,PF,21,0,6.4,0.7,1.2,.577,0.1,0.4,.375,0.6,0.9,.667,.635,0.1,0.2,.750,0.5,8.5,0.9,15.1,1.4,1.4,11.9,0.3,6.2,0.0,0.4,0.1,1.2,0.9,1.7,0.3,17.8,10.1
611,2020,Chasson Randle,GSW,PG,3,0,13.3,0.0,1.3,.000,0.0,0.7,.000,0.0,0.7,.000,.000,1.7,2.0,.833,0.0,0.0,0.7,5.6,0.7,0.7,2.7,1.7,15.7,0.7,2.4,0.0,0.0,1.0,1.7,0.0,0.0,6.7
612,2020,Dean Wade,CLE,PF,12,0,5.9,0.8,1.1,.692,0.2,0.3,.500,0.6,0.8,.778,.769,0.0,0.1,.000,0.3,4.6,1.3,25.3,1.6,1.6,14.9,0.2,4.0,0.2,1.4,0.3,4.8,0.7,1.7,0.3,18.2,13.9
613,2020,Jared Dudley,LAL,PF,45,1,8.1,0.5,1.3,.400,0.4,0.9,.429,0.1,0.4,.333,.550,0.0,0.0,1.000,0.1,1.8,1.0,13.7,1.2,1.2,7.8,0.6,9.5,0.3,2.0,0.1,0.7,0.9,1.5,0.2,11.6,7.8
614,2020,Josh Magette,ORL,PG,8,0,4.8,0.6,1.9,.333,0.1,0.5,.250,0.5,1.4,.364,.367,0.1,0.3,.500,0.1,2.7,0.6,14.6,0.8,0.8,8.5,0.6,19.2,0.4,3.8,0.1,2.4,0.5,1.5,0.6,23.9,5.1
615,2020,Jonah Bolden,2TM,C,7,0,6.7,0.6,1.6,.364,0.0,0.6,.000,0.6,1.0,.571,.364,0.3,0.6,.500,0.4,7.0,0.9,14.3,1.3,1.3,10.6,0.0,0.0,0.4,3.0,0.3,3.7,1.4,1.4,0.3,13.6,4.9
616,2020,Jonah Bolden,PHI,C,4,0,3.5,0.5,0.8,.667,0.0,0.3,.000,0.5,0.5,1.000,.667,0.0,0.5,.000,0.0,0.0,0.3,7.9,0.3,0.3,3.9,0.0,0.0,0.3,3.5,0.0,0.0,1.0,1.0,0.5,34.0,-2.0
617,2020,Jonah Bolden,PHO,C,3,0,11.0,0.7,2.7,.250,0.0,1.0,.000,0.7,1.7,.400,.250,0.7,0.7,1.000,1.0,10.0,1.7,17.0,2.7,2.7,13.5,0.0,0.0,0.7,2.9,0.7,5.3,2.0,2.0,0.0,0.0,7.9
618,2020,Kostas Antetokounmpo,LAL,PF,5,0,4.0,0.6,0.6,1.000,0.0,0.0,,0.6,0.6,1.000,1.000,0.2,0.4,.500,0.4,11.1,0.2,5.4,0.6,0.6,8.2,0.4,13.7,0.0,0.0,0.0,0.0,0.4,1.4,0.2,20.5,16.3
619,2020,KZ Okpala,MIA,PF,5,0,5.2,0.6,1.0,.600,0.0,0.2,.000,0.6,0.8,.750,.600,0.2,0.4,.500,0.2,4.5,0.8,16.6,1.0,1.0,10.8,0.2,5.5,0.4,3.8,0.2,3.8,0.4,1.4,0.2,14.5,13.7
620,2020,Justin Robinson,WAS,PG,9,0,5.4,0.6,1.3,.417,0.3,0.6,.600,0.2,0.8,.286,.542,0.0,0.0,,0.1,2.1,0.4,9.3,0.6,0.6,5.6,0.8,18.8,0.0,0.0,0.1,1.8,0.2,1.4,0.3,20.0,8.2
621,2020,Nigel Williams-Goss,UTA,PG,10,0,5.0,0.5,1.6,.313,0.2,0.7,.286,0.3,0.9,.333,.375,0.2,0.2,1.000,0.2,4.6,0.4,8.5,0.6,0.6,6.6,0.6,16.4,0.3,2.9,0.1,1.7,0.6,1.4,0.3,15.1,8.1
622,2020,Tyson Chandler,HOU,C,26,5,8.4,0.5,0.7,.778,0.0,0.0,,0.5,0.7,.778,.778,0.2,0.5,.462,1.0,11.8,1.6,19.8,2.5,2.5,15.8,0.2,3.5,0.2,1.3,0.3,3.1,1.2,1.3,0.3,25.2,10.8
623,2020,Kyle Guy,SAC,SG,3,0,3.3,0.7,1.7,.400,0.0,1.0,.000,0.7,0.7,1.000,.400,0.0,0.0,,0.0,0.0,0.3,11.5,0.3,0.3,5.6,0.3,15.6,0.0,0.0,0.0,0.0,0.3,1.3,0.0,0.0,6.6
624,2020,Malcolm Miller,TOR,SF,28,1,5.8,0.4,1.0,.414,0.3,0.8,.364,0.1,0.3,.571,.552,0.1,0.3,.375,0.1,1.3,0.5,8.9,0.6,0.6,5.2,0.4,8.9,0.2,1.5,0.1,1.2,0.6,1.3,0.1,11.0,6.7
625,2020,Tariq Owens,PHO,PF,3,0,5.0,0.3,1.7,.200,0.0,0.7,.000,0.3,1.0,.333,.200,0.7,0.7,1.000,0.7,14.6,0.3,7.5,1.0,1.0,11.1,0.0,0.0,0.3,3.2,0.0,0.0,0.3,1.3,0.0,0.0,8.4
626,2020,Jordan Bone,DET,PG,10,0,5.3,0.5,2.0,.250,0.2,1.0,.200,0.3,1.0,.300,.300,0.0,0.0,,0.0,0.0,0.4,8.7,0.4,0.4,4.3,0.8,21.0,0.1,0.9,0.0,0.0,0.6,1.2,0.2,9.1,0.8
627,2020,Moses Brown,POR,C,9,0,3.7,0.4,1.1,.400,0.0,0.0,,0.4,1.1,.400,.400,0.3,0.9,.375,0.3,9.6,1.2,34.5,1.6,1.6,22.2,0.1,4.0,0.1,1.4,0.1,2.6,0.8,1.2,0.3,18.2,6.7
628,2020,Vlatko Čančar,DEN,PF,14,0,3.2,0.4,1.1,.400,0.1,0.4,.167,0.4,0.6,.556,.433,0.3,0.3,1.000,0.4,12.5,0.4,12.4,0.7,0.7,12.4,0.2,9.1,0.1,1.1,0.1,2.1,0.5,1.2,0.2,15.2,11.4
629,2020,Zhaire Smith,PHI,SF,7,0,4.6,0.4,1.6,.273,0.0,0.4,.000,0.4,1.1,.375,.273,0.3,0.6,.500,0.0,0.0,0.3,6.9,0.3,0.3,3.5,0.3,8.2,0.4,4.5,0.0,0.0,0.6,1.1,0.3,13.6,1.1
630,2020,Jarred Vanderbilt,2TM,PF,11,0,4.2,0.5,0.7,.625,0.0,0.1,.000,0.5,0.6,.714,.625,0.2,0.2,1.000,0.3,7.3,0.5,14.5,0.8,0.8,10.9,0.2,5.9,0.3,3.2,0.1,2.0,0.5,1.1,0.6,44.1,7.6
631,2020,Jarred Vanderbilt,DEN,PF,9,0,4.6,0.6,0.8,.714,0.0,0.0,,0.6,0.8,.714,.714,0.0,0.0,,0.3,8.2,0.6,13.6,0.9,0.9,10.9,0.2,6.6,0.3,3.6,0.1,2.3,0.7,1.1,0.8,50.0,7.2
632,2020,Jarred Vanderbilt,MIN,PF,2,0,2.5,0.0,0.5,.000,0.0,0.5,.000,0.0,0.0,,.000,1.0,1.0,1.000,0.0,0.0,0.5,21.9,0.5,0.5,10.6,0.0,0.0,0.0,0.0,0.0,0.0,0.0,1.0,0.0,0.0,11.1
633,2020,Quinndary Weatherspoon,SAS,SG,11,0,7.1,0.5,1.5,.294,0.1,0.5,.200,0.4,1.1,.333,.324,0.1,0.2,.500,0.1,1.4,0.5,8.3,0.6,0.6,4.8,1.0,17.5,0.3,1.8,0.1,1.1,0.7,1.1,0.5,21.9,3.2
634,2020,Kyle Alexander,MIA,C,2,0,6.5,0.5,1.0,.500,0.0,0.0,,0.5,1.0,.500,.500,0.0,0.0,,1.0,17.9,0.5,8.3,1.5,1.5,12.9,0.0,0.0,0.0,0.0,0.0,0.0,0.5,1.0,0.5,33.3,4.7
635,2020,Brian Bowen,IND,SF,6,1,5.2,0.5,1.7,.300,0.0,0.3,.000,0.5,1.3,.375,.300,0.0,0.0,,0.2,3.6,1.0,21.0,1.2,1.2,12.4,0.0,0.0,0.0,0.0,0.2,2.8,0.5,1.0,0.2,9.1,0.1
636,2020,Corey Brewer,SAC,PF,5,0,6.6,0.4,0.8,.500,0.0,0.2,.000,0.4,0.6,.667,.500,0.2,0.6,.333,0.4,6.7,1.2,21.0,1.6,1.6,13.6,0.4,7.7,0.8,5.9,0.0,0.0,1.4,1.0,0.4,27.3,8.7
637,2020,Antonius Cleveland,DAL,SG,11,0,4.2,0.4,1.3,.286,0.0,0.3,.000,0.4,1.0,.364,.286,0.3,0.5,.600,0.2,4.6,0.5,11.3,0.6,0.6,8.0,0.1,2.8,0.1,1.1,0.3,5.6,0.7,1.0,0.2,11.0,2.5
638,2020,Josh Gray,NOP,PG,2,0,11.5,0.5,1.0,.500,0.0,0.0,,0.5,1.0,.500,.500,0.0,0.0,,0.5,4.6,0.5,4.6,1.0,1.0,4.6,1.0,10.4,0.0,0.0,0.0,0.0,0.5,1.0,2.5,71.4,-5.0
639,2020,Tyler Zeller,SAS,C,2,0,2.0,0.5,2.0,.250,0.0,0.0,,0.5,2.0,.250,.250,0.0,0.0,,1.5,80.9,0.5,26.9,2.0,2.0,53.9,0.0,0.0,0.0,0.0,0.0,0.0,0.0,1.0,0.0,0.0,22.4
640,2020,Amile Jefferson,ORL,PF,18,0,4.1,0.3,0.8,.357,0.0,0.0,,0.3,0.8,.357,.357,0.3,0.8,.357,0.6,14.1,0.7,19.5,1.3,1.3,16.7,0.2,7.2,0.1,0.7,0.2,3.7,0.4,0.8,0.2,13.0,8.9
641,2020,Daryl Macon,MIA,PG,4,0,3.5,0.3,0.8,.333,0.3,0.5,.500,0.0,0.3,.000,.500,0.0,0.0,,0.0,0.0,0.0,0.0,0.0,0.0,0.0,0.3,9.7,0.0,0.0,0.0,0.0,0.3,0.8,0.5,40.0,-3.1
642,2020,Jared Harper,PHO,PG,3,0,2.7,0.3,1.3,.250,0.0,0.7,.000,0.3,0.7,.500,.250,0.0,0.0,,0.0,0.0,0.0,0.0,0.0,0.0,0.0,0.0,0.0,0.0,0.0,0.0,0.0,0.0,0.7,0.0,0.0,-5.3
643,2020,Joe Chealey,CHO,PG,4,0,8.3,0.0,1.8,.000,0.0,1.0,.000,0.0,0.8,.000,.000,0.5,0.5,1.000,0.0,0.0,0.0,0.0,0.0,0.0,0.0,0.3,3.9,1.0,6.1,0.0,0.0,0.5,0.5,0.5,20.2,-2.9
644,2020,Matt Mooney,CLE,SG,4,0,4.8,0.3,1.0,.250,0.0,0.5,.000,0.3,0.5,.500,.250,0.0,0.0,,0.0,0.0,0.8,17.7,0.8,0.8,8.8,0.3,6.7,0.5,5.1,0.3,4.5,0.3,0.5,0.0,0.0,8.1
645,2020,Henry Ellenson,BRK,C,5,0,3.0,0.2,1.4,.143,0.0,0.8,.000,0.2,0.6,.333,.143,0.0,0.0,,0.4,14.1,0.8,27.0,1.2,1.2,20.7,0.2,8.7,0.0,0.0,0.0,0.0,0.2,0.4,0.0,0.0,-1.3
646,2020,Marques Bolden,CLE,C,1,0,3.0,0.0,0.0,,0.0,0.0,,0.0,0.0,,,0.0,0.0,,0.0,0.0,2.0,74.7,2.0,2.0,37.0,0.0,0.0,1.0,16.2,0.0,0.0,1.0,0.0,0.0,,19.8
647,2020,William Howard,HOU,PF,2,0,6.5,0.0,2.0,.000,0.0,2.0,.000,0.0,0.0,,.000,0.0,0.0,,0.0,0.0,1.0,16.3,1.0,1.0,8.1,0.5,9.1,0.0,0.0,0.0,0.0,0.5,0.0,0.5,20.0,-12.7
648,2020,Stanton Kidd,UTA,SG,4,0,3.8,0.0,0.8,.000,0.0,0.3,.000,0.0,0.5,.000,.000,0.0,0.0,,0.0,0.0,0.8,21.3,0.8,0.8,11.0,0.3,8.0,0.0,0.0,0.0,0.0,0.8,0.0,0.5,40.0,-13.7
649,2020,J.P. Macura,CLE,SG,1,0,1.0,0.0,0.0,,0.0,0.0,,0.0,0.0,,,0.0,0.0,,0.0,0.0,0.0,0.0,0.0,0.0,0.0,0.0,0.0,0.0,0.0,0.0,0.0,0.0,0.0,0.0,,0.0
650,2020,Isaiah Roby,OKC,PF,3,0,3.7,0.0,0.3,.000,0.0,0.0,,0.0,0.3,.000,.000,0.0,0.0,,0.0,0.0,0.7,19.5,0.7,0.7,10.0,0.0,0.0,0.0,0.0,0.0,0.0,0.3,0.0,0.3,50.0,-7.7
651,2021,Stephen Curry,GSW,PG,63,63,34.2,10.4,21.7,.482,5.3,12.7,.421,5.1,9.0,.569,.605,5.7,6.3,.916,0.5,1.5,5.0,15.4,5.5,5.5,8.5,5.8,30.5,1.2,1.7,0.1,0.3,1.9,32.0,3.4,12.2,26.3
652,2021,Bradley Beal,WAS,SG,60,60,35.8,11.2,23.0,.485,2.2,6.2,.349,9.0,16.8,.535,.532,6.8,7.7,.889,1.2,3.6,3.5,10.4,4.7,4.7,7.0,4.4,21.3,1.2,1.5,0.4,0.9,2.3,31.3,3.1,10.6,22.7
653,2021,Damian Lillard,POR,PG,67,67,35.8,9.0,19.9,.451,4.1,10.5,.391,4.9,9.4,.519,.554,6.7,7.2,.928,0.5,1.4,3.7,11.5,4.2,4.2,6.3,7.5,34.6,0.9,1.3,0.3,0.6,1.5,28.8,3.0,11.6,25.6
654,2021,Joel Embiid,PHI,C,51,51,31.1,9.0,17.6,.513,1.1,3.0,.377,7.9,14.6,.541,.545,9.2,10.7,.859,2.2,8.0,8.4,29.1,10.6,10.6,18.7,2.8,16.2,1.0,1.5,1.4,3.9,2.4,28.5,3.1,12.2,30.3
655,2021,Giannis Antetokounmpo,MIL,PF,61,61,33.0,10.3,18.0,.569,1.1,3.6,.303,9.2,14.4,.636,.600,6.5,9.5,.685,1.6,5.3,9.4,28.9,11.0,11.0,17.5,5.9,28.7,1.2,1.7,1.2,3.2,2.8,28.1,3.4,13.2,29.2
656,2021,Luka Dončić,DAL,PG,66,66,34.3,9.8,20.5,.479,2.9,8.3,.350,6.9,12.2,.567,.550,5.2,7.1,.730,0.8,2.7,7.2,22.9,8.0,8.0,12.8,8.6,44.1,1.0,1.4,0.5,1.5,2.3,27.7,4.3,15.3,25.3
657,2021,Zach LaVine,CHI,SG,58,58,35.1,9.8,19.4,.507,3.4,8.2,.419,6.4,11.1,.571,.596,4.4,5.1,.849,0.6,2.0,4.4,13.6,5.0,5.0,7.9,4.9,23.4,0.8,1.1,0.5,1.2,2.4,27.4,3.5,13.9,21.5
658,2021,Zion Williamson,NOP,PF,61,61,33.2,10.4,17.0,.611,0.2,0.6,.294,10.2,16.4,.622,.616,6.0,8.7,.698,2.7,8.9,4.5,14.7,7.2,7.2,11.8,3.7,19.7,0.9,1.3,0.6,1.8,2.2,27.0,2.7,11.6,27.1
659,2021,Kevin Durant,BRK,PF,35,32,33.1,9.3,17.2,.537,2.4,5.4,.450,6.8,11.8,.577,.608,6.0,6.8,.882,0.4,1.3,6.7,21.3,7.1,7.1,11.8,5.6,27.5,0.7,1.0,1.3,3.4,2.0,26.9,3.4,14.5,26.4
660,2021,Kyrie Irving,BRK,PG,54,54,34.9,10.2,20.1,.506,2.8,7.0,.402,7.4,13.1,.561,.576,3.7,4.0,.922,1.0,3.2,3.8,11.4,4.8,4.8,7.5,6.0,28.6,1.4,1.9,0.7,1.7,2.6,26.9,2.4,9.9,24.4
661,2021,Nikola Jokić,DEN,C,72,72,34.6,10.2,18.0,.566,1.3,3.3,.388,8.9,14.7,.606,.602,4.8,5.5,.868,2.8,9.4,8.0,26.1,10.8,10.8,17.8,8.3,40.4,1.3,1.9,0.7,1.9,2.7,26.4,3.1,13.1,31.3
662,2021,Donovan Mitchell,UTA,PG,53,53,33.4,9.0,20.6,.438,3.4,8.7,.386,5.7,11.9,.476,.520,5.0,6.0,.845,0.9,3.1,3.5,10.6,4.4,4.4,7.0,5.2,26.7,1.0,1.4,0.3,0.7,2.2,26.4,2.8,10.7,21.3
663,2021,Jayson Tatum,BOS,SF,64,64,35.8,9.5,20.6,.459,2.9,7.6,.386,6.5,13.0,.502,.530,4.6,5.3,.868,0.8,2.4,6.6,20.7,7.4,7.4,11.5,4.3,20.3,1.2,1.6,0.5,1.3,1.9,26.4,2.7,10.4,21.3
664,2021,Devin Booker,PHO,SG,67,67,33.9,9.3,19.2,.484,1.9,5.5,.340,7.4,13.7,.543,.533,5.1,5.9,.867,0.5,1.7,3.7,12.1,4.2,4.2,7.0,4.3,20.6,0.8,1.2,0.2,0.6,2.7,25.6,3.1,12.4,19.2
665,2021,Trae Young,ATL,PG,63,63,33.7,7.7,17.7,.438,2.2,6.3,.343,5.6,11.3,.491,.499,7.7,8.7,.886,0.6,2.0,3.3,10.5,3.9,3.9,6.3,9.4,45.5,0.8,1.2,0.2,0.5,1.8,25.3,4.1,16.2,23.0
666,2021,De'Aaron Fox,SAC,PG,58,58,35.1,9.1,19.1,.477,1.8,5.5,.322,7.3,13.6,.539,.523,5.2,7.2,.719,0.6,1.8,2.9,9.4,3.5,3.5,5.5,7.2,32.7,1.5,2.1,0.5,1.1,2.9,25.2,3.0,11.9,20.7
667,2021,LeBron James,LAL,PG,45,45,33.4,9.4,18.3,.513,2.3,6.3,.365,7.1,12.0,.591,.576,4.0,5.7,.698,0.6,2.2,7.0,23.6,7.7,7.7,12.9,7.8,41.8,1.1,1.6,0.6,1.5,1.6,25.0,3.7,15.2,24.2
668,2021,Kawhi Leonard,LAC,SF,52,52,34.1,8.9,17.5,.512,1.9,4.9,.398,7.0,12.6,.557,.568,5.0,5.7,.885,1.1,3.6,5.4,17.4,6.5,6.5,10.7,5.2,24.9,1.6,2.3,0.4,1.1,1.6,24.8,2.0,9.2,26.0
669,2021,Karl-Anthony Towns,MIN,C,50,50,33.8,8.5,17.5,.486,2.4,6.3,.387,6.1,11.2,.541,.555,5.3,6.2,.859,2.7,8.2,7.9,26.4,10.6,10.6,17.0,4.5,22.6,0.8,1.1,1.1,2.9,3.7,24.8,3.2,13.7,23.1
670,2021,Jaylen Brown,BOS,SG,58,58,34.5,9.3,19.2,.484,2.8,7.1,.397,6.5,12.1,.536,.558,3.3,4.3,.764,1.2,3.9,4.8,15.5,6.0,6.0,9.7,3.4,16.5,1.2,1.8,0.6,1.5,2.9,24.7,2.7,11.5,19.9
671,2021,James Harden,2TM,PG,44,43,36.6,7.8,16.7,.466,2.8,7.6,.362,5.0,9.1,.553,.548,6.3,7.3,.861,0.8,2.5,7.1,20.6,7.9,7.9,11.9,10.8,44.4,1.2,1.6,0.8,1.8,2.3,24.6,4.0,16.8,24.5
672,2021,James Harden,HOU,PG,8,8,36.3,7.5,16.9,.444,3.1,9.0,.347,4.4,7.9,.556,.537,6.6,7.5,.883,0.6,1.8,4.5,13.8,5.1,5.1,7.5,10.4,46.9,0.9,1.1,0.8,1.8,1.8,24.8,4.3,17.4,22.4
673,2021,James Harden,BRK,PG,36,35,36.6,7.8,16.6,.471,2.7,7.3,.366,5.2,9.4,.552,.551,6.3,7.3,.856,0.8,2.6,7.7,22.1,8.5,8.5,12.9,10.9,43.8,1.3,1.7,0.8,1.8,2.4,24.6,4.0,16.7,25.0
674,2021,Collin Sexton,CLE,SG,60,60,35.3,8.8,18.4,.475,1.6,4.4,.371,7.1,14.0,.508,.519,5.2,6.4,.815,1.0,3.0,2.2,7.0,3.1,3.1,4.9,4.4,22.6,1.0,1.4,0.2,0.4,2.6,24.3,2.8,11.6,18.0
675,2021,Julius Randle,NYK,PF,71,71,37.6,8.5,18.6,.456,2.3,5.5,.411,6.2,13.1,.474,.516,4.9,6.0,.811,1.2,3.5,9.0,25.7,10.2,10.2,14.7,6.0,27.2,0.9,1.2,0.3,0.6,3.2,24.1,3.4,13.8,19.7
676,2021,Brandon Ingram,NOP,SF,61,61,34.3,8.4,18.0,.466,2.3,6.1,.381,6.1,11.9,.510,.531,4.6,5.2,.878,0.6,1.8,4.3,13.7,4.9,4.9,7.8,4.9,22.4,0.7,1.0,0.6,1.6,2.0,23.8,2.5,11.0,19.2
677,2021,Shai Gilgeous-Alexander,OKC,SG,35,35,33.7,8.2,16.1,.508,2.0,4.9,.418,6.2,11.3,.547,.571,5.3,6.5,.808,0.5,1.7,4.2,13.1,4.7,4.7,7.3,5.9,31.2,0.8,1.1,0.7,1.7,2.0,23.7,3.0,13.7,21.6
678,2021,Nikola Vučević,2TM,C,70,70,33.5,9.5,19.9,.477,2.5,6.3,.400,7.0,13.7,.513,.540,1.9,2.2,.840,2.1,6.5,9.6,30.9,11.7,11.7,18.5,3.8,21.3,0.9,1.3,0.7,1.8,2.0,23.4,1.8,7.9,22.9
679,2021,Nikola Vučević,ORL,C,44,44,34.1,9.9,20.6,.480,2.7,6.5,.406,7.3,14.1,.515,.545,2.1,2.5,.827,2.0,5.8,9.8,30.8,11.8,11.8,17.9,3.8,22.1,1.0,1.4,0.6,1.7,1.8,24.5,1.9,8.0,23.5
680,2021,Nikola Vučević,CHI,C,26,26,32.6,8.8,18.8,.471,2.3,5.8,.388,6.6,12.9,.509,.532,1.5,1.8,.870,2.3,7.8,9.3,31.2,11.5,11.5,19.6,3.9,20.0,0.9,1.3,0.8,2.1,2.2,21.5,1.7,7.8,21.8
681,2021,Paul George,LAC,SF,54,54,33.7,8.2,17.6,.467,3.2,7.7,.411,5.1,9.9,.510,.557,3.7,4.2,.868,0.8,2.9,5.8,18.9,6.6,6.6,11.1,5.2,24.6,1.1,1.7,0.4,1.2,2.4,23.3,3.3,14.5,20.5
682,2021,CJ McCollum,POR,SG,47,47,34.0,8.6,18.8,.458,3.6,8.9,.402,5.0,9.9,.509,.554,2.3,2.8,.812,0.6,2.0,3.3,10.6,3.9,3.9,6.2,4.7,23.0,0.9,1.3,0.4,1.2,1.9,23.1,1.4,6.5,20.8
683,2021,Jerami Grant,DET,SF,54,54,33.9,7.4,17.3,.429,2.1,6.1,.350,5.3,11.2,.473,.491,5.4,6.4,.845,0.6,2.1,4.0,13.2,4.6,4.6,7.6,2.8,14.3,0.6,0.9,1.1,2.8,2.3,22.3,2.0,9.1,16.9
684,2021,Russell Westbrook,WAS,PG,65,65,36.4,8.4,19.0,.439,1.3,4.2,.315,7.0,14.8,.475,.474,4.2,6.4,.656,1.7,4.9,9.9,28.6,11.5,11.5,16.8,11.7,48.6,1.4,1.7,0.4,0.8,2.9,22.2,4.8,18.0,19.5
685,2021,Anthony Davis,LAL,PF,36,36,32.3,8.4,17.0,.491,0.7,2.8,.260,7.6,14.3,.536,.512,4.4,5.9,.738,1.7,6.0,6.2,21.5,7.9,7.9,13.8,3.1,16.4,1.3,1.9,1.6,4.5,1.7,21.8,2.1,9.5,22.1
686,2021,DeMar DeRozan,SAS,PF,61,61,33.7,7.5,15.1,.495,0.3,1.2,.257,7.1,13.9,.515,.505,6.3,7.2,.880,0.7,2.0,3.6,11.6,4.2,4.2,6.7,6.9,32.0,0.9,1.3,0.2,0.6,2.1,21.6,2.0,9.7,22.0
687,2021,Jimmy Butler,MIA,SF,52,52,33.6,7.0,14.2,.497,0.5,2.0,.245,6.6,12.2,.538,.514,6.9,8.0,.863,1.8,6.3,5.1,17.1,6.9,6.9,11.8,7.1,35.1,2.1,3.1,0.3,1.1,1.4,21.5,2.1,10.6,26.5
688,2021,Pascal Siakam,TOR,PF,56,56,35.8,7.8,17.2,.455,1.3,4.4,.297,6.5,12.8,.509,.493,4.4,5.4,.827,1.7,5.0,5.5,17.6,7.2,7.2,11.1,4.5,20.5,1.1,1.5,0.7,1.8,3.1,21.4,2.3,10.6,17.7
689,2021,Malcolm Brogdon,IND,PG,56,56,34.5,7.9,17.5,.453,2.6,6.7,.388,5.3,10.8,.493,.527,2.7,3.2,.864,1.0,3.3,4.2,13.2,5.3,5.3,8.3,5.9,25.7,0.9,1.2,0.3,0.6,2.0,21.2,2.1,9.8,17.9
690,2021,Jamal Murray,DEN,PG,48,48,35.5,7.9,16.5,.477,2.7,6.6,.408,5.2,9.9,.523,.559,2.8,3.2,.869,0.8,2.5,3.3,10.4,4.0,4.0,6.5,4.8,20.3,1.3,1.9,0.3,0.7,2.0,21.2,2.3,11.2,18.3
691,2021,Christian Wood,HOU,C,41,41,32.3,8.0,15.6,.514,1.9,5.0,.374,6.1,10.6,.581,.574,3.0,4.8,.631,1.9,5.9,7.8,26.8,9.6,9.6,15.9,1.7,9.4,0.8,1.2,1.2,3.2,2.1,21.0,2.0,9.9,20.0
692,2021,John Wall,HOU,PG,40,40,32.2,7.3,18.2,.404,2.0,6.2,.317,5.4,11.9,.449,.458,4.0,5.3,.749,0.4,1.3,2.8,9.7,3.2,3.2,5.3,6.9,36.2,1.1,1.5,0.8,2.1,1.2,20.6,3.5,14.7,15.4
693,2021,Khris Middleton,MIL,SF,68,68,33.4,7.5,15.8,.476,2.2,5.4,.414,5.3,10.4,.508,.546,3.1,3.5,.898,0.8,2.6,5.2,15.7,6.0,6.0,9.4,5.4,23.2,1.1,1.5,0.1,0.4,2.4,20.4,2.6,13.1,18.2
694,2021,Terry Rozier,CHO,SG,69,69,34.5,7.4,16.4,.450,3.2,8.3,.389,4.2,8.2,.512,.548,2.4,2.9,.817,0.7,2.1,3.7,11.8,4.4,4.4,6.9,4.2,20.0,1.3,1.8,0.4,1.1,1.7,20.4,1.9,9.5,17.1
695,2021,Domantas Sabonis,IND,PF,62,62,36.0,7.8,14.6,.535,0.8,2.6,.321,7.0,12.0,.582,.564,3.9,5.3,.732,2.4,7.3,9.5,28.6,12.0,12.0,18.0,6.7,27.5,1.2,1.6,0.5,1.2,3.3,20.3,3.4,16.9,20.6
696,2021,Caris LeVert,2TM,SG,47,39,31.6,7.6,17.3,.441,1.8,5.5,.326,5.9,11.8,.495,.493,3.1,3.8,.811,0.7,2.5,3.9,13.1,4.6,4.6,7.8,5.2,25.4,1.4,2.1,0.6,1.7,2.2,20.2,2.2,10.2,17.8
697,2021,Caris LeVert,BRK,SG,12,4,27.8,7.3,16.7,.435,1.8,5.3,.349,5.4,11.4,.474,.490,2.2,2.8,.765,0.8,3.5,3.5,13.2,4.3,4.3,8.6,6.0,34.1,1.1,1.9,0.5,1.6,1.7,18.5,2.2,10.8,19.1
698,2021,Caris LeVert,IND,SG,35,35,32.9,7.8,17.5,.443,1.8,5.6,.318,6.0,12.0,.501,.493,3.4,4.2,.822,0.7,2.2,4.0,13.0,4.6,4.6,7.6,4.9,22.9,1.5,2.2,0.7,1.7,2.4,20.7,2.2,10.1,17.4
699,2021,Kristaps Porziņģis,DAL,C,43,43,30.9,7.6,15.9,.476,2.3,6.0,.376,5.3,9.9,.536,.547,2.7,3.2,.855,1.9,6.9,7.0,24.6,8.9,8.9,15.8,1.6,8.4,0.5,0.7,1.3,4.1,2.7,20.1,1.2,6.4,21.3
700,2021,Victor Oladipo,3TM,SG,33,33,32.7,7.1,17.5,.408,2.4,7.2,.326,4.8,10.2,.466,.476,3.2,4.2,.754,0.4,1.2,4.5,15.1,4.8,4.8,8.0,4.6,22.8,1.4,2.0,0.4,1.2,2.5,19.8,2.5,11.5,14.3
701,2021,Victor Oladipo,IND,SG,9,9,33.3,7.1,16.9,.421,2.8,7.7,.362,4.3,9.2,.470,.503,3.0,4.1,.730,0.1,0.4,5.6,18.0,5.7,5.7,9.2,4.2,18.7,1.7,2.4,0.2,0.5,2.6,20.0,2.0,9.7,15.5
702,2021,Victor Oladipo,HOU,SG,20,20,33.5,7.8,19.1,.407,2.5,7.7,.320,5.3,11.4,.465,.471,3.3,4.2,.783,0.4,1.2,4.4,14.5,4.8,4.8,7.6,5.0,25.3,1.2,1.7,0.5,1.3,2.3,21.2,2.6,10.9,14.9
703,2021,Victor Oladipo,MIA,SG,4,4,27.8,4.0,10.8,.372,1.0,4.3,.235,3.0,6.5,.462,.419,3.0,4.5,.667,0.8,3.1,2.8,11.1,3.5,3.5,7.2,3.5,18.9,1.8,3.1,0.5,1.9,3.3,12.0,3.5,21.6,8.1
704,2021,Malik Beasley,MIN,SG,37,36,32.8,7.1,16.2,.440,3.5,8.7,.399,3.7,7.5,.487,.547,1.8,2.2,.850,0.8,2.4,3.6,12.4,4.4,4.4,7.2,2.4,11.6,0.8,1.2,0.2,0.5,1.7,19.6,1.6,8.6,14.6
705,2021,Gordon Hayward,CHO,SF,44,44,34.0,7.1,15.0,.473,1.9,4.7,.415,5.1,10.3,.499,.537,3.5,4.2,.843,0.8,2.6,5.0,16.3,5.9,5.9,9.3,4.1,19.5,1.2,1.7,0.3,0.9,1.7,19.6,2.1,11.0,17.6
706,2021,Fred VanVleet,TOR,SG,52,52,36.5,6.5,16.7,.389,3.3,9.2,.366,3.2,7.6,.416,.489,3.3,3.7,.885,0.6,1.8,3.6,11.3,4.2,4.2,6.4,6.3,26.7,1.7,2.2,0.7,2.0,2.3,19.6,1.8,9.1,16.8
707,2021,Tobias Harris,PHI,PF,62,62,32.5,7.6,14.9,.512,1.3,3.4,.394,6.3,11.5,.546,.556,2.9,3.3,.892,1.0,3.5,5.8,19.2,6.8,6.8,11.4,3.5,17.6,0.9,1.3,0.8,2.3,1.9,19.5,1.7,9.5,20.0
708,2021,Anthony Edwards,MIN,SG,72,55,32.1,7.0,16.8,.417,2.4,7.2,.329,4.6,9.6,.483,.488,2.9,3.8,.776,0.8,2.7,3.8,13.5,4.7,4.7,7.9,2.9,14.6,1.1,1.7,0.5,1.3,1.8,19.3,2.2,10.7,13.9
709,2021,Kemba Walker,BOS,PG,43,43,31.8,6.6,15.7,.420,3.0,8.2,.360,3.7,7.5,.486,.514,3.1,3.5,.899,0.4,1.3,3.6,12.6,4.0,4.0,6.9,4.9,23.8,1.1,1.7,0.3,0.8,1.4,19.3,2.0,10.6,17.7
710,2021,Ja Morant,MEM,PG,63,63,32.6,6.8,15.2,.449,1.2,3.8,.303,5.7,11.4,.499,.487,4.3,5.9,.728,0.9,3.0,3.1,10.1,4.0,4.0,6.5,7.4,33.5,0.9,1.3,0.2,0.6,1.4,19.1,3.2,15.3,16.7
711,2021,Michael Porter Jr.,DEN,SF,61,54,31.3,7.3,13.4,.542,2.8,6.3,.445,4.5,7.1,.628,.646,1.7,2.2,.791,1.5,5.4,5.8,20.9,7.3,7.3,13.2,1.1,5.6,0.7,1.0,0.9,2.8,2.1,19.0,1.3,8.1,20.6
712,2021,D'Angelo Russell,MIN,PG,42,26,28.5,6.7,15.5,.431,2.9,7.4,.387,3.8,8.1,.471,.523,2.7,3.5,.765,0.4,1.4,2.3,8.9,2.6,2.6,5.0,5.8,33.6,1.1,1.8,0.4,1.3,1.6,19.0,2.7,13.5,17.6
713,2021,Bam Adebayo,MIA,C,64,64,33.5,7.1,12.5,.570,0.0,0.1,.250,7.1,12.4,.573,.571,4.4,5.5,.799,2.2,7.7,6.7,22.6,9.0,9.0,15.3,5.4,26.9,1.2,1.7,1.0,3.2,2.3,18.7,2.6,15.0,22.7
714,2021,Norman Powell,2TM,SG,69,58,32.0,6.3,13.3,.477,2.5,6.0,.411,3.9,7.3,.532,.570,3.4,3.9,.871,0.6,2.0,2.5,8.8,3.1,3.1,5.3,1.9,9.2,1.2,1.8,0.3,0.8,2.3,18.6,1.7,10.3,16.2
715,2021,Norman Powell,TOR,SG,42,31,30.4,6.7,13.5,.498,2.8,6.4,.439,3.9,7.1,.552,.602,3.4,3.9,.865,0.5,1.6,2.5,9.6,3.0,3.0,5.4,1.8,10.0,1.1,1.8,0.2,0.6,2.3,19.6,1.8,10.8,17.7
716,2021,Norman Powell,POR,SF,27,27,34.4,5.8,13.0,.443,2.0,5.4,.361,3.8,7.6,.502,.518,3.5,4.0,.880,0.9,2.6,2.4,7.8,3.3,3.3,5.1,1.9,8.1,1.3,1.8,0.4,1.0,2.3,17.0,1.6,9.5,14.2
717,2021,Andrew Wiggins,GSW,PF,71,71,33.3,7.1,14.9,.477,2.0,5.2,.380,5.1,9.7,.529,.543,2.4,3.4,.714,1.2,3.7,3.7,11.8,4.9,4.9,7.8,2.4,10.9,0.9,1.3,1.0,2.6,2.2,18.6,1.8,9.8,15.0
718,2021,Jordan Clarkson,UTA,SG,68,1,26.7,6.7,15.8,.425,3.1,8.8,.347,3.7,7.0,.523,.522,1.9,2.1,.896,0.7,2.9,3.3,12.7,4.0,4.0,8.0,2.5,15.3,0.9,1.6,0.1,0.4,1.6,18.4,1.7,9.2,17.1
719,2021,Eric Gordon,HOU,SG,27,13,29.2,5.9,13.6,.433,2.6,7.8,.329,3.3,5.8,.573,.527,3.5,4.2,.825,0.3,1.0,1.9,7.1,2.1,2.1,3.9,2.6,14.6,0.5,0.8,0.5,1.5,1.6,17.8,1.9,10.9,14.4
720,2021,Jrue Holiday,MIL,PG,59,56,32.3,7.0,13.9,.503,1.9,4.8,.392,5.1,9.2,.561,.570,1.8,2.3,.787,1.2,4.2,3.3,10.4,4.5,4.5,7.4,6.1,26.3,1.6,2.4,0.6,1.7,1.7,17.7,2.2,12.6,20.0
721,2021,RJ Barrett,NYK,SG,72,72,34.9,6.5,14.7,.441,1.7,4.3,.401,4.8,10.4,.457,.499,2.9,3.8,.746,0.9,3.0,4.8,14.8,5.8,5.8,8.9,3.0,13.8,0.7,1.1,0.3,0.8,2.6,17.6,1.9,10.5,13.4
722,2021,John Collins,ATL,PF,63,63,29.3,6.8,12.2,.556,1.3,3.3,.399,5.5,8.9,.615,.610,2.7,3.2,.833,1.9,7.1,5.5,20.3,7.4,7.4,13.8,1.2,6.9,0.5,0.9,1.0,3.0,3.1,17.6,1.3,8.9,20.6
723,2021,Darius Garland,CLE,PG,54,50,33.1,6.7,14.9,.451,1.9,4.9,.395,4.8,9.9,.479,.517,2.1,2.4,.848,0.4,1.4,2.0,6.8,2.4,2.4,4.0,6.1,30.9,1.2,1.8,0.1,0.3,2.0,17.4,3.0,16.0,14.2
724,2021,Dillon Brooks,MEM,SF,67,67,29.8,6.4,15.4,.419,1.9,5.6,.344,4.5,9.8,.461,.481,2.4,2.9,.815,0.8,2.8,2.1,7.7,2.9,2.9,5.2,2.3,11.7,1.2,1.9,0.4,1.2,3.5,17.2,1.8,9.6,12.1
725,2021,Kyle Lowry,TOR,PG,46,46,34.8,5.7,13.0,.436,2.8,7.2,.396,2.8,5.8,.487,.546,3.0,3.5,.875,0.8,2.3,4.6,15.1,5.4,5.4,8.5,7.3,31.8,1.0,1.4,0.3,0.9,3.1,17.2,2.7,15.9,16.5
726,2021,Evan Fournier,2TM,SF,42,36,30.0,5.9,12.9,.457,2.8,6.7,.413,3.1,6.1,.504,.565,2.6,3.3,.788,0.2,0.8,2.8,10.2,3.0,3.0,5.4,3.4,18.6,1.1,1.8,0.5,1.4,2.3,17.1,1.7,10.8,16.7
727,2021,Evan Fournier,ORL,SF,26,26,30.3,6.5,14.2,.461,2.8,7.2,.388,3.7,7.0,.536,.560,3.8,4.7,.797,0.2,0.6,2.7,9.5,2.9,2.9,4.9,3.7,20.9,1.0,1.7,0.3,1.0,2.1,19.7,2.1,11.3,18.2
728,2021,Evan Fournier,BOS,SF,16,10,29.5,4.8,10.8,.448,2.8,5.9,.463,2.1,4.8,.429,.576,0.6,0.9,.714,0.3,1.2,3.0,11.4,3.3,3.3,6.3,3.1,14.9,1.3,2.1,0.6,2.0,2.6,13.0,1.2,9.6,14.1
729,2021,Jonas Valančiūnas,MEM,C,62,61,28.3,7.1,12.0,.592,0.3,0.9,.368,6.8,11.1,.611,.606,2.5,3.3,.773,4.1,15.1,8.4,31.9,12.5,12.5,23.4,1.8,10.0,0.6,1.0,0.9,2.9,2.9,17.1,1.6,10.7,24.4
730,2021,Bojan Bogdanović,UTA,SF,72,72,30.8,5.6,12.8,.439,2.5,6.4,.390,3.1,6.4,.487,.536,3.2,3.7,.879,0.6,2.0,3.3,11.1,3.9,3.9,6.7,1.9,9.1,0.6,1.0,0.1,0.1,1.6,17.0,1.8,10.9,14.0
731,2021,Tim Hardaway Jr.,DAL,SG,70,31,28.4,5.8,13.0,.447,3.0,7.6,.391,2.9,5.5,.524,.560,2.0,2.5,.816,0.3,1.1,3.0,11.5,3.3,3.3,6.4,1.8,9.8,0.4,0.8,0.2,0.5,1.6,16.6,0.9,6.1,15.7
732,2021,Buddy Hield,SAC,SG,71,71,34.3,5.7,14.0,.406,4.0,10.2,.391,1.7,3.8,.446,.548,1.2,1.5,.846,0.4,1.3,4.3,14.1,4.7,4.7,7.6,3.6,14.7,0.9,1.2,0.4,1.0,2.5,16.6,1.8,11.1,12.8
733,2021,Kevin Porter Jr.,HOU,SG,26,23,32.1,6.0,14.1,.425,1.9,6.2,.311,4.1,7.9,.515,.493,2.7,3.6,.734,0.8,2.4,3.0,10.5,3.8,3.8,6.3,6.3,31.2,0.7,1.1,0.3,0.9,2.3,16.6,3.5,18.2,12.5
734,2021,Bogdan Bogdanović,ATL,SG,44,27,29.7,6.1,12.8,.473,3.3,7.6,.438,2.8,5.3,.522,.602,0.9,1.0,.909,0.5,1.7,3.2,11.5,3.6,3.6,6.7,3.3,17.6,1.1,1.8,0.3,0.9,2.3,16.4,1.2,8.5,17.6
735,2021,Chris Paul,PHO,PG,70,70,31.4,6.3,12.6,.499,1.5,3.7,.395,4.8,8.9,.543,.557,2.4,2.6,.934,0.4,1.3,4.1,14.5,4.5,4.5,8.0,8.9,40.9,1.4,2.2,0.3,0.8,2.4,16.4,2.2,14.0,21.4
736,2021,Khyri Thomas,HOU,SG,5,2,30.6,6.4,13.2,.485,1.8,5.4,.333,4.6,7.8,.590,.553,1.8,1.8,1.000,1.4,4.7,2.2,8.0,3.6,3.6,6.3,5.0,26.9,1.8,2.8,1.2,3.5,1.6,16.4,1.2,7.9,21.3
737,2021,Mike Conley,UTA,PG,51,51,29.4,5.6,12.5,.444,2.7,6.6,.412,2.9,6.0,.479,.552,2.4,2.8,.852,0.7,2.7,2.8,9.6,3.5,3.5,6.3,6.0,30.6,1.4,2.3,0.2,0.5,1.9,16.2,1.9,12.4,19.2
738,2021,Harrison Barnes,SAC,PF,58,58,36.2,5.5,11.1,.497,1.7,4.4,.391,3.8,6.7,.567,.575,3.4,4.1,.830,1.1,3.3,5.5,17.2,6.6,6.6,10.2,3.5,13.0,0.7,1.0,0.2,0.4,1.3,16.1,1.6,11.1,15.4
739,2021,Elijah Bryant,MIL,SG,1,0,32.0,6.0,13.0,.462,1.0,5.0,.200,5.0,8.0,.625,.500,3.0,3.0,1.000,2.0,6.8,4.0,12.7,6.0,6.0,9.9,3.0,12.6,0.0,0.0,1.0,2.8,4.0,16.0,4.0,21.8,10.6
740,2021,OG Anunoby,TOR,SF,43,43,33.3,5.8,12.1,.480,2.4,6.1,.398,3.4,6.0,.562,.580,1.9,2.4,.784,1.3,4.0,4.3,14.6,5.5,5.5,9.1,2.2,10.1,1.5,2.2,0.7,2.2,2.7,15.9,1.7,11.7,15.4
741,2021,LaMelo Ball,CHO,PG,51,31,28.8,5.7,13.2,.436,1.8,5.1,.352,3.9,8.1,.489,.504,2.5,3.2,.758,1.2,4.6,4.7,17.9,5.9,5.9,11.1,6.1,33.9,1.6,2.7,0.4,1.2,2.7,15.7,2.8,16.3,17.5
742,2021,Dejounte Murray,SAS,PG,67,67,31.9,6.6,14.5,.453,0.9,3.0,.317,5.6,11.6,.488,.485,1.6,2.0,.791,0.9,2.8,6.2,21.1,7.1,7.1,11.8,5.4,25.9,1.5,2.3,0.1,0.3,2.0,15.7,1.7,10.2,16.5
743,2021,Terrence Ross,ORL,SG,46,2,29.3,5.5,13.4,.412,1.9,5.7,.337,3.6,7.7,.469,.485,2.6,3.0,.870,0.3,1.1,3.1,11.4,3.4,3.4,6.1,2.3,13.2,1.0,1.7,0.5,1.4,1.9,15.6,1.6,9.9,13.2
744,2021,T.J. Warren,IND,SF,4,4,29.3,6.8,12.8,.529,0.0,1.8,.000,6.8,11.0,.614,.529,2.0,2.5,.800,0.5,1.9,3.0,11.1,3.5,3.5,6.5,1.3,6.5,0.5,0.8,0.0,0.0,4.0,15.5,1.0,6.7,11.6
745,2021,Kelly Oubre Jr.,GSW,SF,55,50,30.7,5.8,13.2,.439,1.6,5.2,.316,4.1,8.0,.519,.501,2.2,3.2,.695,1.5,5.2,4.5,15.4,6.0,6.0,10.4,1.3,6.5,1.0,1.6,0.8,2.2,2.2,15.4,1.3,8.0,13.3
746,2021,Dennis Schröder,LAL,SG,61,61,32.1,5.4,12.5,.437,1.2,3.5,.335,4.3,9.0,.476,.484,3.4,4.0,.848,0.5,1.7,3.0,10.3,3.5,3.5,6.1,5.8,26.9,1.1,1.7,0.2,0.6,2.6,15.4,2.7,15.8,13.8
747,2021,Derrick White,SAS,SG,36,32,29.6,5.2,12.6,.411,2.3,6.8,.346,2.8,5.8,.486,.503,2.7,3.2,.851,0.4,1.3,2.6,9.6,3.0,3.0,5.4,3.5,17.4,0.7,1.2,1.0,2.9,2.5,15.4,1.3,8.2,15.0
748,2021,Gary Trent Jr.,2TM,SG,58,38,31.1,5.5,13.5,.408,2.8,7.4,.385,2.7,6.1,.435,.513,1.4,1.8,.783,0.5,1.6,2.2,7.7,2.6,2.6,4.6,1.4,6.6,1.0,1.5,0.2,0.5,1.6,15.3,0.7,4.9,12.1
749,2021,Gary Trent Jr.,POR,SG,41,23,30.8,5.3,12.8,.414,3.0,7.4,.397,2.3,5.3,.438,.530,1.4,1.8,.773,0.5,1.7,1.7,6.1,2.2,2.2,3.9,1.4,6.7,0.9,1.4,0.1,0.4,1.5,15.0,0.8,5.3,12.4
750,2021,Gary Trent Jr.,TOR,SG,17,15,31.8,6.1,15.4,.395,2.6,7.3,.355,3.5,8.1,.431,.479,1.5,1.8,.806,0.4,1.2,3.2,11.6,3.6,3.6,6.2,1.3,6.4,1.1,1.7,0.2,0.7,1.7,16.2,0.7,4.2,11.3
751,2021,Clint Capela,ATL,C,63,63,30.1,6.6,11.0,.594,0.0,0.0,,6.6,11.0,.594,.594,2.1,3.6,.573,4.7,17.5,9.6,34.3,14.3,14.3,26.1,0.8,4.1,0.7,1.1,2.0,6.0,2.3,15.2,1.2,8.4,24.3
752,2021,Tyler Herro,MIA,SG,54,15,30.3,5.7,12.9,.439,2.0,5.5,.360,3.7,7.4,.498,.516,1.7,2.2,.803,0.5,1.8,4.5,16.7,5.0,5.0,9.4,3.4,18.0,0.6,1.1,0.3,1.1,1.3,15.1,1.9,11.9,13.3
753,2021,Coby White,CHI,PG,69,54,31.2,5.4,13.1,.416,2.4,6.6,.359,3.1,6.5,.473,.506,1.9,2.1,.901,0.4,1.5,3.7,13.0,4.1,4.1,7.3,4.8,21.8,0.6,0.9,0.2,0.6,2.6,15.1,2.3,13.9,12.0
754,2021,De'Andre Hunter,ATL,SF,23,19,29.5,5.2,10.8,.484,1.3,4.1,.326,3.9,6.7,.582,.546,3.2,3.7,.859,0.7,2.8,4.0,14.7,4.8,4.8,8.9,1.9,9.7,0.8,1.4,0.5,1.6,2.6,15.0,1.3,9.2,15.7
755,2021,Andre Drummond,2TM,C,46,46,27.0,6.1,12.4,.493,0.0,0.2,.000,6.1,12.3,.500,.493,2.7,4.5,.600,3.6,14.8,8.4,35.2,12.0,12.0,24.9,2.0,13.2,1.4,2.5,1.1,3.5,3.2,14.9,2.7,15.8,19.4
756,2021,Andre Drummond,CLE,C,25,25,28.9,7.2,15.2,.474,0.0,0.3,.000,7.2,14.9,.484,.474,3.1,5.2,.597,4.0,15.3,9.4,37.5,13.5,13.5,26.1,2.6,16.2,1.6,2.7,1.2,3.6,2.8,17.5,3.2,15.6,20.5
757,2021,Andre Drummond,LAL,C,21,21,24.8,4.9,9.1,.531,0.0,0.0,,4.9,9.1,.531,.531,2.2,3.6,.605,3.1,14.1,7.1,32.0,10.2,10.2,23.1,1.4,9.0,1.1,2.2,1.0,3.4,3.8,11.9,2.0,16.0,17.9
758,2021,Devonte' Graham,CHO,PG,55,44,30.2,4.6,12.2,.377,3.3,8.7,.375,1.3,3.5,.380,.510,2.4,2.9,.842,0.4,1.4,2.3,8.4,2.7,2.7,4.8,5.4,26.3,0.9,1.4,0.1,0.4,1.4,14.8,1.5,10.2,14.6
759,2021,Derrick Rose,2TM,PG,50,3,25.6,5.7,12.2,.470,1.0,2.6,.388,4.7,9.6,.492,.511,2.2,2.5,.866,0.4,1.7,2.2,9.3,2.6,2.6,5.5,4.2,28.0,1.0,1.9,0.4,1.4,1.1,14.7,1.6,10.5,18.3
760,2021,Derrick Rose,DET,PG,15,0,22.8,5.3,12.3,.429,0.9,2.6,.333,4.4,9.7,.455,.465,2.8,3.3,.840,0.4,1.9,1.5,7.6,1.9,1.9,4.7,4.2,32.5,1.2,2.6,0.3,1.0,1.1,14.2,1.9,12.3,17.1
761,2021,Derrick Rose,NYK,PG,35,3,26.8,5.9,12.2,.487,1.1,2.6,.411,4.9,9.6,.507,.530,1.9,2.2,.883,0.4,1.6,2.5,10.0,2.9,2.9,5.9,4.2,26.3,0.9,1.7,0.4,1.5,1.1,14.9,1.4,9.6,18.8
762,2021,Lonzo Ball,NOP,PG,55,55,31.8,5.3,12.7,.414,3.1,8.3,.378,2.1,4.5,.482,.537,0.9,1.2,.781,0.6,2.1,4.2,14.3,4.8,4.8,8.2,5.7,25.4,1.5,2.3,0.6,1.7,1.9,14.6,2.2,14.5,15.2
763,2021,Kendrick Nunn,MIA,PG,56,44,29.5,5.7,11.8,.485,2.2,5.7,.381,3.5,6.0,.583,.578,1.0,1.1,.933,0.4,1.5,2.8,10.8,3.2,3.2,6.2,2.6,14.5,0.9,1.6,0.3,0.9,1.9,14.6,1.4,10.5,14.2
764,2021,Deandre Ayton,PHO,C,69,69,30.7,6.2,10.0,.626,0.1,0.3,.200,6.2,9.7,.639,.629,1.9,2.5,.769,3.3,12.4,7.2,26.3,10.5,10.5,19.5,1.4,6.8,0.6,1.0,1.2,3.4,2.8,14.4,1.5,11.9,20.3
765,2021,Jaren Jackson Jr.,MEM,C,11,4,23.5,4.8,11.4,.424,1.5,5.5,.283,3.3,5.9,.554,.492,3.2,3.8,.833,1.5,6.9,4.1,18.7,5.6,5.6,12.7,1.1,6.8,1.1,2.2,1.6,6.3,3.8,14.4,1.4,9.5,18.0
766,2021,Thomas Bryant,WAS,C,10,10,27.1,5.9,9.1,.648,0.9,2.1,.429,5.0,7.0,.714,.698,1.6,2.4,.667,1.8,7.1,4.3,16.8,6.1,6.1,11.9,1.5,8.2,0.4,0.7,0.8,2.5,3.1,14.3,1.1,9.8,18.7
767,2021,Rudy Gobert,UTA,C,71,71,30.8,5.5,8.2,.675,0.0,0.1,.000,5.5,8.1,.680,.675,3.3,5.3,.623,3.4,12.2,10.1,33.5,13.5,13.5,23.3,1.3,6.0,0.6,0.9,2.7,7.0,2.3,14.3,1.7,13.7,23.5
768,2021,Ben Simmons,PHI,PG,58,58,32.4,5.6,10.1,.557,0.1,0.2,.300,5.6,9.9,.562,.560,3.0,4.9,.613,1.6,5.6,5.6,18.7,7.2,7.2,12.2,6.9,31.3,1.6,2.4,0.6,1.7,2.9,14.3,3.0,19.6,18.3
769,2021,Richaun Holmes,SAC,C,61,61,29.2,6.0,9.4,.637,0.0,0.2,.182,6.0,9.2,.645,.638,2.2,2.8,.794,2.4,8.8,5.9,22.7,8.3,8.3,15.7,1.7,8.3,0.6,1.1,1.6,4.6,3.5,14.2,1.2,10.3,20.2
770,2021,Al Horford,OKC,C,28,28,27.9,5.8,12.9,.450,2.0,5.4,.368,3.8,7.4,.510,.528,0.6,0.8,.818,1.0,3.8,5.7,21.4,6.7,6.7,12.5,3.4,20.1,0.9,1.5,0.9,2.9,1.7,14.2,1.0,7.3,17.4
771,2021,Marvin Bagley III,SAC,PF,43,42,25.9,5.7,11.4,.504,0.9,2.5,.343,4.9,8.9,.550,.542,1.8,3.1,.575,2.5,10.4,4.9,21.5,7.4,7.4,15.9,1.0,5.8,0.5,0.9,0.5,1.6,2.3,14.1,1.4,9.7,16.3
772,2021,Joe Harris,BRK,SF,69,65,31.0,5.2,10.2,.505,3.1,6.4,.475,2.1,3.8,.555,.654,0.7,0.9,.778,0.6,2.3,3.0,10.1,3.6,3.6,6.4,1.9,8.4,0.7,1.0,0.2,0.6,2.0,14.1,0.9,7.8,14.1
773,2021,Luguentz Dort,OKC,SG,52,52,29.7,4.8,12.3,.387,2.2,6.3,.343,2.6,6.0,.432,.475,2.3,3.2,.744,0.7,2.5,2.9,10.3,3.6,3.6,6.4,1.7,8.8,0.9,1.4,0.4,1.1,2.6,14.0,1.5,10.0,10.1
774,2021,Rui Hachimura,WAS,PF,57,57,31.5,5.4,11.4,.478,0.8,2.4,.328,4.6,9.0,.519,.513,2.2,2.8,.770,0.9,2.9,4.6,15.5,5.5,5.5,9.2,1.4,6.3,0.8,1.1,0.1,0.3,2.1,13.8,1.2,8.6,11.4
775,2021,Darius Bazley,OKC,PF,55,55,31.2,5.0,12.5,.396,1.5,5.2,.290,3.5,7.3,.470,.456,2.3,3.2,.702,0.9,3.1,6.3,21.2,7.2,7.2,12.0,1.8,8.9,0.5,0.8,0.5,1.3,1.1,13.7,2.2,13.7,9.7
776,2021,Chris Boucher,TOR,C,60,14,24.2,4.8,9.3,.514,1.5,3.9,.383,3.3,5.4,.609,.595,2.5,3.2,.788,2.0,8.5,4.8,22.5,6.7,6.7,15.3,1.1,6.9,0.6,1.2,1.9,7.6,2.8,13.6,0.8,6.7,21.9
777,2021,Lauri Markkanen,CHI,PF,51,26,25.8,4.9,10.2,.480,2.3,5.8,.402,2.6,4.4,.582,.594,1.5,1.8,.826,0.7,3.0,4.6,19.4,5.3,5.3,11.3,0.9,5.0,0.5,1.0,0.3,1.0,1.5,13.6,1.0,8.5,15.2
778,2021,Doug McDermott,IND,PF,66,29,24.5,5.4,10.1,.532,1.7,4.3,.388,3.7,5.7,.641,.616,1.2,1.5,.816,0.9,4.0,2.4,10.7,3.3,3.3,7.4,1.3,7.8,0.3,0.6,0.1,0.3,1.8,13.6,0.8,7.0,15.6
779,2021,Kelly Olynyk,2TM,PF,70,62,28.5,4.8,10.0,.484,1.8,5.3,.342,3.0,4.7,.641,.574,2.1,2.5,.829,1.2,4.8,5.7,22.5,7.0,7.0,13.6,2.9,16.0,1.1,1.9,0.6,2.1,3.0,13.5,1.8,14.0,16.4
780,2021,Kelly Olynyk,MIA,C,43,38,26.9,3.8,8.7,.431,1.8,5.7,.317,2.0,3.1,.639,.533,0.7,0.9,.775,1.0,4.4,5.0,21.1,6.1,6.1,12.9,2.1,11.7,0.9,1.7,0.6,2.4,2.9,10.0,1.3,12.3,12.1
781,2021,Kelly Olynyk,HOU,PF,27,24,31.1,6.5,11.9,.545,1.8,4.6,.392,4.7,7.3,.643,.621,4.2,5.0,.844,1.6,5.2,6.9,24.5,8.4,8.4,14.5,4.1,21.9,1.4,2.2,0.6,1.7,3.1,19.0,2.6,15.7,22.3
782,2021,LaMarcus Aldridge,2TM,C,26,23,25.9,5.4,11.4,.473,1.2,3.1,.388,4.2,8.3,.505,.525,1.6,1.8,.872,0.7,3.0,3.8,15.8,4.5,4.5,9.4,1.9,11.0,0.4,0.8,1.1,3.7,1.8,13.5,1.0,7.9,15.7
783,2021,LaMarcus Aldridge,SAS,C,21,18,25.9,5.5,11.8,.464,1.3,3.6,.360,4.2,8.2,.509,.518,1.5,1.8,.838,0.8,3.3,3.7,15.4,4.5,4.5,9.2,1.7,10.2,0.4,0.7,0.9,2.8,1.7,13.7,1.0,7.0,15.1
784,2021,LaMarcus Aldridge,BRK,C,5,5,26.0,5.0,9.6,.521,0.8,1.0,.800,4.2,8.6,.488,.563,2.0,2.0,1.000,0.4,1.8,4.4,17.8,4.8,4.8,10.2,2.6,14.3,0.6,1.1,2.2,7.4,2.2,12.8,1.4,11.8,18.2
785,2021,Mikal Bridges,PHO,SF,72,72,32.6,5.0,9.3,.543,1.9,4.4,.425,3.2,4.9,.647,.643,1.5,1.8,.840,1.1,3.7,3.2,11.1,4.3,4.3,7.5,2.1,8.8,1.1,1.6,0.9,2.4,1.6,13.5,0.8,7.3,16.4
786,2021,Montrezl Harrell,LAL,C,69,1,22.9,5.4,8.7,.622,0.0,0.1,.000,5.4,8.6,.632,.622,2.6,3.7,.707,2.3,11.3,3.9,19.1,6.2,6.2,15.2,1.1,7.7,0.7,1.4,0.7,2.8,1.9,13.5,1.1,9.4,22.7
787,2021,Carmelo Anthony,POR,PF,69,3,24.5,4.7,11.3,.421,1.9,4.7,.409,2.8,6.6,.429,.506,2.0,2.2,.890,0.5,2.0,2.6,11.8,3.1,3.1,6.8,1.5,9.2,0.7,1.3,0.6,2.0,2.1,13.4,0.9,6.7,14.6
788,2021,Goran Dragić,MIA,PG,50,11,26.7,4.8,11.1,.432,1.8,4.9,.373,3.0,6.2,.479,.514,2.0,2.4,.828,0.5,2.2,2.9,12.1,3.4,3.4,7.2,4.4,25.9,0.7,1.2,0.2,0.6,2.3,13.4,2.4,16.2,13.0
789,2021,Josh Jackson,DET,SG,62,25,25.2,4.8,11.4,.419,1.2,4.1,.300,3.5,7.3,.487,.473,2.6,3.5,.729,0.9,4.0,3.2,14.2,4.1,4.1,9.1,2.3,15.1,0.9,1.7,0.8,2.6,2.9,13.4,2.3,15.0,12.0
790,2021,Marcus Morris,LAC,PF,57,29,26.4,4.8,10.2,.473,2.5,5.2,.473,2.4,5.1,.472,.592,1.3,1.6,.820,0.6,2.7,3.5,14.5,4.1,4.1,8.8,1.0,5.6,0.6,1.1,0.3,0.9,2.1,13.4,1.0,8.4,14.5
791,2021,Danilo Gallinari,ATL,PF,51,4,24.0,4.0,9.3,.434,2.0,5.0,.406,2.0,4.3,.466,.542,3.2,3.4,.925,0.3,1.6,3.8,17.0,4.1,4.1,9.5,1.5,9.2,0.6,1.2,0.2,0.7,2.1,13.3,0.8,7.2,16.3
792,2021,Duncan Robinson,MIA,SF,72,72,31.4,4.4,10.0,.439,3.5,8.5,.408,0.9,1.4,.625,.614,0.9,1.0,.827,0.1,0.4,3.4,12.1,3.5,3.5,6.3,1.8,8.3,0.6,0.9,0.3,0.9,2.5,13.1,1.1,9.7,11.0
793,2021,Marcus Smart,BOS,PG,48,45,32.9,4.2,10.6,.398,1.9,5.9,.330,2.3,4.8,.482,.489,2.7,3.4,.790,0.8,2.5,2.7,9.3,3.5,3.5,5.9,5.7,23.6,1.5,2.2,0.5,1.4,2.6,13.1,2.0,14.2,13.8
794,2021,Tyrese Haliburton,SAC,PG,58,20,30.1,5.0,10.7,.472,2.1,5.1,.409,2.9,5.6,.529,.569,0.8,1.0,.857,0.7,2.4,2.3,8.6,3.0,3.0,5.5,5.3,24.6,1.3,2.1,0.5,1.4,1.4,13.0,1.6,12.5,16.2
795,2021,Shake Milton,PHI,SG,63,4,23.2,4.8,10.6,.450,1.1,3.2,.350,3.6,7.4,.494,.503,2.3,2.8,.830,0.5,2.5,1.8,8.5,2.3,2.3,5.6,3.1,20.3,0.6,1.3,0.3,1.1,2.1,13.0,1.6,12.2,14.6
796,2021,Cole Anthony,ORL,PG,47,34,27.1,4.7,11.7,.397,1.2,3.7,.337,3.4,8.1,.424,.449,2.3,2.8,.832,0.8,3.0,3.9,15.4,4.7,4.7,9.0,4.1,24.2,0.6,1.1,0.4,1.3,2.1,12.9,2.3,14.8,12.1
797,2021,Markelle Fultz,ORL,PG,8,8,26.9,5.1,13.0,.394,0.5,2.0,.250,4.6,11.0,.420,.413,2.1,2.4,.895,0.6,2.3,2.5,10.0,3.1,3.1,6.0,5.4,33.1,1.0,1.8,0.3,0.8,2.3,12.9,2.3,13.8,12.0
798,2021,Kyle Kuzma,LAL,SF,68,32,28.7,4.9,11.1,.443,2.0,5.6,.361,2.9,5.5,.525,.533,1.0,1.4,.691,1.6,6.3,4.5,17.7,6.1,6.1,12.0,1.9,9.8,0.5,0.9,0.6,1.9,1.8,12.9,1.7,12.4,12.7
799,2021,P.J. Washington,CHO,PF,64,61,30.5,4.7,10.7,.440,1.8,4.5,.386,3.0,6.2,.480,.522,1.7,2.3,.745,1.5,5.1,5.1,18.3,6.5,6.5,11.6,2.5,12.2,1.1,1.7,1.2,4.0,2.7,12.9,2.0,14.6,13.4
800,2021,Jarrett Allen,2TM,C,63,45,29.6,4.7,7.7,.618,0.1,0.3,.316,4.6,7.3,.631,.624,3.2,4.6,.703,3.1,11.6,6.9,26.3,10.0,10.0,18.9,1.7,8.7,0.5,0.8,1.4,4.3,1.5,12.8,1.6,14.1,20.1
801,2021,Jarrett Allen,BRK,C,12,5,26.7,3.7,5.4,.677,0.0,0.0,,3.7,5.4,.677,.677,3.8,5.1,.754,3.2,13.8,7.3,28.6,10.4,10.4,21.6,1.7,8.3,0.6,1.1,1.6,5.2,1.8,11.2,1.8,19.3,21.5
802,2021,Jarrett Allen,CLE,C,51,40,30.3,5.0,8.2,.609,0.1,0.4,.316,4.9,7.8,.623,.616,3.1,4.5,.690,3.1,11.2,6.8,25.9,9.9,9.9,18.3,1.7,8.8,0.5,0.8,1.4,4.1,1.5,13.2,1.5,13.1,19.8
803,2021,Keldon Johnson,SAS,SF,69,67,28.5,4.9,10.2,.479,0.9,2.6,.331,4.0,7.6,.531,.522,2.1,2.8,.740,1.3,4.9,4.6,17.6,6.0,6.0,11.1,1.8,8.9,0.6,1.0,0.3,1.0,2.1,12.8,1.1,9.0,13.8
804,2021,Will Barton,DEN,SF,56,52,31.0,4.6,10.9,.426,1.8,4.6,.381,2.9,6.3,.459,.507,1.7,2.2,.785,0.7,2.6,3.3,12.2,4.0,4.0,7.4,3.2,14.1,0.9,1.4,0.4,1.3,1.7,12.7,1.7,12.7,11.8
805,2021,Miles Bridges,CHO,PF,66,19,29.3,4.7,9.4,.503,1.8,4.4,.400,3.0,5.0,.593,.596,1.5,1.7,.867,1.2,4.5,4.8,18.0,6.0,6.0,11.1,2.2,11.4,0.7,1.1,0.8,2.7,2.2,12.7,1.6,13.6,14.7
806,2021,Alec Burks,NYK,SG,49,5,25.6,4.3,10.2,.420,2.1,5.0,.415,2.2,5.2,.425,.522,2.1,2.4,.856,0.4,1.8,4.2,17.6,4.6,4.6,9.8,2.2,13.2,0.6,1.2,0.3,1.1,2.1,12.7,1.0,8.2,14.8
807,2021,Jalen Brunson,DAL,PG,68,12,25.0,4.8,9.2,.523,1.2,2.9,.405,3.6,6.3,.578,.588,1.8,2.2,.795,0.4,1.8,3.0,13.1,3.4,3.4,7.5,3.5,21.3,0.5,1.0,0.0,0.1,1.6,12.6,1.2,10.3,17.1
808,2021,Myles Turner,IND,C,47,47,31.0,4.4,9.2,.477,1.5,4.4,.335,2.9,4.8,.606,.557,2.4,3.0,.782,1.3,4.7,5.2,18.0,6.5,6.5,11.4,1.0,4.4,0.9,1.3,3.4,8.8,3.5,12.6,1.4,11.9,15.3
809,2021,Seth Curry,PHI,SG,57,57,28.7,4.5,9.7,.467,2.2,4.9,.450,2.3,4.8,.485,.582,1.2,1.4,.896,0.2,0.7,2.2,8.3,2.4,2.4,4.6,2.7,13.6,0.8,1.3,0.1,0.4,1.7,12.5,1.1,10.0,12.9
810,2021,Aaron Gordon,2TM,PF,50,50,27.7,4.6,10.0,.463,1.2,3.5,.335,3.4,6.5,.533,.522,1.9,3.0,.651,1.5,6.0,4.1,16.4,5.7,5.7,11.1,3.2,17.8,0.7,1.2,0.7,2.3,1.8,12.4,1.9,14.7,14.5
811,2021,Aaron Gordon,ORL,PF,25,25,29.4,5.1,11.7,.437,1.7,4.5,.375,3.4,7.2,.475,.509,2.6,4.2,.629,1.6,5.3,5.1,18.5,6.6,6.6,11.7,4.2,23.0,0.6,1.1,0.8,2.5,2.0,14.6,2.7,16.5,14.9
812,2021,Aaron Gordon,DEN,PF,25,25,25.9,4.1,8.2,.500,0.7,2.6,.266,3.4,5.7,.606,.541,1.2,1.8,.705,1.5,6.7,3.2,13.9,4.7,4.7,10.3,2.2,11.8,0.7,1.3,0.6,2.1,1.6,10.2,1.2,11.7,14.1
813,2021,Kyle Anderson,MEM,PF,69,69,27.3,4.5,9.5,.468,1.4,3.8,.360,3.1,5.8,.539,.540,2.1,2.7,.783,0.8,2.9,5.0,19.5,5.7,5.7,11.1,3.6,18.3,1.2,2.1,0.8,2.7,1.7,12.4,1.2,10.4,17.2
814,2021,Brook Lopez,MIL,C,70,70,27.2,4.6,9.1,.503,1.4,4.0,.338,3.2,5.1,.632,.577,1.7,2.0,.845,1.5,6.0,3.5,13.0,5.0,5.0,9.6,0.7,3.5,0.6,1.0,1.5,4.8,2.1,12.3,0.9,8.3,15.4
815,2021,Saddiq Bey,DET,SF,70,53,27.3,4.0,9.9,.404,2.5,6.6,.380,1.5,3.3,.450,.530,1.8,2.1,.844,0.6,2.5,3.9,16.2,4.5,4.5,9.3,1.4,7.6,0.7,1.3,0.2,0.6,1.6,12.2,0.9,7.4,12.6
816,2021,Eric Bledsoe,NOP,SG,71,70,29.7,4.3,10.3,.421,1.7,5.0,.341,2.6,5.3,.496,.503,1.9,2.7,.687,0.4,1.5,3.0,11.1,3.4,3.4,6.3,3.8,17.3,0.8,1.2,0.3,1.1,1.6,12.2,1.6,12.3,11.5
817,2021,Kevin Love,CLE,PF,25,25,24.9,4.1,10.1,.409,2.3,6.2,.365,1.8,3.8,.479,.522,1.7,2.0,.824,0.7,3.0,6.8,31.2,7.4,7.4,16.7,2.5,16.0,0.6,1.3,0.1,0.3,1.0,12.2,1.5,12.2,15.1
818,2021,Joe Ingles,UTA,SF,67,30,27.9,4.1,8.4,.489,2.7,6.1,.451,1.4,2.3,.590,.652,1.1,1.3,.844,0.4,1.6,3.2,11.8,3.6,3.6,6.9,4.7,24.0,0.7,1.2,0.2,0.5,1.8,12.1,1.7,16.3,15.9
819,2021,Josh Richardson,DAL,SG,59,56,30.3,4.5,10.5,.427,1.5,4.5,.330,3.0,5.9,.501,.498,1.7,1.8,.917,0.9,3.2,2.4,8.8,3.3,3.3,6.0,2.6,12.1,1.0,1.7,0.4,1.2,2.2,12.1,1.3,10.6,11.9
820,2021,Thaddeus Young,CHI,PF,68,23,24.3,5.4,9.7,.559,0.2,0.7,.267,5.3,9.1,.580,.568,1.0,1.7,.628,2.5,11.4,3.8,16.9,6.2,6.2,14.2,4.3,27.1,1.1,2.2,0.6,2.1,2.2,12.1,2.0,16.1,20.3
821,2021,Jordan Poole,GSW,SG,51,7,19.4,4.0,9.3,.432,1.9,5.4,.351,2.1,3.9,.545,.535,2.1,2.3,.882,0.3,1.6,1.5,8.2,1.8,1.8,5.0,1.9,15.4,0.5,1.2,0.2,0.8,1.7,12.0,1.0,8.8,15.1
822,2021,Kevin Huerter,ATL,SG,69,49,30.8,4.6,10.6,.432,2.0,5.6,.363,2.6,5.0,.510,.528,0.7,0.9,.781,0.6,2.0,2.8,9.7,3.3,3.3,6.0,3.5,16.3,1.2,1.9,0.3,0.7,2.4,11.9,1.1,9.4,12.2
823,2021,Malik Monk,CHO,SG,42,0,20.9,4.1,9.5,.434,2.0,5.0,.401,2.1,4.5,.471,.540,1.4,1.7,.819,0.3,1.7,2.1,10.9,2.4,2.4,6.2,2.1,15.7,0.5,1.1,0.1,0.5,1.1,11.7,1.3,11.3,13.6
824,2021,Hamidou Diallo,2TM,SF,52,9,23.6,4.3,9.0,.477,0.5,1.6,.341,3.8,7.5,.505,.506,2.5,3.8,.640,1.1,5.1,4.1,18.8,5.2,5.2,11.9,1.9,13.3,0.8,1.6,0.5,1.7,2.6,11.6,1.5,12.0,14.3
825,2021,Hamidou Diallo,OKC,SG,32,5,23.8,4.5,9.3,.481,0.4,1.3,.293,4.1,8.0,.512,.502,2.6,4.1,.629,1.2,5.0,4.0,17.7,5.2,5.2,11.3,2.4,16.4,1.0,1.9,0.4,1.4,2.6,11.9,1.5,12.1,15.0
826,2021,Hamidou Diallo,DET,SF,20,4,23.3,4.1,8.7,.468,0.8,2.1,.390,3.3,6.6,.492,.514,2.3,3.4,.662,1.1,5.2,4.3,20.6,5.4,5.4,12.8,1.2,8.3,0.5,1.1,0.6,2.2,2.6,11.2,1.4,11.7,13.1
827,2021,Dāvis Bertāns,WAS,PF,57,7,25.7,3.4,8.4,.404,3.0,7.5,.395,0.4,0.9,.480,.581,1.8,2.0,.870,0.3,1.3,2.6,10.8,2.9,2.9,6.1,0.9,4.4,0.6,1.0,0.2,0.7,2.4,11.5,0.6,5.9,11.4
828,2021,Jusuf Nurkić,POR,C,37,37,23.8,4.6,9.0,.514,0.3,0.8,.400,4.3,8.2,.525,.532,1.9,3.1,.619,2.3,10.2,6.6,30.7,9.0,9.0,20.2,3.4,21.4,1.0,2.1,1.1,4.0,2.8,11.5,2.0,16.0,20.5
829,2021,James Wiseman,GSW,C,39,27,21.4,4.9,9.4,.519,0.3,1.0,.316,4.6,8.5,.542,.535,1.4,2.2,.628,1.4,7.1,4.4,21.5,5.8,5.8,14.4,0.7,4.9,0.3,0.6,0.9,3.8,3.1,11.5,1.5,12.9,13.1
830,2021,Rudy Gay,SAS,PF,63,1,21.6,4.2,10.0,.420,1.7,4.4,.381,2.5,5.6,.451,.505,1.3,1.6,.804,0.7,3.2,4.1,20.9,4.8,4.8,11.9,1.4,9.7,0.7,1.6,0.6,2.5,1.8,11.4,1.0,8.8,14.7
831,2021,Bobby Portis,MIL,C,66,7,20.8,4.7,9.1,.523,1.1,2.4,.471,3.6,6.7,.542,.585,0.8,1.1,.740,1.9,9.9,5.2,25.3,7.1,7.1,17.9,1.1,7.4,0.8,1.8,0.4,1.7,1.7,11.4,0.8,8.2,19.9
832,2021,Immanuel Quickley,NYK,PG,64,3,19.4,3.6,9.1,.395,1.8,4.7,.389,1.7,4.3,.401,.497,2.4,2.7,.891,0.4,2.2,1.8,9.7,2.1,2.1,6.0,2.0,16.2,0.5,1.2,0.2,0.9,1.8,11.4,0.9,8.1,15.8
833,2021,Lou Williams,2TM,PG,66,4,21.6,4.0,9.8,.410,1.0,2.6,.399,3.0,7.2,.414,.464,2.3,2.6,.867,0.3,1.7,1.8,8.9,2.1,2.1,5.4,3.4,23.4,0.7,1.6,0.1,0.4,0.9,11.3,1.6,13.0,14.0
834,2021,Lou Williams,LAC,PG,42,3,21.9,4.3,10.2,.421,1.1,2.8,.378,3.2,7.4,.437,.473,2.5,2.8,.866,0.4,1.9,1.7,8.7,2.1,2.1,5.4,3.4,23.3,0.9,2.1,0.1,0.4,1.0,12.1,1.6,12.0,15.7
835,2021,Lou Williams,ATL,PG,24,1,21.0,3.5,9.0,.389,1.0,2.3,.444,2.5,6.8,.370,.444,2.0,2.3,.870,0.3,1.3,1.8,9.3,2.1,2.1,5.4,3.4,23.7,0.3,0.8,0.1,0.3,0.8,10.0,1.8,14.9,10.8
836,2021,Jae'Sean Tate,HOU,SF,70,58,29.2,4.5,8.9,.506,0.9,2.8,.308,3.7,6.1,.595,.554,1.5,2.1,.694,1.9,6.6,3.5,13.2,5.3,5.3,9.8,2.5,13.2,1.2,2.0,0.5,1.6,3.2,11.3,1.4,12.4,13.8
837,2021,Wendell Carter Jr.,2TM,C,54,44,25.5,4.3,8.5,.503,0.3,0.9,.294,4.0,7.5,.530,.520,2.4,3.3,.732,2.4,10.2,5.8,24.6,8.2,8.2,17.4,1.9,11.2,0.6,1.2,0.8,2.7,2.7,11.2,1.4,12.7,16.7
838,2021,Wendell Carter Jr.,CHI,C,32,25,24.8,4.0,7.9,.512,0.3,0.7,.364,3.8,7.2,.526,.528,2.6,3.5,.739,2.2,9.9,5.6,24.9,7.8,7.8,17.5,2.2,12.3,0.6,1.1,0.8,2.6,3.0,10.9,1.5,14.0,16.3
839,2021,Wendell Carter Jr.,ORL,C,22,19,26.5,4.6,9.3,.493,0.3,1.3,.241,4.3,8.0,.534,.510,2.2,3.1,.721,2.8,10.7,6.0,24.1,8.8,8.8,17.2,1.6,9.7,0.8,1.4,0.8,2.8,2.3,11.7,1.3,11.0,17.3
840,2021,Armoni Brooks,HOU,SG,20,5,26.0,3.9,9.6,.406,3.0,7.9,.382,0.9,1.8,.514,.563,0.4,0.6,.583,0.5,2.0,2.9,12.4,3.4,3.4,7.0,1.5,8.7,0.6,1.1,0.3,0.9,1.7,11.2,1.1,10.0,10.4
841,2021,Enes Freedom,POR,C,72,35,24.4,4.7,7.8,.604,0.0,0.1,.250,4.7,7.7,.607,.605,1.8,2.3,.774,3.9,16.8,7.1,31.9,11.0,11.0,24.2,1.2,7.2,0.5,0.9,0.7,2.4,2.3,11.2,1.1,11.0,22.4
842,2021,Cam Reddish,ATL,SF,26,21,28.8,3.7,10.1,.365,1.3,4.8,.262,2.4,5.3,.460,.428,2.6,3.2,.817,0.8,3.3,3.2,11.7,4.0,4.0,7.6,1.3,6.5,1.3,2.2,0.3,1.1,2.6,11.2,1.3,10.2,9.3
843,2021,Naz Reid,MIN,C,70,15,19.2,4.3,8.3,.523,0.9,2.5,.351,3.5,5.8,.597,.576,1.6,2.4,.693,1.2,6.4,3.4,20.0,4.6,4.6,12.9,1.0,8.7,0.5,1.2,1.1,4.9,2.6,11.2,1.0,9.5,18.2
844,2021,Lonnie Walker IV,SAS,SG,60,38,25.4,4.3,10.2,.420,1.7,4.7,.355,2.6,5.5,.477,.502,1.0,1.2,.814,0.2,1.0,2.4,10.1,2.6,2.6,5.4,1.7,9.6,0.5,0.9,0.3,0.8,1.7,11.2,1.1,9.2,9.8
845,2021,Serge Ibaka,LAC,C,41,39,23.3,4.5,8.9,.510,1.0,2.8,.339,3.6,6.1,.588,.563,1.0,1.3,.811,1.8,8.9,4.9,23.1,6.7,6.7,16.2,1.8,11.5,0.2,0.5,1.1,4.4,1.9,11.1,1.1,10.2,18.2
846,2021,Blake Griffin,2TM,PF,46,30,25.8,3.8,8.9,.423,1.5,4.5,.341,2.3,4.5,.505,.509,1.9,2.5,.744,0.8,3.4,4.1,17.4,4.9,4.9,10.5,3.0,17.0,0.7,1.3,0.3,1.1,2.4,11.0,1.3,11.8,12.9
847,2021,Blake Griffin,DET,PF,20,20,31.3,4.1,11.1,.365,2.0,6.2,.315,2.1,4.9,.429,.453,2.2,3.1,.710,0.4,1.2,4.9,17.4,5.2,5.2,9.2,3.9,18.4,0.7,1.1,0.1,0.3,2.1,12.3,1.6,11.4,9.8
848,2021,Blake Griffin,BRK,PF,26,10,21.5,3.6,7.3,.492,1.2,3.1,.383,2.4,4.2,.574,.574,1.7,2.1,.782,1.1,5.8,3.6,17.5,4.7,4.7,11.9,2.4,15.5,0.7,1.6,0.5,2.0,2.7,10.0,1.2,12.3,16.3
849,2021,Nickeil Alexander-Walker,NOP,SG,46,13,21.9,4.2,10.0,.419,1.7,4.8,.347,2.5,5.2,.485,.502,1.0,1.4,.727,0.3,1.4,2.8,14.1,3.1,3.1,7.8,2.2,14.7,1.0,2.2,0.5,2.1,1.9,11.0,1.5,12.4,12.5
850,2021,Jeff Green,BRK,PF,68,38,27.0,3.8,7.8,.492,1.5,3.7,.412,2.3,4.1,.564,.590,1.8,2.4,.776,0.5,2.2,3.4,13.1,3.9,3.9,7.9,1.6,7.8,0.5,0.9,0.4,1.3,1.8,11.0,0.8,8.2,13.0
851,2021,Dwayne Bacon,ORL,SG,72,50,25.7,4.1,10.1,.402,0.8,2.9,.285,3.2,7.2,.449,.443,2.0,2.4,.824,0.4,1.7,2.7,11.2,3.1,3.1,6.3,1.3,7.9,0.6,1.2,0.1,0.2,1.4,10.9,0.6,5.4,9.9
852,2021,Oshae Brissett,IND,SF,21,16,24.7,3.5,7.2,.483,1.6,3.7,.423,1.9,3.5,.548,.593,2.4,3.1,.769,1.4,6.1,4.1,17.9,5.5,5.5,12.0,0.9,4.6,0.9,1.7,1.0,3.1,1.5,10.9,0.5,5.3,17.2
853,2021,Reggie Bullock,NYK,SF,65,64,30.0,3.8,8.6,.442,2.5,6.1,.410,1.3,2.5,.521,.587,0.8,0.8,.909,0.2,0.9,3.2,11.4,3.4,3.4,6.2,1.5,7.4,0.8,1.3,0.2,0.5,2.2,10.9,0.7,7.1,11.1
854,2021,Patty Mills,SAS,PG,68,1,24.8,3.7,9.0,.412,2.4,6.3,.375,1.3,2.7,.500,.544,1.0,1.1,.910,0.3,1.1,1.4,6.3,1.7,1.7,3.7,2.4,13.5,0.6,1.2,0.0,0.2,1.2,10.8,1.0,9.3,11.8
855,2021,Cameron Oliver,HOU,SF,4,0,21.8,4.8,8.3,.576,1.0,3.3,.308,3.8,5.0,.750,.636,0.3,1.0,.250,1.3,5.9,4.0,20.5,5.3,5.3,12.9,1.3,9.6,0.5,1.1,1.0,4.1,2.8,10.8,0.8,7.9,17.2
856,2021,Reggie Jackson,LAC,SG,67,43,23.0,3.9,8.7,.450,1.8,4.2,.433,2.1,4.5,.465,.554,1.0,1.2,.817,0.4,1.8,2.5,11.9,2.9,2.9,7.0,3.1,19.0,0.6,1.3,0.1,0.4,1.9,10.7,1.1,10.6,14.2
857,2021,Ty Jerome,OKC,SG,33,1,23.9,3.9,8.7,.446,2.2,5.1,.423,1.7,3.6,.479,.570,0.8,1.0,.765,0.3,1.3,2.5,10.8,2.8,2.8,6.0,3.6,23.7,0.6,1.2,0.2,0.7,1.8,10.7,1.4,13.5,13.4
858,2021,Grayson Allen,MEM,SG,50,38,25.2,3.5,8.3,.418,2.1,5.5,.391,1.3,2.8,.471,.547,1.6,1.8,.868,0.4,1.6,2.8,12.0,3.2,3.2,6.7,2.2,11.5,0.9,1.7,0.2,0.6,1.4,10.6,1.0,9.6,12.8
859,2021,Justin Holiday,IND,SG,72,52,30.3,3.6,8.7,.413,2.4,6.3,.382,1.2,2.4,.494,.551,0.9,1.2,.788,0.4,1.6,3.1,11.1,3.6,3.6,6.4,1.7,7.0,1.0,1.6,0.6,1.5,1.9,10.5,0.8,7.5,10.4
860,2021,Donte DiVincenzo,MIL,SG,66,66,27.5,3.8,9.1,.420,2.0,5.2,.379,1.8,3.9,.475,.528,0.8,1.1,.718,1.2,4.9,4.5,16.7,5.8,5.8,11.0,3.1,14.2,1.1,1.9,0.2,0.7,1.7,10.4,1.4,12.5,13.0
861,2021,Cedi Osman,CLE,SF,59,26,25.6,3.7,9.9,.374,1.7,5.5,.306,2.0,4.4,.458,.458,1.3,1.6,.800,0.6,2.8,2.8,12.4,3.4,3.4,7.5,2.9,17.7,0.9,1.7,0.2,0.5,2.0,10.4,1.4,11.3,10.3
862,2021,Mason Plumlee,DET,C,56,56,26.8,4.2,6.8,.614,0.0,0.1,.000,4.2,6.7,.626,.614,2.0,3.0,.669,2.6,10.6,6.7,28.1,9.3,9.3,19.3,3.6,21.0,0.8,1.4,0.9,2.9,3.3,10.4,1.9,18.7,18.7
863,2021,Brandon Clarke,MEM,PF,59,16,24.0,4.3,8.4,.517,0.3,1.3,.260,4.0,7.1,.565,.537,1.3,1.9,.690,1.6,7.2,3.9,17.5,5.6,5.6,12.3,1.6,9.5,1.0,2.0,0.9,3.2,1.4,10.3,0.6,5.7,17.3
864,2021,Delon Wright,2TM,PG,63,39,27.7,3.8,8.2,.463,1.0,2.7,.372,2.8,5.5,.509,.525,1.6,2.0,.802,1.0,4.1,3.2,13.1,4.3,4.3,8.6,4.4,23.0,1.6,2.8,0.5,1.5,1.2,10.2,1.3,12.6,16.3
865,2021,Delon Wright,DET,PG,36,31,29.2,3.8,8.1,.464,0.9,2.5,.348,2.9,5.7,.515,.517,2.0,2.5,.789,1.0,3.9,3.5,13.6,4.6,4.6,8.7,5.0,25.7,1.6,2.7,0.5,1.6,1.3,10.4,1.3,12.6,16.5
866,2021,Delon Wright,SAC,PG,27,8,25.8,3.9,8.3,.462,1.2,3.1,.398,2.6,5.3,.500,.536,1.1,1.3,.833,1.0,4.4,2.9,12.5,3.9,3.9,8.4,3.6,18.9,1.6,3.0,0.4,1.3,1.1,10.0,1.3,12.7,15.9
867,2021,Monte Morris,DEN,PG,47,13,25.4,4.0,8.2,.481,1.1,2.9,.381,2.9,5.4,.534,.547,1.2,1.6,.795,0.2,1.0,1.8,8.0,2.0,2.0,4.6,3.2,17.1,0.7,1.4,0.3,1.1,1.0,10.2,0.7,7.5,14.0
868,2021,Jae Crowder,PHO,PF,60,42,27.5,3.3,8.2,.404,2.5,6.3,.389,0.9,1.9,.455,.555,1.0,1.3,.760,0.5,2.2,4.2,16.9,4.7,4.7,9.7,2.1,10.0,0.8,1.4,0.5,1.5,2.1,10.1,0.9,9.5,11.8
869,2021,Jeremy Lamb,IND,SG,36,8,21.3,3.3,7.7,.435,1.4,3.6,.406,1.9,4.1,.459,.529,2.0,2.1,.947,0.7,3.6,2.9,14.9,3.6,3.6,9.3,1.5,9.4,0.9,2.1,0.6,2.4,2.0,10.1,0.6,6.6,15.8
870,2021,Théo Maledon,OKC,PG,65,49,27.4,3.5,9.4,.368,1.6,4.8,.335,1.9,4.6,.402,.454,1.6,2.1,.748,0.4,1.4,2.9,11.0,3.2,3.2,6.2,3.5,18.8,0.9,1.5,0.2,0.5,1.9,10.1,2.2,17.3,8.2
871,2021,Elfrid Payton,NYK,PG,63,63,23.6,4.3,9.9,.432,0.4,1.6,.286,3.8,8.3,.460,.455,1.2,1.7,.682,1.0,4.7,2.4,11.0,3.4,3.4,7.9,3.2,21.6,0.7,1.6,0.1,0.6,1.8,10.1,1.6,13.3,11.7
872,2021,Bryn Forbes,MIL,SG,70,10,19.3,3.6,7.6,.473,2.2,4.9,.452,1.4,2.7,.511,.618,0.7,0.9,.770,0.2,0.9,1.4,7.6,1.6,1.6,4.3,0.6,4.5,0.3,0.8,0.0,0.1,1.1,10.0,0.6,7.3,12.8
873,2021,Gary Harris,2TM,SG,39,38,27.7,3.5,8.8,.400,1.2,3.6,.340,2.3,5.2,.441,.470,1.6,2.0,.821,0.5,2.1,1.5,5.9,2.0,2.0,4.0,2.0,10.3,0.7,1.3,0.3,1.0,1.8,9.9,0.9,8.9,9.1
874,2021,Gary Harris,DEN,SG,19,19,30.6,3.6,8.2,.442,1.3,3.9,.320,2.4,4.3,.556,.519,1.2,1.6,.733,0.7,2.5,1.8,6.6,2.5,2.5,4.6,1.7,7.1,0.9,1.4,0.2,0.7,1.9,9.7,0.7,7.6,9.3
875,2021,Gary Harris,ORL,SG,20,19,25.0,3.5,9.5,.365,1.2,3.3,.364,2.3,6.2,.366,.429,2.1,2.4,.875,0.4,1.6,1.2,5.2,1.6,1.6,3.3,2.3,14.0,0.6,1.1,0.4,1.3,1.7,10.2,1.2,9.9,9.0
876,2021,Dorian Finney-Smith,DAL,PF,60,60,32.0,3.7,7.8,.472,2.0,5.0,.394,1.7,2.7,.616,.600,0.5,0.7,.756,1.6,5.7,3.8,13.0,5.4,5.4,9.3,1.7,7.2,0.9,1.3,0.4,1.2,2.3,9.8,0.8,9.0,12.0
877,2021,Frank Jackson,DET,PG,40,6,18.5,3.4,7.3,.457,1.5,3.8,.407,1.8,3.6,.510,.561,1.5,1.9,.813,0.4,2.2,1.8,10.8,2.2,2.2,6.5,0.9,7.9,0.4,1.0,0.0,0.1,1.3,9.8,0.9,9.4,13.2
878,2021,Otto Porter Jr.,2TM,SF,28,6,21.6,3.5,8.1,.432,1.4,3.7,.375,2.1,4.4,.480,.518,1.3,1.5,.857,1.0,5.2,4.4,22.4,5.4,5.4,13.8,2.0,12.9,0.6,1.3,0.1,0.6,1.5,9.7,0.9,9.2,14.5
879,2021,Otto Porter Jr.,CHI,SF,25,6,21.6,3.6,8.1,.441,1.5,3.8,.400,2.0,4.3,.477,.535,1.2,1.5,.838,1.1,5.8,4.4,22.4,5.5,5.5,14.2,2.0,13.1,0.5,1.1,0.2,0.6,1.5,9.9,1.0,10.3,14.8
880,2021,Otto Porter Jr.,ORL,PF,3,0,22.0,3.0,8.3,.360,0.3,3.0,.111,2.7,5.3,.500,.380,1.7,1.7,1.000,0.0,0.0,4.7,22.8,4.7,4.7,11.0,1.7,11.5,1.3,2.9,0.0,0.0,1.3,8.0,0.0,0.0,11.7
881,2021,Kentavious Caldwell-Pope,LAL,SG,67,67,28.4,3.3,7.6,.431,1.8,4.4,.410,1.5,3.2,.460,.549,1.4,1.7,.866,0.4,1.6,2.3,8.9,2.7,2.7,5.3,1.9,9.2,0.9,1.6,0.4,1.2,1.7,9.7,1.0,10.6,10.7
882,2021,Mike Muscala,OKC,C,35,0,18.4,3.4,7.6,.446,1.9,5.3,.370,1.5,2.4,.614,.573,0.9,1.0,.917,0.5,3.0,3.2,18.4,3.8,3.8,10.6,0.8,7.0,0.2,0.6,0.3,1.5,1.5,9.7,0.6,6.9,14.7
883,2021,Daniel Theis,2TM,C,65,51,24.6,3.9,7.2,.541,0.8,2.3,.322,3.1,4.8,.646,.593,1.1,1.7,.673,1.4,6.5,4.0,18.3,5.5,5.5,12.4,1.7,9.5,0.6,1.2,0.9,3.3,2.6,9.6,1.0,11.4,15.0
884,2021,Daniel Theis,BOS,C,42,37,24.5,3.8,6.9,.552,0.8,2.3,.347,3.0,4.6,.653,.609,1.1,1.6,.687,1.3,5.8,4.0,18.1,5.2,5.2,11.9,1.6,9.3,0.6,1.2,1.0,3.9,2.9,9.5,1.0,11.4,15.0
885,2021,Daniel Theis,CHI,C,23,14,25.0,4.0,7.7,.522,0.7,2.5,.281,3.3,5.3,.636,.567,1.2,1.9,.651,1.7,7.6,4.2,18.5,5.9,5.9,13.1,1.8,10.0,0.7,1.4,0.6,2.1,2.0,10.0,1.1,11.3,14.9
886,2021,Wayne Ellington,DET,SG,46,31,22.0,3.2,7.3,.441,2.5,6.0,.422,0.7,1.4,.524,.612,0.6,0.8,.800,0.3,1.3,1.6,8.1,1.8,1.8,4.7,1.5,10.2,0.4,0.9,0.2,0.8,1.3,9.6,0.7,8.5,12.2
887,2021,Cameron Johnson,PHO,PF,60,11,24.0,3.4,8.1,.420,2.0,5.6,.349,1.4,2.5,.581,.541,0.8,1.0,.847,0.6,2.6,2.8,12.9,3.3,3.3,7.9,1.4,8.0,0.6,1.3,0.3,1.0,1.4,9.6,0.7,7.3,11.8
888,2021,Isaac Okoro,CLE,SG,67,67,32.4,3.5,8.3,.420,0.9,3.2,.290,2.6,5.1,.501,.476,1.7,2.3,.726,1.0,3.4,2.1,7.3,3.1,3.1,5.3,1.9,8.6,0.9,1.4,0.4,1.0,2.8,9.6,1.3,12.0,7.9
889,2021,Taurean Prince,2TM,PF,41,10,22.1,3.2,8.0,.401,1.5,3.8,.400,1.7,4.2,.401,.495,1.6,1.9,.855,0.5,2.3,3.0,15.3,3.5,3.5,8.8,1.9,12.8,0.7,1.5,0.6,2.3,1.8,9.5,1.1,11.5,12.1
890,2021,Taurean Prince,BRK,PF,12,4,18.2,2.5,6.2,.405,1.1,3.1,.351,1.4,3.1,.459,.493,2.0,2.3,.889,0.2,1.1,2.7,15.4,2.8,2.8,8.6,0.6,4.3,0.7,1.8,0.7,3.2,1.8,8.1,0.9,11.4,11.7
891,2021,Taurean Prince,CLE,PF,29,6,23.7,3.5,8.7,.399,1.7,4.1,.415,1.8,4.7,.385,.496,1.4,1.7,.837,0.6,2.7,3.1,15.2,3.7,3.7,8.8,2.4,15.5,0.7,1.4,0.5,1.9,1.9,10.1,1.2,11.6,12.2
892,2021,Danny Green,PHI,SF,69,69,28.0,3.2,7.9,.412,2.5,6.3,.405,0.7,1.6,.438,.573,0.4,0.6,.775,0.8,3.2,3.0,11.5,3.8,3.8,7.4,1.7,8.3,1.3,2.3,0.8,2.6,1.8,9.5,1.0,10.7,12.1
893,2021,Eric Paschall,GSW,PF,40,2,17.4,3.7,7.5,.497,0.5,1.4,.333,3.3,6.1,.533,.527,1.7,2.4,.713,0.7,4.3,2.5,15.1,3.2,3.2,9.8,1.3,11.4,0.3,0.8,0.2,0.9,1.7,9.5,1.1,11.2,13.4
894,2021,Trevor Ariza,MIA,SF,30,27,28.0,3.3,8.0,.411,1.7,4.8,.350,1.6,3.3,.500,.515,1.1,1.5,.773,0.9,3.7,3.9,15.6,4.8,4.8,9.8,1.8,9.4,1.0,1.8,0.6,2.2,1.8,9.4,0.7,7.5,11.9
895,2021,Cody Zeller,CHO,C,48,21,20.9,3.8,6.8,.559,0.1,0.6,.143,3.7,6.2,.598,.565,1.8,2.5,.714,2.5,12.6,4.4,22.9,6.8,6.8,17.7,1.8,13.2,0.6,1.3,0.4,1.7,2.5,9.4,1.1,11.9,18.2
896,2021,KJ Martin,HOU,SF,45,8,23.7,3.6,7.1,.509,0.8,2.1,.365,2.8,4.9,.572,.564,1.3,1.9,.714,1.6,7.0,3.8,17.6,5.4,5.4,12.1,1.1,6.8,0.7,1.3,0.9,3.4,2.0,9.3,0.8,9.7,14.6
897,2021,Larry Nance Jr.,CLE,PF,35,27,31.2,3.7,7.8,.471,1.2,3.3,.360,2.5,4.5,.551,.546,0.9,1.4,.612,1.5,5.4,5.2,19.0,6.7,6.7,12.1,3.1,14.4,1.7,2.8,0.5,1.4,2.1,9.3,1.6,15.8,13.2
898,2021,Landry Shamet,BRK,SG,61,12,23.0,3.0,7.5,.408,2.1,5.5,.387,0.9,2.0,.463,.549,1.1,1.3,.846,0.2,0.9,1.7,7.6,1.8,1.8,4.4,1.6,9.3,0.5,1.1,0.2,0.6,1.5,9.3,0.8,8.9,10.3
899,2021,Desmond Bane,MEM,SG,68,17,22.3,3.4,7.3,.469,1.7,4.0,.432,1.7,3.4,.513,.586,0.6,0.7,.816,0.5,2.1,2.6,12.6,3.1,3.1,7.3,1.7,10.6,0.6,1.3,0.2,0.9,1.8,9.2,0.9,10.2,12.2
900,2021,Josh Hart,NOP,SF,47,4,28.7,3.2,7.3,.439,1.3,4.1,.326,1.9,3.2,.583,.531,1.5,1.9,.775,1.1,4.3,6.9,26.1,8.0,8.0,15.2,2.3,10.6,0.8,1.4,0.3,0.8,2.4,9.2,1.0,11.3,12.2
901,2021,David Nwaba,HOU,SF,30,9,22.6,3.5,7.3,.486,0.6,2.1,.270,3.0,5.2,.574,.525,1.6,2.3,.691,1.3,6.0,2.6,12.8,3.9,3.9,9.3,1.0,6.9,1.0,2.1,0.7,2.8,2.0,9.2,0.6,6.4,14.4
902,2021,Patrick Williams,CHI,PF,71,71,27.9,3.6,7.4,.483,0.8,1.9,.391,2.8,5.5,.515,.534,1.3,1.8,.728,0.9,3.7,3.7,14.4,4.6,4.6,9.1,1.4,6.7,0.9,1.6,0.6,2.0,1.8,9.2,1.4,14.4,10.5
903,2021,Furkan Korkmaz,PHI,SG,55,11,19.3,3.1,7.7,.401,1.8,4.9,.375,1.3,2.8,.445,.520,1.1,1.5,.732,0.3,1.8,1.7,9.8,2.1,2.1,5.9,1.5,11.1,0.9,2.2,0.2,0.8,1.2,9.1,0.8,9.1,12.8
904,2021,De'Anthony Melton,MEM,PG,52,1,20.1,3.3,7.6,.438,1.7,4.1,.412,1.6,3.5,.467,.548,0.8,1.0,.804,0.6,3.0,2.5,13.4,3.1,3.1,8.2,2.5,17.5,1.2,2.7,0.6,2.7,1.6,9.1,1.3,13.7,15.2
905,2021,Talen Horton-Tucker,LAL,SG,65,4,20.1,3.4,7.5,.458,0.6,2.0,.282,2.9,5.5,.522,.496,1.5,2.0,.775,0.4,2.2,2.2,12.3,2.6,2.6,7.3,2.8,20.8,1.0,2.4,0.3,1.4,2.0,9.0,1.6,16.1,12.9
906,2021,Robin Lopez,WAS,C,71,9,19.1,3.8,6.0,.633,0.1,0.3,.278,3.7,5.7,.649,.639,1.4,1.9,.723,2.0,11.1,1.8,10.2,3.8,3.8,10.6,0.8,5.9,0.2,0.5,0.6,2.7,1.5,9.0,1.1,13.4,16.7
907,2021,Paul Millsap,DEN,PF,56,36,20.8,3.4,7.2,.476,0.9,2.6,.343,2.5,4.6,.550,.537,1.3,1.8,.724,1.4,7.4,3.3,18.1,4.7,4.7,12.8,1.8,11.6,0.9,2.2,0.6,3.0,2.0,9.0,0.9,10.3,16.4
908,2021,Jaylen Nowell,MIN,SG,42,0,18.1,3.4,8.0,.424,1.2,3.6,.333,2.2,4.4,.497,.499,1.1,1.3,.818,0.5,2.6,1.8,11.3,2.3,2.3,6.8,1.5,12.5,0.5,1.4,0.3,1.4,1.7,9.0,0.7,7.2,12.3
909,2021,Ivica Zubac,LAC,C,72,33,22.3,3.6,5.5,.652,0.0,0.1,.250,3.6,5.4,.656,.654,1.9,2.4,.789,2.6,13.6,4.6,22.4,7.2,7.2,18.1,1.3,7.9,0.3,0.7,0.9,3.4,2.6,9.0,1.1,14.7,19.1
910,2021,DeMarcus Cousins,2TM,C,41,11,17.4,3.2,7.4,.426,1.1,3.3,.348,2.0,4.1,.488,.503,1.4,2.0,.728,1.3,8.0,5.1,32.7,6.4,6.4,20.0,1.9,16.3,0.8,2.3,0.6,3.0,2.6,8.9,1.6,15.8,16.4
911,2021,DeMarcus Cousins,HOU,C,25,11,20.2,3.2,8.4,.376,1.6,4.6,.336,1.6,3.8,.426,.469,1.8,2.4,.746,1.2,6.1,6.4,35.4,7.6,7.6,20.1,2.4,18.0,0.8,2.0,0.7,3.2,3.0,9.6,1.6,14.2,14.9
912,2021,DeMarcus Cousins,LAC,C,16,0,12.9,3.2,5.9,.537,0.5,1.2,.421,2.7,4.8,.566,.579,0.9,1.4,.682,1.4,12.9,3.1,25.9,4.5,4.5,19.6,1.0,12.4,0.8,3.1,0.4,2.6,2.1,7.8,1.6,19.3,20.3
913,2021,Bruce Brown,BRK,PG,65,37,22.3,3.6,6.5,.556,0.3,0.9,.288,3.4,5.6,.599,.576,1.3,1.8,.735,1.7,8.9,3.7,17.2,5.4,5.4,13.3,1.6,9.8,0.9,1.9,0.4,1.7,2.2,8.8,0.8,10.2,16.1
914,2021,Michael Carter-Williams,ORL,SG,31,25,25.8,3.4,8.7,.389,0.5,2.0,.246,2.9,6.7,.431,.417,1.6,2.6,.613,1.3,4.9,3.2,13.4,4.5,4.5,9.0,4.2,24.3,0.8,1.5,0.5,1.9,2.6,8.8,2.2,18.4,9.5
915,2021,Danuel House Jr.,HOU,SF,36,23,25.9,3.1,7.6,.404,1.5,4.3,.346,1.6,3.2,.483,.504,1.1,1.8,.651,0.5,2.0,3.2,13.6,3.7,3.7,7.5,1.9,10.6,0.6,1.0,0.4,1.5,1.9,8.8,1.0,10.7,9.1
916,2021,Jay Scrubb,LAC,SG,4,1,21.0,3.5,9.0,.389,0.5,2.3,.222,3.0,6.8,.444,.417,1.3,1.3,1.000,0.5,2.8,3.0,15.6,3.5,3.5,9.4,0.3,1.7,1.0,2.4,0.0,0.0,1.3,8.8,1.8,15.5,6.3
917,2021,George Hill,2TM,PG,30,17,22.4,3.2,6.6,.482,1.0,2.7,.388,2.1,3.9,.547,.561,1.3,1.7,.800,0.5,2.6,1.5,7.2,2.0,2.0,4.9,2.4,16.0,0.8,1.6,0.2,0.7,1.0,8.7,1.0,12.4,13.1
918,2021,George Hill,OKC,PG,14,14,26.4,4.4,8.6,.508,1.6,4.1,.386,2.8,4.5,.619,.600,1.5,1.8,.840,0.6,2.2,1.5,6.0,2.1,2.1,4.1,3.1,18.2,0.9,1.5,0.1,0.5,0.9,11.8,0.9,8.4,15.9
919,2021,George Hill,PHI,PG,16,3,18.9,2.1,4.8,.442,0.6,1.4,.391,1.6,3.4,.463,.500,1.2,1.6,.760,0.5,3.0,1.5,8.6,2.0,2.0,5.8,1.9,13.3,0.7,1.8,0.2,0.9,1.2,6.0,1.2,17.8,9.7
920,2021,Terence Davis,2TM,SG,61,4,17.6,3.2,7.5,.428,1.6,4.4,.367,1.6,3.1,.513,.535,0.7,0.9,.818,0.3,2.0,2.2,14.1,2.5,2.5,7.9,1.4,11.4,0.7,2.0,0.2,1.2,1.6,8.7,1.0,11.6,12.7
921,2021,Terence Davis,TOR,SG,34,4,14.5,2.6,6.2,.414,1.3,3.6,.361,1.3,2.6,.489,.519,0.5,0.5,.889,0.3,1.9,1.7,13.2,1.9,1.9,7.4,1.1,11.6,0.5,1.7,0.2,1.4,1.4,6.9,0.9,11.7,11.1
922,2021,Terence Davis,SAC,SG,27,0,21.5,4.0,9.1,.439,2.0,5.4,.372,2.0,3.7,.535,.549,1.1,1.4,.784,0.4,2.1,2.9,14.9,3.3,3.3,8.4,1.7,11.3,1.0,2.2,0.3,1.0,1.8,11.1,1.3,11.5,14.0
923,2021,Raul Neto,WAS,PG,64,22,21.9,3.3,7.0,.468,1.0,2.6,.390,2.3,4.4,.512,.539,1.2,1.3,.882,0.4,2.1,2.0,9.6,2.4,2.4,5.9,2.3,14.0,1.1,2.4,0.1,0.4,1.7,8.7,0.8,9.9,13.0
924,2021,Isaiah Roby,OKC,PF,61,34,23.4,3.4,7.0,.483,0.5,1.8,.294,2.9,5.2,.547,.520,1.4,1.9,.744,1.5,6.4,4.1,18.6,5.6,5.6,12.4,1.8,11.4,0.9,1.7,0.6,2.3,2.7,8.7,1.9,19.0,11.9
925,2021,Dario Šarić,PHO,C,50,4,17.4,3.1,6.8,.447,0.9,2.7,.348,2.1,4.1,.512,.516,1.7,2.0,.848,0.9,6.1,2.9,18.4,3.8,3.8,12.4,1.3,10.4,0.6,1.7,0.1,0.4,1.9,8.7,1.1,12.9,14.3
926,2021,Moses Brown,OKC,C,43,32,21.4,3.4,6.2,.545,0.0,0.0,,3.4,6.2,.545,.545,1.8,2.9,.619,3.6,17.2,5.3,26.2,8.9,8.9,21.6,0.2,1.7,0.7,1.6,1.1,4.5,2.2,8.6,1.0,11.7,18.8
927,2021,T.J. McConnell,IND,PG,69,3,26.0,4.0,7.1,.559,0.2,0.7,.313,3.8,6.4,.586,.574,0.5,0.7,.688,0.8,3.3,2.9,12.1,3.7,3.7,7.7,6.6,34.3,1.9,3.4,0.3,1.0,1.6,8.6,2.0,20.9,16.9
928,2021,Jakob Poeltl,SAS,C,69,51,26.7,3.8,6.2,.616,0.0,0.0,,3.8,6.2,.616,.616,0.9,1.8,.508,3.2,12.4,4.8,19.3,7.9,7.9,15.8,1.9,10.1,0.7,1.2,1.8,5.7,2.5,8.6,1.2,14.6,17.5
929,2021,Ricky Rubio,MIN,PG,68,51,26.1,2.8,7.3,.388,1.0,3.1,.308,1.9,4.2,.447,.454,1.9,2.2,.867,0.4,1.6,2.9,12.4,3.3,3.3,6.8,6.4,33.3,1.4,2.6,0.1,0.2,2.0,8.6,1.6,16.4,13.5
930,2021,Svi Mykhailiuk,2TM,SF,66,14,20.1,3.2,7.7,.411,1.6,4.8,.334,1.6,2.9,.536,.515,0.6,0.8,.760,0.4,1.9,2.1,11.4,2.5,2.5,6.6,1.7,12.9,0.8,1.9,0.2,0.8,1.0,8.5,1.3,14.3,10.4
931,2021,Svi Mykhailiuk,DET,SF,36,5,17.6,2.3,6.2,.377,1.6,4.8,.333,0.8,1.4,.519,.504,0.7,0.8,.800,0.3,1.9,1.8,11.2,2.1,2.1,6.5,1.6,13.5,0.8,2.1,0.2,0.8,0.9,6.9,1.1,14.2,10.2
932,2021,Svi Mykhailiuk,OKC,SF,30,9,23.0,4.1,9.4,.438,1.6,4.8,.336,2.5,4.7,.543,.523,0.5,0.7,.700,0.4,1.9,2.5,11.6,3.0,3.0,6.7,1.8,12.3,0.8,1.7,0.2,0.8,1.0,10.3,1.6,14.4,10.6
933,2021,Robert Covington,POR,PF,70,70,32.0,2.9,7.3,.401,1.9,5.1,.379,1.0,2.2,.451,.533,0.7,0.9,.806,0.9,2.8,5.8,19.8,6.7,6.7,11.1,1.7,6.8,1.4,2.2,1.2,3.4,2.8,8.5,0.9,10.7,11.2
934,2021,Gabriel Deck,OKC,PF,10,0,21.2,3.2,6.7,.478,0.2,1.5,.133,3.0,5.2,.577,.493,1.8,2.2,.818,1.6,7.8,2.4,11.9,4.0,4.0,9.8,2.4,17.3,0.8,1.8,0.0,0.0,0.9,8.4,0.6,7.3,16.1
935,2021,James Ennis III,ORL,SF,41,37,24.0,2.8,5.9,.473,1.1,2.5,.433,1.7,3.4,.504,.566,1.7,2.1,.805,1.0,4.4,3.0,13.4,4.0,4.0,8.7,1.5,9.3,0.8,1.6,0.2,0.6,2.0,8.4,0.9,11.3,12.5
936,2021,Cameron Payne,PHO,PG,60,1,18.0,3.2,6.6,.484,1.2,2.8,.440,2.0,3.8,.515,.576,0.8,0.9,.893,0.3,1.7,2.1,13.2,2.4,2.4,7.6,3.6,28.1,0.6,1.6,0.3,1.3,1.6,8.4,1.0,12.5,17.4
937,2021,Luke Kennard,LAC,SG,63,17,19.6,3.1,6.6,.476,1.6,3.6,.446,1.5,3.0,.511,.597,0.4,0.5,.839,0.2,1.4,2.3,13.0,2.6,2.6,7.3,1.7,11.9,0.4,0.9,0.1,0.7,1.4,8.3,0.8,10.1,12.7
938,2021,Mitchell Robinson,NYK,C,31,29,27.5,3.7,5.7,.653,0.0,0.0,,3.7,5.7,.653,.653,0.8,1.7,.491,3.6,14.5,4.5,17.5,8.1,8.1,16.0,0.5,2.9,1.1,2.1,1.5,5.0,2.8,8.3,0.8,11.5,17.7
939,2021,Cory Joseph,2TM,PG,63,13,23.0,3.2,6.8,.469,0.7,2.1,.341,2.5,4.7,.527,.522,1.1,1.4,.818,0.6,2.7,2.0,9.7,2.5,2.5,6.1,3.4,21.4,1.0,2.0,0.3,1.1,2.2,8.2,1.3,14.5,12.5
940,2021,Cory Joseph,SAC,PG,44,2,21.5,2.5,5.7,.444,0.7,2.1,.330,1.8,3.5,.513,.506,0.8,1.1,.766,0.6,2.9,1.7,8.8,2.3,2.3,5.8,2.5,14.9,0.9,2.0,0.2,0.8,2.2,6.6,1.0,14.0,9.9
941,2021,Cory Joseph,DET,PG,19,11,26.4,4.7,9.3,.506,0.7,2.0,.368,3.9,7.3,.543,.545,1.9,2.2,.878,0.5,2.2,2.6,11.2,3.2,3.2,6.6,5.5,33.7,1.2,2.1,0.5,1.6,2.2,12.0,1.8,15.3,17.3
942,2021,Sterling Brown,HOU,SG,51,14,24.1,2.9,6.6,.448,1.8,4.2,.423,1.2,2.4,.492,.584,0.5,0.6,.806,0.7,3.2,3.6,16.8,4.4,4.4,9.7,1.4,8.4,0.7,1.5,0.2,0.9,1.9,8.2,0.8,10.5,11.1
943,2021,Aleksej Pokusevski,OKC,PF,45,28,24.2,3.1,9.1,.341,1.3,4.6,.280,1.8,4.5,.403,.412,0.7,0.9,.738,0.7,2.8,4.0,17.6,4.7,4.7,10.1,2.2,13.1,0.4,0.9,0.9,3.4,1.3,8.2,2.2,18.8,6.1
944,2021,Nicolas Batum,LAC,SF,67,38,27.4,2.9,6.1,.464,1.6,4.1,.404,1.2,2.1,.579,.597,0.7,0.9,.828,0.7,3.2,4.0,15.9,4.7,4.7,9.7,2.2,10.5,1.0,1.9,0.6,1.8,1.5,8.1,0.8,10.8,12.9
945,2021,JaMychal Green,DEN,PF,58,5,19.3,3.0,6.4,.463,1.4,3.4,.399,1.6,3.0,.534,.568,0.8,1.0,.807,1.5,8.6,3.3,19.4,4.8,4.8,14.0,0.9,6.4,0.4,1.1,0.4,1.9,2.5,8.1,0.9,11.7,13.6
946,2021,Hassan Whiteside,SAC,C,36,4,15.2,3.5,6.2,.563,0.0,0.0,.000,3.5,6.2,.565,.563,1.1,2.2,.519,1.7,12.2,4.3,31.8,6.0,6.0,21.9,0.6,5.6,0.3,0.8,1.3,7.1,2.0,8.1,1.1,13.4,19.2
947,2021,Mo Bamba,ORL,C,46,5,15.8,3.1,6.5,.472,0.8,2.6,.322,2.3,4.0,.568,.535,1.0,1.4,.682,1.7,10.5,4.1,28.0,5.8,5.8,19.0,0.8,8.1,0.3,0.9,1.3,7.3,1.9,8.0,0.8,9.8,19.3
948,2021,Tyrese Maxey,PHI,SG,61,8,15.3,3.2,7.0,.462,0.5,1.7,.301,2.7,5.3,.512,.498,1.0,1.1,.871,0.2,1.3,1.5,10.8,1.7,1.7,6.1,2.0,19.9,0.4,1.3,0.2,1.2,1.3,8.0,0.7,8.2,14.5
949,2021,Kenrich Williams,OKC,PF,66,13,21.6,3.3,6.2,.533,0.8,1.8,.444,2.5,4.5,.568,.596,0.5,1.0,.571,1.3,6.1,2.9,14.0,4.1,4.1,10.0,2.3,16.4,0.8,1.8,0.3,1.1,2.2,8.0,1.2,14.8,14.0
950,2021,Robert Williams,BOS,C,52,13,18.9,3.6,5.0,.721,0.0,0.0,.000,3.6,4.9,.727,.721,0.9,1.4,.616,2.6,14.9,4.3,25.6,6.9,6.9,20.2,1.8,14.2,0.8,2.1,1.8,8.6,2.0,8.0,1.0,15.2,25.7
951,2021,Austin Rivers,2TM,SG,36,7,23.5,2.9,6.8,.424,1.5,4.1,.369,1.4,2.7,.510,.537,0.6,0.9,.710,0.2,1.1,2.1,9.6,2.3,2.3,5.4,2.3,13.2,0.8,1.8,0.1,0.2,1.8,7.9,1.0,12.2,9.9
952,2021,Austin Rivers,NYK,SG,21,2,21.0,2.8,6.4,.430,1.3,3.7,.364,1.4,2.8,.517,.533,0.5,0.7,.714,0.2,1.2,2.0,10.2,2.2,2.2,5.8,2.0,13.9,0.6,1.4,0.0,0.0,1.5,7.3,1.0,13.5,9.5
953,2021,Austin Rivers,DEN,SG,15,5,26.9,3.1,7.3,.418,1.8,4.8,.375,1.3,2.5,.500,.541,0.8,1.1,.706,0.2,0.8,2.1,9.0,2.3,2.3,4.9,2.6,12.5,1.2,2.2,0.1,0.5,2.1,8.7,0.9,10.6,10.3
954,2021,Isaiah Stewart,DET,C,68,14,21.4,3.3,6.0,.553,0.3,0.9,.333,3.0,5.1,.592,.578,0.9,1.4,.696,2.3,12.0,4.3,22.7,6.7,6.7,17.3,0.9,6.3,0.6,1.3,1.3,5.2,2.7,7.9,1.0,13.0,16.4
955,2021,Willy Hernangómez,NOP,C,47,12,18.0,3.2,5.7,.563,0.0,0.2,.100,3.2,5.5,.581,.565,1.3,2.0,.667,2.5,15.0,4.6,27.8,7.1,7.1,21.4,1.1,8.5,0.5,1.2,0.5,2.6,1.4,7.8,0.7,9.9,19.6
956,2021,Chuma Okeke,ORL,PF,45,19,25.2,3.0,7.2,.417,1.1,3.1,.348,1.9,4.1,.470,.492,0.7,0.9,.750,0.9,3.7,3.1,13.2,4.0,4.0,8.3,2.2,13.2,1.1,2.1,0.5,1.8,1.1,7.8,0.8,10.0,11.8
957,2021,Anfernee Simons,POR,SG,64,0,17.3,2.6,6.3,.419,1.9,4.4,.426,0.8,1.9,.403,.569,0.7,0.9,.807,0.2,1.3,2.0,12.5,2.2,2.2,6.8,1.4,11.4,0.3,0.8,0.1,0.6,1.5,7.8,0.7,9.2,12.3
958,2021,D.J. Augustin,2TM,PG,57,12,19.8,2.4,6.0,.394,1.5,3.8,.382,0.9,2.2,.413,.515,1.5,1.6,.904,0.4,1.9,1.3,7.0,1.6,1.6,4.4,3.3,22.2,0.5,1.2,0.0,0.1,1.0,7.7,1.1,14.5,12.1
959,2021,D.J. Augustin,MIL,PG,37,6,19.3,1.9,5.2,.370,1.3,3.5,.380,0.6,1.7,.349,.497,1.0,1.1,.900,0.3,1.7,1.1,5.5,1.4,1.4,3.7,3.0,18.6,0.5,1.3,0.0,0.1,0.9,6.1,0.9,14.0,10.2
960,2021,D.J. Augustin,HOU,PG,20,6,20.8,3.2,7.6,.424,1.7,4.4,.386,1.5,3.2,.476,.536,2.5,2.7,.907,0.5,2.2,1.8,9.4,2.2,2.2,5.6,3.9,28.3,0.4,0.9,0.0,0.0,1.2,10.6,1.6,15.1,15.5
961,2021,Ben McLemore,2TM,SG,53,5,17.1,2.5,6.9,.370,1.8,5.3,.346,0.7,1.6,.447,.503,0.7,1.0,.736,0.3,1.7,1.6,10.5,1.9,1.9,6.0,0.7,6.4,0.4,1.2,0.2,0.9,1.7,7.7,0.8,9.8,8.5
962,2021,Ben McLemore,HOU,SG,32,4,16.8,2.5,7.0,.357,1.7,5.2,.331,0.8,1.8,.431,.480,0.7,1.0,.719,0.3,2.1,1.7,11.4,2.1,2.1,6.6,0.9,7.8,0.6,1.8,0.1,0.5,1.6,7.4,0.9,10.5,8.3
963,2021,Ben McLemore,LAL,SG,21,1,17.5,2.6,6.7,.390,2.0,5.4,.368,0.6,1.3,.481,.539,0.8,1.0,.762,0.2,1.2,1.4,9.1,1.6,1.6,5.2,0.5,4.3,0.1,0.4,0.3,1.5,1.8,8.0,0.7,8.5,8.8
964,2021,PJ Dozier,DEN,SG,50,6,21.8,3.0,7.1,.417,0.9,3.0,.315,2.0,4.1,.490,.483,0.8,1.3,.636,0.7,3.7,2.9,15.3,3.6,3.6,9.5,1.8,11.2,0.6,1.4,0.4,2.0,1.7,7.7,0.9,10.7,10.4
965,2021,Mike James,BRK,PG,13,1,18.2,2.6,7.1,.370,0.8,2.4,.355,1.8,4.7,.377,.429,1.6,2.1,.778,0.2,1.5,2.2,12.9,2.5,2.5,7.5,4.2,30.6,0.5,1.2,0.1,0.4,0.8,7.7,1.5,16.1,11.9
966,2021,Naji Marshall,NOP,SF,32,10,21.9,2.6,6.5,.392,0.9,2.6,.349,1.7,3.9,.421,.462,1.7,2.3,.707,0.5,2.3,4.2,20.6,4.6,4.6,11.5,2.8,16.5,0.8,1.8,0.3,1.4,1.8,7.7,1.2,13.6,11.4
967,2021,Payton Pritchard,BOS,SG,66,4,19.2,2.8,6.3,.440,1.5,3.8,.411,1.2,2.6,.482,.562,0.6,0.7,.889,0.5,2.9,1.9,11.1,2.4,2.4,6.9,1.8,13.3,0.6,1.4,0.1,0.7,1.6,7.7,0.8,10.8,12.4
968,2021,Tomáš Satoranský,CHI,SG,58,18,22.5,2.9,5.7,.514,0.7,2.0,.356,2.2,3.6,.602,.578,1.2,1.4,.848,0.5,2.6,1.9,9.4,2.4,2.4,6.0,4.7,27.9,0.7,1.5,0.2,0.9,1.5,7.7,1.7,20.9,13.8
969,2021,Isaiah Thomas,NOP,PG,3,0,16.0,3.0,9.0,.333,1.0,4.0,.250,2.0,5.0,.400,.389,0.7,0.7,1.000,0.3,2.3,1.0,6.8,1.3,1.3,4.5,1.7,15.1,0.3,1.0,0.0,0.0,1.0,7.7,2.0,17.7,2.4
970,2021,Steven Adams,NOP,C,58,58,27.7,3.3,5.3,.614,0.0,0.1,.000,3.3,5.3,.620,.614,1.0,2.3,.444,3.7,14.4,5.2,20.4,8.9,8.9,17.4,1.9,9.1,0.9,1.6,0.7,2.2,1.9,7.6,1.3,17.5,15.1
971,2021,Garrett Temple,CHI,SG,56,25,27.3,2.8,6.8,.415,1.2,3.6,.335,1.6,3.2,.503,.503,0.7,0.9,.800,0.5,2.1,2.3,9.4,2.9,2.9,5.8,2.2,10.5,0.8,1.4,0.5,1.7,2.3,7.6,1.0,12.6,8.2
972,2021,Tristan Thompson,BOS,C,54,43,23.8,3.1,6.0,.518,0.0,0.1,.000,3.1,6.0,.523,.518,1.3,2.2,.592,3.1,14.5,5.0,23.5,8.1,8.1,19.0,1.2,7.2,0.4,0.9,0.6,2.4,2.2,7.6,1.1,14.1,14.2
973,2021,Patrick Beverley,LAC,PG,37,34,22.5,2.5,5.9,.423,1.5,3.8,.397,1.0,2.1,.468,.550,1.0,1.2,.800,0.8,4.0,2.4,11.8,3.2,3.2,8.0,2.1,12.0,0.8,1.7,0.8,3.0,2.9,7.5,0.9,12.4,12.0
974,2021,Henry Ellenson,TOR,PF,2,0,19.0,2.5,7.0,.357,1.0,4.5,.222,1.5,2.5,.600,.429,1.5,2.0,.750,1.5,8.4,4.5,27.0,6.0,6.0,17.4,2.5,18.9,0.0,0.0,0.0,0.0,3.5,7.5,0.0,0.0,12.8
975,2021,Malachi Flynn,TOR,PG,47,14,19.7,2.7,7.2,.374,1.1,3.6,.321,1.6,3.7,.424,.453,1.0,1.2,.804,0.2,1.1,2.3,13.0,2.5,2.5,6.9,2.9,21.4,0.8,2.0,0.1,0.8,1.4,7.5,0.9,10.5,10.9
976,2021,Jaxson Hayes,NOP,C,60,3,16.1,2.9,4.7,.625,0.1,0.2,.429,2.8,4.4,.635,.636,1.6,2.0,.775,1.5,10.4,2.8,18.6,4.3,4.3,14.5,0.6,5.2,0.4,1.2,0.6,3.7,1.7,7.5,0.7,10.5,19.1
977,2021,DeAndre Jordan,BRK,C,57,43,21.9,3.3,4.4,.763,0.0,0.0,.000,3.3,4.4,.766,.763,0.8,1.6,.500,2.1,10.9,5.4,26.1,7.5,7.5,18.9,1.6,10.1,0.3,0.7,1.1,4.6,2.0,7.5,1.5,22.7,17.1
978,2021,Edmond Sumner,IND,SG,53,24,16.2,2.8,5.3,.525,0.7,1.7,.398,2.1,3.7,.582,.587,1.3,1.6,.819,0.3,2.3,1.4,9.5,1.8,1.8,5.9,0.9,7.9,0.6,1.8,0.2,0.9,1.7,7.5,1.0,13.8,12.7
979,2021,JJ Redick,2TM,SG,44,0,16.4,2.4,6.1,.397,1.5,4.0,.371,0.9,2.0,.449,.521,1.1,1.2,.942,0.1,0.6,1.4,9.0,1.5,1.5,4.8,1.2,9.7,0.3,0.7,0.1,0.4,1.1,7.4,0.8,11.0,9.9
980,2021,JJ Redick,NOP,SG,31,0,18.6,2.8,6.9,.407,1.6,4.5,.364,1.2,2.4,.486,.526,1.5,1.5,.957,0.1,0.6,1.6,9.2,1.7,1.7,4.9,1.3,9.6,0.3,0.7,0.1,0.3,1.2,8.7,0.8,9.6,10.9
981,2021,JJ Redick,DAL,SG,13,0,11.3,1.5,4.1,.358,1.2,2.9,.395,0.3,1.2,.267,.500,0.3,0.4,.800,0.1,0.8,0.8,8.2,0.9,0.9,4.5,0.8,10.3,0.2,0.7,0.1,0.6,1.0,4.4,0.8,16.6,5.9
982,2021,Jalen Harris,TOR,SG,13,2,13.2,2.8,5.5,.500,1.3,2.8,.472,1.5,2.8,.528,.618,0.5,0.7,.778,0.2,1.9,1.2,9.9,1.4,1.4,5.8,1.3,16.0,0.6,2.3,0.0,0.0,1.2,7.4,1.1,15.6,15.2
983,2021,Jalen McDaniels,CHO,SF,47,18,19.2,2.8,6.0,.468,0.7,2.2,.333,2.1,3.8,.547,.530,1.0,1.4,.703,1.0,5.3,2.6,15.1,3.6,3.6,10.1,1.1,8.6,0.6,1.5,0.4,2.1,2.0,7.4,1.0,12.6,11.4
984,2021,JaVale McGee,2TM,C,46,2,14.7,3.1,6.1,.511,0.1,0.5,.208,3.0,5.6,.539,.520,1.0,1.5,.657,1.7,12.6,3.5,27.3,5.2,5.2,19.8,0.8,9.7,0.4,1.4,1.2,7.3,2.6,7.3,1.3,16.2,17.0
985,2021,JaVale McGee,CLE,C,33,1,15.2,3.4,6.5,.521,0.2,0.6,.250,3.2,5.9,.549,.533,1.1,1.7,.655,1.6,11.7,3.5,26.5,5.2,5.2,18.9,1.0,11.4,0.5,1.6,1.2,7.1,2.4,8.0,1.4,15.8,18.4
986,2021,JaVale McGee,DEN,C,13,1,13.5,2.5,5.2,.478,0.0,0.3,.000,2.5,4.8,.508,.478,0.6,0.9,.667,1.8,15.0,3.5,29.7,5.3,5.3,22.4,0.5,4.8,0.2,0.8,1.1,7.8,3.2,5.5,1.2,17.2,12.9
987,2021,Louis King,SAC,SF,6,1,14.2,2.8,5.7,.500,0.7,1.8,.364,2.2,3.8,.565,.559,1.0,1.0,1.000,0.8,6.4,2.2,17.2,3.0,3.0,11.8,1.5,15.4,1.2,4.0,0.5,3.0,1.5,7.3,0.7,9.8,21.2
988,2021,Khem Birch,2TM,C,67,22,22.8,2.8,5.7,.497,0.2,0.8,.250,2.6,4.9,.537,.514,1.4,1.9,.705,2.6,11.6,3.2,15.3,5.8,5.8,13.4,1.3,8.5,0.7,1.5,0.7,3.1,1.7,7.2,0.7,9.2,15.1
989,2021,Khem Birch,ORL,C,48,5,19.8,2.0,4.4,.450,0.1,0.4,.190,1.9,3.9,.479,.459,1.3,1.8,.741,2.4,12.3,2.6,14.2,5.1,5.1,13.2,1.1,8.0,0.7,1.6,0.6,2.7,1.4,5.3,0.5,8.5,14.1
990,2021,Khem Birch,TOR,C,19,17,30.4,5.0,9.0,.556,0.5,1.6,.290,4.5,7.4,.614,.582,1.5,2.3,.636,3.0,10.5,4.6,17.2,7.6,7.6,13.7,1.9,9.4,0.8,1.3,1.2,3.8,2.4,11.9,1.1,9.9,16.9
991,2021,James Johnson,2TM,PF,51,12,20.5,2.9,6.4,.446,0.6,2.4,.258,2.3,4.1,.556,.494,0.9,1.5,.592,0.6,3.4,2.8,15.1,3.5,3.5,9.3,1.9,12.9,0.8,2.0,0.8,3.8,2.4,7.2,1.1,13.2,11.4
992,2021,James Johnson,DAL,PF,29,1,17.4,2.3,5.0,.462,0.5,2.1,.250,1.8,2.9,.612,.514,0.6,1.0,.586,0.5,3.1,2.5,15.6,3.0,3.0,9.4,1.7,13.7,0.8,2.3,0.8,4.2,2.0,5.7,0.9,14.6,12.2
993,2021,James Johnson,NOP,PF,22,11,24.5,3.6,8.3,.434,0.7,2.7,.267,2.9,5.5,.516,.478,1.3,2.1,.596,0.8,3.6,3.3,14.7,4.1,4.1,9.2,2.2,12.2,0.8,1.6,0.9,3.3,2.8,9.2,1.3,12.1,10.6
994,2021,Justin Jackson,2TM,SF,34,3,17.0,2.6,6.5,.403,1.1,3.4,.308,1.6,3.1,.510,.484,0.9,1.1,.838,0.5,2.9,1.8,11.1,2.3,2.3,6.9,1.5,13.9,0.4,1.2,0.1,0.3,0.9,7.2,0.9,11.9,10.4
995,2021,Justin Jackson,OKC,SF,33,3,16.5,2.6,6.4,.406,1.0,3.4,.306,1.6,3.1,.515,.486,0.9,1.1,.857,0.4,2.6,1.7,11.0,2.2,2.2,6.8,1.5,14.5,0.5,1.3,0.1,0.3,0.9,7.2,0.9,12.0,10.7
996,2021,Justin Jackson,MIL,SF,1,0,33.0,3.0,9.0,.333,2.0,6.0,.333,1.0,3.0,.333,.444,1.0,2.0,.500,2.0,6.6,4.0,12.3,6.0,6.0,9.6,1.0,3.6,0.0,0.0,0.0,0.0,1.0,9.0,1.0,9.2,5.8
997,2021,Kent Bazemore,GSW,SF,67,18,19.9,2.6,5.9,.449,1.1,2.7,.408,1.5,3.1,.486,.545,0.8,1.2,.692,0.4,2.1,3.0,16.0,3.4,3.4,9.1,1.6,11.1,1.0,2.4,0.5,2.2,2.4,7.2,1.2,16.1,10.6
998,2021,Juancho Hernangómez,MIN,PF,52,6,17.3,2.5,5.8,.435,1.1,3.2,.327,1.4,2.5,.573,.527,1.2,1.9,.619,0.9,5.2,3.1,20.0,3.9,3.9,12.3,0.7,5.6,0.4,1.0,0.1,0.7,1.0,7.2,0.5,7.3,12.1
999,2021,Aaron Holiday,IND,PG,66,8,17.8,2.6,6.6,.390,1.0,2.8,.368,1.6,3.8,.406,.467,1.0,1.3,.819,0.2,1.4,1.1,6.8,1.3,1.3,4.1,1.9,14.0,0.7,1.8,0.2,0.9,1.4,7.2,1.0,12.3,9.2
1000,2021,Tony Bradley,2TM,C,42,8,16.3,3.1,4.7,.665,0.0,0.1,.000,3.1,4.6,.675,.665,0.9,1.3,.691,2.0,13.3,3.7,24.0,5.7,5.7,18.6,0.9,8.5,0.4,1.0,0.7,3.9,1.5,7.1,0.8,13.0,20.7
1001,2021,Tony Bradley,PHI,C,20,8,14.4,2.6,3.8,.680,0.0,0.1,.000,2.6,3.7,.689,.680,0.4,0.6,.636,2.0,15.2,3.3,24.5,5.2,5.2,19.9,0.9,8.7,0.3,1.0,0.7,4.1,1.4,5.5,0.3,7.0,21.1
1002,2021,Tony Bradley,OKC,C,22,0,18.0,3.6,5.5,.656,0.0,0.1,.000,3.6,5.5,.667,.656,1.4,2.0,.705,2.1,11.9,4.0,23.6,6.1,6.1,17.7,0.9,8.3,0.4,1.1,0.8,3.8,1.5,8.7,1.2,16.0,20.4
1003,2021,Dewayne Dedmon,MIA,C,16,0,13.1,2.9,4.1,.708,0.1,0.3,.200,2.8,3.8,.750,.715,1.3,1.7,.741,1.8,15.5,3.6,31.0,5.4,5.4,23.4,0.8,9.6,0.6,2.1,0.4,3.0,2.3,7.1,0.8,14.5,24.5
1004,2021,Maxi Kleber,DAL,PF,50,40,26.8,2.3,5.5,.422,1.7,4.2,.410,0.6,1.3,.460,.580,0.7,0.7,.919,0.9,3.9,4.3,17.4,5.2,5.2,10.7,1.4,6.6,0.5,0.9,0.7,2.4,2.1,7.1,0.6,9.3,10.6
1005,2021,Ignas Brazdeikis,3TM,SF,13,0,19.2,2.7,6.4,.422,0.8,2.2,.393,1.8,4.2,.436,.488,0.8,1.1,.714,0.8,4.5,2.6,14.7,3.5,3.5,9.4,1.3,10.5,0.3,0.8,0.2,1.1,1.7,7.0,0.9,11.9,9.5
1006,2021,Ignas Brazdeikis,NYK,SF,4,0,1.8,0.0,0.3,.000,0.0,0.0,,0.0,0.3,.000,.000,0.5,0.5,1.000,0.3,15.7,0.3,15.3,0.5,0.5,15.5,0.3,17.5,0.0,0.0,0.0,0.0,0.0,0.5,0.3,34.7,11.2
1007,2021,Ignas Brazdeikis,PHI,SF,1,0,8.0,0.0,3.0,.000,0.0,1.0,.000,0.0,2.0,.000,.000,0.0,0.0,,0.0,0.0,2.0,27.0,2.0,2.0,13.8,0.0,0.0,0.0,0.0,0.0,0.0,0.0,0.0,0.0,0.0,-12.0
1008,2021,Ignas Brazdeikis,ORL,SF,8,0,29.3,4.4,9.9,.443,1.4,3.4,.407,3.0,6.5,.462,.513,1.0,1.5,.667,1.3,4.3,3.9,14.2,5.1,5.1,9.1,2.0,10.6,0.5,0.8,0.4,1.2,2.8,11.1,1.4,11.5,10.2
1009,2021,Daniel Gafford,2TM,C,54,11,14.6,2.9,4.2,.684,0.0,0.0,,2.9,4.2,.684,.684,1.3,2.0,.667,1.7,12.9,2.5,18.6,4.3,4.3,15.8,0.5,5.3,0.5,1.5,1.4,8.1,1.8,7.0,0.8,13.1,22.2
1010,2021,Daniel Gafford,CHI,C,31,11,12.4,1.9,2.8,.690,0.0,0.0,,1.9,2.8,.690,.690,0.9,1.3,.659,1.4,12.9,1.9,16.9,3.3,3.3,14.9,0.5,6.2,0.4,1.4,1.1,7.7,1.7,4.7,0.7,17.3,18.8
1011,2021,Daniel Gafford,WAS,C,23,0,17.7,4.1,6.0,.681,0.0,0.0,,4.1,6.0,.681,.681,2.0,2.9,.672,2.2,13.0,3.4,20.2,5.6,5.6,16.6,0.5,4.4,0.7,1.7,1.8,8.4,1.9,10.1,0.8,10.2,25.4
1012,2021,Draymond Green,GSW,PF,63,63,31.5,2.7,6.0,.447,0.5,2.0,.270,2.2,4.0,.535,.492,1.1,1.4,.795,0.9,3.0,6.2,20.8,7.1,7.1,12.0,8.9,36.4,1.7,2.5,0.8,2.3,3.1,7.0,3.0,31.0,13.3
1013,2021,Dwight Howard,PHI,C,69,6,17.3,2.6,4.4,.587,0.1,0.3,.250,2.5,4.1,.611,.596,1.8,3.0,.576,2.8,17.8,5.7,35.3,8.4,8.4,26.7,0.9,7.2,0.4,1.2,0.9,4.7,2.9,7.0,1.6,22.1,17.8
1014,2021,Terance Mann,LAC,SG,67,10,18.9,2.7,5.2,.509,0.6,1.4,.418,2.1,3.9,.541,.563,1.2,1.4,.830,0.8,5.1,2.8,16.1,3.6,3.6,10.8,1.6,11.3,0.4,1.1,0.2,0.9,1.9,7.0,0.6,9.3,13.8
1015,2021,Royce O'Neale,UTA,SF,71,71,31.6,2.5,5.5,.444,1.5,3.9,.385,1.0,1.6,.586,.580,0.5,0.6,.848,1.2,4.4,5.6,18.0,6.8,6.8,11.5,2.5,10.4,0.8,1.2,0.5,1.2,2.6,7.0,1.2,16.7,9.9
1016,2021,R.J. Hampton,2TM,SG,51,1,17.4,2.7,6.1,.435,0.5,1.7,.310,2.1,4.4,.482,.478,1.1,1.6,.671,0.6,3.4,2.9,18.4,3.5,3.5,10.7,1.7,15.2,0.4,1.2,0.2,1.0,1.2,6.9,1.0,13.2,11.1
1017,2021,R.J. Hampton,DEN,SG,25,0,9.3,1.0,2.4,.417,0.2,0.7,.278,0.8,1.7,.476,.458,0.4,0.5,.750,0.4,4.9,1.6,19.4,2.0,2.0,12.2,0.6,7.7,0.2,1.1,0.1,0.8,0.9,2.6,0.4,14.4,7.7
1018,2021,R.J. Hampton,ORL,SG,26,1,25.2,4.3,9.7,.439,0.8,2.7,.319,3.4,7.1,.484,.482,1.8,2.7,.657,0.7,2.9,4.2,18.0,5.0,5.0,10.2,2.8,17.8,0.6,1.2,0.3,1.1,1.5,11.2,1.6,12.9,12.3
1019,2021,Moritz Wagner,3TM,C,45,24,16.0,2.3,5.1,.454,0.7,2.0,.341,1.6,3.1,.529,.522,1.6,1.9,.816,0.6,3.9,2.6,17.7,3.2,3.2,10.7,1.1,9.7,0.6,1.7,0.4,2.2,2.4,6.9,1.0,13.9,12.5
1020,2021,Moritz Wagner,WAS,C,25,13,15.0,2.5,4.9,.508,0.5,1.7,.310,2.0,3.2,.613,.561,1.6,2.1,.788,0.5,3.7,2.4,16.9,2.9,2.9,10.3,1.3,11.7,0.9,2.7,0.3,1.8,2.5,7.1,0.8,12.7,15.4
1021,2021,Moritz Wagner,BOS,C,9,1,6.8,0.4,1.6,.286,0.2,0.7,.333,0.2,0.9,.250,.357,0.1,0.2,.500,0.3,5.4,1.8,29.4,2.1,2.1,17.3,0.7,12.4,0.0,0.0,0.1,1.5,1.1,1.2,1.0,37.7,-1.0
1022,2021,Moritz Wagner,ORL,C,11,10,26.0,3.5,8.5,.409,1.5,3.9,.372,2.0,4.5,.440,.495,2.6,3.0,.879,1.0,3.9,3.9,16.1,4.9,4.9,9.8,1.1,6.3,0.4,0.7,0.8,2.9,3.3,11.0,1.2,10.8,11.5
1023,2021,Georges Niang,UTA,PF,72,10,16.0,2.5,5.6,.437,1.7,4.1,.425,0.7,1.6,.469,.590,0.3,0.3,.957,0.4,2.7,2.1,13.0,2.4,2.4,8.1,0.8,7.3,0.3,1.1,0.1,0.6,1.6,6.9,0.7,10.9,11.4
1024,2021,Gorgui Dieng,2TM,C,38,1,14.5,2.2,4.3,.521,0.8,1.8,.429,1.4,2.4,.591,.613,1.5,1.8,.866,1.1,7.6,2.6,19.5,3.7,3.7,13.5,1.3,12.0,0.7,2.3,0.4,2.6,1.5,6.8,0.8,14.3,19.2
1025,2021,Gorgui Dieng,MEM,C,22,1,16.9,2.5,4.9,.519,1.0,2.2,.479,1.5,2.7,.550,.625,1.7,2.0,.884,1.3,7.9,3.2,20.2,4.5,4.5,14.0,1.3,10.6,0.8,2.2,0.6,3.4,1.7,7.9,1.0,14.8,19.2
1026,2021,Gorgui Dieng,SAS,C,16,0,11.3,1.8,3.4,.527,0.4,1.4,.318,1.4,2.1,.667,.591,1.3,1.5,.833,0.8,6.9,1.9,18.0,2.6,2.6,12.3,1.2,15.0,0.6,2.4,0.1,0.9,1.1,5.3,0.6,13.2,19.0
1027,2021,Pat Connaughton,MIL,SG,69,4,22.8,2.4,5.6,.434,1.5,3.9,.371,1.0,1.7,.583,.565,0.4,0.6,.775,0.9,4.4,3.9,17.3,4.8,4.8,11.1,1.2,6.3,0.7,1.5,0.3,1.3,1.4,6.8,0.5,7.5,11.3
1028,2021,Killian Hayes,DET,PG,26,18,25.8,2.7,7.7,.353,0.8,2.8,.278,2.0,5.0,.395,.403,0.5,0.7,.824,0.2,1.0,2.4,10.6,2.7,2.7,5.7,5.3,29.7,1.0,2.0,0.4,1.3,2.2,6.8,3.2,28.5,5.3
1029,2021,Derrick Jones Jr.,POR,SF,58,43,22.7,2.5,5.2,.484,0.7,2.3,.316,1.8,2.9,.619,.554,1.0,1.6,.648,1.3,6.1,2.2,10.7,3.5,3.5,8.3,0.8,4.8,0.6,1.4,0.9,3.7,2.2,6.8,0.6,8.5,11.9
1030,2021,Jaden McDaniels,MIN,PF,63,27,24.0,2.6,5.8,.447,1.1,3.1,.364,1.5,2.7,.544,.545,0.4,0.7,.600,0.8,3.6,2.9,13.4,3.7,3.7,8.3,1.1,6.4,0.6,1.1,1.0,3.4,2.7,6.8,0.7,10.8,8.9
1031,2021,Justise Winslow,MEM,SF,26,1,19.5,2.8,8.1,.352,0.4,2.1,.185,2.5,6.0,.410,.376,0.8,1.3,.571,0.7,3.7,3.8,21.1,4.5,4.5,12.3,1.9,13.3,0.6,1.4,0.5,2.1,1.8,6.8,1.4,14.1,6.2
1032,2021,Dennis Smith Jr.,2TM,PG,23,9,18.3,2.5,6.3,.400,0.8,2.5,.328,1.7,3.8,.448,.466,0.8,1.1,.731,0.5,3.1,1.9,11.5,2.4,2.4,7.3,3.3,27.8,1.0,2.7,0.6,2.9,1.6,6.7,1.1,14.3,13.6
1033,2021,Dennis Smith Jr.,NYK,PG,3,0,9.3,0.7,3.3,.200,0.0,1.3,.000,0.7,2.0,.333,.200,1.7,2.0,.833,0.0,0.0,0.7,7.7,0.7,0.7,3.9,1.0,14.4,1.0,5.4,0.0,0.0,1.3,3.0,0.3,7.3,6.8
1034,2021,Dennis Smith Jr.,DET,PG,20,9,19.6,2.8,6.8,.415,1.0,2.7,.352,1.9,4.1,.457,.485,0.7,1.0,.700,0.6,3.4,2.1,11.8,2.7,2.7,7.5,3.7,28.8,1.0,2.5,0.7,3.1,1.7,7.3,1.3,14.8,14.1
1035,2021,Jeff Teague,2TM,PG,55,7,17.3,2.2,5.2,.433,0.7,1.5,.439,1.6,3.7,.431,.496,1.6,1.9,.848,0.3,1.7,1.3,8.3,1.6,1.6,5.1,2.4,18.3,0.6,1.7,0.2,1.2,1.0,6.7,1.2,16.2,12.3
1036,2021,Jeff Teague,BOS,PG,34,5,18.1,2.3,5.5,.415,0.8,1.6,.464,1.5,3.9,.394,.484,1.5,1.8,.836,0.3,1.8,1.4,8.6,1.7,1.7,5.2,2.1,16.2,0.8,2.1,0.2,1.1,1.3,6.9,1.1,15.4,11.4
1037,2021,Jeff Teague,MIL,PG,21,2,15.9,2.1,4.6,.469,0.5,1.2,.385,1.7,3.3,.500,.521,1.8,2.1,.864,0.2,1.6,1.2,7.9,1.5,1.5,4.9,2.8,22.2,0.4,1.1,0.2,1.3,0.6,6.6,1.2,17.8,14.1
1038,2021,Spencer Dinwiddie,BRK,SG,3,3,21.3,2.0,5.3,.375,0.7,2.3,.286,1.3,3.0,.444,.438,2.0,2.0,1.000,0.0,0.0,4.3,21.3,4.3,4.3,11.2,3.0,17.6,0.7,1.5,0.3,1.4,1.3,6.7,1.7,21.2,10.1
1039,2021,Damyean Dotson,CLE,SG,46,7,19.7,2.6,6.4,.406,1.0,3.5,.289,1.6,2.9,.545,.485,0.5,0.8,.667,0.1,0.6,1.9,11.1,2.0,2.0,5.7,2.0,15.1,0.3,0.9,0.1,0.4,0.9,6.7,0.9,12.0,8.1
1040,2021,Markieff Morris,LAL,PF,61,27,19.7,2.5,6.2,.405,1.1,3.4,.311,1.4,2.8,.521,.491,0.6,0.8,.720,0.8,4.5,3.6,20.3,4.4,4.4,12.5,1.2,8.6,0.4,0.9,0.3,1.4,1.7,6.7,0.9,11.9,9.3
1041,2021,Abdel Nader,PHO,SF,24,0,14.8,2.4,4.8,.491,0.8,1.8,.419,1.6,3.0,.534,.569,1.2,1.5,.757,0.3,2.3,2.3,17.3,2.6,2.6,9.9,0.8,7.3,0.4,1.4,0.4,2.3,1.4,6.7,0.8,12.6,13.4
1042,2021,Ish Smith,WAS,PG,44,1,21.0,2.9,6.8,.434,0.4,1.1,.367,2.5,5.6,.448,.465,0.4,0.8,.576,0.5,2.5,2.9,14.6,3.4,3.4,8.6,3.9,24.7,0.7,1.6,0.3,1.2,1.4,6.7,0.9,11.6,11.6
1043,2021,Alex Len,2TM,C,64,42,15.3,2.7,4.3,.615,0.1,0.4,.320,2.5,4.0,.644,.629,1.1,1.8,.629,1.2,8.5,2.8,19.7,4.1,4.1,14.1,0.8,7.0,0.3,0.9,1.0,5.6,2.0,6.6,0.9,14.3,16.4
1044,2021,Alex Len,TOR,C,7,2,10.9,0.7,1.4,.500,0.4,0.9,.500,0.3,0.6,.500,.650,0.4,0.9,.500,0.0,0.0,1.6,16.5,1.6,1.6,8.0,0.4,5.2,0.1,0.6,0.9,7.9,1.4,2.3,1.1,38.8,4.3
1045,2021,Alex Len,WAS,C,57,40,15.8,2.9,4.7,.619,0.1,0.3,.263,2.8,4.4,.647,.629,1.2,1.9,.636,1.4,9.2,3.0,20.0,4.4,4.4,14.6,0.8,7.2,0.3,1.0,1.0,5.4,2.1,7.1,0.8,12.9,17.5
1046,2021,Trey Burke,DAL,PG,62,1,14.7,2.4,5.7,.428,0.9,2.6,.354,1.5,3.0,.492,.510,0.8,0.9,.895,0.2,1.2,0.7,5.3,0.9,0.9,3.3,1.3,12.9,0.6,1.9,0.1,0.7,1.0,6.6,0.5,8.0,12.6
1047,2021,Nic Claxton,BRK,C,32,1,18.6,2.8,4.5,.621,0.0,0.2,.200,2.8,4.4,.636,.624,1.0,2.0,.484,1.3,8.4,3.8,21.8,5.2,5.2,15.4,0.9,6.4,0.7,1.9,1.3,5.9,2.1,6.6,0.6,9.4,16.9
1048,2021,Frank Kaminsky,PHO,C,47,13,15.2,2.6,5.5,.471,0.7,1.8,.365,1.9,3.7,.523,.531,0.8,1.3,.617,0.8,5.8,3.2,23.7,4.0,4.0,14.9,1.7,15.3,0.3,1.0,0.4,2.1,1.5,6.6,0.5,7.2,15.8
1049,2021,Xavier Tillman Sr.,MEM,PF,59,12,18.4,2.8,5.1,.559,0.4,1.1,.338,2.5,4.0,.620,.595,0.6,0.9,.642,1.3,7.2,3.1,18.0,4.3,4.3,12.5,1.3,9.4,0.7,1.9,0.6,2.7,2.0,6.6,0.8,12.3,14.7
1050,2021,Nemanja Bjelica,2TM,PF,37,3,16.1,2.4,5.3,.454,0.7,2.3,.318,1.7,3.0,.559,.523,1.0,1.4,.725,0.8,5.4,2.6,18.5,3.4,3.4,11.9,1.9,16.2,0.4,1.2,0.1,0.8,1.8,6.5,0.9,13.1,12.9
1051,2021,Nemanja Bjelica,SAC,PF,26,1,16.9,2.7,5.8,.460,0.7,2.2,.293,2.0,3.5,.565,.517,1.2,1.6,.762,0.9,6.0,2.9,19.5,3.8,3.8,12.6,1.9,15.3,0.3,0.9,0.1,0.4,1.8,7.2,1.1,14.3,12.7
1052,2021,Nemanja Bjelica,MIA,PF,11,2,14.2,1.8,4.2,.435,0.9,2.5,.370,0.9,1.7,.526,.543,0.5,0.8,.556,0.5,3.7,2.0,15.8,2.5,2.5,9.9,1.8,18.7,0.6,2.2,0.3,2.0,1.8,5.0,0.5,9.1,13.3
1053,2021,Marquese Chriss,GSW,PF,2,0,13.5,2.5,7.0,.357,0.5,2.5,.200,2.0,4.5,.444,.393,1.0,2.0,.500,1.5,12.0,5.0,38.9,6.5,6.5,25.6,1.0,11.0,0.0,0.0,1.0,6.5,1.5,6.5,1.0,11.3,11.8
1054,2021,Damion Lee,GSW,SG,57,1,18.9,2.2,4.8,.467,1.4,3.4,.397,0.9,1.4,.638,.608,0.7,0.8,.909,0.4,2.2,2.8,15.4,3.2,3.2,8.9,1.3,9.1,0.7,1.7,0.1,0.7,1.6,6.5,0.5,9.3,11.8
1055,2021,Chasson Randle,ORL,PG,41,5,20.4,2.2,5.8,.388,1.1,3.2,.338,1.2,2.6,.449,.481,0.9,1.2,.792,0.2,0.8,1.8,9.6,2.0,2.0,5.1,1.8,12.9,0.5,1.3,0.1,0.5,1.6,6.5,1.1,15.1,7.4
1056,2021,Denzel Valentine,CHI,SG,62,3,16.7,2.5,6.7,.373,1.3,3.9,.331,1.2,2.8,.431,.469,0.3,0.3,.941,0.4,2.6,2.8,18.3,3.2,3.2,10.5,1.7,14.0,0.5,1.4,0.1,0.6,1.1,6.5,0.7,9.0,10.1
1057,2021,Avery Bradley,2TM,SG,27,6,22.3,2.4,6.3,.374,1.2,3.7,.327,1.1,2.6,.443,.471,0.4,0.6,.800,0.3,1.4,1.8,9.1,2.1,2.1,5.2,1.7,10.8,0.8,1.7,0.1,0.5,2.0,6.4,1.0,13.6,6.3
1058,2021,Avery Bradley,MIA,SG,10,1,21.1,3.1,6.6,.470,1.6,3.8,.421,1.5,2.8,.536,.591,0.7,0.9,.778,0.2,1.1,1.6,8.5,1.8,1.8,4.9,1.4,10.0,0.7,1.6,0.1,0.5,2.6,8.5,0.9,11.4,10.4
1059,2021,Avery Bradley,HOU,SG,17,5,23.0,1.9,6.2,.314,1.0,3.7,.270,0.9,2.5,.381,.395,0.3,0.4,.833,0.4,1.6,1.9,9.4,2.3,2.3,5.3,1.9,11.2,0.8,1.7,0.1,0.5,1.7,5.2,1.1,15.0,4.0
1060,2021,Alex Caruso,LAL,PG,58,6,21.0,2.3,5.3,.436,0.9,2.4,.401,1.3,2.9,.464,.526,0.8,1.3,.645,0.5,2.9,2.4,12.8,2.9,2.9,7.9,2.8,18.1,1.1,2.6,0.3,1.1,1.9,6.4,1.3,18.3,11.1
1061,2021,Kira Lewis Jr.,NOP,PG,54,0,16.7,2.4,6.2,.386,0.7,2.2,.333,1.7,4.0,.415,.445,0.8,0.9,.843,0.2,1.4,1.1,7.1,1.3,1.3,4.3,2.3,18.7,0.7,2.0,0.2,1.0,1.6,6.4,0.6,8.6,10.3
1062,2021,Timothé Luwawu-Cabarrot,BRK,SF,58,7,18.1,2.2,6.1,.365,1.3,4.1,.314,0.9,2.0,.470,.471,0.6,0.7,.814,0.5,3.1,1.7,10.1,2.2,2.2,6.8,1.2,8.6,0.6,1.5,0.1,0.5,1.7,6.4,0.7,10.3,7.8
1063,2021,Deni Avdija,WAS,SF,54,32,23.3,2.4,5.8,.417,1.0,3.1,.315,1.4,2.7,.535,.502,0.5,0.8,.644,0.4,1.9,4.4,20.2,4.9,4.9,11.0,1.2,6.3,0.6,1.2,0.3,1.0,2.6,6.3,0.6,9.0,7.6
1064,2021,Tyus Jones,MEM,PG,70,9,17.5,2.5,5.9,.431,0.6,2.0,.321,1.9,3.9,.487,.485,0.6,0.6,.911,0.3,1.8,1.7,10.4,2.0,2.0,6.1,3.7,28.6,0.9,2.5,0.1,0.4,0.4,6.3,0.7,10.0,15.0
1065,2021,Frank Mason III,ORL,PG,4,1,19.8,2.3,6.0,.375,0.5,1.3,.400,1.8,4.8,.368,.417,1.3,1.8,.714,0.8,3.8,2.3,12.2,3.0,3.0,7.9,3.0,22.3,0.0,0.0,0.0,0.0,1.8,6.3,1.3,15.6,7.5
1066,2021,Chimezie Metu,SAC,C,36,6,13.6,2.5,5.0,.508,0.4,1.0,.351,2.2,3.9,.549,.545,0.9,1.2,.721,0.9,7.0,2.3,18.7,3.1,3.1,12.7,0.8,8.2,0.4,1.4,0.5,3.1,1.6,6.3,0.8,12.8,14.5
1067,2021,Aron Baynes,TOR,C,53,31,18.5,2.5,5.7,.441,0.5,1.9,.262,2.0,3.8,.532,.485,0.5,0.8,.707,1.6,9.4,3.5,21.7,5.2,5.2,15.3,0.9,7.0,0.3,0.8,0.4,2.3,2.2,6.1,0.9,12.5,10.5
1068,2021,Facundo Campazzo,DEN,PG,65,19,21.9,1.8,4.8,.381,1.2,3.3,.352,0.7,1.5,.444,.502,1.2,1.4,.879,0.3,1.8,1.7,8.9,2.1,2.1,5.3,3.6,20.2,1.2,2.7,0.2,1.0,2.0,6.1,1.1,17.1,11.6
1069,2021,Robert Franks,ORL,PF,7,0,14.4,1.9,4.0,.464,0.7,2.1,.333,1.1,1.9,.615,.554,1.7,1.9,.923,0.9,6.0,1.1,8.5,2.0,2.0,7.2,0.7,7.4,0.4,1.4,0.4,2.7,1.1,6.1,0.3,5.6,16.5
1070,2021,Jaylen Hoard,OKC,SF,19,0,16.8,2.3,4.6,.500,0.0,0.6,.000,2.3,4.1,.571,.500,1.5,2.2,.683,1.1,6.7,2.3,14.5,3.4,3.4,10.6,1.3,11.2,0.7,1.9,0.3,1.4,1.0,6.1,0.9,13.8,13.4
1071,2021,Max Strus,MIA,SF,39,0,13.0,2.2,4.8,.455,1.3,3.8,.338,0.9,1.0,.897,.588,0.4,0.6,.667,0.1,1.1,0.9,8.0,1.1,1.1,4.6,0.6,7.3,0.3,1.1,0.1,0.4,1.1,6.1,0.2,3.9,12.1
1072,2021,Dakota Mathias,PHI,SG,8,2,15.4,2.4,6.0,.396,1.0,3.3,.308,1.4,2.8,.500,.479,0.3,0.8,.333,0.1,0.9,0.8,5.3,0.9,0.9,3.1,1.6,15.1,0.1,0.4,0.4,2.2,0.9,6.0,0.1,1.9,9.8
1073,2021,Dean Wade,CLE,PF,63,19,19.2,2.1,4.9,.431,1.2,3.4,.366,0.9,1.6,.571,.556,0.5,0.6,.769,0.6,3.4,2.8,16.8,3.4,3.4,9.9,1.2,8.9,0.6,1.4,0.3,1.5,1.2,6.0,0.5,8.4,11.3
1074,2021,Dwight Powell,DAL,C,58,19,16.7,2.1,3.3,.619,0.1,0.4,.238,2.0,3.0,.665,.631,1.7,2.1,.782,1.4,9.2,2.7,17.4,4.0,4.0,13.3,1.1,8.9,0.6,1.8,0.5,2.9,2.3,5.9,0.7,13.9,16.8
1075,2021,Drew Eubanks,SAS,C,54,3,14.0,2.1,3.8,.566,0.0,0.0,1.000,2.1,3.8,.562,.571,1.4,2.0,.726,1.4,10.2,3.1,24.0,4.5,4.5,17.0,0.8,7.9,0.3,1.2,0.9,5.5,1.6,5.8,0.8,15.2,17.9
1076,2021,DeAndre' Bembry,TOR,SF,51,12,19.1,2.3,4.5,.513,0.3,1.0,.264,2.0,3.4,.589,.544,0.9,1.3,.682,0.6,3.6,2.2,13.3,2.9,2.9,8.3,2.1,15.6,1.0,2.6,0.4,1.9,1.7,5.7,1.4,21.6,11.2
1077,2021,Rodney McGruder,DET,SG,16,2,12.1,2.3,4.4,.529,0.7,1.5,.458,1.6,2.9,.565,.607,0.4,0.5,.750,0.5,4.5,0.9,8.1,1.4,1.4,6.3,1.0,13.6,0.5,2.0,0.1,0.4,0.8,5.7,0.4,8.7,16.1
1078,2021,Jordan Nwora,MIL,SF,30,2,9.1,2.1,4.5,.459,0.9,2.1,.452,1.1,2.4,.466,.563,0.6,0.8,.760,0.3,3.6,1.7,18.9,2.0,2.0,11.5,0.2,3.6,0.5,2.7,0.2,2.3,0.7,5.7,0.8,14.1,16.1
1079,2021,Juan Toscano-Anderson,GSW,SG,53,16,20.9,2.3,3.9,.579,0.7,1.7,.402,1.6,2.2,.718,.667,0.4,0.6,.710,0.5,2.8,3.9,19.6,4.4,4.4,11.3,2.8,18.1,0.8,1.7,0.5,2.1,2.1,5.7,1.2,21.5,12.6
1080,2021,Yogi Ferrell,2TM,PG,10,0,13.6,2.0,5.7,.351,0.9,2.8,.321,1.1,2.9,.379,.430,0.7,0.9,.778,0.5,4.1,1.4,11.4,1.9,1.9,7.8,2.2,22.9,0.7,2.5,0.3,2.0,1.1,5.6,0.3,4.7,14.4
1081,2021,Yogi Ferrell,CLE,PG,2,0,20.0,4.0,10.5,.381,1.5,4.5,.333,2.5,6.0,.417,.452,0.0,1.0,.000,1.5,8.2,2.0,11.5,3.5,3.5,9.8,2.5,20.9,1.5,3.7,0.5,2.2,2.0,9.5,1.5,12.1,12.4
1082,2021,Yogi Ferrell,LAC,PG,8,0,12.0,1.5,4.5,.333,0.8,2.4,.316,0.8,2.1,.353,.417,0.9,0.9,1.000,0.3,2.4,1.3,11.4,1.5,1.5,7.0,2.1,23.7,0.5,2.1,0.3,1.9,0.9,4.6,0.0,0.0,15.3
1083,2021,Freddie Gillespie,TOR,PF,20,2,19.6,2.2,4.2,.524,0.0,0.0,,2.2,4.2,.524,.524,1.2,1.7,.697,2.1,11.4,2.8,16.0,4.9,4.9,13.6,0.5,3.2,0.7,1.6,1.0,5.1,2.2,5.6,0.6,10.9,13.4
1084,2021,Donta Hall,ORL,PF,13,0,13.8,1.9,2.7,.714,0.0,0.0,,1.9,2.7,.714,.714,1.8,2.6,.676,1.8,13.5,2.9,22.8,4.8,4.8,18.0,0.8,9.4,0.4,1.4,0.8,5.1,1.4,5.6,0.6,13.8,22.3
1085,2021,Saben Lee,DET,PG,48,7,16.3,2.1,4.4,.471,0.2,0.5,.348,1.9,3.9,.487,.490,1.3,1.9,.685,0.4,2.8,1.6,11.1,2.0,2.0,6.9,3.6,33.2,0.7,2.0,0.3,1.5,1.6,5.6,1.1,18.1,13.8
1086,2021,Mychal Mulder,GSW,PG,60,6,12.8,2.0,4.4,.449,1.4,3.6,.397,0.6,0.9,.667,.609,0.2,0.4,.636,0.1,1.1,0.9,7.1,1.0,1.0,4.2,0.4,4.8,0.2,0.7,0.2,1.4,0.9,5.6,0.3,5.5,10.8
1087,2021,Torrey Craig,2TM,SF,50,8,16.1,2.2,4.5,.480,0.8,2.1,.368,1.4,2.4,.579,.566,0.3,0.4,.773,1.1,8.1,2.8,19.1,3.9,3.9,13.7,1.0,7.9,0.6,1.7,0.5,2.9,1.7,5.5,0.5,9.6,14.2
1088,2021,Torrey Craig,MIL,SF,18,0,11.2,1.0,2.6,.391,0.4,1.2,.364,0.6,1.3,.417,.478,0.1,0.1,.500,0.7,7.1,1.7,15.1,2.4,2.4,11.2,0.9,9.5,0.5,2.1,0.4,3.1,1.3,2.5,0.3,9.6,10.3
1089,2021,Torrey Craig,PHO,SF,32,8,18.8,2.8,5.7,.503,1.0,2.6,.369,1.9,3.0,.619,.588,0.5,0.6,.800,1.4,8.4,3.4,20.4,4.8,4.8,14.5,1.0,7.4,0.6,1.6,0.6,2.8,1.8,7.2,0.6,9.5,15.5
1090,2021,Brad Wanamaker,2TM,PG,61,0,17.3,1.9,4.9,.385,0.3,1.4,.188,1.6,3.5,.463,.411,1.5,1.7,.891,0.3,1.8,1.4,8.8,1.7,1.7,5.3,2.9,22.5,0.7,1.9,0.2,1.0,1.5,5.5,1.2,17.1,9.5
1091,2021,Brad Wanamaker,GSW,PG,39,0,16.0,1.6,4.4,.353,0.3,1.6,.213,1.2,2.9,.429,.390,1.3,1.4,.893,0.2,1.4,1.5,9.8,1.7,1.7,5.6,2.5,20.8,0.7,2.0,0.2,0.8,1.4,4.7,0.9,15.8,8.5
1092,2021,Brad Wanamaker,CHO,PG,22,0,19.5,2.5,5.7,.429,0.1,1.1,.125,2.3,4.6,.500,.440,1.8,2.0,.889,0.5,2.5,1.3,7.5,1.8,1.8,4.9,3.4,25.0,0.8,1.9,0.2,1.2,1.8,6.9,1.5,18.9,10.9
1093,2021,Jabari Parker,2TM,PF,13,0,12.7,2.3,4.2,.545,0.2,0.8,.182,2.2,3.4,.636,.564,0.8,1.0,.769,0.8,6.7,2.5,21.8,3.2,3.2,14.2,0.8,9.9,0.1,0.3,0.4,2.8,1.0,5.5,0.8,14.1,14.7
1094,2021,Jabari Parker,SAC,PF,3,0,9.0,1.3,2.3,.571,0.0,0.3,.000,1.3,2.0,.667,.571,0.0,0.0,,0.3,4.1,1.7,20.8,2.0,2.0,12.3,0.3,5.0,0.0,0.0,0.3,3.1,1.3,2.7,1.0,30.0,5.0
1095,2021,Jabari Parker,BOS,PF,10,0,13.8,2.6,4.8,.542,0.2,1.0,.200,2.4,3.8,.632,.563,1.0,1.3,.769,0.9,7.2,2.7,22.0,3.6,3.6,14.5,1.0,10.8,0.1,0.4,0.4,2.7,0.9,6.4,0.7,11.5,16.6
1096,2021,Anthony Lamb,HOU,SF,24,3,17.3,1.9,4.9,.390,1.0,3.0,.324,1.0,2.0,.489,.487,0.8,0.9,.857,1.1,6.7,1.8,11.5,2.9,2.9,9.0,1.0,7.9,0.3,0.7,0.2,1.1,1.4,5.5,0.8,13.0,8.7
1097,2021,Garrison Mathews,WAS,SG,64,24,16.2,1.5,3.7,.409,1.2,3.1,.384,0.3,0.6,.538,.570,1.3,1.5,.884,0.3,1.6,1.1,7.2,1.4,1.4,4.4,0.4,3.1,0.5,1.3,0.1,0.6,1.7,5.5,0.2,3.5,9.7
1098,2021,Devin Vassell,SAS,SF,62,7,17.0,2.0,4.9,.406,0.8,2.4,.347,1.1,2.5,.464,.492,0.7,0.8,.843,0.4,2.4,2.4,15.4,2.8,2.8,8.8,0.9,7.1,0.7,2.0,0.3,1.4,1.4,5.5,0.4,6.3,10.6
1099,2021,Rajon Rondo,2TM,PG,45,3,17.1,2.1,4.8,.442,0.8,2.0,.404,1.3,2.8,.468,.526,0.4,0.4,.941,0.4,2.7,2.0,12.9,2.4,2.4,7.9,4.4,35.3,0.8,2.4,0.1,0.5,1.2,5.4,1.8,26.2,13.2
1100,2021,Rajon Rondo,ATL,PG,27,2,14.9,1.6,4.1,.400,0.6,1.7,.378,1.0,2.4,.415,.477,0.0,0.1,.500,0.1,1.1,1.9,13.6,2.0,2.0,7.5,3.5,32.2,0.7,2.3,0.1,0.4,0.9,3.9,1.4,26.0,9.9
1101,2021,Rajon Rondo,LAC,PG,18,1,20.4,2.8,5.8,.486,1.1,2.4,.432,1.8,3.4,.525,.576,0.8,0.8,1.000,0.8,4.4,2.3,12.2,3.1,3.1,8.4,5.8,38.6,1.0,2.4,0.1,0.5,1.6,7.6,2.2,26.4,16.8
1102,2021,Derrick Favors,UTA,C,68,0,15.3,2.3,3.6,.638,0.0,0.0,.000,2.3,3.5,.643,.638,0.9,1.2,.738,2.0,14.7,3.5,23.3,5.5,5.5,19.2,0.6,6.0,0.5,1.5,1.0,5.3,2.1,5.4,0.5,11.5,19.7
1103,2021,Taj Gibson,NYK,C,45,3,20.8,2.2,3.5,.627,0.1,0.3,.200,2.1,3.2,.671,.636,0.9,1.2,.727,2.2,11.6,3.4,17.3,5.6,5.6,14.5,0.8,5.4,0.7,1.7,1.1,5.0,2.2,5.4,0.5,10.8,16.0
1104,2021,Tyler Johnson,BRK,SG,39,3,17.5,1.8,4.7,.393,1.2,3.4,.364,0.6,1.3,.471,.525,0.5,0.5,.857,0.2,1.0,1.8,10.9,2.0,2.0,6.2,1.2,8.7,0.4,1.0,0.0,0.0,1.1,5.4,0.4,8.1,8.2
1105,2021,Jahlil Okafor,DET,C,27,2,12.9,2.3,3.8,.618,0.1,0.3,.222,2.3,3.4,.656,.627,0.6,0.9,.708,0.9,7.3,1.6,13.9,2.4,2.4,10.6,0.5,6.1,0.2,0.8,0.2,1.3,1.4,5.4,0.8,15.7,13.1
1106,2021,Josh Okogie,MIN,SG,59,37,20.3,1.7,4.3,.402,0.5,1.8,.269,1.2,2.5,.500,.459,1.4,1.8,.769,1.1,5.5,1.6,8.7,2.6,2.6,7.1,1.1,7.0,0.9,2.1,0.5,2.0,2.1,5.4,0.7,12.5,9.1
1107,2021,Justin Patton,HOU,C,13,6,19.0,2.2,5.4,.414,0.7,2.6,.265,1.5,2.8,.556,.479,0.2,0.3,.750,1.1,5.8,2.7,15.8,3.8,3.8,10.6,1.1,8.1,0.9,2.3,1.1,5.1,2.6,5.4,0.3,5.3,11.6
1108,2021,Jarred Vanderbilt,MIN,PF,64,30,17.8,2.2,3.7,.606,0.0,0.1,.200,2.2,3.6,.615,.608,0.9,1.6,.559,1.8,10.8,3.9,24.7,5.8,5.8,17.5,1.2,9.3,1.0,2.7,0.7,3.5,1.9,5.4,0.8,15.9,16.2
1109,2021,Mason Jones,2TM,SG,32,1,10.4,1.6,3.8,.423,0.8,2.1,.364,0.9,1.8,.491,.520,1.3,2.0,.625,0.2,2.2,1.5,16.0,1.7,1.7,8.8,1.3,18.9,0.2,1.0,0.0,0.3,0.8,5.3,0.9,16.1,12.1
1110,2021,Mason Jones,HOU,SG,26,1,11.8,1.8,4.4,.412,0.9,2.5,.359,0.9,1.9,.480,.513,1.3,2.2,.614,0.2,1.3,1.8,17.0,2.0,2.0,8.9,1.5,19.1,0.2,0.9,0.0,0.3,0.8,5.8,1.1,16.8,11.1
1111,2021,Mason Jones,PHI,SG,6,0,4.5,0.8,1.5,.556,0.2,0.3,.500,0.7,1.2,.571,.611,0.8,1.2,.714,0.5,12.5,0.2,4.0,0.7,0.7,8.2,0.5,16.6,0.2,1.8,0.0,0.0,0.3,2.7,0.2,7.6,23.5
1112,2021,Willie Cauley-Stein,DAL,C,53,16,17.1,2.2,3.4,.632,0.0,0.2,.091,2.2,3.2,.667,.635,0.9,1.5,.628,1.2,8.1,3.2,20.5,4.5,4.5,14.3,0.7,5.3,0.4,1.1,0.8,4.4,2.4,5.3,0.5,11.8,14.3
1113,2021,Jarrett Culver,MIN,SG,34,7,14.7,2.0,4.9,.411,0.4,1.6,.245,1.6,3.4,.487,.449,0.9,1.4,.604,1.0,7.1,2.1,15.8,3.1,3.1,11.3,0.7,6.8,0.5,1.6,0.3,1.6,1.7,5.3,0.8,12.9,8.8
1114,2021,Glenn Robinson III,SAC,SF,23,2,16.0,1.8,4.3,.424,0.7,1.9,.364,1.1,2.4,.473,.505,0.9,1.0,.913,0.5,3.3,1.5,10.4,2.0,2.0,6.8,0.9,7.0,0.2,0.5,0.1,0.7,1.0,5.3,0.5,9.2,9.0
1115,2021,Tony Snell,ATL,SG,47,23,21.1,1.9,3.6,.515,1.3,2.3,.569,0.6,1.3,.419,.696,0.2,0.2,1.000,0.4,2.0,2.0,10.2,2.4,2.4,6.2,1.3,7.9,0.3,0.6,0.2,1.0,1.6,5.3,0.4,10.7,9.5
1116,2021,Maurice Harkless,2TM,SF,37,23,20.9,1.9,4.5,.418,0.6,2.3,.274,1.2,2.2,.568,.488,0.9,1.2,.767,0.4,1.9,2.1,11.1,2.4,2.4,6.4,1.2,7.3,0.8,1.9,0.5,2.3,2.3,5.2,0.6,10.7,8.1
1117,2021,Maurice Harkless,MIA,SF,11,3,11.3,0.5,1.2,.385,0.5,1.0,.455,0.0,0.2,.000,.577,0.0,0.2,.000,0.2,1.9,1.0,10.0,1.2,1.2,6.0,0.6,7.3,0.2,0.8,0.4,3.4,1.3,1.4,0.3,17.8,4.6
1118,2021,Maurice Harkless,SAC,PF,26,20,24.9,2.5,5.8,.421,0.7,2.8,.247,1.8,3.0,.582,.480,1.3,1.6,.805,0.4,1.9,2.5,11.3,2.9,2.9,6.5,1.4,7.3,1.1,2.1,0.6,2.1,2.8,6.9,0.7,10.1,8.8
1119,2021,D.J. Wilson,2TM,PF,35,1,12.4,1.9,4.8,.405,0.9,2.5,.345,1.1,2.3,.469,.494,0.5,0.7,.680,0.6,4.8,2.6,23.2,3.2,3.2,13.7,0.7,7.9,0.3,1.2,0.5,3.3,1.3,5.2,0.6,10.9,11.5
1120,2021,D.J. Wilson,MIL,PF,12,0,8.8,1.3,3.6,.372,0.8,2.3,.357,0.5,1.3,.400,.488,0.1,0.2,.500,0.3,3.1,1.8,21.3,2.1,2.1,12.5,0.3,3.7,0.1,0.4,0.3,3.4,1.1,3.6,0.3,8.4,8.4
1121,2021,D.J. Wilson,HOU,PF,23,1,14.3,2.3,5.4,.416,0.9,2.6,.339,1.4,2.9,.485,.496,0.7,1.0,.696,0.7,5.3,3.0,23.8,3.8,3.8,14.1,0.9,9.3,0.4,1.4,0.5,3.3,1.3,6.1,0.8,11.8,12.5
1122,2021,Alize Johnson,BRK,PF,18,0,10.5,2.2,3.8,.588,0.1,0.3,.167,2.2,3.4,.629,.596,0.7,0.7,1.000,1.5,16.6,3.5,35.0,5.0,5.0,26.3,0.8,10.9,0.3,1.3,0.3,2.3,0.9,5.2,0.5,10.9,23.5
1123,2021,Patrick Patterson,LAC,PF,38,5,15.3,1.9,4.3,.436,1.1,2.9,.357,0.8,1.4,.604,.558,0.3,0.4,.765,0.5,3.8,1.5,10.5,2.0,2.0,7.2,0.8,6.7,0.4,1.2,0.2,1.2,1.2,5.2,0.3,6.0,10.9
1124,2021,Dylan Windler,CLE,SF,31,0,16.5,1.8,4.2,.438,0.8,2.5,.338,1.0,1.7,.585,.538,0.7,0.9,.778,0.6,4.3,2.8,19.5,3.5,3.5,11.7,1.1,9.4,0.6,1.8,0.4,2.1,1.2,5.2,1.0,18.4,10.8
1125,2021,Isaiah Hartenstein,2TM,C,46,2,12.2,2.0,3.7,.550,0.0,0.1,.333,2.0,3.6,.558,.556,1.0,1.5,.648,1.4,13.0,2.5,23.7,3.9,3.9,18.2,1.2,15.3,0.4,1.7,0.8,6.5,2.3,5.1,1.0,17.9,17.9
1126,2021,Isaiah Hartenstein,DEN,C,30,0,9.1,1.4,2.7,.513,0.0,0.0,,1.4,2.7,.513,.513,0.7,1.2,.611,1.3,16.7,1.5,18.7,2.8,2.8,17.7,0.5,7.5,0.4,2.0,0.7,7.2,2.0,3.5,0.7,18.0,15.5
1127,2021,Isaiah Hartenstein,CLE,C,16,2,17.9,3.3,5.7,.582,0.1,0.4,.333,3.2,5.3,.600,.593,1.5,2.2,.686,1.6,9.5,4.4,28.4,6.0,6.0,18.7,2.5,22.8,0.5,1.4,1.2,5.9,2.8,8.3,1.4,17.8,20.3
1128,2021,Goga Bitadze,IND,C,45,3,12.5,1.8,4.3,.428,0.4,1.8,.253,1.4,2.6,.548,.479,1.0,1.4,.738,1.3,11.7,2.0,17.3,3.3,3.3,14.5,0.8,8.9,0.2,0.8,1.3,8.7,2.1,5.1,0.4,7.1,16.3
1129,2021,Sekou Doumbouya,DET,PF,56,11,15.5,1.9,5.0,.379,0.5,2.1,.226,1.4,3.0,.485,.426,0.8,1.1,.703,0.7,4.9,1.9,13.5,2.6,2.6,9.2,0.8,8.0,0.4,1.4,0.2,0.9,1.7,5.1,0.8,12.4,6.9
1130,2021,Jake Layman,MIN,SF,45,11,13.9,2.0,4.1,.495,0.5,1.7,.295,1.5,2.4,.642,.557,0.6,0.8,.703,0.3,2.2,1.2,9.7,1.5,1.5,5.8,0.6,6.4,0.6,2.2,0.4,2.6,1.0,5.1,0.6,11.5,11.4
1131,2021,Nerlens Noel,NYK,C,64,41,24.2,2.1,3.5,.614,0.0,0.0,.000,2.1,3.4,.623,.614,0.8,1.1,.714,2.2,10.1,4.2,18.4,6.4,6.4,14.3,0.7,4.1,1.1,2.3,2.2,8.7,2.8,5.1,1.0,20.4,14.8
1132,2021,Precious Achiuwa,MIA,PF,61,4,12.1,2.0,3.7,.544,0.0,0.0,.000,2.0,3.7,.546,.544,0.9,1.8,.509,1.2,11.5,2.2,20.6,3.4,3.4,16.1,0.5,6.1,0.3,1.3,0.5,4.0,1.5,5.0,0.7,13.5,14.2
1133,2021,Bismack Biyombo,CHO,C,66,36,20.4,2.2,3.7,.587,0.0,0.0,.000,2.2,3.7,.589,.587,0.7,1.6,.448,2.1,10.8,3.2,17.1,5.3,5.3,13.9,1.2,8.3,0.3,0.6,1.1,5.4,2.1,5.0,1.1,19.8,11.7
1134,2021,Marc Gasol,LAL,C,52,42,19.1,1.7,3.7,.454,1.0,2.3,.410,0.7,1.4,.528,.582,0.7,1.0,.720,0.7,4.3,3.4,19.9,4.1,4.1,12.2,2.1,14.7,0.5,1.3,1.1,5.2,2.2,5.0,1.0,19.7,12.2
1135,2021,Trey Lyles,SAS,PF,23,9,15.6,1.9,3.9,.478,0.6,1.7,.350,1.3,2.2,.580,.556,0.7,1.0,.652,0.4,2.6,3.3,23.3,3.7,3.7,12.8,0.6,5.3,0.3,0.8,0.0,0.2,0.6,5.0,0.3,5.7,11.4
1136,2021,Caleb Martin,CHO,SF,53,3,15.4,1.8,4.8,.375,0.6,2.4,.248,1.2,2.5,.496,.436,0.8,1.2,.641,0.6,4.0,2.1,14.8,2.7,2.7,9.3,1.3,11.5,0.7,2.2,0.2,1.5,1.2,5.0,0.6,10.4,9.5
1137,2021,Jordan McLaughlin,MIN,PG,51,2,18.4,2.0,4.7,.413,0.6,1.8,.359,1.3,2.9,.447,.481,0.5,0.6,.767,0.4,2.3,1.7,10.4,2.1,2.1,6.2,3.8,28.0,1.0,2.6,0.1,0.6,0.9,5.0,1.0,16.7,12.0
1138,2021,Tyler Cook,2TM,SF,32,1,13.7,2.2,3.2,.670,0.0,0.1,.500,2.1,3.2,.673,.675,0.5,1.1,.486,0.9,7.0,2.1,17.2,3.0,3.0,12.1,0.5,5.9,0.3,0.9,0.1,0.4,1.1,4.9,0.7,15.1,12.8
1139,2021,Tyler Cook,BRK,PF,4,0,4.3,0.3,0.8,.333,0.0,0.0,,0.3,0.8,.333,.333,0.0,0.0,,0.3,6.9,0.3,6.2,0.5,0.5,6.5,0.5,14.1,0.0,0.0,0.0,0.0,0.5,0.5,0.3,25.0,1.6
1140,2021,Tyler Cook,DET,SF,28,1,15.0,2.4,3.6,.680,0.0,0.1,.500,2.4,3.5,.684,.685,0.6,1.3,.486,1.0,7.1,2.4,17.6,3.3,3.3,12.3,0.5,5.6,0.3,0.9,0.1,0.4,1.2,5.5,0.7,14.8,13.2
1141,2021,Brandon Goodwin,ATL,PG,47,5,13.2,1.8,4.7,.377,0.7,2.2,.311,1.1,2.6,.433,.448,0.6,0.9,.651,0.2,1.4,1.3,10.6,1.5,1.5,6.1,2.0,21.6,0.4,1.3,0.0,0.0,0.9,4.9,0.8,13.0,9.2
1142,2021,E'Twaun Moore,PHO,SG,27,1,14.4,2.0,4.5,.455,0.4,1.3,.314,1.6,3.2,.512,.500,0.4,0.5,.857,0.5,4.2,1.1,8.9,1.7,1.7,6.6,1.5,13.7,0.6,1.9,0.2,1.2,1.2,4.9,0.9,15.3,10.4
1143,2021,Jerome Robinson,WAS,SG,17,6,17.9,1.6,5.6,.295,0.6,2.5,.262,1.0,3.1,.321,.353,0.9,1.2,.800,0.2,1.4,2.0,11.8,2.2,2.2,6.6,1.5,10.2,0.7,1.8,0.4,1.6,1.8,4.9,1.1,15.5,4.1
1144,2021,Langston Galloway,PHO,SG,40,0,11.0,1.7,3.7,.449,0.9,2.1,.424,0.8,1.6,.484,.571,0.6,0.6,.957,0.2,1.8,0.9,8.9,1.1,1.1,5.4,0.7,8.0,0.2,0.9,0.0,0.0,0.6,4.8,0.3,7.6,12.1
1145,2021,Wesley Matthews,LAL,SG,58,10,19.5,1.5,4.3,.353,1.1,3.4,.335,0.4,0.9,.418,.484,0.6,0.7,.854,0.3,2.0,1.3,7.2,1.6,1.6,4.6,0.9,6.3,0.7,1.6,0.3,1.3,1.4,4.8,0.4,8.8,7.2
1146,2021,Gabe Vincent,MIA,PG,50,7,13.1,1.8,4.7,.378,0.9,3.0,.309,0.8,1.7,.500,.476,0.4,0.5,.870,0.2,1.8,0.9,7.9,1.1,1.1,4.9,1.3,15.1,0.4,1.6,0.0,0.3,1.6,4.8,0.7,12.3,7.6
1147,2021,Damian Jones,3TM,C,39,10,14.0,1.8,2.6,.680,0.0,0.1,.200,1.8,2.5,.704,.684,1.1,1.5,.724,0.9,7.3,2.2,17.4,3.1,3.1,12.3,0.7,7.0,0.3,1.0,0.7,4.6,2.0,4.7,0.7,16.8,14.6
1148,2021,Damian Jones,PHO,C,14,0,6.7,0.6,1.1,.500,0.0,0.1,.000,0.6,1.1,.533,.500,0.4,0.8,.545,0.5,8.6,0.8,13.0,1.3,1.3,10.9,0.3,5.3,0.1,0.5,0.4,4.8,1.4,1.6,0.4,22.4,6.7
1149,2021,Damian Jones,LAL,C,8,6,14.0,2.0,2.1,.941,0.0,0.0,,2.0,2.1,.941,.941,1.4,1.5,.917,1.0,8.1,2.3,18.0,3.3,3.3,13.0,0.1,1.3,0.1,0.4,0.9,5.6,2.8,5.4,0.6,18.3,17.1
1150,2021,Damian Jones,SAC,C,17,4,20.1,2.7,4.1,.657,0.1,0.2,.250,2.6,3.9,.682,.664,1.5,2.1,.714,1.2,6.7,3.3,18.5,4.5,4.5,12.5,1.4,9.4,0.5,1.3,1.0,4.2,2.1,6.9,0.9,14.9,15.9
1151,2021,Troy Brown Jr.,2TM,SF,34,0,15.4,1.8,4.2,.431,0.6,2.1,.314,1.2,2.2,.541,.507,0.4,0.6,.714,0.6,4.2,2.5,17.4,3.1,3.1,10.8,0.9,7.2,0.3,0.9,0.2,1.0,1.4,4.7,0.6,12.1,8.5
1152,2021,Troy Brown Jr.,WAS,SF,21,0,13.7,1.6,4.2,.371,0.7,2.2,.304,0.9,2.0,.442,.449,0.5,0.7,.667,0.5,4.1,2.4,18.4,2.9,2.9,11.3,0.9,8.5,0.1,0.5,0.2,1.2,1.4,4.3,0.8,14.3,6.3
1153,2021,Troy Brown Jr.,CHI,SF,13,0,18.2,2.2,4.2,.527,0.6,1.8,.333,1.6,2.4,.677,.600,0.4,0.5,.833,0.7,4.3,2.7,16.2,3.4,3.4,10.3,0.8,5.6,0.5,1.4,0.2,0.7,1.5,5.5,0.4,8.0,11.2
1154,2021,Boban Marjanović,DAL,C,33,3,8.2,1.9,3.7,.508,0.0,0.2,.125,1.8,3.5,.535,.512,0.9,1.2,.816,1.4,19.3,2.5,32.7,3.9,3.9,26.0,0.3,5.9,0.1,0.4,0.2,2.1,0.9,4.7,0.4,8.0,22.6
1155,2021,Aaron Nesmith,BOS,SF,46,1,14.5,1.7,3.9,.438,0.9,2.3,.370,0.8,1.5,.543,.551,0.5,0.6,.786,0.6,4.6,2.2,16.6,2.8,2.8,10.6,0.5,4.6,0.3,1.1,0.2,1.3,1.9,4.7,0.5,10.8,9.4
1156,2021,Grant Williams,BOS,PF,63,9,18.1,1.7,3.9,.437,0.8,2.0,.372,1.0,1.9,.508,.534,0.5,0.8,.588,0.8,4.7,2.1,12.8,2.8,2.8,8.7,1.0,7.4,0.5,1.4,0.4,2.0,2.6,4.7,0.9,17.2,7.5
1157,2021,Nassir Little,POR,PF,48,2,13.3,1.6,3.5,.467,0.6,1.7,.350,1.0,1.8,.575,.551,0.8,0.9,.800,0.7,5.2,2.0,16.5,2.7,2.7,10.7,0.5,4.9,0.1,0.4,0.3,1.8,1.1,4.6,0.4,8.8,11.6
1158,2021,Semi Ojeleye,BOS,PF,56,15,17.0,1.6,3.9,.403,1.0,2.8,.367,0.6,1.1,.492,.534,0.4,0.6,.750,0.6,3.6,2.1,13.7,2.6,2.6,8.6,0.7,5.1,0.3,0.9,0.0,0.0,1.0,4.6,0.4,8.2,8.3
1159,2021,Onyeka Okongwu,ATL,C,50,4,12.0,1.9,3.0,.644,0.0,0.1,.000,1.9,2.9,.658,.644,0.7,1.1,.632,1.2,11.5,2.0,18.0,3.3,3.3,14.9,0.4,4.4,0.5,1.9,0.7,4.8,2.0,4.6,0.6,14.3,16.8
1160,2021,JaKarr Sampson,IND,PF,29,4,10.9,1.9,3.9,.496,0.1,0.5,.200,1.8,3.4,.541,.509,0.7,1.0,.655,0.9,9.3,1.7,17.1,2.7,2.7,13.2,0.1,1.8,0.1,0.3,0.5,3.6,1.8,4.6,0.5,10.7,10.9
1161,2021,Rodney Hood,2TM,SF,55,5,17.1,1.7,4.7,.362,0.6,2.1,.301,1.1,2.7,.408,.427,0.4,0.5,.857,0.4,2.6,1.5,9.4,1.9,1.9,5.9,1.0,7.5,0.4,1.2,0.1,0.7,1.3,4.5,0.7,11.7,5.6
1162,2021,Rodney Hood,POR,SF,38,5,19.1,1.9,5.3,.363,0.7,2.2,.298,1.3,3.1,.410,.425,0.2,0.3,.750,0.5,2.6,1.4,8.3,1.9,1.9,5.4,1.2,8.5,0.5,1.3,0.1,0.5,1.6,4.7,0.8,13.1,5.0
1163,2021,Rodney Hood,TOR,SF,17,0,12.7,1.2,3.5,.356,0.5,1.7,.310,0.7,1.8,.400,.432,0.9,0.9,.938,0.3,2.5,1.5,13.2,1.8,1.8,7.6,0.4,3.8,0.2,0.9,0.2,1.4,0.9,3.9,0.3,7.0,7.5
1164,2021,Solomon Hill,ATL,PF,71,16,21.3,1.5,4.2,.359,1.0,3.0,.321,0.5,1.2,.453,.473,0.5,0.6,.761,0.6,3.1,2.4,12.2,3.0,3.0,7.7,1.1,6.4,0.7,1.6,0.2,0.6,1.6,4.5,0.6,11.7,6.7
1165,2021,Kelan Martin,IND,SF,35,0,9.2,1.8,3.9,.449,0.7,1.7,.400,1.1,2.2,.487,.536,0.3,0.3,.900,0.5,6.1,1.7,20.1,2.2,2.2,13.1,0.5,7.5,0.3,1.5,0.3,2.5,1.0,4.5,0.5,10.1,13.9
1166,2021,Al-Farouq Aminu,2TM,PF,23,14,18.9,1.7,4.3,.384,0.3,1.6,.216,1.3,2.7,.484,.424,0.8,1.0,.818,1.0,5.1,3.8,21.9,4.8,4.8,13.3,1.3,10.1,0.8,2.1,0.4,1.9,1.3,4.4,1.2,20.5,8.9
1167,2021,Al-Farouq Aminu,ORL,PF,17,14,21.6,2.1,5.2,.404,0.4,1.8,.226,1.7,3.4,.500,.444,0.8,1.0,.824,1.2,5.5,4.2,20.8,5.4,5.4,12.9,1.7,11.3,1.0,2.3,0.5,2.2,1.3,5.5,1.5,20.6,9.9
1168,2021,Al-Farouq Aminu,CHI,PF,6,0,11.2,0.3,1.7,.200,0.2,1.0,.167,0.2,0.7,.250,.250,0.7,0.8,.800,0.3,3.3,2.8,27.8,3.2,3.2,15.7,0.3,3.5,0.3,1.4,0.0,0.0,1.2,1.5,0.5,19.7,3.0
1169,2021,Charlie Brown Jr.,OKC,SG,9,1,16.9,1.4,4.8,.302,0.6,2.3,.238,0.9,2.4,.364,.360,1.0,1.1,.900,0.3,2.0,1.6,9.7,1.9,1.9,5.8,1.0,8.2,0.4,1.3,0.2,1.2,2.1,4.4,0.7,11.2,4.1
1170,2021,Andre Iguodala,MIA,SF,63,5,21.3,1.5,3.9,.383,1.0,2.9,.330,0.6,1.0,.530,.504,0.4,0.6,.658,0.6,3.3,2.9,15.4,3.5,3.5,9.4,2.3,14.3,0.9,2.1,0.6,2.7,1.4,4.4,1.1,20.2,9.2
1171,2021,Stanley Johnson,TOR,PF,61,13,16.5,1.5,3.8,.382,0.7,2.2,.328,0.7,1.6,.458,.479,0.7,0.9,.800,0.5,3.1,2.0,14.1,2.5,2.5,8.4,1.5,12.0,0.9,2.5,0.3,1.8,1.9,4.4,0.9,17.4,8.8
1172,2021,Yuta Watanabe,TOR,SF,50,4,14.5,1.6,3.6,.439,0.7,1.8,.400,0.9,1.8,.478,.539,0.5,0.6,.828,0.7,5.3,2.5,19.4,3.2,3.2,12.1,0.8,7.7,0.5,1.7,0.4,2.6,1.1,4.4,0.4,9.0,12.2
1173,2021,Chandler Hutchison,2TM,SF,25,1,13.8,1.6,4.1,.379,0.3,0.9,.364,1.2,3.2,.383,.417,0.8,1.0,.840,0.2,1.9,2.9,22.2,3.1,3.1,12.1,0.7,6.3,0.5,1.6,0.2,1.2,1.3,4.3,0.8,14.9,6.8
1174,2021,Chandler Hutchison,CHI,SF,7,0,9.1,0.7,2.6,.278,0.1,0.4,.333,0.6,2.1,.267,.306,0.3,0.3,1.000,0.1,1.8,2.7,32.6,2.9,2.9,17.3,0.6,7.9,0.1,0.8,0.0,0.0,1.3,1.9,0.7,20.9,0.4
1175,2021,Chandler Hutchison,WAS,SF,18,1,15.7,1.9,4.7,.400,0.4,1.1,.368,1.5,3.7,.409,.441,1.1,1.3,.826,0.3,1.9,2.9,19.9,3.2,3.2,10.9,0.7,6.0,0.6,1.8,0.3,1.5,1.3,5.2,0.8,13.6,8.2
1176,2021,Devin Cannady,ORL,PG,8,0,9.3,1.4,3.5,.393,0.8,2.0,.375,0.6,1.5,.417,.500,0.8,0.9,.857,0.0,0.0,0.6,7.3,0.6,0.6,3.5,0.1,2.1,0.6,3.3,0.1,1.2,1.1,4.3,0.3,6.0,11.2
1177,2021,John Konchar,MEM,SG,43,0,13.4,1.6,3.2,.500,0.5,1.3,.375,1.1,1.9,.585,.576,0.6,0.7,.833,0.8,6.4,2.2,17.3,3.0,3.0,11.8,1.1,10.7,0.7,2.5,0.2,1.4,0.9,4.3,0.4,10.6,14.8
1178,2021,Mike Scott,PHI,PF,51,12,16.7,1.5,4.1,.360,1.0,3.0,.342,0.5,1.1,.411,.486,0.2,0.2,.667,0.2,1.4,2.1,13.8,2.4,2.4,7.8,0.8,6.1,0.5,1.4,0.3,1.5,1.4,4.2,0.4,8.1,6.8
1179,2021,DaQuan Jeffries,2TM,SG,31,5,15.9,1.6,3.9,.417,0.6,2.2,.299,1.0,1.7,.566,.500,0.2,0.3,.875,0.6,4.1,1.7,11.8,2.3,2.3,7.8,0.7,6.1,0.5,1.4,0.3,1.8,1.5,4.1,0.5,10.2,7.9
1180,2021,DaQuan Jeffries,SAC,SG,18,2,12.9,1.3,3.2,.421,0.5,1.6,.321,0.8,1.6,.517,.500,0.3,0.4,.857,0.5,4.2,1.1,9.7,1.6,1.6,6.9,0.3,3.3,0.4,1.4,0.2,1.5,1.3,3.5,0.4,11.8,7.2
1181,2021,DaQuan Jeffries,HOU,SG,13,3,20.1,2.0,4.8,.413,0.8,3.0,.282,1.2,1.8,.625,.500,0.1,0.1,1.000,0.8,3.9,2.5,13.6,3.2,3.2,8.6,1.2,8.6,0.6,1.5,0.5,2.1,1.9,4.9,0.5,8.6,8.5
1182,2021,Jevon Carter,PHO,PG,60,1,12.0,1.6,3.7,.422,0.9,2.5,.371,0.6,1.2,.528,.547,0.1,0.1,.571,0.3,2.6,1.3,11.8,1.5,1.5,7.3,1.2,13.0,0.5,2.0,0.2,1.1,0.9,4.1,0.3,6.6,12.2
1183,2021,Josh Hall,OKC,SF,21,1,16.0,1.4,4.7,.303,0.2,1.8,.108,1.2,3.0,.419,.323,1.0,2.1,.500,0.3,1.8,2.5,16.6,2.8,2.8,9.1,1.3,11.6,0.2,0.6,0.0,0.3,1.8,4.1,1.2,17.4,1.0
1184,2021,Kevon Looney,GSW,C,61,34,19.0,1.8,3.2,.548,0.1,0.3,.235,1.7,3.0,.578,.558,0.5,0.8,.646,1.9,10.9,3.4,18.6,5.3,5.3,14.8,2.0,13.4,0.3,0.8,0.4,1.7,2.2,4.1,0.6,14.5,11.9
1185,2021,Nico Mannion,GSW,PG,30,1,12.1,1.3,3.8,.342,0.7,2.0,.367,0.6,1.8,.315,.439,0.8,0.9,.821,0.2,1.8,1.3,11.5,1.5,1.5,6.7,2.3,25.6,0.5,2.1,0.0,0.2,1.0,4.1,1.0,19.7,9.3
1186,2021,Darius Miller,OKC,SF,18,0,10.9,1.2,2.7,.458,0.9,2.3,.405,0.3,0.3,.833,.635,0.7,0.7,1.000,0.1,1.0,1.2,11.8,1.3,1.3,6.3,1.2,15.4,0.7,3.1,0.3,2.3,0.7,4.1,0.4,13.1,15.9
1187,2021,Lamar Stevens,CLE,PF,40,0,12.5,1.6,3.4,.456,0.1,0.6,.160,1.5,2.8,.523,.471,0.9,1.3,.725,0.6,5.3,1.8,16.6,2.4,2.4,10.8,0.6,7.4,0.4,1.7,0.3,2.3,1.3,4.1,0.6,12.7,10.5
1188,2021,Obi Toppin,NYK,PF,62,0,11.0,1.7,3.4,.498,0.4,1.4,.306,1.3,2.0,.629,.560,0.3,0.4,.731,0.4,4.2,1.8,17.6,2.2,2.2,11.0,0.5,6.4,0.3,1.2,0.2,2.1,0.9,4.1,0.4,9.4,12.7
1189,2021,Paul Watson,TOR,SF,27,2,11.0,1.4,3.0,.463,1.1,2.4,.469,0.3,0.7,.444,.646,0.2,0.3,.625,0.1,1.4,1.5,15.7,1.7,1.7,8.3,0.6,8.2,0.2,1.0,0.1,1.0,1.3,4.1,0.3,9.5,10.9
1190,2021,Jordan Bone,ORL,PG,14,0,14.0,1.6,3.9,.426,0.7,2.3,.313,0.9,1.6,.591,.519,0.0,0.0,,0.3,2.0,1.4,11.0,1.7,1.7,6.4,1.3,13.6,0.1,0.5,0.0,0.0,0.8,4.0,0.2,5.3,8.9
1191,2021,Chris Chiozza,BRK,PG,22,1,10.5,1.4,4.0,.352,0.6,1.9,.310,0.8,2.1,.391,.426,0.6,0.8,.765,0.1,1.5,1.0,9.5,1.1,1.1,5.7,3.0,36.9,0.3,1.5,0.3,2.3,0.9,4.0,0.7,14.4,12.9
1192,2021,Carsen Edwards,BOS,SG,31,1,8.9,1.5,3.6,.423,0.6,2.0,.286,0.9,1.5,.604,.505,0.4,0.4,.846,0.1,1.2,0.7,9.4,0.8,0.8,5.2,0.5,7.4,0.2,1.2,0.0,0.3,0.8,4.0,0.2,5.7,10.2
1193,2021,Udonis Haslem,MIA,C,1,0,3.0,2.0,2.0,1.000,0.0,0.0,,2.0,2.0,1.000,1.000,0.0,0.0,,0.0,0.0,1.0,37.5,1.0,1.0,19.1,0.0,0.0,0.0,0.0,0.0,0.0,0.0,4.0,0.0,0.0,54.6
1194,2021,Cody Martin,CHO,SF,52,10,16.3,1.6,3.6,.441,0.3,1.1,.276,1.3,2.5,.515,.484,0.5,0.8,.581,1.0,6.5,2.1,14.1,3.1,3.1,10.3,1.7,13.9,0.7,2.1,0.2,1.4,1.0,4.0,0.8,16.2,10.6
1195,2021,Brodric Thomas,2TM,SG,32,1,12.5,1.2,3.4,.361,0.5,1.8,.271,0.7,1.5,.469,.435,1.0,1.4,.674,0.3,2.2,1.4,12.9,1.7,1.7,7.4,0.9,10.7,0.5,1.8,0.3,2.2,1.3,3.9,0.7,14.6,8.0
1196,2021,Brodric Thomas,HOU,SG,4,0,6.0,0.5,1.8,.286,0.3,1.5,.167,0.3,0.3,1.000,.357,1.3,1.8,.714,0.3,4.3,0.8,13.9,1.0,1.0,8.9,1.0,22.7,0.3,2.0,0.3,3.7,1.3,2.5,1.0,28.4,7.2
1197,2021,Brodric Thomas,CLE,SG,28,1,13.4,1.3,3.6,.366,0.5,1.9,.283,0.8,1.7,.458,.441,0.9,1.4,.667,0.3,2.0,1.5,12.8,1.8,1.8,7.3,0.9,9.9,0.5,1.8,0.3,2.1,1.3,4.1,0.6,13.2,8.0
1198,2021,Justin James,SAC,SF,36,0,8.6,1.4,3.1,.468,0.4,1.1,.368,1.1,2.0,.521,.532,0.6,1.0,.583,0.3,3.2,0.6,7.6,0.8,0.8,5.4,0.6,9.9,0.2,1.2,0.1,0.8,0.6,3.9,0.4,10.6,11.3
1199,2021,Kevin Knox,NYK,SF,42,0,11.0,1.3,3.4,.392,0.8,2.1,.393,0.5,1.3,.389,.514,0.4,0.5,.800,0.2,2.4,1.2,11.8,1.5,1.5,7.1,0.5,5.9,0.3,1.3,0.1,1.2,0.9,3.9,0.4,10.1,9.1
1200,2021,Matisse Thybulle,PHI,SG,65,8,20.0,1.6,3.7,.420,0.7,2.2,.301,0.9,1.5,.590,.508,0.1,0.3,.444,0.5,2.6,1.4,7.8,1.9,1.9,5.3,1.0,6.3,1.6,3.9,1.1,4.9,2.0,3.9,0.5,11.3,10.1
1201,2021,Danté Exum,CLE,SG,6,3,19.3,1.7,4.3,.385,0.3,1.8,.182,1.3,2.5,.533,.423,0.2,0.3,.500,0.3,1.9,2.5,14.8,2.8,2.8,8.2,2.2,15.8,0.7,1.7,0.3,1.5,1.5,3.8,1.2,20.7,5.9
1202,2021,Ersan İlyasova,UTA,PF,17,1,8.7,1.2,3.2,.389,1.1,2.4,.439,0.2,0.8,.231,.556,0.3,0.3,1.000,0.4,5.3,1.3,15.1,1.7,1.7,10.4,0.2,3.8,0.6,3.3,0.2,1.6,1.7,3.8,0.5,12.5,12.1
1203,2021,Nathan Knight,ATL,PF,33,0,8.5,1.1,3.0,.370,0.2,1.0,.182,0.9,2.0,.463,.400,1.3,1.7,.800,0.8,10.8,1.4,17.3,2.2,2.2,14.1,0.2,4.0,0.3,1.6,0.3,3.2,0.7,3.8,0.5,10.8,13.9
1204,2021,Thon Maker,CLE,C,8,0,9.5,1.3,2.3,.556,0.0,0.3,.000,1.3,2.0,.625,.556,1.3,1.4,.909,1.0,11.5,1.3,15.1,2.3,2.3,13.3,0.5,7.9,0.3,1.3,0.5,4.7,0.9,3.8,0.4,11.6,18.6
1205,2021,Skylar Mays,ATL,SG,33,0,8.2,1.3,3.0,.449,0.4,1.2,.350,0.9,1.8,.517,.520,0.7,0.8,.880,0.3,4.2,0.8,10.0,1.1,1.1,7.1,0.9,16.4,0.4,2.6,0.1,0.7,0.5,3.8,0.3,7.6,16.8
1206,2021,Tremont Waters,BOS,PG,26,3,9.2,1.3,3.2,.405,0.6,1.5,.395,0.7,1.8,.413,.494,0.6,0.7,.941,0.2,2.3,0.6,7.5,0.8,0.8,4.9,2.4,36.4,0.6,3.1,0.0,0.4,0.7,3.8,1.0,22.8,14.6
1207,2021,P.J. Tucker,2TM,PF,52,33,26.1,1.3,3.4,.373,0.8,2.3,.336,0.5,1.1,.448,.486,0.4,0.5,.750,1.0,3.9,2.9,12.3,3.9,3.9,8.0,1.2,5.7,0.8,1.4,0.4,1.3,2.4,3.7,0.8,17.4,5.5
1208,2021,P.J. Tucker,HOU,PF,32,32,30.0,1.5,4.1,.366,0.8,2.7,.314,0.7,1.4,.467,.469,0.6,0.7,.783,1.0,3.5,3.6,13.3,4.6,4.6,8.2,1.4,6.1,0.9,1.4,0.6,1.7,2.8,4.4,1.0,19.0,5.5
1209,2021,P.J. Tucker,MIL,PF,20,1,19.9,0.9,2.3,.391,0.7,1.7,.394,0.3,0.7,.385,.533,0.2,0.3,.600,0.9,4.9,1.9,9.7,2.8,2.8,7.4,0.8,4.6,0.5,1.2,0.1,0.4,1.7,2.6,0.4,12.7,5.7
1210,2021,Isaiah Joe,PHI,SG,41,1,9.3,1.2,3.2,.361,1.0,2.6,.368,0.2,0.7,.333,.508,0.4,0.6,.750,0.1,1.8,0.7,8.5,0.9,0.9,5.2,0.5,7.2,0.3,1.5,0.1,0.9,0.8,3.7,0.3,7.1,9.5
1211,2021,Luka Šamanić,SAS,PF,33,4,9.3,1.4,3.2,.448,0.4,1.3,.279,1.1,1.9,.565,.505,0.5,0.9,.552,0.5,5.4,1.6,18.3,2.1,2.1,11.7,0.5,6.9,0.2,1.3,0.2,2.2,1.3,3.7,0.6,14.5,9.8
1212,2021,Javonte Green,2TM,SF,41,2,11.5,1.3,2.5,.520,0.2,0.7,.333,1.0,1.8,.597,.569,0.7,1.0,.750,0.6,6.1,1.1,10.6,1.7,1.7,8.3,0.4,4.8,0.7,2.9,0.1,1.1,1.1,3.6,0.5,13.7,12.1
1213,2021,Javonte Green,BOS,SF,25,2,13.8,1.6,2.8,.549,0.3,0.9,.318,1.3,2.0,.653,.599,0.8,1.2,.667,0.8,6.4,1.3,10.4,2.1,2.1,8.4,0.4,4.3,0.7,2.5,0.1,0.5,1.3,4.2,0.5,13.4,11.8
1214,2021,Javonte Green,CHI,SG,16,0,8.0,0.9,1.9,.452,0.2,0.5,.375,0.7,1.4,.478,.500,0.6,0.6,1.000,0.4,5.3,0.8,11.1,1.2,1.2,8.2,0.4,6.1,0.6,3.8,0.3,2.7,0.8,2.6,0.4,14.5,13.1
1215,2021,Luke Kornet,2TM,C,31,2,11.2,1.4,3.3,.436,0.5,1.9,.254,0.9,1.4,.690,.510,0.1,0.2,.500,0.5,4.4,1.7,17.0,2.2,2.2,10.7,0.8,9.5,0.1,0.6,1.0,8.5,0.6,3.4,0.2,6.3,13.3
1216,2021,Luke Kornet,CHI,C,13,0,7.2,0.7,2.1,.333,0.5,1.8,.261,0.2,0.3,.750,.444,0.2,0.3,.500,0.1,1.2,1.1,16.3,1.2,1.2,8.8,0.3,5.5,0.2,1.0,0.5,6.5,0.1,2.0,0.1,3.4,9.8
1217,2021,Luke Kornet,BOS,C,18,2,14.1,1.9,4.1,.473,0.5,2.0,.250,1.4,2.1,.684,.534,0.1,0.1,.500,0.7,5.7,2.2,17.2,2.9,2.9,11.4,1.1,10.9,0.1,0.4,1.4,9.2,1.1,4.4,0.3,7.4,14.5
1218,2021,Wenyen Gabriel,NOP,PF,21,0,11.5,1.1,2.9,.400,0.6,1.5,.406,0.5,1.3,.393,.508,0.5,0.8,.647,1.0,9.0,1.6,15.3,2.6,2.6,12.2,0.5,5.9,0.4,1.8,0.4,3.1,1.5,3.4,0.7,18.2,9.8
1219,2021,Paul Reed,PHI,PF,26,0,6.8,1.6,3.0,.538,0.0,0.2,.000,1.6,2.8,.583,.538,0.2,0.3,.500,1.2,19.0,1.2,18.9,2.3,2.3,19.0,0.5,11.0,0.4,2.7,0.5,6.6,1.1,3.4,0.5,12.8,21.2
1220,2021,Quinn Cook,2TM,PG,23,0,6.8,1.3,3.0,.426,0.5,1.1,.423,0.8,1.8,.429,.507,0.3,0.3,.875,0.1,1.4,0.7,10.9,0.7,0.7,6.1,0.8,18.3,0.2,1.3,0.0,0.6,0.4,3.3,0.3,8.9,12.7
1221,2021,Quinn Cook,LAL,PG,16,0,3.9,0.8,1.6,.462,0.3,0.8,.385,0.4,0.8,.538,.558,0.3,0.3,.800,0.0,0.0,0.3,9.0,0.3,0.3,4.5,0.3,12.5,0.1,0.8,0.1,1.4,0.1,2.1,0.2,9.6,13.8
1222,2021,Quinn Cook,CLE,PG,7,0,13.6,2.4,6.0,.405,0.9,1.9,.462,1.6,4.1,.379,.476,0.4,0.4,1.000,0.3,2.3,1.4,12.1,1.7,1.7,7.1,1.9,22.1,0.4,1.6,0.0,0.0,1.1,6.1,0.6,8.5,12.0
1223,2021,Meyers Leonard,MIA,C,3,2,9.7,1.0,2.3,.429,1.0,2.3,.429,0.0,0.0,,.643,0.3,0.7,.500,0.0,0.0,2.3,27.1,2.3,2.3,13.8,0.7,9.7,0.0,0.0,0.0,0.0,1.7,3.3,0.7,20.2,6.6
1224,2021,Amir Coffey,LAC,SG,44,1,9.0,1.0,2.3,.437,0.5,1.3,.411,0.5,1.1,.468,.549,0.6,0.9,.711,0.2,2.9,0.8,9.4,1.0,1.0,6.3,0.5,7.4,0.2,1.3,0.0,0.0,0.7,3.2,0.3,11.1,10.1
1225,2021,Zeke Nnaji,DEN,PF,42,1,9.5,1.2,2.5,.481,0.6,1.4,.407,0.6,1.1,.578,.596,0.3,0.4,.800,0.3,4.0,1.2,14.5,1.5,1.5,9.3,0.2,3.3,0.2,1.0,0.1,1.0,0.7,3.2,0.2,6.0,11.3
1226,2021,Killian Tillie,MEM,C,18,1,10.1,1.1,3.2,.333,0.6,1.8,.303,0.5,1.3,.375,.421,0.5,0.6,.818,0.3,3.5,1.0,10.6,1.3,1.3,7.0,0.4,5.6,0.3,1.3,0.4,4.0,1.1,3.2,0.1,3.1,8.5
1227,2021,Matt Thomas,2TM,SG,45,0,7.2,1.1,2.8,.394,0.6,1.8,.338,0.5,1.0,.489,.500,0.3,0.3,.857,0.2,2.3,0.8,12.2,1.0,1.0,7.3,0.4,8.6,0.1,0.6,0.0,0.0,0.4,3.1,0.3,9.5,9.1
1228,2021,Matt Thomas,TOR,SG,26,0,7.4,0.9,2.4,.387,0.7,1.6,.415,0.3,0.8,.333,.524,0.2,0.3,.857,0.1,1.7,0.7,10.7,0.8,0.8,6.0,0.3,6.7,0.1,0.5,0.0,0.0,0.4,2.7,0.2,8.4,8.2
1229,2021,Matt Thomas,UTA,SG,19,0,7.1,1.4,3.4,.400,0.5,2.1,.256,0.8,1.4,.615,.477,0.3,0.4,.857,0.2,3.3,1.0,14.4,1.2,1.2,9.1,0.5,11.3,0.1,0.7,0.0,0.0,0.4,3.6,0.4,10.5,10.5
1230,2021,Gary Clark,3TM,SF,39,11,16.8,1.0,3.4,.303,0.8,2.8,.287,0.2,0.6,.375,.420,0.2,0.3,.800,0.8,5.1,2.1,13.5,2.9,2.9,9.1,0.8,6.4,0.3,1.0,0.2,1.0,0.9,3.1,0.4,11.1,6.0
1231,2021,Gary Clark,ORL,SF,35,11,18.2,1.1,3.7,.305,0.9,3.1,.287,0.3,0.7,.391,.424,0.2,0.3,.800,0.9,5.2,2.3,13.3,3.2,3.2,9.1,0.9,6.4,0.3,0.9,0.2,1.0,1.0,3.4,0.5,11.2,6.1
1232,2021,Gary Clark,DEN,SF,2,0,2.0,0.0,0.0,,0.0,0.0,,0.0,0.0,,,0.0,0.0,,0.0,0.0,0.5,28.2,0.5,0.5,14.2,0.0,0.0,0.0,0.0,0.0,0.0,0.0,0.0,0.0,,2.9
1233,2021,Gary Clark,PHI,PF,2,0,6.5,0.0,0.5,.000,0.0,0.0,,0.0,0.5,.000,.000,0.0,0.0,,0.0,0.0,1.0,16.6,1.0,1.0,8.5,0.5,9.0,0.5,3.7,0.0,0.0,0.5,0.0,0.0,0.0,3.8
1234,2021,Ryan Arcidiacono,CHI,PG,44,0,10.2,1.1,2.7,.419,0.6,1.5,.373,0.5,1.1,.480,.526,0.3,0.5,.650,0.1,1.2,1.4,15.1,1.5,1.5,8.3,1.3,16.3,0.2,1.0,0.0,0.0,1.1,3.1,0.2,7.4,9.8
1235,2021,Mamadi Diakite,MIL,PF,14,1,10.1,1.1,2.9,.400,0.1,0.6,.125,1.1,2.3,.469,.413,0.8,1.0,.786,0.6,6.2,1.9,18.7,2.4,2.4,12.7,0.6,7.0,0.5,2.3,0.4,3.8,1.1,3.1,0.2,6.1,12.3
1236,2021,Anthony Gill,WAS,PF,26,4,8.4,1.2,2.3,.500,0.3,0.9,.292,0.9,1.4,.639,.558,0.5,0.6,.813,0.6,7.8,1.3,17.0,2.0,2.0,12.4,0.4,6.7,0.4,2.1,0.2,1.5,1.0,3.1,0.3,10.7,13.7
1237,2021,Romeo Langford,BOS,SG,18,4,15.7,1.2,3.3,.356,0.3,1.0,.278,0.9,2.3,.390,.398,0.5,0.7,.750,0.7,4.7,1.3,9.1,1.9,1.9,6.9,0.7,5.9,0.3,1.0,0.3,1.7,1.3,3.1,0.6,13.5,5.1
1238,2021,Alfonzo McKinnie,LAL,SF,39,0,6.6,1.2,2.4,.516,0.4,1.0,.410,0.8,1.4,.593,.602,0.3,0.5,.556,0.6,9.6,0.8,13.9,1.4,1.4,11.8,0.2,3.6,0.2,1.3,0.0,0.0,0.7,3.1,0.1,4.7,15.5
1239,2021,Jahmi'us Ramsey,SAC,SG,13,0,7.2,1.2,2.9,.395,0.4,1.5,.263,0.8,1.5,.526,.461,0.4,0.4,1.000,0.2,2.3,0.6,9.6,0.8,0.8,5.9,0.5,8.8,0.3,2.0,0.1,0.9,0.6,3.1,0.2,6.9,10.5
1240,2021,Cameron Reynolds,2TM,SF,5,0,8.0,1.2,3.6,.333,0.6,2.4,.250,0.6,1.2,.500,.417,0.0,0.0,,0.4,5.1,0.6,8.3,1.0,1.0,6.7,0.4,7.5,0.0,0.0,0.0,0.0,0.4,3.0,0.0,0.0,6.5
1241,2021,Cameron Reynolds,SAS,SF,3,0,2.0,0.3,0.7,.500,0.0,0.0,,0.3,0.7,.500,.500,0.0,0.0,,0.0,0.0,0.0,0.0,0.0,0.0,0.0,0.0,0.0,0.0,0.0,0.0,0.0,0.0,0.7,0.0,0.0,6.2
1242,2021,Cameron Reynolds,HOU,SF,2,0,17.0,2.5,8.0,.313,1.5,6.0,.250,1.0,2.0,.500,.406,0.0,0.0,,1.0,6.0,1.5,9.8,2.5,2.5,7.8,1.0,8.8,0.0,0.0,0.0,0.0,1.0,6.5,0.0,0.0,6.5
1243,2021,Nicolò Melli,2TM,PF,45,4,12.6,1.0,3.1,.326,0.5,1.9,.271,0.5,1.2,.411,.408,0.4,0.6,.760,0.6,5.6,2.1,17.9,2.7,2.7,11.8,1.0,9.8,0.3,1.2,0.1,0.5,1.3,3.0,0.3,7.3,7.9
1244,2021,Nicolò Melli,NOP,PF,22,0,11.0,0.7,2.7,.254,0.3,1.7,.189,0.4,1.0,.364,.314,0.3,0.3,.857,0.5,5.4,2.0,20.3,2.6,2.6,12.8,1.1,12.7,0.4,1.8,0.0,0.4,1.3,2.0,0.3,10.1,5.8
1245,2021,Nicolò Melli,DAL,PF,23,4,14.1,1.3,3.6,.378,0.7,2.1,.333,0.7,1.5,.441,.476,0.6,0.8,.722,0.7,5.8,2.1,16.1,2.8,2.8,11.0,0.8,7.7,0.2,0.8,0.1,0.6,1.3,4.0,0.2,5.3,9.4
1246,2021,Sam Merrill,MIL,SG,30,2,7.8,1.1,2.4,.444,0.7,1.6,.447,0.4,0.8,.440,.590,0.1,0.1,1.000,0.2,2.8,0.8,10.4,1.0,1.0,6.8,0.7,11.4,0.3,1.6,0.0,0.4,0.6,3.0,0.3,11.9,11.9
1247,2021,Reggie Perry,BRK,PF,26,0,8.1,1.2,3.0,.410,0.2,0.8,.190,1.1,2.2,.491,.436,0.4,0.5,.769,1.0,14.9,1.8,22.9,2.8,2.8,19.1,0.5,9.0,0.2,1.4,0.2,2.5,1.5,3.0,0.6,15.2,11.0
1248,2021,Thanasis Antetokounmpo,MIL,SF,57,3,9.7,1.2,2.4,.489,0.1,0.5,.241,1.1,1.9,.556,.515,0.4,0.9,.510,0.9,10.7,1.2,12.9,2.2,2.2,11.8,0.8,10.3,0.4,1.9,0.2,1.6,1.3,2.9,0.8,21.3,10.3
1249,2021,Trent Forrest,UTA,PG,30,0,10.1,1.1,2.4,.451,0.2,0.9,.192,0.9,1.5,.600,.486,0.6,0.6,1.000,0.4,4.0,1.1,11.1,1.5,1.5,7.7,1.5,19.9,0.3,1.5,0.1,1.1,0.7,2.9,0.7,20.9,11.2
1250,2021,Bruno Caboclo,HOU,PF,6,0,6.0,1.3,2.8,.471,0.0,0.8,.000,1.3,2.0,.667,.471,0.2,0.3,.500,0.5,8.5,1.8,34.0,2.3,2.3,20.7,0.2,4.7,0.0,0.0,0.3,5.0,1.0,2.8,0.7,18.3,9.0
1251,2021,Matthew Dellavedova,CLE,PG,13,1,17.2,1.1,4.3,.250,0.3,1.9,.160,0.8,2.4,.323,.286,0.3,0.3,1.000,0.5,2.9,1.4,9.2,1.8,1.8,6.0,4.5,35.3,0.3,0.9,0.1,0.4,1.6,2.8,0.5,9.4,7.3
1252,2021,Harry Giles,POR,C,38,0,9.2,1.1,2.6,.433,0.2,0.6,.348,0.9,1.9,.459,.474,0.4,0.7,.593,0.8,9.3,2.7,32.2,3.5,3.5,20.4,0.8,11.3,0.2,1.1,0.3,3.3,1.4,2.8,0.5,15.5,12.4
1253,2021,Kyle Guy,SAC,PG,31,0,7.6,0.9,2.8,.330,0.4,1.5,.283,0.5,1.4,.381,.403,0.5,0.6,.800,0.2,2.3,1.0,14.4,1.1,1.1,8.3,1.0,17.9,0.2,1.2,0.0,0.0,0.6,2.8,0.4,10.2,8.5
1254,2021,Markus Howard,DEN,SG,37,1,5.5,1.1,2.9,.377,0.5,1.8,.277,0.6,1.1,.537,.462,0.2,0.2,.778,0.0,0.6,0.5,11.0,0.6,0.6,5.8,0.5,12.6,0.1,1.0,0.0,0.5,0.6,2.8,0.5,14.1,6.4
1255,2021,Didi Louzada,NOP,SF,3,0,18.7,1.0,4.3,.231,0.7,2.7,.250,0.3,1.7,.200,.308,0.0,0.0,,0.3,1.9,0.7,3.9,1.0,1.0,2.9,1.0,6.5,0.7,1.7,0.0,0.0,1.7,2.7,1.0,18.8,-0.9
1256,2021,Frank Ntilikina,NYK,PG,33,4,9.8,0.9,2.4,.367,0.7,1.5,.479,0.2,0.9,.194,.513,0.2,0.5,.444,0.2,2.0,0.8,8.3,0.9,0.9,5.2,0.6,8.1,0.5,2.8,0.1,1.2,1.4,2.7,0.3,11.2,7.7
1257,2021,Keita Bates-Diop,SAS,SF,30,0,8.2,1.0,2.2,.448,0.2,0.6,.294,0.8,1.7,.500,.485,0.5,0.7,.667,0.3,3.8,1.3,17.7,1.6,1.6,10.6,0.4,6.6,0.4,2.2,0.2,1.7,0.4,2.6,0.2,8.4,12.0
1258,2021,Amida Brimah,IND,C,5,0,5.8,1.0,1.6,.625,0.0,0.0,,1.0,1.6,.625,.625,0.6,0.6,1.000,0.4,7.5,1.2,22.3,1.6,1.6,15.0,0.2,4.8,0.0,0.0,1.0,14.0,0.8,2.6,0.8,30.0,16.6
1259,2021,Josh Green,DAL,SG,39,5,11.4,1.1,2.4,.452,0.1,0.6,.160,1.0,1.7,.559,.473,0.3,0.6,.565,0.7,7.0,1.3,12.3,2.0,2.0,9.7,0.7,8.3,0.4,1.8,0.1,0.6,0.9,2.6,0.4,14.2,8.8
1260,2021,Grant Riller,CHO,PG,7,0,3.9,1.1,1.7,.667,0.3,0.6,.500,0.9,1.1,.750,.750,0.0,0.0,,0.0,0.0,0.1,4.1,0.1,0.1,2.0,0.4,20.9,0.1,1.8,0.0,0.0,0.0,2.6,0.1,7.7,23.6
1261,2021,Anderson Varejão,CLE,C,5,0,7.2,0.8,3.2,.250,0.0,0.2,.000,0.8,3.0,.267,.250,1.0,1.8,.556,1.4,21.3,2.6,41.4,4.0,4.0,31.1,0.6,12.2,0.0,0.0,0.4,5.0,0.6,2.6,0.2,4.8,12.9
1262,2021,Jordan Bell,2TM,C,6,1,13.7,1.2,3.7,.318,0.0,0.3,.000,1.2,3.3,.350,.318,0.2,0.3,.500,1.2,9.1,2.8,21.9,4.0,4.0,15.5,1.2,10.6,0.5,1.7,0.8,5.2,1.2,2.5,0.7,14.9,8.0
1263,2021,Jordan Bell,WAS,C,5,1,13.4,1.4,4.0,.350,0.0,0.4,.000,1.4,3.6,.389,.350,0.0,0.0,,1.2,9.5,2.6,20.5,3.8,3.8,15.0,1.0,9.5,0.6,2.1,0.6,3.7,1.0,2.8,0.6,13.0,8.5
1264,2021,Jordan Bell,GSW,C,1,0,15.0,0.0,2.0,.000,0.0,0.0,,0.0,2.0,.000,.000,1.0,2.0,.500,1.0,7.2,4.0,28.0,5.0,5.0,17.7,2.0,15.5,0.0,0.0,2.0,11.8,2.0,1.0,1.0,25.8,5.6
1265,2021,Tacko Fall,BOS,C,19,0,7.2,1.1,1.5,.724,0.0,0.0,,1.1,1.5,.724,.724,0.3,0.8,.333,0.8,13.0,1.9,29.7,2.7,2.7,21.3,0.2,3.1,0.1,0.4,1.1,13.7,1.2,2.5,0.3,14.4,19.6
1266,2021,Rondae Hollis-Jefferson,POR,PF,11,1,9.7,0.8,1.6,.500,0.0,0.1,.000,0.8,1.5,.529,.500,0.8,1.5,.563,1.0,10.7,1.4,15.4,2.4,2.4,13.0,1.2,15.7,0.2,0.9,0.4,3.4,1.4,2.5,0.2,7.4,14.4
1267,2021,Tre Jones,SAS,PG,37,1,7.3,1.0,2.1,.474,0.1,0.1,.600,0.9,2.0,.466,.494,0.5,0.5,.895,0.2,3.1,0.4,5.2,0.6,0.6,4.2,1.1,20.0,0.2,1.4,0.0,0.0,0.4,2.5,0.4,13.1,12.1
1268,2021,KZ Okpala,MIA,PF,37,9,12.1,1.0,2.6,.375,0.3,1.4,.240,0.6,1.2,.522,.438,0.2,0.4,.533,0.6,5.5,1.3,11.8,1.8,1.8,8.7,0.5,5.8,0.3,1.1,0.3,2.6,1.6,2.5,0.4,12.8,5.2
1269,2021,Gary Payton II,GSW,PG,10,0,4.0,1.0,1.3,.769,0.2,0.4,.500,0.8,0.9,.889,.846,0.3,0.4,.750,0.2,5.4,0.9,23.6,1.1,1.1,14.6,0.1,4.1,0.6,7.0,0.1,2.2,0.8,2.5,0.1,6.3,29.2
1270,2021,Mfiondu Kabengele,2TM,PF,39,0,7.2,0.8,2.3,.371,0.3,1.3,.260,0.5,1.0,.513,.444,0.4,0.5,.800,0.3,4.7,1.2,19.4,1.5,1.5,12.0,0.4,8.7,0.2,1.4,0.3,4.1,0.9,2.4,0.4,13.3,9.5
1271,2021,Mfiondu Kabengele,LAC,PF,23,0,4.1,0.4,1.4,.281,0.2,0.8,.222,0.2,0.6,.357,.344,0.2,0.3,.833,0.0,1.2,0.6,15.1,0.6,0.6,8.4,0.2,6.9,0.1,1.1,0.1,2.8,0.8,1.2,0.3,14.8,1.4
1272,2021,Mfiondu Kabengele,CLE,PF,16,0,11.6,1.5,3.6,.421,0.6,2.0,.281,0.9,1.6,.600,.500,0.7,0.9,.786,0.7,6.5,2.2,21.6,2.9,2.9,13.8,0.8,9.7,0.4,1.6,0.6,4.8,1.1,4.3,0.6,12.5,13.7
1273,2021,Wes Iwundu,2TM,SF,41,4,13.1,0.8,2.5,.333,0.1,1.0,.122,0.7,1.5,.475,.358,0.6,0.8,.839,0.4,3.0,1.8,15.2,2.2,2.2,9.1,0.4,4.2,0.4,1.4,0.1,0.7,1.2,2.4,0.5,14.1,4.3
1274,2021,Wes Iwundu,DAL,SF,23,3,12.5,0.7,2.3,.327,0.1,1.0,.130,0.6,1.3,.483,.356,0.5,0.6,.857,0.3,2.3,1.7,14.4,1.9,1.9,8.4,0.4,4.4,0.4,1.5,0.1,1.0,1.1,2.1,0.3,9.4,4.9
1275,2021,Wes Iwundu,NOP,SF,18,1,13.9,0.9,2.8,.340,0.1,1.0,.111,0.8,1.8,.469,.360,0.8,0.9,.824,0.5,3.9,2.1,16.0,2.6,2.6,9.9,0.4,3.9,0.3,1.1,0.1,0.4,1.3,2.8,0.7,18.4,3.7
1276,2021,Vernon Carey Jr.,CHO,C,19,4,6.1,0.9,1.9,.500,0.1,0.4,.143,0.9,1.5,.586,.514,0.5,0.6,.818,0.3,5.6,1.1,20.1,1.4,1.4,12.7,0.1,2.6,0.1,0.4,0.3,4.3,0.7,2.4,0.3,10.9,11.7
1277,2021,Jeremiah Martin,CLE,PG,9,0,8.3,1.0,3.7,.273,0.3,1.3,.250,0.7,2.3,.286,.318,0.1,0.6,.200,0.2,2.9,0.6,7.6,0.8,0.8,5.2,0.4,7.9,0.6,3.3,0.2,2.4,0.1,2.4,0.7,14.6,1.4
1278,2021,Rayjon Tucker,PHI,PG,14,0,4.9,0.6,1.3,.500,0.1,0.5,.286,0.5,0.8,.636,.556,1.0,1.4,.737,0.1,1.6,0.7,15.9,0.8,0.8,8.9,0.4,12.2,0.1,1.4,0.0,0.0,0.6,2.4,0.3,13.2,15.1
1279,2021,Jarrell Brantley,UTA,PF,28,0,4.9,0.9,1.9,.481,0.4,1.0,.429,0.5,0.9,.542,.596,0.1,0.1,1.000,0.3,7.2,0.6,13.3,1.0,1.0,10.4,0.5,16.1,0.3,2.5,0.1,1.2,0.6,2.3,0.3,13.1,16.6
1280,2021,CJ Elleby,POR,SF,30,0,6.4,0.8,2.2,.379,0.2,1.1,.206,0.6,1.1,.563,.432,0.4,0.5,.733,0.4,6.0,0.7,12.0,1.1,1.1,8.9,0.3,7.1,0.2,1.5,0.1,1.4,0.9,2.3,0.2,6.4,9.4
1281,2021,Justin Robinson,OKC,PG,9,0,9.8,0.8,2.3,.333,0.4,1.6,.286,0.3,0.8,.429,.429,0.3,0.6,.600,0.1,1.2,0.7,7.2,0.8,0.8,4.1,1.0,14.1,0.3,1.6,0.0,0.0,1.1,2.3,0.2,7.9,6.0
1282,2021,Quinndary Weatherspoon,SAS,SG,20,0,6.1,0.8,1.8,.457,0.1,0.3,.167,0.8,1.5,.517,.471,0.7,0.8,.813,0.2,2.6,0.4,7.2,0.6,0.6,4.8,0.4,9.1,0.4,3.2,0.1,1.4,0.9,2.3,0.5,19.2,9.6
1283,2021,Bol Bol,DEN,PF,32,2,5.0,0.8,1.8,.431,0.3,0.8,.375,0.5,1.1,.471,.509,0.3,0.5,.667,0.0,0.0,0.8,16.9,0.8,0.8,8.5,0.2,6.0,0.1,0.9,0.3,6.1,0.4,2.2,0.4,16.8,9.4
1284,2021,Sean McDermott,MEM,SF,18,0,8.8,0.7,1.8,.394,0.3,1.2,.227,0.4,0.6,.727,.470,0.4,0.4,1.000,0.3,4.0,0.7,8.8,1.1,1.1,6.4,0.2,3.1,0.1,0.6,0.2,1.7,0.4,2.2,0.2,9.9,7.2
1285,2021,Shaquille Harrison,2TM,SG,34,0,9.8,0.8,2.3,.333,0.1,0.5,.188,0.7,1.8,.371,.353,0.5,0.6,.818,0.2,2.4,1.2,13.7,1.4,1.4,8.1,0.7,9.5,0.5,2.5,0.1,1.5,1.0,2.1,0.3,11.1,6.8
1286,2021,Shaquille Harrison,UTA,SG,17,0,3.3,0.4,1.2,.300,0.0,0.1,.000,0.4,1.1,.333,.300,0.3,0.4,.833,0.2,5.9,0.4,10.9,0.5,0.5,8.5,0.5,21.5,0.1,1.7,0.0,0.0,0.2,1.0,0.3,18.1,6.5
1287,2021,Shaquille Harrison,DEN,SG,17,0,16.3,1.2,3.4,.345,0.2,0.8,.214,1.0,2.6,.386,.371,0.8,0.9,.813,0.2,1.6,2.1,14.3,2.3,2.3,8.0,0.9,7.1,0.9,2.7,0.3,1.8,1.8,3.3,0.4,8.4,6.9
1288,2021,Chris Silva,2TM,PF,15,0,6.1,0.7,1.1,.625,0.1,0.1,1.000,0.6,1.0,.600,.656,0.7,1.0,.733,0.5,8.9,1.3,24.4,1.8,1.8,16.8,0.4,9.3,0.1,0.5,0.4,6.6,1.6,2.1,0.7,30.7,11.5
1289,2021,Chris Silva,MIA,PF,11,0,7.5,0.8,1.2,.692,0.1,0.1,1.000,0.7,1.1,.667,.731,1.0,1.4,.733,0.6,9.8,1.6,24.4,2.3,2.3,17.2,0.5,10.3,0.1,0.6,0.5,6.3,1.8,2.7,0.8,31.5,13.4
1290,2021,Chris Silva,SAC,PF,4,0,2.3,0.3,0.8,.333,0.0,0.0,,0.3,0.8,.333,.333,0.0,0.0,,0.0,0.0,0.5,25.0,0.5,0.5,12.3,0.0,0.0,0.0,0.0,0.3,9.4,1.0,0.5,0.3,25.0,-5.9
1291,2021,Vlatko Čančar,DEN,PF,41,1,6.9,0.8,1.8,.458,0.2,0.8,.273,0.6,1.0,.615,.521,0.2,0.3,.769,0.3,4.5,1.0,15.7,1.2,1.2,10.1,0.3,6.4,0.3,1.9,0.0,0.7,0.4,2.1,0.3,15.3,9.7
1292,2021,Ed Davis,MIN,C,23,7,13.0,0.8,1.9,.432,0.0,0.0,,0.8,1.9,.432,.432,0.4,0.5,.833,2.0,16.1,3.0,26.0,5.0,5.0,20.8,0.9,9.0,0.6,2.1,0.6,3.8,2.4,2.1,0.3,12.4,13.1
1293,2021,Devon Dotson,CHI,PG,11,0,4.5,1.0,1.9,.524,0.1,0.6,.143,0.9,1.3,.714,.548,0.0,0.0,,0.2,4.5,0.3,6.6,0.5,0.5,5.5,0.6,21.4,0.4,3.9,0.0,0.0,0.3,2.1,0.0,0.0,19.3
1294,2021,Deividas Sirvydis,DET,SG,20,0,6.7,0.7,2.0,.350,0.5,1.4,.357,0.2,0.6,.333,.475,0.2,0.3,.500,0.0,0.0,1.5,24.5,1.5,1.5,12.1,0.3,5.4,0.1,0.7,0.0,0.0,0.5,2.1,0.3,10.5,5.7
1295,2021,Sindarius Thornwell,2TM,SG,21,1,10.3,0.7,2.2,.326,0.3,1.1,.304,0.4,1.1,.348,.402,0.2,0.4,.500,0.1,1.4,0.7,7.4,0.9,0.9,4.4,1.0,13.0,0.6,2.9,0.1,0.9,0.7,2.0,0.3,12.4,6.6
1296,2021,Sindarius Thornwell,NOP,SG,14,1,5.2,0.5,1.5,.333,0.2,0.6,.333,0.3,0.9,.333,.405,0.0,0.1,.000,0.1,1.5,0.3,5.9,0.4,0.4,3.7,0.3,7.0,0.4,3.3,0.1,1.3,0.2,1.2,0.3,15.5,4.5
1297,2021,Sindarius Thornwell,ORL,SG,7,0,20.6,1.1,3.6,.320,0.6,2.0,.286,0.6,1.6,.364,.400,0.6,0.9,.667,0.3,1.4,1.6,8.2,1.9,1.9,4.7,2.4,16.0,1.1,2.7,0.1,0.6,1.7,3.4,0.4,9.8,7.7
1298,2021,Isaac Bonga,WAS,SF,40,8,10.8,0.8,2.0,.370,0.3,1.2,.277,0.4,0.9,.500,.451,0.1,0.2,.625,0.5,4.4,1.2,11.7,1.7,1.7,8.1,0.6,6.5,0.3,1.2,0.2,1.7,1.6,2.0,0.6,20.7,4.0
1299,2021,Devontae Cacok,LAL,PF,20,1,4.9,0.9,1.5,.586,0.0,0.0,,0.9,1.5,.586,.586,0.3,0.6,.455,0.6,13.8,1.0,22.8,1.6,1.6,18.4,0.1,1.5,0.3,2.5,0.2,3.7,0.4,2.0,0.3,12.9,17.2
1300,2021,Nate Hinton,DAL,SG,21,0,4.4,0.7,2.0,.357,0.2,0.9,.211,0.5,1.1,.478,.405,0.3,0.5,.700,0.0,1.2,0.4,9.4,0.4,0.4,5.3,0.4,12.4,0.3,3.7,0.1,2.0,0.4,2.0,0.2,9.7,10.4
1301,2021,Jontay Porter,MEM,PF,11,0,4.9,0.7,1.4,.533,0.3,0.7,.375,0.5,0.6,.714,.633,0.3,0.5,.600,0.4,7.8,0.9,19.9,1.3,1.3,13.7,0.1,2.5,0.3,2.7,0.1,1.7,1.1,2.0,0.6,28.9,9.2
1302,2021,Jalen Smith,PHO,PF,27,1,5.8,0.8,1.9,.440,0.1,0.6,.235,0.7,1.2,.545,.480,0.2,0.3,.714,0.3,5.2,1.1,21.4,1.4,1.4,13.4,0.1,3.4,0.0,0.3,0.2,2.9,0.6,2.0,0.3,11.7,8.4
1303,2021,Ray Spalding,HOU,C,2,0,9.5,1.0,2.0,.500,0.0,0.5,.000,1.0,1.5,.667,.500,0.0,1.0,.000,1.0,10.8,1.0,11.7,2.0,2.0,11.2,0.0,0.0,0.0,0.0,1.0,9.4,1.5,2.0,1.5,38.1,0.8
1304,2021,Miye Oni,UTA,SG,54,0,9.6,0.6,1.8,.354,0.6,1.6,.341,0.1,0.2,.455,.505,0.1,0.1,.833,0.4,4.9,1.1,11.9,1.6,1.6,8.6,0.5,6.8,0.2,1.0,0.1,1.2,1.1,1.9,0.3,13.6,6.4
1305,2021,Alen Smailagić,GSW,PF,15,1,5.6,0.7,1.8,.407,0.3,0.7,.400,0.5,1.1,.412,.481,0.1,0.4,.333,0.4,7.7,0.7,12.5,1.1,1.1,10.1,0.3,6.5,0.2,1.7,0.3,5.2,0.7,1.9,0.3,14.4,8.9
1306,2021,Cassius Winston,WAS,PG,22,0,4.5,0.6,1.5,.424,0.4,0.8,.471,0.3,0.7,.375,.545,0.2,0.3,.833,0.0,0.0,0.4,9.7,0.4,0.4,4.9,0.5,16.3,0.1,0.9,0.0,0.9,0.4,1.9,0.2,12.3,10.8
1307,2021,Daniel Oturu,LAC,C,30,0,5.4,0.7,1.7,.423,0.0,0.2,.200,0.7,1.6,.447,.433,0.3,0.4,.750,0.7,15.1,0.9,18.3,1.6,1.6,16.8,0.3,8.5,0.1,1.2,0.2,3.9,0.8,1.8,0.3,13.6,12.5
1308,2021,Axel Toupane,MIL,SF,8,1,7.6,0.5,1.4,.364,0.1,0.3,.500,0.4,1.1,.333,.409,0.6,0.9,.714,0.0,0.0,0.8,10.0,0.8,0.8,5.2,0.5,7.6,0.3,1.5,0.4,4.4,0.8,1.8,0.0,0.0,9.0
1309,2021,Elijah Hughes,UTA,SF,18,0,3.6,0.6,1.7,.333,0.4,1.3,.348,0.1,0.4,.286,.467,0.2,0.2,.750,0.1,1.7,0.4,12.7,0.5,0.5,7.5,0.3,13.4,0.1,0.8,0.1,1.3,0.1,1.7,0.3,15.9,8.4
1310,2021,T.J. Leaf,POR,PF,7,0,5.0,0.7,1.4,.500,0.0,0.0,,0.7,1.4,.500,.500,0.3,0.3,1.000,0.0,0.0,0.7,15.7,0.7,0.7,7.6,0.1,4.0,0.3,2.8,0.1,2.6,0.1,1.7,0.3,15.5,11.2
1311,2021,James Nunnally,NOP,SF,9,0,5.3,0.6,1.4,.385,0.4,1.3,.333,0.1,0.1,1.000,.538,0.1,0.2,.500,0.2,4.5,0.8,15.8,1.0,1.0,10.2,0.3,8.1,0.0,0.0,0.0,0.0,0.1,1.7,0.2,12.6,8.3
1312,2021,Tim Frazier,MEM,PG,5,0,12.4,0.6,4.0,.150,0.0,1.6,.000,0.6,2.4,.250,.150,0.4,1.2,.333,0.0,0.0,1.6,13.8,1.6,1.6,6.8,3.2,30.8,0.4,1.5,0.2,1.5,1.4,1.6,0.8,15.0,-0.5
1313,2021,Rodions Kurucs,3TM,PF,21,0,6.0,0.5,1.5,.344,0.3,1.0,.286,0.2,0.5,.455,.438,0.1,0.2,.750,0.2,4.3,0.9,15.4,1.1,1.1,9.8,0.5,10.3,0.4,3.4,0.2,2.9,0.8,1.5,0.6,27.8,6.3
1314,2021,Rodions Kurucs,BRK,PF,5,0,3.2,0.2,0.6,.333,0.2,0.4,.500,0.0,0.2,.000,.500,0.0,0.0,,0.0,0.0,0.6,19.7,0.6,0.6,10.4,0.4,15.1,0.0,0.0,0.0,0.0,0.2,0.6,0.0,0.0,7.7
1315,2021,Rodions Kurucs,HOU,SF,11,0,6.8,0.5,1.9,.238,0.2,1.4,.133,0.3,0.5,.500,.286,0.1,0.2,.500,0.2,2.7,0.8,13.4,1.0,1.0,7.8,0.4,7.1,0.5,3.8,0.4,4.8,0.6,1.2,0.8,29.1,0.8
1316,2021,Rodions Kurucs,MIL,SF,5,0,6.8,1.0,1.6,.625,0.6,0.8,.750,0.4,0.8,.500,.813,0.4,0.4,1.000,0.6,9.6,1.2,17.9,1.8,1.8,13.9,0.8,15.0,0.6,4.1,0.0,0.0,1.6,3.0,0.8,31.1,17.9
1317,2021,Norvel Pelle,3TM,C,13,0,6.5,0.6,1.2,.533,0.0,0.0,,0.6,1.2,.533,.533,0.3,0.5,.667,0.5,8.1,1.0,16.5,1.5,1.5,12.4,0.2,3.0,0.1,0.6,0.7,10.0,1.1,1.5,0.2,14.5,11.6
1318,2021,Norvel Pelle,BRK,C,3,0,9.3,1.0,2.3,.429,0.0,0.0,,1.0,2.3,.429,.429,0.0,0.0,,1.0,12.5,1.3,15.0,2.3,2.3,13.8,0.0,0.0,0.0,0.0,1.0,9.4,3.0,2.0,1.0,30.0,2.1
1319,2021,Norvel Pelle,SAC,C,1,0,4.0,0.0,1.0,.000,0.0,0.0,,0.0,1.0,.000,.000,3.0,4.0,.750,1.0,27.4,0.0,0.0,1.0,1.0,13.9,1.0,28.2,0.0,0.0,0.0,0.0,1.0,3.0,0.0,0.0,30.1
1320,2021,Norvel Pelle,NYK,C,9,0,5.8,0.6,0.8,.714,0.0,0.0,,0.6,0.8,.714,.714,0.1,0.2,.500,0.2,4.2,1.0,18.6,1.2,1.2,11.5,0.1,2.7,0.1,1.0,0.7,11.0,0.4,1.2,0.0,0.0,15.3
1321,2021,Bruno Fernando,ATL,C,33,0,6.8,0.5,1.3,.409,0.0,0.1,.000,0.5,1.3,.429,.409,0.5,0.7,.682,0.5,7.9,1.9,29.4,2.4,2.4,18.9,0.3,5.8,0.1,0.9,0.1,1.2,0.7,1.5,0.6,28.1,6.2
1322,2021,Cassius Stanley,IND,SG,24,0,3.9,0.5,1.8,.302,0.1,0.5,.231,0.4,1.3,.333,.337,0.3,0.4,.778,0.3,9.4,0.5,13.9,0.8,0.8,11.7,0.0,1.4,0.0,0.5,0.1,1.7,0.6,1.5,0.0,2.1,5.5
1323,2021,Anthony Tolliver,PHI,PF,11,0,9.0,0.4,1.5,.235,0.4,1.3,.286,0.0,0.3,.000,.353,0.5,0.5,.833,0.3,3.4,0.6,7.6,0.9,0.9,5.6,0.2,2.5,0.3,1.5,0.2,1.8,0.6,1.5,0.3,13.3,4.0
1324,2021,Robert Woodard II,SAC,SF,13,0,3.5,0.6,1.5,.400,0.1,0.5,.167,0.5,1.1,.500,.425,0.2,0.6,.375,0.3,9.7,0.9,30.0,1.2,1.2,19.7,0.2,6.3,0.0,0.0,0.2,5.6,0.3,1.5,0.1,4.1,12.5
1325,2021,Nate Darling,CHO,SG,7,0,3.7,0.3,1.0,.286,0.3,1.0,.286,0.0,0.0,,.429,0.4,0.4,1.000,0.1,4.1,0.0,0.0,0.1,0.1,2.1,0.1,5.1,0.0,0.0,0.1,3.8,0.1,1.3,0.1,10.7,8.2
1326,2021,Kris Dunn,ATL,PG,4,0,11.3,0.3,3.0,.083,0.0,0.5,.000,0.3,2.5,.100,.083,0.8,1.0,.750,0.0,0.0,1.5,14.3,1.5,1.5,7.3,0.5,5.4,0.5,2.2,0.5,3.9,2.5,1.3,0.8,17.9,-5.7
1327,2021,Cristiano Felício,CHI,C,18,0,4.7,0.4,0.7,.538,0.0,0.1,.000,0.4,0.6,.636,.538,0.5,0.9,.563,0.6,13.3,0.9,20.9,1.4,1.4,17.2,0.5,13.6,0.2,2.3,0.0,0.0,0.6,1.3,0.2,16.6,14.7
1328,2021,Jalen Lecque,IND,PG,4,0,3.0,0.3,2.3,.111,0.0,0.3,.000,0.3,2.0,.125,.111,0.8,0.8,1.000,0.5,18.2,0.8,27.0,1.3,1.3,22.6,0.5,20.6,0.0,0.0,0.0,0.0,0.0,1.3,0.0,0.0,4.7
1329,2021,Marques Bolden,CLE,C,6,0,4.8,0.2,0.5,.333,0.0,0.0,,0.2,0.5,.333,.333,0.8,1.3,.625,0.5,11.3,0.5,11.9,1.0,1.0,11.6,0.0,0.0,0.3,3.4,0.3,6.1,0.0,1.2,0.3,23.5,13.3
1330,2021,Juwan Morgan,UTA,PF,29,0,5.1,0.5,1.0,.467,0.1,0.4,.308,0.3,0.6,.588,.533,0.1,0.2,.429,0.3,6.8,0.7,13.1,1.0,1.0,10.1,0.3,8.0,0.1,1.3,0.0,0.6,0.7,1.2,0.1,10.8,8.5
1331,2021,Andre Roberson,BRK,SG,5,0,12.6,0.4,2.8,.143,0.2,1.6,.125,0.2,1.2,.167,.179,0.2,0.4,.500,1.4,12.9,1.6,13.3,3.0,3.0,13.2,0.8,7.4,0.6,2.3,0.2,1.4,0.8,1.2,0.4,11.8,4.2
1332,2021,Udoka Azubuike,UTA,C,15,0,3.8,0.3,0.6,.444,0.0,0.0,,0.3,0.6,.444,.444,0.5,0.7,.800,0.3,7.8,0.6,16.0,0.9,0.9,12.1,0.0,0.0,0.1,0.9,0.3,5.7,0.6,1.1,0.2,18.3,10.3
1333,2021,Karim Mané,ORL,PG,10,0,8.8,0.3,1.3,.231,0.1,0.2,.500,0.2,1.1,.182,.269,0.4,0.5,.800,0.1,1.1,1.3,15.9,1.4,1.4,8.3,0.4,6.0,0.0,0.0,0.2,2.1,1.0,1.1,0.3,16.5,1.3
1334,2021,Adam Mokoka,CHI,SG,14,0,4.0,0.5,1.4,.368,0.1,0.7,.100,0.4,0.6,.667,.395,0.0,0.1,.000,0.1,2.0,0.3,7.8,0.4,0.4,4.9,0.4,11.9,0.1,1.7,0.1,1.6,0.4,1.1,0.4,20.5,2.2
1335,2021,Tyler Bey,DAL,SF,18,0,3.9,0.4,1.2,.318,0.1,0.2,.250,0.3,1.0,.333,.341,0.2,0.3,.600,0.4,12.5,0.6,16.9,1.1,1.1,14.7,0.2,5.6,0.0,0.0,0.1,1.3,0.3,1.0,0.2,11.0,5.9
1336,2021,Malik Fitts,LAC,PF,3,0,3.7,0.3,1.0,.333,0.3,0.7,.500,0.0,0.3,.000,.500,0.0,0.0,,0.0,0.0,1.0,29.8,1.0,1.0,15.3,0.0,0.0,0.0,0.0,0.0,0.0,1.0,1.0,0.0,0.0,2.9
1337,2021,Patrick McCaw,TOR,SF,5,0,6.6,0.2,0.2,1.000,0.0,0.0,,0.2,0.2,1.000,1.000,0.6,0.6,1.000,0.2,3.2,0.4,6.9,0.6,0.6,5.0,0.8,15.2,0.4,2.9,0.0,0.0,1.2,1.0,0.0,0.0,12.0
1338,2021,Iman Shumpert,BRK,SG,2,0,5.5,0.5,2.0,.250,0.0,1.5,.000,0.5,0.5,1.000,.250,0.0,0.0,,0.5,10.6,0.0,0.0,0.5,0.5,5.0,0.0,0.0,0.5,4.4,0.0,0.0,0.0,1.0,0.5,20.0,-0.4
1339,2021,Tyrell Terry,DAL,PG,11,0,5.1,0.5,1.5,.313,0.0,0.6,.000,0.5,0.8,.556,.313,0.1,0.3,.333,0.0,0.0,0.5,11.7,0.5,0.5,5.9,0.5,14.0,0.5,4.4,0.0,0.0,0.2,1.0,0.2,10.4,6.0
1340,2021,Kostas Antetokounmpo,LAL,PF,15,0,3.7,0.2,0.7,.300,0.0,0.0,,0.2,0.7,.300,.300,0.4,0.9,.462,0.3,8.1,1.0,29.9,1.3,1.3,19.1,0.1,2.3,0.1,1.7,0.3,6.4,0.5,0.8,0.7,41.2,0.0
1341,2021,Vincent Poirier,PHI,C,10,0,3.9,0.3,1.2,.250,0.0,0.1,.000,0.3,1.1,.273,.250,0.2,0.6,.333,0.6,17.2,0.8,22.2,1.4,1.4,19.8,0.2,6.6,0.0,0.0,0.3,6.9,0.8,0.8,0.4,21.5,1.6
1342,2021,Nick Richards,CHO,PF,18,0,3.5,0.2,0.5,.444,0.0,0.1,.000,0.2,0.4,.500,.444,0.4,0.6,.636,0.2,6.8,0.4,12.2,0.6,0.6,9.5,0.1,4.2,0.0,0.0,0.0,0.0,0.4,0.8,0.2,17.8,5.5
1343,2021,Keljin Blevins,POR,SF,17,0,4.4,0.3,1.2,.250,0.1,0.5,.250,0.2,0.7,.250,.300,0.0,0.0,,0.2,4.2,0.4,10.3,0.6,0.6,7.1,0.2,6.7,0.1,1.3,0.0,0.0,0.5,0.7,0.3,20.0,-0.9
1344,2021,Ty-Shon Alexander,PHO,SG,15,0,3.1,0.2,0.8,.250,0.1,0.6,.222,0.1,0.2,.333,.333,0.1,0.1,.500,0.1,4.9,0.5,19.0,0.7,0.7,12.1,0.4,15.4,0.0,0.0,0.1,1.9,0.1,0.6,0.2,18.9,4.2
1345,2021,Brian Bowen,IND,SF,6,0,2.5,0.2,0.7,.250,0.0,0.2,.000,0.2,0.5,.333,.250,0.2,0.2,1.000,0.0,0.0,0.5,21.6,0.5,0.5,10.8,0.0,0.0,0.0,0.0,0.0,0.0,0.2,0.5,0.0,0.0,1.0
1346,2021,Jared Dudley,LAL,PF,12,0,6.8,0.2,0.8,.222,0.2,0.5,.333,0.0,0.3,.000,.333,0.0,0.0,,0.3,5.6,1.4,23.5,1.8,1.8,14.6,0.4,7.6,0.1,0.6,0.1,1.1,0.6,0.5,0.2,18.2,4.4
1347,2021,Jared Harper,NYK,PG,8,0,2.0,0.0,0.5,.000,0.0,0.1,.000,0.0,0.4,.000,.000,0.4,0.5,.750,0.0,0.0,0.3,13.4,0.3,0.3,6.8,0.1,7.7,0.0,0.0,0.0,0.0,0.1,0.4,0.4,34.2,-10.8
1348,2021,Jaylen Adams,MIL,PG,7,0,2.6,0.1,1.1,.125,0.0,0.3,.000,0.1,0.9,.167,.125,0.0,0.0,,0.0,0.0,0.4,16.9,0.4,0.4,8.8,0.3,12.7,0.0,0.0,0.0,0.0,0.1,0.3,0.0,0.0,-6.5
1349,2021,Terrance Ferguson,PHI,SG,13,0,3.8,0.1,0.5,.143,0.0,0.4,.000,0.1,0.2,.500,.143,0.0,0.0,,0.0,0.0,0.1,2.2,0.1,0.1,1.1,0.2,4.9,0.1,1.0,0.0,0.0,0.5,0.2,0.3,36.4,-7.1
1350,2021,Theo Pinson,NYK,SG,17,0,2.0,0.1,0.5,.111,0.0,0.5,.000,0.1,0.1,1.000,.111,0.0,0.0,,0.0,0.0,0.3,15.8,0.3,0.3,8.0,0.1,3.7,0.0,0.0,0.0,0.0,0.2,0.1,0.1,10.0,-8.1
1351,2021,Ashton Hagans,MIN,PG,2,0,2.0,0.0,0.0,,0.0,0.0,,0.0,0.0,,,0.0,0.0,,0.0,0.0,0.0,0.0,0.0,0.0,0.0,0.0,0.0,0.0,0.0,0.0,0.0,0.0,0.0,0.5,100.0,-12.4
1352,2021,Will Magnay,NOP,C,1,0,3.0,0.0,1.0,.000,0.0,1.0,.000,0.0,0.0,,.000,0.0,0.0,,0.0,0.0,0.0,0.0,0.0,0.0,0.0,0.0,0.0,0.0,0.0,0.0,0.0,1.0,0.0,1.0,50.0,-35.1
1353,2021,Anžejs Pasečņiks,WAS,C,1,0,6.0,0.0,1.0,.000,0.0,1.0,.000,0.0,0.0,,.000,0.0,0.0,,1.0,17.7,0.0,0.0,1.0,1.0,8.8,1.0,18.7,0.0,0.0,0.0,0.0,2.0,0.0,5.0,83.3,-40.6
1354,2021,Noah Vonleh,BRK,C,4,0,2.8,0.0,0.8,.000,0.0,0.5,.000,0.0,0.3,.000,.000,0.0,0.0,,0.0,0.0,0.3,9.6,0.3,0.3,5.0,0.3,10.2,0.0,0.0,0.0,0.0,0.5,0.0,0.5,40.0,-19.0
1355,2021,Greg Whittington,DEN,PF,4,0,3.0,0.0,0.8,.000,0.0,0.5,.000,0.0,0.3,.000,.000,0.0,0.0,,0.0,0.0,0.0,0.0,0.0,0.0,0.0,0.0,0.0,0.0,0.0,0.0,0.0,0.0,0.0,0.0,0.0,-10.2
1356,2022,Joel Embiid,PHI,C,68,68,33.8,9.8,19.6,.499,1.4,3.7,.371,8.4,15.9,.529,.534,9.6,11.8,.814,2.1,7.2,9.6,31.1,11.7,11.7,19.4,4.2,23.5,1.1,1.7,1.5,3.9,2.7,30.6,3.1,11.3,31.2
1357,2022,LeBron James,LAL,C,56,56,37.2,11.4,21.8,.524,2.9,8.0,.359,8.6,13.8,.620,.590,4.5,6.0,.756,1.1,3.3,7.1,20.4,8.2,8.2,11.8,6.2,30.6,1.3,1.7,1.1,2.5,2.2,30.3,3.5,12.5,26.2
1358,2022,Giannis Antetokounmpo,MIL,PF,67,67,32.9,10.3,18.6,.553,1.1,3.6,.293,9.2,15.0,.616,.582,8.3,11.4,.722,2.0,6.6,9.6,30.4,11.6,11.6,18.7,5.8,31.7,1.1,1.6,1.4,4.0,3.2,29.9,3.3,12.2,32.1
1359,2022,Kevin Durant,BRK,PF,55,55,37.2,10.5,20.3,.518,2.1,5.5,.383,8.4,14.8,.568,.570,6.8,7.4,.910,0.5,1.6,6.9,19.6,7.4,7.4,10.8,6.4,29.1,0.9,1.1,0.9,2.3,2.1,29.9,3.5,12.9,25.6
1360,2022,Luka Dončić,DAL,PG,65,65,35.4,9.9,21.6,.457,3.1,8.8,.353,6.8,12.8,.528,.529,5.6,7.5,.744,0.9,2.7,8.3,26.0,9.1,9.1,14.3,8.7,46.0,1.2,1.6,0.6,1.4,2.2,28.4,4.5,15.3,25.1
1361,2022,Trae Young,ATL,PG,76,76,34.9,9.4,20.3,.460,3.1,8.0,.382,6.3,12.3,.512,.536,6.6,7.3,.904,0.7,2.1,3.1,9.6,3.7,3.7,5.9,9.7,46.7,0.9,1.3,0.1,0.2,1.7,28.4,4.0,14.5,25.4
1362,2022,DeMar DeRozan,CHI,PF,76,76,36.1,10.2,20.2,.504,0.7,1.9,.352,9.5,18.3,.520,.521,6.8,7.8,.877,0.7,2.3,4.4,13.7,5.2,5.2,8.0,4.9,23.3,0.9,1.2,0.3,0.8,2.3,27.9,2.4,9.2,23.1
1363,2022,Kyrie Irving,BRK,PG,29,29,37.6,10.0,21.2,.469,3.4,8.2,.418,6.5,13.0,.501,.550,4.1,4.4,.915,0.6,1.6,3.8,10.8,4.4,4.4,6.3,5.8,25.2,1.4,1.8,0.6,1.4,2.8,27.4,2.5,9.8,21.4
1364,2022,Ja Morant,MEM,PG,57,57,33.1,10.2,20.6,.493,1.5,4.5,.344,8.6,16.2,.534,.530,5.5,7.3,.761,1.4,4.2,4.4,14.1,5.7,5.7,9.0,6.7,34.1,1.2,1.7,0.4,1.0,1.5,27.4,3.4,12.6,24.4
1365,2022,Nikola Jokić,DEN,C,74,74,33.5,10.3,17.7,.583,1.3,3.9,.337,9.0,13.8,.652,.620,5.1,6.3,.810,2.8,9.6,11.0,35.5,13.8,13.8,23.0,7.9,42.6,1.5,2.2,0.9,2.3,2.6,27.1,3.8,15.6,32.8
1366,2022,Jayson Tatum,BOS,SF,76,76,35.9,9.3,20.6,.453,3.0,8.6,.353,6.3,12.0,.524,.526,5.3,6.2,.853,1.1,3.5,6.9,20.2,8.0,8.0,12.1,4.4,21.1,1.0,1.4,0.6,1.6,2.3,26.9,2.9,10.9,21.8
1367,2022,Devin Booker,PHO,SG,68,68,34.5,9.7,20.9,.466,2.7,7.0,.383,7.0,13.9,.508,.530,4.6,5.3,.868,0.7,2.1,4.4,13.2,5.0,5.0,7.8,4.8,22.4,1.1,1.6,0.4,1.0,2.6,26.8,2.4,9.3,21.3
1368,2022,Donovan Mitchell,UTA,SG,67,67,33.8,9.2,20.5,.448,3.5,9.8,.355,5.7,10.8,.533,.533,4.0,4.7,.853,0.8,2.7,3.4,10.6,4.2,4.2,6.8,5.3,27.7,1.5,2.2,0.2,0.5,2.4,25.9,3.0,11.7,21.6
1369,2022,Stephen Curry,GSW,PG,64,64,34.5,8.4,19.1,.437,4.5,11.7,.380,3.9,7.4,.527,.554,4.3,4.7,.923,0.5,1.7,4.7,14.4,5.2,5.2,8.3,6.3,30.4,1.3,1.9,0.4,1.0,2.0,25.5,3.2,13.2,21.4
1370,2022,Karl-Anthony Towns,MIN,C,74,74,33.5,8.7,16.4,.529,2.0,4.9,.410,6.6,11.5,.580,.591,5.2,6.3,.822,2.6,8.2,7.2,23.6,9.8,9.8,15.7,3.6,18.0,1.0,1.4,1.1,3.2,3.6,24.6,3.1,13.7,24.1
1371,2022,Shai Gilgeous-Alexander,OKC,PG,56,56,34.7,8.5,18.8,.453,1.6,5.3,.300,6.9,13.5,.514,.496,5.9,7.2,.810,0.7,1.9,4.3,13.0,5.0,5.0,7.4,5.9,31.1,1.3,1.8,0.8,2.2,2.5,24.5,2.8,11.1,20.9
1372,2022,Zach LaVine,CHI,SG,67,67,34.7,8.4,17.7,.476,2.8,7.1,.389,5.7,10.6,.534,.554,4.8,5.6,.853,0.3,1.1,4.3,13.8,4.6,4.6,7.4,4.5,20.8,0.6,0.9,0.3,0.9,1.8,24.4,2.6,11.2,20.0
1373,2022,Paul George,LAC,PF,31,31,34.7,8.6,20.5,.421,2.9,8.3,.354,5.7,12.2,.467,.493,4.1,4.8,.858,0.4,1.2,6.5,19.2,6.9,6.9,10.5,5.7,28.1,2.2,3.0,0.4,1.0,2.4,24.3,4.1,15.2,18.6
1374,2022,Damian Lillard,POR,PG,29,29,36.4,7.7,19.0,.402,3.2,9.8,.324,4.5,9.2,.485,.486,5.5,6.2,.878,0.4,1.3,3.7,11.6,4.1,4.1,6.2,7.3,34.0,0.6,0.8,0.4,1.0,1.3,24.0,2.9,11.6,18.5
1375,2022,Jaylen Brown,BOS,SF,66,66,33.6,8.7,18.4,.473,2.5,7.0,.358,6.2,11.4,.544,.541,3.7,4.8,.758,0.8,2.6,5.3,16.7,6.1,6.1,9.8,3.5,17.9,1.1,1.6,0.3,0.7,2.5,23.6,2.7,11.6,18.9
1376,2022,Bradley Beal,WAS,SG,40,40,36.0,8.7,19.3,.451,1.6,5.3,.300,7.1,14.0,.508,.492,4.2,5.1,.833,1.0,3.0,3.8,11.4,4.7,4.7,7.3,6.6,30.8,0.9,1.2,0.4,0.9,2.4,23.2,3.4,13.6,17.5
1377,2022,Anthony Davis,LAL,C,40,40,35.1,9.3,17.4,.532,0.3,1.8,.186,8.9,15.6,.571,.542,4.4,6.1,.713,2.7,8.1,7.2,22.0,9.9,9.9,15.1,3.1,14.7,1.2,1.7,2.3,5.7,2.4,23.2,2.1,9.3,23.9
1378,2022,De'Aaron Fox,SAC,PG,59,59,35.3,8.7,18.5,.473,1.3,4.2,.297,7.5,14.3,.524,.506,4.4,5.9,.750,0.4,1.3,3.5,10.9,3.9,3.9,6.0,5.6,26.8,1.2,1.6,0.4,1.0,2.9,23.2,2.8,11.9,17.4
1379,2022,Pascal Siakam,TOR,PF,68,68,37.9,8.8,17.8,.494,1.1,3.2,.344,7.7,14.5,.527,.525,4.2,5.6,.749,1.9,5.1,6.6,20.1,8.5,8.5,12.2,5.3,23.0,1.3,1.6,0.6,1.6,3.3,22.8,2.7,11.6,20.3
1380,2022,Brandon Ingram,NOP,SF,55,55,34.0,8.2,17.9,.461,1.3,4.1,.327,6.9,13.8,.501,.498,4.8,5.9,.826,0.6,2.0,5.2,17.3,5.8,5.8,9.5,5.6,27.8,0.6,0.9,0.5,1.3,2.2,22.7,2.7,11.8,18.7
1381,2022,CJ McCollum,2TM,PG,62,62,34.6,8.6,18.8,.460,2.9,7.6,.388,5.7,11.2,.509,.539,1.9,2.7,.682,0.9,2.6,3.5,11.5,4.3,4.3,6.9,5.1,26.1,1.1,1.6,0.4,1.0,2.0,22.1,2.0,9.3,18.3
1382,2022,CJ McCollum,POR,SG,36,36,35.2,8.1,18.5,.436,3.1,8.0,.384,5.0,10.4,.476,.520,1.3,1.9,.706,0.9,2.8,3.3,10.7,4.3,4.3,6.6,4.5,22.5,1.0,1.4,0.6,1.6,2.1,20.5,1.9,9.2,15.8
1383,2022,CJ McCollum,NOP,PG,26,26,33.8,9.5,19.2,.493,2.7,6.9,.394,6.7,12.3,.549,.564,2.6,3.9,.667,0.7,2.3,3.7,12.5,4.5,4.5,7.3,5.8,31.3,1.3,1.9,0.0,0.1,1.7,24.3,2.2,9.5,21.9
1384,2022,James Harden,2TM,PG,65,65,37.2,6.3,15.3,.410,2.3,6.9,.330,4.0,8.4,.476,.485,7.2,8.2,.877,0.8,2.6,6.8,19.7,7.7,7.7,11.3,10.3,40.3,1.3,1.7,0.6,1.3,2.4,22.0,4.4,18.8,20.9
1385,2022,James Harden,BRK,PG,44,44,37.0,6.6,16.0,.414,2.3,7.0,.332,4.3,9.1,.476,.486,6.9,8.0,.869,1.0,2.9,7.0,20.2,8.0,8.0,11.7,10.2,39.7,1.3,1.7,0.7,1.7,2.4,22.5,4.8,19.8,20.4
1386,2022,James Harden,PHI,PG,21,21,37.7,5.5,13.6,.402,2.2,6.7,.326,3.3,6.9,.476,.483,7.9,8.9,.892,0.6,1.9,6.5,18.9,7.1,7.1,10.5,10.5,41.4,1.2,1.6,0.2,0.6,2.3,21.0,3.4,16.4,21.8
1387,2022,Darius Garland,CLE,PG,68,68,35.7,8.0,17.3,.462,2.6,6.7,.383,5.4,10.6,.512,.536,3.2,3.5,.892,0.6,1.8,2.7,8.2,3.3,3.3,5.1,8.6,39.9,1.3,1.8,0.1,0.3,1.7,21.7,3.6,16.2,19.0
1388,2022,Jimmy Butler,MIA,SF,57,57,33.9,7.0,14.5,.480,0.5,2.0,.233,6.5,12.5,.520,.496,6.9,8.0,.870,1.8,6.1,4.1,13.5,5.9,5.9,9.9,5.5,26.4,1.6,2.4,0.5,1.5,1.5,21.4,2.1,10.5,23.6
1389,2022,Anthony Edwards,MIN,SG,72,72,34.3,7.6,17.3,.441,3.0,8.4,.357,4.6,8.9,.519,.527,3.1,3.9,.786,0.9,2.6,3.9,12.5,4.8,4.8,7.5,3.8,17.4,1.5,2.0,0.6,1.8,2.3,21.3,2.6,12.2,16.5
1390,2022,Dejounte Murray,SAS,PG,68,68,34.8,8.4,18.3,.462,1.4,4.3,.327,7.0,13.9,.504,.500,2.9,3.6,.794,1.2,3.5,7.1,21.6,8.3,8.3,12.5,9.2,40.6,2.0,2.8,0.3,0.8,2.0,21.1,2.6,11.8,22.3
1391,2022,Tyler Herro,MIA,SG,66,10,32.6,7.6,17.0,.447,2.7,6.7,.399,4.9,10.3,.477,.525,2.9,3.3,.868,0.5,1.7,4.5,15.4,5.0,5.0,8.7,4.0,20.9,0.7,1.0,0.1,0.4,1.4,20.7,2.6,12.5,16.2
1392,2022,Klay Thompson,GSW,SG,32,32,29.4,7.7,17.9,.429,3.6,9.3,.385,4.1,8.7,.477,.529,1.4,1.6,.902,0.5,1.8,3.4,12.4,3.9,3.9,7.3,2.8,16.1,0.5,0.8,0.5,1.7,1.7,20.4,1.3,6.7,16.7
1393,2022,Fred VanVleet,TOR,PG,65,65,37.9,6.8,16.9,.403,3.7,9.9,.377,3.1,7.0,.440,.513,3.0,3.4,.874,0.7,1.8,3.8,11.4,4.4,4.4,6.4,6.7,26.7,1.7,2.3,0.5,1.4,2.5,20.3,2.6,12.5,17.3
1394,2022,Kristaps Porziņģis,2TM,PF,51,51,29.0,6.9,15.0,.459,1.5,4.9,.310,5.4,10.1,.532,.510,4.9,5.6,.867,2.0,7.7,6.1,23.1,8.1,8.1,15.4,2.3,13.7,0.7,1.3,1.6,5.0,2.7,20.2,1.6,8.3,23.7
1395,2022,Kristaps Porziņģis,DAL,PF,34,34,29.5,6.7,14.9,.451,1.4,5.1,.283,5.3,9.9,.537,.499,4.3,5.0,.865,1.9,7.1,5.8,21.9,7.7,7.7,14.5,2.0,11.7,0.7,1.3,1.7,5.3,2.6,19.2,1.6,8.3,21.8
1396,2022,Kristaps Porziņģis,WAS,PF,17,17,28.2,7.2,15.2,.475,1.7,4.6,.367,5.5,10.6,.522,.531,5.9,6.8,.871,2.2,8.9,6.6,25.5,8.8,8.8,17.3,2.9,17.9,0.7,1.2,1.5,4.4,2.9,22.1,1.6,8.3,27.7
1397,2022,Miles Bridges,CHO,PF,80,80,35.5,7.5,15.2,.491,1.9,5.8,.331,5.5,9.4,.590,.554,3.3,4.2,.802,1.1,3.3,5.9,17.8,7.0,7.0,10.4,3.8,15.7,0.9,1.3,0.8,2.2,2.4,20.2,1.9,9.9,17.9
1398,2022,LaMelo Ball,CHO,PG,75,75,32.3,7.2,16.7,.429,2.9,7.5,.389,4.2,9.2,.462,.517,2.8,3.2,.872,1.4,4.7,5.2,17.4,6.7,6.7,11.0,7.6,35.7,1.6,2.4,0.4,1.2,3.2,20.1,3.3,15.3,19.7
1399,2022,Khris Middleton,MIL,SF,66,66,32.4,6.8,15.5,.443,2.5,6.6,.373,4.4,8.9,.494,.522,3.9,4.4,.890,0.6,2.1,4.8,15.3,5.4,5.4,8.8,5.4,25.5,1.2,1.7,0.3,0.8,2.4,20.1,2.9,14.2,18.1
1400,2022,Julius Randle,NYK,PF,72,72,35.3,7.1,17.3,.411,1.7,5.4,.308,5.4,11.9,.458,.459,4.2,5.6,.756,1.7,5.2,8.2,25.5,9.9,9.9,15.1,5.1,25.1,0.7,1.0,0.5,1.5,2.8,20.1,3.4,14.7,15.7
1401,2022,RJ Barrett,NYK,SF,70,70,34.5,7.0,17.1,.408,2.0,5.8,.342,5.0,11.3,.442,.466,4.1,5.8,.714,0.9,2.9,4.9,15.5,5.8,5.8,9.1,3.0,14.9,0.6,0.9,0.2,0.7,2.0,20.0,2.2,9.9,13.7
1402,2022,Terry Rozier,CHO,SG,73,73,33.7,7.1,16.0,.444,3.0,8.1,.374,4.1,7.9,.516,.539,2.1,2.4,.852,0.8,2.4,3.5,11.3,4.3,4.3,6.8,4.5,19.7,1.3,1.8,0.3,1.0,1.6,19.3,1.3,7.2,17.6
1403,2022,Jerami Grant,DET,PF,47,47,31.9,6.3,14.9,.426,1.9,5.4,.358,4.4,9.5,.465,.491,4.6,5.5,.838,0.6,1.9,3.5,12.4,4.1,4.1,6.9,2.4,12.5,0.9,1.4,1.0,2.9,2.3,19.2,1.8,9.5,16.1
1404,2022,Bam Adebayo,MIA,C,56,56,32.6,7.3,13.0,.557,0.0,0.1,.000,7.3,12.9,.562,.557,4.6,6.1,.753,2.4,8.7,7.6,26.1,10.1,10.1,17.5,3.4,17.5,1.4,2.2,0.8,2.6,3.1,19.1,2.6,14.4,21.8
1405,2022,Malcolm Brogdon,IND,PG,36,36,33.5,6.8,15.1,.448,1.6,5.2,.312,5.1,9.9,.518,.501,4.0,4.6,.856,0.9,3.0,4.2,14.3,5.1,5.1,8.6,5.9,26.9,0.8,1.2,0.4,1.0,2.0,19.1,2.1,11.1,18.0
1406,2022,Norman Powell,2TM,SF,45,41,32.4,6.2,13.4,.461,2.4,5.6,.419,3.8,7.8,.491,.549,4.2,5.2,.811,0.4,1.5,2.8,9.7,3.2,3.2,5.4,2.1,10.8,0.9,1.4,0.5,1.4,2.4,19.0,1.5,8.9,16.3
1407,2022,Norman Powell,POR,SF,40,39,33.3,6.2,13.6,.456,2.3,5.7,.406,3.9,7.8,.492,.542,4.0,5.0,.803,0.4,1.4,2.9,9.8,3.3,3.3,5.4,2.1,10.0,1.0,1.5,0.4,1.3,2.3,18.7,1.6,9.0,15.3
1408,2022,Norman Powell,LAC,SG,5,2,25.0,6.4,12.6,.508,2.6,4.8,.542,3.8,7.8,.487,.611,6.0,7.0,.857,0.6,2.6,2.2,9.1,2.8,2.8,5.9,2.8,19.5,0.4,0.8,0.8,2.7,2.8,21.4,1.4,8.2,27.1
1409,2022,Domantas Sabonis,2TM,PF,62,61,34.5,7.1,12.5,.573,0.6,2.0,.312,6.5,10.5,.623,.598,4.0,5.4,.741,3.2,10.3,8.9,29.0,12.1,12.1,19.5,5.2,23.6,1.0,1.3,0.4,1.1,3.3,18.9,3.1,17.5,21.9
1410,2022,Domantas Sabonis,IND,PF,47,46,34.7,7.0,12.1,.580,0.7,2.3,.324,6.3,9.9,.639,.610,4.1,5.5,.740,3.3,10.4,8.8,28.6,12.1,12.1,19.4,5.0,22.2,1.0,1.4,0.5,1.2,3.1,18.9,3.0,17.3,22.2
1411,2022,Domantas Sabonis,SAC,PF,15,15,33.6,7.5,13.5,.554,0.3,1.1,.235,7.2,12.3,.584,.564,3.7,4.9,.743,3.1,9.8,9.3,30.3,12.3,12.3,20.0,5.8,28.0,0.9,1.2,0.3,0.9,3.8,18.9,3.5,18.1,21.0
1412,2022,Jordan Poole,GSW,SG,76,51,30.0,6.2,13.9,.448,2.8,7.6,.364,3.5,6.3,.550,.548,3.2,3.5,.925,0.4,1.7,3.0,10.5,3.4,3.4,6.2,4.0,21.0,0.8,1.3,0.3,1.0,2.7,18.5,2.5,13.7,16.1
1413,2022,Russell Westbrook,LAL,PG,78,78,34.3,7.0,15.8,.444,1.0,3.4,.298,6.0,12.4,.485,.476,3.4,5.1,.667,1.4,4.4,6.0,18.8,7.4,7.4,11.6,7.1,31.6,1.0,1.3,0.3,0.7,3.0,18.5,3.8,17.3,15.0
1414,2022,Dillon Brooks,MEM,SF,32,31,27.7,7.1,16.4,.432,1.4,4.7,.309,5.7,11.8,.480,.475,2.8,3.3,.849,0.9,3.4,2.3,8.8,3.2,3.2,6.0,2.8,15.4,1.1,1.9,0.3,0.8,3.3,18.4,1.6,8.0,15.5
1415,2022,Jrue Holiday,MIL,PG,67,64,33.0,7.1,14.2,.501,2.0,4.8,.411,5.2,9.4,.547,.570,2.0,2.7,.761,1.0,3.4,3.5,10.9,4.5,4.5,7.2,6.8,31.8,1.6,2.4,0.4,1.3,2.0,18.3,2.7,15.0,19.8
1416,2022,Gary Trent Jr.,TOR,SG,70,69,35.0,6.4,15.5,.414,3.0,7.8,.383,3.4,7.7,.445,.511,2.5,2.9,.853,0.4,1.1,2.4,7.7,2.7,2.7,4.2,2.0,8.8,1.7,2.5,0.3,0.8,2.1,18.3,1.0,5.8,14.7
1417,2022,Desmond Bane,MEM,SG,76,76,29.8,6.7,14.5,.461,3.0,6.9,.436,3.7,7.6,.484,.565,1.8,2.0,.903,0.6,2.1,3.8,13.6,4.4,4.4,7.7,2.7,13.5,1.2,1.9,0.4,1.1,2.6,18.2,1.5,8.7,17.6
1418,2022,Bojan Bogdanović,UTA,PF,69,69,30.9,6.1,13.4,.455,2.6,6.8,.387,3.5,6.7,.524,.552,3.2,3.8,.858,0.8,3.1,3.4,11.8,4.3,4.3,7.6,1.7,8.7,0.5,0.8,0.0,0.0,1.7,18.1,1.7,10.2,15.7
1419,2022,D'Angelo Russell,MIN,PG,65,65,32.0,6.2,15.0,.411,2.7,8.0,.340,3.5,7.0,.492,.502,3.0,3.7,.825,0.4,1.3,2.9,10.1,3.3,3.3,5.6,7.1,33.1,1.0,1.4,0.3,1.0,2.0,18.1,2.5,13.2,16.3
1420,2022,Christian Wood,HOU,C,68,67,30.8,6.5,12.9,.501,1.9,4.9,.390,4.5,8.0,.570,.576,3.0,4.9,.623,1.6,5.7,8.5,30.4,10.1,10.1,18.0,2.3,12.2,0.8,1.2,1.0,2.8,2.5,17.9,1.9,11.0,19.1
1421,2022,Jonas Valančiūnas,NOP,C,74,74,30.3,6.9,12.7,.544,0.8,2.1,.361,6.1,10.5,.581,.574,3.2,3.9,.820,3.1,10.9,8.3,31.2,11.4,11.4,20.8,2.6,14.0,0.6,0.9,0.8,2.6,3.3,17.8,2.4,14.4,21.2
1422,2022,Nikola Vučević,CHI,C,73,73,33.1,7.5,15.8,.473,1.4,4.5,.314,6.1,11.3,.537,.518,1.3,1.7,.760,1.9,6.6,9.1,30.7,11.0,11.0,18.7,3.2,15.2,1.0,1.4,1.0,2.5,2.5,17.6,1.9,10.1,18.2
1423,2022,Tyrese Maxey,PHI,PG,75,74,35.3,6.4,13.3,.485,1.8,4.1,.427,4.7,9.1,.512,.552,2.8,3.3,.866,0.3,1.1,2.9,8.9,3.2,3.2,5.1,4.3,19.1,0.7,1.0,0.4,1.1,2.1,17.5,1.2,7.4,16.2
1424,2022,Cade Cunningham,DET,SG,64,64,32.6,6.7,16.1,.416,1.8,5.7,.314,4.9,10.4,.472,.471,2.2,2.6,.845,0.9,2.9,4.6,16.2,5.5,5.5,9.2,5.6,29.1,1.2,1.8,0.7,1.9,3.1,17.4,3.7,17.5,13.1
1425,2022,Jalen Green,HOU,SG,67,67,31.9,6.1,14.2,.426,2.3,6.8,.343,3.7,7.4,.502,.508,2.8,3.5,.797,0.5,1.7,2.9,10.0,3.4,3.4,5.8,2.6,13.1,0.7,1.0,0.3,0.8,1.5,17.3,2.0,11.3,12.5
1426,2022,Anfernee Simons,POR,SG,57,30,29.5,6.2,14.0,.443,3.1,7.8,.405,3.1,6.2,.490,.555,1.8,2.0,.888,0.5,1.6,2.2,8.5,2.6,2.6,4.9,3.9,22.2,0.5,0.9,0.1,0.4,1.9,17.3,2.0,11.9,15.3
1427,2022,Deandre Ayton,PHO,C,58,58,29.5,7.6,12.0,.634,0.1,0.3,.368,7.5,11.7,.642,.639,1.8,2.4,.746,2.6,9.6,7.7,27.1,10.2,10.2,18.6,1.4,7.6,0.7,1.1,0.7,2.1,2.4,17.2,1.6,10.7,21.9
1428,2022,Luguentz Dort,OKC,SG,51,51,32.6,5.7,14.2,.404,2.5,7.7,.332,3.2,6.6,.487,.493,3.2,3.7,.843,0.7,2.3,3.4,10.9,4.2,4.2,6.5,1.7,8.6,0.9,1.3,0.4,1.0,2.9,17.2,1.7,9.8,12.3
1429,2022,Tobias Harris,PHI,PF,73,73,34.8,6.8,14.0,.482,1.4,3.8,.367,5.4,10.2,.525,.532,2.3,2.8,.842,1.1,3.4,5.7,18.1,6.8,6.8,10.9,3.5,15.9,0.6,0.9,0.6,1.5,2.2,17.2,1.6,9.5,15.9
1430,2022,Andrew Wiggins,GSW,SF,73,73,31.9,6.5,14.0,.466,2.2,5.5,.393,4.4,8.5,.513,.543,2.0,3.2,.634,1.2,4.1,3.3,10.9,4.5,4.5,7.6,2.2,10.8,1.0,1.6,0.7,2.1,2.2,17.2,1.5,9.0,15.0
1431,2022,OG Anunoby,TOR,SF,48,48,36.0,6.4,14.5,.443,2.4,6.6,.363,4.0,7.9,.511,.526,1.9,2.5,.754,1.5,4.4,4.0,12.6,5.5,5.5,8.3,2.6,11.0,1.5,2.1,0.5,1.4,2.7,17.1,1.7,9.7,14.8
1432,2022,Kyle Kuzma,WAS,PF,66,66,33.4,6.4,14.2,.452,1.9,5.7,.341,4.5,8.5,.526,.520,2.4,3.3,.712,1.1,3.6,7.4,24.3,8.5,8.5,14.1,3.5,16.3,0.6,0.9,0.9,2.2,1.9,17.1,2.6,14.1,15.2
1433,2022,Caris LeVert,2TM,SG,58,49,30.7,6.5,14.7,.444,1.4,4.4,.320,5.1,10.3,.497,.492,2.5,3.3,.756,0.7,2.7,2.9,10.7,3.7,3.7,6.7,4.3,22.0,0.9,1.4,0.4,1.1,2.3,17.0,1.9,10.3,15.1
1434,2022,Caris LeVert,IND,SG,39,39,31.1,7.1,15.9,.447,1.6,4.8,.323,5.6,11.1,.501,.496,2.8,3.7,.760,0.8,2.7,3.1,11.2,3.8,3.8,6.9,4.4,22.8,0.9,1.4,0.5,1.3,2.3,18.7,1.9,9.9,16.3
1435,2022,Caris LeVert,CLE,SG,19,10,29.8,5.3,12.2,.435,1.1,3.5,.313,4.2,8.7,.485,.481,1.8,2.5,.745,0.7,2.6,2.7,9.7,3.4,3.4,6.2,3.9,20.5,0.8,1.4,0.3,0.8,2.1,13.6,1.7,11.6,12.4
1436,2022,Keldon Johnson,SAS,SF,75,74,31.9,6.3,13.5,.466,2.1,5.3,.398,4.2,8.2,.510,.545,2.4,3.1,.756,1.1,3.5,5.0,16.7,6.1,6.1,10.0,2.1,9.5,0.8,1.2,0.2,0.5,2.0,17.0,1.2,7.6,15.2
1437,2022,Reggie Jackson,LAC,SG,75,75,31.2,6.4,16.3,.392,2.2,6.8,.326,4.2,9.5,.439,.460,1.8,2.2,.847,0.5,1.8,3.1,10.2,3.6,3.6,6.1,4.8,24.6,0.7,1.2,0.2,0.5,2.1,16.8,2.3,11.8,12.1
1438,2022,Harrison Barnes,SAC,PF,77,77,33.5,5.1,10.8,.469,1.8,4.7,.394,3.2,6.2,.525,.554,4.4,5.4,.826,1.1,3.4,4.5,14.9,5.6,5.6,9.1,2.4,10.5,0.7,1.0,0.2,0.5,1.2,16.4,1.5,10.4,15.7
1439,2022,Cole Anthony,ORL,PG,65,65,31.7,5.5,14.0,.391,2.0,6.0,.338,3.5,8.0,.432,.464,3.3,3.9,.854,0.5,1.6,4.9,16.2,5.4,5.4,8.9,5.7,28.9,0.7,1.1,0.3,0.8,2.6,16.3,2.6,14.2,13.5
1440,2022,Jalen Brunson,DAL,SG,79,61,31.9,6.4,12.8,.502,1.2,3.2,.373,5.2,9.6,.545,.549,2.3,2.7,.840,0.5,1.9,3.4,11.7,3.9,3.9,6.8,4.8,24.3,0.8,1.3,0.0,0.1,1.9,16.3,1.6,10.1,17.1
1441,2022,Jaren Jackson Jr.,MEM,PF,78,78,27.3,5.5,13.3,.415,1.6,5.1,.319,3.9,8.1,.476,.477,3.6,4.4,.823,1.5,5.7,4.3,16.9,5.8,5.8,11.2,1.1,5.8,0.9,1.6,2.3,7.4,3.5,16.3,1.7,9.9,17.0
1442,2022,John Collins,ATL,PF,54,53,30.8,6.3,11.9,.526,1.2,3.3,.364,5.1,8.7,.588,.576,2.5,3.1,.793,1.7,6.2,6.1,21.5,7.8,7.8,13.9,1.8,8.9,0.6,1.0,1.0,3.0,3.0,16.2,1.1,7.7,18.7
1443,2022,Jarrett Allen,CLE,C,56,56,32.3,6.6,9.7,.677,0.0,0.2,.100,6.6,9.6,.688,.678,2.9,4.2,.708,3.4,12.0,7.3,24.5,10.8,10.8,18.4,1.6,8.2,0.8,1.2,1.3,3.7,1.7,16.1,1.7,12.7,23.0
1444,2022,Saddiq Bey,DET,SF,82,82,33.0,5.5,13.9,.396,2.6,7.4,.346,2.9,6.4,.454,.489,2.6,3.1,.827,1.3,4.1,4.1,14.1,5.4,5.4,8.8,2.8,13.8,0.9,1.3,0.2,0.5,1.6,16.1,1.2,7.1,14.0
1445,2022,Jordan Clarkson,UTA,SG,79,1,27.1,5.9,14.1,.419,2.4,7.6,.318,3.5,6.5,.535,.504,1.8,2.2,.828,0.8,3.5,2.6,10.2,3.5,3.5,7.0,2.5,14.5,0.8,1.5,0.2,0.7,1.9,16.0,1.6,9.8,14.9
1446,2022,Collin Sexton,CLE,SG,11,11,28.7,6.2,13.7,.450,1.0,4.1,.244,5.2,9.6,.538,.487,2.6,3.5,.744,1.2,4.6,2.1,7.9,3.3,3.3,6.3,2.1,11.9,0.9,1.6,0.0,0.0,2.3,16.0,2.8,15.6,11.2
1447,2022,Gordon Hayward,CHO,SF,49,48,31.9,5.8,12.6,.459,1.8,4.5,.391,4.0,8.1,.496,.528,2.6,3.0,.846,0.8,2.5,3.8,12.8,4.6,4.6,7.6,3.6,16.1,1.0,1.4,0.4,1.3,1.7,15.9,1.7,10.6,15.1
1448,2022,Buddy Hield,2TM,SG,81,32,30.9,5.5,13.6,.406,3.2,8.8,.366,2.3,4.7,.482,.526,1.4,1.6,.874,0.8,2.9,3.5,12.8,4.4,4.4,7.8,2.8,13.8,0.9,1.4,0.3,0.9,2.3,15.6,1.9,11.7,12.9
1449,2022,Buddy Hield,SAC,SG,55,6,28.6,4.8,12.6,.382,3.3,9.0,.368,1.5,3.6,.419,.514,1.5,1.7,.870,0.8,2.9,3.2,12.4,4.0,4.0,7.6,1.9,10.0,0.9,1.5,0.3,0.8,2.1,14.4,1.6,10.9,11.9
1450,2022,Buddy Hield,IND,SG,26,26,35.6,7.0,15.6,.447,3.1,8.5,.362,3.9,7.1,.549,.546,1.2,1.3,.886,0.9,2.7,4.2,13.4,5.1,5.1,8.0,4.8,20.3,1.0,1.3,0.4,0.9,2.7,18.2,2.4,13.0,14.5
1451,2022,Rudy Gobert,UTA,C,66,66,32.1,5.5,7.7,.713,0.0,0.1,.000,5.5,7.6,.718,.713,4.6,6.7,.690,3.7,12.9,11.0,36.3,14.7,14.7,25.0,1.1,5.1,0.7,1.0,2.1,5.7,2.7,15.6,1.8,14.5,24.7
1452,2022,Kevin Porter Jr.,HOU,PG,61,61,31.3,5.5,13.2,.415,2.5,6.8,.375,3.0,6.5,.456,.511,2.0,3.2,.642,0.7,2.5,3.7,13.0,4.4,4.4,7.7,6.2,30.7,1.1,1.7,0.4,1.0,2.6,15.6,3.1,17.7,13.5
1453,2022,Marcus Morris,LAC,PF,54,54,29.0,5.6,12.8,.434,1.9,5.1,.367,3.7,7.7,.478,.507,2.4,2.7,.872,0.5,1.8,3.9,14.0,4.4,4.4,8.1,2.1,11.3,0.5,0.9,0.3,1.0,2.1,15.4,1.3,8.4,13.7
1454,2022,Tyrese Haliburton,2TM,PG,77,77,35.0,5.6,11.8,.473,2.1,5.1,.414,3.5,6.8,.517,.562,2.1,2.5,.842,0.8,2.5,3.2,10.3,4.0,4.0,6.3,8.2,34.1,1.7,2.4,0.6,1.6,1.6,15.3,2.6,16.7,18.2
1455,2022,Tyrese Haliburton,SAC,SG,51,51,34.5,5.3,11.5,.457,2.0,4.9,.413,3.2,6.5,.491,.546,1.7,2.0,.837,0.8,2.4,3.1,10.0,3.9,3.9,6.2,7.4,31.4,1.7,2.4,0.7,1.7,1.4,14.3,2.3,15.4,17.0
1456,2022,Tyrese Haliburton,IND,PG,26,26,36.1,6.2,12.4,.502,2.2,5.3,.416,4.0,7.2,.565,.590,2.8,3.3,.849,0.8,2.6,3.5,10.9,4.3,4.3,6.7,9.6,38.9,1.8,2.5,0.6,1.4,1.9,17.5,3.2,18.9,20.5
1457,2022,Scottie Barnes,TOR,PF,74,74,35.4,6.2,12.6,.492,0.8,2.6,.301,5.4,10.0,.543,.524,2.1,2.9,.735,2.6,7.7,4.9,15.8,7.5,7.5,11.5,3.5,14.7,1.1,1.5,0.7,2.1,2.6,15.3,1.8,11.7,16.3
1458,2022,Franz Wagner,ORL,SF,79,79,30.7,5.8,12.3,.468,1.2,3.4,.354,4.6,8.9,.511,.517,2.4,2.8,.863,1.1,3.6,3.4,11.9,4.5,4.5,7.7,2.9,15.7,0.9,1.4,0.4,1.3,2.1,15.2,1.5,10.0,14.7
1459,2022,Bogdan Bogdanović,ATL,SG,63,27,29.3,5.4,12.6,.431,2.7,7.3,.368,2.7,5.3,.516,.537,1.5,1.8,.843,0.5,1.7,3.5,13.0,4.0,4.0,7.4,3.1,15.5,1.1,1.8,0.2,0.7,2.1,15.1,1.1,7.7,15.4
1460,2022,Wendell Carter Jr.,ORL,PF,62,61,29.9,5.8,11.0,.525,1.1,3.5,.327,4.7,7.6,.615,.576,2.3,3.3,.691,2.2,7.9,8.2,29.1,10.5,10.5,18.5,2.8,15.4,0.6,0.9,0.7,2.1,2.7,15.0,1.9,13.1,18.4
1461,2022,Seth Curry,2TM,SG,64,64,33.4,5.6,11.5,.487,2.5,5.8,.422,3.2,5.7,.553,.594,1.3,1.5,.872,0.3,1.1,2.8,9.1,3.1,3.1,5.2,3.6,16.3,0.8,1.2,0.2,0.6,2.3,15.0,1.7,12.3,13.7
1462,2022,Seth Curry,PHI,SG,45,45,34.8,5.7,11.7,.485,2.2,5.6,.400,3.5,6.2,.561,.580,1.4,1.6,.877,0.4,1.2,3.0,9.4,3.4,3.4,5.4,4.0,17.7,0.8,1.1,0.2,0.6,2.2,15.0,1.9,13.0,13.3
1463,2022,Seth Curry,BRK,SG,19,19,29.9,5.5,11.1,.493,3.1,6.5,.468,2.4,4.6,.529,.630,0.9,1.1,.857,0.2,0.8,2.4,8.4,2.6,2.6,4.7,2.6,12.5,0.9,1.4,0.2,0.5,2.5,14.9,1.3,10.2,14.6
1464,2022,Aaron Gordon,DEN,PF,75,75,31.7,5.8,11.1,.520,1.2,3.5,.335,4.6,7.7,.605,.573,2.3,3.1,.743,1.7,6.1,4.2,14.3,5.9,5.9,10.3,2.5,11.6,0.6,0.9,0.6,1.7,2.0,15.0,1.8,12.5,15.3
1465,2022,Evan Mobley,CLE,PF,69,69,33.8,6.1,12.0,.508,0.3,1.3,.250,5.8,10.7,.541,.522,2.4,3.7,.663,2.1,6.9,6.2,19.8,8.3,8.3,13.5,2.5,11.6,0.8,1.2,1.7,4.4,2.1,15.0,1.9,12.4,16.1
1466,2022,Jusuf Nurkić,POR,C,56,56,28.2,5.7,10.7,.535,0.3,1.0,.268,5.5,9.7,.563,.548,3.3,4.8,.690,3.0,11.2,8.1,32.6,11.1,11.1,21.5,2.8,16.6,1.1,1.9,0.6,2.1,3.4,15.0,2.6,16.6,20.0
1467,2022,Kelly Oubre Jr.,CHO,SF,76,13,26.3,5.4,12.3,.440,2.5,7.3,.345,2.9,5.0,.578,.542,1.7,2.5,.667,1.0,4.1,2.9,12.0,4.0,4.0,8.0,1.1,6.2,1.0,1.8,0.4,1.5,2.5,15.0,0.9,6.2,14.9
1468,2022,Josh Hart,2TM,SG,54,53,33.2,5.3,10.5,.504,1.4,3.9,.343,4.0,6.6,.601,.569,3.0,3.9,.758,1.1,3.7,6.0,20.7,7.2,7.2,12.0,4.1,18.9,1.1,1.7,0.2,0.7,2.8,14.9,2.1,14.7,16.1
1469,2022,Josh Hart,NOP,SG,41,40,33.5,4.8,9.4,.505,1.0,3.2,.323,3.7,6.2,.598,.560,2.8,3.8,.753,1.3,4.2,6.5,21.9,7.8,7.8,12.8,4.1,17.7,1.1,1.6,0.3,0.8,2.9,13.4,2.0,15.1,15.2
1470,2022,Josh Hart,POR,SG,13,13,32.1,7.1,14.1,.503,2.4,6.4,.373,4.7,7.7,.610,.587,3.4,4.4,.772,0.7,2.3,4.7,16.7,5.4,5.4,9.2,4.3,23.1,1.2,1.9,0.2,0.5,2.5,19.9,2.5,13.7,19.4
1471,2022,Lauri Markkanen,CLE,SF,61,61,30.8,5.1,11.5,.445,2.2,6.2,.358,2.9,5.3,.548,.542,2.3,2.6,.868,1.0,3.5,4.7,16.5,5.7,5.7,10.2,1.3,6.6,0.7,1.2,0.5,1.4,2.1,14.8,0.9,6.5,14.7
1472,2022,Will Barton,DEN,SG,71,71,32.1,5.5,12.6,.438,2.2,6.1,.365,3.3,6.6,.504,.525,1.4,1.8,.803,0.6,2.2,4.2,14.1,4.8,4.8,8.3,3.9,17.6,0.8,1.2,0.4,1.2,1.6,14.7,1.8,11.8,13.4
1473,2022,Jaylen Hoard,OKC,SF,7,5,34.3,6.3,12.9,.489,1.3,3.6,.360,5.0,9.3,.538,.539,0.9,2.0,.429,4.3,12.7,7.7,23.5,12.0,12.0,18.0,2.4,11.6,0.9,1.2,0.7,1.9,2.0,14.7,1.1,7.7,18.0
1474,2022,Chris Paul,PHO,PG,65,65,32.9,5.6,11.3,.493,1.0,3.1,.317,4.6,8.3,.559,.536,2.6,3.1,.837,0.3,1.1,4.0,12.8,4.4,4.4,7.1,10.8,44.5,1.9,2.7,0.3,0.8,2.1,14.7,2.4,15.6,20.8
1475,2022,Bobby Portis,MIL,C,72,59,28.2,5.8,12.1,.479,1.8,4.7,.393,3.9,7.4,.533,.555,1.2,1.6,.752,2.5,9.6,6.6,24.4,9.1,9.1,17.2,1.2,6.4,0.7,1.3,0.7,2.4,2.4,14.6,1.3,8.9,17.7
1476,2022,Mikal Bridges,PHO,SF,82,82,34.8,5.6,10.5,.534,1.4,3.8,.369,4.2,6.7,.628,.601,1.6,1.9,.834,0.9,2.9,3.3,10.0,4.2,4.2,6.5,2.3,8.7,1.2,1.6,0.4,1.1,1.8,14.2,0.8,6.8,14.4
1477,2022,Tim Hardaway Jr.,DAL,SG,42,20,29.6,5.0,12.6,.394,2.4,7.2,.336,2.5,5.4,.473,.491,1.9,2.5,.757,0.3,1.2,3.4,12.8,3.7,3.7,7.0,2.2,11.4,0.9,1.5,0.1,0.4,1.8,14.2,0.8,5.6,12.7
1478,2022,Evan Fournier,NYK,SG,80,80,29.5,5.0,12.1,.417,3.0,7.7,.389,2.0,4.3,.465,.541,1.0,1.4,.708,0.4,1.5,2.2,8.2,2.6,2.6,4.8,2.1,11.9,1.0,1.7,0.3,0.8,2.3,14.1,1.3,9.4,12.3
1479,2022,Malik Monk,LAL,SG,76,37,28.1,5.1,10.9,.473,2.3,5.8,.391,2.9,5.1,.568,.578,1.2,1.5,.795,0.5,1.9,2.9,11.0,3.4,3.4,6.4,2.9,15.2,0.8,1.4,0.4,1.2,1.8,13.8,1.6,12.2,14.4
1480,2022,Spencer Dinwiddie,2TM,PG,67,51,29.6,4.6,11.0,.416,1.7,4.9,.339,2.9,6.0,.479,.493,2.9,3.8,.774,0.7,2.6,3.5,13.0,4.2,4.2,7.8,5.2,25.7,0.7,1.1,0.2,0.6,2.2,13.7,1.6,10.9,15.1
1481,2022,Spencer Dinwiddie,WAS,PG,44,44,30.2,4.2,11.2,.376,1.6,5.1,.310,2.6,6.0,.432,.447,2.6,3.3,.811,0.8,3.0,3.9,14.0,4.7,4.7,8.6,5.8,27.5,0.6,1.0,0.2,0.4,2.4,12.6,1.7,11.6,13.2
1482,2022,Spencer Dinwiddie,DAL,PG,23,7,28.3,5.3,10.6,.498,1.8,4.5,.404,3.4,6.0,.568,.584,3.4,4.7,.725,0.4,1.5,2.7,10.8,3.1,3.1,6.2,3.9,22.0,0.7,1.3,0.3,0.8,1.9,15.8,1.3,9.6,19.0
1483,2022,Mike Conley,UTA,PG,72,72,28.6,4.8,11.0,.435,2.3,5.8,.408,2.4,5.2,.464,.542,1.8,2.3,.796,0.7,2.6,2.4,8.8,3.0,3.0,5.8,5.3,27.7,1.3,2.3,0.3,0.9,2.0,13.7,1.7,12.5,17.2
1484,2022,Kevin Love,CLE,C,74,4,22.5,4.4,10.3,.430,2.5,6.4,.392,1.9,3.8,.493,.553,2.2,2.7,.838,1.2,5.9,6.1,29.2,7.2,7.2,17.8,2.2,15.3,0.4,0.8,0.2,1.0,1.4,13.6,1.3,10.4,19.6
1485,2022,Dennis Schröder,2TM,PG,64,29,28.7,4.9,11.3,.431,1.3,3.9,.344,3.5,7.4,.477,.490,2.5,2.9,.853,0.5,2.0,2.8,10.5,3.3,3.3,6.3,4.6,24.2,0.8,1.4,0.1,0.4,2.4,13.5,2.2,15.1,13.0
1486,2022,Dennis Schröder,BOS,PG,49,25,29.2,5.2,11.9,.440,1.4,3.9,.349,3.9,8.0,.485,.497,2.5,3.0,.848,0.6,2.2,2.8,10.0,3.3,3.3,6.2,4.2,22.0,0.8,1.4,0.1,0.3,2.4,14.4,2.1,13.8,13.5
1487,2022,Dennis Schröder,HOU,PG,15,4,26.9,3.7,9.3,.393,1.3,3.9,.328,2.4,5.5,.439,.461,2.3,2.6,.872,0.4,1.6,2.9,12.0,3.3,3.3,6.8,5.9,32.0,0.8,1.4,0.2,0.7,2.5,10.9,2.6,19.9,11.5
1488,2022,Jakob Poeltl,SAS,C,68,67,29.0,6.0,9.8,.618,0.0,0.0,1.000,6.0,9.7,.618,.619,1.4,2.8,.495,3.9,13.9,5.5,20.0,9.3,9.3,16.9,2.8,14.0,0.7,1.1,1.7,5.0,3.1,13.5,1.6,12.7,20.8
1489,2022,Eric Gordon,HOU,SG,57,46,29.3,4.7,9.9,.475,2.2,5.3,.412,2.5,4.6,.548,.585,1.8,2.4,.778,0.3,1.0,1.7,6.5,2.0,2.0,3.7,2.7,14.1,0.5,0.8,0.3,1.0,1.1,13.4,1.9,14.6,12.1
1490,2022,De'Andre Hunter,ATL,SF,53,52,29.8,4.8,10.8,.442,1.4,3.7,.379,3.4,7.2,.474,.506,2.4,3.1,.765,0.5,1.8,2.8,10.4,3.3,3.3,6.1,1.3,6.1,0.7,1.1,0.4,1.2,2.9,13.4,1.3,9.6,10.6
1491,2022,Kyle Lowry,MIA,PG,63,63,33.9,4.4,10.0,.440,2.3,6.1,.377,2.1,3.9,.539,.555,2.3,2.8,.851,0.5,1.8,4.0,13.0,4.5,4.5,7.5,7.5,32.3,1.1,1.6,0.3,0.8,2.8,13.4,2.7,19.3,15.0
1492,2022,Carmelo Anthony,LAL,PF,69,3,26.0,4.6,10.5,.441,2.2,5.8,.375,2.5,4.7,.521,.544,1.9,2.3,.830,0.9,3.7,3.3,13.5,4.2,4.2,8.6,1.0,5.6,0.7,1.3,0.8,2.6,2.4,13.3,0.9,6.9,14.8
1493,2022,Derrick White,2TM,SG,75,52,29.3,4.5,10.7,.421,1.5,4.9,.312,3.0,5.7,.515,.493,2.7,3.1,.864,0.5,1.8,3.0,10.7,3.5,3.5,6.3,4.9,22.9,0.9,1.4,0.8,2.3,2.3,13.2,1.6,11.6,14.8
1494,2022,Derrick White,SAS,SG,49,48,30.3,5.0,11.6,.426,1.7,5.3,.314,3.3,6.4,.519,.497,2.8,3.3,.869,0.5,1.8,3.0,10.5,3.5,3.5,6.1,5.6,25.2,1.0,1.6,0.9,2.4,2.4,14.4,1.8,12.0,15.7
1495,2022,Derrick White,BOS,SG,26,4,27.4,3.6,8.8,.409,1.3,4.3,.306,2.3,4.6,.504,.483,2.5,2.9,.853,0.5,2.0,2.9,11.1,3.4,3.4,6.7,3.5,18.2,0.6,1.0,0.6,2.0,2.2,11.0,1.2,10.8,12.9
1496,2022,Kentavious Caldwell-Pope,WAS,SG,77,77,30.2,4.7,10.8,.435,2.1,5.3,.390,2.6,5.5,.480,.531,1.8,2.0,.890,0.5,2.0,2.9,10.3,3.4,3.4,6.2,1.9,9.1,1.1,1.8,0.3,0.9,1.8,13.2,1.3,9.8,12.6
1497,2022,Montrezl Harrell,2TM,C,71,3,23.1,5.0,7.8,.645,0.1,0.2,.235,5.0,7.6,.658,.649,3.0,4.2,.716,2.1,10.0,4.0,18.7,6.1,6.1,14.4,2.0,13.9,0.4,0.9,0.6,2.3,1.9,13.1,1.0,9.5,23.2
1498,2022,Montrezl Harrell,WAS,C,46,3,24.3,5.4,8.3,.645,0.1,0.3,.267,5.3,8.0,.660,.650,3.2,4.5,.727,2.1,9.7,4.6,20.8,6.7,6.7,15.3,2.1,13.9,0.4,0.8,0.7,2.4,1.9,14.1,1.1,9.6,23.9
1499,2022,Montrezl Harrell,CHO,C,25,0,21.0,4.4,6.9,.645,0.0,0.1,.000,4.4,6.8,.653,.645,2.5,3.6,.692,2.1,10.6,2.8,14.2,4.9,4.9,12.3,2.0,13.9,0.4,1.0,0.5,2.2,2.0,11.4,0.9,9.4,21.7
1500,2022,Chris Duarte,IND,SG,55,39,28.0,4.9,11.3,.432,1.7,4.6,.369,3.2,6.7,.475,.507,1.6,2.0,.804,0.7,2.9,3.4,13.6,4.1,4.1,8.2,2.1,10.9,1.0,1.8,0.2,0.6,1.7,13.1,1.6,11.8,12.3
1501,2022,Ricky Rubio,CLE,PG,34,8,28.5,4.4,12.1,.363,1.7,5.1,.339,2.6,7.0,.380,.434,2.6,3.0,.854,0.4,1.7,3.7,14.1,4.1,4.1,8.0,6.6,34.6,1.4,2.5,0.2,0.6,2.2,13.1,2.6,16.5,14.0
1502,2022,Lonzo Ball,CHI,PG,35,35,34.6,4.6,10.9,.423,3.1,7.4,.423,1.5,3.5,.423,.567,0.6,0.8,.750,1.0,3.3,4.4,14.3,5.4,5.4,8.8,5.1,20.0,1.8,2.6,0.9,2.2,2.4,13.0,2.3,17.2,14.5
1503,2022,LaMarcus Aldridge,BRK,C,47,12,22.3,5.4,9.7,.550,0.3,1.0,.304,5.1,8.8,.578,.566,1.9,2.2,.873,1.6,7.8,3.9,18.7,5.5,5.5,13.4,0.9,6.3,0.3,0.6,1.0,4.0,1.7,12.9,0.9,8.0,19.6
1504,2022,Myles Turner,IND,C,42,42,29.4,4.8,9.4,.509,1.5,4.4,.333,3.3,5.0,.662,.587,1.9,2.5,.752,1.5,5.8,5.5,21.3,7.1,7.1,13.4,1.0,5.1,0.7,1.1,2.8,8.3,2.8,12.9,1.3,10.9,17.4
1505,2022,Brandon Williams,POR,PG,24,16,26.7,4.4,11.8,.372,1.3,4.4,.292,3.1,7.3,.420,.427,2.8,4.0,.701,0.8,3.1,2.3,9.8,3.1,3.1,6.4,3.9,23.1,1.0,1.8,0.4,1.5,2.2,12.9,2.4,15.2,11.0
1506,2022,Coby White,CHI,PG,61,17,27.5,4.6,10.6,.433,2.2,5.8,.385,2.3,4.8,.491,.539,1.3,1.5,.857,0.3,1.1,2.7,11.0,3.0,3.0,6.1,2.9,15.0,0.5,0.8,0.2,0.6,2.2,12.7,1.1,9.3,12.6
1507,2022,Monte Morris,DEN,PG,75,74,29.9,5.0,10.3,.484,1.7,4.2,.395,3.3,6.1,.545,.564,1.0,1.1,.869,0.4,1.4,2.7,9.6,3.0,3.0,5.6,4.4,21.4,0.7,1.2,0.2,0.6,1.2,12.6,1.0,8.8,14.7
1508,2022,Josh Giddey,OKC,SF,54,54,31.5,5.2,12.4,.419,1.0,3.9,.263,4.2,8.5,.492,.461,1.0,1.5,.709,1.8,5.8,6.0,19.8,7.8,7.8,12.7,6.4,32.3,0.9,1.5,0.4,1.1,1.6,12.5,3.2,19.5,13.3
1509,2022,Cameron Johnson,PHO,PF,66,16,26.2,4.2,9.2,.460,2.5,5.9,.425,1.7,3.3,.523,.596,1.5,1.7,.860,0.6,2.7,3.5,14.0,4.1,4.1,8.5,1.5,7.7,0.9,1.6,0.2,0.8,1.7,12.5,0.7,6.7,15.2
1510,2022,Brook Lopez,MIL,C,13,11,22.9,4.7,10.1,.466,1.5,4.1,.358,3.2,6.0,.538,.538,1.5,1.8,.870,1.5,6.9,2.6,11.9,4.1,4.1,9.4,0.5,3.0,0.6,1.3,1.2,4.8,2.6,12.4,0.9,7.8,16.0
1511,2022,Victor Oladipo,MIA,SG,8,1,21.6,4.4,9.1,.479,1.9,4.5,.417,2.5,4.6,.541,.582,1.8,2.4,.737,0.4,2.0,2.5,12.9,2.9,2.9,7.5,3.5,26.3,0.6,1.4,0.1,0.6,1.6,12.4,2.0,16.4,16.8
1512,2022,Devin Vassell,SAS,SF,71,32,27.3,4.6,10.8,.427,1.9,5.4,.361,2.7,5.4,.492,.516,1.2,1.4,.838,0.6,2.4,3.7,14.3,4.3,4.3,8.3,1.9,9.7,1.1,1.9,0.6,1.8,2.0,12.3,0.8,6.7,13.3
1513,2022,Malik Beasley,MIN,SG,79,18,25.0,4.2,10.8,.391,3.0,8.1,.377,1.2,2.7,.432,.532,0.6,0.8,.817,0.3,1.4,2.5,11.2,2.9,2.9,6.2,1.5,8.5,0.5,1.0,0.2,0.6,1.1,12.1,0.5,4.7,11.9
1514,2022,Kevin Huerter,ATL,SF,74,60,29.6,4.7,10.3,.454,2.2,5.6,.389,2.5,4.7,.530,.559,0.6,0.7,.808,0.4,1.6,3.0,11.0,3.4,3.4,6.4,2.7,13.2,0.7,1.2,0.4,1.1,2.5,12.1,1.2,10.4,11.9
1515,2022,Marcus Smart,BOS,PG,71,71,32.3,4.2,10.1,.418,1.7,5.1,.331,2.5,5.0,.506,.501,2.0,2.5,.793,0.6,2.0,3.2,10.5,3.8,3.8,6.4,5.9,25.6,1.7,2.6,0.3,0.7,2.3,12.1,2.2,16.6,13.6
1516,2022,Lonnie Walker IV,SAS,SG,70,6,23.0,4.4,10.9,.407,1.6,5.0,.314,2.9,5.9,.487,.480,1.7,2.1,.784,0.3,1.2,2.3,10.7,2.6,2.6,5.9,2.2,13.4,0.6,1.3,0.3,1.0,1.4,12.1,1.0,7.9,12.3
1517,2022,Derrick Rose,NYK,PG,26,4,24.5,4.7,10.5,.445,1.4,3.5,.402,3.3,7.0,.467,.513,1.2,1.2,.968,0.8,3.5,2.2,9.8,3.0,3.0,6.6,4.0,27.5,0.8,1.7,0.5,1.9,0.6,12.0,1.5,11.9,16.9
1518,2022,Devonte' Graham,NOP,PG,76,63,28.4,3.9,10.7,.363,2.5,7.4,.341,1.4,3.3,.413,.481,1.6,1.8,.843,0.5,1.9,1.8,7.3,2.3,2.3,4.5,4.2,21.0,0.9,1.6,0.2,0.5,1.3,11.9,1.4,10.7,12.1
1519,2022,Luke Kennard,LAC,SG,70,13,27.4,4.1,9.1,.449,2.7,6.0,.449,1.4,3.1,.449,.598,1.0,1.1,.896,0.3,1.1,3.0,11.2,3.3,3.3,6.3,2.1,11.2,0.6,1.1,0.1,0.3,1.4,11.9,0.9,8.2,13.3
1520,2022,Jalen Suggs,ORL,PG,48,45,27.2,4.1,11.4,.361,0.9,4.1,.214,3.3,7.3,.443,.400,2.6,3.4,.773,0.5,2.1,3.0,11.7,3.6,3.6,6.9,4.4,24.9,1.2,2.2,0.4,1.3,3.0,11.8,3.0,18.7,8.6
1521,2022,Jae'Sean Tate,HOU,PF,78,77,26.4,4.7,9.3,.498,0.8,2.6,.312,3.8,6.8,.569,.541,1.7,2.4,.707,1.7,7.2,3.7,15.3,5.4,5.4,11.2,2.8,16.9,0.9,1.7,0.5,1.8,3.7,11.8,1.8,14.6,14.3
1522,2022,Alec Burks,NYK,SG,81,44,28.6,3.5,9.0,.391,1.9,4.8,.404,1.6,4.2,.378,.499,2.7,3.3,.822,0.6,2.1,4.3,16.6,4.9,4.9,9.2,3.0,15.7,1.0,1.8,0.3,1.1,2.7,11.7,1.1,9.7,13.7
1523,2022,Danilo Gallinari,ATL,PF,66,18,25.3,3.9,9.0,.434,1.7,4.5,.381,2.2,4.6,.485,.528,2.1,2.4,.904,0.5,2.3,4.1,17.8,4.7,4.7,10.1,1.5,8.5,0.4,0.8,0.2,0.6,1.4,11.7,0.6,5.4,14.3
1524,2022,Kemba Walker,NYK,PG,37,37,25.6,4.0,10.0,.403,2.0,5.4,.367,2.1,4.6,.444,.501,1.6,1.9,.845,0.4,1.6,2.6,11.2,3.0,3.0,6.3,3.5,22.2,0.7,1.4,0.2,0.7,1.0,11.6,1.3,10.7,13.9
1525,2022,Davion Mitchell,SAC,PG,75,19,27.7,4.7,11.2,.418,1.3,4.3,.316,3.3,7.0,.480,.477,0.7,1.1,.659,0.4,1.7,1.8,7.0,2.2,2.2,4.4,4.2,22.5,0.7,1.3,0.3,1.0,1.9,11.5,1.5,11.5,10.8
1526,2022,Cameron Oliver,ATL,SF,2,0,21.5,5.0,7.5,.667,0.5,1.5,.333,4.5,6.0,.750,.700,1.0,1.5,.667,1.0,5.1,2.0,10.1,3.0,3.0,7.6,1.5,11.1,0.5,1.1,0.5,2.1,2.5,11.5,0.0,0.0,21.4
1527,2022,Patty Mills,BRK,SG,81,48,29.0,4.0,9.8,.408,2.8,7.0,.400,1.2,2.8,.429,.551,0.6,0.7,.814,0.2,0.9,1.7,6.2,1.9,1.9,3.6,2.3,10.6,0.6,1.1,0.2,0.6,1.4,11.4,0.9,8.2,10.4
1528,2022,Marvin Bagley III,2TM,PF,48,25,24.0,4.7,9.3,.504,0.5,2.0,.237,4.2,7.3,.579,.530,1.4,2.1,.663,2.2,9.7,4.9,22.7,7.0,7.0,16.0,0.8,5.2,0.5,0.9,0.4,1.4,1.9,11.3,0.8,7.4,15.7
1529,2022,Marvin Bagley III,SAC,PF,30,17,22.1,3.8,8.2,.463,0.5,2.1,.242,3.3,6.1,.538,.494,1.2,1.6,.745,2.2,11.0,4.9,24.8,7.2,7.2,17.8,0.6,3.9,0.3,0.7,0.4,1.5,1.7,9.3,0.7,7.3,14.3
1530,2022,Marvin Bagley III,DET,PF,18,8,27.2,6.2,11.1,.555,0.4,1.9,.229,5.7,9.2,.624,.575,1.8,3.0,.593,2.1,8.0,4.7,19.8,6.8,6.8,13.6,1.1,6.9,0.7,1.3,0.4,1.3,2.4,14.6,1.0,7.4,17.7
1531,2022,Rui Hachimura,WAS,PF,42,13,22.5,4.5,9.1,.491,1.3,2.9,.447,3.1,6.1,.512,.563,1.1,1.6,.697,0.6,3.0,3.2,15.6,3.8,3.8,9.4,1.1,7.9,0.5,1.2,0.2,0.8,1.3,11.3,0.8,7.4,14.9
1532,2022,Joe Harris,BRK,SF,14,14,30.2,4.0,8.9,.452,2.9,6.3,.466,1.1,2.6,.417,.617,0.4,0.4,.833,0.4,1.3,3.6,12.8,4.0,4.0,7.2,1.0,4.5,0.5,0.8,0.1,0.4,2.2,11.3,1.1,11.2,9.6
1533,2022,Doug McDermott,SAS,PF,51,51,24.0,4.2,9.1,.462,2.1,5.0,.422,2.1,4.1,.512,.578,0.8,1.0,.784,0.4,1.5,1.9,8.4,2.3,2.3,4.9,1.3,7.3,0.3,0.5,0.1,0.4,1.5,11.3,0.8,8.1,11.4
1534,2022,Immanuel Quickley,NYK,PG,78,3,23.1,3.6,9.3,.392,1.8,5.1,.346,1.9,4.2,.448,.487,2.3,2.6,.881,0.4,1.8,2.8,13.1,3.2,3.2,7.4,3.5,24.5,0.7,1.5,0.0,0.2,2.1,11.3,1.3,10.9,14.6
1535,2022,Grayson Allen,MIL,SG,66,61,27.3,3.9,8.6,.448,2.4,5.9,.409,1.5,2.7,.533,.588,1.0,1.1,.865,0.5,1.9,2.9,10.9,3.4,3.4,6.5,1.5,7.6,0.7,1.2,0.3,1.0,1.5,11.1,0.7,6.7,12.7
1536,2022,Clint Capela,ATL,C,74,73,27.6,5.0,8.2,.613,0.0,0.0,.000,5.0,8.1,.614,.613,1.1,2.3,.473,3.8,15.0,8.1,31.9,11.9,11.9,23.5,1.2,6.6,0.7,1.3,1.3,4.1,2.2,11.1,0.6,6.1,21.4
1537,2022,Gary Harris,ORL,SG,61,30,28.4,3.9,9.1,.434,1.9,5.0,.384,2.0,4.1,.494,.539,1.4,1.6,.874,0.6,2.2,1.4,5.3,2.0,2.0,3.7,1.8,9.5,1.0,1.6,0.1,0.5,1.8,11.1,1.0,9.3,10.9
1538,2022,Hamidou Diallo,DET,SG,58,29,21.9,4.5,9.1,.496,0.4,1.6,.247,4.1,7.5,.550,.518,1.6,2.4,.650,1.2,5.6,3.6,18.7,4.8,4.8,11.8,1.3,9.8,1.2,2.7,0.3,1.2,2.5,11.0,1.0,9.0,15.7
1539,2022,Dorian Finney-Smith,DAL,PF,80,80,33.1,4.1,8.7,.471,2.2,5.4,.395,1.9,3.2,.599,.595,0.7,1.0,.675,1.5,5.1,3.2,10.7,4.7,4.7,7.9,1.9,8.2,1.1,1.7,0.5,1.3,2.3,11.0,1.0,9.9,12.5
1540,2022,Zavier Simpson,OKC,PG,4,4,43.5,4.8,13.0,.365,0.3,2.0,.125,4.5,11.0,.409,.375,1.3,1.3,1.000,0.5,1.2,4.8,11.4,5.3,5.3,6.2,7.5,25.2,1.3,1.4,1.0,2.1,3.8,11.0,2.5,15.6,7.7
1541,2022,Duncan Robinson,MIA,SG,79,68,25.9,3.7,9.2,.399,2.9,7.9,.372,0.7,1.3,.569,.559,0.6,0.8,.836,0.3,1.4,2.3,9.8,2.6,2.6,5.6,1.6,9.3,0.5,1.0,0.2,0.7,2.5,10.9,0.8,7.4,10.6
1542,2022,Darius Bazley,OKC,PF,69,53,27.9,4.0,9.4,.422,1.2,3.9,.297,2.8,5.5,.511,.484,1.7,2.5,.688,1.0,3.7,5.3,19.8,6.3,6.3,11.6,1.4,7.7,0.8,1.5,1.0,3.4,1.0,10.8,1.3,11.1,12.6
1543,2022,Markelle Fultz,ORL,PG,18,3,20.0,4.6,9.7,.474,0.2,0.9,.235,4.4,8.8,.500,.486,1.4,1.7,.806,0.2,1.2,2.5,13.2,2.7,2.7,7.2,5.5,48.9,1.1,2.7,0.3,1.3,1.2,10.8,2.2,17.5,17.7
1544,2022,Terance Mann,LAC,SF,81,33,28.6,4.1,8.5,.484,0.9,2.6,.365,3.2,6.0,.535,.539,1.6,2.0,.780,1.3,4.9,4.0,14.3,5.2,5.2,9.7,2.6,13.1,0.7,1.2,0.3,0.8,2.2,10.8,1.0,9.9,13.4
1545,2022,De'Anthony Melton,MEM,SG,73,15,22.7,3.8,9.5,.404,1.9,5.1,.374,1.9,4.4,.440,.504,1.2,1.6,.750,0.9,4.0,3.6,17.1,4.5,4.5,10.4,2.7,16.0,1.4,3.0,0.5,2.1,1.8,10.8,1.5,13.0,15.2
1546,2022,Cameron Payne,PHO,PG,58,12,22.0,4.1,10.1,.409,1.2,3.6,.336,2.9,6.5,.449,.469,1.3,1.5,.843,0.4,2.1,2.6,12.3,3.0,3.0,7.3,4.9,30.7,0.7,1.5,0.3,1.2,2.1,10.8,1.8,14.1,13.8
1547,2022,Melvin Frazier,OKC,SG,3,0,40.0,4.3,16.0,.271,0.3,7.0,.048,4.0,9.0,.444,.281,1.7,2.3,.714,1.7,4.2,2.7,7.0,4.3,4.3,5.6,0.3,1.2,0.3,0.4,0.0,0.0,2.7,10.7,1.0,5.5,-0.4
1548,2022,Cedi Osman,CLE,SF,66,3,22.2,3.7,8.7,.432,1.9,5.4,.357,1.8,3.2,.559,.544,1.3,2.0,.664,0.4,1.9,1.8,9.0,2.2,2.2,5.5,2.0,14.1,0.8,1.8,0.2,0.6,1.9,10.7,1.0,9.6,13.3
1549,2022,Nickeil Alexander-Walker,2TM,SG,65,21,22.6,3.9,10.5,.372,1.6,5.2,.311,2.3,5.3,.433,.449,1.2,1.7,.743,0.6,2.7,2.3,11.5,2.9,2.9,7.1,2.4,16.1,0.7,1.5,0.4,1.5,1.6,10.6,1.4,11.3,10.5
1550,2022,Nickeil Alexander-Walker,NOP,SG,50,19,26.3,4.7,12.6,.375,1.9,6.1,.311,2.8,6.5,.434,.450,1.4,1.9,.722,0.7,3.0,2.6,11.0,3.3,3.3,6.9,2.8,16.1,0.8,1.5,0.4,1.4,1.8,12.8,1.7,11.2,10.5
1551,2022,Nickeil Alexander-Walker,UTA,SG,15,2,9.9,1.1,3.2,.333,0.7,2.2,.303,0.4,1.0,.400,.438,0.7,0.8,.917,0.1,0.8,1.5,15.6,1.5,1.5,8.5,1.1,15.5,0.3,1.7,0.3,2.4,1.0,3.5,0.5,13.1,10.2
1552,2022,Mo Bamba,ORL,C,71,69,25.7,4.2,8.7,.480,1.5,4.0,.381,2.7,4.7,.563,.566,0.8,1.0,.781,2.1,8.5,6.0,24.6,8.1,8.1,16.5,1.2,7.4,0.5,1.0,1.7,5.9,2.6,10.6,1.1,10.6,16.5
1553,2022,Frank Jackson,DET,PG,53,7,22.0,3.7,9.1,.402,1.6,5.3,.308,2.0,3.8,.529,.491,1.6,2.0,.827,0.4,1.7,1.3,6.7,1.6,1.6,4.0,1.0,7.6,0.5,1.1,0.2,0.7,1.7,10.6,0.7,6.7,10.6
1554,2022,Frank Kaminsky,PHO,C,9,0,20.1,4.0,7.3,.545,0.6,1.7,.333,3.4,5.7,.608,.583,2.0,2.2,.900,1.2,6.7,3.3,17.3,4.6,4.6,12.1,1.4,10.1,0.9,2.1,0.8,3.4,1.6,10.6,0.6,6.3,21.3
1555,2022,Max Strus,MIA,SF,68,16,23.3,3.7,8.3,.441,2.7,6.5,.410,1.0,1.8,.557,.602,0.6,0.8,.792,0.4,1.7,2.6,12.5,3.0,3.0,7.2,1.4,8.8,0.4,0.9,0.2,1.1,1.7,10.6,0.8,8.8,12.7
1556,2022,Trey Lyles,2TM,PF,75,23,20.5,3.5,7.5,.466,0.9,2.8,.321,2.6,4.7,.552,.526,2.6,3.2,.802,1.2,6.0,3.9,21.2,5.1,5.1,13.4,1.2,9.0,0.4,0.9,0.4,1.9,1.6,10.5,1.0,9.8,16.4
1557,2022,Trey Lyles,DET,PF,51,3,19.4,3.4,7.5,.456,0.9,2.9,.301,2.6,4.7,.550,.513,2.7,3.5,.784,1.2,6.2,3.6,21.2,4.8,4.8,13.3,1.1,9.5,0.4,1.1,0.5,2.4,1.8,10.4,1.1,10.5,16.7
1558,2022,Trey Lyles,SAC,PF,24,20,22.8,3.6,7.4,.489,1.0,2.6,.365,2.7,4.8,.557,.553,2.4,2.8,.851,1.2,5.7,4.4,21.3,5.6,5.6,13.4,1.3,8.1,0.3,0.6,0.3,1.0,1.3,10.6,0.8,8.4,16.0
1559,2022,Brandon Clarke,MEM,PF,64,1,19.5,4.5,7.0,.644,0.1,0.3,.227,4.4,6.6,.666,.650,1.3,2.0,.654,2.1,11.1,3.2,17.8,5.3,5.3,14.4,1.3,10.3,0.6,1.5,1.1,4.9,1.9,10.4,0.5,6.3,23.7
1560,2022,Terence Davis,SAC,SG,30,11,17.9,3.8,8.9,.423,1.6,5.0,.329,2.1,3.9,.542,.515,1.2,1.5,.818,0.4,2.2,2.8,17.0,3.1,3.1,9.5,1.3,11.9,0.8,2.2,0.4,1.8,2.3,10.4,1.1,10.3,14.6
1561,2022,Richaun Holmes,SAC,C,45,37,23.9,4.4,6.7,.660,0.0,0.1,.400,4.4,6.6,.664,.663,1.6,2.0,.778,2.1,9.3,5.0,22.9,7.0,7.0,16.1,1.1,6.8,0.4,0.8,0.9,3.3,2.8,10.4,1.2,14.2,17.8
1562,2022,Tre Mann,OKC,PG,60,26,22.8,3.9,9.8,.393,1.6,4.5,.360,2.2,5.3,.421,.476,1.1,1.4,.793,0.4,1.9,2.4,11.2,2.9,2.9,6.4,1.5,10.7,0.8,1.7,0.2,0.8,1.7,10.4,1.2,10.2,10.2
1563,2022,Jeff Green,DEN,PF,75,63,24.7,3.7,7.1,.524,0.7,2.2,.315,3.0,4.8,.620,.574,2.2,2.6,.833,0.5,2.6,2.5,11.1,3.1,3.1,7.0,1.3,7.3,0.4,0.7,0.4,1.3,2.0,10.3,0.9,10.3,12.5
1564,2022,P.J. Washington,CHO,C,65,28,27.2,3.8,8.2,.470,1.7,4.6,.365,2.2,3.6,.606,.573,0.9,1.2,.716,1.3,4.8,3.9,15.5,5.2,5.2,10.1,2.3,11.2,0.9,1.5,0.9,3.3,2.3,10.3,1.3,12.6,13.6
1565,2022,Ivica Zubac,LAC,C,76,76,24.4,4.1,6.5,.626,0.0,0.0,,4.1,6.5,.626,.626,2.2,3.0,.727,2.9,12.8,5.6,23.7,8.5,8.5,18.4,1.6,9.8,0.5,1.0,1.0,3.5,2.7,10.3,1.5,16.1,19.2
1566,2022,Josh Richardson,2TM,SG,65,7,24.6,3.6,8.2,.438,1.6,3.8,.415,2.0,4.4,.458,.534,1.5,1.7,.889,0.6,2.8,2.2,9.4,2.8,2.8,6.2,1.8,10.1,0.9,1.7,0.4,1.6,1.8,10.2,1.0,10.2,12.8
1567,2022,Josh Richardson,BOS,SG,44,0,24.7,3.5,7.8,.443,1.4,3.5,.397,2.0,4.3,.481,.534,1.4,1.6,.859,0.6,2.7,2.3,9.6,2.8,2.8,6.2,1.5,8.7,0.8,1.6,0.5,1.9,1.9,9.7,0.9,9.4,12.2
1568,2022,Josh Richardson,SAS,SG,21,7,24.4,3.9,9.1,.429,1.9,4.3,.444,2.0,4.8,.416,.534,1.7,1.8,.946,0.8,3.2,2.1,9.1,2.9,2.9,6.1,2.3,13.0,1.0,2.1,0.3,1.0,1.6,11.4,1.3,11.5,14.0
1569,2022,Al Horford,BOS,C,69,69,29.1,3.9,8.2,.467,1.3,3.8,.336,2.6,4.4,.582,.546,1.2,1.4,.842,1.6,6.0,6.1,22.2,7.7,7.7,14.3,3.4,16.4,0.7,1.2,1.3,4.2,1.9,10.2,0.9,9.6,16.7
1570,2022,Ben McLemore,POR,SG,64,6,20.1,3.4,8.4,.401,2.4,6.5,.362,1.0,1.9,.533,.541,1.1,1.4,.818,0.2,1.0,1.4,8.1,1.6,1.6,4.4,0.9,7.3,0.6,1.4,0.2,0.8,1.6,10.2,0.9,8.7,11.7
1571,2022,Cam Reddish,2TM,SF,49,7,20.7,3.4,8.3,.404,1.3,3.8,.359,2.0,4.6,.442,.485,2.1,2.3,.902,0.5,2.7,1.6,8.6,2.1,2.1,5.7,1.0,7.0,1.0,2.3,0.3,1.4,1.2,10.1,1.2,11.1,12.8
1572,2022,Cam Reddish,ATL,SF,34,7,23.4,4.1,10.1,.402,1.7,4.5,.379,2.4,5.6,.421,.487,2.1,2.4,.900,0.6,2.8,1.9,8.7,2.5,2.5,5.8,1.1,6.9,1.0,2.2,0.3,1.2,1.3,11.9,1.3,10.4,12.8
1573,2022,Cam Reddish,NYK,SF,15,0,14.3,1.8,4.3,.415,0.5,2.1,.258,1.3,2.3,.559,.477,1.9,2.1,.906,0.3,2.5,1.1,8.2,1.4,1.4,5.3,0.7,7.1,0.8,2.8,0.3,1.8,1.0,6.1,0.9,14.1,12.9
1574,2022,Justin Holiday,2TM,SF,74,65,27.8,3.5,8.9,.394,2.4,6.5,.367,1.1,2.4,.467,.528,0.7,0.8,.806,0.4,1.5,2.2,8.8,2.6,2.6,5.1,1.7,8.6,0.8,1.3,0.4,1.4,2.1,10.1,0.9,9.2,9.5
1575,2022,Justin Holiday,IND,SF,49,40,28.9,3.9,9.3,.415,2.6,6.9,.378,1.3,2.5,.516,.553,0.7,0.8,.829,0.4,1.4,2.4,9.4,2.8,2.8,5.3,1.8,8.8,0.7,1.2,0.4,1.1,2.1,11.0,1.0,9.3,10.3
1576,2022,Justin Holiday,SAC,SG,25,25,25.6,2.8,8.2,.348,2.0,5.8,.342,0.8,2.3,.362,.471,0.6,0.8,.762,0.4,1.8,1.8,7.5,2.2,2.2,4.7,1.5,8.1,0.8,1.6,0.6,2.0,2.0,8.3,0.8,9.0,7.9
1577,2022,Bones Hyland,DEN,SG,69,4,19.0,3.3,8.3,.403,1.9,5.2,.366,1.4,3.1,.465,.518,1.6,1.8,.856,0.2,1.2,2.5,14.4,2.7,2.7,8.0,2.8,21.2,0.6,1.5,0.3,1.4,2.2,10.1,1.2,12.1,14.4
1578,2022,Isaiah Roby,OKC,PF,45,28,21.1,3.7,7.2,.514,1.0,2.2,.444,2.7,5.0,.545,.582,1.7,2.6,.672,1.7,8.0,3.2,15.6,4.8,4.8,11.8,1.6,12.1,0.8,1.8,0.8,3.3,2.4,10.1,1.0,10.3,18.3
1579,2022,Devin Cannady,ORL,PG,5,0,29.0,3.0,8.8,.341,3.0,7.4,.405,0.0,1.4,.000,.511,1.0,1.4,.714,0.2,0.7,1.0,3.7,1.2,1.2,2.2,2.0,10.0,1.0,1.7,0.6,1.9,1.8,10.0,1.0,9.6,8.6
1580,2022,Talen Horton-Tucker,LAL,SG,60,19,25.2,3.7,9.0,.416,0.8,3.0,.269,2.9,5.9,.492,.462,1.7,2.1,.800,0.6,2.6,2.6,11.1,3.2,3.2,6.9,2.7,14.9,1.0,1.9,0.5,1.7,2.5,10.0,1.4,12.1,11.0
1581,2022,Garrison Mathews,HOU,SG,65,33,26.3,2.8,7.1,.399,2.1,5.9,.360,0.7,1.2,.600,.550,2.2,2.8,.794,0.5,2.0,2.4,10.2,2.9,2.9,6.1,1.0,5.3,0.9,1.6,0.4,1.3,2.6,10.0,0.6,7.1,11.0
1582,2022,Terrence Ross,ORL,SG,63,0,23.0,3.5,8.8,.397,1.2,4.2,.292,2.3,4.6,.493,.467,1.8,2.1,.862,0.3,1.5,2.2,10.3,2.6,2.6,5.9,1.8,12.5,0.4,0.9,0.2,0.8,1.1,10.0,1.2,10.9,10.0
1583,2022,Robert Williams,BOS,C,61,61,29.6,4.4,6.0,.736,0.0,0.0,.000,4.4,6.0,.738,.736,1.1,1.5,.722,3.9,14.6,5.7,20.5,9.6,9.6,17.6,2.0,9.7,0.9,1.5,2.2,6.8,2.2,10.0,1.0,13.4,22.1
1584,2022,Eric Bledsoe,LAC,PG,54,29,25.2,3.6,8.7,.421,0.9,3.0,.313,2.7,5.6,.479,.475,1.6,2.2,.761,0.5,2.2,2.9,11.6,3.4,3.4,7.1,4.2,24.1,1.3,2.5,0.4,1.2,1.6,9.9,2.1,18.3,12.5
1585,2022,Pat Connaughton,MIL,SF,65,19,26.0,3.5,7.6,.458,2.2,5.7,.395,1.2,1.9,.643,.605,0.7,0.8,.833,0.7,2.9,3.5,14.0,4.2,4.2,8.6,1.3,6.6,0.9,1.7,0.2,0.9,1.3,9.9,0.5,6.3,13.4
1586,2022,Michael Porter Jr.,DEN,SF,9,9,29.4,4.1,11.4,.359,1.1,5.3,.208,3.0,6.1,.491,.408,0.6,1.0,.556,1.0,3.9,5.6,20.4,6.6,6.6,12.4,1.9,8.9,1.1,1.9,0.2,0.7,1.8,9.9,1.3,10.1,7.5
1587,2022,Duane Washington Jr.,IND,PG,48,7,20.2,3.6,8.9,.405,1.7,4.5,.377,1.9,4.4,.434,.500,1.0,1.3,.754,0.1,0.5,1.6,9.3,1.7,1.7,4.8,1.8,13.0,0.5,1.3,0.1,0.3,1.4,9.9,1.2,11.2,10.2
1588,2022,Nassir Little,POR,SF,42,23,25.9,3.5,7.5,.460,1.2,3.7,.331,2.2,3.8,.584,.541,1.6,2.2,.734,1.4,5.7,4.2,18.7,5.6,5.6,11.9,1.3,7.4,0.6,1.1,0.9,3.3,2.0,9.8,1.0,10.1,13.5
1589,2022,Alperen Şengün,HOU,C,72,13,20.7,3.5,7.3,.474,0.4,1.6,.248,3.1,5.7,.539,.502,2.3,3.2,.711,1.9,10.1,3.5,18.9,5.5,5.5,14.5,2.6,19.1,0.8,1.9,0.9,4.1,3.0,9.6,2.0,18.8,16.0
1590,2022,Terry Taylor,IND,PF,33,7,21.6,4.1,6.7,.614,0.4,1.2,.316,3.7,5.5,.676,.641,1.1,1.5,.706,2.9,14.6,2.3,12.2,5.2,5.2,13.4,1.2,8.6,0.4,1.0,0.2,1.0,1.8,9.6,0.7,8.7,19.0
1591,2022,Herbert Jones,NOP,PF,78,69,29.9,3.5,7.4,.476,0.7,2.2,.337,2.8,5.2,.533,.525,1.8,2.1,.840,1.3,4.5,2.5,9.6,3.8,3.8,7.0,2.1,10.0,1.7,2.7,0.8,2.5,3.1,9.5,1.3,13.4,12.3
1592,2022,Chris Boucher,TOR,SF,80,9,21.1,3.4,7.2,.464,0.9,2.9,.297,2.5,4.4,.575,.523,1.9,2.4,.777,2.2,10.9,3.9,21.3,6.2,6.2,15.8,0.3,2.2,0.6,1.4,0.9,4.3,2.2,9.4,0.5,6.0,17.9
1593,2022,Jae Crowder,PHO,PF,67,67,28.1,3.2,8.1,.399,1.9,5.4,.348,1.3,2.7,.503,.516,1.1,1.3,.789,0.4,1.8,4.8,18.0,5.3,5.3,10.1,1.9,8.3,1.4,2.4,0.4,1.4,2.6,9.4,0.8,8.6,11.3
1594,2022,Daniel Gafford,WAS,C,72,53,20.1,4.0,5.7,.693,0.0,0.0,.000,4.0,5.7,.695,.693,1.5,2.1,.699,2.2,12.1,3.5,19.0,5.7,5.7,15.6,0.9,7.3,0.4,1.0,1.4,5.8,2.4,9.4,0.9,12.0,21.8
1595,2022,Jaxson Hayes,NOP,C,70,28,20.0,3.5,5.7,.616,0.3,0.8,.351,3.2,4.9,.660,.641,2.1,2.7,.766,1.6,8.9,2.9,16.2,4.5,4.5,12.5,0.6,4.7,0.5,1.2,0.8,3.8,2.2,9.3,0.8,10.1,18.5
1596,2022,Jonathan Kuminga,GSW,SF,70,12,16.9,3.4,6.6,.513,0.7,2.1,.336,2.7,4.4,.598,.567,1.9,2.7,.684,0.8,5.1,2.6,16.1,3.3,3.3,10.8,0.9,8.4,0.4,1.3,0.3,1.8,2.1,9.3,1.1,12.0,15.2
1597,2022,Jalen Smith,2TM,PF,51,8,18.1,3.5,6.9,.503,0.8,2.4,.328,2.7,4.5,.596,.560,1.5,2.0,.765,2.0,12.0,4.0,24.5,6.0,6.0,18.2,0.5,3.9,0.3,0.8,0.8,3.9,1.9,9.2,0.8,9.6,18.4
1598,2022,Jalen Smith,PHO,PF,29,4,13.2,2.2,4.7,.460,0.3,1.3,.231,1.9,3.4,.551,.493,1.4,1.8,.769,1.9,15.9,2.9,23.0,4.8,4.8,19.5,0.2,2.1,0.2,0.8,0.6,4.2,1.8,6.0,0.8,12.1,15.9
1599,2022,Jalen Smith,IND,PF,22,4,24.7,5.1,9.7,.531,1.4,3.8,.373,3.7,5.9,.631,.603,1.7,2.3,.760,2.1,9.3,5.5,25.5,7.6,7.6,17.3,0.8,5.1,0.4,0.8,1.0,3.7,2.0,13.4,0.9,7.8,20.2
1600,2022,Reggie Perry,2TM,PF,10,1,18.7,4.0,7.9,.506,0.3,1.6,.188,3.7,6.3,.587,.525,0.9,1.5,.600,1.5,8.5,3.2,19.5,4.7,4.7,13.8,1.2,11.1,0.9,2.4,0.6,3.2,3.3,9.2,1.1,11.4,15.6
1601,2022,Reggie Perry,POR,PF,9,1,19.7,4.3,8.7,.500,0.3,1.8,.188,4.0,6.9,.581,.519,1.0,1.7,.600,1.7,9.0,3.4,20.0,5.1,5.1,14.3,1.3,11.7,1.0,2.5,0.7,3.3,3.3,10.0,1.2,11.5,16.2
1602,2022,Reggie Perry,IND,PF,1,0,10.0,1.0,1.0,1.000,0.0,0.0,,1.0,1.0,1.000,1.000,0.0,0.0,,0.0,0.0,1.0,11.3,1.0,1.0,5.6,0.0,0.0,0.0,0.0,0.0,0.0,3.0,2.0,0.0,0.0,4.2
1603,2022,Patrick Beverley,MIN,PG,58,54,25.4,3.1,7.5,.406,1.4,4.2,.343,1.6,3.3,.485,.501,1.7,2.3,.722,1.1,4.4,3.1,13.2,4.1,4.1,8.7,4.6,24.5,1.2,2.2,0.9,3.4,3.0,9.2,1.3,12.9,14.8
1604,2022,Caleb Martin,MIA,SF,60,12,22.9,3.5,6.8,.507,1.1,2.6,.413,2.4,4.3,.565,.585,1.2,1.6,.763,1.2,5.9,2.7,13.0,3.8,3.8,9.5,1.1,7.0,1.0,2.1,0.5,2.3,1.7,9.2,0.9,10.3,14.8
1605,2022,Jaden McDaniels,MIN,PF,70,31,25.8,3.6,7.9,.460,1.1,3.6,.317,2.5,4.3,.579,.532,0.8,1.0,.803,1.1,4.4,3.1,13.2,4.2,4.2,8.7,1.1,6.1,0.7,1.4,0.8,2.9,3.2,9.2,1.1,11.4,10.3
1606,2022,JaVale McGee,PHO,C,74,17,15.8,3.9,6.2,.629,0.0,0.1,.222,3.9,6.1,.637,.631,1.4,2.0,.699,2.2,15.3,4.5,29.7,6.7,6.7,22.7,0.6,5.4,0.3,0.9,1.1,6.1,2.4,9.2,1.3,15.8,22.6
1607,2022,Georges Niang,PHI,PF,76,7,22.8,3.2,7.4,.437,2.1,5.1,.403,1.2,2.3,.511,.575,0.7,0.8,.881,0.3,1.6,2.3,11.3,2.7,2.7,6.5,1.3,8.7,0.4,0.9,0.2,0.7,2.5,9.2,0.8,9.1,10.7
1608,2022,Precious Achiuwa,TOR,C,73,28,23.6,3.6,8.3,.439,0.8,2.1,.359,2.9,6.1,.468,.486,1.1,1.8,.595,2.0,8.7,4.5,21.7,6.5,6.5,14.9,1.1,6.9,0.5,1.1,0.6,2.3,2.1,9.1,1.2,11.3,12.7
1609,2022,Oshae Brissett,IND,SF,67,25,23.3,3.1,7.6,.411,1.2,3.5,.350,1.9,4.0,.465,.493,1.7,2.4,.695,1.6,7.6,3.7,18.1,5.3,5.3,12.8,1.1,6.4,0.7,1.4,0.4,1.6,1.7,9.1,0.8,8.5,12.9
1610,2022,Willy Hernangómez,NOP,C,50,8,16.8,3.4,6.5,.520,0.1,0.2,.333,3.3,6.3,.527,.526,2.2,2.8,.773,2.9,18.5,3.9,26.3,6.8,6.8,22.3,1.3,11.9,0.4,1.2,0.4,2.2,1.9,9.1,1.0,11.6,22.2
1611,2022,Kelly Olynyk,DET,C,40,1,19.1,3.2,7.2,.448,1.0,3.0,.336,2.2,4.2,.527,.517,1.7,2.2,.775,1.4,7.3,3.1,18.3,4.4,4.4,12.5,2.8,23.3,0.8,2.0,0.5,2.2,2.5,9.1,1.5,15.1,16.7
1612,2022,Donte DiVincenzo,2TM,SG,42,1,24.0,2.8,8.0,.351,1.8,5.2,.339,1.0,2.8,.373,.461,1.7,2.0,.843,1.0,4.3,3.1,14.0,4.0,4.0,9.1,2.8,16.1,1.1,2.3,0.2,0.7,1.6,9.0,1.7,16.2,11.3
1613,2022,Donte DiVincenzo,MIL,SG,17,0,20.1,2.3,6.9,.331,1.2,4.4,.284,1.1,2.6,.409,.419,1.4,1.6,.852,1.1,5.7,2.5,12.8,3.5,3.5,9.3,1.7,11.3,0.6,1.5,0.2,0.8,1.5,7.2,1.6,17.7,7.9
1614,2022,Donte DiVincenzo,SAC,SG,25,1,26.6,3.2,8.7,.362,2.1,5.8,.368,1.0,3.0,.351,.484,1.9,2.2,.839,0.9,3.6,3.5,14.5,4.4,4.4,9.0,3.6,18.6,1.5,2.7,0.2,0.7,1.7,10.3,1.8,15.4,13.0
1615,2022,DeMarcus Cousins,2TM,C,48,7,15.0,3.1,6.8,.460,0.8,2.5,.303,2.3,4.2,.554,.517,2.0,2.6,.760,1.5,11.7,4.1,29.1,5.6,5.6,20.6,1.5,15.2,0.7,2.4,0.4,2.7,2.9,9.0,1.8,18.3,18.2
1616,2022,DeMarcus Cousins,MIL,C,17,5,16.9,3.2,6.9,.466,0.8,2.8,.271,2.5,4.1,.600,.521,1.8,2.2,.816,1.4,9.1,4.4,26.8,5.8,5.8,18.1,1.1,9.3,0.9,2.7,0.5,2.7,2.7,9.1,0.9,10.6,19.0
1617,2022,DeMarcus Cousins,DEN,C,31,2,13.9,3.0,6.6,.456,0.8,2.4,.324,2.3,4.3,.530,.515,2.1,2.8,.736,1.6,13.4,3.9,30.6,5.5,5.5,22.3,1.7,19.1,0.6,2.2,0.4,2.7,3.0,8.9,2.2,22.0,17.6
1618,2022,Bruce Brown,BRK,SF,72,45,24.6,3.6,7.0,.506,0.5,1.3,.404,3.0,5.7,.529,.543,1.3,1.8,.758,1.4,6.3,3.4,14.7,4.8,4.8,10.6,2.1,11.5,1.1,2.1,0.7,2.6,2.4,9.0,0.8,9.1,15.0
1619,2022,Amir Coffey,LAC,SG,69,30,22.7,3.1,6.8,.453,1.4,3.7,.378,1.7,3.1,.542,.556,1.5,1.7,.863,0.4,1.8,2.5,11.2,2.9,2.9,6.7,1.8,11.4,0.6,1.2,0.2,0.8,1.3,9.0,0.7,8.0,13.0
1620,2022,Obi Toppin,NYK,PF,72,10,17.1,3.5,6.6,.531,0.7,2.3,.308,2.8,4.2,.655,.586,1.3,1.7,.758,1.0,5.9,2.8,17.7,3.7,3.7,11.7,1.1,10.9,0.3,1.0,0.5,2.6,1.4,9.0,0.8,9.6,18.3
1621,2022,Moritz Wagner,ORL,C,63,3,15.2,3.1,6.3,.497,1.0,3.2,.328,2.1,3.1,.672,.581,1.7,2.0,.806,0.7,4.6,3.0,21.0,3.7,3.7,12.8,1.4,15.4,0.3,1.0,0.2,1.2,2.0,9.0,0.9,11.0,18.1
1622,2022,Patrick Williams,CHI,PF,17,9,24.8,3.2,6.0,.529,0.9,1.7,.517,2.3,4.3,.534,.603,1.8,2.4,.732,1.0,4.6,3.1,13.8,4.1,4.1,9.2,0.9,4.8,0.5,1.0,0.5,1.8,1.6,9.0,0.9,11.8,12.7
1623,2022,Chimezie Metu,SAC,C,60,20,21.3,3.4,7.5,.452,1.0,3.1,.306,2.4,4.4,.555,.516,1.2,1.5,.780,0.6,2.9,5.0,25.9,5.6,5.6,14.3,1.0,6.9,0.9,1.9,0.5,2.2,1.6,8.9,1.0,11.1,13.4
1624,2022,Bryn Forbes,2TM,SG,75,2,17.1,3.1,7.2,.429,1.6,3.9,.414,1.5,3.3,.447,.542,1.1,1.2,.908,0.1,0.9,1.1,6.9,1.2,1.2,3.9,1.0,8.3,0.3,0.9,0.1,0.3,1.3,8.8,0.7,8.8,11.5
1625,2022,Bryn Forbes,SAS,SG,40,1,16.9,3.2,7.4,.432,1.6,3.8,.417,1.6,3.6,.448,.539,1.1,1.2,.898,0.1,0.6,1.5,9.2,1.6,1.6,4.9,1.0,8.6,0.4,1.2,0.1,0.4,1.1,9.1,0.8,9.4,12.4
1626,2022,Bryn Forbes,DEN,SG,35,1,17.4,2.9,6.9,.424,1.7,4.1,.410,1.3,2.8,.444,.545,1.0,1.1,.921,0.2,1.1,0.7,4.3,0.9,0.9,2.7,1.0,8.0,0.2,0.6,0.1,0.3,1.5,8.6,0.7,8.1,10.6
1627,2022,Ayo Dosunmu,CHI,SG,77,40,27.4,3.6,6.9,.520,0.9,2.4,.376,2.7,4.5,.596,.585,0.7,1.0,.679,0.4,1.4,2.4,9.9,2.8,2.8,5.7,3.3,16.5,0.8,1.4,0.4,1.2,2.4,8.8,1.4,15.9,11.2
1628,2022,KJ Martin,HOU,SF,79,2,21.0,3.5,6.6,.533,0.8,2.1,.357,2.8,4.5,.617,.591,1.0,1.6,.634,1.0,5.3,2.7,14.5,3.8,3.8,9.9,1.3,9.4,0.4,1.0,0.5,2.2,1.4,8.8,0.8,9.4,14.3
1629,2022,Isaac Okoro,CLE,SF,67,61,29.6,3.1,6.4,.480,0.8,2.3,.350,2.3,4.1,.555,.544,1.8,2.3,.768,1.1,4.1,1.9,7.1,3.0,3.0,5.6,1.8,8.5,0.8,1.4,0.3,1.0,2.4,8.8,0.9,10.4,10.4
1630,2022,Nic Claxton,BRK,C,47,19,20.7,3.8,5.6,.674,0.0,0.0,,3.8,5.6,.674,.674,1.1,2.0,.581,1.9,10.4,3.7,18.9,5.6,5.6,14.8,0.9,6.4,0.5,1.2,1.1,4.7,2.3,8.7,0.8,11.1,18.6
1631,2022,Tyus Jones,MEM,PG,73,23,21.2,3.4,7.6,.451,1.1,2.8,.390,2.3,4.8,.487,.524,0.7,0.9,.818,0.2,1.1,2.2,11.0,2.4,2.4,5.9,4.4,28.2,0.9,2.0,0.0,0.1,0.4,8.7,0.6,7.3,16.5
1632,2022,Dwight Powell,DAL,C,82,71,21.9,3.3,4.9,.671,0.2,0.5,.351,3.1,4.4,.703,.687,2.0,2.6,.783,2.1,10.7,2.8,14.3,4.9,4.9,12.5,1.2,8.1,0.5,1.0,0.5,2.0,2.7,8.7,0.8,11.5,18.1
1633,2022,Gabe Vincent,MIA,PG,68,27,23.4,3.1,7.5,.417,1.8,4.8,.368,1.4,2.8,.500,.533,0.6,0.8,.815,0.3,1.6,1.5,7.3,1.9,1.9,4.5,3.1,19.4,0.9,2.0,0.2,0.8,2.3,8.7,1.4,15.4,10.6
1634,2022,Reggie Bullock,DAL,SF,68,37,28.0,3.0,7.4,.401,2.1,5.8,.360,0.9,1.6,.550,.542,0.6,0.7,.833,0.5,1.9,3.1,12.2,3.5,3.5,7.0,1.2,6.1,0.6,1.1,0.2,0.7,1.6,8.6,0.6,7.1,9.2
1635,2022,Chuma Okeke,ORL,PF,70,20,25.0,3.1,8.2,.376,1.7,5.3,.318,1.4,2.9,.480,.478,0.8,0.9,.846,0.7,2.8,4.3,18.2,5.0,5.0,10.5,1.7,10.1,1.4,2.7,0.6,2.2,1.4,8.6,0.8,8.6,12.0
1636,2022,Robert Covington,2TM,PF,71,42,27.3,2.9,7.0,.420,1.8,4.8,.378,1.1,2.2,.509,.548,0.8,1.0,.841,0.8,3.3,4.7,18.9,5.5,5.5,11.0,1.3,6.8,1.5,2.6,1.3,4.4,2.7,8.5,1.1,12.4,12.4
1637,2022,Robert Covington,POR,PF,48,40,29.8,2.7,7.0,.381,1.6,4.8,.343,1.0,2.2,.462,.499,0.6,0.8,.833,0.9,3.0,4.9,18.6,5.7,5.7,10.5,1.4,6.7,1.5,2.5,1.3,4.3,2.8,7.6,1.2,14.2,10.0
1638,2022,Robert Covington,LAC,PF,23,2,22.1,3.5,7.0,.500,2.1,4.7,.450,1.4,2.3,.604,.651,1.2,1.4,.848,0.8,3.9,4.3,20.0,5.1,5.1,12.2,1.0,7.0,1.3,2.8,1.2,4.7,2.5,10.4,0.7,8.8,19.4
1639,2022,T.J. McConnell,IND,PG,27,8,24.1,3.7,7.7,.481,0.4,1.2,.303,3.3,6.5,.514,.505,0.7,0.9,.826,0.7,3.4,2.6,12.2,3.3,3.3,7.7,4.9,28.7,1.1,2.2,0.4,1.3,2.0,8.5,1.1,11.7,15.1
1640,2022,Jaylen Nowell,MIN,SG,62,1,15.7,3.2,6.7,.475,1.0,2.6,.394,2.1,4.1,.526,.551,1.2,1.5,.783,0.4,2.4,1.6,11.4,2.0,2.0,6.8,2.1,20.2,0.4,1.3,0.2,1.0,1.2,8.5,0.6,7.4,16.8
1641,2022,Mitchell Robinson,NYK,C,72,62,25.7,3.6,4.8,.761,0.0,0.0,,3.6,4.8,.761,.761,1.2,2.5,.486,4.1,16.8,4.5,19.1,8.6,8.6,17.9,0.5,3.2,0.8,1.6,1.8,7.1,2.7,8.5,0.8,12.4,20.7
1642,2022,Cam Thomas,BRK,SG,67,2,17.6,3.3,7.5,.433,0.7,2.6,.270,2.6,4.9,.520,.480,1.3,1.6,.829,0.2,1.5,2.2,13.1,2.4,2.4,7.5,1.2,9.7,0.5,1.4,0.1,0.6,1.0,8.5,0.8,9.1,11.7
1643,2022,Isaiah Thomas,3TM,PG,22,1,15.1,3.0,7.6,.401,1.3,3.8,.337,1.8,3.8,.464,.485,1.0,1.2,.846,0.2,1.3,1.1,8.1,1.3,1.3,4.6,1.5,15.7,0.3,1.0,0.2,1.4,1.5,8.4,0.7,7.8,12.0
1644,2022,Isaiah Thomas,LAL,PG,4,1,25.3,3.0,9.8,.308,1.3,5.5,.227,1.8,4.3,.412,.372,2.0,2.8,.727,0.3,1.1,1.8,7.4,2.0,2.0,4.3,1.5,8.1,0.0,0.0,0.5,1.8,3.0,9.3,1.3,10.2,3.2
1645,2022,Isaiah Thomas,DAL,PG,1,0,13.0,3.0,8.0,.375,0.0,3.0,.000,3.0,5.0,.600,.375,0.0,0.0,,0.0,0.0,0.0,0.0,0.0,0.0,0.0,4.0,52.6,0.0,0.0,0.0,0.0,0.0,6.0,0.0,0.0,12.6
1646,2022,Isaiah Thomas,CHO,PG,17,0,12.9,3.1,7.1,.433,1.4,3.4,.397,1.7,3.6,.468,.529,0.8,0.9,.933,0.2,1.4,1.1,8.8,1.2,1.2,5.1,1.4,17.0,0.4,1.5,0.2,1.3,1.3,8.3,0.6,7.3,16.0
1647,2022,Deni Avdija,WAS,SF,82,8,24.2,3.0,7.1,.432,1.0,3.2,.317,2.0,3.9,.525,.503,1.3,1.7,.757,0.6,3.0,4.5,20.5,5.2,5.2,11.9,2.0,11.8,0.7,1.5,0.5,1.9,2.3,8.4,1.1,12.0,11.6
1648,2022,Lance Stephenson,2TM,SG,46,1,17.7,3.2,7.0,.455,0.6,2.0,.300,2.6,5.1,.515,.497,1.4,1.7,.788,0.3,1.6,2.5,16.0,2.8,2.8,8.7,3.6,30.2,0.5,1.4,0.1,0.4,2.1,8.3,1.6,16.7,13.6
1649,2022,Lance Stephenson,ATL,SG,6,0,11.7,0.8,2.2,.385,0.0,0.5,.000,0.8,1.7,.500,.385,0.2,0.3,.500,0.2,1.6,2.3,21.8,2.5,2.5,11.7,1.8,19.9,0.0,0.0,0.0,0.0,1.3,1.8,0.7,22.4,4.5
1650,2022,Lance Stephenson,IND,PG,40,1,18.6,3.6,7.8,.458,0.7,2.2,.310,2.9,5.6,.516,.502,1.6,2.0,.795,0.3,1.6,2.5,15.4,2.8,2.8,8.4,3.9,31.2,0.6,1.6,0.1,0.5,2.2,9.3,1.7,16.5,14.5
1651,2022,Nicolas Batum,LAC,PF,59,54,24.8,3.0,6.6,.463,1.8,4.6,.400,1.2,2.0,.607,.602,0.4,0.6,.658,0.5,2.2,3.8,15.8,4.3,4.3,9.2,1.7,9.7,1.0,1.9,0.7,2.4,1.4,8.3,0.7,9.0,13.5
1652,2022,Isaiah Hartenstein,LAC,C,68,0,17.9,3.4,5.4,.626,0.2,0.4,.467,3.2,4.9,.640,.645,1.3,1.9,.689,1.7,10.5,3.2,18.2,4.9,4.9,14.5,2.4,20.5,0.7,2.0,1.1,5.4,2.5,8.3,1.2,16.5,22.0
1653,2022,Isaiah Jackson,IND,C,36,15,15.0,3.2,5.7,.563,0.1,0.4,.313,3.1,5.3,.584,.575,1.7,2.4,.682,1.7,12.2,2.5,18.7,4.1,4.1,15.4,0.3,2.9,0.7,2.3,1.4,8.4,2.6,8.3,1.1,14.0,20.5
1654,2022,Naz Reid,MIN,C,77,6,15.8,3.0,6.2,.489,0.7,2.2,.343,2.3,4.0,.568,.549,1.5,1.9,.765,1.3,8.8,2.6,18.0,3.9,3.9,13.3,0.9,8.7,0.5,1.6,0.9,5.6,2.2,8.3,1.1,13.2,17.2
1655,2022,Landry Shamet,PHO,SG,69,14,20.8,2.8,7.0,.394,1.8,4.8,.368,1.0,2.2,.450,.521,1.0,1.2,.840,0.2,1.2,1.6,8.0,1.8,1.8,4.7,1.6,9.7,0.4,0.9,0.1,0.6,1.3,8.3,0.6,7.3,10.2
1656,2022,Isaiah Stewart,DET,C,71,71,25.6,3.5,6.9,.510,0.2,0.6,.326,3.3,6.3,.529,.526,1.0,1.5,.718,3.2,12.8,5.5,24.5,8.7,8.7,18.4,1.2,6.9,0.3,0.6,1.1,3.9,3.0,8.3,1.2,13.7,14.0
1657,2022,Aaron Wiggins,OKC,SG,50,35,24.2,3.1,6.7,.463,0.8,2.8,.304,2.3,4.0,.573,.525,1.2,1.7,.729,1.0,4.3,2.5,11.0,3.6,3.6,7.6,1.4,8.5,0.6,1.2,0.2,0.8,1.9,8.3,1.1,12.6,10.3
1658,2022,Daniel Theis,2TM,C,47,27,20.8,3.2,6.2,.519,0.7,2.3,.308,2.5,3.9,.641,.576,1.0,1.5,.681,1.3,6.6,3.6,18.8,4.9,4.9,12.7,0.9,6.3,0.4,1.0,0.7,2.9,2.4,8.2,1.0,12.5,13.2
1659,2022,Daniel Theis,HOU,C,26,21,22.5,3.2,6.9,.469,0.9,3.0,.291,2.3,3.8,.610,.534,1.0,1.5,.675,1.2,6.0,3.8,18.5,5.0,5.0,12.2,0.8,5.1,0.4,0.9,0.7,2.6,2.4,8.4,1.2,13.6,10.7
1660,2022,Daniel Theis,BOS,C,21,6,18.7,3.2,5.3,.598,0.5,1.3,.357,2.7,4.0,.679,.643,1.0,1.5,.688,1.3,7.6,3.4,19.1,4.7,4.7,13.5,1.0,8.0,0.4,1.1,0.7,3.3,2.3,7.9,0.7,10.6,17.0
1661,2022,Corey Kispert,WAS,SF,77,36,23.4,3.0,6.7,.455,1.5,4.2,.350,1.6,2.5,.629,.564,0.7,0.8,.871,0.7,3.3,2.0,9.4,2.7,2.7,6.4,1.1,6.7,0.5,1.0,0.3,1.0,1.2,8.2,0.6,8.5,10.9
1662,2022,Shake Milton,PHI,SG,55,6,21.4,3.1,7.3,.429,0.8,2.4,.323,2.4,4.9,.481,.483,1.1,1.3,.836,0.5,2.9,2.0,10.4,2.6,2.6,6.7,2.5,17.6,0.5,1.2,0.3,1.3,1.8,8.2,0.8,9.2,11.9
1663,2022,Onyeka Okongwu,ATL,C,48,6,20.7,3.3,4.7,.690,0.0,0.0,,3.3,4.7,.690,.690,1.7,2.3,.727,2.4,12.8,3.5,18.4,5.9,5.9,15.6,1.1,7.6,0.6,1.5,1.3,5.4,3.1,8.2,0.9,13.8,19.8
1664,2022,Otto Porter Jr.,GSW,PF,63,15,22.2,3.1,6.6,.464,1.3,3.4,.370,1.8,3.2,.565,.560,0.8,1.0,.803,1.4,6.9,4.4,21.0,5.7,5.7,14.2,1.5,9.6,1.1,2.4,0.5,2.0,1.3,8.2,0.6,7.7,15.9
1665,2022,Hassan Whiteside,UTA,C,65,8,17.9,3.3,5.1,.652,0.0,0.0,,3.3,5.1,.652,.652,1.6,2.6,.623,2.6,16.2,5.0,29.9,7.6,7.6,23.3,0.4,3.4,0.3,0.9,1.6,7.8,2.8,8.2,0.8,11.6,22.9
1666,2022,Rudy Gay,UTA,PF,55,1,18.9,2.9,6.9,.414,1.3,3.7,.345,1.6,3.2,.494,.507,1.1,1.4,.785,1.0,6.0,3.4,19.1,4.4,4.4,12.8,1.0,7.8,0.5,1.2,0.3,1.6,1.7,8.1,0.9,10.2,13.0
1667,2022,Damian Jones,SAC,C,56,15,18.2,3.1,4.8,.658,0.2,0.5,.345,2.9,4.2,.696,.677,1.7,2.3,.718,1.3,7.9,3.1,18.5,4.4,4.4,13.2,1.2,10.2,0.5,1.2,0.8,4.0,2.3,8.1,1.1,15.4,18.3
1668,2022,Ziaire Williams,MEM,SF,62,31,21.7,3.1,6.8,.450,1.2,3.9,.314,1.9,2.9,.632,.540,0.7,0.9,.782,0.4,2.0,1.7,8.2,2.1,2.1,5.0,1.0,6.3,0.6,1.2,0.2,0.8,1.8,8.1,0.7,8.4,9.7
1669,2022,Cory Joseph,DET,PG,65,39,24.6,2.7,6.2,.445,1.0,2.4,.414,1.7,3.7,.465,.526,1.5,1.7,.885,0.4,1.9,2.2,10.3,2.7,2.7,5.9,3.6,21.8,0.6,1.3,0.3,1.0,2.3,8.0,1.3,15.9,11.4
1670,2022,Mike Muscala,OKC,C,43,0,13.8,2.6,5.8,.456,1.6,3.8,.429,1.0,2.0,.506,.597,1.1,1.3,.842,0.5,3.6,2.5,19.1,3.0,3.0,11.2,0.5,6.2,0.4,1.5,0.6,4.1,1.3,8.0,0.3,4.9,19.7
1671,2022,Malik Newman,CLE,PG,1,0,8.0,3.0,5.0,.600,0.0,1.0,.000,3.0,4.0,.750,.600,2.0,2.0,1.000,0.0,0.0,1.0,13.5,1.0,1.0,6.9,1.0,27.8,0.0,0.0,0.0,0.0,0.0,8.0,1.0,14.5,28.6
1672,2022,Lindy Waters III,OKC,SG,25,1,18.6,2.8,7.0,.406,2.1,5.8,.363,0.7,1.2,.621,.557,0.2,0.2,.800,0.2,1.3,2.7,15.0,2.9,2.9,8.1,1.0,8.1,0.8,2.0,0.3,1.6,1.2,8.0,0.4,5.8,13.0
1673,2022,Andre Drummond,2TM,C,73,36,19.7,3.4,5.9,.570,0.0,0.0,.000,3.4,5.9,.574,.570,1.2,2.2,.524,3.1,18.0,6.2,34.1,9.3,9.3,26.2,1.8,13.7,1.1,2.7,0.9,4.2,2.6,7.9,1.6,18.5,21.0
1674,2022,Andre Drummond,PHI,C,49,12,18.4,2.6,4.9,.538,0.0,0.0,.000,2.6,4.8,.542,.538,0.9,1.7,.512,2.8,17.1,6.1,36.1,8.8,8.8,26.8,2.0,16.0,1.1,3.1,0.9,4.5,2.5,6.1,1.6,22.4,19.3
1675,2022,Andre Drummond,BRK,C,24,24,22.3,5.0,8.1,.610,0.0,0.0,.000,5.0,8.1,.613,.610,1.8,3.4,.537,3.9,19.4,6.4,30.6,10.3,10.3,25.1,1.4,9.8,0.9,2.0,1.0,3.8,3.0,11.8,1.5,13.5,23.8
1676,2022,Josh Christopher,HOU,SG,74,2,18.0,3.0,6.8,.448,0.8,2.6,.296,2.3,4.2,.540,.504,1.1,1.5,.735,0.7,4.3,1.8,11.1,2.5,2.5,7.7,2.0,17.3,0.9,2.3,0.2,0.9,1.3,7.9,1.5,17.2,12.2
1677,2022,Jordan Nwora,MIL,SF,62,13,19.1,3.0,7.5,.403,1.3,3.7,.348,1.7,3.8,.455,.488,0.6,0.7,.837,0.6,3.4,3.0,16.1,3.6,3.6,9.9,1.0,7.0,0.4,1.0,0.3,1.4,1.3,7.9,0.9,10.6,9.9
1678,2022,Zach Collins,SAS,C,28,4,17.9,2.7,5.5,.490,0.5,1.5,.341,2.2,4.1,.544,.535,1.9,2.3,.800,1.6,9.5,3.8,22.5,5.5,5.5,16.0,2.2,16.3,0.5,1.2,0.8,3.8,2.4,7.8,1.6,19.7,16.4
1679,2022,Grant Williams,BOS,PF,77,21,24.4,2.7,5.6,.475,1.4,3.4,.411,1.3,2.3,.569,.597,1.1,1.2,.905,0.8,3.8,2.7,11.8,3.6,3.6,7.9,1.0,5.7,0.5,1.0,0.7,2.8,2.4,7.8,0.8,11.6,11.2
1680,2022,Drew Eubanks,2TM,C,71,31,17.5,3.1,5.2,.596,0.1,0.3,.217,3.0,4.9,.621,.602,1.4,1.8,.762,1.8,11.0,3.5,22.2,5.4,5.4,16.5,1.2,10.1,0.4,1.2,0.6,2.8,1.7,7.7,1.1,15.9,18.0
1681,2022,Drew Eubanks,SAS,C,49,9,12.1,1.7,3.2,.528,0.0,0.2,.125,1.7,3.1,.550,.531,1.2,1.6,.747,1.3,11.2,2.7,23.4,4.0,4.0,17.3,1.0,11.1,0.3,1.0,0.6,4.2,1.2,4.7,0.9,19.2,16.0
1682,2022,Drew Eubanks,POR,C,22,22,29.5,6.2,9.6,.646,0.2,0.7,.267,6.0,9.0,.675,.656,1.8,2.3,.784,3.0,10.8,5.5,21.0,8.5,8.5,15.7,1.6,9.1,0.8,1.4,0.5,1.5,2.8,14.5,1.6,13.0,19.9
1683,2022,Cody Martin,CHO,SF,71,11,26.3,2.9,6.0,.482,0.9,2.2,.384,2.0,3.7,.542,.554,1.1,1.5,.701,1.2,4.6,2.9,11.7,4.0,4.0,8.1,2.5,12.4,1.2,2.3,0.5,1.6,1.6,7.7,0.9,11.5,12.7
1684,2022,Kyle Anderson,MEM,PF,69,11,21.5,3.0,6.8,.446,0.5,1.6,.330,2.5,5.2,.481,.484,1.0,1.5,.638,1.0,4.8,4.3,21.6,5.3,5.3,13.0,2.7,16.2,1.1,2.5,0.7,2.7,1.6,7.6,1.0,12.1,14.4
1685,2022,Kris Dunn,POR,PG,14,3,24.0,3.1,7.3,.431,0.1,0.8,.091,3.1,6.5,.473,.436,1.2,1.3,.944,0.6,2.8,2.9,13.6,3.5,3.5,8.0,5.6,35.1,1.6,3.3,0.2,0.9,2.7,7.6,2.3,22.5,12.5
1686,2022,R.J. Hampton,ORL,SG,64,14,21.9,2.7,7.1,.383,1.0,2.9,.350,1.7,4.3,.405,.453,1.2,1.8,.641,0.4,1.7,2.7,12.9,3.0,3.0,7.3,2.5,16.9,0.7,1.4,0.2,0.8,1.6,7.6,1.4,14.6,8.5
1687,2022,Furkan Korkmaz,PHI,SG,67,19,21.1,2.7,7.0,.387,1.1,4.0,.289,1.6,3.0,.515,.469,1.0,1.3,.810,0.3,1.8,2.3,11.9,2.6,2.6,6.9,1.9,13.1,0.5,1.2,0.1,0.6,0.9,7.6,0.7,8.6,10.2
1688,2022,Markieff Morris,MIA,PF,17,1,17.5,3.2,6.7,.474,0.8,2.3,.333,2.4,4.4,.547,.531,0.5,0.5,.889,1.0,6.6,1.6,10.5,2.6,2.6,8.6,1.4,12.1,0.4,1.0,0.1,0.4,1.9,7.6,1.2,14.5,10.9
1689,2022,Aleksej Pokusevski,OKC,PF,61,12,20.2,3.0,7.5,.408,0.9,3.2,.289,2.1,4.2,.498,.470,0.6,0.8,.700,1.2,6.0,4.0,20.8,5.2,5.2,13.3,2.1,16.5,0.6,1.5,0.6,2.9,1.4,7.6,1.5,16.4,12.0
1690,2022,P.J. Tucker,MIA,PF,71,70,27.9,2.9,6.0,.484,1.1,2.7,.415,1.8,3.3,.540,.577,0.6,0.9,.738,1.4,5.8,4.0,16.2,5.5,5.5,11.1,2.1,10.6,0.8,1.5,0.2,0.8,2.3,7.6,0.9,12.7,11.3
1691,2022,Trendon Watford,POR,SF,48,10,18.1,3.0,5.6,.532,0.2,0.8,.237,2.8,4.8,.581,.549,1.5,2.0,.755,1.2,7.0,3.0,18.6,4.1,4.1,12.6,1.7,14.6,0.5,1.4,0.6,3.2,2.4,7.6,0.9,12.5,15.8
1692,2022,Goran Dragić,2TM,PG,21,8,23.7,2.7,7.2,.377,0.8,3.0,.254,2.0,4.2,.466,.430,1.3,1.6,.818,0.6,2.9,2.5,11.3,3.1,3.1,7.1,4.1,22.9,0.9,1.9,0.2,0.7,2.1,7.5,1.6,17.0,10.0
1693,2022,Goran Dragić,TOR,PG,5,2,18.0,2.6,6.8,.382,0.8,2.8,.286,1.8,4.0,.450,.441,2.0,2.0,1.000,0.4,2.3,2.4,15.3,2.8,2.8,8.4,1.8,14.4,1.0,2.8,0.2,1.1,1.6,8.0,0.2,2.5,16.2
1694,2022,Goran Dragić,BRK,PG,16,6,25.5,2.8,7.3,.376,0.8,3.1,.245,2.0,4.3,.471,.427,1.1,1.4,.739,0.7,3.0,2.5,10.4,3.2,3.2,6.8,4.8,24.7,0.9,1.7,0.2,0.7,2.3,7.3,2.1,20.6,8.6
1695,2022,Draymond Green,GSW,PF,46,44,28.9,2.9,5.6,.525,0.3,1.2,.296,2.6,4.4,.586,.556,1.3,2.0,.659,1.0,3.8,6.3,23.2,7.3,7.3,13.8,7.0,32.5,1.3,2.2,1.1,3.6,3.0,7.5,3.0,31.9,14.3
1696,2022,Raul Neto,WAS,PG,70,19,19.6,2.9,6.3,.463,0.5,1.7,.292,2.4,4.6,.526,.502,1.2,1.5,.769,0.2,1.1,1.7,9.6,1.9,1.9,5.4,3.1,22.9,0.8,2.0,0.0,0.2,1.5,7.5,1.1,13.9,12.4
1697,2022,Jeremiah Robinson-Earl,OKC,C,49,36,22.2,2.7,6.6,.414,1.2,3.4,.352,1.6,3.2,.478,.503,0.8,1.1,.741,1.5,7.0,4.1,19.1,5.6,5.6,13.0,1.0,6.7,0.6,1.3,0.3,1.3,1.5,7.5,0.8,10.1,11.7
1698,2022,D.J. Wilson,TOR,PF,4,1,13.5,2.8,3.8,.733,0.0,0.5,.000,2.8,3.3,.846,.733,2.0,2.5,.800,0.3,1.9,3.8,31.8,4.0,4.0,16.1,1.3,14.6,1.3,4.6,0.3,1.8,1.5,7.5,0.5,9.3,27.9
1699,2022,Thomas Bryant,WAS,C,27,9,16.3,2.9,5.5,.520,0.4,1.6,.286,2.4,3.9,.613,.561,1.3,1.5,.875,1.0,6.7,3.0,20.4,4.0,4.0,13.6,0.9,7.9,0.2,0.7,0.8,4.1,1.6,7.4,0.7,10.3,16.6
1700,2022,Alex Caruso,CHI,SG,41,18,28.0,2.5,6.2,.398,1.0,3.1,.333,1.5,3.2,.462,.480,1.4,1.8,.795,0.8,3.3,2.8,11.2,3.6,3.6,7.3,4.0,18.5,1.7,3.0,0.4,1.1,2.6,7.4,1.4,16.5,11.7
1701,2022,Jared Harper,NOP,PG,5,0,8.6,2.8,5.2,.538,1.0,2.4,.417,1.8,2.8,.643,.635,0.8,0.8,1.000,0.4,5.0,0.0,0.0,0.4,0.4,2.6,2.8,64.1,0.8,4.6,0.2,2.2,1.0,7.4,0.4,6.7,36.9
1702,2022,Damion Lee,GSW,SG,63,5,19.9,2.7,6.1,.441,1.0,3.0,.337,1.7,3.1,.541,.523,1.0,1.2,.880,0.4,2.4,2.8,14.9,3.2,3.2,8.8,1.0,7.1,0.6,1.5,0.1,0.5,1.5,7.4,0.6,8.4,10.9
1703,2022,Royce O'Neale,UTA,SF,77,77,31.2,2.6,5.8,.457,1.5,4.0,.389,1.1,1.8,.609,.591,0.6,0.7,.804,0.8,3.0,3.9,13.4,4.8,4.8,8.4,2.5,10.5,1.1,1.8,0.4,1.2,2.4,7.4,1.0,14.4,10.3
1704,2022,Kenrich Williams,OKC,SF,49,0,21.9,3.0,6.5,.461,0.8,2.5,.339,2.1,4.0,.536,.525,0.6,1.1,.545,1.5,7.1,3.0,14.1,4.5,4.5,10.5,2.2,15.3,0.9,2.0,0.2,0.9,1.7,7.4,0.9,11.9,13.3
1705,2022,Jeremy Lamb,2TM,SF,56,0,16.7,2.4,6.2,.383,1.0,3.0,.324,1.4,3.2,.441,.463,1.6,1.9,.840,0.5,3.0,2.3,15.3,2.8,2.8,9.1,1.4,12.3,0.6,1.6,0.4,2.0,1.1,7.3,0.7,8.6,13.3
1706,2022,Jeremy Lamb,IND,SF,39,0,15.7,2.2,5.8,.373,1.0,3.0,.333,1.2,2.8,.414,.458,1.7,2.1,.838,0.4,2.7,2.0,14.6,2.4,2.4,8.5,1.3,11.6,0.6,1.8,0.4,2.0,1.1,7.1,0.6,8.4,13.4
1707,2022,Jeremy Lamb,SAC,SG,17,0,18.9,2.8,7.0,.403,0.9,3.1,.302,1.9,3.9,.485,.471,1.3,1.5,.846,0.6,3.7,2.9,16.7,3.5,3.5,10.1,1.8,13.5,0.5,1.2,0.5,2.2,0.9,7.9,0.8,9.1,13.1
1708,2022,Wes Iwundu,ATL,SF,3,1,27.3,2.7,6.0,.444,1.0,1.7,.600,1.7,4.3,.385,.528,1.0,1.3,.750,1.0,4.0,3.3,13.3,4.3,4.3,8.7,0.0,0.0,0.3,0.6,0.0,0.0,2.7,7.3,0.3,4.8,7.1
1709,2022,Taurean Prince,MIN,PF,69,8,17.1,2.6,5.7,.454,1.2,3.3,.376,1.3,2.3,.565,.564,0.9,1.2,.756,0.4,2.3,2.1,13.8,2.5,2.5,7.9,1.0,8.1,0.7,1.9,0.3,1.9,1.7,7.3,0.8,11.1,12.4
1710,2022,Austin Reaves,LAL,SG,61,19,23.2,2.4,5.2,.459,0.9,2.7,.317,1.5,2.5,.616,.542,1.6,1.9,.839,0.7,3.4,2.4,11.2,3.2,3.2,7.3,1.8,10.3,0.5,1.0,0.3,1.3,1.4,7.3,0.7,9.8,11.5
1711,2022,Keon Johnson,2TM,SG,37,12,18.8,2.6,7.4,.353,0.9,2.7,.340,1.7,4.6,.360,.415,1.1,1.4,.804,0.6,3.7,1.5,9.1,2.2,2.2,6.3,2.1,16.3,0.8,2.0,0.3,1.7,1.9,7.2,1.2,13.5,8.7
1712,2022,Keon Johnson,LAC,SG,15,0,9.0,1.1,3.4,.333,0.2,0.7,.273,0.9,2.7,.350,.363,1.1,1.4,.762,0.4,4.8,1.0,11.4,1.4,1.4,8.2,0.9,13.7,0.5,2.5,0.1,1.3,1.4,3.5,0.5,10.4,9.4
1713,2022,Keon Johnson,POR,SG,22,12,25.5,3.6,10.0,.357,1.4,4.0,.348,2.2,6.0,.364,.428,1.1,1.4,.833,0.8,3.4,1.9,8.5,2.7,2.7,5.9,2.9,17.0,1.0,1.8,0.5,1.8,2.2,9.7,1.8,14.3,8.5
1714,2022,Braxton Key,2TM,SF,11,0,17.9,3.0,6.5,.458,0.5,1.9,.286,2.5,4.6,.529,.500,0.6,1.2,.538,1.2,6.8,3.4,21.4,4.5,4.5,13.7,1.0,8.9,0.9,2.5,1.0,5.0,2.4,7.2,1.0,12.4,13.7
1715,2022,Braxton Key,PHI,SF,2,0,3.0,0.5,1.0,.500,0.0,0.5,.000,0.5,0.5,1.000,.500,0.0,0.0,,0.5,18.9,0.5,18.3,1.0,1.0,18.6,0.5,25.7,0.5,8.3,0.0,0.0,0.5,1.0,1.0,50.0,9.0
1716,2022,Braxton Key,DET,SF,9,0,21.2,3.6,7.8,.457,0.7,2.2,.300,2.9,5.6,.520,.500,0.8,1.4,.538,1.3,6.5,4.0,21.5,5.3,5.3,13.6,1.1,8.4,1.0,2.3,1.2,5.2,2.8,8.6,1.0,10.6,13.9
1717,2022,Javonte Green,CHI,SF,65,45,23.4,2.7,5.0,.542,0.6,1.6,.356,2.2,3.4,.625,.597,1.2,1.5,.833,1.4,6.8,2.8,13.6,4.2,4.2,10.2,0.9,5.3,1.0,2.2,0.5,1.8,2.0,7.2,0.5,7.6,14.0
1718,2022,Joe Ingles,UTA,SF,45,15,24.9,2.6,6.3,.404,1.7,5.0,.347,0.8,1.3,.617,.540,0.4,0.5,.773,0.3,1.2,2.6,11.2,2.9,2.9,6.4,3.5,19.0,0.5,1.0,0.1,0.4,1.8,7.2,1.0,13.5,10.0
1719,2022,Ty Jerome,OKC,SG,48,4,16.7,2.6,6.8,.378,1.1,3.9,.290,1.5,3.0,.493,.460,0.8,1.0,.809,0.4,2.4,1.2,7.7,1.6,1.6,5.0,2.3,21.3,0.6,1.8,0.1,0.6,1.5,7.1,0.8,9.6,11.3
1720,2022,Robin Lopez,ORL,C,36,9,17.0,3.1,5.5,.553,0.1,0.2,.333,3.0,5.4,.560,.558,0.9,1.5,.593,1.9,11.7,1.6,10.0,3.5,3.5,10.9,1.5,14.4,0.1,0.2,0.5,2.7,1.9,7.1,1.2,16.5,13.7
1721,2022,Théo Maledon,OKC,PG,51,7,17.8,2.3,6.2,.375,0.9,2.9,.293,1.5,3.3,.449,.445,1.5,2.0,.790,0.4,2.2,2.2,12.8,2.6,2.6,7.4,2.2,18.5,0.6,1.7,0.2,1.1,1.3,7.1,1.3,15.3,10.6
1722,2022,Gary Payton II,GSW,SG,71,16,17.6,3.0,4.8,.616,0.6,1.7,.358,2.4,3.2,.754,.679,0.5,0.8,.603,1.0,6.5,2.5,14.9,3.5,3.5,10.8,0.9,7.6,1.4,3.8,0.3,1.7,1.8,7.1,0.6,9.8,17.8
1723,2022,Larry Nance Jr.,2TM,PF,46,11,22.6,2.8,5.4,.522,0.5,1.5,.329,2.3,3.8,.599,.569,0.9,1.2,.702,1.6,7.4,3.8,19.3,5.4,5.4,13.1,1.8,11.4,0.9,2.0,0.4,1.9,1.8,7.0,0.8,12.0,14.4
1724,2022,Larry Nance Jr.,POR,C,37,11,23.2,2.8,5.4,.515,0.5,1.7,.306,2.2,3.7,.610,.563,0.9,1.3,.653,1.6,7.2,4.1,20.1,5.6,5.6,13.4,2.0,12.5,1.0,2.2,0.4,1.5,1.8,6.9,0.7,11.0,14.4
1725,2022,Larry Nance Jr.,NOP,PF,9,0,20.2,3.0,5.4,.551,0.4,0.9,.500,2.6,4.6,.561,.592,0.9,0.9,1.000,1.6,8.3,2.8,15.6,4.3,4.3,11.9,0.9,6.4,0.6,1.4,0.8,3.7,1.9,7.3,1.1,16.0,14.2
1726,2022,Goga Bitadze,IND,C,50,16,14.6,2.6,5.0,.520,0.5,1.6,.288,2.2,3.4,.628,.565,1.3,1.9,.681,1.6,11.9,2.0,15.3,3.5,3.5,13.5,1.1,11.2,0.4,1.4,0.8,5.0,2.1,7.0,0.9,13.6,18.0
1727,2022,Sekou Doumbouya,LAL,PF,2,0,8.0,2.5,4.0,.625,0.5,1.0,.500,2.0,3.0,.667,.688,1.5,2.0,.750,1.0,13.5,2.0,26.8,3.0,3.0,20.2,0.0,0.0,1.5,9.0,1.0,11.1,0.5,7.0,1.0,17.0,40.7
1728,2022,Maxi Kleber,DAL,PF,59,21,24.6,2.4,6.0,.398,1.4,4.3,.325,1.0,1.7,.586,.516,0.8,1.1,.708,1.2,5.4,4.7,21.5,5.9,5.9,13.4,1.2,6.5,0.5,1.0,1.0,3.6,2.3,7.0,0.8,10.9,11.0
1729,2022,Olivier Sarr,OKC,C,22,2,19.1,2.6,4.6,.574,0.6,1.3,.448,2.0,3.3,.625,.639,1.1,1.3,.828,1.5,8.2,2.7,14.6,4.2,4.2,11.4,0.9,6.9,0.3,0.7,0.7,3.3,2.4,7.0,1.0,16.2,14.0
1730,2022,Steven Adams,MEM,C,76,75,26.3,2.8,5.1,.547,0.0,0.0,.000,2.8,5.0,.548,.547,1.4,2.6,.543,4.6,17.9,5.4,22.0,10.0,10.0,19.9,3.4,16.1,0.9,1.6,0.8,2.7,2.0,6.9,1.5,19.6,17.6
1731,2022,Killian Hayes,DET,PG,66,40,25.0,2.7,7.0,.383,0.7,2.5,.263,2.0,4.4,.452,.431,0.9,1.1,.770,0.5,2.2,2.6,12.0,3.2,3.2,6.9,4.2,24.6,1.2,2.3,0.5,1.9,2.8,6.9,1.7,18.4,9.3
1732,2022,Jarred Vanderbilt,MIN,PF,74,67,25.4,2.9,4.9,.587,0.0,0.2,.143,2.8,4.7,.605,.590,1.2,1.8,.656,2.9,12.0,5.5,23.9,8.4,8.4,17.8,1.3,6.7,1.3,2.5,0.6,2.4,2.4,6.9,1.0,14.8,15.3
1733,2022,Serge Ibaka,2TM,C,54,12,16.2,2.7,5.5,.500,0.7,1.8,.374,2.1,3.6,.563,.563,0.6,0.8,.727,1.1,7.7,3.5,22.2,4.6,4.6,15.1,0.9,8.4,0.2,0.6,0.6,3.3,1.9,6.8,0.8,12.0,14.4
1734,2022,Serge Ibaka,LAC,C,35,10,15.4,2.7,5.5,.490,0.7,1.8,.387,2.0,3.7,.538,.552,0.6,0.8,.690,1.1,8.1,3.1,21.0,4.3,4.3,14.8,1.0,10.2,0.2,0.6,0.7,4.1,1.6,6.6,0.9,13.9,14.9
1735,2022,Serge Ibaka,MIL,C,19,2,17.8,2.8,5.5,.519,0.7,1.9,.351,2.2,3.5,.612,.582,0.6,0.8,.800,1.2,7.0,4.1,23.9,5.3,5.3,15.7,0.7,5.4,0.2,0.6,0.4,2.0,2.4,7.0,0.5,8.3,13.7
1736,2022,Mason Jones,LAL,SG,4,0,12.8,1.8,3.8,.467,0.3,1.0,.250,1.5,2.8,.545,.500,3.0,3.8,.800,0.3,2.1,2.3,18.9,2.5,2.5,10.5,1.0,10.9,0.5,1.9,0.0,0.0,2.0,6.8,0.3,4.4,17.8
1737,2022,Brandon Boston Jr.,LAC,SG,51,0,14.9,2.5,6.4,.385,0.7,2.2,.306,1.8,4.2,.425,.437,1.2,1.4,.819,0.3,2.4,1.8,12.7,2.2,2.2,7.7,1.0,10.1,0.5,1.7,0.3,1.5,0.8,6.7,0.6,8.0,11.2
1738,2022,Wayne Ellington,LAL,SG,43,9,18.8,2.3,5.5,.414,1.9,4.9,.389,0.4,0.6,.615,.586,0.2,0.3,.818,0.2,1.3,1.6,8.9,1.8,1.8,5.1,0.7,5.0,0.5,1.4,0.1,0.5,1.0,6.7,0.4,7.3,9.9
1739,2022,Stanley Johnson,LAL,PF,48,27,22.8,2.4,5.2,.466,0.7,2.2,.314,1.8,3.0,.575,.532,1.1,1.5,.716,0.7,3.4,2.5,11.9,3.2,3.2,7.6,1.7,9.8,0.9,1.9,0.3,1.1,2.3,6.7,0.7,11.0,10.5
1740,2022,Georgios Kalaitzakis,2TM,SF,13,4,16.5,2.4,5.2,.463,0.8,2.0,.385,1.6,3.2,.512,.537,1.1,2.3,.467,0.5,3.0,1.2,7.3,1.6,1.6,5.1,0.9,8.8,0.8,2.5,0.2,0.9,1.5,6.6,1.5,20.0,8.6
1741,2022,Georgios Kalaitzakis,MIL,SF,9,0,5.3,0.6,1.2,.455,0.2,0.4,.500,0.3,0.8,.429,.545,0.4,1.0,.444,0.4,9.0,0.4,8.7,0.9,0.9,8.8,0.0,0.0,0.1,1.0,0.1,2.0,0.9,1.8,0.4,21.1,5.8
1742,2022,Georgios Kalaitzakis,OKC,SF,4,4,41.5,6.5,14.0,.464,2.0,5.5,.364,4.5,8.5,.529,.536,2.5,5.3,.476,0.5,1.2,2.8,6.9,3.3,3.3,4.0,3.0,11.4,2.5,2.9,0.3,0.6,2.8,17.5,4.0,19.7,9.4
1743,2022,Torrey Craig,2TM,SF,78,16,20.5,2.6,5.7,.454,1.0,3.0,.329,1.6,2.7,.594,.541,0.5,0.7,.750,1.1,5.9,2.9,15.4,4.0,4.0,10.7,1.2,7.6,0.6,1.4,0.5,2.0,1.9,6.6,0.9,12.6,11.0
1744,2022,Torrey Craig,IND,SF,51,14,20.3,2.5,5.5,.456,0.9,2.7,.333,1.6,2.8,.573,.537,0.5,0.7,.771,1.2,6.3,2.7,14.9,3.8,3.8,10.5,1.1,7.7,0.5,1.1,0.4,1.6,1.9,6.5,0.8,11.6,10.8
1745,2022,Torrey Craig,PHO,SF,27,2,20.8,2.7,5.9,.450,1.1,3.6,.323,1.5,2.4,.641,.547,0.4,0.6,.706,1.0,5.3,3.3,16.4,4.3,4.3,11.0,1.2,7.5,0.8,1.9,0.6,2.7,2.1,6.9,1.0,14.3,11.4
1746,2022,Zeke Nnaji,DEN,PF,41,1,17.0,2.3,4.5,.516,0.9,2.0,.463,1.4,2.6,.557,.616,1.0,1.6,.631,1.4,9.3,2.2,14.1,3.6,3.6,11.8,0.4,3.4,0.4,1.1,0.3,1.7,1.9,6.6,0.6,9.7,13.5
1747,2022,B.J. Johnson,ORL,SF,4,0,16.3,2.8,6.3,.440,1.0,2.5,.400,1.8,3.8,.467,.520,0.0,0.0,,1.5,9.7,2.3,14.7,3.8,3.8,12.2,0.0,0.0,0.0,0.0,0.3,1.4,1.0,6.5,0.0,0.0,12.1
1748,2022,Mason Plumlee,CHO,C,73,73,24.6,2.8,4.4,.641,0.0,0.0,.000,2.8,4.4,.645,.641,0.9,2.3,.392,2.4,10.2,5.3,23.3,7.7,7.7,16.7,3.1,16.4,0.8,1.6,0.7,2.7,3.1,6.5,1.4,20.2,14.7
1749,2022,Josh Jackson,2TM,SF,51,3,16.3,2.4,5.9,.400,0.6,2.5,.254,1.7,3.3,.512,.455,1.1,1.5,.714,0.4,2.6,2.4,16.4,2.8,2.8,9.2,1.1,10.0,0.5,1.5,0.4,2.4,1.7,6.4,0.9,12.3,9.5
1750,2022,Josh Jackson,DET,SF,39,3,18.1,2.6,6.4,.410,0.8,2.9,.265,1.9,3.5,.529,.470,1.0,1.4,.714,0.4,2.5,2.7,17.1,3.2,3.2,9.4,1.3,10.7,0.5,1.4,0.5,2.3,1.8,7.1,1.0,12.1,9.9
1751,2022,Josh Jackson,SAC,SF,12,0,10.3,1.4,4.1,.347,0.3,1.4,.176,1.2,2.7,.438,.378,1.3,1.8,.714,0.3,3.5,1.2,12.5,1.5,1.5,8.0,0.4,5.8,0.4,2.0,0.3,2.8,1.4,4.3,0.8,13.4,7.1
1752,2022,Justin Anderson,2TM,SF,16,6,19.8,2.3,5.9,.379,0.9,3.7,.254,1.3,2.3,.583,.458,0.9,1.2,.789,0.3,1.4,2.6,15.0,2.9,2.9,8.1,2.1,14.2,0.5,1.2,0.4,1.7,1.4,6.4,0.5,7.2,10.4
1753,2022,Justin Anderson,CLE,SF,3,0,15.7,1.3,2.7,.500,0.7,2.0,.333,0.7,0.7,1.000,.625,1.0,1.3,.750,0.0,0.0,2.0,13.8,2.0,2.0,7.1,2.0,17.3,0.3,1.1,0.0,0.0,1.3,4.3,0.7,17.0,10.7
1754,2022,Justin Anderson,IND,SF,13,6,20.7,2.5,6.7,.368,1.0,4.1,.245,1.5,2.6,.559,.443,0.9,1.2,.800,0.3,1.6,2.8,15.2,3.1,3.1,8.3,2.1,13.6,0.5,1.3,0.5,1.9,1.4,6.8,0.5,6.0,10.3
1755,2022,Avery Bradley,LAL,SG,62,45,22.7,2.4,5.6,.423,1.3,3.4,.390,1.1,2.3,.471,.540,0.3,0.3,.889,0.5,2.4,1.7,8.0,2.2,2.2,5.2,0.8,4.5,0.9,1.8,0.1,0.6,1.9,6.4,0.6,9.6,7.8
1756,2022,JaMychal Green,DEN,PF,67,8,16.2,2.4,4.9,.486,0.5,1.9,.266,1.9,3.0,.621,.537,1.2,1.4,.871,1.2,8.6,3.0,19.9,4.2,4.2,14.5,0.9,7.6,0.6,1.9,0.4,2.2,2.4,6.4,0.9,13.4,14.1
1757,2022,Blake Griffin,BRK,C,56,24,17.1,2.4,5.6,.425,0.7,2.6,.262,1.7,3.0,.565,.486,1.0,1.4,.724,1.1,7.0,3.0,18.6,4.1,4.1,13.0,1.9,15.0,0.5,1.4,0.3,1.3,1.7,6.4,0.6,8.2,13.7
1758,2022,Brandon Knight,DAL,PG,5,0,13.0,2.0,5.0,.400,0.8,3.4,.235,1.2,1.6,.750,.480,1.6,1.6,1.000,0.0,0.0,1.6,13.7,1.6,1.6,6.8,1.6,18.6,0.2,0.8,0.0,0.0,1.0,6.4,0.8,12.3,13.0
1759,2022,Isaiah Livers,DET,SF,19,5,20.2,2.2,4.7,.456,1.4,3.4,.422,0.7,1.4,.538,.606,0.6,0.7,.857,0.8,4.0,2.2,12.5,3.0,3.0,8.0,1.1,8.0,0.7,1.7,0.4,1.6,1.9,6.4,0.8,13.5,11.1
1760,2022,Ish Smith,2TM,PG,65,1,17.3,2.8,6.6,.430,0.4,1.0,.373,2.5,5.6,.441,.459,0.2,0.4,.625,0.4,2.4,1.8,11.1,2.2,2.2,6.8,3.8,31.5,0.7,2.0,0.4,1.8,1.2,6.3,1.2,15.0,12.5
1761,2022,Ish Smith,CHO,PG,37,1,13.8,2.0,5.0,.395,0.3,0.7,.400,1.7,4.3,.394,.422,0.3,0.5,.632,0.3,2.2,1.2,9.7,1.5,1.5,5.9,2.6,25.9,0.5,1.9,0.3,1.8,0.9,4.5,1.0,15.7,9.6
1762,2022,Ish Smith,WAS,PG,28,0,22.0,4.0,8.8,.457,0.5,1.5,.357,3.5,7.3,.478,.488,0.1,0.2,.600,0.5,2.6,2.5,12.2,3.0,3.0,7.5,5.2,36.1,1.0,2.2,0.5,1.8,1.6,8.6,1.5,14.5,15.0
1763,2022,Aaron Holiday,2TM,PG,63,15,16.2,2.4,5.4,.447,0.6,1.6,.379,1.8,3.7,.477,.504,0.9,1.1,.868,0.4,2.6,1.6,10.3,1.9,1.9,6.5,2.4,20.7,0.7,2.0,0.1,0.7,1.5,6.3,1.1,15.4,12.6
1764,2022,Aaron Holiday,WAS,PG,41,14,16.2,2.4,5.2,.467,0.6,1.6,.343,1.9,3.6,.524,.521,0.7,0.9,.800,0.2,1.5,1.4,9.5,1.6,1.6,5.6,1.9,17.1,0.6,1.8,0.2,1.2,1.5,6.1,1.0,14.5,11.3
1765,2022,Aaron Holiday,PHO,PG,22,1,16.3,2.3,5.6,.411,0.7,1.6,.444,1.6,4.0,.398,.476,1.4,1.5,.939,0.7,4.6,1.8,11.7,2.5,2.5,8.2,3.4,27.4,0.8,2.4,0.0,0.0,1.5,6.8,1.3,16.8,14.9
1766,2022,Dewayne Dedmon,MIA,C,67,15,15.9,2.4,4.3,.566,0.3,0.7,.404,2.2,3.6,.597,.598,1.1,1.5,.750,1.6,11.4,4.2,29.4,5.8,5.8,20.6,0.7,6.7,0.4,1.1,0.6,4.2,2.6,6.3,1.0,17.3,15.9
1767,2022,Hassani Gravett,ORL,PG,8,3,21.4,2.3,4.8,.474,1.4,3.3,.423,0.9,1.5,.583,.618,0.4,0.5,.750,0.1,0.6,2.5,12.4,2.6,2.6,6.5,2.5,17.0,0.6,1.4,0.1,0.5,1.6,6.3,1.1,18.5,10.1
1768,2022,Derrick Walton,DET,PG,3,3,36.0,2.0,8.7,.231,1.0,4.3,.231,1.0,4.3,.231,.288,1.3,1.3,1.000,0.7,1.9,2.7,8.4,3.3,3.3,5.0,7.0,26.4,2.3,3.2,1.3,3.3,2.7,6.3,3.7,28.4,5.9
1769,2022,Lou Williams,ATL,PG,56,0,14.3,2.2,5.7,.391,0.7,1.8,.363,1.6,3.9,.404,.448,1.2,1.4,.859,0.3,2.2,1.3,9.7,1.6,1.6,6.0,1.9,18.6,0.5,1.7,0.1,0.3,0.9,6.3,0.8,10.8,12.1
1770,2022,Chaundee Brown Jr.,2TM,SF,5,2,20.8,2.0,6.4,.313,1.2,3.6,.333,0.8,2.8,.286,.406,1.0,1.2,.833,0.2,1.1,3.0,15.7,3.2,3.2,8.4,0.8,5.1,0.4,0.9,0.0,0.0,1.4,6.2,0.2,2.8,6.4
1771,2022,Chaundee Brown Jr.,LAL,SF,2,0,10.5,0.5,3.5,.143,0.0,1.5,.000,0.5,2.0,.250,.143,0.0,0.0,,0.0,0.0,1.0,10.2,1.0,1.0,5.1,0.0,0.0,0.0,0.0,0.0,0.0,0.0,1.0,0.5,12.5,-8.7
1772,2022,Chaundee Brown Jr.,ATL,SG,3,2,27.7,3.0,8.3,.360,2.0,5.0,.400,1.0,3.3,.300,.480,1.7,2.0,.833,0.3,1.3,4.3,17.0,4.7,4.7,9.2,1.3,6.4,0.7,1.2,0.0,0.0,2.3,9.7,0.0,0.0,10.3
1773,2022,Thaddeus Young,2TM,PF,52,1,16.3,2.7,5.2,.518,0.3,0.9,.354,2.4,4.3,.554,.550,0.4,0.9,.469,1.5,9.8,2.5,16.8,4.0,4.0,13.1,2.0,17.7,1.0,3.1,0.3,2.0,1.6,6.2,1.0,15.0,17.0
1774,2022,Thaddeus Young,SAS,PF,26,1,14.2,2.8,4.9,.578,0.0,0.2,.000,2.8,4.7,.602,.578,0.4,0.8,.455,1.5,11.3,2.0,15.1,3.6,3.6,13.2,2.3,22.9,0.9,3.0,0.3,1.6,1.5,6.1,1.2,17.9,18.6
1775,2022,Thaddeus Young,TOR,PF,26,0,18.3,2.6,5.5,.465,0.7,1.7,.395,1.9,3.9,.495,.524,0.5,1.0,.481,1.5,8.7,2.9,18.1,4.4,4.4,13.1,1.7,13.6,1.2,3.3,0.4,2.3,1.7,6.3,0.8,12.4,15.8
1776,2022,George Hill,MIL,PG,54,17,23.2,2.2,5.1,.429,0.8,2.5,.306,1.4,2.6,.546,.504,1.1,1.1,.919,0.7,3.3,2.2,9.7,2.9,2.9,6.6,2.2,12.4,0.8,1.6,0.1,0.5,1.3,6.2,0.8,11.9,10.2
1777,2022,Dwight Howard,LAL,C,60,27,16.2,2.2,3.7,.612,0.1,0.3,.533,2.1,3.4,.618,.630,1.6,2.4,.658,2.0,13.1,4.0,26.3,5.9,5.9,19.7,0.6,5.0,0.6,1.7,0.6,3.3,1.9,6.2,0.8,14.2,18.2
1778,2022,Vít Krejčí,OKC,SG,30,8,23.0,2.3,5.6,.407,1.1,3.3,.327,1.2,2.3,.522,.503,0.6,0.7,.864,0.6,2.6,2.8,12.6,3.4,3.4,7.5,1.9,11.9,0.6,1.3,0.3,1.1,2.2,6.2,1.0,14.1,8.5
1779,2022,Jalen McDaniels,CHO,SF,55,2,16.3,2.2,4.6,.484,0.7,2.0,.380,1.5,2.7,.562,.565,1.0,1.3,.736,0.7,4.3,2.4,16.0,3.1,3.1,10.1,1.1,8.7,0.5,1.4,0.4,2.3,1.7,6.2,0.7,11.2,12.7
1780,2022,Payton Pritchard,BOS,PG,71,2,14.1,2.3,5.3,.429,1.4,3.5,.412,0.8,1.8,.461,.564,0.3,0.3,1.000,0.5,3.5,1.4,10.8,1.9,1.9,7.2,2.0,20.4,0.4,1.2,0.1,0.5,0.9,6.2,0.6,9.7,15.0
1781,2022,Day'Ron Sharpe,BRK,PF,32,8,12.2,2.7,4.7,.577,0.1,0.2,.286,2.6,4.4,.592,.584,0.8,1.3,.585,2.5,23.2,2.5,21.4,5.0,5.0,22.3,0.5,6.7,0.3,1.2,0.5,3.4,1.9,6.2,0.9,15.2,20.7
1782,2022,Jose Alvarado,NOP,PG,54,1,15.4,2.4,5.4,.446,0.6,2.0,.291,1.8,3.4,.538,.500,0.7,1.0,.679,0.5,3.2,1.4,10.2,1.9,1.9,6.6,2.8,26.9,1.3,4.2,0.1,0.8,1.4,6.1,0.7,11.2,16.4
1783,2022,Nemanja Bjelica,GSW,C,71,0,16.1,2.3,4.8,.468,0.8,2.1,.362,1.5,2.7,.549,.547,0.8,1.1,.728,0.9,6.1,3.3,21.5,4.1,4.1,14.1,2.2,19.8,0.6,1.8,0.4,2.2,1.8,6.1,1.2,18.7,14.2
1784,2022,Lamar Stevens,CLE,PF,63,13,16.1,2.5,5.1,.489,0.3,1.0,.277,2.2,4.0,.543,.517,0.8,1.2,.707,0.7,5.2,1.9,12.5,2.6,2.6,8.9,0.7,6.5,0.5,1.5,0.3,1.6,1.7,6.1,0.7,10.4,11.3
1785,2022,Tristan Thompson,3TM,C,57,6,15.7,2.5,4.7,.528,0.0,0.1,.333,2.5,4.6,.530,.530,1.1,2.0,.526,2.1,14.7,2.9,20.8,5.1,5.1,17.7,0.6,5.5,0.4,1.2,0.4,2.0,1.7,6.0,0.8,12.4,14.9
1786,2022,Tristan Thompson,SAC,C,30,3,15.2,2.5,5.0,.503,0.0,0.0,1.000,2.5,5.0,.500,.507,1.1,2.0,.533,2.4,17.1,3.0,21.5,5.4,5.4,19.3,0.6,5.9,0.4,1.2,0.4,2.3,1.7,6.2,1.0,14.1,15.1
1787,2022,Tristan Thompson,IND,C,4,0,16.5,3.3,6.0,.542,0.0,0.0,,3.3,6.0,.542,.542,0.8,2.0,.375,1.8,11.6,2.8,18.9,4.5,4.5,15.2,0.5,4.6,0.0,0.0,0.5,2.6,1.8,7.3,1.0,12.7,12.5
1788,2022,Tristan Thompson,CHI,C,23,3,16.3,2.3,4.0,.565,0.0,0.1,.000,2.3,3.9,.578,.565,1.1,2.1,.542,1.8,12.3,3.0,20.3,4.7,4.7,16.3,0.6,5.1,0.5,1.6,0.3,1.6,1.7,5.7,0.5,9.6,15.0
1789,2022,Quentin Grimes,NYK,SG,46,6,17.1,2.1,5.1,.404,1.6,4.1,.381,0.5,1.0,.500,.557,0.3,0.4,.684,0.5,3.2,1.5,9.8,2.0,2.0,6.4,1.0,8.5,0.7,2.0,0.2,1.4,1.6,6.0,0.6,10.3,10.7
1790,2022,Tre Jones,SAS,PG,69,11,16.6,2.4,4.9,.490,0.1,0.7,.196,2.3,4.2,.542,.504,1.0,1.3,.780,0.4,2.6,1.8,11.6,2.2,2.2,7.1,3.4,27.0,0.6,1.8,0.1,0.5,1.1,6.0,0.7,10.8,15.0
1791,2022,Alex Len,SAC,C,39,10,15.9,2.4,4.5,.534,0.2,0.5,.286,2.3,4.0,.568,.551,1.1,1.6,.651,1.3,9.0,2.8,19.3,4.1,4.1,14.1,1.2,10.6,0.3,1.0,0.6,3.5,2.6,6.0,1.1,17.4,13.1
1792,2022,Kevon Looney,GSW,C,82,80,21.1,2.5,4.4,.571,0.0,0.0,.000,2.5,4.4,.573,.571,0.9,1.5,.600,2.5,13.5,4.7,23.8,7.3,7.3,18.8,2.0,13.2,0.6,1.4,0.6,2.9,2.6,6.0,0.8,13.8,15.7
1793,2022,Austin Rivers,DEN,SG,67,18,22.1,2.2,5.2,.417,1.2,3.4,.342,1.0,1.8,.563,.530,0.5,0.7,.727,0.3,1.5,1.4,6.9,1.7,1.7,4.3,1.3,8.0,0.8,1.7,0.1,0.4,1.8,6.0,0.8,12.8,7.2
1794,2022,Danuel House Jr.,3TM,SF,42,7,17.3,1.9,4.7,.404,1.0,2.8,.376,0.9,1.9,.444,.515,1.0,1.4,.759,0.4,2.8,2.2,13.8,2.6,2.6,8.4,1.0,8.4,0.5,1.4,0.4,2.1,1.2,5.9,0.8,12.9,10.6
1795,2022,Danuel House Jr.,HOU,SF,16,1,14.6,1.6,4.6,.338,0.6,2.1,.294,0.9,2.5,.375,.405,1.1,1.2,.895,0.3,1.9,2.4,18.5,2.7,2.7,10.1,1.2,11.5,0.3,1.0,0.3,1.9,1.0,4.8,1.1,17.9,6.8
1796,2022,Danuel House Jr.,NYK,SF,1,0,3.0,0.0,1.0,.000,0.0,1.0,.000,0.0,0.0,,.000,0.0,0.0,,0.0,0.0,0.0,0.0,0.0,0.0,0.0,0.0,0.0,0.0,0.0,0.0,0.0,0.0,0.0,0.0,0.0,-13.4
1797,2022,Danuel House Jr.,UTA,SF,25,6,19.6,2.2,4.9,.447,1.4,3.3,.415,0.8,1.6,.512,.585,1.1,1.6,.692,0.6,3.2,2.2,11.7,2.7,2.7,7.6,1.0,7.0,0.6,1.6,0.5,2.2,1.4,6.8,0.6,9.7,12.5
1798,2022,Kessler Edwards,BRK,SF,48,23,20.6,2.3,5.6,.412,1.0,2.8,.353,1.3,2.7,.473,.502,0.3,0.4,.842,0.9,5.0,2.7,13.8,3.6,3.6,9.5,0.6,4.1,0.6,1.4,0.5,2.2,1.8,5.9,0.9,13.2,8.3
1799,2022,Danny Green,PHI,SF,62,28,21.8,2.0,5.2,.394,1.7,4.4,.380,0.4,0.8,.469,.555,0.2,0.2,.786,0.5,2.7,2.0,10.1,2.5,2.5,6.5,1.0,6.5,1.0,2.2,0.6,2.5,1.7,5.9,0.7,12.1,9.5
1800,2022,Kira Lewis Jr.,NOP,PG,24,0,14.2,2.5,6.1,.404,0.5,2.4,.224,1.9,3.7,.523,.449,0.4,0.5,.833,0.4,2.9,1.3,10.0,1.6,1.6,6.3,2.0,21.7,0.5,1.6,0.0,0.3,0.7,5.9,1.1,14.7,9.8
1801,2022,Bismack Biyombo,PHO,C,36,3,14.1,2.4,4.0,.593,0.0,0.0,,2.4,4.0,.593,.593,1.1,2.0,.535,1.8,13.7,2.9,21.5,4.6,4.6,17.7,0.6,6.2,0.3,1.1,0.7,4.6,1.9,5.8,0.7,12.4,17.3
1802,2022,Carsen Edwards,DET,SG,4,0,19.8,2.3,7.5,.300,1.0,4.0,.250,1.3,3.5,.357,.367,0.3,0.3,1.000,0.5,2.6,1.0,5.8,1.5,1.5,4.1,3.5,26.2,0.5,1.2,0.0,0.0,1.0,5.8,1.3,14.1,5.5
1803,2022,CJ Elleby,POR,SF,58,28,20.2,2.1,5.3,.393,0.6,2.2,.294,1.4,3.1,.462,.453,1.0,1.4,.714,1.1,6.0,2.8,15.6,3.9,3.9,10.6,1.5,10.6,0.6,1.5,0.3,1.6,2.0,5.8,1.0,14.0,9.2
1804,2022,Luka Garza,DET,C,32,5,12.2,2.1,4.6,.449,0.5,1.5,.327,1.6,3.1,.510,.503,1.2,1.9,.623,1.8,15.3,1.3,12.3,3.1,3.1,13.9,0.6,8.3,0.3,1.1,0.2,1.4,1.7,5.8,0.6,9.4,15.6
1805,2022,Xavier Moon,LAC,SG,10,0,13.7,2.5,5.1,.490,0.5,1.4,.357,2.0,3.7,.541,.539,0.3,0.5,.600,0.2,1.6,1.2,9.0,1.4,1.4,5.4,2.4,27.0,0.7,2.5,0.3,1.9,0.9,5.8,0.6,10.1,16.2
1806,2022,Eric Paschall,UTA,PF,58,3,12.7,2.0,4.1,.485,0.7,1.9,.370,1.3,2.2,.583,.570,1.1,1.5,.767,0.5,4.6,1.3,10.9,1.8,1.8,7.9,0.6,7.1,0.2,0.6,0.1,0.6,0.9,5.8,0.5,9.0,13.9
1807,2022,Joshua Primo,SAS,SF,50,16,19.3,2.0,5.4,.374,0.8,2.7,.307,1.2,2.7,.444,.452,0.9,1.2,.746,0.6,3.5,1.6,8.9,2.3,2.3,6.1,1.6,10.6,0.4,1.0,0.5,2.0,1.6,5.8,1.1,16.1,7.1
1808,2022,Cassius Stanley,DET,SG,9,1,17.2,2.1,5.1,.413,0.4,1.9,.235,1.7,3.2,.517,.457,1.1,1.1,1.000,0.6,3.3,1.6,10.3,2.1,2.1,6.6,0.4,3.9,0.6,1.6,0.2,1.2,1.9,5.8,0.7,10.6,8.0
1809,2022,Justise Winslow,2TM,PF,48,11,16.1,2.3,5.4,.428,0.3,1.4,.227,2.0,4.0,.497,.457,0.8,1.4,.591,1.0,7.0,3.2,20.9,4.2,4.2,14.0,1.8,16.1,0.7,2.2,0.5,2.9,1.4,5.7,1.0,14.6,13.1
1810,2022,Justise Winslow,LAC,PF,37,1,13.0,1.7,3.8,.447,0.1,0.8,.172,1.6,3.0,.518,.465,0.7,1.1,.610,0.8,6.8,2.8,22.1,3.6,3.6,14.7,1.4,15.5,0.6,2.1,0.5,3.2,1.2,4.2,1.0,18.9,12.4
1811,2022,Justise Winslow,POR,PF,11,10,26.8,4.3,10.5,.405,0.9,3.4,.270,3.4,7.2,.468,.448,1.3,2.3,.560,1.8,7.2,4.5,18.9,6.3,6.3,12.8,2.9,16.9,1.3,2.3,0.6,2.3,1.9,10.7,1.1,8.6,14.1
1812,2022,Kelan Martin,2TM,SF,30,1,15.0,2.3,5.7,.409,0.7,2.5,.293,1.6,3.2,.500,.474,0.3,0.4,.692,0.6,4.1,1.3,9.6,1.8,1.8,6.8,0.7,6.7,0.4,1.4,0.3,1.7,1.2,5.7,0.5,7.3,9.4
1813,2022,Kelan Martin,IND,SF,27,1,16.4,2.6,6.2,.417,0.8,2.7,.297,1.8,3.5,.511,.482,0.3,0.5,.692,0.6,4.0,1.4,9.5,2.0,2.0,6.7,0.8,6.8,0.5,1.4,0.3,1.8,1.3,6.3,0.5,7.5,9.7
1814,2022,Kelan Martin,BOS,SF,3,0,2.0,0.0,1.0,.000,0.0,0.3,.000,0.0,0.7,.000,.000,0.0,0.0,,0.3,18.5,0.3,17.6,0.7,0.7,18.0,0.0,0.0,0.0,0.0,0.0,0.0,0.0,0.0,0.0,0.0,-11.3
1815,2022,Keita Bates-Diop,SAS,SF,59,14,16.2,2.3,4.5,.517,0.3,0.9,.309,2.0,3.5,.572,.549,0.8,1.0,.754,1.1,6.8,2.9,18.7,3.9,3.9,12.7,0.7,5.7,0.5,1.4,0.2,1.2,1.0,5.7,0.8,13.4,12.4
1816,2022,Naji Marshall,NOP,SF,55,4,13.4,2.0,4.9,.405,0.4,1.9,.200,1.6,3.0,.537,.444,1.3,1.7,.796,0.7,5.6,1.9,16.0,2.6,2.6,10.7,1.1,12.3,0.6,2.2,0.1,1.0,1.3,5.7,0.8,12.9,12.3
1817,2022,Matisse Thybulle,PHI,SG,66,50,25.5,2.3,4.5,.500,0.7,2.2,.313,1.6,2.4,.673,.575,0.5,0.7,.791,0.6,2.8,1.7,7.1,2.3,2.3,5.0,1.1,6.1,1.7,3.4,1.1,3.8,2.4,5.7,0.6,10.9,11.2
1818,2022,Dāvis Bertāns,2TM,PF,56,0,14.4,1.8,4.9,.360,1.4,4.1,.335,0.4,0.8,.489,.500,0.6,0.7,.900,0.2,1.7,1.9,14.3,2.1,2.1,8.0,0.6,5.5,0.3,1.0,0.2,1.3,1.5,5.6,0.3,6.1,9.4
1819,2022,Dāvis Bertāns,WAS,PF,34,0,14.7,1.8,5.0,.351,1.4,4.2,.319,0.4,0.8,.519,.485,0.8,0.9,.933,0.2,1.3,1.6,12.0,1.8,1.8,6.7,0.5,4.4,0.3,1.1,0.2,1.0,1.6,5.7,0.4,7.1,8.3
1820,2022,Dāvis Bertāns,DAL,PF,22,0,13.9,1.8,4.7,.375,1.4,3.9,.360,0.4,0.8,.444,.524,0.4,0.5,.800,0.3,2.2,2.3,18.2,2.5,2.5,10.2,0.7,7.1,0.3,1.0,0.3,1.8,1.4,5.3,0.2,4.4,11.2
1821,2022,Derrick Jones Jr.,CHI,PF,51,8,17.6,2.1,3.8,.538,0.4,1.2,.328,1.7,2.6,.634,.590,1.1,1.4,.800,1.2,7.6,2.1,13.6,3.3,3.3,10.6,0.6,4.4,0.5,1.4,0.6,3.2,2.1,5.6,0.6,11.7,13.0
1822,2022,Saben Lee,DET,PG,37,0,16.3,1.9,4.8,.390,0.4,1.6,.233,1.5,3.2,.470,.429,1.5,1.9,.789,0.5,3.1,1.9,13.0,2.4,2.4,7.8,2.9,26.2,1.0,2.9,0.3,1.8,1.2,5.6,1.0,14.7,13.8
1823,2022,Dennis Smith Jr.,POR,PG,37,4,17.2,2.1,5.1,.418,0.2,0.7,.222,2.0,4.4,.451,.434,1.1,1.7,.656,0.5,3.3,1.8,12.2,2.4,2.4,7.6,3.6,30.5,1.2,3.4,0.3,1.9,1.4,5.6,1.4,19.0,13.2
1824,2022,Keifer Sykes,IND,PG,32,11,17.7,2.2,5.9,.363,0.8,2.8,.300,1.3,3.1,.420,.434,0.5,0.5,.882,0.3,1.5,1.2,7.4,1.4,1.4,4.4,1.9,14.9,0.4,1.0,0.1,0.6,1.6,5.6,1.0,14.3,5.9
1825,2022,James Johnson,BRK,PF,62,10,19.2,2.3,5.0,.469,0.4,1.4,.271,2.0,3.6,.545,.507,0.5,0.9,.527,0.8,4.8,2.6,14.6,3.5,3.5,9.8,2.1,14.5,0.5,1.2,0.5,2.6,2.6,5.5,0.8,12.7,10.3
1826,2022,Greg Monroe,4TM,C,14,0,13.9,2.3,4.1,.561,0.0,0.0,,2.3,4.1,.561,.561,0.9,1.6,.522,2.1,16.9,2.4,18.8,4.6,4.6,17.7,1.6,16.2,0.6,2.0,0.7,4.8,1.7,5.4,0.9,15.2,19.5
1827,2022,Greg Monroe,MIN,C,4,0,20.3,3.3,5.5,.591,0.0,0.0,,3.3,5.5,.591,.591,0.8,1.8,.429,1.5,7.8,4.5,24.4,6.0,6.0,15.9,4.0,28.1,1.0,2.3,1.5,7.1,2.3,7.3,1.8,21.8,18.9
1828,2022,Greg Monroe,WAS,C,2,0,9.0,2.0,4.0,.500,0.0,0.0,,2.0,4.0,.500,.500,0.0,0.0,,3.5,43.8,1.5,18.2,5.0,5.0,30.8,0.5,9.0,0.5,2.7,0.5,4.7,1.0,4.0,1.0,20.0,25.1
1829,2022,Greg Monroe,MIL,C,5,0,14.0,2.2,4.4,.500,0.0,0.0,,2.2,4.4,.500,.500,1.0,1.8,.556,2.2,17.0,2.0,14.8,4.2,4.2,15.9,0.4,4.0,0.6,2.1,0.4,2.8,1.4,5.4,0.6,10.4,16.0
1830,2022,Greg Monroe,UTA,C,3,0,8.7,1.3,1.7,.800,0.0,0.0,,1.3,1.7,.800,.800,1.3,2.3,.571,2.0,26.1,1.0,12.2,3.0,3.0,19.0,1.0,16.7,0.0,0.0,0.3,3.4,2.0,4.0,0.0,0.0,27.0
1831,2022,Wenyen Gabriel,3TM,PF,26,5,13.8,2.1,4.2,.491,0.3,1.1,.286,1.8,3.2,.561,.527,1.0,1.6,.595,1.5,11.8,2.2,17.2,3.7,3.7,14.5,0.5,5.6,0.2,0.7,0.4,2.7,2.6,5.4,0.6,11.1,12.5
1832,2022,Wenyen Gabriel,BRK,PF,1,0,1.0,0.0,0.0,,0.0,0.0,,0.0,0.0,,,0.0,0.0,,0.0,0.0,1.0,100.0,1.0,1.0,54.5,0.0,0.0,0.0,0.0,0.0,0.0,0.0,0.0,0.0,,11.8
1833,2022,Wenyen Gabriel,LAC,PF,6,0,7.7,0.8,2.2,.385,0.3,0.8,.400,0.5,1.3,.375,.462,0.3,0.7,.500,0.8,11.9,1.5,20.1,2.3,2.3,16.1,0.3,6.0,0.2,1.1,0.3,3.7,1.8,2.3,0.5,16.9,8.3
1834,2022,Wenyen Gabriel,LAL,PF,19,5,16.4,2.6,5.1,.505,0.3,1.2,.261,2.3,3.9,.581,.536,1.2,2.0,.605,1.8,11.8,2.5,16.5,4.3,4.3,14.2,0.6,5.5,0.2,0.6,0.5,2.6,3.0,6.7,0.7,10.3,13.1
1835,2022,PJ Dozier,DEN,SG,18,0,18.9,2.0,5.5,.364,0.8,2.7,.313,1.2,2.8,.412,.439,0.6,0.7,.769,0.8,4.8,2.7,15.6,3.5,3.5,10.3,1.6,11.3,0.6,1.6,0.3,1.6,1.8,5.4,0.7,11.0,8.7
1836,2022,Rodney McGruder,DET,SG,51,2,14.8,1.9,4.4,.436,1.1,2.9,.397,0.8,1.5,.506,.564,0.4,0.5,.731,0.6,4.2,1.6,12.1,2.2,2.2,8.0,0.9,9.6,0.4,1.4,0.1,0.8,1.1,5.4,0.5,9.2,11.6
1837,2022,Trey Murphy III,NOP,SF,62,1,13.9,1.8,4.5,.394,1.1,3.0,.382,0.6,1.5,.418,.522,0.7,0.8,.882,0.8,5.9,1.6,13.1,2.4,2.4,9.4,0.6,6.2,0.4,1.3,0.1,0.8,1.0,5.4,0.3,5.1,12.5
1838,2022,Armoni Brooks,2TM,SG,54,11,15.6,1.8,5.4,.339,1.4,4.6,.297,0.4,0.7,.600,.467,0.3,0.4,.857,0.4,2.5,1.5,10.9,1.9,1.9,6.7,1.1,10.4,0.5,1.6,0.2,1.2,1.4,5.3,0.5,8.3,8.4
1839,2022,Armoni Brooks,HOU,SG,41,8,16.8,2.1,6.1,.347,1.6,5.2,.300,0.6,0.9,.605,.474,0.4,0.5,.842,0.3,1.9,1.7,11.1,2.0,2.0,6.4,1.2,10.3,0.5,1.4,0.2,1.0,1.5,6.2,0.6,8.1,8.4
1840,2022,Armoni Brooks,TOR,PG,13,3,11.8,0.8,2.9,.289,0.8,2.8,.278,0.1,0.2,.500,.421,0.2,0.2,1.000,0.6,5.3,1.1,10.4,1.7,1.7,7.7,1.0,11.0,0.5,2.3,0.2,1.9,1.1,2.6,0.3,9.3,8.6
1841,2022,D.J. Augustin,2TM,PG,55,2,16.1,1.7,4.0,.423,1.2,3.0,.415,0.5,1.1,.448,.577,0.7,0.8,.884,0.2,1.4,1.0,7.0,1.2,1.2,4.2,1.9,16.8,0.3,0.9,0.0,0.1,0.7,5.3,1.0,18.9,9.7
1842,2022,D.J. Augustin,HOU,PG,34,2,15.0,1.6,4.0,.404,1.1,2.8,.406,0.5,1.2,.400,.548,1.0,1.1,.868,0.2,1.5,1.0,7.4,1.2,1.2,4.4,2.2,20.5,0.3,0.9,0.0,0.0,0.5,5.4,1.3,22.8,9.7
1843,2022,D.J. Augustin,LAL,PG,21,0,17.8,1.9,4.1,.453,1.4,3.2,.426,0.5,0.9,.556,.622,0.2,0.2,1.000,0.2,1.2,1.1,6.6,1.3,1.3,3.9,1.6,11.8,0.3,0.9,0.0,0.2,1.0,5.3,0.5,11.1,9.7
1844,2022,Derrick Favors,OKC,C,39,18,16.7,2.4,4.7,.516,0.1,0.4,.125,2.4,4.3,.554,.522,0.4,0.6,.640,1.5,9.0,3.2,20.2,4.7,4.7,14.5,0.6,5.9,0.4,1.3,0.3,1.7,1.6,5.3,0.2,4.5,13.6
1845,2022,Dean Wade,CLE,PF,51,28,19.2,1.9,4.3,.456,1.0,2.8,.359,0.9,1.5,.640,.574,0.4,0.6,.667,0.6,3.6,2.3,13.1,2.9,2.9,8.5,1.0,7.3,0.6,1.5,0.1,0.6,1.7,5.3,0.3,6.5,10.1
1846,2022,Omer Yurtseven,MIA,C,56,12,12.6,2.3,4.4,.526,0.0,0.2,.091,2.3,4.2,.547,.528,0.7,1.1,.623,1.5,13.9,3.7,33.0,5.3,5.3,23.6,0.9,11.0,0.3,1.2,0.4,3.0,1.5,5.3,0.7,13.0,17.4
1847,2022,Garrett Temple,NOP,SG,59,16,18.6,1.9,5.0,.376,1.0,3.1,.319,0.9,1.9,.473,.476,0.5,0.7,.683,0.5,2.9,1.9,11.8,2.4,2.4,7.2,1.3,9.2,0.7,1.9,0.4,2.0,1.4,5.2,0.7,11.8,8.6
1848,2022,Cody Zeller,POR,C,27,0,13.1,1.9,3.3,.567,0.0,0.1,.000,1.9,3.2,.593,.567,1.4,1.8,.776,1.9,14.9,2.8,24.1,4.6,4.6,19.3,0.8,9.4,0.3,1.1,0.2,1.7,2.1,5.2,0.7,14.6,17.2
1849,2022,DeAndre' Bembry,2TM,SF,56,20,18.3,2.2,3.9,.561,0.3,0.6,.417,1.9,3.3,.589,.595,0.4,0.6,.600,0.8,4.6,2.2,12.5,2.9,2.9,8.6,1.2,8.6,0.9,2.3,0.4,2.2,2.0,5.1,0.6,11.6,11.9
1850,2022,DeAndre' Bembry,BRK,SF,48,20,19.8,2.5,4.4,.568,0.3,0.8,.417,2.2,3.7,.599,.603,0.4,0.7,.600,0.8,4.5,2.4,12.8,3.2,3.2,8.7,1.3,8.5,1.0,2.4,0.5,2.4,2.2,5.8,0.6,11.6,12.4
1851,2022,DeAndre' Bembry,MIL,SF,8,0,9.6,0.4,1.0,.375,0.0,0.0,,0.4,1.0,.375,.375,0.0,0.0,,0.5,5.6,0.9,9.4,1.4,1.4,7.6,0.8,9.4,0.3,1.2,0.0,0.0,1.1,0.8,0.1,11.1,4.8
1852,2022,Trey Burke,DAL,PG,42,0,10.5,2.0,5.1,.391,0.6,2.0,.317,1.4,3.2,.436,.451,0.5,0.5,.870,0.1,1.0,0.7,7.3,0.8,0.8,4.2,1.4,20.7,0.3,1.4,0.0,0.0,0.9,5.1,0.6,10.4,10.0
1853,2022,Facundo Campazzo,DEN,PG,65,4,18.2,1.6,4.6,.361,0.9,3.0,.301,0.8,1.6,.476,.459,0.9,1.2,.769,0.4,2.2,1.4,8.6,1.8,1.8,5.5,3.4,24.1,1.0,2.6,0.4,1.8,1.9,5.1,1.0,16.9,11.1
1854,2022,Wesley Matthews,MIL,SG,49,14,20.4,1.8,4.5,.395,1.1,3.2,.338,0.7,1.3,.540,.516,0.4,0.6,.786,0.6,3.2,1.3,6.4,1.9,1.9,4.9,0.7,4.6,0.5,1.1,0.2,0.8,1.8,5.1,0.4,7.2,6.9
1855,2022,David Nwaba,HOU,SF,46,4,13.2,1.8,3.8,.483,0.3,1.1,.306,1.5,2.8,.551,.526,1.0,1.5,.716,0.9,7.4,2.4,20.0,3.3,3.3,13.6,0.8,8.5,0.6,2.2,0.4,2.9,1.2,5.1,0.5,9.3,15.3
1856,2022,Ignas Brazdeikis,ORL,SF,42,1,12.8,1.9,4.5,.431,0.6,2.1,.310,1.3,2.4,.535,.503,0.5,0.8,.656,0.5,4.5,1.2,9.7,1.7,1.7,7.1,0.9,10.7,0.2,0.9,0.1,0.5,1.1,5.0,0.4,7.8,10.2
1857,2022,Jock Landale,SAS,C,54,1,10.9,1.9,3.8,.495,0.5,1.6,.326,1.3,2.1,.626,.566,0.6,0.8,.829,1.2,11.1,1.4,13.5,2.6,2.6,12.3,0.8,10.6,0.2,0.8,0.3,2.0,1.0,4.9,0.6,12.3,16.0
1858,2022,Rajon Rondo,2TM,PG,39,1,17.9,1.7,4.5,.386,0.8,2.3,.352,0.9,2.3,.420,.474,0.5,0.7,.731,0.4,2.4,2.4,14.4,2.8,2.8,8.5,4.4,33.1,0.8,2.1,0.2,0.8,1.4,4.8,1.7,26.6,10.9
1859,2022,Rajon Rondo,LAL,PG,18,0,16.1,1.3,3.9,.324,0.4,1.7,.267,0.8,2.3,.366,.380,0.1,0.1,.500,0.6,3.7,2.2,14.5,2.7,2.7,9.1,3.7,29.9,0.7,2.0,0.3,1.5,1.4,3.1,1.9,32.1,6.5
1860,2022,Rajon Rondo,CLE,PG,21,1,19.5,2.1,5.0,.429,1.1,2.8,.397,1.0,2.2,.468,.538,0.9,1.1,.750,0.2,1.4,2.6,14.3,2.8,2.8,8.0,4.9,35.3,0.9,2.2,0.0,0.2,1.5,6.2,1.6,22.7,13.9
1861,2022,Brandon Goodwin,CLE,PG,36,5,13.9,1.8,4.3,.416,0.5,1.5,.345,1.3,2.8,.455,.477,0.7,1.1,.632,0.4,3.1,1.5,11.4,1.9,1.9,7.4,2.5,26.0,0.7,2.5,0.0,0.2,1.1,4.8,1.0,17.4,11.8
1862,2022,Josh Green,DAL,SG,67,3,15.5,1.9,3.8,.508,0.4,1.2,.359,1.5,2.7,.573,.563,0.5,0.7,.689,0.8,5.6,1.6,11.7,2.4,2.4,8.6,1.2,11.0,0.7,2.2,0.2,1.2,1.7,4.8,0.7,13.8,11.9
1863,2022,John Konchar,MEM,SG,72,7,17.9,1.9,3.6,.515,0.7,1.8,.413,1.2,1.9,.610,.615,0.4,0.7,.551,1.2,6.9,3.4,20.1,4.6,4.6,13.3,1.5,10.6,0.6,1.7,0.3,1.5,1.3,4.8,0.4,9.3,14.0
1864,2022,Xavier Tillman Sr.,MEM,PF,53,2,13.2,1.8,4.1,.454,0.2,0.9,.204,1.7,3.2,.527,.477,0.9,1.3,.648,1.2,9.6,1.8,14.5,3.0,3.0,12.0,1.2,11.6,0.9,3.3,0.3,1.9,1.2,4.8,0.6,12.1,15.1
1865,2022,Udoka Azubuike,UTA,C,17,6,11.5,2.2,2.9,.755,0.0,0.0,,2.2,2.9,.755,.755,0.4,0.6,.545,1.1,10.5,3.1,28.8,4.2,4.2,19.9,0.0,0.0,0.1,0.3,0.6,5.0,1.5,4.7,0.7,18.2,17.6
1866,2022,Greg Brown III,POR,SF,48,6,13.3,1.7,4.0,.426,0.4,1.3,.311,1.3,2.7,.481,.476,0.9,1.4,.677,0.8,6.3,2.0,17.3,2.8,2.8,11.6,0.7,8.1,0.5,2.0,0.5,3.7,1.9,4.7,0.8,14.1,11.0
1867,2022,David Duke Jr.,BRK,PG,22,7,15.5,1.8,4.9,.361,0.4,1.7,.243,1.4,3.2,.423,.403,0.8,1.0,.810,1.4,9.8,1.7,11.5,3.0,3.0,10.7,0.8,6.6,0.6,2.0,0.3,1.8,1.6,4.7,0.4,7.1,10.0
1868,2022,Cameron McGriff,POR,SF,3,0,15.3,1.7,4.7,.357,0.7,2.0,.333,1.0,2.7,.375,.429,0.7,0.7,1.000,2.0,13.8,3.0,22.3,5.0,5.0,17.9,1.0,9.4,0.0,0.0,0.3,2.1,2.3,4.7,0.0,0.0,12.5
1869,2022,James Bouknight,CHO,SG,31,0,9.8,1.6,4.5,.348,0.5,1.6,.347,1.0,3.0,.348,.408,0.9,1.0,.871,0.7,7.6,1.0,10.6,1.7,1.7,9.1,0.8,11.9,0.2,1.1,0.0,0.3,0.9,4.6,0.5,8.8,10.1
1870,2022,Maurice Harkless,SAC,SF,47,24,18.4,1.8,3.9,.459,0.7,2.1,.307,1.1,1.7,.650,.544,0.4,0.6,.714,0.3,1.5,2.1,12.7,2.4,2.4,7.1,0.5,3.6,0.6,1.6,0.5,2.4,1.6,4.6,0.7,13.8,7.7
1871,2022,Svi Mykhailiuk,TOR,SF,56,5,12.8,1.6,4.2,.389,0.7,2.4,.306,0.9,1.8,.500,.476,0.6,0.7,.865,0.4,2.9,1.3,11.5,1.6,1.6,7.0,0.8,8.8,0.5,1.8,0.1,0.5,1.0,4.6,0.6,11.3,9.6
1872,2022,Romeo Langford,2TM,SG,48,5,16.1,1.7,4.0,.435,0.6,1.8,.341,1.1,2.2,.509,.510,0.5,0.9,.548,0.6,4.3,1.6,10.7,2.3,2.3,7.6,0.4,3.7,0.5,1.4,0.3,1.9,1.0,4.5,0.3,7.1,9.2
1873,2022,Romeo Langford,BOS,SG,44,5,16.5,1.8,4.2,.429,0.7,1.9,.349,1.1,2.3,.495,.508,0.5,0.8,.588,0.7,4.6,1.7,10.7,2.4,2.4,7.7,0.4,3.6,0.5,1.4,0.4,2.0,1.0,4.7,0.4,7.4,9.3
1874,2022,Romeo Langford,SAS,SG,4,0,10.8,1.0,1.8,.571,0.0,0.5,.000,1.0,1.3,.800,.571,0.8,2.0,.375,0.0,0.0,1.0,9.8,1.0,1.0,4.9,0.5,5.8,0.3,1.1,0.0,0.0,0.3,2.8,0.0,0.0,8.1
1875,2022,Khem Birch,TOR,C,55,28,18.0,1.8,3.6,.485,0.0,0.3,.000,1.8,3.4,.522,.485,1.0,1.3,.746,2.2,12.7,2.1,13.5,4.3,4.3,13.1,1.0,7.6,0.5,1.5,0.5,2.6,1.9,4.5,0.5,11.1,13.2
1876,2022,Marquese Chriss,DAL,PF,34,0,10.2,1.8,3.9,.463,0.2,0.7,.320,1.6,3.2,.495,.493,0.6,1.0,.667,1.0,10.6,2.1,22.5,3.0,3.0,16.5,0.5,7.7,0.4,1.9,0.4,3.1,1.9,4.5,0.5,10.3,14.8
1877,2022,Louis King,SAC,SF,10,0,10.4,1.5,4.7,.319,0.8,2.7,.296,0.7,2.0,.350,.404,0.7,1.0,.700,0.0,0.0,1.2,12.7,1.2,1.2,6.3,0.9,12.5,0.2,0.9,0.1,0.8,1.4,4.5,0.0,0.0,8.1
1878,2022,Taj Gibson,NYK,C,52,4,18.2,1.7,3.2,.518,0.3,0.7,.395,1.4,2.5,.555,.563,0.8,1.0,.808,1.7,9.8,2.7,16.3,4.4,4.4,13.0,0.6,4.9,0.4,1.2,0.8,4.2,2.6,4.4,0.5,12.5,12.0
1879,2022,Timothé Luwawu-Cabarrot,ATL,SF,52,18,13.2,1.4,3.6,.398,0.8,2.3,.361,0.6,1.2,.469,.516,0.7,0.8,.854,0.3,2.7,1.3,10.3,1.6,1.6,6.6,0.8,7.7,0.3,1.3,0.1,0.8,1.5,4.4,0.4,8.9,9.3
1880,2022,Moses Moody,GSW,SG,52,11,11.7,1.5,3.5,.437,0.8,2.1,.364,0.8,1.4,.548,.546,0.5,0.7,.778,0.3,3.2,1.2,11.0,1.5,1.5,7.2,0.4,5.3,0.1,0.6,0.2,1.6,0.8,4.4,0.3,6.1,10.5
1881,2022,Jabari Parker,BOS,PF,12,0,9.3,1.5,3.2,.474,0.7,1.3,.500,0.8,1.8,.455,.579,0.8,0.8,1.000,0.4,5.0,1.9,21.7,2.3,2.3,13.5,0.5,7.9,0.3,1.8,0.1,0.8,1.1,4.4,0.7,16.0,14.8
1882,2022,Davon Reed,DEN,SG,48,5,13.9,1.7,3.4,.503,0.8,1.8,.430,0.9,1.6,.587,.618,0.2,0.3,.667,0.3,2.4,2.0,15.2,2.3,2.3,9.0,1.1,10.7,0.5,1.8,0.2,1.2,1.3,4.4,0.3,8.7,12.2
1883,2022,Delon Wright,ATL,SG,77,8,18.9,1.6,3.5,.454,0.6,1.5,.379,1.0,2.0,.510,.535,0.7,0.8,.857,0.6,3.8,2.2,12.7,2.9,2.9,8.3,2.4,16.6,1.2,3.1,0.2,1.2,0.7,4.4,0.6,13.2,13.8
1884,2022,Moses Brown,2TM,C,40,6,8.6,1.6,2.7,.593,0.0,0.0,,1.6,2.7,.593,.593,1.1,1.8,.597,1.0,12.7,2.4,30.5,3.4,3.4,21.7,0.0,0.4,0.2,1.0,0.4,4.2,1.3,4.3,0.5,12.5,18.5
1885,2022,Moses Brown,DAL,C,26,1,6.5,1.0,1.9,.540,0.0,0.0,,1.0,1.9,.540,.540,1.0,1.7,.628,0.6,10.5,1.7,29.6,2.3,2.3,20.1,0.0,0.9,0.1,0.9,0.3,4.8,1.1,3.1,0.5,16.9,15.5
1886,2022,Moses Brown,CLE,C,14,5,12.6,2.6,4.1,.638,0.0,0.0,,2.6,4.1,.638,.638,1.1,2.1,.552,1.6,14.8,3.6,31.4,5.3,5.3,23.2,0.0,0.0,0.3,1.1,0.5,3.5,1.8,6.4,0.4,7.8,21.4
1887,2022,DeAndre Jordan,2TM,C,48,20,13.0,1.9,3.0,.643,0.0,0.0,,1.9,3.0,.643,.643,0.5,0.8,.550,1.7,14.7,3.8,31.4,5.5,5.5,23.1,0.4,4.9,0.3,0.9,0.7,5.0,1.5,4.3,0.8,18.7,17.2
1888,2022,DeAndre Jordan,LAL,C,32,19,12.8,1.9,2.8,.674,0.0,0.0,,1.9,2.8,.674,.674,0.4,0.8,.462,1.6,13.5,3.8,31.8,5.4,5.4,22.7,0.4,4.5,0.3,1.2,0.8,5.7,1.6,4.1,0.7,17.3,17.5
1889,2022,DeAndre Jordan,PHI,C,16,1,13.4,2.0,3.4,.593,0.0,0.0,,2.0,3.4,.593,.593,0.6,0.9,.714,2.0,17.0,3.8,30.8,5.8,5.8,24.0,0.5,5.6,0.1,0.5,0.6,3.8,1.3,4.6,1.0,21.0,16.5
1890,2022,Troy Brown Jr.,CHI,SF,66,7,16.0,1.6,3.9,.419,0.7,2.0,.353,0.9,1.9,.488,.510,0.3,0.4,.769,0.6,4.2,2.5,17.4,3.1,3.1,10.8,1.0,8.2,0.5,1.7,0.1,0.4,0.9,4.3,0.4,8.8,10.1
1891,2022,Mamadi Diakite,OKC,PF,13,3,14.5,1.9,3.6,.532,0.0,0.4,.000,1.9,3.2,.595,.532,0.5,0.8,.545,1.3,9.2,3.2,23.3,4.5,4.5,16.1,0.2,1.6,0.4,1.3,0.7,4.5,2.5,4.3,0.5,11.9,11.6
1892,2022,Malachi Flynn,TOR,PG,44,5,12.2,1.6,4.2,.393,0.7,2.0,.333,1.0,2.1,.452,.475,0.3,0.5,.625,0.2,1.9,1.2,11.3,1.4,1.4,6.4,1.6,18.5,0.5,1.9,0.1,0.7,1.0,4.3,0.3,6.3,11.7
1893,2022,Boban Marjanović,DAL,C,23,0,5.6,1.8,3.0,.600,0.0,0.2,.250,1.8,2.9,.621,.607,0.6,1.0,.591,0.3,6.9,1.3,27.0,1.7,1.7,16.9,0.1,4.8,0.0,0.0,0.1,2.1,1.0,4.3,0.7,15.8,18.5
1894,2022,Trevelin Queen,HOU,SG,10,0,7.4,1.5,3.3,.455,0.9,2.4,.375,0.6,0.9,.667,.591,0.4,0.4,1.000,0.7,10.3,0.9,13.4,1.6,1.6,11.9,0.4,8.8,0.5,3.2,0.1,1.2,0.6,4.3,0.7,16.8,18.2
1895,2022,Yuta Watanabe,TOR,SF,38,4,11.7,1.5,3.6,.406,0.7,2.1,.342,0.8,1.6,.492,.504,0.6,1.1,.600,0.5,4.2,1.9,19.0,2.4,2.4,11.2,0.6,6.6,0.3,1.2,0.4,3.5,1.0,4.3,0.5,10.9,11.5
1896,2022,Rayjon Tucker,2TM,SG,5,0,14.2,1.2,1.8,.667,0.8,1.0,.800,0.4,0.8,.500,.889,1.0,1.4,.714,0.6,4.7,1.0,7.5,1.6,1.6,6.1,2.0,18.1,0.8,2.7,0.0,0.0,1.0,4.2,0.2,7.6,17.7
1897,2022,Rayjon Tucker,DEN,SG,3,0,9.7,0.3,0.7,.500,0.3,0.7,.500,0.0,0.0,,.750,1.0,1.3,.750,0.3,4.0,1.0,11.2,1.3,1.3,7.7,1.3,16.7,0.3,1.7,0.0,0.0,1.0,2.0,0.0,0.0,13.6
1898,2022,Rayjon Tucker,MIL,SG,2,0,21.0,2.5,3.5,.714,1.5,1.5,1.000,1.0,2.0,.500,.929,1.0,1.5,.667,1.0,5.2,1.0,4.9,2.0,2.0,5.1,3.0,19.1,1.5,3.4,0.0,0.0,1.0,7.5,0.5,10.7,20.5
1899,2022,Jevon Carter,2TM,PG,66,3,13.7,1.5,3.8,.387,1.0,2.6,.388,0.5,1.3,.386,.518,0.2,0.3,.833,0.2,1.7,1.5,11.2,1.7,1.7,6.6,1.5,14.0,0.4,1.3,0.2,1.4,1.0,4.2,0.5,11.5,9.6
1900,2022,Jevon Carter,BRK,PG,46,1,12.0,1.3,3.8,.333,0.9,2.8,.331,0.3,1.0,.340,.454,0.2,0.2,.700,0.2,1.8,1.3,11.2,1.5,1.5,6.6,1.0,10.9,0.3,1.2,0.2,1.6,1.0,3.6,0.6,12.7,6.5
1901,2022,Jevon Carter,MIL,PG,20,2,17.7,2.0,4.0,.506,1.2,2.2,.558,0.8,1.8,.444,.658,0.4,0.4,1.000,0.3,1.5,1.9,11.2,2.2,2.2,6.5,2.5,18.8,0.5,1.4,0.2,1.1,1.1,5.6,0.4,8.8,14.4
1902,2022,Sam Merrill,MEM,SG,6,0,9.7,1.3,4.0,.333,1.2,3.8,.304,0.2,0.2,1.000,.479,0.3,0.7,.500,0.2,1.8,1.0,11.1,1.2,1.2,6.3,0.7,9.0,0.0,0.0,0.0,0.0,0.5,4.2,0.3,7.2,7.5
1903,2022,Lindell Wigginton,MIL,PG,19,0,10.5,1.4,3.2,.426,0.5,1.4,.346,0.9,1.8,.486,.500,1.0,1.8,.543,0.2,1.6,1.2,11.5,1.3,1.3,6.7,1.2,15.7,0.3,1.2,0.1,0.5,0.9,4.2,0.6,13.6,10.2
1904,2022,James Ennis III,3TM,SF,7,0,8.0,1.6,3.4,.458,0.4,1.1,.375,1.1,2.3,.500,.521,0.6,0.7,.800,0.7,9.9,1.0,13.1,1.7,1.7,11.6,0.4,7.4,0.3,1.7,0.3,3.1,0.7,4.1,0.3,7.1,17.7
1905,2022,James Ennis III,BRK,SF,2,0,7.0,1.0,3.5,.286,0.5,1.0,.500,0.5,2.5,.200,.357,0.0,0.0,,1.0,16.0,1.5,22.7,2.5,2.5,19.4,0.0,0.0,0.5,3.5,0.5,6.4,0.0,2.5,0.0,0.0,14.7
1906,2022,James Ennis III,LAC,SF,2,0,14.0,3.5,5.5,.636,1.0,2.0,.500,2.5,3.5,.714,.727,2.0,2.0,1.000,1.0,7.8,1.5,11.0,2.5,2.5,9.5,0.0,0.0,0.5,1.7,0.5,3.0,2.0,10.0,0.5,7.3,26.3
1907,2022,James Ennis III,DEN,SF,3,0,4.7,0.7,2.0,.333,0.0,0.7,.000,0.7,1.3,.500,.333,0.0,0.3,.000,0.3,8.2,0.3,7.7,0.7,0.7,8.0,1.0,29.8,0.0,0.0,0.0,0.0,0.3,1.3,0.3,13.4,3.7
1908,2022,Mychal Mulder,2TM,PG,17,3,14.1,1.4,4.5,.312,1.0,3.2,.315,0.4,1.4,.304,.422,0.2,0.2,1.000,0.1,0.9,1.3,9.8,1.4,1.4,5.3,0.3,3.0,0.2,0.8,0.1,0.8,0.8,4.1,0.5,9.2,3.7
1909,2022,Mychal Mulder,ORL,PG,15,2,13.0,1.3,4.5,.299,0.9,3.1,.283,0.5,1.4,.333,.396,0.1,0.1,1.000,0.1,1.1,1.3,10.3,1.4,1.4,5.7,0.2,2.2,0.3,1.0,0.1,0.5,0.8,3.7,0.5,10.5,2.1
1910,2022,Mychal Mulder,MIA,PG,2,1,22.0,2.0,5.0,.400,2.0,4.0,.500,0.0,1.0,.000,.600,1.0,1.0,1.000,0.0,0.0,1.5,7.6,1.5,1.5,3.9,1.0,6.3,0.0,0.0,0.5,2.4,0.5,7.0,0.0,0.0,10.7
1911,2022,Santi Aldama,MEM,PF,32,0,11.3,1.7,4.1,.402,0.2,1.5,.125,1.5,2.6,.560,.424,0.6,1.0,.625,1.0,9.4,1.7,16.1,2.7,2.7,12.6,0.7,7.7,0.2,0.8,0.3,2.5,1.1,4.1,0.5,9.9,10.2
1912,2022,Vlatko Čančar,DEN,PF,15,1,11.7,1.5,2.7,.561,0.5,0.8,.583,1.1,1.9,.552,.646,0.6,0.9,.643,0.5,5.2,1.5,14.1,2.1,2.1,9.8,1.1,13.2,0.1,0.6,0.2,1.5,1.2,4.1,0.6,16.0,12.7
1913,2022,Anthony Gill,WAS,PF,44,0,10.5,1.4,2.5,.569,0.3,0.6,.538,1.1,1.9,.578,.633,1.0,1.2,.808,0.8,8.0,1.2,12.2,1.9,1.9,10.2,0.6,8.3,0.1,0.5,0.3,2.0,1.3,4.1,0.4,12.0,14.7
1914,2022,Markus Howard,DEN,SG,31,0,5.7,1.3,3.3,.386,0.9,2.3,.400,0.4,1.0,.355,.525,0.6,0.7,.870,0.1,1.3,0.3,6.1,0.4,0.4,3.8,0.2,6.2,0.3,2.5,0.0,0.0,0.5,4.1,0.2,5.9,16.1
1915,2022,Frank Ntilikina,DAL,SG,58,5,11.8,1.5,3.8,.399,0.7,1.9,.342,0.9,1.9,.455,.484,0.4,0.4,.960,0.2,1.9,1.2,10.9,1.4,1.4,6.4,1.2,14.7,0.5,2.0,0.1,0.9,1.1,4.1,0.5,11.7,10.4
1916,2022,Juan Toscano-Anderson,GSW,SF,73,6,13.6,1.6,3.2,.489,0.4,1.2,.322,1.2,2.0,.588,.549,0.5,1.0,.571,0.4,3.2,2.0,15.8,2.4,2.4,9.7,1.7,17.6,0.7,2.4,0.2,1.6,1.6,4.1,0.9,20.4,11.0
1917,2022,Mac McClung,2TM,SG,2,0,12.5,1.5,3.0,.500,0.5,1.5,.333,1.0,1.5,.667,.583,0.5,0.5,1.000,0.0,0.0,1.5,12.9,1.5,1.5,6.5,0.5,5.2,0.5,1.9,0.5,3.6,2.5,4.0,1.5,31.8,5.2
1918,2022,Mac McClung,CHI,PG,1,0,3.0,1.0,1.0,1.000,0.0,0.0,,1.0,1.0,1.000,1.000,0.0,0.0,,0.0,0.0,0.0,0.0,0.0,0.0,0.0,0.0,0.0,0.0,0.0,0.0,0.0,0.0,2.0,1.0,50.0,8.7
1919,2022,Mac McClung,LAL,SG,1,0,22.0,2.0,5.0,.400,1.0,3.0,.333,1.0,2.0,.500,.500,1.0,1.0,1.000,0.0,0.0,3.0,14.6,3.0,3.0,7.3,1.0,6.0,1.0,2.2,1.0,4.0,5.0,6.0,2.0,26.9,4.7
1920,2022,Trevor Ariza,LAL,SF,24,11,19.3,1.4,4.1,.333,0.8,3.1,.270,0.5,1.0,.520,.434,0.4,0.8,.556,0.4,2.3,3.0,16.7,3.4,3.4,9.5,1.1,7.5,0.5,1.3,0.3,1.2,0.8,4.0,0.5,9.3,7.0
1921,2022,Scotty Hopson,OKC,SG,1,0,18.0,2.0,4.0,.500,0.0,1.0,.000,2.0,3.0,.667,.500,0.0,0.0,,0.0,0.0,1.0,5.8,1.0,1.0,2.9,1.0,8.1,0.0,0.0,0.0,0.0,1.0,4.0,2.0,33.3,0.1
1922,2022,Andre Iguodala,GSW,SF,31,0,19.5,1.5,3.9,.380,0.5,2.4,.230,0.9,1.5,.617,.450,0.5,0.6,.750,0.7,3.9,2.5,13.9,3.2,3.2,9.1,3.7,24.7,0.9,2.2,0.7,3.5,1.1,4.0,0.9,17.7,12.3
1923,2022,Micah Potter,DET,C,3,0,10.3,1.7,3.7,.455,0.0,0.7,.000,1.7,3.0,.556,.455,0.7,0.7,1.000,1.3,13.3,1.7,18.4,3.0,3.0,15.7,0.0,0.0,0.3,1.6,0.3,2.9,1.3,4.0,0.3,7.8,13.6
1924,2022,Matt Thomas,CHI,SG,40,0,11.5,1.4,3.4,.410,0.9,2.3,.385,0.5,1.1,.465,.541,0.4,0.5,.800,0.1,0.7,1.2,11.5,1.3,1.3,6.1,0.5,5.8,0.2,0.9,0.1,0.6,0.5,4.0,0.2,5.3,9.9
1925,2022,Gabe York,IND,SG,2,0,10.5,1.0,3.5,.286,0.5,3.0,.167,0.5,0.5,1.000,.357,1.5,2.5,.600,0.0,0.0,1.0,10.8,1.0,1.0,5.3,2.0,25.1,1.0,4.7,0.5,4.1,2.0,4.0,0.5,9.8,12.7
1926,2022,Didi Louzada,2TM,SF,9,1,14.3,1.3,3.7,.364,1.0,2.6,.391,0.3,1.1,.300,.500,0.2,0.2,1.000,0.6,4.1,1.3,10.6,1.9,1.9,7.2,0.6,5.3,0.2,0.8,0.2,1.5,1.4,3.9,0.6,12.9,6.4
1927,2022,Didi Louzada,NOP,SF,2,0,3.5,0.0,1.5,.000,0.0,1.5,.000,0.0,0.0,,.000,0.0,0.0,,1.0,31.0,0.0,0.0,1.0,1.0,15.8,0.5,17.1,0.0,0.0,0.0,0.0,0.0,0.0,0.0,0.0,-1.2
1928,2022,Didi Louzada,POR,SG,7,1,17.4,1.7,4.3,.400,1.3,2.9,.450,0.4,1.4,.300,.550,0.3,0.3,1.000,0.4,2.6,1.7,11.2,2.1,2.1,6.8,0.6,4.7,0.3,0.8,0.3,1.6,1.9,5.0,0.7,13.9,6.8
1929,2022,Kyle Guy,MIA,SG,19,0,9.8,1.4,3.4,.400,0.7,2.1,.350,0.6,1.3,.480,.508,0.4,0.6,.667,0.2,2.5,0.7,7.8,0.9,0.9,5.2,0.9,13.5,0.4,1.9,0.1,0.6,0.6,3.9,0.7,15.6,9.5
1930,2022,Malcolm Hill,2TM,SG,19,0,11.2,1.3,2.7,.462,0.7,1.9,.361,0.6,0.8,.688,.587,0.6,0.7,.786,0.6,5.8,1.3,12.6,1.8,1.8,9.2,0.4,5.0,0.4,1.6,0.2,1.2,1.3,3.8,0.2,4.9,12.7
1931,2022,Malcolm Hill,ATL,SG,3,0,15.3,1.7,2.7,.625,1.0,1.7,.600,0.7,1.0,.667,.813,1.3,1.3,1.000,0.7,4.8,1.3,9.5,2.0,2.0,7.1,0.3,2.9,1.3,4.3,0.3,1.9,2.3,5.7,0.0,0.0,19.0
1932,2022,Malcolm Hill,CHI,SF,16,0,10.4,1.2,2.8,.432,0.6,1.9,.323,0.6,0.8,.692,.545,0.4,0.6,.700,0.6,6.1,1.3,13.5,1.8,1.8,9.8,0.4,5.6,0.2,0.9,0.1,1.0,1.1,3.4,0.2,5.8,11.0
1933,2022,Jared Butler,UTA,SG,42,1,8.6,1.5,3.6,.404,0.7,2.1,.318,0.8,1.5,.524,.497,0.3,0.4,.688,0.1,1.6,1.0,11.8,1.1,1.1,6.8,1.5,26.0,0.4,2.3,0.2,2.0,1.1,3.8,0.8,17.3,12.1
1934,2022,Sandro Mamukelashvili,MIL,PF,41,3,9.9,1.4,2.8,.496,0.5,1.3,.423,0.9,1.5,.556,.591,0.4,0.5,.818,0.9,9.3,1.1,12.0,2.0,2.0,10.7,0.5,7.4,0.2,1.1,0.2,2.1,0.7,3.8,0.4,10.7,14.7
1935,2022,Jordan McLaughlin,MIN,PG,62,3,14.5,1.4,3.2,.440,0.4,1.4,.318,1.0,1.9,.530,.508,0.5,0.6,.750,0.4,2.6,1.2,8.8,1.5,1.5,5.6,2.9,26.1,0.9,3.0,0.2,1.1,0.9,3.8,0.6,14.9,13.4
1936,2022,Aaron Nesmith,BOS,SF,52,3,11.0,1.4,3.5,.396,0.6,2.2,.270,0.8,1.3,.612,.481,0.4,0.5,.808,0.3,2.9,1.4,13.6,1.7,1.7,8.4,0.4,5.4,0.4,1.7,0.1,0.8,1.3,3.8,0.6,13.8,7.3
1937,2022,Jamorko Pickett,DET,PF,13,0,13.5,1.4,3.8,.360,1.0,3.0,.333,0.4,0.8,.455,.490,0.1,0.2,.500,0.5,3.5,2.0,16.8,2.5,2.5,9.8,0.5,5.8,0.0,0.0,0.5,3.6,0.9,3.8,0.4,8.9,7.6
1938,2022,Admiral Schofield,ORL,SF,38,1,12.3,1.4,3.4,.419,0.7,2.1,.329,0.7,1.3,.560,.519,0.3,0.4,.800,0.4,3.8,1.9,16.3,2.3,2.3,10.0,0.7,7.9,0.1,0.4,0.1,1.0,1.5,3.8,0.6,13.4,7.5
1939,2022,Cheick Diallo,DET,C,3,0,10.3,1.0,2.7,.375,0.0,0.0,,1.0,2.7,.375,.375,1.7,2.0,.833,1.3,13.3,2.7,29.4,4.0,4.0,20.9,0.0,0.0,0.3,1.6,0.0,0.0,2.0,3.7,0.3,8.6,12.3
1940,2022,Enes Freedom,BOS,C,35,1,11.7,1.5,2.8,.526,0.1,0.1,.400,1.4,2.6,.533,.536,0.7,0.8,.857,1.7,16.5,2.8,25.4,4.6,4.6,21.0,0.2,2.7,0.1,0.6,0.4,3.1,1.2,3.7,0.6,15.5,15.0
1941,2022,Nathan Knight,MIN,PF,37,2,7.2,1.2,2.4,.511,0.1,0.4,.308,1.1,2.0,.547,.534,1.2,1.6,.733,0.9,12.5,1.4,21.8,2.3,2.3,17.1,0.6,11.9,0.2,1.2,0.2,2.9,1.1,3.7,0.5,13.6,18.7
1942,2022,KZ Okpala,MIA,PF,21,0,11.6,1.4,3.3,.435,0.4,1.2,.346,1.0,2.0,.488,.500,0.4,0.5,.727,0.5,5.2,1.4,13.7,2.0,2.0,9.5,0.7,8.3,0.2,0.8,0.3,3.0,1.2,3.7,0.2,6.3,10.4
1943,2022,Brad Wanamaker,2TM,PG,23,2,13.9,1.2,3.3,.364,0.2,0.7,.235,1.0,2.6,.400,.390,1.0,1.1,.920,0.3,2.1,1.4,11.6,1.7,1.7,6.8,2.4,22.4,0.3,1.1,0.3,1.6,2.0,3.6,1.0,20.7,7.5
1944,2022,Brad Wanamaker,IND,PG,22,1,13.3,1.2,3.3,.361,0.2,0.8,.235,1.0,2.5,.400,.389,0.9,1.0,.909,0.3,2.2,1.3,11.2,1.6,1.6,6.7,2.2,21.4,0.2,0.8,0.3,1.8,1.9,3.5,1.0,22.0,6.5
1945,2022,Brad Wanamaker,WAS,PG,1,1,27.0,2.0,5.0,.400,0.0,0.0,,2.0,5.0,.400,.400,3.0,3.0,1.000,0.0,0.0,4.0,16.2,4.0,4.0,8.2,7.0,33.9,2.0,3.7,0.0,0.0,3.0,7.0,0.0,0.0,18.1
1946,2022,Tomáš Satoranský,3TM,SG,55,13,16.5,1.3,3.5,.377,0.2,1.0,.208,1.1,2.5,.442,.406,0.8,1.0,.796,0.5,3.3,1.8,12.1,2.3,2.3,7.7,3.3,27.0,0.5,1.6,0.1,0.5,1.3,3.6,0.8,17.6,10.2
1947,2022,Tomáš Satoranský,NOP,SG,32,3,15.0,1.0,3.3,.299,0.2,1.0,.161,0.8,2.4,.355,.322,0.6,0.8,.760,0.6,4.1,1.4,10.8,2.0,2.0,7.4,2.4,20.6,0.4,1.4,0.0,0.2,1.0,2.8,0.7,16.3,6.5
1948,2022,Tomáš Satoranský,SAS,SF,1,0,9.0,0.0,0.0,,0.0,0.0,,0.0,0.0,,,3.0,4.0,.750,0.0,0.0,1.0,11.7,1.0,1.0,5.8,0.0,0.0,0.0,0.0,0.0,0.0,0.0,3.0,0.0,0.0,12.8
1949,2022,Tomáš Satoranský,WAS,PG,22,10,18.9,1.8,3.8,.476,0.3,1.0,.273,1.5,2.8,.548,.512,1.0,1.1,.840,0.4,2.4,2.4,13.6,2.8,2.8,8.1,4.9,35.0,0.7,1.8,0.2,0.8,1.7,4.9,1.0,19.5,14.4
1950,2022,Thanasis Antetokounmpo,MIL,SF,48,6,9.9,1.5,2.7,.547,0.0,0.3,.143,1.4,2.4,.596,.555,0.6,1.0,.630,0.8,9.2,1.3,13.4,2.1,2.1,11.3,0.5,6.5,0.3,1.6,0.3,2.4,1.4,3.6,0.5,14.9,12.5
1951,2022,Isaiah Joe,PHI,SG,55,1,11.1,1.1,3.2,.350,0.8,2.5,.333,0.3,0.8,.405,.477,0.5,0.6,.935,0.1,1.1,0.9,9.0,1.0,1.0,5.1,0.6,8.1,0.3,1.1,0.1,0.4,0.9,3.6,0.3,9.1,7.7
1952,2022,Tony Snell,2TM,SG,53,12,15.5,1.3,3.2,.404,0.8,2.4,.352,0.5,0.8,.558,.535,0.1,0.1,1.000,0.3,2.1,1.6,12.0,1.9,1.9,6.9,0.5,4.7,0.3,1.0,0.2,1.1,1.3,3.5,0.4,9.9,6.3
1953,2022,Tony Snell,POR,SG,38,10,14.4,0.9,2.6,.371,0.6,2.0,.320,0.3,0.6,.545,.495,0.1,0.1,1.000,0.3,2.1,1.6,12.7,1.9,1.9,7.2,0.5,5.0,0.2,0.7,0.2,1.3,1.2,2.6,0.3,10.1,5.2
1954,2022,Tony Snell,NOP,SG,15,2,18.5,2.2,4.9,.446,1.4,3.5,.396,0.8,1.4,.571,.588,0.1,0.1,1.000,0.3,2.0,1.7,10.6,2.1,2.1,6.2,0.5,4.0,0.5,1.4,0.1,0.7,1.7,5.9,0.5,9.7,8.6
1955,2022,Elijah Hughes,2TM,SG,36,4,12.1,1.3,4.0,.326,0.7,2.6,.263,0.6,1.4,.449,.413,0.2,0.3,.778,0.2,1.5,1.4,13.4,1.6,1.6,7.3,0.6,7.2,0.4,1.6,0.2,1.8,1.1,3.5,0.5,10.3,5.4
1956,2022,Elijah Hughes,UTA,SF,14,1,8.0,1.1,2.6,.417,0.7,2.0,.357,0.4,0.6,.625,.556,0.2,0.2,1.000,0.1,2.0,1.1,14.2,1.2,1.2,8.3,0.4,7.6,0.3,1.8,0.1,0.8,0.5,3.1,0.5,15.8,10.5
1957,2022,Elijah Hughes,POR,SG,22,3,14.6,1.5,4.9,.296,0.7,3.0,.224,0.8,1.9,.415,.366,0.2,0.3,.667,0.2,1.3,1.7,13.1,1.9,1.9,7.0,0.7,7.1,0.5,1.5,0.3,2.1,1.5,3.8,0.5,8.3,3.7
1958,2022,Paul Millsap,2TM,C,33,1,11.4,1.4,3.5,.391,0.2,1.1,.229,1.1,2.4,.463,.426,0.5,0.7,.708,1.2,12.3,2.2,20.7,3.5,3.5,16.6,0.9,10.4,0.3,1.3,0.4,3.1,2.0,3.5,0.6,13.1,10.8
1959,2022,Paul Millsap,BRK,C,24,0,11.3,1.3,3.5,.376,0.3,1.1,.222,1.1,2.4,.448,.412,0.5,0.7,.706,1.2,12.0,2.5,23.6,3.7,3.7,17.9,1.0,11.8,0.2,0.9,0.5,3.6,2.0,3.4,0.5,10.6,11.2
1960,2022,Paul Millsap,PHI,C,9,1,11.8,1.4,3.3,.433,0.2,0.9,.250,1.2,2.4,.500,.467,0.6,0.8,.714,1.3,12.9,1.4,13.5,2.8,2.8,13.2,0.6,6.8,0.6,2.4,0.2,1.7,2.1,3.7,0.9,19.5,9.7
1961,2022,Jarrett Culver,MEM,SG,37,0,9.1,1.4,3.6,.378,0.3,1.3,.255,1.1,2.4,.443,.422,0.4,0.9,.471,0.4,3.9,0.9,11.1,1.3,1.3,7.4,0.9,13.0,0.5,2.8,0.1,1.3,1.1,3.5,0.5,11.8,8.7
1962,2022,Gorgui Dieng,ATL,C,44,3,8.4,1.2,2.5,.473,0.7,1.5,.426,0.5,1.0,.545,.603,0.4,0.6,.731,0.7,9.5,2.0,26.1,2.8,2.8,17.8,0.8,12.7,0.3,1.5,0.3,3.1,1.2,3.5,0.5,13.9,17.3
1963,2022,Alfonzo McKinnie,CHI,SF,17,3,12.1,1.4,3.6,.393,0.5,1.6,.333,0.9,2.0,.441,.467,0.1,0.5,.250,0.8,7.1,1.2,10.9,1.9,1.9,9.0,0.3,3.2,0.1,0.5,0.2,1.3,1.5,3.5,0.4,9.8,5.6
1964,2022,Kent Bazemore,LAL,SF,39,14,14.0,1.2,3.6,.324,0.7,2.1,.363,0.4,1.5,.271,.428,0.3,0.4,.765,0.3,2.6,1.4,11.0,1.8,1.8,6.8,0.9,8.1,0.6,2.2,0.2,1.5,1.8,3.4,0.5,12.5,6.0
1965,2022,Tyler Cook,CHI,PF,20,2,10.0,1.2,1.9,.605,0.0,0.0,,1.2,1.9,.605,.605,1.1,1.6,.656,0.8,9.1,1.9,20.7,2.7,2.7,14.9,0.2,2.0,0.2,1.0,0.2,1.7,1.4,3.4,0.4,11.8,13.0
1966,2022,Nerlens Noel,NYK,C,25,11,22.5,1.3,2.4,.533,0.0,0.1,.000,1.3,2.3,.561,.533,0.8,1.2,.700,1.9,9.0,3.7,18.1,5.6,5.6,13.5,0.9,5.7,1.2,2.7,1.2,5.4,2.7,3.4,0.8,21.5,11.8
1967,2022,Paul Watson,OKC,SF,9,3,17.3,1.3,3.9,.343,0.7,2.9,.231,0.7,1.0,.667,.429,0.1,0.2,.500,0.3,1.9,2.7,16.1,3.0,3.0,8.9,0.9,7.2,0.3,0.9,0.3,1.8,1.1,3.4,0.4,10.0,5.7
1968,2022,Juancho Hernangómez,3TM,PF,40,9,11.1,1.1,2.7,.415,0.6,1.7,.348,0.5,0.9,.541,.528,0.5,0.9,.559,0.7,7.0,1.8,17.1,2.5,2.5,12.2,0.5,6.0,0.4,1.6,0.3,2.0,0.6,3.3,0.4,11.7,11.5
1969,2022,Juancho Hernangómez,BOS,PF,18,0,5.3,0.3,1.5,.185,0.2,1.0,.167,0.1,0.5,.222,.241,0.3,0.5,.667,0.5,10.4,0.9,17.6,1.4,1.4,14.1,0.2,4.0,0.2,2.1,0.1,1.9,0.4,1.1,0.3,16.2,3.8
1970,2022,Juancho Hernangómez,SAS,PF,5,0,10.2,0.4,1.2,.333,0.0,0.6,.000,0.4,0.6,.667,.333,0.6,0.8,.750,0.8,8.2,2.2,22.8,3.0,3.0,15.4,0.6,6.9,0.2,0.9,0.2,1.6,0.0,1.4,0.4,20.5,9.0
1971,2022,Juancho Hernangómez,UTA,PF,17,9,17.5,2.2,4.3,.507,1.2,2.8,.438,0.9,1.5,.640,.651,0.6,1.2,.476,0.9,5.7,2.6,16.0,3.5,3.5,11.0,0.8,6.5,0.5,1.5,0.4,2.1,1.1,6.2,0.5,8.9,14.5
1972,2022,Semi Ojeleye,2TM,PF,30,0,13.5,1.0,3.3,.303,0.5,1.7,.300,0.5,1.6,.306,.379,0.8,1.0,.793,0.9,7.2,1.6,12.0,2.5,2.5,9.7,0.3,2.9,0.2,0.8,0.2,1.4,1.0,3.3,0.3,7.5,6.7
1973,2022,Semi Ojeleye,MIL,PF,20,0,15.4,0.9,3.5,.257,0.6,2.1,.268,0.4,1.5,.241,.336,0.5,0.7,.769,1.3,8.8,1.7,11.1,2.9,2.9,10.0,0.3,2.0,0.3,0.8,0.3,1.6,1.3,2.9,0.3,6.2,5.0
1974,2022,Semi Ojeleye,LAC,PF,10,0,9.8,1.2,2.9,.414,0.4,0.9,.444,0.8,2.0,.400,.483,1.3,1.6,.813,0.2,2.2,1.4,14.7,1.6,1.6,8.6,0.4,5.8,0.2,1.0,0.1,0.9,0.4,4.1,0.4,10.0,12.0
1975,2022,Tremont Waters,2TM,PG,3,0,16.7,1.3,4.7,.286,0.7,3.0,.222,0.7,1.7,.400,.357,0.0,0.0,,0.0,0.0,1.3,9.2,1.3,1.3,4.3,2.3,18.2,1.7,5.0,0.0,0.0,1.3,3.3,1.3,22.2,5.4
1976,2022,Tremont Waters,TOR,PG,2,0,21.0,1.5,6.0,.250,1.0,4.5,.222,0.5,1.5,.333,.333,0.0,0.0,,0.0,0.0,2.0,10.9,2.0,2.0,5.2,3.5,21.7,2.0,4.8,0.0,0.0,1.0,4.0,2.0,25.0,5.1
1977,2022,Tremont Waters,WAS,PG,1,0,8.0,1.0,2.0,.500,0.0,0.0,,1.0,2.0,.500,.500,0.0,0.0,,0.0,0.0,0.0,0.0,0.0,0.0,0.0,0.0,0.0,1.0,6.2,0.0,0.0,2.0,2.0,0.0,0.0,7.3
1978,2022,Tim Frazier,2TM,PG,12,3,17.3,1.2,3.8,.311,0.5,1.4,.353,0.7,2.3,.286,.378,0.4,0.8,.556,0.4,2.5,1.2,7.1,1.6,1.6,4.8,2.8,22.5,0.3,0.7,0.1,0.4,2.3,3.3,1.3,23.5,3.3
1979,2022,Tim Frazier,ORL,PG,10,3,20.0,1.3,4.3,.302,0.6,1.7,.353,0.7,2.6,.269,.372,0.5,0.9,.556,0.5,2.6,1.4,7.4,1.9,1.9,5.0,3.3,22.6,0.3,0.7,0.1,0.5,2.4,3.7,1.3,21.7,3.8
1980,2022,Tim Frazier,CLE,PG,2,0,4.0,0.5,1.0,.500,0.0,0.0,,0.5,1.0,.500,.500,0.0,0.0,,0.0,0.0,0.0,0.0,0.0,0.0,0.0,0.5,17.9,0.0,0.0,0.0,0.0,1.5,1.0,1.0,50.0,-10.3
1981,2022,Sterling Brown,DAL,SG,49,3,12.8,1.2,3.2,.381,0.6,1.9,.304,0.6,1.3,.492,.471,0.3,0.3,.933,0.5,4.6,2.5,21.8,3.0,3.0,13.2,0.7,7.5,0.3,1.1,0.1,1.0,1.1,3.3,0.5,12.5,8.4
1982,2022,Trent Forrest,UTA,PG,60,6,12.8,1.3,2.6,.490,0.1,0.5,.185,1.2,2.1,.555,.506,0.6,0.8,.792,0.4,3.4,1.3,10.5,1.7,1.7,7.1,1.8,18.6,0.5,1.9,0.1,0.7,0.7,3.3,0.8,21.4,10.9
1983,2022,Gabriel Lundberg,PHO,SG,4,0,11.0,1.3,4.8,.263,0.8,2.0,.375,0.5,2.8,.182,.342,0.0,0.0,,0.5,5.0,1.3,11.9,1.8,1.8,8.5,2.8,31.5,0.8,3.3,0.0,0.0,1.8,3.3,0.8,13.6,7.7
1984,2022,Killian Tillie,MEM,C,36,3,12.8,1.2,3.5,.339,0.8,2.4,.314,0.4,1.1,.390,.445,0.1,0.2,.625,0.6,4.7,1.1,9.1,1.7,1.7,6.8,0.6,5.9,0.6,2.4,0.4,2.9,1.6,3.3,0.4,9.1,7.6
1985,2022,Dalano Banton,TOR,PG,64,1,10.9,1.3,3.2,.411,0.2,0.8,.255,1.1,2.4,.464,.443,0.4,0.7,.591,0.6,5.6,1.3,14.1,1.9,1.9,9.7,1.5,19.8,0.4,2.0,0.2,1.4,1.1,3.2,0.8,19.3,10.0
1986,2022,Daishen Nix,HOU,SG,24,0,10.9,1.1,2.8,.403,0.3,1.1,.269,0.8,1.7,.488,.455,0.7,1.3,.533,0.3,2.9,1.1,11.0,1.4,1.4,6.9,1.7,21.5,0.6,2.7,0.0,0.0,0.9,3.2,1.1,24.5,8.1
1987,2022,Jahmi'us Ramsey,SAC,SG,19,0,7.1,1.3,3.1,.414,0.3,0.9,.278,1.0,2.1,.475,.457,0.4,0.7,.500,0.2,3.2,0.5,7.4,0.7,0.7,5.3,0.4,7.9,0.1,0.4,0.1,0.6,0.5,3.2,0.3,7.2,7.9
1988,2022,Justin Robinson,3TM,PG,25,0,12.2,1.1,3.7,.301,0.7,2.4,.295,0.4,1.3,.313,.398,0.2,0.3,.500,0.2,1.4,0.7,6.0,0.8,0.8,3.7,1.3,14.0,0.4,1.4,0.0,0.3,1.1,3.1,0.7,15.0,3.6
1989,2022,Justin Robinson,MIL,PG,17,0,11.6,1.1,3.4,.316,0.6,2.2,.270,0.5,1.2,.400,.404,0.1,0.1,1.000,0.1,1.1,0.6,5.8,0.8,0.8,3.5,1.2,13.7,0.5,1.9,0.0,0.0,1.0,2.8,0.6,16.0,4.3
1990,2022,Justin Robinson,SAC,PG,3,0,5.0,0.3,2.7,.125,0.0,1.0,.000,0.3,1.7,.200,.125,0.0,0.0,,0.0,0.0,0.3,7.3,0.3,0.3,3.6,0.7,17.3,0.0,0.0,0.0,0.0,0.7,0.7,0.3,11.1,-13.5
1991,2022,Justin Robinson,DET,PG,5,0,18.2,1.8,5.6,.321,1.6,4.2,.381,0.2,1.4,.143,.464,0.4,1.2,.333,0.4,2.3,1.0,6.3,1.4,1.4,4.2,1.8,14.3,0.2,0.5,0.2,1.0,1.6,5.6,1.0,14.0,4.9
1992,2022,Kevin Knox,2TM,SF,30,0,7.4,1.0,2.8,.365,0.5,1.8,.278,0.5,1.0,.516,.453,0.5,0.7,.727,0.5,6.8,1.0,14.8,1.5,1.5,10.7,0.3,6.5,0.1,0.9,0.1,0.8,0.6,3.1,0.2,6.9,10.9
1993,2022,Kevin Knox,NYK,SF,13,0,8.5,1.2,3.1,.375,0.8,2.2,.357,0.4,0.9,.417,.500,0.5,0.8,.700,0.6,7.6,1.1,13.8,1.7,1.7,10.7,0.2,4.2,0.2,0.9,0.1,0.9,0.4,3.6,0.4,10.1,11.6
1994,2022,Kevin Knox,ATL,SF,17,0,6.5,0.9,2.6,.356,0.3,1.5,.192,0.6,1.1,.579,.411,0.5,0.7,.750,0.4,5.9,0.9,15.7,1.3,1.3,10.8,0.4,8.8,0.1,0.9,0.1,0.8,0.8,2.7,0.1,3.8,10.1
1995,2022,Rodney Hood,2TM,SF,52,0,13.6,1.1,3.0,.369,0.6,1.8,.330,0.5,1.3,.424,.465,0.3,0.4,.895,0.3,2.3,1.2,9.1,1.5,1.5,5.8,0.7,6.9,0.3,1.0,0.1,0.8,0.6,3.1,0.2,6.2,7.2
1996,2022,Rodney Hood,MIL,PF,39,0,14.9,1.2,3.4,.351,0.6,2.1,.300,0.6,1.3,.431,.443,0.3,0.4,.929,0.3,2.4,1.4,9.7,1.7,1.7,6.1,0.8,6.5,0.3,1.0,0.1,0.7,0.7,3.3,0.2,4.9,6.7
1997,2022,Rodney Hood,LAC,SF,13,0,9.8,0.9,2.0,.462,0.5,0.8,.545,0.5,1.2,.400,.577,0.3,0.4,.800,0.2,1.7,0.6,6.4,0.8,0.8,4.1,0.6,8.5,0.2,1.1,0.2,1.3,0.3,2.6,0.3,12.4,9.3
1998,2022,Keljin Blevins,POR,SF,31,1,11.3,1.1,3.6,.306,0.7,2.3,.292,0.4,1.3,.333,.401,0.2,0.4,.545,0.5,4.9,0.9,9.5,1.5,1.5,7.1,0.6,7.7,0.4,1.8,0.0,0.3,0.9,3.1,0.5,12.8,4.8
1999,2022,Devontae Cacok,SAS,PF,15,0,8.1,1.4,2.1,.677,0.0,0.0,,1.4,2.1,.677,.677,0.3,0.5,.571,0.5,6.9,2.3,29.7,2.8,2.8,18.2,0.4,6.9,0.5,3.2,0.5,4.9,1.1,3.1,0.2,8.1,20.2
2000,2022,Paul Reed,PHI,C,38,2,7.9,1.4,2.5,.563,0.1,0.2,.250,1.4,2.3,.591,.573,0.2,0.4,.429,1.2,16.6,1.3,17.4,2.4,2.4,17.0,0.4,8.3,0.9,5.5,0.4,4.2,1.5,3.1,0.3,8.9,21.4
2001,2022,Javonte Smart,2TM,PG,17,1,11.8,1.1,3.5,.317,0.5,1.6,.296,0.6,1.9,.333,.383,0.3,0.4,.833,0.3,2.7,1.1,10.0,1.4,1.4,6.5,0.9,10.4,0.4,1.5,0.2,1.5,0.7,3.0,0.6,14.9,5.1
2002,2022,Javonte Smart,MIL,PG,13,1,12.3,0.8,3.3,.256,0.3,1.4,.222,0.5,1.9,.280,.302,0.4,0.5,.833,0.3,2.7,1.2,9.7,1.5,1.5,6.3,1.1,10.9,0.3,1.2,0.2,1.2,0.8,2.4,0.7,16.5,2.5
2003,2022,Javonte Smart,MIA,PG,4,0,10.0,2.0,4.3,.471,1.0,2.3,.444,1.0,2.0,.500,.588,0.0,0.0,,0.3,2.9,1.0,11.2,1.3,1.3,7.1,0.5,8.1,0.5,2.5,0.3,2.6,0.3,5.0,0.5,10.5,15.6
2004,2022,Paris Bass,PHO,SF,2,0,3.5,1.0,3.0,.333,0.0,1.0,.000,1.0,2.0,.500,.333,1.0,1.0,1.000,1.0,31.5,1.0,29.9,2.0,2.0,30.6,0.0,0.0,0.5,6.9,0.0,0.0,1.0,3.0,1.0,22.5,13.9
2005,2022,Charles Bassey,PHI,C,23,0,7.3,1.3,2.0,.638,0.0,0.2,.000,1.3,1.9,.698,.638,0.4,0.5,.750,1.0,14.9,1.7,26.1,2.7,2.7,20.6,0.3,6.5,0.2,1.5,0.7,9.1,1.4,3.0,0.3,13.3,21.5
2006,2022,Tony Bradley,CHI,C,55,7,10.0,1.3,2.2,.585,0.0,0.0,,1.3,2.2,.585,.585,0.3,0.5,.655,1.2,13.8,2.2,24.3,3.4,3.4,19.1,0.5,6.7,0.2,0.9,0.6,5.2,1.1,3.0,0.6,20.0,14.9
2007,2022,Daniel Oturu,TOR,C,3,0,9.0,1.0,2.0,.500,0.0,0.3,.000,1.0,1.7,.600,.500,1.0,1.7,.600,0.3,3.8,1.3,17.0,1.7,1.7,10.0,0.0,0.0,0.0,0.0,0.7,7.2,0.3,3.0,0.0,0.0,13.4
2008,2022,Elfrid Payton,PHO,PG,50,1,11.0,1.3,3.5,.383,0.1,0.4,.222,1.3,3.1,.401,.394,0.2,0.6,.375,0.4,4.2,1.3,12.8,1.8,1.8,8.6,2.0,23.0,0.5,2.2,0.1,1.0,0.8,3.0,0.9,19.9,7.9
2009,2022,Neemias Queta,SAC,C,15,0,8.0,1.1,2.5,.447,0.0,0.0,,1.1,2.5,.447,.447,0.7,1.1,.647,0.9,12.6,1.1,15.6,2.1,2.1,14.1,0.4,7.2,0.1,0.4,0.5,5.8,1.2,3.0,0.4,11.7,12.7
2010,2022,Nick Richards,CHO,C,50,5,7.3,1.2,1.8,.667,0.0,0.0,,1.2,1.8,.667,.667,0.6,0.9,.698,0.7,9.7,1.0,15.2,1.7,1.7,12.4,0.3,4.9,0.2,1.2,0.4,5.4,1.0,3.0,0.5,18.1,15.9
2011,2022,Matt Ryan,BOS,SF,1,0,5.0,1.0,5.0,.200,1.0,5.0,.200,0.0,0.0,,.300,0.0,0.0,,0.0,0.0,0.0,0.0,0.0,0.0,0.0,0.0,0.0,1.0,9.9,0.0,0.0,0.0,3.0,0.0,0.0,3.5
2012,2022,Tre Scott,CLE,SF,2,0,5.5,1.5,3.0,.500,0.0,0.5,.000,1.5,2.5,.600,.500,0.0,0.0,,0.5,10.3,0.5,9.8,1.0,1.0,10.1,0.0,0.0,0.5,4.5,0.5,8.1,1.0,3.0,0.0,0.0,20.4
2013,2022,Bruno Fernando,2TM,C,30,0,5.1,1.2,1.8,.655,0.0,0.1,.500,1.2,1.8,.660,.664,0.5,0.8,.625,0.6,13.0,1.2,26.6,1.8,1.8,19.8,0.2,7.5,0.0,0.3,0.4,6.5,0.8,2.9,0.5,17.6,21.2
2014,2022,Bruno Fernando,BOS,C,20,0,2.9,0.4,0.7,.500,0.1,0.1,1.000,0.3,0.7,.462,.536,0.2,0.3,.800,0.4,13.4,0.4,14.6,0.8,0.8,14.0,0.2,9.6,0.0,0.0,0.2,4.7,0.3,1.0,0.3,23.6,12.6
2015,2022,Bruno Fernando,HOU,C,10,0,9.4,2.9,4.1,.707,0.0,0.1,.000,2.9,4.0,.725,.707,1.1,1.9,.579,1.1,12.8,2.9,34.1,4.0,4.0,23.4,0.3,6.3,0.1,0.5,0.8,7.6,1.8,6.9,0.9,15.4,26.5
2016,2022,Vernon Carey Jr.,2TM,C,7,1,6.3,1.0,1.9,.538,0.0,0.0,,1.0,1.9,.538,.538,0.9,1.9,.462,1.1,19.9,0.6,9.8,1.7,1.7,14.8,0.0,0.0,0.3,2.2,0.1,1.9,0.6,2.9,0.4,13.8,15.8
2017,2022,Vernon Carey Jr.,CHO,C,4,1,4.3,0.8,1.5,.500,0.0,0.0,,0.8,1.5,.500,.500,0.5,0.8,.667,0.8,18.4,0.5,12.6,1.3,1.3,15.6,0.0,0.0,0.3,2.8,0.0,0.0,0.3,2.0,0.3,12.0,17.2
2018,2022,Vernon Carey Jr.,WAS,C,3,0,9.0,1.3,2.3,.571,0.0,0.0,,1.3,2.3,.571,.571,1.3,3.3,.400,1.7,20.8,0.7,8.1,2.3,2.3,14.4,0.0,0.0,0.3,1.8,0.3,3.1,1.0,4.0,0.7,14.9,15.0
2019,2022,Skylar Mays,ATL,SG,28,5,7.9,1.1,2.3,.500,0.3,0.9,.320,0.9,1.4,.615,.563,0.3,0.3,.889,0.2,2.5,0.7,9.9,0.9,0.9,6.2,0.6,10.8,0.3,1.6,0.0,0.0,0.3,2.9,0.4,12.8,11.7
2020,2022,Denzel Valentine,2TM,SG,24,0,9.3,1.0,2.8,.379,0.8,2.0,.404,0.3,0.8,.316,.523,0.0,0.0,,0.4,4.6,1.4,16.1,1.8,1.8,10.4,0.5,7.0,0.3,1.8,0.0,0.0,0.8,2.9,0.5,15.4,8.1
2021,2022,Denzel Valentine,CLE,SG,22,0,9.3,1.0,2.8,.371,0.8,2.0,.409,0.2,0.8,.278,.516,0.0,0.0,,0.4,5.0,1.3,15.4,1.7,1.7,10.3,0.5,7.6,0.3,1.7,0.0,0.0,0.8,2.9,0.5,13.9,8.4
2022,2022,Denzel Valentine,UTA,SG,2,0,9.0,1.0,2.0,.500,0.5,1.5,.333,0.5,0.5,1.000,.625,0.0,0.0,,0.0,0.0,2.0,23.5,2.0,2.0,12.2,0.0,0.0,0.5,2.7,0.0,0.0,1.5,2.5,1.0,33.3,4.2
2023,2022,Tyler Johnson,2TM,PG,6,0,15.2,1.0,3.3,.300,0.8,2.2,.385,0.2,1.2,.143,.425,0.0,0.0,,0.5,3.5,1.5,10.7,2.0,2.0,7.1,1.2,9.5,0.5,1.6,0.5,2.8,1.2,2.8,0.3,9.1,7.1
2024,2022,Tyler Johnson,PHI,PG,3,0,12.7,1.3,3.3,.400,1.0,2.3,.429,0.3,1.0,.333,.550,0.0,0.0,,0.3,3.0,1.7,14.4,2.0,2.0,8.8,0.7,7.4,0.3,1.3,0.3,2.4,1.3,3.7,0.3,9.1,9.4
2025,2022,Tyler Johnson,SAS,PG,3,0,17.7,0.7,3.3,.200,0.7,2.0,.333,0.0,1.3,.000,.300,0.0,0.0,,0.7,3.9,1.3,8.0,2.0,2.0,5.9,1.7,11.0,0.7,1.8,0.7,3.2,1.0,2.0,0.3,9.1,5.5
2026,2022,Aleem Ford,ORL,SF,5,0,14.8,1.2,4.0,.300,0.4,3.0,.133,0.8,1.0,.800,.350,0.0,0.0,,0.4,2.8,2.6,18.6,3.0,3.0,10.7,0.4,3.8,0.2,0.7,0.0,0.0,1.4,2.8,0.8,16.7,0.5
2027,2022,Tyrone Wallace,NOP,SG,6,0,12.5,1.2,3.3,.350,0.3,1.3,.250,0.8,2.0,.417,.400,0.2,0.8,.200,0.0,0.0,1.3,12.1,1.3,1.3,5.9,0.2,1.8,0.5,2.0,0.2,1.3,1.2,2.8,0.3,8.3,2.5
2028,2022,Gary Clark,NOP,PF,38,1,9.9,0.9,2.3,.375,0.7,1.8,.400,0.1,0.5,.278,.534,0.2,0.3,.700,0.6,6.6,1.8,20.1,2.4,2.4,13.2,0.5,6.4,0.3,1.7,0.2,1.8,0.5,2.7,0.3,9.8,11.4
2029,2022,Josh Okogie,MIN,SG,49,6,10.5,0.9,2.1,.404,0.3,1.0,.298,0.6,1.2,.491,.471,0.7,1.0,.686,0.6,5.9,0.8,8.7,1.4,1.4,7.3,0.5,6.2,0.5,2.4,0.2,2.2,1.1,2.7,0.5,15.4,9.0
2030,2022,Jay Scrubb,LAC,SG,18,0,6.7,1.0,2.6,.391,0.3,1.2,.286,0.7,1.4,.480,.457,0.4,0.6,.700,0.1,1.8,0.8,11.9,0.9,0.9,7.0,0.4,9.7,0.2,1.6,0.2,2.1,0.5,2.7,0.4,12.2,9.3
2031,2022,Quinndary Weatherspoon,GSW,SG,11,0,6.6,1.1,1.9,.571,0.1,0.5,.200,1.0,1.5,.688,.595,0.5,0.5,1.000,0.2,3.1,1.1,17.4,1.3,1.3,10.5,0.5,10.1,0.1,0.7,0.1,1.3,1.4,2.7,0.3,11.5,12.0
2032,2022,Chris Silva,2TM,PF,10,0,9.1,0.8,1.5,.533,0.0,0.0,,0.8,1.5,.533,.533,1.0,1.2,.833,1.3,16.5,2.3,28.2,3.6,3.6,22.4,0.7,10.6,0.0,0.0,0.1,1.2,2.0,2.6,0.8,28.3,11.6
2033,2022,Chris Silva,MIN,PF,1,0,3.0,0.0,0.0,,0.0,0.0,,0.0,0.0,,,0.0,0.0,,0.0,0.0,1.0,36.6,1.0,1.0,17.9,0.0,0.0,0.0,0.0,0.0,0.0,0.0,0.0,0.0,,3.8
2034,2022,Chris Silva,MIA,PF,9,0,9.8,0.9,1.7,.533,0.0,0.0,,0.9,1.7,.533,.533,1.1,1.3,.833,1.4,17.0,2.4,27.9,3.9,3.9,22.6,0.8,10.9,0.0,0.0,0.1,1.2,2.2,2.9,0.9,28.3,11.9
2035,2022,Gabriel Deck,OKC,PF,7,0,8.0,1.1,2.0,.571,0.3,0.6,.500,0.9,1.4,.600,.643,0.0,0.0,,0.1,1.8,0.7,9.3,0.9,0.9,5.5,0.7,13.7,0.1,0.9,0.0,0.0,0.3,2.6,0.3,12.5,11.5
2036,2022,Devon Dotson,CHI,PG,11,0,7.7,1.0,2.1,.478,0.2,0.8,.222,0.8,1.3,.643,.522,0.5,0.8,.556,0.1,1.3,0.7,10.5,0.8,0.8,6.0,1.4,23.9,0.1,0.6,0.0,0.0,1.0,2.6,0.5,15.6,9.8
2037,2022,Juwan Morgan,2TM,PF,2,0,15.5,1.0,1.5,.667,0.5,1.0,.500,0.5,0.5,1.000,.833,0.0,0.0,,1.0,6.6,1.0,7.4,2.0,2.0,7.0,0.5,4.2,0.0,0.0,0.0,0.0,1.5,2.5,0.0,0.0,8.3
2038,2022,Juwan Morgan,TOR,PF,1,0,27.0,2.0,3.0,.667,1.0,2.0,.500,1.0,1.0,1.000,.833,0.0,0.0,,2.0,7.6,2.0,8.5,4.0,4.0,8.0,1.0,4.8,0.0,0.0,0.0,0.0,3.0,5.0,0.0,0.0,9.5
2039,2022,Juwan Morgan,BOS,PF,1,0,4.0,0.0,0.0,,0.0,0.0,,0.0,0.0,,,0.0,0.0,,0.0,0.0,0.0,0.0,0.0,0.0,0.0,0.0,0.0,0.0,0.0,0.0,0.0,0.0,0.0,0.0,,0.0
2040,2022,Udonis Haslem,MIA,C,13,0,6.4,1.1,2.4,.452,0.1,0.3,.250,1.0,2.1,.481,.468,0.2,0.2,1.000,0.3,5.6,1.6,28.2,1.9,1.9,17.1,0.3,7.4,0.1,0.6,0.1,1.3,1.2,2.5,0.4,13.4,8.6
2041,2022,Sam Hauser,BOS,SF,26,0,6.1,0.9,1.9,.460,0.7,1.7,.432,0.2,0.2,.667,.650,0.0,0.0,,0.2,3.5,0.9,16.0,1.1,1.1,9.9,0.4,9.1,0.0,0.3,0.1,1.2,0.3,2.5,0.1,3.8,14.8
2042,2022,Theo Pinson,DAL,SF,19,0,7.8,0.7,2.1,.359,0.5,1.6,.333,0.2,0.5,.444,.487,0.5,0.5,1.000,0.1,1.5,1.0,14.3,1.1,1.1,7.9,0.9,15.9,0.3,1.7,0.1,1.2,0.6,2.5,0.3,10.3,11.9
2043,2022,Bol Bol,DEN,PF,14,0,5.8,1.1,1.9,.556,0.1,0.3,.250,1.0,1.6,.609,.574,0.1,0.4,.400,0.3,5.7,1.1,21.4,1.4,1.4,13.8,0.4,9.1,0.1,0.6,0.1,2.2,0.3,2.4,0.3,12.0,13.5
2044,2022,Jalen Johnson,ATL,PF,22,0,5.5,1.0,1.9,.537,0.1,0.6,.231,0.9,1.3,.679,.573,0.2,0.3,.714,0.1,1.8,1.1,21.8,1.2,1.2,11.9,0.1,3.7,0.1,1.2,0.1,1.5,0.4,2.4,0.4,17.0,11.3
2045,2022,Jake Layman,MIN,SF,34,1,6.8,0.9,2.1,.411,0.2,1.0,.229,0.6,1.1,.579,.466,0.4,0.5,.722,0.2,2.7,0.9,14.3,1.1,1.1,8.4,0.3,5.3,0.2,1.4,0.1,2.1,0.4,2.4,0.3,11.0,9.0
2046,2022,Abdel Nader,PHO,SF,14,0,10.4,0.9,2.5,.343,0.3,1.0,.286,0.6,1.5,.381,.400,0.4,0.7,.600,0.3,3.0,1.6,16.6,1.9,1.9,10.0,0.5,5.9,0.6,2.7,0.3,2.5,1.4,2.4,0.8,21.8,4.9
2047,2022,Ish Wainright,PHO,PF,45,0,8.0,0.9,2.3,.394,0.4,1.3,.322,0.5,1.0,.489,.486,0.2,0.3,.583,0.6,8.3,0.6,7.9,1.2,1.2,8.1,0.3,5.3,0.4,2.7,0.1,1.5,1.1,2.4,0.3,10.6,9.4
2048,2022,Nik Stauskas,2TM,SG,8,0,4.9,0.6,1.8,.357,0.5,1.3,.400,0.1,0.5,.250,.500,0.5,0.8,.667,0.1,3.0,0.3,5.7,0.4,0.4,4.4,0.3,7.3,0.0,0.0,0.0,0.0,0.1,2.3,0.1,5.7,10.5
2049,2022,Nik Stauskas,MIA,SG,2,0,12.0,1.5,4.0,.375,1.0,2.0,.500,0.5,2.0,.250,.500,1.5,2.0,.750,0.5,4.8,1.0,9.3,1.5,1.5,7.1,0.5,6.0,0.0,0.0,0.0,0.0,0.5,5.5,0.0,0.0,13.1
2050,2022,Nik Stauskas,BOS,SG,6,0,2.5,0.3,1.0,.333,0.3,1.0,.333,0.0,0.0,,.500,0.2,0.3,.500,0.0,0.0,0.0,0.0,0.0,0.0,0.0,0.2,9.4,0.0,0.0,0.0,0.0,0.0,1.2,0.2,12.7,6.2
2051,2022,Justin Champagnie,TOR,SF,36,0,7.8,0.9,1.9,.463,0.3,0.8,.357,0.6,1.1,.538,.537,0.3,0.3,1.000,1.0,13.5,1.0,14.3,2.0,2.0,13.9,0.3,5.4,0.2,1.4,0.1,1.4,0.9,2.3,0.2,10.1,13.6
2052,2022,Freddie Gillespie,ORL,PF,9,2,13.2,1.0,2.4,.409,0.0,0.1,.000,1.0,2.3,.429,.409,0.3,0.8,.429,1.4,11.5,2.6,20.5,4.0,4.0,16.0,0.6,5.9,0.3,1.2,1.0,6.9,2.0,2.3,0.6,16.6,9.5
2053,2022,Haywood Highsmith,MIA,SF,19,1,8.6,0.8,2.4,.348,0.5,1.5,.321,0.4,0.9,.389,.446,0.1,0.3,.400,0.5,7.1,0.8,10.9,1.4,1.4,9.0,0.3,5.1,0.1,0.6,0.2,1.9,0.7,2.3,0.2,5.9,7.0
2054,2022,Miles McBride,NYK,PG,40,2,9.3,0.8,2.7,.296,0.4,1.7,.250,0.4,1.0,.375,.375,0.2,0.3,.667,0.1,1.1,1.0,11.2,1.1,1.1,6.1,1.0,15.9,0.4,1.9,0.0,0.3,1.1,2.2,0.1,4.2,6.1
2055,2022,Jericho Sims,NYK,PF,41,5,13.5,1.0,1.3,.722,0.0,0.0,,1.0,1.3,.722,.722,0.3,0.7,.414,1.5,11.6,2.6,21.3,4.1,4.1,16.4,0.5,5.3,0.3,1.0,0.5,3.9,1.6,2.2,0.5,23.1,11.6
2056,2022,Dylan Windler,CLE,SF,50,0,9.2,0.7,2.0,.378,0.4,1.4,.300,0.3,0.6,.571,.485,0.3,0.4,.833,0.4,5.2,1.4,16.0,1.8,1.8,10.7,0.7,10.0,0.3,1.5,0.1,0.6,0.9,2.2,0.3,13.1,8.8
2057,2022,Jeff Dowtin Jr.,3TM,PG,9,0,12.0,0.9,2.9,.308,0.1,1.0,.111,0.8,1.9,.412,.327,0.2,0.2,1.000,0.9,7.9,1.1,9.8,2.0,2.0,8.9,1.1,12.7,0.6,2.2,0.1,0.9,0.6,2.1,0.6,15.7,6.8
2058,2022,Jeff Dowtin Jr.,GSW,PG,4,0,7.0,0.8,1.5,.500,0.0,0.3,.000,0.8,1.3,.600,.500,0.0,0.0,,0.3,4.0,1.5,22.7,1.8,1.8,13.7,0.8,14.6,0.0,0.0,0.3,3.4,0.5,1.5,0.3,14.3,9.5
2059,2022,Jeff Dowtin Jr.,MIL,PG,1,0,3.0,0.0,1.0,.000,0.0,1.0,.000,0.0,0.0,,.000,0.0,0.0,,0.0,0.0,0.0,0.0,0.0,0.0,0.0,0.0,0.0,0.0,0.0,0.0,0.0,0.0,0.0,0.0,0.0,-12.9
2060,2022,Jeff Dowtin Jr.,ORL,PG,4,0,19.3,1.3,4.8,.263,0.3,1.8,.143,1.0,3.0,.333,.289,0.5,0.5,1.000,1.8,9.6,1.0,5.5,2.8,2.8,7.5,1.8,12.5,1.3,3.1,0.0,0.0,0.8,3.3,1.0,16.8,6.5
2061,2022,Justin Jackson,2TM,SF,7,0,5.3,0.7,2.1,.333,0.4,1.3,.333,0.3,0.9,.333,.433,0.3,0.3,1.000,0.1,3.0,0.9,16.9,1.0,1.0,10.1,0.3,7.1,0.0,0.0,0.0,0.0,0.4,2.1,0.1,5.9,7.7
2062,2022,Justin Jackson,BOS,SF,1,0,2.0,0.0,1.0,.000,0.0,0.0,,0.0,1.0,.000,.000,2.0,2.0,1.000,0.0,0.0,0.0,0.0,0.0,0.0,0.0,0.0,0.0,0.0,0.0,0.0,0.0,0.0,2.0,0.0,0.0,22.7
2063,2022,Justin Jackson,PHO,SF,6,0,5.8,0.8,2.3,.357,0.5,1.5,.333,0.3,0.8,.400,.464,0.0,0.0,,0.2,3.1,1.0,17.9,1.2,1.2,10.7,0.3,7.5,0.0,0.0,0.0,0.0,0.5,2.2,0.2,6.7,6.8
2064,2022,Joe Wieskamp,SAS,SG,29,0,7.1,0.7,1.9,.357,0.5,1.5,.326,0.2,0.4,.462,.482,0.2,0.4,.538,0.1,2.0,0.3,5.2,0.5,0.5,3.6,0.3,5.5,0.1,0.9,0.1,1.2,0.5,2.1,0.1,3.1,7.1
2065,2022,Langston Galloway,2TM,SG,7,0,15.3,0.9,3.7,.231,0.3,2.3,.125,0.6,1.4,.400,.269,0.0,0.0,,0.4,3.1,2.1,14.7,2.6,2.6,9.0,1.7,13.7,0.1,0.4,0.0,0.0,1.0,2.0,0.9,18.8,0.7
2066,2022,Langston Galloway,BRK,SG,4,0,14.5,1.3,3.3,.385,0.5,2.0,.250,0.8,1.3,.600,.462,0.0,0.0,,0.3,1.9,1.8,12.8,2.0,2.0,7.5,1.3,11.0,0.0,0.0,0.0,0.0,1.3,3.0,1.3,27.8,1.8
2067,2022,Langston Galloway,MIL,SG,3,0,16.3,0.3,4.3,.077,0.0,2.7,.000,0.3,1.7,.200,.077,0.0,0.0,,0.7,4.4,2.7,17.0,3.3,3.3,10.8,2.3,16.9,0.3,1.0,0.0,0.0,0.7,0.7,0.3,7.1,-0.6
2068,2022,Luke Kornet,3TM,C,15,0,6.9,0.9,1.8,.481,0.0,0.3,.000,0.9,1.5,.591,.481,0.3,0.4,.667,0.9,14.0,1.1,16.4,1.9,1.9,15.2,0.6,12.4,0.2,1.4,0.2,2.6,0.6,2.0,0.0,0.0,16.6
2069,2022,Luke Kornet,CLE,C,2,0,7.5,0.5,2.5,.200,0.0,0.5,.000,0.5,2.0,.250,.200,1.0,1.5,.667,1.0,15.1,0.5,7.2,1.5,1.5,11.1,0.5,8.8,0.0,0.0,0.5,5.9,0.5,2.0,0.0,0.0,8.7
2070,2022,Luke Kornet,MIL,C,1,0,3.0,0.0,1.0,.000,0.0,0.0,,0.0,1.0,.000,.000,0.0,0.0,,1.0,36.1,0.0,0.0,1.0,1.0,17.7,0.0,0.0,0.0,0.0,0.0,0.0,1.0,0.0,0.0,0.0,-5.0
2071,2022,Luke Kornet,BOS,C,12,0,7.1,1.0,1.8,.571,0.0,0.3,.000,1.0,1.4,.706,.571,0.2,0.3,.667,0.8,13.0,1.3,18.6,2.1,2.1,15.9,0.7,13.5,0.3,1.8,0.2,2.1,0.6,2.2,0.0,0.0,18.8
2072,2022,Ahmad Caver,IND,SG,1,0,1.0,1.0,1.0,1.000,0.0,0.0,,1.0,1.0,1.000,1.000,0.0,0.0,,0.0,0.0,0.0,0.0,0.0,0.0,0.0,0.0,0.0,0.0,0.0,0.0,0.0,0.0,2.0,0.0,0.0,76.2
2073,2022,Chris Chiozza,GSW,PG,34,1,10.9,0.7,2.4,.296,0.5,1.6,.321,0.2,0.8,.250,.401,0.1,0.1,.667,0.3,2.7,0.8,7.7,1.1,1.1,5.3,1.9,22.5,0.4,1.7,0.0,0.0,0.9,2.0,0.9,28.0,4.4
2074,2022,Damyean Dotson,NYK,SG,2,0,10.5,1.0,2.0,.500,0.0,0.5,.000,1.0,1.5,.667,.500,0.0,0.0,,0.0,0.0,1.0,10.4,1.0,1.0,5.1,0.5,6.9,0.0,0.0,0.0,0.0,0.0,2.0,0.0,0.0,6.4
2075,2022,Usman Garuba,HOU,PF,24,2,10.0,0.8,1.8,.432,0.2,0.8,.250,0.6,1.0,.583,.489,0.2,0.3,.714,0.9,9.6,2.6,28.7,3.5,3.5,19.1,0.7,9.6,0.4,2.0,0.5,4.1,1.2,2.0,0.3,11.3,12.9
2076,2022,Shaquille Harrison,BRK,SG,2,0,11.5,1.0,3.0,.333,0.0,1.0,.000,1.0,2.0,.500,.333,0.0,0.0,,0.5,4.9,1.5,13.8,2.0,2.0,9.5,1.5,16.6,0.5,2.1,0.5,3.9,1.5,2.0,1.0,25.0,4.6
2077,2022,Joe Johnson,BOS,SG,1,0,2.0,1.0,1.0,1.000,0.0,0.0,,1.0,1.0,1.000,1.000,0.0,0.0,,0.0,0.0,0.0,0.0,0.0,0.0,0.0,0.0,0.0,0.0,0.0,0.0,0.0,0.0,2.0,0.0,0.0,38.7
2078,2022,Jemerrio Jones,LAL,SF,2,0,7.5,1.0,1.5,.667,0.0,0.0,,1.0,1.5,.667,.667,0.0,0.0,,1.0,14.4,0.5,7.1,1.5,1.5,10.8,0.0,0.0,0.5,3.2,0.0,0.0,1.0,2.0,0.0,0.0,14.8
2079,2022,Norvel Pelle,UTA,C,3,0,6.3,1.0,1.7,.600,0.0,0.0,,1.0,1.7,.600,.600,0.0,0.0,,1.0,17.9,1.0,16.7,2.0,2.0,17.3,0.0,0.0,0.0,0.0,0.3,4.6,0.3,2.0,0.7,28.6,12.2
2080,2022,Craig Sword,WAS,SG,3,0,6.3,1.0,1.3,.750,0.0,0.3,.000,1.0,1.0,1.000,.750,0.0,0.0,,0.0,0.0,0.0,0.0,0.0,0.0,0.0,0.3,7.7,1.3,10.4,0.0,0.0,2.3,2.0,0.3,20.0,14.2
2081,2022,JT Thor,CHO,PF,33,0,7.9,0.7,1.7,.436,0.2,0.8,.259,0.5,0.8,.607,.500,0.4,0.6,.600,0.3,4.4,1.0,13.1,1.3,1.3,8.7,0.6,9.2,0.2,1.5,0.3,4.0,0.8,2.0,0.3,13.6,9.7
2082,2022,Cassius Winston,WAS,PG,7,0,5.6,0.6,1.6,.364,0.3,0.9,.333,0.3,0.7,.400,.455,0.6,0.6,1.000,0.0,0.0,0.1,2.8,0.1,0.1,1.4,1.0,24.4,0.0,0.0,0.0,0.0,1.3,2.0,0.4,19.0,6.0
2083,2022,Marko Simonovic,CHI,C,9,0,3.9,0.4,1.7,.267,0.1,0.6,.200,0.3,1.1,.300,.300,0.9,1.2,.727,0.6,16.2,0.6,16.0,1.1,1.1,16.1,0.0,0.0,0.1,1.4,0.1,2.5,0.7,1.9,0.2,9.2,10.2
2084,2022,Alize Johnson,3TM,PF,23,0,7.3,0.7,1.7,.436,0.0,0.2,.000,0.7,1.5,.486,.436,0.3,0.5,.583,1.2,18.8,1.4,22.1,2.7,2.7,20.4,0.4,7.1,0.2,1.5,0.0,0.0,0.8,1.8,0.5,21.3,10.7
2085,2022,Alize Johnson,CHI,PF,16,0,7.6,0.8,1.4,.522,0.0,0.1,.000,0.8,1.3,.571,.522,0.3,0.4,.571,1.0,15.0,1.3,18.5,2.3,2.3,16.7,0.5,8.6,0.2,1.2,0.0,0.0,0.9,1.8,0.5,23.5,10.2
2086,2022,Alize Johnson,WAS,PF,3,0,6.0,0.7,2.0,.333,0.0,0.7,.000,0.7,1.3,.500,.333,0.0,0.3,.000,1.7,31.3,2.3,42.4,4.0,4.0,36.9,0.0,0.0,0.0,0.0,0.0,0.0,0.0,1.3,1.0,31.8,5.7
2087,2022,Alize Johnson,NOP,PF,4,0,7.0,0.8,2.5,.300,0.0,0.0,,0.8,2.5,.300,.300,0.8,1.0,.750,1.8,27.1,1.5,24.3,3.3,3.3,25.7,0.3,4.9,0.5,3.5,0.0,0.0,0.8,2.3,0.3,7.8,15.9
2088,2022,Eugene Omoruyi,DAL,SF,4,0,4.5,0.5,1.3,.400,0.3,0.5,.500,0.3,0.8,.333,.500,0.5,1.0,.500,0.5,12.3,1.3,30.9,1.8,1.8,21.6,0.5,15.8,0.0,0.0,0.0,0.0,0.5,1.8,0.0,0.0,17.0
2089,2022,Brodric Thomas,BOS,SG,12,0,5.0,0.7,1.5,.444,0.2,0.8,.222,0.5,0.8,.667,.500,0.3,0.4,.600,0.2,3.7,0.7,14.1,0.8,0.8,9.0,0.9,26.0,0.1,0.8,0.1,1.5,0.6,1.8,0.5,22.9,10.0
2090,2022,Willie Cauley-Stein,2TM,C,20,2,9.2,0.8,1.8,.457,0.1,0.1,.500,0.8,1.7,.455,.471,0.1,0.1,.500,0.7,7.9,1.4,16.4,2.0,2.0,12.2,0.5,7.5,0.3,1.7,0.2,1.5,1.0,1.7,0.4,16.3,8.3
2091,2022,Willie Cauley-Stein,DAL,C,18,2,9.8,0.9,1.9,.457,0.1,0.1,.500,0.8,1.8,.455,.471,0.1,0.1,.500,0.7,8.2,1.4,15.7,2.1,2.1,11.9,0.5,7.0,0.3,1.7,0.2,1.5,0.9,1.9,0.4,16.3,8.4
2092,2022,Willie Cauley-Stein,PHI,C,2,0,3.0,0.0,0.0,,0.0,0.0,,0.0,0.0,,,0.0,0.0,,0.0,0.0,1.0,36.6,1.0,1.0,18.6,0.5,20.4,0.0,0.0,0.0,0.0,1.0,0.0,0.0,,4.2
2093,2022,Wayne Selden,NYK,SG,3,0,6.3,0.3,1.3,.250,0.3,0.7,.500,0.0,0.7,.000,.375,0.7,1.3,.500,0.0,0.0,0.3,5.8,0.3,0.3,2.8,0.3,7.2,0.0,0.0,0.0,0.0,0.3,1.7,0.0,0.0,4.3
2094,2022,Isaiah Todd,WAS,PF,12,0,6.2,0.6,2.2,.269,0.3,1.3,.250,0.3,0.8,.300,.346,0.2,0.5,.333,0.3,4.6,0.8,13.3,1.0,1.0,9.0,0.3,7.3,0.3,2.7,0.2,2.3,0.3,1.7,0.3,12.3,4.7
2095,2022,Ryan Arcidiacono,NYK,PG,10,0,7.6,0.6,1.2,.500,0.4,0.9,.444,0.2,0.3,.667,.667,0.0,0.0,,0.0,0.0,0.8,11.5,0.8,0.8,5.7,0.4,7.5,0.1,0.7,0.0,0.0,0.5,1.6,0.3,20.0,6.1
2096,2022,Kevin Pangos,CLE,PG,24,3,6.9,0.6,1.9,.326,0.3,1.1,.231,0.4,0.8,.450,.391,0.1,0.2,.750,0.1,1.4,0.4,5.9,0.5,0.5,3.7,1.3,24.6,0.1,0.9,0.0,0.0,0.5,1.6,0.3,12.8,6.5
2097,2022,Rob Edwards,OKC,SG,2,0,5.5,0.5,2.0,.250,0.5,2.0,.250,0.0,0.0,,.375,0.0,0.0,,0.0,0.0,1.5,28.5,1.5,1.5,14.0,0.0,0.0,0.0,0.0,0.0,0.0,0.0,1.5,0.5,20.0,-0.8
2098,2022,Emmanuel Mudiay,SAC,PG,2,0,5.5,0.0,1.0,.000,0.0,0.0,,0.0,1.0,.000,.000,1.5,2.0,.750,0.0,0.0,0.0,0.0,0.0,0.0,0.0,2.0,43.4,0.5,4.4,0.0,0.0,0.5,1.5,0.5,21.0,12.3
2099,2022,Malik Fitts,2TM,PF,15,0,4.2,0.5,1.3,.421,0.3,0.7,.500,0.2,0.6,.333,.553,0.0,0.0,,0.1,3.5,1.0,25.2,1.1,1.1,14.7,0.3,12.7,0.0,0.0,0.0,0.0,0.3,1.4,0.1,9.5,10.7
2100,2022,Malik Fitts,UTA,PF,7,0,5.0,0.3,1.3,.222,0.3,0.6,.500,0.0,0.7,.000,.333,0.0,0.0,,0.0,0.0,1.4,30.3,1.4,1.4,15.6,0.0,0.0,0.0,0.0,0.0,0.0,0.4,0.9,0.3,18.2,-1.6
2101,2022,Malik Fitts,BOS,PF,8,0,3.5,0.8,1.3,.600,0.4,0.8,.500,0.4,0.5,.750,.750,0.0,0.0,,0.3,7.9,0.6,18.8,0.9,0.9,13.5,0.6,28.6,0.0,0.0,0.0,0.0,0.1,1.9,0.0,0.0,26.1
2102,2022,Charlie Brown Jr.,2TM,SG,22,2,8.0,0.5,1.8,.256,0.0,0.5,.083,0.4,1.2,.333,.269,0.4,0.5,.900,0.6,9.0,0.8,11.2,1.5,1.5,10.1,0.3,4.5,0.5,2.8,0.2,2.0,0.8,1.4,0.2,10.3,6.5
2103,2022,Charlie Brown Jr.,DAL,SG,3,0,5.0,0.3,1.7,.200,0.0,1.0,.000,0.3,0.7,.500,.200,0.0,0.0,,0.0,0.0,0.3,7.4,0.3,0.3,3.7,0.3,8.9,0.7,6.7,0.3,6.0,0.7,0.7,0.0,0.0,5.1
2104,2022,Charlie Brown Jr.,PHI,SG,19,2,8.5,0.5,1.8,.265,0.1,0.5,.111,0.4,1.3,.320,.279,0.5,0.5,.900,0.7,9.8,0.9,11.5,1.6,1.6,10.7,0.3,4.1,0.4,2.5,0.2,1.7,0.8,1.5,0.3,11.5,6.6
2105,2022,Leandro Bolmaro,MIN,SF,35,2,6.9,0.5,1.5,.315,0.1,0.5,.278,0.3,1.0,.333,.361,0.3,0.4,.846,0.5,6.9,0.8,12.3,1.2,1.2,9.6,0.6,11.0,0.2,1.2,0.0,0.0,0.7,1.4,0.4,17.9,5.4
2106,2022,Moses Wright,2TM,PF,4,0,3.5,0.3,1.0,.250,0.0,0.3,.000,0.3,0.8,.333,.250,0.8,0.8,1.000,0.3,7.9,0.5,15.9,0.8,0.8,11.9,0.5,16.8,0.0,0.0,0.3,6.5,0.0,1.3,0.0,0.0,18.3
2107,2022,Moses Wright,LAC,PF,1,0,1.0,0.0,0.0,,0.0,0.0,,0.0,0.0,,,0.0,0.0,,0.0,0.0,0.0,0.0,0.0,0.0,0.0,1.0,100.0,0.0,0.0,0.0,0.0,0.0,0.0,0.0,,31.2
2108,2022,Moses Wright,DAL,PF,3,0,4.3,0.3,1.3,.250,0.0,0.3,.000,0.3,1.0,.333,.250,1.0,1.0,1.000,0.3,8.5,0.7,17.1,1.0,1.0,12.8,0.3,10.4,0.0,0.0,0.3,7.0,0.0,1.7,0.0,0.0,17.3
2109,2022,Darren Collison,LAL,PG,3,0,12.3,0.7,2.3,.286,0.0,1.0,.000,0.7,1.3,.500,.286,0.0,0.0,,0.0,0.0,1.3,11.6,1.3,1.3,5.8,0.7,6.8,0.3,1.3,0.0,0.0,1.7,1.3,0.3,12.5,-0.2
2110,2022,Jordan Schakel,WAS,SG,4,0,7.5,0.3,2.8,.091,0.3,1.5,.167,0.0,1.3,.000,.136,0.5,0.5,1.000,0.5,7.5,1.5,21.8,2.0,2.0,14.8,0.0,0.0,0.3,1.6,0.0,0.0,0.0,1.3,0.3,7.8,-1.2
2111,2022,Myles Powell,PHI,PG,11,0,4.7,0.5,1.5,.294,0.1,0.5,.167,0.4,1.0,.364,.324,0.2,0.2,1.000,0.1,2.2,0.5,10.6,0.5,0.5,6.4,0.3,8.0,0.1,1.0,0.0,0.0,0.7,1.2,0.3,14.4,0.2
2112,2022,Petr Cornelie,DEN,PF,13,0,2.9,0.4,1.2,.333,0.1,0.6,.125,0.3,0.5,.571,.367,0.2,0.3,.750,0.5,21.3,0.5,19.9,1.1,1.1,20.6,0.2,10.8,0.1,1.3,0.1,2.4,0.5,1.1,0.3,19.3,9.6
2113,2022,Tacko Fall,CLE,C,11,1,5.4,0.5,1.1,.417,0.0,0.0,,0.5,1.1,.417,.417,0.2,0.6,.286,0.6,13.4,1.5,29.4,2.1,2.1,21.6,0.2,4.6,0.0,0.0,0.5,9.1,0.3,1.1,0.3,16.6,11.3
2114,2022,Marcus Garrett,MIA,SG,12,0,10.7,0.4,1.8,.238,0.1,0.3,.250,0.3,1.4,.235,.262,0.2,0.4,.400,0.8,8.1,1.2,12.2,1.9,1.9,10.2,0.6,7.0,0.4,2.0,0.3,2.5,1.3,1.1,0.2,7.9,4.7
2115,2022,RJ Nembhard Jr.,CLE,SG,14,0,4.5,0.4,1.3,.333,0.0,0.1,.000,0.4,1.1,.375,.333,0.2,0.3,.750,0.2,5.4,0.3,6.9,0.5,0.5,6.1,0.9,26.1,0.1,0.8,0.0,0.0,0.1,1.1,0.2,13.2,8.0
2116,2022,Yves Pons,MEM,SF,12,0,5.9,0.4,1.3,.313,0.3,0.8,.333,0.2,0.6,.286,.406,0.0,0.2,.000,0.4,7.2,0.6,10.6,1.0,1.0,8.8,0.1,1.7,0.1,0.7,0.3,5.0,0.5,1.1,0.1,5.6,5.9
2117,2022,Shaq Buchanan,MEM,SG,2,0,5.0,0.5,2.0,.250,0.0,1.0,.000,0.5,1.0,.500,.250,0.0,0.0,,0.5,10.2,0.5,10.7,1.0,1.0,10.5,1.0,24.9,0.5,4.8,0.0,0.0,0.5,1.0,1.0,33.3,0.6
2118,2022,Kai Jones,CHO,C,21,0,3.0,0.4,0.7,.643,0.0,0.1,.500,0.4,0.6,.667,.679,0.1,0.4,.375,0.1,5.0,0.4,13.7,0.5,0.5,9.2,0.2,8.6,0.0,0.8,0.1,3.0,0.4,1.0,0.3,25.5,9.2
2119,2022,Dakota Mathias,MEM,SG,6,0,2.7,0.3,1.0,.333,0.3,1.0,.333,0.0,0.0,,.500,0.0,0.0,,0.0,0.0,0.3,13.4,0.3,0.3,6.5,0.2,8.0,0.2,3.0,0.0,0.0,0.2,1.0,0.0,0.0,11.0
2120,2022,Deividas Sirvydis,DET,SG,3,0,9.0,0.3,3.3,.100,0.3,2.3,.143,0.0,1.0,.000,.150,0.0,0.0,,0.0,0.0,2.0,25.3,2.0,2.0,12.0,0.3,4.9,1.0,5.4,0.3,3.3,1.3,1.0,0.0,0.0,0.1
2121,2022,Jaden Springer,PHI,SG,2,0,3.0,0.5,0.5,1.000,0.0,0.0,,0.5,0.5,1.000,1.000,0.0,0.0,,0.5,18.9,0.5,18.3,1.0,1.0,18.6,0.0,0.0,0.0,0.0,1.0,30.0,0.0,1.0,0.5,50.0,26.4
2122,2022,Tyrell Terry,MEM,PG,2,0,1.5,0.5,0.5,1.000,0.0,0.0,,0.5,0.5,1.000,1.000,0.0,0.0,,0.0,0.0,0.0,0.0,0.0,0.0,0.0,0.0,0.0,0.0,0.0,0.0,0.0,0.5,1.0,0.0,0.0,20.0
2123,2022,McKinley Wright IV,MIN,PG,5,0,3.8,0.4,0.6,.667,0.2,0.4,.500,0.2,0.2,1.000,.833,0.0,0.0,,0.0,0.0,0.0,0.0,0.0,0.0,0.0,0.6,20.9,0.0,0.0,0.0,0.0,0.2,1.0,0.2,25.0,9.5
2124,2022,Ed Davis,CLE,C,31,3,6.5,0.4,0.5,.688,0.0,0.0,,0.4,0.5,.688,.688,0.2,0.5,.429,0.5,7.9,1.6,26.9,2.1,2.1,17.6,0.2,4.5,0.1,0.7,0.3,4.0,1.1,0.9,0.2,18.4,9.3
2125,2022,Carlik Jones,2TM,PG,5,0,4.6,0.2,1.8,.111,0.0,0.2,.000,0.2,1.6,.125,.111,0.4,0.4,1.000,0.2,4.8,0.4,9.7,0.6,0.6,7.3,1.0,26.7,0.2,2.2,0.0,0.0,0.0,0.8,0.6,23.3,-1.8
2126,2022,Carlik Jones,DAL,PG,3,0,6.3,0.0,2.3,.000,0.0,0.3,.000,0.0,2.0,.000,.000,0.7,0.7,1.000,0.3,5.8,0.7,11.7,1.0,1.0,8.8,1.7,32.3,0.3,2.6,0.0,0.0,0.0,0.7,1.0,27.6,-4.0
2127,2022,Carlik Jones,DEN,PG,2,0,2.0,0.5,1.0,.500,0.0,0.0,,0.5,1.0,.500,.500,0.0,0.0,,0.0,0.0,0.0,0.0,0.0,0.0,0.0,0.0,0.0,0.0,0.0,0.0,0.0,0.0,1.0,0.0,0.0,8.9
2128,2022,Isaac Bonga,TOR,SF,15,0,4.6,0.2,0.9,.231,0.1,0.3,.250,0.1,0.6,.222,.269,0.3,0.5,.625,0.3,6.0,0.2,5.0,0.5,0.5,5.5,0.3,7.3,0.5,5.8,0.1,2.8,0.7,0.8,0.1,10.8,8.7
2129,2022,Jarron Cumberland,POR,SG,3,0,4.0,0.3,0.7,.500,0.0,0.3,.000,0.3,0.3,1.000,.500,0.0,0.0,,0.3,8.8,0.7,19.0,1.0,1.0,13.7,0.3,11.6,0.0,0.0,0.0,0.0,0.7,0.7,0.0,0.0,8.4
2130,2022,Chandler Hutchison,PHO,SF,6,0,3.7,0.2,0.3,.500,0.0,0.0,,0.2,0.3,.500,.500,0.3,0.3,1.000,0.0,0.0,0.8,23.8,0.8,0.8,12.2,0.3,10.5,0.0,0.0,0.0,0.0,0.2,0.7,0.7,58.1,1.0
2131,2022,DaQuan Jeffries,MEM,SG,3,0,3.0,0.3,0.7,.500,0.0,0.3,.000,0.3,0.3,1.000,.500,0.0,0.0,,0.0,0.0,0.7,23.8,0.7,0.7,11.6,0.3,14.0,0.0,0.0,0.0,0.0,0.3,0.7,0.0,0.0,8.4
2132,2022,Jaylen Morris,SAS,SG,3,0,5.3,0.0,2.0,.000,0.0,0.7,.000,0.0,1.3,.000,.000,0.7,1.3,.500,0.0,0.0,0.7,13.2,0.7,0.7,6.6,0.7,14.0,0.0,0.0,0.0,0.0,0.7,0.7,0.3,11.4,-11.4
2133,2022,Xavier Sneed,2TM,SF,9,0,4.3,0.2,1.1,.200,0.1,0.9,.125,0.1,0.2,.500,.250,0.0,0.0,,0.2,5.5,0.4,10.9,0.7,0.7,8.3,0.1,3.3,0.0,0.0,0.0,0.0,0.2,0.6,0.0,0.0,0.4
2134,2022,Xavier Sneed,MEM,SF,2,0,4.0,0.0,1.0,.000,0.0,1.0,.000,0.0,0.0,,.000,0.0,0.0,,0.5,12.8,0.5,13.4,1.0,1.0,13.1,0.0,0.0,0.0,0.0,0.0,0.0,1.0,0.0,0.0,0.0,-7.1
2135,2022,Xavier Sneed,UTA,SF,7,0,4.4,0.3,1.1,.250,0.1,0.9,.167,0.1,0.3,.500,.313,0.0,0.0,,0.1,3.7,0.4,10.3,0.6,0.6,7.1,0.1,4.1,0.0,0.0,0.0,0.0,0.0,0.7,0.0,0.0,2.4
2136,2022,Solomon Hill,ATL,SF,13,1,10.7,0.2,1.5,.150,0.2,1.0,.154,0.1,0.5,.143,.200,0.0,0.0,,0.5,4.8,1.3,13.3,1.8,1.8,9.1,0.9,10.3,0.3,1.4,0.2,1.3,1.2,0.6,0.1,4.8,3.3
2137,2022,Robert Woodard II,SAC,SF,12,0,3.5,0.2,1.3,.125,0.1,0.3,.250,0.1,1.0,.083,.156,0.2,0.2,1.000,0.4,12.8,0.5,15.7,0.9,0.9,14.3,0.3,9.0,0.1,1.1,0.1,2.1,0.3,0.6,0.1,5.6,2.1
2138,2022,Sharife Cooper,ATL,PG,13,0,3.0,0.2,1.1,.214,0.1,0.5,.167,0.2,0.6,.250,.250,0.0,0.0,,0.0,0.0,0.4,14.0,0.4,0.4,7.0,0.4,16.3,0.0,0.0,0.0,0.0,0.1,0.5,0.4,26.3,-5.4
2139,2022,Scottie Lewis,CHO,SG,2,0,3.5,0.0,0.0,,0.0,0.0,,0.0,0.0,,,0.5,1.0,.500,0.0,0.0,0.0,0.0,0.0,0.0,0.0,0.5,16.2,0.5,6.9,0.0,0.0,0.0,0.5,0.0,0.0,14.6
2140,2022,Joel Ayayi,WAS,SG,7,0,2.9,0.1,0.9,.167,0.0,0.1,.000,0.1,0.7,.200,.167,0.0,0.0,,0.1,5.6,0.3,10.9,0.4,0.4,8.3,0.6,25.4,0.0,0.0,0.0,0.0,0.0,0.3,0.0,0.0,3.4
2141,2022,Aaron Henry,PHI,SF,6,0,2.8,0.2,0.8,.200,0.0,0.2,.000,0.2,0.7,.250,.200,0.0,0.0,,0.0,0.0,0.2,6.5,0.2,0.2,3.3,0.0,0.0,0.0,0.0,0.3,10.6,0.3,0.3,0.3,28.6,-7.4
2142,2022,George King,DAL,SF,4,0,4.8,0.0,1.3,.000,0.0,1.0,.000,0.0,0.3,.000,.000,0.3,0.5,.500,0.0,0.0,1.3,29.3,1.3,1.3,14.6,0.0,0.0,0.0,0.0,0.0,0.0,1.0,0.3,0.3,14.5,-12.3
2143,2022,Miye Oni,UTA,SG,16,0,2.8,0.1,0.6,.222,0.1,0.5,.125,0.1,0.1,1.000,.278,0.0,0.1,.000,0.1,2.6,0.4,14.4,0.4,0.4,8.7,0.3,14.2,0.0,0.0,0.0,0.0,0.4,0.3,0.1,9.6,0.4
2144,2022,Cat Barber,ATL,PG,3,0,4.3,0.0,1.3,.000,0.0,0.0,,0.0,1.3,.000,.000,0.0,1.3,.000,0.3,8.5,0.7,16.7,1.0,1.0,12.6,1.0,26.7,0.0,0.0,0.0,0.0,0.3,0.0,0.3,14.8,-11.2
2145,2022,Jordan Bell,CHI,C,1,0,2.0,0.0,0.0,,0.0,0.0,,0.0,0.0,,,0.0,0.0,,1.0,56.6,0.0,0.0,1.0,1.0,28.1,0.0,0.0,1.0,24.4,0.0,0.0,2.0,0.0,0.0,,29.9
2146,2022,Zylan Cheatham,UTA,SF,1,0,5.0,0.0,3.0,.000,0.0,2.0,.000,0.0,1.0,.000,.000,0.0,0.0,,0.0,0.0,0.0,0.0,0.0,0.0,0.0,0.0,0.0,0.0,0.0,0.0,0.0,0.0,0.0,0.0,0.0,-23.8
2147,2022,Sam Dekker,TOR,PF,1,0,1.0,0.0,0.0,,0.0,0.0,,0.0,0.0,,,0.0,0.0,,0.0,0.0,0.0,0.0,0.0,0.0,0.0,0.0,0.0,0.0,0.0,0.0,0.0,0.0,0.0,0.0,,0.0
2148,2022,Javin DeLaurier,MIL,C,1,0,3.0,0.0,0.0,,0.0,0.0,,0.0,0.0,,,0.0,0.0,,0.0,0.0,1.0,34.6,1.0,1.0,17.7,0.0,0.0,1.0,16.0,0.0,0.0,1.0,0.0,0.0,,15.6
2149,2022,Jaime Echenique,WAS,C,1,0,3.0,0.0,0.0,,0.0,0.0,,0.0,0.0,,,0.0,0.0,,0.0,0.0,0.0,0.0,0.0,0.0,0.0,0.0,0.0,0.0,0.0,0.0,0.0,0.0,0.0,0.0,,0.0
2150,2022,Jordan Goodwin,WAS,SG,2,0,3.0,0.0,1.5,.000,0.0,0.5,.000,0.0,1.0,.000,.000,0.0,0.0,,0.0,0.0,0.5,18.2,0.5,0.5,9.2,0.0,0.0,0.0,0.0,0.0,0.0,0.5,0.0,0.0,0.0,-20.4
2151,2022,Tyler Hall,NYK,SG,1,0,2.0,0.0,0.0,,0.0,0.0,,0.0,0.0,,,0.0,0.0,,0.0,0.0,0.0,0.0,0.0,0.0,0.0,0.0,0.0,0.0,0.0,0.0,0.0,0.0,0.0,0.0,,0.0
2152,2022,Nate Hinton,IND,SG,2,0,1.0,0.0,0.5,.000,0.0,0.0,,0.0,0.5,.000,.000,0.0,0.0,,0.0,0.0,0.0,0.0,0.0,0.0,0.0,0.0,0.0,0.0,0.0,0.0,0.0,0.0,0.0,0.5,50.0,-45.2
2153,2022,Jay Huff,LAL,C,4,0,5.0,0.0,0.8,.000,0.0,0.5,.000,0.0,0.3,.000,.000,0.0,0.0,,0.3,5.4,0.8,16.1,1.0,1.0,10.8,0.3,5.9,0.3,2.4,0.3,4.5,0.3,0.0,0.3,25.0,0.6
2154,2022,Feron Hunt,NYK,SF,2,0,4.0,0.0,1.0,.000,0.0,0.0,,0.0,1.0,.000,.000,0.0,0.0,,0.5,13.2,0.0,0.0,0.5,0.5,6.7,0.5,16.0,0.5,6.3,0.0,0.0,0.5,0.0,0.5,33.3,-3.0
2155,2022,DeJon Jarreau,IND,SG,1,0,1.0,0.0,0.0,,0.0,0.0,,0.0,0.0,,,0.0,0.0,,0.0,0.0,0.0,0.0,0.0,0.0,0.0,0.0,0.0,0.0,0.0,0.0,0.0,0.0,0.0,0.0,,0.0
2156,2022,David Johnson,TOR,SG,2,0,1.0,0.0,0.5,.000,0.0,0.5,.000,0.0,0.0,,.000,0.0,0.0,,0.0,0.0,0.0,0.0,0.0,0.0,0.0,0.0,0.0,0.0,0.0,0.0,0.0,0.0,0.0,0.0,0.0,-20.0
2157,2022,Arnoldas Kulboka,CHO,SF,2,0,2.5,0.0,0.5,.000,0.0,0.5,.000,0.0,0.0,,.000,0.0,0.0,,0.0,0.0,0.0,0.0,0.0,0.0,0.0,0.0,0.0,0.0,0.0,0.0,0.0,0.5,0.0,0.0,0.0,-10.7
2158,2022,Anthony Lamb,SAS,SF,2,0,4.0,0.0,1.0,.000,0.0,1.0,.000,0.0,0.0,,.000,0.0,0.0,,0.0,0.0,0.5,13.2,0.5,0.5,6.6,1.0,27.9,0.0,0.0,0.0,0.0,0.0,0.0,0.0,0.0,-0.5
2159,2022,JaQuori McLaughlin,DAL,PG,4,0,2.8,0.0,0.5,.000,0.0,0.3,.000,0.0,0.3,.000,.000,0.0,0.0,,0.0,0.0,0.0,0.0,0.0,0.0,0.0,0.5,22.3,0.0,0.0,0.0,0.0,0.3,0.0,0.0,0.0,-2.9
2160,2022,C.J. Miles,BOS,SG,1,0,2.0,0.0,0.0,,0.0,0.0,,0.0,0.0,,,0.0,0.0,,0.0,0.0,0.0,0.0,0.0,0.0,0.0,0.0,0.0,0.0,0.0,0.0,0.0,1.0,0.0,0.0,,-7.8
2161,2022,Matt Mooney,NYK,SG,1,0,2.0,0.0,1.0,.000,0.0,1.0,.000,0.0,0.0,,.000,0.0,0.0,,0.0,0.0,0.0,0.0,0.0,0.0,0.0,0.0,0.0,1.0,25.0,0.0,0.0,0.0,0.0,1.0,50.0,-20.0
2162,2022,Ade Murkey,SAC,SG,1,0,1.0,0.0,0.0,,0.0,0.0,,0.0,0.0,,,0.0,0.0,,0.0,0.0,0.0,0.0,0.0,0.0,0.0,0.0,0.0,0.0,0.0,0.0,0.0,0.0,0.0,0.0,,0.0
2163,2022,Jaysean Paige,DET,PG,1,0,7.0,0.0,3.0,.000,0.0,2.0,.000,0.0,1.0,.000,.000,0.0,0.0,,0.0,0.0,1.0,16.3,1.0,1.0,7.7,1.0,18.1,0.0,0.0,0.0,0.0,2.0,0.0,1.0,25.0,-22.2
2164,2022,Trayvon Palmer,DET,SG,1,0,17.0,0.0,1.0,.000,0.0,0.0,,0.0,1.0,.000,.000,0.0,0.0,,0.0,0.0,2.0,13.4,2.0,2.0,6.4,0.0,0.0,0.0,0.0,0.0,0.0,2.0,0.0,1.0,50.0,-5.7
2165,2022,Emanuel Terry,PHO,PF,3,0,6.0,0.0,1.7,.000,0.0,0.0,,0.0,1.7,.000,.000,0.0,0.0,,2.7,48.9,2.3,40.6,5.0,5.0,44.7,0.7,12.2,0.3,2.7,0.0,0.0,1.3,0.0,1.7,50.0,-0.1
2166,2022,Jon Teske,MEM,C,3,0,2.7,0.0,0.3,.000,0.0,0.0,,0.0,0.3,.000,.000,0.0,0.7,.000,0.0,0.0,0.7,26.8,0.7,0.7,13.1,0.3,13.8,0.3,6.0,0.0,0.0,0.3,0.0,0.0,0.0,1.5
2167,2022,M.J. Walker,PHO,SG,2,0,4.0,0.0,2.0,.000,0.0,1.0,.000,0.0,1.0,.000,.000,0.0,0.0,,0.0,0.0,0.5,13.1,0.5,0.5,6.7,0.5,13.8,1.0,12.0,0.0,0.0,0.5,0.0,0.0,0.0,-3.3
2168,2023,Joel Embiid,PHI,C,66,66,34.6,11.0,20.1,.548,1.0,3.0,.330,10.0,17.1,.587,.573,10.0,11.7,.857,1.7,5.9,8.4,28.3,10.2,10.2,17.3,4.2,22.9,1.0,1.4,1.7,4.6,3.1,33.1,3.4,11.9,31.4
2169,2023,Luka Dončić,DAL,PG,66,66,36.2,10.9,22.0,.496,2.8,8.2,.342,8.1,13.8,.588,.560,7.8,10.5,.742,0.8,2.6,7.8,25.4,8.6,8.6,13.8,8.0,42.3,1.4,1.9,0.5,1.2,2.5,32.4,3.6,11.9,28.7
2170,2023,Damian Lillard,POR,PG,58,58,36.3,9.6,20.7,.463,4.2,11.3,.371,5.4,9.4,.574,.564,8.8,9.6,.914,0.8,2.4,4.0,12.8,4.8,4.8,7.6,7.3,35.0,0.9,1.2,0.3,0.8,1.9,32.2,3.3,11.7,26.7
2171,2023,Shai Gilgeous-Alexander,OKC,PG,68,68,35.5,10.4,20.3,.510,0.9,2.5,.345,9.5,17.8,.533,.531,9.8,10.9,.905,0.9,2.6,4.0,12.2,4.8,4.8,7.3,5.5,25.7,1.6,2.2,1.0,2.5,2.8,31.4,2.8,10.1,27.2
2172,2023,Giannis Antetokounmpo,MIL,PF,63,63,32.1,11.2,20.3,.553,0.7,2.7,.275,10.5,17.6,.596,.572,7.9,12.3,.645,2.2,7.3,9.6,30.0,11.8,11.8,19.1,5.7,33.2,0.8,1.2,0.8,2.1,3.1,31.1,3.9,13.2,29.0
2173,2023,Jayson Tatum,BOS,SF,74,74,36.9,9.8,21.1,.466,3.2,9.3,.350,6.6,11.8,.558,.543,7.2,8.4,.854,1.1,3.2,7.7,22.5,8.8,8.8,13.0,4.6,20.9,1.1,1.4,0.7,1.6,2.2,30.1,2.9,10.4,23.7
2174,2023,Stephen Curry,GSW,PG,56,56,34.7,10.0,20.2,.493,4.9,11.4,.427,5.1,8.8,.579,.614,4.6,5.0,.915,0.7,2.3,5.4,16.8,6.1,6.1,9.7,6.3,30.0,0.9,1.3,0.4,0.9,2.1,29.4,3.2,12.5,24.1
2175,2023,Kevin Durant,2TM,PF,47,47,35.6,10.3,18.3,.560,2.0,4.9,.404,8.3,13.4,.617,.614,6.5,7.1,.919,0.4,1.2,6.3,19.5,6.7,6.7,10.5,5.0,24.5,0.7,1.0,1.4,3.4,2.1,29.1,3.3,13.4,25.9
2176,2023,Kevin Durant,BRK,PF,39,39,36.0,10.5,18.8,.559,1.8,4.8,.376,8.7,14.0,.622,.607,6.8,7.3,.934,0.4,1.1,6.4,19.4,6.7,6.7,10.5,5.3,25.9,0.8,1.1,1.5,3.5,2.4,29.7,3.5,13.7,26.2
2177,2023,Kevin Durant,PHO,PF,8,8,33.6,9.1,16.0,.570,2.8,5.1,.537,6.4,10.9,.586,.656,5.0,6.0,.833,0.4,1.2,6.0,20.2,6.4,6.4,10.5,3.5,17.3,0.3,0.4,1.3,3.3,0.9,26.0,2.5,11.8,24.3
2178,2023,LeBron James,LAL,PF,55,54,35.5,11.1,22.2,.500,2.2,6.9,.321,8.9,15.3,.580,.549,4.6,5.9,.768,1.2,3.7,7.1,20.8,8.3,8.3,12.5,6.8,33.5,0.9,1.2,0.6,1.4,1.6,28.9,3.2,11.6,23.9
2179,2023,Donovan Mitchell,CLE,SG,68,68,35.8,10.0,20.6,.484,3.6,9.3,.386,6.4,11.3,.566,.572,4.7,5.4,.867,0.9,3.1,3.3,10.9,4.3,4.3,7.0,4.4,21.4,1.5,2.0,0.4,1.0,2.5,28.3,2.6,10.3,22.9
2180,2023,Devin Booker,PHO,SG,53,53,34.6,9.9,20.1,.494,2.1,6.0,.351,7.8,14.2,.554,.546,5.8,6.8,.855,0.9,2.7,3.7,12.0,4.5,4.5,7.2,5.5,27.3,1.0,1.4,0.3,0.9,3.0,27.8,2.7,10.6,22.0
2181,2023,Kyrie Irving,2TM,SG,60,60,37.4,9.9,20.1,.494,3.1,8.3,.379,6.8,11.8,.574,.572,4.1,4.6,.905,1.0,3.0,4.1,12.3,5.1,5.1,7.7,5.5,25.4,1.1,1.4,0.8,1.7,2.8,27.1,2.1,8.8,22.4
2182,2023,Kyrie Irving,BRK,PG,40,40,37.0,10.0,20.5,.486,3.3,8.7,.374,6.7,11.8,.569,.565,4.0,4.5,.883,1.0,3.0,4.2,12.3,5.1,5.1,7.8,5.3,24.1,1.0,1.4,0.8,1.9,2.7,27.1,2.3,9.2,21.6
2183,2023,Kyrie Irving,DAL,SG,20,20,38.2,9.8,19.2,.510,2.9,7.4,.392,6.9,11.8,.585,.586,4.5,4.7,.947,1.1,3.2,4.0,12.2,5.0,5.0,7.6,6.0,27.8,1.3,1.6,0.6,1.4,2.8,27.0,1.9,8.0,24.0
2184,2023,Jaylen Brown,BOS,SF,67,67,35.9,10.1,20.6,.491,2.4,7.3,.335,7.7,13.4,.576,.550,3.9,5.1,.765,1.2,3.6,5.7,17.0,6.9,6.9,10.4,3.5,16.5,1.1,1.5,0.4,0.9,2.6,26.6,2.9,11.4,19.1
2185,2023,Ja Morant,MEM,PG,61,59,31.9,9.3,19.9,.466,1.5,4.9,.307,7.8,15.0,.519,.504,6.1,8.1,.748,1.0,3.3,4.9,16.1,5.9,5.9,9.7,8.1,41.1,1.1,1.6,0.3,0.7,1.6,26.2,3.4,12.6,23.3
2186,2023,Trae Young,ATL,PG,73,73,34.8,8.2,19.0,.429,2.1,6.3,.335,6.1,12.7,.476,.485,7.8,8.8,.886,0.8,2.4,2.2,7.0,3.0,3.0,4.7,10.2,42.5,1.1,1.5,0.1,0.3,1.4,26.2,4.1,15.2,22.0
2187,2023,Zion Williamson,NOP,PF,29,29,33.0,9.8,16.2,.608,0.2,0.7,.368,9.6,15.5,.618,.615,6.1,8.6,.714,2.0,6.9,5.0,17.0,7.0,7.0,12.0,4.6,24.4,1.1,1.6,0.6,1.6,2.2,26.0,3.4,14.6,25.2
2188,2023,Anthony Davis,LAL,C,56,54,34.0,9.7,17.2,.563,0.3,1.3,.257,9.3,15.9,.589,.573,6.2,7.9,.784,3.5,11.3,9.1,27.6,12.5,12.5,19.7,2.6,13.0,1.1,1.5,2.0,5.1,2.6,25.9,2.2,9.5,27.8
2189,2023,Lauri Markkanen,UTA,PF,66,66,34.4,8.7,17.3,.499,3.0,7.7,.391,5.6,9.6,.585,.586,5.3,6.0,.875,2.0,6.3,6.7,20.7,8.6,8.6,13.6,1.9,8.6,0.6,0.9,0.6,1.4,2.1,25.6,1.9,8.8,22.1
2190,2023,Julius Randle,NYK,PF,77,77,35.5,8.5,18.6,.459,2.8,8.3,.343,5.7,10.3,.553,.536,5.2,6.9,.757,1.8,5.6,8.1,25.2,10.0,10.0,15.4,4.1,18.5,0.6,0.9,0.3,0.7,3.0,25.1,2.8,11.5,20.3
2191,2023,De'Aaron Fox,SAC,PG,73,73,33.4,9.3,18.2,.512,1.6,5.0,.324,7.7,13.2,.584,.557,4.7,6.0,.780,0.5,1.9,3.6,12.4,4.2,4.2,7.2,6.1,29.6,1.1,1.6,0.3,0.8,2.4,25.0,2.5,10.6,21.8
2192,2023,Zach LaVine,CHI,SG,77,77,35.9,8.7,18.0,.485,2.6,7.1,.375,6.1,11.0,.556,.558,4.7,5.6,.848,0.5,1.7,3.9,12.2,4.5,4.5,7.1,4.2,18.7,0.9,1.2,0.2,0.6,2.1,24.8,2.5,11.0,19.0
2193,2023,Brandon Ingram,NOP,SF,45,45,34.2,9.0,18.6,.484,1.4,3.6,.390,7.6,14.9,.507,.522,5.3,6.0,.882,0.5,1.7,5.0,16.4,5.5,5.5,9.1,5.8,28.1,0.7,1.0,0.4,1.2,2.6,24.7,3.3,13.4,19.2
2194,2023,Anthony Edwards,MIN,SG,79,79,36.0,8.9,19.5,.459,2.7,7.3,.369,6.3,12.2,.513,.528,4.0,5.3,.756,0.6,1.9,5.2,15.9,5.8,5.8,9.0,4.4,19.3,1.6,2.1,0.7,1.8,2.4,24.6,3.3,13.0,17.4
2195,2023,DeMar DeRozan,CHI,SF,74,74,36.2,8.9,17.6,.504,0.6,1.9,.324,8.3,15.7,.526,.522,6.2,7.1,.872,0.5,1.5,4.2,12.8,4.6,4.6,7.2,5.1,22.3,1.1,1.5,0.5,1.3,2.5,24.5,2.1,9.1,20.6
2196,2023,Nikola Jokić,DEN,C,69,69,33.7,9.4,14.8,.632,0.8,2.2,.383,8.5,12.7,.675,.660,4.9,6.0,.822,2.4,8.5,9.4,31.3,11.8,11.8,20.2,9.8,46.6,1.3,1.8,0.7,1.8,2.5,24.5,3.6,17.0,31.5
2197,2023,Pascal Siakam,TOR,PF,71,71,37.4,8.9,18.5,.480,1.3,4.0,.324,7.6,14.5,.523,.515,5.2,6.7,.774,1.8,5.2,6.0,19.6,7.8,7.8,11.9,5.8,24.9,0.9,1.2,0.5,1.3,3.2,24.2,2.4,10.0,20.3
2198,2023,Jalen Brunson,NYK,PG,68,68,35.0,8.6,17.6,.491,2.0,4.7,.416,6.7,12.8,.519,.547,4.8,5.8,.829,0.6,1.8,3.0,9.3,3.5,3.5,5.6,6.2,28.7,0.9,1.3,0.2,0.6,2.2,24.0,2.1,9.4,21.2
2199,2023,Paul George,LAC,SF,56,56,34.6,8.2,17.9,.457,2.8,7.6,.371,5.4,10.3,.521,.536,4.6,5.3,.871,0.8,2.6,5.3,17.0,6.1,6.1,9.9,5.1,24.2,1.5,2.1,0.4,0.9,2.8,23.8,3.1,13.4,19.6
2200,2023,Kawhi Leonard,LAC,SF,52,50,33.6,8.6,16.8,.512,2.0,4.8,.416,6.6,11.9,.551,.572,4.7,5.4,.871,1.1,3.7,5.4,17.8,6.5,6.5,10.8,3.9,19.6,1.4,2.0,0.5,1.4,1.6,23.8,1.7,8.1,23.9
2201,2023,LaMelo Ball,CHO,PG,36,36,35.2,8.2,20.0,.411,4.0,10.6,.376,4.2,9.4,.450,.510,2.8,3.4,.836,1.2,3.5,5.3,16.2,6.4,6.4,9.7,8.4,38.7,1.3,1.7,0.3,0.8,3.3,23.3,3.6,14.3,17.9
2202,2023,Bradley Beal,WAS,SG,50,50,33.5,8.9,17.6,.506,1.6,4.4,.365,7.3,13.2,.552,.551,3.8,4.6,.842,0.8,2.8,3.1,9.9,3.9,3.9,6.5,5.4,26.6,0.9,1.3,0.7,1.7,2.1,23.2,2.9,12.9,19.7
2203,2023,Kristaps Porziņģis,WAS,C,65,65,32.6,7.8,15.7,.498,2.1,5.5,.385,5.7,10.2,.559,.565,5.4,6.4,.851,1.8,6.2,6.6,21.8,8.4,8.4,14.3,2.7,12.9,0.9,1.3,1.5,4.0,3.0,23.2,2.1,10.2,23.1
2204,2023,Jimmy Butler,MIA,PF,64,64,33.4,7.5,13.9,.539,0.6,1.6,.350,6.9,12.3,.564,.560,7.4,8.7,.850,2.2,7.5,3.7,13.3,5.9,5.9,10.3,5.3,27.1,1.8,2.7,0.3,1.0,1.3,22.9,1.6,8.2,27.6
2205,2023,Jalen Green,HOU,SG,76,76,34.2,7.4,17.9,.416,2.5,7.3,.338,5.0,10.6,.471,.485,4.8,6.1,.786,0.6,1.8,3.2,10.3,3.7,3.7,6.0,3.7,17.3,0.8,1.1,0.2,0.7,1.7,22.1,2.6,11.3,14.5
2206,2023,Keldon Johnson,SAS,SF,63,63,32.7,8.0,17.7,.452,2.1,6.5,.329,5.9,11.2,.523,.512,3.9,5.2,.749,0.9,2.9,4.2,14.4,5.0,5.0,8.4,2.9,13.7,0.7,1.1,0.2,0.4,2.0,22.0,2.1,9.6,15.3
2207,2023,Klay Thompson,GSW,SF,69,69,33.0,7.9,18.1,.436,4.4,10.6,.412,3.6,7.6,.470,.556,1.7,1.9,.879,0.6,1.9,3.6,11.7,4.1,4.1,6.9,2.4,11.0,0.7,1.0,0.4,1.1,1.9,21.9,1.8,8.6,14.7
2208,2023,Bojan Bogdanović,DET,PF,59,59,32.1,7.3,14.9,.488,2.5,6.0,.411,4.8,9.0,.539,.570,4.5,5.1,.884,0.6,2.0,3.2,11.3,3.8,3.8,6.5,2.6,13.6,0.6,0.9,0.1,0.4,1.9,21.6,2.3,11.7,17.4
2209,2023,Darius Garland,CLE,PG,69,69,35.5,7.6,16.4,.462,2.4,6.0,.410,5.1,10.4,.492,.537,4.0,4.7,.863,0.4,1.3,2.3,7.6,2.7,2.7,4.5,7.8,34.1,1.2,1.7,0.1,0.3,2.1,21.6,2.9,13.5,18.8
2210,2023,Desmond Bane,MEM,SG,58,58,31.7,7.8,16.2,.479,2.9,7.0,.408,4.9,9.2,.534,.568,3.1,3.5,.883,0.7,2.5,4.3,14.3,5.0,5.0,8.4,4.4,20.8,1.0,1.4,0.4,1.1,2.6,21.5,2.2,10.9,19.1
2211,2023,Kyle Kuzma,WAS,PF,64,64,35.0,8.0,17.8,.448,2.5,7.5,.333,5.5,10.3,.533,.518,2.7,3.7,.730,0.9,2.8,6.4,19.5,7.2,7.2,11.5,3.7,16.5,0.6,0.8,0.5,1.1,2.3,21.2,3.0,13.2,14.3
2212,2023,Terry Rozier,CHO,SG,63,63,35.3,7.8,18.9,.415,2.6,8.0,.327,5.2,10.8,.480,.484,2.8,3.5,.809,0.8,2.4,3.3,10.2,4.1,4.1,6.2,5.1,22.7,1.2,1.6,0.3,0.6,1.9,21.1,2.1,9.4,14.7
2213,2023,Anfernee Simons,POR,SG,62,62,35.0,7.5,16.9,.447,3.4,9.1,.377,4.1,7.8,.528,.548,2.6,2.9,.894,0.3,0.9,2.3,7.6,2.6,2.6,4.3,4.1,18.6,0.7,0.9,0.2,0.6,2.3,21.1,2.1,10.2,14.8
2214,2023,James Harden,PHI,PG,58,58,36.8,6.4,14.5,.441,2.8,7.2,.385,3.6,7.3,.495,.536,5.4,6.2,.867,0.7,2.3,5.4,17.1,6.1,6.1,9.8,10.7,43.3,1.2,1.6,0.5,1.4,1.9,21.0,3.4,16.3,21.6
2215,2023,CJ McCollum,NOP,PG,75,75,35.3,7.8,17.9,.437,2.8,7.2,.389,5.0,10.7,.469,.515,2.4,3.2,.769,0.7,2.4,3.6,11.7,4.4,4.4,7.0,5.7,25.1,0.9,1.3,0.5,1.4,2.0,20.9,2.4,11.2,15.6
2216,2023,Jordan Clarkson,UTA,SG,61,61,32.6,7.5,16.9,.444,2.5,7.5,.338,5.0,9.4,.530,.519,3.3,4.0,.816,1.2,4.0,2.9,9.3,4.0,4.0,6.7,4.4,20.9,0.5,0.8,0.2,0.6,2.0,20.8,3.0,14.0,14.7
2217,2023,Karl-Anthony Towns,MIN,PF,29,29,33.0,7.3,14.8,.495,2.1,5.7,.366,5.2,9.1,.576,.565,4.1,4.7,.874,1.7,5.7,6.5,21.6,8.1,8.1,13.8,4.8,22.0,0.7,1.0,0.6,1.5,3.8,20.8,3.0,15.0,18.8
2218,2023,Tyrese Haliburton,IND,PG,56,56,33.6,7.4,15.0,.490,2.9,7.2,.400,4.5,7.8,.572,.586,3.1,3.6,.871,0.6,1.9,3.1,10.1,3.7,3.7,6.0,10.4,47.6,1.6,2.3,0.4,1.1,1.2,20.7,2.5,13.2,23.6
2219,2023,Jerami Grant,POR,PF,63,63,35.7,6.9,14.5,.475,2.3,5.7,.401,4.6,8.8,.523,.554,4.4,5.4,.813,0.8,2.7,3.7,11.9,4.5,4.5,7.2,2.4,10.3,0.8,1.1,0.8,2.1,2.4,20.5,1.8,9.8,16.0
2220,2023,Dejounte Murray,ATL,SG,74,74,36.4,8.3,17.8,.464,1.8,5.2,.344,6.5,12.6,.514,.514,2.1,2.6,.832,0.7,2.1,4.5,13.8,5.3,5.3,7.9,6.1,24.0,1.5,2.0,0.3,0.6,1.4,20.5,2.2,10.2,17.0
2221,2023,Bam Adebayo,MIA,C,75,75,34.6,8.0,14.9,.540,0.0,0.2,.083,8.0,14.7,.545,.541,4.3,5.4,.806,2.5,8.0,6.7,23.6,9.2,9.2,15.5,3.2,15.9,1.2,1.7,0.8,2.4,2.8,20.4,2.5,12.7,20.1
2222,2023,Jordan Poole,GSW,PG,82,43,30.0,6.7,15.6,.430,2.6,7.8,.336,4.1,7.8,.524,.514,4.4,5.1,.870,0.4,1.5,2.4,8.5,2.7,2.7,5.0,4.5,22.5,0.8,1.2,0.3,0.8,2.6,20.4,3.1,14.7,14.6
2223,2023,Tyrese Maxey,PHI,SG,60,41,33.6,7.3,15.2,.481,2.7,6.2,.434,4.7,9.1,.513,.568,3.0,3.6,.845,0.4,1.4,2.6,8.8,2.9,2.9,5.2,3.5,16.9,0.8,1.2,0.1,0.4,2.2,20.3,1.3,7.4,17.0
2224,2023,Kelly Oubre Jr.,CHO,SF,48,40,32.3,7.4,17.1,.431,2.3,7.1,.319,5.1,10.0,.510,.497,3.3,4.3,.760,1.4,4.4,3.8,12.9,5.2,5.2,8.6,1.1,5.6,1.4,2.1,0.4,1.0,2.9,20.3,1.3,6.6,14.8
2225,2023,Mikal Bridges,2TM,SG,83,83,35.7,7.1,15.3,.468,2.0,5.3,.382,5.1,9.9,.514,.535,3.8,4.3,.895,1.0,2.9,3.4,10.8,4.4,4.4,6.8,3.3,13.7,1.1,1.5,0.7,1.8,1.9,20.1,1.5,8.2,16.8
2226,2023,Mikal Bridges,PHO,SF,56,56,36.4,6.3,13.6,.463,1.8,4.7,.387,4.5,9.0,.503,.529,2.8,3.1,.897,1.0,3.0,3.3,10.4,4.3,4.3,6.6,3.6,14.1,1.2,1.6,0.8,2.0,2.1,17.2,1.4,8.5,14.8
2227,2023,Mikal Bridges,BRK,SG,27,27,34.2,8.9,18.6,.475,2.5,6.7,.376,6.3,11.9,.531,.543,5.9,6.6,.894,0.9,2.9,3.6,11.7,4.5,4.5,7.4,2.7,12.9,1.0,1.4,0.6,1.5,1.6,26.1,1.8,7.8,21.3
2228,2023,Tyler Herro,MIA,SG,67,67,34.9,7.3,16.6,.439,3.0,8.0,.378,4.2,8.5,.497,.531,2.5,2.7,.934,0.4,1.3,5.0,17.3,5.4,5.4,9.0,4.2,19.9,0.8,1.1,0.2,0.7,1.5,20.1,2.4,11.7,15.3
2229,2023,Paolo Banchero,ORL,PF,72,72,33.8,6.7,15.6,.427,1.2,4.0,.298,5.5,11.6,.471,.465,5.5,7.4,.738,1.2,3.9,5.7,19.3,6.9,6.9,11.6,3.7,17.2,0.8,1.2,0.5,1.5,2.2,20.0,2.8,12.8,14.9
2230,2023,Louis King,PHI,PF,1,0,29.0,8.0,13.0,.615,4.0,8.0,.500,4.0,5.0,.800,.769,0.0,1.0,.000,2.0,8.3,2.0,8.0,4.0,4.0,8.1,2.0,12.2,1.0,1.7,0.0,0.0,4.0,20.0,2.0,13.0,21.3
2231,2023,Jamal Murray,DEN,PG,65,65,32.8,7.3,16.0,.454,2.6,6.6,.398,4.6,9.4,.494,.537,2.8,3.3,.833,0.7,2.7,3.2,11.0,4.0,4.0,6.9,6.2,27.5,1.0,1.5,0.2,0.7,1.6,20.0,2.2,11.3,18.0
2232,2023,Cade Cunningham,DET,PG,12,12,33.3,7.8,18.7,.415,1.4,5.1,.279,6.3,13.6,.466,.453,3.0,3.6,.837,1.0,3.2,5.2,17.7,6.2,6.2,10.3,6.0,30.7,0.8,1.2,0.6,1.5,2.8,19.9,3.3,13.8,14.0
2233,2023,RJ Barrett,NYK,SG,73,73,33.9,7.0,16.1,.434,1.7,5.3,.310,5.3,10.8,.495,.485,4.0,5.4,.740,0.8,2.7,4.2,13.7,5.0,5.0,8.2,2.8,12.4,0.4,0.6,0.2,0.6,2.5,19.6,2.2,10.8,12.9
2234,2023,Jrue Holiday,MIL,PG,67,65,32.6,7.3,15.3,.479,2.4,6.1,.384,5.0,9.1,.542,.556,2.3,2.6,.859,1.2,3.9,3.9,12.0,5.1,5.1,8.1,7.4,34.4,1.2,1.7,0.4,0.9,1.7,19.3,2.9,15.2,19.2
2235,2023,Fred VanVleet,TOR,PG,69,69,36.7,6.3,16.1,.393,3.0,8.8,.342,3.3,7.3,.455,.486,3.7,4.1,.898,0.4,1.2,3.6,12.0,4.1,4.1,6.3,7.2,28.1,1.8,2.4,0.6,1.5,2.8,19.3,2.0,10.2,17.0
2236,2023,Kevin Porter Jr.,HOU,PG,59,59,34.3,6.6,15.0,.442,2.4,6.5,.366,4.2,8.5,.501,.522,3.5,4.5,.784,1.3,4.1,4.0,13.1,5.3,5.3,8.5,5.7,25.7,1.4,2.0,0.3,0.8,2.6,19.2,3.2,15.8,16.2
2237,2023,Domantas Sabonis,SAC,C,79,79,34.6,7.3,11.9,.615,0.4,1.1,.373,6.9,10.8,.639,.632,4.1,5.5,.742,3.2,10.6,9.1,30.0,12.3,12.3,20.3,7.3,30.4,0.8,1.1,0.5,1.2,3.5,19.1,2.9,16.9,23.5
2238,2023,Jaren Jackson Jr.,MEM,C,63,63,28.4,6.6,13.0,.506,1.6,4.5,.355,5.0,8.6,.585,.567,3.8,4.9,.788,1.7,6.4,5.0,18.8,6.8,6.8,12.6,1.0,5.0,1.0,1.7,3.0,9.6,3.6,18.6,1.7,10.1,21.6
2239,2023,Franz Wagner,ORL,SF,80,80,32.6,6.8,14.0,.485,1.6,4.5,.361,5.2,9.5,.544,.543,3.4,4.0,.842,0.9,3.0,3.2,11.2,4.1,4.1,7.1,3.5,17.2,1.0,1.4,0.2,0.6,2.3,18.6,2.1,11.7,15.9
2240,2023,Devin Vassell,SAS,SG,38,32,31.0,6.9,15.7,.439,2.7,7.0,.387,4.2,8.7,.480,.525,2.1,2.6,.780,0.2,0.7,3.7,13.5,3.9,3.9,6.9,3.6,17.3,1.1,1.7,0.4,1.2,1.5,18.5,1.5,8.2,15.5
2241,2023,Deandre Ayton,PHO,C,67,67,30.4,7.8,13.2,.589,0.1,0.4,.292,7.7,12.9,.597,.592,2.3,3.0,.760,2.6,9.2,7.4,27.5,10.0,10.0,18.1,1.7,9.2,0.6,0.9,0.8,2.3,2.8,18.0,1.8,11.0,19.9
2242,2023,Myles Turner,IND,C,62,62,29.4,6.5,11.8,.548,1.5,4.0,.373,5.0,7.8,.638,.612,3.5,4.5,.783,1.4,5.4,6.1,22.9,7.5,7.5,14.2,1.4,7.5,0.6,0.9,2.3,6.6,3.5,18.0,1.7,10.8,20.0
2243,2023,D'Angelo Russell,2TM,PG,71,71,32.5,6.3,13.4,.469,2.7,6.9,.396,3.5,6.5,.548,.572,2.5,3.0,.829,0.5,1.7,2.5,8.5,3.0,3.0,5.2,6.2,27.4,1.0,1.4,0.4,1.1,2.0,17.8,2.6,15.1,16.3
2244,2023,D'Angelo Russell,MIN,PG,54,54,32.9,6.3,13.5,.465,2.7,7.0,.391,3.5,6.4,.546,.567,2.6,3.1,.856,0.5,1.8,2.5,8.5,3.1,3.1,5.2,6.2,27.0,1.1,1.6,0.4,1.0,2.2,17.9,2.7,15.5,16.1
2245,2023,D'Angelo Russell,LAL,PG,17,17,30.9,6.3,13.0,.484,2.7,6.5,.414,3.6,6.5,.555,.588,2.1,2.9,.735,0.4,1.5,2.5,8.5,2.9,2.9,5.1,6.1,28.8,0.6,0.9,0.5,1.3,1.4,17.4,2.3,13.9,17.1
2246,2023,Nikola Vučević,CHI,C,82,82,33.5,7.3,14.0,.520,1.5,4.2,.349,5.8,9.8,.594,.573,1.6,1.9,.835,1.9,6.7,9.1,30.2,11.0,11.0,18.6,3.2,14.6,0.7,1.1,0.7,2.0,2.2,17.6,1.7,10.2,19.1
2247,2023,Michael Porter Jr.,DEN,SF,62,62,29.0,6.4,13.2,.487,3.0,7.3,.414,3.4,5.9,.579,.602,1.5,1.9,.800,1.0,4.2,4.5,17.2,5.5,5.5,10.9,1.0,5.3,0.6,1.0,0.5,1.4,1.9,17.4,1.1,7.3,16.8
2248,2023,Gary Trent Jr.,TOR,SG,66,44,32.1,6.1,14.2,.433,2.5,6.8,.369,3.6,7.3,.493,.522,2.6,3.1,.839,0.5,1.5,2.2,8.2,2.6,2.6,4.6,1.6,7.4,1.6,2.4,0.2,0.6,1.5,17.4,0.8,5.1,15.0
2249,2023,Spencer Dinwiddie,2TM,SG,79,79,34.5,5.8,13.3,.438,2.3,6.2,.369,3.5,7.1,.498,.524,3.4,4.2,.812,0.4,1.2,3.1,10.2,3.4,3.4,5.7,6.5,28.1,0.8,1.2,0.3,0.8,2.4,17.3,1.8,10.8,16.0
2250,2023,Spencer Dinwiddie,DAL,SG,53,53,34.1,6.0,13.1,.455,2.6,6.4,.405,3.4,6.7,.504,.555,3.2,3.9,.821,0.4,1.2,2.7,9.4,3.1,3.1,5.2,5.3,23.8,0.7,1.1,0.3,0.8,2.3,17.7,1.7,10.3,16.1
2251,2023,Spencer Dinwiddie,BRK,PG,26,26,35.3,5.5,13.7,.404,1.7,5.7,.289,3.9,8.0,.488,.465,3.8,4.7,.797,0.3,1.1,3.8,11.7,4.1,4.1,6.6,9.1,36.5,1.1,1.5,0.3,0.7,2.4,16.5,2.1,11.8,15.8
2252,2023,Andrew Wiggins,GSW,SF,37,37,32.2,6.8,14.3,.473,2.4,6.1,.396,4.4,8.2,.530,.557,1.2,1.9,.611,1.6,5.7,3.4,11.3,5.0,5.0,8.6,2.3,10.5,1.2,1.8,0.8,2.1,2.9,17.1,1.3,7.9,14.7
2253,2023,Norman Powell,LAC,SG,60,8,26.1,5.7,11.8,.479,1.9,4.8,.397,3.8,7.1,.534,.559,3.8,4.6,.812,0.4,1.7,2.5,10.7,2.9,2.9,6.3,1.8,11.0,0.8,1.6,0.3,1.0,2.1,17.0,1.7,10.8,17.1
2254,2023,OG Anunoby,TOR,SF,67,67,35.6,6.3,13.2,.476,2.1,5.5,.387,4.2,7.7,.539,.556,2.1,2.5,.838,1.4,4.2,3.5,12.1,5.0,5.0,7.9,2.0,8.0,1.9,2.7,0.7,2.0,3.0,16.8,2.0,12.1,14.6
2255,2023,Buddy Hield,IND,SF,80,73,31.0,5.9,13.0,.458,3.6,8.5,.425,2.3,4.5,.518,.596,1.3,1.6,.822,0.8,3.0,4.2,14.9,5.0,5.0,8.9,2.8,13.3,1.2,1.8,0.3,0.9,2.0,16.8,1.7,11.3,15.4
2256,2023,Bennedict Mathurin,IND,SG,78,17,28.5,5.3,12.2,.434,1.3,4.0,.323,4.0,8.2,.488,.487,4.8,5.8,.828,1.1,4.4,3.0,11.5,4.1,4.1,7.9,1.5,7.6,0.6,1.0,0.2,0.5,2.1,16.7,1.9,11.7,13.1
2257,2023,Josh Giddey,OKC,PF,76,76,31.1,7.1,14.7,.482,1.0,3.1,.325,6.1,11.6,.524,.516,1.4,1.9,.731,1.9,6.6,5.9,20.9,7.9,7.9,13.6,6.2,29.9,0.8,1.1,0.4,1.2,1.9,16.6,2.8,15.1,17.1
2258,2023,Christian Wood,DAL,C,67,17,25.9,5.9,11.5,.515,1.6,4.2,.376,4.3,7.3,.594,.583,3.2,4.2,.772,1.3,5.8,6.0,27.4,7.3,7.3,16.4,1.8,11.7,0.4,0.9,1.1,3.7,2.5,16.6,1.8,11.9,20.6
2259,2023,Aaron Gordon,DEN,PF,68,68,30.2,6.3,11.2,.564,0.9,2.5,.347,5.4,8.6,.628,.603,2.8,4.6,.608,2.4,9.4,4.1,15.4,6.6,6.6,12.5,3.0,14.2,0.8,1.3,0.8,2.2,1.9,16.3,1.4,9.8,19.5
2260,2023,Jaden Ivey,DET,SG,74,73,31.1,5.5,13.3,.416,1.6,4.7,.343,3.9,8.6,.457,.477,3.6,4.8,.747,1.0,3.4,2.9,10.7,3.9,3.9,6.9,5.2,26.2,0.8,1.3,0.2,0.7,3.3,16.3,3.2,17.2,12.1
2261,2023,Evan Mobley,CLE,PF,79,79,34.4,6.6,12.0,.554,0.3,1.3,.216,6.4,10.7,.595,.566,2.6,3.8,.674,2.4,8.1,6.6,22.7,9.0,9.0,15.4,2.8,12.4,0.8,1.1,1.5,4.0,2.8,16.2,1.8,11.9,17.9
2262,2023,RaiQuan Gray,BRK,PF,1,0,35.0,6.0,12.0,.500,2.0,5.0,.400,4.0,7.0,.571,.583,2.0,2.0,1.000,3.0,9.9,6.0,18.8,9.0,9.0,14.4,7.0,29.0,0.0,0.0,1.0,2.4,5.0,16.0,4.0,23.7,15.5
2263,2023,Brook Lopez,MIL,C,78,78,30.4,6.1,11.5,.531,1.7,4.7,.374,4.4,6.9,.637,.606,1.9,2.4,.784,2.0,7.2,4.7,15.3,6.7,6.7,11.4,1.3,6.1,0.5,0.7,2.5,6.7,2.6,15.9,1.4,9.8,18.4
2264,2023,Russell Westbrook,2TM,PG,73,24,29.1,5.9,13.6,.436,1.2,3.9,.311,4.7,9.7,.487,.481,2.8,4.3,.656,1.2,4.7,4.6,16.5,5.8,5.8,10.8,7.5,38.6,1.0,1.7,0.5,1.3,2.2,15.9,3.5,18.4,16.1
2265,2023,Russell Westbrook,LAL,PG,52,3,28.7,5.8,14.0,.417,1.2,4.1,.296,4.6,9.9,.467,.460,3.0,4.6,.655,1.1,4.4,5.0,18.2,6.2,6.2,11.5,7.5,38.5,1.0,1.7,0.4,1.3,2.3,15.9,3.5,18.1,15.3
2266,2023,Russell Westbrook,LAC,PG,21,21,30.2,6.1,12.5,.489,1.2,3.5,.356,4.9,9.0,.540,.538,2.4,3.6,.658,1.4,5.4,3.4,12.6,4.9,4.9,9.0,7.6,38.9,1.1,1.8,0.5,1.4,2.0,15.8,3.4,19.4,17.8
2267,2023,P.J. Washington,CHO,PF,73,73,32.6,5.9,13.4,.444,2.0,5.9,.348,3.9,7.5,.518,.520,1.7,2.4,.730,1.0,3.2,3.9,13.0,4.9,4.9,8.0,2.4,11.0,0.9,1.3,1.1,2.9,2.6,15.7,1.5,9.4,12.9
2268,2023,Cameron Johnson,2TM,PF,42,41,28.5,5.3,11.3,.470,2.5,6.1,.404,2.9,5.2,.548,.579,2.4,2.9,.842,0.8,3.2,3.6,14.0,4.4,4.4,8.6,1.9,9.6,1.2,2.0,0.3,1.0,2.0,15.5,0.9,6.6,17.1
2269,2023,Cameron Johnson,PHO,PF,17,16,25.2,4.8,10.2,.474,2.6,5.8,.455,2.2,4.4,.500,.604,1.6,1.9,.818,0.8,3.5,3.0,13.4,3.8,3.8,8.4,1.5,8.9,0.9,1.7,0.4,1.3,1.7,13.9,0.6,5.1,17.4
2270,2023,Cameron Johnson,BRK,PF,25,25,30.8,5.6,12.0,.468,2.3,6.2,.372,3.3,5.8,.572,.565,3.0,3.5,.851,0.8,3.0,4.0,14.3,4.8,4.8,8.8,2.1,10.0,1.4,2.2,0.3,0.9,2.2,16.6,1.1,7.4,16.9
2271,2023,De'Andre Hunter,ATL,SF,67,67,31.7,5.7,12.3,.461,1.5,4.3,.350,4.2,8.0,.521,.522,2.6,3.1,.826,0.7,2.3,3.6,12.4,4.2,4.2,7.3,1.4,6.0,0.5,0.8,0.3,0.7,3.0,15.4,1.2,8.2,11.5
2272,2023,Scottie Barnes,TOR,SF,77,76,34.8,6.0,13.2,.456,0.8,2.9,.281,5.2,10.3,.505,.487,2.5,3.2,.772,2.3,7.1,4.3,15.2,6.6,6.6,10.8,4.8,20.0,1.1,1.5,0.8,2.2,2.2,15.3,2.0,12.0,15.5
2273,2023,Skylar Mays,POR,PG,6,6,31.5,5.7,11.3,.500,2.0,4.3,.462,3.7,7.0,.524,.588,2.0,2.2,.923,0.3,1.2,2.8,10.4,3.2,3.2,5.8,8.3,40.0,1.0,1.5,0.2,0.5,1.8,15.3,1.7,11.9,19.4
2274,2023,Wendell Carter Jr.,ORL,C,57,54,29.6,5.6,10.8,.525,1.4,3.9,.356,4.2,6.8,.624,.591,2.5,3.4,.738,2.1,8.0,6.6,25.3,8.7,8.7,16.6,2.3,12.0,0.5,0.9,0.6,1.9,2.8,15.2,1.9,13.2,17.3
2275,2023,Kevin Huerter,SAC,SG,75,75,29.4,5.6,11.5,.485,2.7,6.8,.402,2.9,4.7,.604,.603,1.3,1.7,.725,0.6,2.2,2.8,10.8,3.3,3.3,6.5,2.9,14.1,1.1,1.7,0.3,1.0,2.4,15.2,1.3,9.5,15.2
2276,2023,Khris Middleton,MIL,SF,33,19,24.3,5.4,12.3,.436,1.5,4.9,.315,3.8,7.4,.516,.499,2.8,3.1,.902,0.8,3.8,3.4,14.0,4.2,4.2,9.1,4.9,30.7,0.7,1.4,0.2,0.5,2.1,15.1,2.2,13.6,17.4
2277,2023,Harrison Barnes,SAC,PF,82,82,32.5,4.6,9.6,.473,1.6,4.3,.374,3.0,5.3,.553,.556,4.3,5.0,.847,1.1,3.8,3.4,11.9,4.5,4.5,7.9,1.6,6.3,0.7,1.0,0.1,0.3,1.3,15.0,1.0,8.1,14.1
2278,2023,Malcolm Brogdon,BOS,PG,67,0,26.0,5.3,10.9,.484,2.0,4.4,.444,3.3,6.5,.510,.574,2.4,2.7,.870,0.6,2.7,3.6,14.7,4.2,4.2,8.8,3.7,21.5,0.7,1.3,0.3,0.9,1.6,14.9,1.5,10.8,18.2
2279,2023,Immanuel Quickley,NYK,SG,81,21,28.9,5.2,11.6,.448,2.1,5.6,.370,3.1,6.0,.521,.537,2.5,3.1,.819,0.7,2.7,3.4,13.1,4.2,4.2,7.9,3.4,17.4,1.0,1.7,0.2,0.6,2.0,14.9,1.2,8.7,16.3
2280,2023,Alperen Şengün,HOU,C,75,72,28.9,5.9,10.7,.553,0.3,0.8,.333,5.6,9.9,.570,.565,2.7,3.8,.715,3.2,12.1,5.8,22.3,9.0,9.0,17.1,3.9,21.0,0.9,1.6,0.9,3.2,3.4,14.8,2.6,17.3,19.7
2281,2023,Tobias Harris,PHI,SF,74,74,32.9,5.7,11.4,.501,1.7,4.4,.389,4.0,7.0,.570,.575,1.5,1.7,.876,0.9,3.3,4.8,17.0,5.7,5.7,10.3,2.5,11.4,0.9,1.4,0.5,1.5,2.0,14.7,1.2,9.0,14.8
2282,2023,Gordon Hayward,CHO,SF,50,50,31.5,5.5,11.6,.475,1.0,3.2,.325,4.5,8.4,.532,.520,2.6,3.2,.811,0.7,2.2,3.6,12.6,4.3,4.3,7.3,4.1,19.3,0.8,1.3,0.2,0.7,1.4,14.7,2.0,13.2,13.5
2283,2023,Trey Murphy III,NOP,SF,79,65,31.0,4.9,10.1,.484,2.6,6.3,.406,2.3,3.8,.611,.610,2.2,2.4,.905,0.7,2.7,2.8,10.3,3.6,3.6,6.5,1.4,6.4,1.1,1.8,0.5,1.7,2.0,14.5,0.8,6.5,15.2
2284,2023,Tim Hardaway Jr.,DAL,SF,71,45,30.3,4.8,11.9,.401,3.0,7.7,.385,1.8,4.2,.431,.527,1.8,2.3,.770,0.3,1.1,3.2,12.6,3.5,3.5,6.8,1.8,9.0,0.7,1.1,0.2,0.5,1.7,14.4,0.8,6.1,12.1
2285,2023,Jarrett Allen,CLE,C,68,68,32.6,5.9,9.2,.644,0.0,0.1,.100,5.9,9.1,.653,.645,2.4,3.3,.733,3.3,11.7,6.5,23.6,9.8,9.8,17.7,1.7,7.5,0.8,1.2,1.2,3.5,2.3,14.3,1.4,11.4,19.9
2286,2023,Dillon Brooks,MEM,SF,73,73,30.3,5.4,13.6,.396,2.0,6.0,.326,3.4,7.6,.451,.468,1.6,2.1,.779,0.6,2.2,2.7,9.5,3.3,3.3,5.8,2.6,11.7,0.9,1.4,0.2,0.7,3.3,14.3,1.4,8.9,9.4
2287,2023,Collin Sexton,UTA,PG,48,15,23.9,4.9,9.8,.506,1.0,2.5,.393,3.9,7.2,.546,.558,3.4,4.1,.819,0.8,3.5,1.4,6.3,2.2,2.2,5.0,2.9,17.9,0.6,1.1,0.1,0.4,2.3,14.3,1.8,13.3,15.9
2288,2023,Bobby Portis,MIL,PF,70,22,26.0,5.7,11.5,.496,1.4,3.7,.370,4.3,7.8,.555,.555,1.4,1.8,.768,2.2,9.2,7.4,28.6,9.6,9.6,19.3,1.5,8.7,0.4,0.8,0.2,0.7,1.6,14.1,1.2,8.6,17.8
2289,2023,Jonas Valančiūnas,NOP,C,79,79,24.9,5.6,10.3,.547,0.5,1.4,.349,5.2,8.9,.577,.570,2.3,2.8,.826,2.8,13.0,7.3,33.3,10.2,10.2,23.1,1.8,11.1,0.3,0.5,0.7,2.5,3.1,14.1,2.0,14.8,19.3
2290,2023,Jalen Williams,OKC,SG,75,62,30.3,5.5,10.6,.521,1.0,2.7,.356,4.5,7.9,.579,.567,2.1,2.5,.812,1.1,3.9,3.4,12.2,4.5,4.5,7.9,3.3,15.4,1.4,2.1,0.5,1.4,2.5,14.1,1.6,12.3,15.6
2291,2023,Bogdan Bogdanović,ATL,SG,54,9,27.9,5.1,11.3,.447,2.7,6.7,.406,2.4,4.6,.506,.566,1.2,1.4,.831,0.4,1.6,2.6,10.4,3.1,3.1,6.0,2.8,13.4,0.8,1.4,0.3,1.0,1.6,14.0,1.2,9.2,14.2
2292,2023,Markelle Fultz,ORL,PG,60,60,29.6,5.8,11.3,.514,0.5,1.5,.310,5.4,9.9,.544,.534,1.9,2.4,.783,1.2,4.4,2.8,10.5,3.9,3.9,7.4,5.7,29.8,1.5,2.4,0.4,1.4,2.2,14.0,2.3,15.8,16.6
2293,2023,Chris Paul,PHO,PG,59,59,32.0,5.0,11.3,.440,1.7,4.4,.375,3.3,6.9,.482,.513,2.3,2.7,.831,0.5,1.6,3.8,13.4,4.3,4.3,7.4,8.9,38.7,1.5,2.4,0.4,1.0,2.1,13.9,1.9,13.4,17.7
2294,2023,Saddiq Bey,2TM,SF,77,37,27.6,4.6,10.9,.422,2.0,5.4,.361,2.6,5.4,.483,.513,2.7,3.1,.861,1.3,5.0,3.4,14.0,4.7,4.7,9.4,1.5,8.1,0.9,1.6,0.2,0.5,1.6,13.8,0.9,7.0,14.6
2295,2023,Saddiq Bey,DET,SF,52,30,28.8,4.7,11.7,.404,1.9,5.6,.345,2.8,6.0,.460,.488,3.5,4.0,.861,1.1,4.2,3.5,13.9,4.7,4.7,8.9,1.6,8.5,1.0,1.6,0.2,0.7,1.7,14.8,1.0,7.2,14.3
2296,2023,Saddiq Bey,ATL,SF,25,7,25.2,4.3,9.2,.470,2.0,5.0,.400,2.3,4.2,.552,.578,1.0,1.2,.862,1.6,6.7,3.2,14.3,4.8,4.8,10.4,1.4,7.2,0.8,1.5,0.0,0.1,1.5,11.6,0.7,6.5,15.2
2297,2023,Luguentz Dort,OKC,SF,74,73,30.7,4.6,11.8,.388,1.8,5.5,.330,2.8,6.3,.440,.466,2.7,3.5,.772,1.7,5.9,2.9,10.4,4.6,4.6,8.1,2.1,9.2,1.0,1.6,0.3,0.9,3.3,13.7,1.2,8.5,11.3
2298,2023,Malik Monk,SAC,SG,77,0,22.3,4.6,10.3,.448,1.9,5.2,.359,2.8,5.2,.538,.538,2.4,2.7,.889,0.4,2.1,2.2,11.3,2.6,2.6,6.7,3.9,25.0,0.6,1.4,0.3,1.0,1.6,13.5,1.9,14.1,16.6
2299,2023,Rudy Gobert,MIN,C,70,70,30.7,5.1,7.8,.659,0.0,0.0,.000,5.1,7.8,.663,.659,3.1,4.9,.644,3.3,12.2,8.3,29.8,11.6,11.6,21.2,1.2,5.6,0.8,1.2,1.4,3.9,3.0,13.4,1.7,14.9,18.9
2300,2023,Jusuf Nurkić,POR,C,52,52,26.8,5.0,9.7,.519,0.8,2.3,.361,4.2,7.4,.567,.561,2.4,3.7,.661,2.2,9.3,6.9,29.7,9.1,9.1,19.5,2.9,16.4,0.8,1.5,0.8,2.8,3.6,13.3,2.3,16.8,17.3
2301,2023,Kris Dunn,UTA,PG,22,3,25.8,5.3,9.8,.537,0.8,1.6,.472,4.5,8.2,.550,.576,1.9,2.4,.774,0.4,1.7,4.1,17.1,4.5,4.5,9.5,5.6,32.3,1.1,2.1,0.5,1.5,2.6,13.2,1.6,12.8,19.1
2302,2023,John Collins,ATL,PF,71,71,30.0,5.1,10.0,.508,1.0,3.4,.292,4.1,6.6,.619,.557,2.0,2.5,.803,1.1,3.9,5.4,20.0,6.5,6.5,11.9,1.2,5.3,0.6,0.9,1.0,2.9,3.1,13.1,1.1,9.1,13.6
2303,2023,Cole Anthony,ORL,PG,60,4,25.9,4.6,10.2,.454,1.3,3.4,.364,3.4,6.7,.500,.516,2.5,2.8,.894,0.8,3.4,4.0,17.6,4.8,4.8,10.5,3.9,22.9,0.6,1.2,0.5,1.9,2.6,13.0,1.5,11.7,16.0
2304,2023,Austin Reaves,LAL,SG,64,22,28.8,4.0,7.7,.529,1.3,3.4,.398,2.7,4.3,.631,.616,3.6,4.1,.864,0.5,2.0,2.5,9.0,3.0,3.0,5.6,3.4,15.7,0.5,0.8,0.3,0.9,1.7,13.0,1.5,14.0,14.9
2305,2023,Tre Jones,SAS,PG,68,65,29.2,5.0,10.9,.459,0.7,2.3,.285,4.4,8.6,.506,.489,2.2,2.5,.860,0.8,3.0,2.8,10.8,3.6,3.6,6.7,6.6,31.5,1.3,2.1,0.1,0.4,1.4,12.9,1.6,11.8,16.0
2306,2023,Alec Burks,DET,SG,51,8,22.0,3.9,9.0,.436,1.9,4.7,.414,2.0,4.3,.459,.544,3.0,3.7,.814,0.4,1.8,2.7,14.2,3.1,3.1,7.8,2.2,15.9,0.7,1.6,0.2,0.6,1.9,12.8,1.1,9.7,16.5
2307,2023,Jabari Smith Jr.,HOU,PF,79,79,31.0,4.6,11.3,.408,1.5,4.9,.307,3.1,6.3,.487,.475,2.1,2.6,.786,1.5,5.4,5.7,20.3,7.2,7.2,12.7,1.3,5.9,0.5,0.9,0.9,3.0,2.9,12.8,1.3,9.6,11.2
2308,2023,Malik Beasley,2TM,SG,81,27,25.8,4.6,11.6,.395,2.9,8.1,.357,1.7,3.4,.484,.520,0.6,0.8,.769,0.4,1.8,3.1,12.5,3.5,3.5,7.3,1.5,8.4,0.8,1.5,0.1,0.4,1.3,12.7,1.1,8.5,10.9
2309,2023,Malik Beasley,UTA,SG,55,13,26.8,4.8,12.2,.396,3.1,8.6,.359,1.7,3.6,.485,.522,0.7,0.8,.841,0.5,2.0,3.1,12.3,3.6,3.6,7.2,1.7,9.0,0.8,1.4,0.1,0.5,1.4,13.4,1.1,8.0,11.5
2310,2023,Malik Beasley,LAL,SG,26,14,23.9,4.0,10.3,.392,2.5,7.2,.353,1.5,3.1,.481,.515,0.5,0.8,.619,0.3,1.4,3.0,13.0,3.3,3.3,7.4,1.2,7.0,0.8,1.6,0.0,0.1,1.2,11.1,1.2,9.8,9.7
2311,2023,KJ Martin,HOU,SF,82,49,28.0,5.0,8.8,.569,0.8,2.6,.315,4.2,6.1,.679,.617,1.8,2.7,.680,1.5,6.0,4.0,15.8,5.5,5.5,10.8,1.5,8.1,0.5,0.9,0.4,1.3,1.8,12.7,1.1,10.0,15.4
2312,2023,Nic Claxton,BRK,C,76,76,29.9,5.4,7.7,.705,0.0,0.0,.000,5.4,7.7,.708,.705,1.8,3.2,.541,2.4,9.3,6.8,25.1,9.2,9.2,17.4,1.9,9.3,0.9,1.4,2.5,7.1,2.8,12.6,1.3,12.1,20.8
2313,2023,Dennis Schröder,LAL,PG,66,50,30.1,4.1,9.8,.415,1.1,3.4,.329,3.0,6.4,.461,.472,3.3,3.8,.857,0.3,1.2,2.2,7.5,2.5,2.5,4.4,4.5,20.1,0.8,1.2,0.2,0.4,2.2,12.6,1.7,12.8,11.5
2314,2023,Jakob Poeltl,2TM,C,72,71,26.5,5.4,8.6,.629,0.0,0.0,.000,5.4,8.6,.630,.629,1.7,2.8,.592,3.3,13.0,5.8,25.5,9.1,9.1,19.0,2.7,15.2,0.9,1.7,1.2,4.0,2.7,12.5,1.7,15.0,21.0
2315,2023,Jakob Poeltl,SAS,C,46,46,26.1,5.2,8.4,.616,0.0,0.0,.000,5.2,8.4,.618,.616,1.7,2.8,.605,3.3,13.3,5.7,25.0,9.0,9.0,18.9,3.1,17.0,0.8,1.4,1.1,3.6,2.6,12.1,2.1,17.8,19.7
2316,2023,Jakob Poeltl,TOR,C,26,25,27.2,5.8,8.8,.652,0.0,0.0,,5.8,8.8,.652,.652,1.6,2.8,.569,3.2,12.5,5.9,26.4,9.1,9.1,19.0,2.2,12.1,1.2,2.1,1.3,4.7,3.0,13.1,1.1,10.0,23.1
2317,2023,Mac McClung,PHI,SG,2,0,20.5,4.5,10.0,.450,2.0,5.5,.364,2.5,4.5,.556,.550,1.5,2.5,.600,1.5,8.8,3.5,19.8,5.0,5.0,14.4,4.5,35.3,0.0,0.0,0.0,0.0,1.5,12.5,1.5,11.9,19.2
2318,2023,Kelly Olynyk,UTA,C,68,68,28.6,4.1,8.2,.499,1.4,3.5,.394,2.7,4.7,.576,.583,2.9,3.4,.853,1.2,4.6,5.0,18.6,6.2,6.2,11.7,3.7,17.6,0.9,1.5,0.5,1.6,3.4,12.5,2.5,20.3,14.4
2319,2023,Eric Gordon,2TM,SG,69,58,28.5,4.2,9.5,.446,1.9,5.2,.371,2.3,4.3,.535,.547,2.1,2.5,.821,0.2,0.9,1.7,6.7,1.9,1.9,3.8,2.7,13.4,0.6,1.1,0.4,1.2,1.1,12.4,1.5,12.5,11.8
2320,2023,Eric Gordon,HOU,SG,47,47,30.2,4.5,10.2,.439,1.8,5.2,.347,2.7,5.0,.536,.528,2.3,2.9,.815,0.3,0.9,1.8,6.7,2.1,2.1,3.8,2.9,13.8,0.6,1.0,0.4,1.2,1.0,13.1,1.8,13.4,11.4
2321,2023,Eric Gordon,LAC,SG,22,11,24.9,3.7,8.0,.463,2.1,5.0,.423,1.5,2.9,.531,.597,1.5,1.7,.842,0.2,0.8,1.5,6.7,1.7,1.7,3.8,2.1,12.2,0.6,1.2,0.4,1.3,1.5,11.0,1.0,9.9,13.1
2322,2023,Derrick White,BOS,SG,82,70,28.3,4.3,9.2,.462,1.8,4.8,.381,2.5,4.5,.548,.560,2.0,2.3,.875,0.6,2.5,2.9,11.2,3.6,3.6,6.9,3.9,19.4,0.7,1.1,0.9,2.8,2.2,12.4,1.2,10.1,15.4
2323,2023,Keegan Murray,SAC,SF,80,78,29.8,4.4,9.8,.453,2.6,6.3,.411,1.9,3.5,.527,.584,0.8,1.0,.765,1.1,4.3,3.5,13.4,4.6,4.6,8.9,1.2,5.5,0.8,1.2,0.5,1.5,2.0,12.2,0.8,6.8,12.3
2324,2023,Caris LeVert,CLE,SG,74,30,30.2,4.3,10.0,.431,1.7,4.4,.392,2.6,5.6,.462,.517,1.8,2.4,.722,0.7,2.8,3.1,12.1,3.8,3.8,7.4,3.9,18.0,1.0,1.6,0.3,1.0,2.3,12.1,1.6,12.4,12.4
2325,2023,Jaden McDaniels,MIN,SF,79,79,30.6,4.7,9.1,.517,1.4,3.4,.398,3.3,5.7,.588,.591,1.3,1.8,.736,1.2,4.3,2.7,9.8,3.9,3.9,7.1,1.9,8.4,0.9,1.5,1.0,2.7,3.4,12.1,1.4,12.6,12.0
2326,2023,Marvin Bagley III,DET,C,42,25,23.6,4.8,9.1,.529,0.5,1.6,.288,4.4,7.5,.579,.554,1.9,2.6,.750,2.2,10.2,4.2,20.2,6.4,6.4,15.1,0.9,5.9,0.5,0.9,0.7,2.7,1.9,12.0,1.1,9.7,17.2
2327,2023,Clint Capela,ATL,C,65,63,26.6,5.4,8.2,.653,0.0,0.0,.000,5.4,8.2,.654,.653,1.2,2.0,.603,4.0,16.1,7.1,29.4,11.0,11.0,22.7,0.9,4.7,0.7,1.2,1.2,3.9,2.1,12.0,0.8,8.3,22.1
2328,2023,Mike Conley,2TM,PG,67,66,30.3,3.9,9.1,.428,2.0,5.2,.385,1.9,3.9,.486,.539,2.1,2.5,.834,0.5,1.8,2.2,7.9,2.7,2.7,4.9,6.7,29.4,1.1,1.7,0.2,0.6,2.1,11.9,1.5,13.1,14.7
2329,2023,Mike Conley,UTA,PG,43,42,29.7,3.6,8.7,.408,1.8,5.0,.362,1.8,3.8,.469,.511,1.8,2.2,.813,0.4,1.5,2.1,7.5,2.5,2.5,4.5,7.7,34.0,1.0,1.6,0.2,0.7,2.2,10.7,1.7,15.1,13.9
2330,2023,Mike Conley,MIN,PG,24,24,31.4,4.5,9.8,.460,2.4,5.8,.420,2.1,4.0,.515,.583,2.6,3.0,.863,0.7,2.4,2.5,8.6,3.1,3.1,5.6,5.0,21.5,1.2,1.8,0.2,0.5,1.9,14.0,1.2,9.8,16.1
2331,2023,Bones Hyland,2TM,PG,56,1,19.4,4.1,10.2,.399,2.1,5.6,.371,2.0,4.6,.434,.502,1.5,1.8,.843,0.4,2.1,2.1,11.8,2.4,2.4,7.1,3.1,23.4,0.7,1.8,0.3,1.2,1.7,11.8,1.5,11.7,14.9
2332,2023,Bones Hyland,DEN,PG,42,1,19.5,4.1,10.3,.399,2.2,5.7,.378,2.0,4.6,.425,.503,1.7,2.0,.866,0.2,1.4,1.8,10.4,2.0,2.0,6.0,3.0,22.0,0.7,1.7,0.3,1.4,1.6,12.1,1.6,12.5,14.5
2333,2023,Bones Hyland,LAC,PG,14,0,18.9,3.9,9.8,.401,1.9,5.3,.351,2.1,4.5,.460,.496,1.1,1.4,.750,0.7,4.3,2.8,16.3,3.5,3.5,10.4,3.4,27.6,0.8,2.0,0.1,0.7,2.1,10.8,1.1,9.3,16.4
2334,2023,Lonnie Walker IV,LAL,SG,56,32,23.2,4.2,9.4,.448,1.6,4.4,.365,2.6,5.0,.522,.534,1.6,1.9,.858,0.3,1.2,1.7,7.6,1.9,1.9,4.5,1.1,7.0,0.5,1.1,0.3,1.1,1.3,11.7,0.8,7.4,12.2
2335,2023,Zach Collins,SAS,C,63,26,22.9,4.5,8.7,.518,0.9,2.3,.374,3.6,6.4,.571,.568,1.7,2.3,.761,1.8,8.5,4.5,22.5,6.4,6.4,15.2,2.9,18.0,0.6,1.2,0.8,2.8,3.2,11.6,2.0,17.4,16.4
2336,2023,Bruce Brown,DEN,SF,80,31,28.5,4.5,9.3,.483,1.1,3.2,.358,3.3,6.1,.548,.545,1.5,1.9,.758,0.8,3.3,3.3,13.0,4.1,4.1,8.3,3.4,15.7,1.1,1.9,0.6,2.0,2.4,11.5,1.5,13.2,13.3
2337,2023,Naz Reid,MIN,C,68,11,18.4,4.6,8.5,.537,1.1,3.2,.346,3.5,5.3,.653,.602,1.3,1.9,.677,1.1,6.6,3.8,22.8,4.9,4.9,14.9,1.1,9.6,0.6,1.6,0.8,3.7,2.6,11.5,1.4,12.7,18.5
2338,2023,Marcus Smart,BOS,PG,61,61,32.1,4.1,9.9,.415,1.9,5.6,.336,2.2,4.3,.519,.511,1.4,1.9,.746,0.8,2.6,2.4,8.0,3.1,3.1,5.3,6.3,26.4,1.5,2.3,0.4,1.0,2.8,11.5,2.3,17.9,12.1
2339,2023,Max Strus,MIA,SF,80,33,28.4,4.1,9.9,.410,2.5,7.0,.350,1.6,2.8,.559,.535,1.0,1.1,.876,0.6,2.4,2.6,11.2,3.2,3.2,6.7,2.1,11.2,0.5,0.9,0.2,0.5,2.1,11.5,0.9,7.8,10.8
2340,2023,John Wall,LAC,PG,34,3,22.2,4.1,9.9,.408,1.0,3.2,.303,3.1,6.7,.459,.457,2.3,3.3,.681,0.4,2.1,2.3,11.4,2.7,2.7,6.8,5.2,35.3,0.8,1.8,0.4,1.4,1.7,11.4,2.4,17.1,13.6
2341,2023,Quentin Grimes,NYK,SG,71,66,29.9,4.0,8.5,.468,2.2,5.7,.386,1.8,2.7,.641,.599,1.1,1.4,.796,0.7,2.5,2.5,9.4,3.2,3.2,5.9,2.1,9.7,0.7,1.1,0.4,1.2,2.5,11.3,1.0,9.7,11.7
2342,2023,Isaiah Stewart,DET,C,50,47,28.3,3.9,8.8,.442,1.3,4.1,.327,2.6,4.7,.542,.518,2.2,3.0,.738,2.3,8.7,5.8,23.3,8.1,8.1,15.8,1.4,7.3,0.4,0.7,0.7,2.1,2.7,11.3,1.4,11.8,13.1
2343,2023,Rui Hachimura,2TM,PF,63,9,23.3,4.5,9.3,.486,0.8,2.5,.319,3.7,6.7,.550,.530,1.4,1.9,.739,0.8,4.1,3.7,16.5,4.5,4.5,10.5,0.9,5.8,0.3,0.6,0.4,1.5,1.1,11.2,0.8,7.7,13.2
2344,2023,Rui Hachimura,WAS,PF,30,0,24.3,5.3,10.8,.488,1.0,3.0,.337,4.3,7.8,.545,.534,1.5,1.9,.759,0.6,3.0,3.6,16.0,4.3,4.3,9.8,1.2,7.3,0.4,0.7,0.4,1.4,1.3,13.0,1.2,9.3,13.6
2345,2023,Rui Hachimura,LAL,PF,33,9,22.4,3.8,7.9,.485,0.6,2.2,.296,3.2,5.7,.556,.525,1.3,1.8,.721,1.0,5.1,3.7,17.0,4.7,4.7,11.2,0.7,4.4,0.2,0.5,0.4,1.6,1.0,9.6,0.5,5.6,12.7
2346,2023,Kyle Lowry,MIA,PG,55,44,31.2,3.6,8.8,.404,1.9,5.6,.345,1.6,3.2,.509,.514,2.1,2.5,.859,0.8,2.8,3.3,12.9,4.1,4.1,7.7,5.1,23.4,1.0,1.7,0.4,1.2,2.6,11.2,1.9,15.9,12.6
2347,2023,Marcus Morris,LAC,PF,65,65,28.1,4.2,9.9,.426,1.7,4.7,.364,2.5,5.2,.484,.513,1.0,1.3,.782,0.4,1.8,3.5,13.9,4.0,4.0,7.9,1.8,8.9,0.6,1.1,0.3,1.0,2.1,11.2,0.9,7.6,10.5
2348,2023,Corey Kispert,WAS,SF,74,45,28.3,3.9,7.9,.497,2.2,5.2,.424,1.7,2.7,.637,.637,1.0,1.2,.852,0.4,1.8,2.4,8.9,2.8,2.8,5.5,1.2,5.7,0.4,0.7,0.1,0.4,1.3,11.1,0.7,8.1,11.5
2349,2023,Jeremy Sochan,SAS,PF,56,53,26.0,4.5,9.9,.453,0.6,2.4,.246,3.9,7.5,.519,.483,1.4,2.1,.698,1.7,6.9,3.6,15.6,5.3,5.3,11.0,2.5,13.6,0.8,1.4,0.4,1.3,2.5,11.0,1.7,13.9,11.4
2350,2023,Mason Plumlee,2TM,C,79,60,26.0,4.2,6.1,.680,0.0,0.0,,4.2,6.1,.680,.680,2.5,4.0,.636,2.9,11.8,6.0,25.1,8.9,8.9,18.4,3.1,17.3,0.6,1.1,0.6,2.0,2.7,10.8,1.5,15.8,19.6
2351,2023,Mason Plumlee,CHO,C,56,56,28.5,4.7,7.1,.669,0.0,0.0,,4.7,7.1,.669,.669,2.8,4.6,.605,3.3,12.2,6.3,24.1,9.7,9.7,18.1,3.7,18.7,0.6,1.0,0.6,1.9,2.9,12.2,1.6,14.6,20.0
2352,2023,Mason Plumlee,LAC,C,23,4,19.9,2.8,3.8,.727,0.0,0.0,,2.8,3.8,.727,.727,1.9,2.5,.772,1.8,10.4,5.1,28.4,6.9,6.9,19.5,1.7,12.3,0.5,1.2,0.5,2.3,2.4,7.5,1.3,21.0,18.2
2353,2023,Kentavious Caldwell-Pope,DEN,SG,76,76,31.3,3.8,8.3,.462,1.8,4.2,.423,2.1,4.1,.502,.569,1.4,1.6,.824,0.5,1.7,2.3,8.1,2.7,2.7,5.0,2.4,9.8,1.5,2.3,0.5,1.3,1.9,10.8,1.1,11.1,11.5
2354,2023,Jaylen Nowell,MIN,SG,65,2,19.3,4.3,9.6,.448,1.0,3.6,.289,3.3,6.0,.542,.502,1.2,1.5,.778,0.6,3.3,2.1,11.7,2.6,2.6,7.6,2.0,15.9,0.6,1.6,0.1,0.3,1.6,10.8,1.0,8.9,13.7
2355,2023,Ivica Zubac,LAC,C,76,76,28.6,4.3,6.8,.634,0.0,0.0,.000,4.3,6.7,.637,.634,2.2,3.1,.697,3.1,12.3,6.8,26.5,9.9,9.9,19.5,1.0,5.1,0.4,0.7,1.3,4.0,2.9,10.8,1.5,15.9,16.7
2356,2023,Talen Horton-Tucker,UTA,SG,65,20,20.2,4.0,9.4,.419,0.9,3.1,.286,3.1,6.3,.485,.467,1.9,2.6,.750,0.6,3.4,2.6,13.7,3.2,3.2,8.6,3.8,27.4,0.6,1.5,0.4,1.9,1.7,10.7,1.9,15.5,13.7
2357,2023,Victor Oladipo,MIA,SG,42,2,26.3,3.8,9.6,.397,1.7,5.0,.330,2.1,4.5,.471,.484,1.4,1.9,.747,0.4,1.6,2.7,12.3,3.0,3.0,6.8,3.5,19.8,1.4,2.6,0.3,1.1,2.4,10.7,2.1,16.6,10.6
2358,2023,Cam Thomas,BRK,SG,57,4,16.6,3.5,8.0,.441,0.9,2.3,.383,2.6,5.7,.464,.497,2.6,3.1,.868,0.1,1.0,1.5,10.1,1.7,1.7,5.6,1.4,12.7,0.4,1.0,0.1,0.6,1.0,10.6,1.1,10.6,14.7
2359,2023,Nate Williams,POR,SG,5,4,25.4,4.8,7.8,.615,0.6,1.6,.375,4.2,6.2,.677,.654,0.4,0.6,.667,2.0,9.0,1.0,4.6,3.0,3.0,6.8,2.0,12.1,0.6,1.2,0.4,1.4,2.6,10.6,0.8,9.0,15.5
2360,2023,Moritz Wagner,ORL,C,57,18,19.5,3.5,6.9,.500,0.9,2.9,.313,2.6,4.1,.631,.564,2.7,3.2,.841,1.2,7.0,3.3,19.4,4.5,4.5,13.2,1.5,11.5,0.6,1.6,0.2,1.1,2.4,10.5,1.2,12.5,17.4
2361,2023,Grayson Allen,MIL,SG,72,70,27.4,3.4,7.7,.440,2.0,5.1,.399,1.4,2.7,.518,.571,1.6,1.8,.905,0.8,3.4,2.4,9.0,3.3,3.3,6.3,2.3,10.9,0.9,1.5,0.2,0.6,1.6,10.4,1.0,10.5,12.3
2362,2023,Killian Hayes,DET,PG,76,56,28.3,4.0,10.7,.377,1.1,3.8,.280,3.0,7.0,.429,.426,1.2,1.5,.821,0.4,1.4,2.5,10.2,2.9,2.9,5.7,6.2,32.3,1.4,2.3,0.4,1.1,2.9,10.3,2.3,16.7,10.2
2363,2023,Tyus Jones,MEM,PG,80,22,24.3,3.9,8.9,.438,1.5,4.1,.371,2.4,4.8,.495,.523,1.0,1.3,.800,0.4,1.5,2.2,9.4,2.5,2.5,5.5,5.2,28.8,1.0,2.0,0.1,0.3,0.4,10.3,0.9,8.9,16.0
2364,2023,Monte Morris,WAS,PG,62,61,27.3,4.0,8.3,.480,1.3,3.3,.382,2.7,5.0,.543,.555,1.0,1.2,.831,0.4,1.8,3.0,11.6,3.4,3.4,6.9,5.3,26.4,0.7,1.2,0.2,0.6,1.2,10.3,1.0,9.9,15.0
2365,2023,Cameron Payne,PHO,PG,48,15,20.2,3.9,9.4,.415,1.4,3.9,.368,2.5,5.6,.448,.490,1.0,1.3,.766,0.3,1.3,2.0,11.0,2.2,2.2,6.1,4.5,32.6,0.7,1.7,0.2,0.7,1.8,10.3,1.7,14.4,13.2
2366,2023,Reggie Jackson,2TM,PG,68,40,24.4,3.9,9.4,.411,1.4,4.2,.333,2.5,5.2,.474,.486,1.0,1.1,.910,0.4,1.7,1.8,8.0,2.1,2.1,4.9,3.4,20.0,0.7,1.4,0.1,0.3,1.7,10.2,1.7,14.6,10.0
2367,2023,Reggie Jackson,LAC,PG,52,38,25.7,4.1,9.8,.418,1.5,4.2,.350,2.6,5.6,.469,.493,1.2,1.3,.924,0.4,1.9,1.8,7.8,2.2,2.2,4.9,3.5,19.8,0.7,1.4,0.1,0.3,1.8,10.9,1.8,15.1,10.3
2368,2023,Reggie Jackson,DEN,PG,16,2,19.9,3.1,8.0,.383,1.2,4.3,.279,1.9,3.8,.500,.457,0.6,0.8,.833,0.2,1.1,1.6,8.8,1.8,1.8,5.0,3.1,20.9,0.6,1.4,0.1,0.3,1.4,7.9,1.2,12.5,9.0
2369,2023,Malaki Branham,SAS,SG,66,32,23.5,4.1,9.3,.440,1.2,3.9,.302,2.9,5.4,.539,.503,0.9,1.1,.829,0.4,1.9,2.3,11.2,2.7,2.7,6.4,1.9,11.4,0.5,1.0,0.1,0.4,1.7,10.2,1.2,10.6,9.5
2370,2023,Doug McDermott,SAS,SF,64,0,20.5,3.7,8.2,.457,1.9,4.7,.413,1.8,3.5,.516,.575,0.8,1.1,.757,0.4,1.8,1.8,10.0,2.2,2.2,5.8,1.4,9.8,0.2,0.5,0.1,0.4,1.8,10.2,0.9,9.5,11.1
2371,2023,Patrick Williams,CHI,PF,82,65,28.3,3.8,8.3,.464,1.4,3.4,.415,2.4,4.9,.498,.549,1.1,1.3,.857,1.0,3.9,3.0,12.0,4.0,4.0,8.0,1.2,5.8,0.9,1.5,0.9,2.9,1.8,10.2,1.2,12.3,11.2
2372,2023,Josh Richardson,2TM,SG,65,10,23.5,3.7,8.5,.431,1.6,4.5,.365,2.0,4.0,.506,.528,1.1,1.2,.852,0.6,2.9,2.1,9.9,2.7,2.7,6.3,2.7,15.8,1.1,2.2,0.3,1.2,1.8,10.1,1.3,12.7,12.3
2373,2023,Josh Richardson,SAS,SG,42,6,23.7,4.2,9.7,.436,1.8,4.9,.357,2.5,4.7,.518,.527,1.3,1.4,.883,0.7,3.2,2.1,10.1,2.8,2.8,6.5,3.3,19.3,1.0,1.9,0.3,0.9,1.7,11.5,1.5,12.7,13.6
2374,2023,Josh Richardson,NOP,SG,23,4,23.2,2.7,6.4,.419,1.4,3.7,.384,1.3,2.7,.468,.530,0.7,0.9,.762,0.5,2.3,2.0,9.6,2.4,2.4,6.0,1.6,9.2,1.3,2.6,0.4,1.6,2.0,7.5,1.0,12.8,9.9
2375,2023,De'Anthony Melton,PHI,SG,77,58,27.9,3.6,8.5,.425,2.0,5.2,.390,1.6,3.2,.484,.546,0.9,1.1,.793,0.9,3.9,3.2,13.1,4.1,4.1,8.6,2.6,12.9,1.6,2.9,0.5,1.8,2.5,10.1,1.3,12.9,12.7
2376,2023,Aaron Nesmith,IND,SF,73,60,24.9,3.5,8.1,.427,1.6,4.3,.366,1.9,3.8,.496,.525,1.6,1.9,.838,0.8,3.8,2.9,13.1,3.8,3.8,8.5,1.3,7.4,0.8,1.4,0.5,1.6,3.2,10.1,1.0,10.3,10.5
2377,2023,James Wiseman,2TM,C,45,22,19.3,4.2,7.5,.558,0.1,0.4,.200,4.1,7.1,.580,.563,1.5,2.2,.701,1.6,9.2,4.3,25.2,5.9,5.9,17.0,0.7,5.5,0.2,0.4,0.6,2.7,2.4,10.0,1.1,11.8,15.6
2378,2023,James Wiseman,GSW,C,21,0,12.5,2.8,4.5,.628,0.0,0.1,.500,2.8,4.4,.630,.633,1.2,1.8,.684,0.9,7.7,2.6,22.7,3.5,3.5,15.3,0.7,8.0,0.1,0.5,0.3,2.4,1.9,6.9,0.7,11.2,17.1
2379,2023,James Wiseman,DET,C,24,22,25.2,5.4,10.2,.531,0.1,0.8,.167,5.3,9.5,.559,.537,1.8,2.5,.712,2.3,9.8,5.8,26.3,8.1,8.1,17.8,0.7,4.4,0.2,0.3,0.8,2.9,2.9,12.7,1.5,12.0,15.0
2380,2023,Brandon Clarke,MEM,PF,56,8,19.5,4.1,6.2,.656,0.0,0.1,.167,4.1,6.1,.665,.658,1.8,2.4,.723,1.6,9.0,3.9,21.2,5.5,5.5,15.1,1.3,9.5,0.6,1.5,0.7,3.1,2.3,10.0,1.0,11.8,20.0
2381,2023,Jonathan Kuminga,GSW,PF,67,16,20.8,3.9,7.4,.525,0.8,2.2,.370,3.1,5.2,.590,.579,1.3,2.1,.652,1.0,5.6,2.4,12.5,3.4,3.4,9.1,1.9,12.7,0.6,1.4,0.5,2.0,2.3,9.9,1.4,14.6,13.3
2382,2023,Onyeka Okongwu,ATL,C,80,18,23.1,4.0,6.2,.638,0.1,0.2,.308,3.9,6.1,.647,.642,1.9,2.5,.781,2.7,12.7,4.5,21.5,7.2,7.2,17.0,1.0,5.8,0.7,1.4,1.3,4.9,3.1,9.9,1.0,12.2,19.4
2383,2023,Luka Šamanić,UTA,PF,7,4,23.0,3.7,8.1,.456,1.1,4.4,.258,2.6,3.7,.692,.526,1.3,1.9,.692,0.0,0.0,4.3,19.9,4.3,4.3,10.1,2.1,13.0,0.9,1.8,0.3,1.1,2.4,9.9,1.4,13.8,11.0
2384,2023,Shaedon Sharpe,POR,SG,80,15,22.2,3.8,8.1,.472,1.3,3.5,.360,2.6,4.6,.559,.551,0.9,1.3,.714,0.8,4.0,2.2,11.3,3.0,3.0,7.6,1.2,7.9,0.5,1.0,0.3,1.2,1.7,9.9,1.0,10.7,11.5
2385,2023,Jalen Suggs,ORL,SG,53,19,23.5,3.5,8.4,.419,1.2,3.8,.327,2.3,4.6,.496,.493,1.6,2.2,.723,1.0,5.0,2.0,9.6,3.0,3.0,7.3,2.9,18.0,1.3,2.6,0.5,2.1,2.3,9.9,1.8,15.9,12.5
2386,2023,Thomas Bryant,2TM,C,59,26,18.3,3.9,6.3,.623,0.4,1.0,.441,3.5,5.3,.658,.659,1.6,2.1,.738,1.5,8.9,4.3,24.6,5.7,5.7,17.0,0.5,4.3,0.3,0.7,0.5,2.4,1.7,9.8,0.6,8.2,19.7
2387,2023,Thomas Bryant,LAL,C,41,25,21.4,4.8,7.3,.654,0.5,1.2,.440,4.3,6.1,.697,.691,2.0,2.6,.741,1.6,8.5,5.2,25.1,6.8,6.8,17.1,0.7,5.0,0.3,0.8,0.6,2.2,1.9,12.1,0.7,7.4,21.5
2388,2023,Thomas Bryant,DEN,C,18,1,11.4,1.8,3.8,.485,0.2,0.5,.444,1.6,3.3,.492,.515,0.7,1.0,.722,1.1,11.0,2.3,22.4,3.3,3.3,16.8,0.1,1.3,0.1,0.5,0.4,3.0,1.4,4.6,0.6,11.6,11.8
2389,2023,Josh Hart,2TM,SF,76,52,32.3,3.6,6.8,.529,0.8,2.2,.372,2.8,4.7,.601,.588,1.7,2.3,.750,1.9,6.5,5.9,21.0,7.8,7.8,13.7,3.8,16.1,1.2,1.8,0.3,0.8,2.6,9.8,1.5,16.4,14.1
2390,2023,Josh Hart,POR,SF,51,51,33.4,3.6,7.1,.504,0.7,2.2,.304,2.9,4.9,.594,.551,1.7,2.3,.731,1.9,6.4,6.3,21.9,8.2,8.2,14.1,3.9,16.0,1.1,1.5,0.2,0.5,2.6,9.5,1.5,16.0,12.7
2391,2023,Josh Hart,NYK,SF,25,1,30.0,3.7,6.3,.586,1.1,2.1,.519,2.6,4.2,.619,.672,1.8,2.3,.789,1.9,6.9,5.2,19.0,7.0,7.0,12.9,3.6,16.2,1.4,2.2,0.5,1.5,2.5,10.2,1.5,17.3,17.1
2392,2023,Al Horford,BOS,C,63,63,30.5,3.6,7.6,.476,2.3,5.2,.446,1.3,2.4,.539,.627,0.2,0.3,.714,1.2,4.2,5.0,17.7,6.2,6.2,11.1,3.0,13.2,0.5,0.8,1.0,2.7,1.9,9.8,0.6,7.0,13.8
2393,2023,Herbert Jones,NOP,PF,66,66,29.6,3.6,7.6,.469,0.8,2.5,.335,2.7,5.1,.536,.525,1.9,2.4,.764,1.5,5.6,2.6,10.0,4.1,4.1,7.8,2.5,11.1,1.6,2.6,0.6,2.1,3.2,9.8,1.3,13.3,12.1
2394,2023,Julian Champagnie,2TM,SF,17,3,18.8,3.5,7.6,.454,1.9,4.8,.402,1.5,2.8,.542,.581,0.8,1.0,.824,0.6,3.3,2.9,17.7,3.5,3.5,10.2,0.6,4.5,0.4,0.9,0.3,1.3,1.5,9.7,0.6,7.4,13.4
2395,2023,Julian Champagnie,PHI,SF,2,0,3.5,0.0,1.0,.000,0.0,0.5,.000,0.0,0.5,.000,.000,0.0,0.0,,0.0,0.0,0.0,0.0,0.0,0.0,0.0,0.0,0.0,0.5,7.1,0.0,0.0,0.0,0.0,0.0,0.0,-3.8
2396,2023,Julian Champagnie,SAS,SF,15,3,20.9,3.9,8.5,.461,2.2,5.4,.407,1.7,3.1,.553,.590,0.9,1.1,.824,0.7,3.4,3.3,18.1,4.0,4.0,10.5,0.7,4.6,0.3,0.8,0.3,1.3,1.7,11.0,0.7,7.5,13.8
2397,2023,Cam Reddish,2TM,SF,40,20,24.8,3.5,7.8,.446,1.1,3.6,.313,2.4,4.2,.560,.518,1.6,1.9,.853,0.5,2.0,1.8,8.1,2.2,2.2,5.0,1.4,8.1,1.0,1.9,0.4,1.3,1.8,9.7,1.2,12.0,10.6
2398,2023,Cam Reddish,NYK,SF,20,8,21.9,3.1,6.8,.449,0.9,2.8,.304,2.2,4.0,.550,.511,1.5,1.7,.879,0.4,1.7,1.2,6.0,1.6,1.6,3.9,1.0,6.3,0.8,1.7,0.4,1.7,1.6,8.4,0.8,9.1,10.6
2399,2023,Cam Reddish,POR,SF,20,12,27.6,3.9,8.8,.443,1.4,4.4,.318,2.5,4.4,.568,.523,1.8,2.1,.833,0.6,2.3,2.3,9.6,2.9,2.9,5.9,1.9,9.6,1.2,2.1,0.3,1.0,2.0,11.0,1.6,14.1,10.6
2400,2023,Keita Bates-Diop,SAS,PF,67,42,21.7,3.5,6.9,.508,0.8,2.1,.394,2.7,4.8,.557,.568,1.8,2.2,.793,1.0,4.7,2.7,14.3,3.7,3.7,9.3,1.5,9.8,0.7,1.5,0.3,1.1,0.9,9.7,0.8,9.5,14.9
2401,2023,Coby White,CHI,SG,74,2,23.4,3.6,8.0,.443,1.7,4.6,.372,1.8,3.4,.540,.551,0.8,0.9,.871,0.2,1.1,2.6,12.6,2.9,2.9,6.9,2.8,16.3,0.7,1.5,0.1,0.3,1.6,9.7,1.0,10.6,12.5
2402,2023,Caleb Martin,MIA,SF,71,49,29.3,3.6,7.7,.464,1.2,3.3,.356,2.4,4.4,.545,.540,1.3,1.6,.805,1.2,4.8,3.6,15.0,4.8,4.8,9.7,1.6,8.2,1.0,1.7,0.4,1.5,2.0,9.6,1.1,11.5,11.4
2403,2023,Isaiah Joe,OKC,SG,73,10,19.1,3.1,7.0,.441,2.2,5.4,.409,0.9,1.6,.553,.599,1.1,1.4,.820,0.4,2.0,2.0,11.6,2.4,2.4,6.7,1.2,8.7,0.7,1.6,0.1,0.5,1.4,9.5,0.5,6.6,14.5
2404,2023,Andrew Nembhard,IND,SG,75,63,27.6,3.8,8.6,.441,1.2,3.5,.350,2.6,5.1,.504,.512,0.7,0.8,.790,0.5,1.9,2.2,8.8,2.7,2.7,5.3,4.5,22.4,0.9,1.6,0.2,0.5,2.4,9.5,1.7,15.8,10.0
2405,2023,Jalen McDaniels,2TM,SF,80,24,23.9,3.5,7.7,.455,1.0,2.9,.332,2.6,4.8,.530,.518,1.5,1.7,.841,0.8,3.6,3.5,16.3,4.3,4.3,9.9,1.6,9.6,1.0,2.1,0.4,1.6,2.6,9.4,1.2,12.1,11.8
2406,2023,Jalen McDaniels,CHO,SF,56,21,26.7,3.9,8.8,.447,1.2,3.6,.322,2.8,5.2,.534,.513,1.6,1.9,.846,0.8,3.1,4.0,16.5,4.8,4.8,9.6,2.0,10.5,1.2,2.1,0.5,1.7,2.8,10.6,1.4,12.9,11.6
2407,2023,Jalen McDaniels,PHI,SF,24,3,17.5,2.5,5.1,.488,0.5,1.3,.400,2.0,3.9,.516,.537,1.2,1.4,.824,0.8,5.5,2.4,15.8,3.2,3.2,10.7,0.8,6.5,0.7,2.0,0.2,1.1,2.1,6.7,0.5,8.6,12.5
2408,2023,Kyle Anderson,MIN,PF,69,46,28.4,3.7,7.2,.509,0.6,1.5,.410,3.0,5.7,.536,.553,1.4,2.0,.735,1.0,3.8,4.4,16.9,5.3,5.3,10.5,4.9,22.6,1.1,1.9,0.9,2.8,2.1,9.4,1.5,15.7,14.8
2409,2023,Chris Boucher,TOR,PF,76,0,20.0,3.4,7.0,.493,0.8,2.5,.328,2.6,4.5,.585,.552,1.7,2.2,.762,2.1,10.9,3.5,21.2,5.5,5.5,15.7,0.4,2.7,0.6,1.5,0.8,4.1,1.9,9.4,0.5,6.4,18.0
2410,2023,Donte DiVincenzo,GSW,SG,72,36,26.3,3.3,7.5,.435,2.1,5.3,.397,1.2,2.3,.525,.574,0.8,1.0,.817,1.1,4.7,3.4,14.0,4.5,4.5,9.4,3.5,17.3,1.3,2.4,0.1,0.5,1.8,9.4,1.6,16.4,12.8
2411,2023,Jalen Smith,IND,C,68,31,18.8,3.6,7.5,.476,0.8,2.8,.283,2.8,4.7,.593,.530,1.5,2.0,.759,1.9,11.2,3.9,22.9,5.8,5.8,17.1,1.0,7.6,0.3,0.8,0.9,4.0,2.3,9.4,1.1,11.2,15.9
2412,2023,Gabe Vincent,MIA,PG,68,34,25.9,3.4,8.3,.402,1.7,5.1,.334,1.6,3.2,.512,.505,1.0,1.1,.872,0.4,1.7,1.7,8.1,2.1,2.1,4.8,2.5,13.9,0.9,1.8,0.1,0.3,2.3,9.4,1.4,13.3,9.0
2413,2023,Luke Kennard,2TM,SG,59,14,22.3,3.2,6.5,.492,2.3,4.6,.494,0.9,1.9,.487,.666,0.6,0.7,.949,0.3,1.2,2.4,11.8,2.7,2.7,6.6,1.5,9.4,0.5,1.2,0.1,0.3,1.4,9.3,0.8,10.3,13.0
2414,2023,Luke Kennard,LAC,SG,35,11,20.7,2.8,6.0,.464,1.7,3.8,.447,1.1,2.3,.494,.604,0.5,0.6,.950,0.2,0.9,2.2,11.8,2.4,2.4,6.4,1.1,7.1,0.5,1.3,0.1,0.5,1.3,7.8,0.9,12.0,10.5
2415,2023,Luke Kennard,MEM,SG,24,3,24.6,3.8,7.1,.526,3.1,5.7,.540,0.7,1.4,.471,.743,0.8,0.8,.947,0.4,1.6,2.8,11.8,3.1,3.1,6.7,2.3,12.1,0.5,1.0,0.0,0.2,1.5,11.3,0.7,8.2,16.0
2416,2023,Hamidou Diallo,DET,SF,56,0,17.8,3.8,6.7,.573,0.1,0.4,.238,3.8,6.3,.593,.580,1.6,2.6,.588,1.0,6.2,2.4,15.7,3.5,3.5,10.8,1.0,9.2,0.9,2.6,0.3,1.4,2.2,9.3,1.3,13.9,15.7
2417,2023,Tari Eason,HOU,PF,82,5,21.5,3.6,8.0,.448,0.7,2.1,.343,2.9,6.0,.486,.493,1.3,1.8,.752,2.4,12.0,3.7,18.9,6.0,6.0,15.4,1.1,7.4,1.2,2.6,0.6,2.6,2.3,9.3,1.2,12.2,15.2
2418,2023,Precious Achiuwa,TOR,C,55,12,20.7,3.6,7.3,.485,0.5,2.0,.269,3.0,5.4,.564,.521,1.6,2.3,.702,1.8,9.3,4.1,24.4,6.0,6.0,16.3,0.9,6.3,0.6,1.3,0.5,2.6,1.9,9.2,1.1,11.4,15.2
2419,2023,Deni Avdija,WAS,SF,76,40,26.6,3.3,7.6,.437,0.9,3.1,.297,2.4,4.6,.530,.497,1.6,2.2,.739,1.0,4.2,5.4,21.9,6.4,6.4,13.4,2.8,13.9,0.9,1.6,0.4,1.2,2.8,9.2,1.6,15.9,11.2
2420,2023,Seth Curry,BRK,SG,61,7,19.9,3.4,7.4,.463,1.5,3.8,.405,1.9,3.6,.525,.568,0.8,0.9,.927,0.2,1.2,1.4,7.9,1.6,1.6,4.6,1.6,11.9,0.6,1.5,0.1,0.5,1.6,9.2,0.8,9.7,12.3
2421,2023,Walker Kessler,UTA,C,74,40,23.0,4.0,5.6,.720,0.0,0.0,.333,4.0,5.6,.723,.721,1.1,2.1,.516,3.1,14.9,5.3,24.4,8.4,8.4,19.7,0.9,5.7,0.4,0.7,2.3,8.6,2.3,9.2,0.8,10.7,21.5
2422,2023,Bol Bol,ORL,PF,70,33,21.5,3.7,6.8,.546,0.4,1.6,.265,3.3,5.2,.633,.577,1.2,1.5,.759,1.0,5.2,4.8,25.3,5.8,5.8,15.2,1.0,6.9,0.4,1.0,1.2,5.5,1.3,9.1,1.6,17.6,14.4
2423,2023,Jalen Duren,DET,C,67,31,24.9,3.9,5.9,.648,0.0,0.0,.000,3.9,5.9,.652,.648,1.4,2.3,.611,3.4,14.7,5.5,25.1,8.9,8.9,19.7,1.1,6.8,0.7,1.3,0.9,3.1,2.7,9.1,1.4,16.5,17.3
2424,2023,Josh Green,DAL,SG,60,21,25.7,3.4,6.4,.537,1.1,2.8,.402,2.3,3.6,.643,.626,1.1,1.6,.723,0.9,4.1,2.1,9.7,3.0,3.0,6.9,1.7,9.7,0.7,1.4,0.1,0.3,2.6,9.1,1.2,14.5,11.2
2425,2023,Naji Marshall,NOP,SF,77,21,23.3,3.2,7.4,.433,0.9,2.8,.303,2.4,4.6,.513,.490,1.8,2.3,.789,0.6,3.0,3.0,14.6,3.6,3.6,8.8,2.5,14.4,0.7,1.5,0.2,0.7,1.5,9.1,1.3,13.0,11.4
2426,2023,Taurean Prince,MIN,PF,54,4,22.1,3.3,7.0,.467,1.4,3.6,.381,1.9,3.4,.557,.565,1.2,1.4,.844,0.3,1.4,2.2,10.8,2.4,2.4,6.2,1.6,9.6,0.5,1.1,0.3,1.1,2.3,9.1,1.3,14.3,10.0
2427,2023,Jae'Sean Tate,HOU,SF,31,7,21.8,3.5,7.4,.480,0.4,1.5,.283,3.1,5.9,.530,.509,1.6,2.2,.725,1.3,6.6,2.5,12.6,3.8,3.8,9.6,2.7,18.2,0.7,1.5,0.2,1.0,3.4,9.1,1.5,15.3,12.2
2428,2023,Santi Aldama,MEM,PF,77,20,21.8,3.2,6.8,.470,1.2,3.5,.353,2.0,3.4,.591,.560,1.4,1.9,.750,1.1,5.4,3.7,18.0,4.8,4.8,11.7,1.3,7.6,0.6,1.3,0.6,2.6,1.9,9.0,0.8,9.3,13.9
2429,2023,Jose Alvarado,NOP,PG,61,10,21.5,3.3,8.0,.411,1.4,4.0,.336,1.9,4.0,.488,.496,1.1,1.3,.813,0.5,2.4,1.9,9.8,2.3,2.3,6.1,3.0,19.9,1.1,2.5,0.2,0.7,2.0,9.0,1.3,13.4,11.8
2430,2023,Daniel Gafford,WAS,C,78,47,20.6,3.7,5.1,.732,0.0,0.0,,3.7,5.1,.732,.732,1.6,2.4,.679,2.1,11.7,3.5,18.0,5.6,5.6,15.0,1.1,7.5,0.4,1.0,1.3,5.2,2.4,9.0,1.1,15.1,19.7
2431,2023,Mark Williams,CHO,C,43,17,19.3,3.7,5.8,.637,0.0,0.0,,3.7,5.8,.637,.637,1.6,2.3,.691,2.2,11.7,4.9,27.7,7.1,7.1,19.6,0.4,3.3,0.7,1.6,1.0,4.7,2.2,9.0,0.9,12.0,19.8
2432,2023,AJ Griffin,ATL,SF,72,12,19.5,3.4,7.4,.465,1.4,3.6,.390,2.0,3.8,.536,.560,0.6,0.7,.894,0.5,2.9,1.6,9.2,2.1,2.1,6.0,1.0,7.0,0.6,1.4,0.2,0.7,1.2,8.9,0.6,7.1,12.6
2433,2023,Jaden Hardy,DAL,SG,48,5,14.8,3.0,6.9,.438,1.3,3.3,.404,1.7,3.7,.469,.533,1.4,1.6,.823,0.2,1.8,1.6,13.0,1.9,1.9,7.3,1.4,14.9,0.4,1.2,0.1,0.9,1.3,8.8,1.0,11.1,14.6
2434,2023,Shaquille Harrison,POR,SG,5,0,24.0,3.0,7.2,.417,0.6,2.0,.300,2.4,5.2,.462,.458,2.2,3.0,.733,0.2,1.0,4.2,20.3,4.4,4.4,10.5,6.0,34.9,2.2,4.5,0.4,1.5,2.4,8.8,1.2,12.3,17.9
2435,2023,Terance Mann,LAC,SG,81,36,23.1,3.4,6.5,.519,1.0,2.4,.389,2.4,4.0,.598,.593,1.1,1.5,.780,1.0,4.7,2.5,11.8,3.4,3.4,8.3,2.3,14.0,0.5,1.1,0.3,1.0,1.8,8.8,1.0,12.2,13.4
2436,2023,Royce O'Neale,BRK,SF,76,53,31.7,3.0,7.8,.386,2.1,5.5,.389,0.9,2.3,.379,.524,0.7,0.9,.725,0.7,2.6,4.3,15.0,5.1,5.1,9.0,3.7,15.3,0.9,1.3,0.6,1.7,3.1,8.8,1.5,15.5,9.2
2437,2023,Dennis Smith Jr.,CHO,PG,54,15,25.7,3.4,8.4,.412,0.4,2.1,.216,3.0,6.3,.475,.438,1.4,2.0,.736,0.5,2.0,2.6,11.0,3.1,3.1,6.4,4.8,26.1,1.4,2.6,0.5,1.6,2.3,8.8,1.5,14.1,11.6
2438,2023,Jordan Nwora,2TM,SF,62,14,19.2,3.1,7.2,.436,1.4,3.4,.408,1.7,3.8,.462,.533,1.1,1.4,.791,0.8,4.7,2.9,15.8,3.7,3.7,10.4,1.4,10.5,0.4,1.0,0.2,1.0,1.2,8.7,1.1,12.0,12.2
2439,2023,Jordan Nwora,MIL,SF,38,3,15.7,2.0,5.2,.386,1.1,2.7,.392,0.9,2.5,.379,.487,1.0,1.1,.860,0.8,5.3,2.3,14.8,3.1,3.1,10.2,1.0,8.4,0.3,1.0,0.2,1.0,0.9,6.0,0.9,13.6,10.0
2440,2023,Jordan Nwora,IND,SF,24,11,24.6,4.9,10.3,.476,1.9,4.5,.422,3.0,5.8,.518,.569,1.3,1.8,.721,0.9,4.1,3.8,16.9,4.7,4.7,10.5,2.1,12.6,0.5,1.0,0.3,1.0,1.7,13.0,1.3,10.7,14.4
2441,2023,T.J. McConnell,IND,PG,75,6,20.3,3.8,6.9,.543,0.3,0.8,.441,3.4,6.2,.556,.568,0.8,0.9,.853,0.6,3.3,2.5,13.7,3.1,3.1,8.5,5.3,37.9,1.1,2.5,0.1,0.6,1.4,8.7,1.9,20.6,16.8
2442,2023,Cedi Osman,CLE,SF,77,2,20.1,3.1,6.9,.451,1.5,4.1,.372,1.6,2.8,.564,.560,1.0,1.4,.694,0.3,1.9,2.0,11.5,2.3,2.3,6.7,1.5,10.6,0.5,1.1,0.1,0.7,1.6,8.7,0.7,8.3,12.0
2443,2023,Landry Shamet,PHO,SG,40,9,20.2,2.8,7.5,.377,1.9,5.0,.377,1.0,2.5,.376,.502,1.1,1.3,.882,0.3,1.5,1.4,7.9,1.7,1.7,4.6,2.3,15.7,0.7,1.6,0.1,0.6,1.5,8.7,0.9,10.0,10.9
2444,2023,Steven Adams,MEM,C,42,42,27.0,3.7,6.3,.597,0.0,0.0,.000,3.7,6.2,.599,.597,1.1,3.1,.364,5.1,20.1,6.5,25.3,11.5,11.5,22.7,2.3,11.2,0.9,1.5,1.1,3.7,2.3,8.6,1.9,19.8,17.5
2445,2023,Ayo Dosunmu,CHI,SG,80,51,26.2,3.5,7.1,.493,0.7,2.4,.312,2.8,4.8,.583,.545,0.8,1.0,.805,0.6,2.5,2.2,9.3,2.8,2.8,5.9,2.6,13.2,0.8,1.4,0.3,1.2,2.3,8.6,1.2,14.0,10.2
2446,2023,Draymond Green,GSW,PF,73,73,31.5,3.4,6.5,.527,0.5,1.8,.305,2.9,4.7,.612,.570,1.1,1.5,.713,0.9,3.2,6.3,21.6,7.2,7.2,12.6,6.8,27.8,1.0,1.5,0.8,2.3,3.1,8.5,2.8,28.1,12.2
2447,2023,Shake Milton,PHI,SG,76,11,20.6,3.2,6.6,.479,0.7,1.9,.378,2.4,4.7,.521,.535,1.3,1.5,.853,0.5,3.0,2.0,11.3,2.5,2.5,7.2,3.2,22.3,0.3,0.8,0.2,0.8,1.6,8.4,1.2,14.5,12.7
2448,2023,Dorian Finney-Smith,2TM,PF,66,66,30.4,3.0,7.6,.391,1.7,5.1,.337,1.2,2.5,.503,.505,0.7,0.9,.763,1.7,6.5,3.1,11.5,4.8,4.8,9.0,1.5,6.7,0.8,1.4,0.5,1.6,2.2,8.3,0.9,10.5,9.2
2449,2023,Dorian Finney-Smith,DAL,PF,40,40,32.2,3.2,7.8,.416,1.9,5.4,.355,1.3,2.3,.559,.540,0.8,1.0,.750,1.7,6.0,3.0,11.1,4.7,4.7,8.5,1.5,6.3,1.0,1.5,0.5,1.4,2.0,9.1,0.9,9.9,10.0
2450,2023,Dorian Finney-Smith,BRK,PF,26,26,27.7,2.6,7.3,.351,1.4,4.7,.306,1.2,2.7,.429,.448,0.6,0.7,.789,1.8,7.5,3.1,12.3,4.9,4.9,10.0,1.6,7.4,0.7,1.2,0.6,1.9,2.5,7.2,1.0,11.5,7.7
2451,2023,Terrence Ross,2TM,SG,63,9,21.1,3.2,7.4,.430,1.5,4.1,.368,1.7,3.3,.507,.532,0.4,0.5,.794,0.3,1.8,2.1,11.2,2.4,2.4,6.5,1.5,10.2,0.6,1.3,0.2,0.7,1.5,8.3,0.7,8.2,10.2
2452,2023,Terrence Ross,ORL,SG,42,9,22.5,3.1,7.1,.431,1.5,3.8,.381,1.6,3.3,.489,.533,0.4,0.5,.750,0.2,1.2,1.8,9.0,2.0,2.0,5.1,1.3,8.1,0.6,1.3,0.2,0.8,1.3,8.0,0.9,10.7,8.6
2453,2023,Terrence Ross,PHO,SG,21,0,18.4,3.4,7.9,.428,1.6,4.7,.347,1.8,3.2,.544,.530,0.6,0.7,.857,0.6,3.4,2.7,16.7,3.3,3.3,9.9,2.0,15.4,0.5,1.3,0.1,0.5,2.1,9.0,0.3,3.4,14.2
2454,2023,Gary Harris,ORL,SG,48,42,24.7,2.9,6.4,.450,2.0,4.5,.431,0.9,1.9,.494,.603,0.6,0.6,.900,0.4,2.0,1.6,7.4,2.0,2.0,4.7,1.2,6.9,0.9,1.8,0.3,1.0,1.9,8.3,0.6,8.0,10.5
2455,2023,Kevin Love,2TM,PF,62,20,20.0,2.7,6.8,.389,1.6,4.8,.334,1.1,2.1,.516,.506,1.3,1.5,.879,1.0,5.5,5.5,32.6,6.4,6.4,18.9,1.9,13.2,0.3,0.6,0.2,0.9,1.6,8.2,1.1,13.1,13.1
2456,2023,Kevin Love,CLE,PF,41,3,20.0,2.7,7.0,.389,1.7,4.8,.354,1.0,2.2,.467,.511,1.4,1.5,.889,1.0,6.0,5.8,34.2,6.8,6.8,20.1,1.9,12.8,0.2,0.4,0.2,0.8,1.6,8.5,1.1,13.1,13.6
2457,2023,Kevin Love,MIA,PF,21,17,20.0,2.6,6.6,.388,1.4,4.8,.297,1.1,1.8,.632,.496,1.1,1.3,.857,0.8,4.6,4.9,29.6,5.7,5.7,16.6,1.9,14.0,0.4,1.1,0.2,1.2,1.5,7.7,1.1,13.2,12.3
2458,2023,Damion Lee,PHO,SG,74,5,20.4,2.7,6.1,.442,1.5,3.3,.445,1.2,2.8,.439,.564,1.3,1.4,.904,0.5,2.8,2.5,14.0,3.0,3.0,8.3,1.3,8.9,0.4,1.0,0.1,0.4,1.6,8.2,1.1,13.5,10.7
2459,2023,Georges Niang,PHI,PF,78,1,19.4,2.8,6.4,.442,2.0,4.9,.401,0.9,1.5,.576,.596,0.5,0.6,.867,0.2,1.5,2.1,12.8,2.4,2.4,7.2,1.0,7.3,0.4,1.0,0.2,0.9,1.9,8.2,0.7,9.4,10.9
2460,2023,Nick Richards,CHO,C,65,9,18.7,3.0,4.8,.629,0.0,0.0,1.000,3.0,4.8,.628,.631,2.1,2.8,.749,2.3,12.6,4.1,24.0,6.4,6.4,18.2,0.6,4.5,0.2,0.4,1.1,5.1,2.4,8.2,0.9,13.0,18.3
2461,2023,Aleksej Pokusevski,OKC,PF,34,25,20.6,3.2,7.3,.434,1.1,3.1,.365,2.1,4.3,.483,.510,0.6,1.0,.629,1.3,6.8,3.4,17.8,4.7,4.7,12.2,1.9,12.4,0.6,1.4,1.3,5.7,1.7,8.1,1.3,14.0,13.4
2462,2023,Grant Williams,BOS,PF,79,23,25.9,2.7,6.0,.454,1.5,3.7,.395,1.3,2.3,.546,.575,1.2,1.5,.770,1.1,4.7,3.5,14.5,4.6,4.6,9.7,1.7,8.4,0.5,1.0,0.4,1.3,2.4,8.1,1.0,13.4,10.3
2463,2023,Jevon Carter,MIL,PG,81,39,22.3,3.0,7.0,.423,1.8,4.2,.421,1.2,2.8,.425,.549,0.4,0.5,.816,0.4,2.1,2.1,9.3,2.5,2.5,5.8,2.4,14.5,0.8,1.7,0.4,1.3,2.0,8.0,1.0,11.8,10.9
2464,2023,Kemba Walker,DAL,PG,9,1,16.0,2.7,6.3,.421,0.8,3.1,.250,1.9,3.2,.586,.482,1.9,2.3,.810,0.3,2.4,1.4,10.6,1.8,1.8,6.5,2.1,20.1,0.2,0.7,0.2,1.2,1.2,8.0,0.4,5.7,15.0
2465,2023,Kenrich Williams,OKC,PF,53,10,22.8,3.4,6.5,.517,0.9,2.5,.373,2.4,4.0,.608,.590,0.3,0.7,.436,1.8,8.5,3.1,14.9,4.9,4.9,11.6,2.0,11.7,0.8,1.8,0.3,1.1,2.1,8.0,0.6,8.1,14.4
2466,2023,Robert Williams,BOS,C,35,20,23.5,3.6,4.9,.747,0.0,0.0,.000,3.6,4.8,.751,.747,0.7,1.2,.610,3.0,14.0,5.4,24.5,8.3,8.3,19.3,1.4,8.5,0.6,1.3,1.4,5.0,1.9,8.0,1.0,15.3,19.8
2467,2023,Gabe York,IND,SG,3,0,18.7,2.7,7.0,.381,2.0,6.0,.333,0.7,1.0,.667,.524,0.7,0.7,1.000,0.0,0.0,2.0,11.9,2.0,2.0,5.9,1.7,12.3,0.7,1.7,0.0,0.0,1.7,8.0,0.0,0.0,11.8
2468,2023,Jarred Vanderbilt,2TM,PF,78,65,24.1,3.2,5.8,.548,0.4,1.2,.322,2.8,4.6,.604,.580,1.2,1.8,.691,2.2,10.0,5.3,23.2,7.5,7.5,16.7,2.4,13.1,1.1,2.1,0.3,0.9,2.4,7.9,1.2,15.9,15.1
2469,2023,Jarred Vanderbilt,UTA,PF,52,41,24.1,3.3,6.0,.556,0.4,1.1,.333,3.0,4.9,.606,.587,1.3,2.0,.657,2.3,10.6,5.5,24.5,7.9,7.9,17.6,2.7,15.3,1.0,2.0,0.3,1.0,2.6,8.3,1.3,16.0,16.0
2470,2023,Jarred Vanderbilt,LAL,PF,26,24,24.0,2.8,5.4,.529,0.4,1.3,.303,2.5,4.1,.598,.564,1.1,1.4,.784,1.9,8.7,4.8,20.6,6.7,6.7,14.8,1.6,8.8,1.2,2.3,0.2,0.8,2.2,7.2,1.1,15.7,13.2
2471,2023,Ochai Agbaji,UTA,SG,59,22,20.5,2.8,6.5,.427,1.4,3.9,.355,1.4,2.7,.532,.532,0.9,1.2,.812,0.7,3.9,1.3,6.9,2.1,2.1,5.4,1.1,7.5,0.3,0.6,0.3,1.0,1.7,7.9,0.7,9.0,9.5
2472,2023,Chris Duarte,IND,SF,46,12,19.5,2.7,7.2,.369,1.2,3.8,.316,1.5,3.5,.428,.452,1.3,1.6,.847,0.4,2.4,2.1,11.9,2.5,2.5,7.1,1.4,9.7,0.5,1.3,0.2,0.9,1.4,7.9,0.9,10.1,8.6
2473,2023,Duane Washington Jr.,PHO,SG,31,3,12.7,3.0,8.3,.367,1.3,3.6,.360,1.7,4.7,.372,.445,0.5,0.8,.667,0.1,0.6,1.1,9.8,1.2,1.2,5.1,2.0,25.2,0.2,0.7,0.1,0.9,0.7,7.9,1.1,11.3,9.3
2474,2023,Jeff Green,DEN,PF,56,4,19.5,2.9,5.9,.488,0.5,1.9,.288,2.3,4.0,.580,.534,1.6,2.1,.744,0.7,4.1,1.9,10.9,2.6,2.6,7.6,1.2,8.3,0.3,0.8,0.3,1.4,1.8,7.8,0.8,10.8,11.0
2475,2023,Tre Mann,OKC,PG,67,5,17.7,2.9,7.5,.393,1.2,3.8,.315,1.7,3.6,.475,.474,0.6,0.8,.764,0.4,2.4,1.9,11.8,2.3,2.3,7.0,1.8,14.0,0.6,1.6,0.2,0.9,1.5,7.7,0.9,10.6,10.0
2476,2023,Pat Connaughton,MIL,SF,61,33,23.7,2.7,6.9,.392,1.8,5.3,.339,0.9,1.6,.566,.521,0.4,0.7,.659,0.8,3.8,3.8,16.2,4.6,4.6,10.2,1.3,6.9,0.6,1.2,0.2,0.6,1.1,7.6,0.5,7.0,10.0
2477,2023,Joe Harris,BRK,SF,74,33,20.6,2.7,5.9,.457,1.9,4.5,.426,0.8,1.4,.551,.618,0.2,0.4,.643,0.3,1.7,1.9,10.1,2.2,2.2,6.0,1.4,9.1,0.5,1.1,0.2,0.7,1.9,7.6,0.6,8.3,10.6
2478,2023,Trey Lyles,SAC,PF,74,0,16.9,2.5,5.5,.458,1.2,3.2,.363,1.4,2.3,.595,.565,1.4,1.7,.815,0.9,6.3,3.1,21.1,4.1,4.1,13.7,0.9,7.0,0.4,1.0,0.4,2.2,1.3,7.6,0.9,12.2,14.2
2479,2023,T.J. Warren,2TM,PF,42,0,16.4,3.1,6.4,.489,0.5,1.6,.328,2.6,4.8,.542,.530,0.7,0.8,.800,0.6,4.2,2.3,15.4,2.9,2.9,9.8,1.0,8.7,0.5,1.6,0.3,1.5,1.5,7.5,0.5,6.5,13.5
2480,2023,T.J. Warren,BRK,PF,26,0,18.8,3.9,7.7,.510,0.6,1.8,.333,3.3,5.8,.566,.550,1.0,1.3,.818,0.5,3.1,2.3,13.2,2.8,2.8,8.3,1.1,9.1,0.6,1.5,0.3,1.2,1.7,9.5,0.7,7.3,14.3
2481,2023,T.J. Warren,PHO,SF,16,0,12.3,1.9,4.4,.429,0.4,1.2,.316,1.5,3.2,.471,.471,0.1,0.1,.500,0.8,7.2,2.3,20.7,3.1,3.1,13.8,0.7,7.7,0.4,1.7,0.3,2.3,1.3,4.2,0.2,4.1,11.6
2482,2023,Devonte' Graham,2TM,PG,73,8,18.3,2.2,5.9,.374,1.6,4.6,.352,0.6,1.3,.452,.512,1.3,1.8,.748,0.3,1.6,1.4,8.7,1.7,1.7,5.1,2.7,19.4,0.6,1.6,0.2,1.1,1.1,7.4,0.7,9.8,12.5
2483,2023,Devonte' Graham,NOP,PG,53,0,15.3,1.6,4.4,.368,1.2,3.6,.347,0.4,0.8,.463,.511,0.8,1.1,.746,0.2,1.7,1.1,8.4,1.4,1.4,5.0,2.2,18.7,0.6,1.8,0.2,1.2,0.9,5.3,0.5,9.5,11.8
2484,2023,Devonte' Graham,SAS,PG,20,8,26.4,3.8,10.0,.380,2.7,7.4,.358,1.2,2.6,.442,.513,2.7,3.6,.750,0.4,1.4,2.2,9.3,2.5,2.5,5.2,4.0,20.4,0.8,1.3,0.3,0.9,1.6,13.0,1.3,10.1,13.6
2485,2023,Torrey Craig,PHO,PF,79,60,24.7,2.9,6.3,.456,1.3,3.2,.395,1.6,3.1,.518,.556,0.4,0.6,.711,1.8,8.1,3.6,16.3,5.4,5.4,12.1,1.5,7.9,0.6,1.3,0.8,2.9,2.3,7.4,0.9,12.3,11.6
2486,2023,Mitchell Robinson,NYK,C,59,58,27.0,3.2,4.7,.671,0.0,0.0,,3.2,4.7,.671,.671,1.0,2.1,.484,4.5,18.4,4.9,20.0,9.4,9.4,19.2,0.9,4.5,0.9,1.7,1.8,6.5,2.7,7.4,0.7,10.9,18.9
2487,2023,Obi Toppin,NYK,PF,67,5,15.7,2.8,6.3,.446,1.3,3.7,.344,1.5,2.6,.593,.548,0.6,0.7,.809,0.4,3.0,2.4,16.6,2.8,2.8,9.8,1.0,9.2,0.3,1.1,0.2,1.1,1.0,7.4,0.6,8.0,13.6
2488,2023,Trendon Watford,POR,PF,62,12,19.1,2.9,5.2,.560,0.4,1.0,.391,2.5,4.2,.602,.599,1.2,1.6,.720,0.7,4.1,3.2,19.2,3.8,3.8,11.6,2.1,16.0,0.5,1.3,0.2,0.9,1.9,7.4,1.1,16.2,13.6
2489,2023,Delon Wright,WAS,PG,50,14,24.4,2.8,5.8,.474,0.8,2.4,.345,1.9,3.4,.564,.545,1.0,1.2,.867,1.2,5.5,2.4,10.7,3.6,3.6,8.2,3.9,20.9,1.8,3.7,0.3,1.2,1.2,7.4,0.9,12.2,16.3
2490,2023,Jay Huff,WAS,C,7,0,13.6,2.1,3.6,.600,0.9,1.7,.500,1.3,1.9,.692,.720,2.1,2.3,.938,0.9,7.3,2.1,16.9,3.0,3.0,12.3,1.4,14.7,0.4,1.5,0.6,3.6,2.1,7.3,0.7,13.5,22.3
2491,2023,Josh Okogie,PHO,SG,72,26,18.8,2.3,5.8,.391,0.9,2.7,.335,1.3,3.0,.442,.471,1.9,2.7,.724,1.5,8.8,2.0,11.9,3.5,3.5,10.3,1.5,10.3,0.8,2.0,0.5,2.3,1.6,7.3,0.9,11.2,13.3
2492,2023,Reggie Bullock,DAL,SF,78,55,30.3,2.5,6.0,.409,1.9,5.1,.380,0.5,0.9,.562,.569,0.3,0.5,.703,0.4,1.6,3.2,12.5,3.6,3.6,7.0,1.4,6.2,0.7,1.1,0.2,0.5,2.1,7.2,0.5,6.9,7.7
2493,2023,Isaiah Jackson,IND,C,63,12,16.5,2.8,5.0,.563,0.0,0.2,.143,2.8,4.8,.582,.566,1.5,2.3,.651,1.8,12.1,2.7,18.0,4.5,4.5,15.0,0.8,7.0,0.5,1.4,1.5,7.7,2.4,7.2,0.8,11.8,17.5
2494,2023,Kendrick Nunn,2TM,SG,70,2,13.8,2.7,6.4,.424,1.1,3.2,.354,1.6,3.2,.493,.512,0.5,0.6,.854,0.2,1.8,1.3,10.3,1.6,1.6,6.2,1.3,13.8,0.4,1.4,0.1,0.6,0.9,7.1,0.9,12.4,11.1
2495,2023,Kendrick Nunn,LAL,SG,39,2,13.5,2.6,6.4,.406,1.1,3.2,.325,1.6,3.2,.488,.488,0.4,0.5,.810,0.1,1.0,1.3,9.8,1.4,1.4,5.6,0.9,9.3,0.3,1.0,0.1,0.5,0.9,6.7,0.8,10.6,8.7
2496,2023,Kendrick Nunn,WAS,SG,31,0,14.1,2.9,6.4,.447,1.2,3.1,.392,1.6,3.3,.500,.543,0.6,0.6,.900,0.3,2.7,1.4,10.8,1.7,1.7,6.9,1.8,19.2,0.5,1.9,0.1,0.8,1.0,7.5,1.1,14.4,14.1
2497,2023,Troy Brown Jr.,LAL,SF,76,45,24.5,2.6,6.1,.430,1.4,3.7,.381,1.2,2.4,.505,.545,0.4,0.5,.872,0.8,3.7,3.2,13.7,4.1,4.1,8.9,1.3,6.6,0.8,1.5,0.2,0.7,1.6,7.1,0.6,9.2,9.6
2498,2023,Edmond Sumner,BRK,SG,53,12,13.9,2.3,5.1,.461,0.6,1.6,.356,1.8,3.4,.511,.519,1.9,2.0,.917,0.2,2.0,1.2,9.9,1.5,1.5,6.0,1.3,13.3,0.6,2.1,0.2,1.2,1.6,7.1,0.9,13.6,14.0
2499,2023,Lindell Wigginton,MIL,PG,7,1,12.4,2.6,5.3,.486,0.9,2.6,.333,1.7,2.7,.632,.568,1.1,1.3,.889,0.0,0.0,1.0,8.1,1.0,1.0,4.2,2.0,23.8,0.0,0.0,0.3,1.9,1.0,7.1,1.7,22.7,11.8
2500,2023,Eugene Omoruyi,2TM,SF,40,6,16.1,2.5,5.7,.443,0.6,2.2,.281,1.9,3.5,.547,.498,1.3,1.9,.680,1.1,7.1,1.7,11.8,2.8,2.8,9.4,0.7,6.3,0.7,2.1,0.1,0.4,2.3,7.0,0.9,11.5,10.9
2501,2023,Eugene Omoruyi,OKC,SF,23,2,11.8,1.9,4.1,.468,0.3,1.3,.258,1.6,2.7,.571,.511,0.7,1.2,.607,1.0,8.5,1.3,12.1,2.3,2.3,10.3,0.5,5.6,0.6,2.4,0.0,0.0,2.0,4.9,0.7,13.1,10.6
2502,2023,Eugene Omoruyi,DET,SF,17,4,21.9,3.4,7.9,.425,1.0,3.4,.293,2.4,4.5,.526,.489,2.0,2.8,.723,1.2,6.1,2.2,11.6,3.5,3.5,8.8,1.0,6.8,0.8,1.8,0.2,0.7,2.6,9.7,1.1,10.4,11.2
2503,2023,Chance Comanche,POR,C,1,0,21.0,3.0,5.0,.600,0.0,0.0,,3.0,5.0,.600,.600,1.0,4.0,.250,2.0,10.9,1.0,5.5,3.0,3.0,8.2,0.0,0.0,0.0,0.0,1.0,4.2,0.0,7.0,0.0,0.0,12.2
2504,2023,Kevon Looney,GSW,C,82,70,23.9,3.0,4.7,.630,0.0,0.0,.000,3.0,4.7,.632,.630,1.1,1.9,.606,3.3,15.7,5.9,26.8,9.3,9.3,21.4,2.5,13.8,0.6,1.3,0.6,2.2,2.7,7.0,0.5,9.1,17.8
2505,2023,Joshua Primo,SAS,SG,4,0,23.3,2.3,6.5,.346,0.8,3.0,.250,1.5,3.5,.429,.404,1.8,2.3,.778,0.5,2.3,2.8,13.4,3.3,3.3,7.6,4.5,24.4,0.3,0.5,0.5,1.8,2.0,7.0,2.8,26.9,6.1
2506,2023,Daniel Theis,IND,C,7,1,15.6,3.0,6.3,.477,0.3,1.6,.182,2.7,4.7,.576,.500,0.7,1.7,.417,1.0,7.1,2.1,15.2,3.1,3.1,11.2,1.3,12.2,0.3,0.9,0.9,4.7,1.0,7.0,0.4,5.7,14.2
2507,2023,Xavier Tillman Sr.,MEM,C,61,29,19.3,3.1,5.0,.614,0.1,0.2,.267,3.0,4.8,.632,.621,0.8,1.5,.551,2.0,10.9,3.0,16.7,5.0,5.0,13.8,1.6,10.9,1.0,2.3,0.5,2.2,1.6,7.0,0.7,11.3,17.3
2508,2023,Svi Mykhailiuk,2TM,SF,32,8,14.6,2.4,5.4,.445,1.3,3.1,.424,1.1,2.3,.473,.566,0.8,1.2,.667,0.5,3.4,1.2,8.9,1.7,1.7,6.1,1.7,16.5,0.5,1.5,0.1,0.7,0.7,6.9,0.8,11.2,14.0
2509,2023,Svi Mykhailiuk,NYK,SF,13,0,3.1,0.5,0.9,.500,0.5,0.8,.600,0.0,0.2,.000,.750,0.2,0.4,.600,0.0,0.0,0.5,19.3,0.5,0.5,9.6,0.1,3.5,0.1,1.2,0.0,0.0,0.1,1.6,0.2,12.3,15.8
2510,2023,Svi Mykhailiuk,CHO,SF,19,8,22.5,3.7,8.5,.441,1.9,4.7,.404,1.8,3.8,.486,.553,1.2,1.8,.676,0.8,3.7,1.6,7.9,2.4,2.4,5.7,2.7,17.7,0.7,1.6,0.2,0.8,1.2,10.6,1.2,11.1,13.8
2511,2023,Jae Crowder,MIL,PF,18,3,18.9,2.5,5.2,.479,1.3,3.1,.436,1.2,2.2,.538,.606,0.6,0.7,.833,0.9,5.4,2.9,15.3,3.8,3.8,10.6,1.5,10.6,0.7,1.7,0.3,1.4,1.5,6.9,0.4,6.6,14.6
2512,2023,Willy Hernangómez,NOP,C,38,2,12.1,2.3,4.4,.527,0.1,0.3,.273,2.3,4.2,.544,.536,2.1,2.7,.779,1.5,14.4,3.2,30.1,4.7,4.7,22.3,0.9,10.7,0.4,1.8,0.3,2.7,1.7,6.9,1.0,15.4,20.7
2513,2023,Joe Ingles,MIL,SF,46,0,22.7,2.3,5.4,.435,1.8,4.4,.409,0.5,1.0,.556,.603,0.4,0.5,.857,0.3,1.4,2.5,11.1,2.8,2.8,6.4,3.3,18.4,0.7,1.5,0.1,0.5,1.6,6.9,1.2,17.6,10.7
2514,2023,Ty Jerome,GSW,SG,45,2,18.1,2.6,5.4,.488,0.8,2.0,.389,1.8,3.4,.546,.560,0.8,0.9,.927,0.2,1.0,1.6,9.4,1.7,1.7,5.3,3.0,22.1,0.5,1.3,0.1,0.5,1.4,6.9,0.7,10.3,12.8
2515,2023,Cory Joseph,DET,PG,62,2,19.8,2.4,5.7,.427,1.1,2.9,.389,1.3,2.8,.468,.527,0.9,1.2,.792,0.3,1.8,1.4,7.9,1.7,1.7,4.8,3.5,25.4,0.5,1.3,0.1,0.6,1.4,6.9,0.9,12.8,12.1
2516,2023,Romeo Langford,SAS,SG,43,21,19.6,2.8,6.0,.467,0.4,1.4,.262,2.4,4.6,.530,.498,0.9,1.3,.696,1.3,7.1,1.3,7.7,2.7,2.7,7.4,1.2,7.9,0.6,1.3,0.3,1.3,1.6,6.9,0.7,9.6,10.4
2517,2023,Ben Simmons,BRK,PG,42,33,26.3,3.2,5.6,.566,0.0,0.0,.000,3.2,5.5,.571,.566,0.6,1.4,.439,1.0,4.2,5.3,22.2,6.3,6.3,13.4,6.1,31.3,1.3,2.4,0.6,1.9,3.3,6.9,2.3,27.2,13.4
2518,2023,Will Barton,2TM,SG,56,2,17.7,2.5,6.5,.379,1.2,3.2,.367,1.3,3.3,.391,.470,0.7,0.8,.787,0.3,1.7,2.2,13.5,2.4,2.4,7.7,2.0,15.4,0.5,1.4,0.2,1.1,1.0,6.8,0.9,11.1,10.0
2519,2023,Will Barton,WAS,SG,40,0,19.6,2.8,7.1,.386,1.3,3.5,.377,1.5,3.7,.395,.477,0.9,1.1,.778,0.3,1.5,2.5,13.8,2.8,2.8,7.9,2.4,16.5,0.4,1.1,0.3,1.1,1.0,7.7,1.1,12.9,10.0
2520,2023,Will Barton,TOR,SG,16,2,13.2,1.8,4.9,.354,0.9,2.6,.333,0.9,2.3,.378,.443,0.1,0.1,1.000,0.3,2.5,1.3,12.2,1.6,1.6,7.0,1.1,11.0,0.7,2.6,0.2,1.4,1.1,4.5,0.2,3.6,9.9
2521,2023,Larry Nance Jr.,NOP,C,65,1,21.2,2.9,4.7,.610,0.2,0.6,.333,2.6,4.0,.654,.633,0.8,1.2,.696,1.6,8.7,3.8,20.3,5.4,5.4,14.5,1.8,11.7,0.9,2.0,0.6,2.6,2.0,6.8,0.6,11.0,16.0
2522,2023,Jeremiah Robinson-Earl,OKC,PF,43,20,18.9,2.6,5.8,.444,0.9,2.6,.333,1.7,3.2,.533,.518,0.8,1.0,.833,1.7,9.2,2.5,14.7,4.2,4.2,11.9,1.0,7.0,0.6,1.4,0.3,1.2,1.7,6.8,0.4,6.7,13.0
2523,2023,Aaron Wiggins,OKC,SG,70,14,18.5,2.7,5.2,.512,0.7,1.7,.393,2.0,3.4,.573,.579,0.8,1.0,.831,1.0,5.5,2.0,12.0,3.0,3.0,8.7,1.1,8.3,0.6,1.4,0.2,1.1,1.6,6.8,0.8,12.2,12.2
2524,2023,Justise Winslow,POR,PF,29,11,26.8,2.8,6.8,.409,0.5,1.6,.311,2.3,5.3,.438,.444,0.7,1.0,.714,1.7,7.2,3.3,14.3,5.0,5.0,10.7,3.4,17.2,1.0,1.9,0.4,1.3,3.1,6.8,1.5,17.0,9.3
2525,2023,Terence Davis,SAC,SG,64,5,13.1,2.4,5.7,.423,1.4,3.8,.366,1.0,1.9,.537,.545,0.5,0.7,.791,0.3,2.7,1.9,16.1,2.2,2.2,9.4,1.0,11.1,0.7,2.4,0.2,1.2,1.6,6.7,0.8,12.2,12.9
2526,2023,Anthony Lamb,GSW,SF,62,4,19.3,2.4,5.1,.471,1.2,3.2,.367,1.2,1.9,.652,.588,0.7,1.0,.767,0.9,5.3,2.6,14.4,3.5,3.5,9.9,1.5,10.5,0.5,1.1,0.3,1.5,2.2,6.7,0.9,13.7,10.9
2527,2023,Isaiah Livers,DET,PF,52,22,23.1,2.3,5.5,.417,1.4,3.9,.365,0.9,1.6,.541,.545,0.6,0.8,.821,0.5,2.5,2.2,11.0,2.8,2.8,6.6,0.8,4.8,0.5,1.1,0.5,2.1,2.0,6.7,0.6,9.0,8.4
2528,2023,Théo Maledon,CHO,PG,44,7,19.4,2.3,5.8,.402,0.6,2.2,.295,1.7,3.6,.465,.457,1.4,1.7,.851,0.3,1.7,2.5,13.9,2.8,2.8,7.7,3.5,24.2,0.8,2.1,0.3,1.2,1.4,6.7,1.3,17.1,11.6
2529,2023,Dwight Powell,DAL,C,76,64,19.2,2.6,3.5,.732,0.0,0.1,.000,2.6,3.5,.746,.732,1.5,2.2,.667,2.0,11.8,2.2,13.3,4.1,4.1,12.5,0.9,6.9,0.6,1.6,0.3,1.6,2.8,6.7,0.9,15.9,15.5
2530,2023,David Roddy,MEM,PF,70,4,18.0,2.6,6.0,.429,0.9,3.0,.307,1.6,3.0,.553,.506,0.6,0.9,.631,0.7,4.2,2.0,12.0,2.8,2.8,8.1,0.8,6.1,0.4,1.1,0.3,1.4,1.5,6.7,0.8,11.3,8.8
2531,2023,Kevin Knox,2TM,SF,63,5,15.1,2.4,5.3,.458,1.0,3.0,.349,1.4,2.3,.596,.556,0.7,1.0,.767,0.5,3.9,2.3,17.3,2.8,2.8,10.5,0.5,5.2,0.4,1.2,0.2,1.1,1.5,6.6,0.8,12.2,11.1
2532,2023,Kevin Knox,DET,SF,42,1,14.1,2.0,4.3,.469,1.0,2.8,.371,1.0,1.5,.651,.589,0.6,0.8,.788,0.5,3.6,2.1,17.0,2.6,2.6,10.1,0.4,3.7,0.3,1.1,0.3,1.8,1.8,5.6,0.8,14.2,10.3
2533,2023,Kevin Knox,POR,PF,21,4,17.1,3.2,7.3,.444,1.0,3.3,.314,2.2,4.0,.554,.516,1.0,1.3,.741,0.7,4.4,2.6,17.7,3.3,3.3,11.0,0.9,7.7,0.5,1.4,0.0,0.0,1.0,8.5,0.9,9.8,12.4
2534,2023,Mo Bamba,2TM,C,49,7,15.7,2.4,4.9,.485,1.0,2.5,.387,1.4,2.4,.590,.585,0.8,1.3,.661,1.2,8.5,3.4,24.2,4.6,4.6,16.4,0.9,8.7,0.3,0.8,0.9,5.3,2.1,6.6,0.6,10.1,15.7
2535,2023,Mo Bamba,ORL,C,40,6,17.0,2.7,5.4,.495,1.1,2.7,.398,1.6,2.7,.594,.596,0.9,1.3,.686,1.2,7.8,3.4,22.8,4.6,4.6,15.3,1.1,9.0,0.3,0.9,1.0,5.4,2.2,7.3,0.6,8.5,16.3
2536,2023,Mo Bamba,LAL,C,9,1,9.8,1.2,3.0,.407,0.6,1.8,.313,0.7,1.2,.545,.500,0.7,1.2,.545,1.2,13.9,3.3,35.3,4.6,4.6,24.9,0.4,6.0,0.1,0.5,0.6,4.8,2.1,3.7,0.9,20.1,11.4
2537,2023,Drew Eubanks,POR,C,78,28,20.3,2.7,4.3,.641,0.1,0.2,.389,2.7,4.1,.655,.651,1.1,1.6,.664,1.7,9.5,3.7,20.9,5.4,5.4,15.2,1.3,9.2,0.5,1.2,1.3,5.7,2.2,6.6,0.9,14.7,16.2
2538,2023,Jordan Goodwin,WAS,PG,62,7,17.8,2.5,5.7,.448,0.6,1.9,.322,1.9,3.8,.511,.501,0.9,1.1,.768,0.9,6.0,2.4,14.3,3.3,3.3,10.3,2.7,20.8,0.9,2.6,0.4,2.0,1.5,6.6,0.9,12.9,14.8
2539,2023,Jock Landale,PHO,C,69,4,14.2,2.6,4.9,.528,0.3,1.2,.250,2.3,3.7,.621,.559,1.1,1.5,.752,1.7,13.2,2.3,18.6,4.1,4.1,15.8,1.0,10.1,0.2,0.8,0.4,2.7,1.8,6.6,0.9,13.3,16.4
2540,2023,Nassir Little,POR,SF,54,4,18.1,2.5,5.6,.442,1.1,2.9,.367,1.4,2.7,.524,.538,0.6,0.9,.717,0.5,3.2,2.1,13.5,2.6,2.6,8.3,0.9,7.3,0.4,1.0,0.4,1.8,1.2,6.6,0.7,10.0,10.2
2541,2023,Brandon Boston Jr.,LAC,SF,22,1,11.3,2.3,5.5,.418,0.5,1.3,.414,1.8,4.2,.419,.467,1.3,1.7,.763,0.3,3.2,1.0,10.3,1.4,1.4,6.8,0.9,12.5,0.4,1.8,0.0,0.0,1.0,6.5,0.5,8.0,13.4
2542,2023,Luka Garza,MIN,C,28,0,8.7,2.3,4.1,.543,0.5,1.4,.359,1.8,2.8,.636,.603,1.5,1.9,.788,1.2,15.5,1.1,13.5,2.3,2.3,14.5,0.6,11.8,0.1,0.6,0.1,0.7,1.5,6.5,0.5,9.2,23.0
2543,2023,Jay Scrubb,ORL,SG,2,0,15.0,2.5,3.5,.714,1.0,1.0,1.000,1.5,2.5,.600,.857,0.5,1.0,.500,0.0,0.0,3.0,22.7,3.0,3.0,11.3,0.5,5.0,1.0,3.2,0.0,0.0,1.0,6.5,1.5,27.6,14.2
2544,2023,Cody Zeller,MIA,C,15,2,14.5,2.5,3.9,.627,0.0,0.1,.000,2.5,3.8,.649,.627,1.6,2.3,.686,1.7,13.0,2.6,21.8,4.3,4.3,17.3,0.7,7.2,0.2,0.7,0.3,1.9,2.2,6.5,0.9,15.8,16.4
2545,2023,Dario Šarić,2TM,C,57,12,14.1,2.2,4.9,.458,0.8,2.0,.391,1.4,2.8,.506,.540,1.1,1.3,.829,0.9,7.1,2.7,21.4,3.6,3.6,14.1,1.3,12.7,0.4,1.2,0.1,0.8,1.7,6.4,1.0,15.1,13.5
2546,2023,Dario Šarić,PHO,PF,37,12,14.4,2.1,4.8,.427,0.7,1.9,.391,1.3,2.9,.450,.503,1.0,1.2,.818,1.1,7.9,2.8,21.9,3.8,3.8,14.8,1.5,14.6,0.4,1.2,0.1,0.8,1.9,5.8,1.0,15.4,12.3
2547,2023,Dario Šarić,OKC,C,20,0,13.7,2.6,5.0,.515,0.9,2.3,.391,1.7,2.7,.623,.606,1.4,1.6,.844,0.7,5.4,2.6,20.5,3.3,3.3,12.8,0.9,8.9,0.4,1.2,0.1,0.7,1.5,7.4,1.0,14.4,15.9
2548,2023,R.J. Hampton,2TM,SG,47,3,16.0,2.2,5.0,.430,0.9,2.5,.353,1.3,2.6,.504,.517,1.2,1.6,.750,0.4,2.6,1.5,10.5,1.9,1.9,6.5,1.1,10.4,0.6,1.7,0.2,1.1,1.1,6.4,0.9,13.4,10.8
2549,2023,R.J. Hampton,ORL,SG,26,0,13.9,1.9,4.4,.439,0.7,2.0,.340,1.2,2.3,.525,.518,1.2,1.4,.838,0.3,2.8,1.2,9.4,1.5,1.5,6.1,1.3,13.4,0.6,2.1,0.2,1.1,0.8,5.7,0.8,13.9,12.5
2550,2023,R.J. Hampton,DET,SG,21,3,18.5,2.5,5.9,.423,1.1,3.0,.365,1.4,2.9,.483,.516,1.2,1.9,.667,0.4,2.5,1.9,11.5,2.3,2.3,6.8,1.0,7.5,0.5,1.4,0.2,1.1,1.4,7.3,1.0,13.0,9.3
2551,2023,JaMychal Green,GSW,PF,57,1,14.0,2.4,4.4,.540,0.7,1.9,.378,1.6,2.5,.667,.623,0.9,1.2,.776,1.3,10.1,2.3,18.0,3.6,3.6,14.1,0.9,8.9,0.4,1.5,0.4,2.5,1.8,6.4,0.9,15.6,15.5
2552,2023,Sam Hauser,BOS,SF,80,8,16.1,2.3,5.0,.455,1.8,4.2,.418,0.5,0.8,.656,.631,0.2,0.2,.706,0.4,3.0,2.1,14.1,2.6,2.6,8.6,0.9,7.6,0.4,1.1,0.3,1.4,1.2,6.4,0.4,6.9,12.7
2553,2023,Isaac Okoro,CLE,SF,76,46,21.7,2.3,4.7,.494,0.8,2.3,.363,1.5,2.4,.617,.582,1.0,1.4,.757,0.7,3.7,1.8,9.6,2.5,2.5,6.7,1.1,7.0,0.7,1.7,0.4,1.7,2.1,6.4,0.6,9.5,10.7
2554,2023,Duncan Robinson,MIA,SF,42,1,16.5,2.1,5.6,.371,1.5,4.6,.328,0.6,1.1,.556,.504,0.7,0.8,.906,0.2,1.3,1.5,10.7,1.6,1.6,5.9,1.1,9.7,0.3,1.0,0.0,0.0,1.8,6.4,0.7,10.0,7.8
2555,2023,Goran Dragić,2TM,PG,58,0,15.0,2.4,5.8,.421,0.9,2.5,.359,1.5,3.3,.468,.499,0.5,0.8,.689,0.3,2.1,1.1,8.2,1.4,1.4,5.2,2.6,24.3,0.2,0.7,0.1,0.4,1.1,6.3,1.1,15.1,10.3
2556,2023,Goran Dragić,CHI,PG,51,0,15.4,2.5,5.9,.425,0.9,2.5,.352,1.6,3.4,.480,.500,0.5,0.8,.659,0.3,1.9,1.1,7.9,1.4,1.4,5.0,2.7,24.7,0.2,0.7,0.1,0.5,1.2,6.4,1.1,15.0,10.2
2557,2023,Goran Dragić,MIL,PG,7,0,11.9,2.0,5.1,.389,1.0,2.4,.412,1.0,2.7,.368,.486,0.6,0.6,1.000,0.4,3.9,1.3,10.9,1.7,1.7,7.5,1.7,20.2,0.3,1.2,0.0,0.0,0.3,5.6,1.0,15.6,11.4
2558,2023,Simone Fontecchio,UTA,SF,52,6,14.7,2.2,6.0,.369,1.2,3.7,.330,1.0,2.3,.430,.470,0.7,0.8,.795,0.6,4.4,1.1,7.7,1.7,1.7,6.1,0.8,7.5,0.3,0.9,0.2,0.9,1.2,6.3,0.8,10.5,8.0
2559,2023,Patrick Beverley,2TM,SG,67,67,27.1,2.1,5.4,.400,1.2,3.6,.335,1.0,1.8,.529,.511,0.7,1.0,.723,0.7,2.7,3.0,12.0,3.7,3.7,7.5,2.9,13.3,0.9,1.7,0.6,2.0,2.8,6.2,0.9,13.4,8.9
2560,2023,Patrick Beverley,LAL,SG,45,45,26.9,2.2,5.4,.402,1.2,3.5,.348,0.9,1.8,.506,.517,0.9,1.1,.780,0.5,2.2,2.6,9.9,3.1,3.1,6.2,2.6,12.1,0.9,1.6,0.6,1.7,2.8,6.4,0.9,13.8,8.3
2561,2023,Patrick Beverley,CHI,PG,22,22,27.5,2.1,5.4,.395,1.1,3.7,.309,1.0,1.7,.579,.500,0.4,0.7,.533,0.9,3.8,4.0,16.0,4.9,4.9,10.0,3.5,15.7,1.0,1.9,0.7,2.6,2.9,5.8,0.8,12.5,10.1
2562,2023,Nickeil Alexander-Walker,2TM,SG,59,3,15.0,2.2,5.0,.444,1.0,2.7,.384,1.2,2.3,.515,.547,0.7,1.0,.667,0.3,1.9,1.5,10.5,1.7,1.7,6.3,1.8,16.7,0.5,1.7,0.4,2.0,1.5,6.2,0.9,14.6,11.6
2563,2023,Nickeil Alexander-Walker,UTA,SG,36,3,14.7,2.3,4.7,.488,1.0,2.4,.402,1.3,2.3,.578,.591,0.8,1.1,.692,0.2,1.7,1.4,10.3,1.6,1.6,6.0,2.1,19.9,0.7,2.2,0.4,2.2,1.6,6.3,1.3,19.4,13.0
2564,2023,Nickeil Alexander-Walker,MIN,SG,23,0,15.5,2.1,5.4,.384,1.1,3.1,.361,1.0,2.3,.415,.488,0.6,0.9,.619,0.3,2.2,1.5,10.8,1.8,1.8,6.6,1.4,12.0,0.3,1.1,0.3,1.7,1.3,5.9,0.4,6.9,9.6
2565,2023,Jared Butler,OKC,PG,6,1,12.8,2.5,5.3,.469,1.2,2.3,.500,1.3,3.0,.444,.578,0.0,0.0,,0.2,1.4,0.5,4.3,0.7,0.7,2.8,1.3,15.0,0.8,3.1,0.0,0.0,0.8,6.2,0.8,13.5,13.0
2566,2023,Quenton Jackson,WAS,PG,9,0,15.0,2.1,4.7,.452,0.1,1.3,.083,2.0,3.3,.600,.464,1.9,2.4,.773,0.2,1.7,0.7,4.8,0.9,0.9,3.3,1.7,15.1,0.4,1.4,0.1,0.6,1.1,6.2,0.4,7.2,12.2
2567,2023,Patty Mills,BRK,PG,40,2,14.2,2.2,5.2,.411,1.2,3.4,.366,0.9,1.9,.493,.529,0.6,0.8,.833,0.2,1.6,0.9,7.0,1.1,1.1,4.4,1.4,13.9,0.4,1.3,0.1,0.5,0.8,6.2,0.8,11.9,10.6
2568,2023,Sandro Mamukelashvili,2TM,C,43,7,15.3,2.3,5.3,.422,0.7,2.3,.303,1.6,3.0,.511,.487,0.9,1.3,.684,1.6,11.2,2.7,19.0,4.3,4.3,15.1,1.4,12.8,0.3,1.0,0.3,1.5,1.2,6.1,0.8,12.1,13.4
2569,2023,Sandro Mamukelashvili,MIL,C,24,0,9.0,0.8,2.4,.328,0.3,1.3,.219,0.5,1.1,.462,.388,0.5,0.8,.667,0.8,9.0,1.6,17.6,2.3,2.3,13.4,0.7,9.3,0.2,0.9,0.2,1.9,0.8,2.4,0.4,12.0,8.5
2570,2023,Sandro Mamukelashvili,SAS,C,19,7,23.3,4.1,9.1,.453,1.2,3.5,.343,2.9,5.5,.524,.520,1.4,2.1,.692,2.7,12.3,4.1,19.7,6.8,6.8,15.9,2.4,14.6,0.5,1.1,0.4,1.3,1.7,10.8,1.4,12.1,15.9
2571,2023,Mike Muscala,2TM,C,63,9,15.0,2.1,4.6,.449,1.3,3.3,.391,0.8,1.3,.588,.587,0.6,0.8,.769,0.6,4.2,2.6,19.1,3.2,3.2,11.6,0.8,7.1,0.2,0.8,0.4,2.3,1.6,6.1,0.4,6.8,13.0
2572,2023,Mike Muscala,OKC,C,43,5,14.5,2.1,4.7,.438,1.3,3.3,.394,0.8,1.4,.541,.576,0.7,0.9,.795,0.5,3.9,2.6,19.7,3.1,3.1,11.6,0.9,8.2,0.3,0.8,0.4,2.8,1.6,6.2,0.3,6.0,13.8
2573,2023,Mike Muscala,BOS,C,20,4,16.2,2.1,4.5,.472,1.3,3.3,.385,0.9,1.2,.708,.612,0.5,0.7,.692,0.7,4.8,2.7,18.0,3.4,3.4,11.5,0.6,5.0,0.2,0.6,0.3,1.3,1.4,5.9,0.5,8.7,11.6
2574,2023,Nicolas Batum,LAC,PF,78,19,21.9,2.1,4.9,.420,1.6,4.1,.391,0.5,0.8,.563,.583,0.4,0.6,.708,0.8,4.1,3.0,15.4,3.8,3.8,9.8,1.6,9.4,0.7,1.5,0.6,2.3,1.9,6.1,0.6,11.1,11.0
2575,2023,Oshae Brissett,IND,PF,65,2,16.7,1.9,4.9,.386,0.7,2.4,.310,1.2,2.5,.457,.461,1.6,2.2,.717,1.0,6.4,2.4,16.0,3.4,3.4,11.2,0.7,5.4,0.5,1.4,0.2,1.0,1.2,6.1,0.5,8.2,10.6
2576,2023,Evan Fournier,NYK,SG,27,7,17.0,2.1,6.1,.337,1.3,4.2,.307,0.8,1.9,.404,.443,0.7,0.8,.857,0.1,1.0,1.7,10.8,1.8,1.8,5.9,1.3,10.6,0.6,1.7,0.1,0.6,1.7,6.1,0.8,11.2,6.9
2577,2023,Saben Lee,2TM,PG,25,1,14.9,2.0,4.8,.405,0.4,1.2,.367,1.5,3.6,.418,.450,1.7,2.3,.737,0.5,3.8,1.3,9.7,1.8,1.8,6.7,2.7,24.3,0.8,2.5,0.0,0.2,1.3,6.0,1.0,14.1,13.1
2578,2023,Saben Lee,PHI,PG,2,0,5.0,1.5,2.0,.750,0.0,0.5,.000,1.5,1.5,1.000,.750,0.0,0.0,,0.0,0.0,0.0,0.0,0.0,0.0,0.0,1.0,36.9,0.5,5.0,0.0,0.0,0.5,3.0,1.5,42.9,12.8
2579,2023,Saben Lee,PHO,PG,23,1,15.8,2.0,5.1,.393,0.5,1.3,.379,1.5,3.8,.398,.440,1.8,2.5,.737,0.6,3.9,1.4,10.0,2.0,2.0,6.9,2.8,24.0,0.8,2.4,0.0,0.2,1.3,6.3,0.9,12.9,13.1
2580,2023,Robert Covington,LAC,PF,48,0,16.2,2.1,4.8,.445,1.1,2.8,.397,1.0,1.9,.516,.563,0.6,0.8,.750,0.6,4.5,2.8,19.2,3.5,3.5,11.9,1.2,10.2,0.8,2.4,0.7,3.7,1.8,6.0,0.7,11.5,14.2
2581,2023,Andre Drummond,CHI,C,67,0,12.7,2.5,4.1,.606,0.0,0.0,.000,2.5,4.0,.613,.606,1.0,1.9,.536,2.1,18.7,4.6,40.2,6.6,6.6,29.6,0.5,5.7,0.7,2.6,0.4,3.1,1.7,6.0,1.1,18.6,20.8
2582,2023,Maxi Kleber,DAL,PF,37,5,25.1,2.1,4.6,.456,1.1,3.0,.348,1.0,1.5,.667,.571,0.7,1.0,.711,0.8,3.7,2.8,13.3,3.6,3.6,8.4,1.4,7.5,0.3,0.6,0.8,2.9,2.3,5.9,0.7,12.7,8.7
2583,2023,Jaylin Williams,OKC,C,49,36,18.7,2.1,4.8,.436,0.9,2.3,.407,1.1,2.5,.463,.534,0.8,1.1,.704,0.9,5.1,4.0,23.6,4.9,4.9,14.1,1.6,10.7,0.6,1.5,0.2,1.2,2.3,5.9,0.8,12.6,11.2
2584,2023,Josh Christopher,HOU,SG,64,2,12.3,2.4,5.1,.465,0.3,1.4,.236,2.1,3.8,.550,.497,0.7,0.9,.750,0.3,2.8,0.8,7.2,1.1,1.1,5.0,1.1,14.3,0.5,2.0,0.2,1.9,0.9,5.8,0.9,14.4,11.5
2585,2023,Johnny Davis,WAS,SG,28,5,15.1,2.4,6.1,.386,0.6,2.5,.243,1.8,3.6,.485,.436,0.5,1.0,.519,0.4,2.7,2.0,13.9,2.3,2.3,8.5,1.0,9.2,0.4,1.2,0.3,1.6,1.7,5.8,0.6,8.5,7.2
2586,2023,Stanley Johnson,SAS,SF,30,0,15.6,2.2,4.1,.533,0.6,1.3,.450,1.6,2.7,.573,.607,0.9,1.3,.667,0.7,4.9,2.4,17.7,3.2,3.2,11.1,2.2,19.0,0.5,1.6,0.2,1.1,1.6,5.8,1.1,19.2,13.5
2587,2023,Charles Bassey,SAS,C,35,2,14.5,2.5,3.9,.644,0.1,0.2,.375,2.4,3.6,.661,.656,0.6,1.1,.595,2.1,15.5,3.4,26.4,5.5,5.5,20.7,1.4,13.2,0.5,1.5,0.9,5.4,2.1,5.7,1.2,21.3,18.8
2588,2023,Rodney McGruder,DET,SG,32,12,16.4,1.9,4.8,.408,1.3,3.0,.423,0.7,1.7,.382,.543,0.6,0.7,.818,0.6,4.1,1.7,11.8,2.3,2.3,7.8,0.9,7.6,0.5,1.5,0.0,0.2,1.2,5.7,0.3,6.4,10.7
2589,2023,Ziaire Williams,MEM,SF,37,4,15.2,2.3,5.3,.429,0.7,2.6,.258,1.6,2.7,.596,.492,0.5,0.6,.773,0.4,3.0,1.7,11.9,2.1,2.1,7.5,0.9,8.2,0.4,1.2,0.2,1.0,1.6,5.7,1.0,15.2,7.4
2590,2023,James Bouknight,CHO,SG,34,0,15.1,2.0,5.7,.358,1.0,3.2,.303,1.1,2.5,.429,.443,0.6,0.9,.667,0.2,1.6,1.9,13.5,2.1,2.1,7.5,1.2,11.1,0.4,1.3,0.1,0.8,1.4,5.6,0.9,13.4,6.2
2591,2023,Alex Caruso,CHI,PG,67,36,23.5,1.9,4.3,.455,0.8,2.3,.364,1.1,2.0,.556,.551,0.9,1.1,.808,0.6,3.1,2.3,10.9,2.9,2.9,7.1,2.9,15.4,1.5,3.0,0.7,2.8,2.4,5.6,1.1,19.5,11.5
2592,2023,Montrezl Harrell,PHI,C,57,7,11.9,2.2,3.7,.598,0.0,0.1,.000,2.2,3.6,.616,.598,1.2,1.8,.693,1.2,11.8,1.6,15.7,2.8,2.8,13.8,0.6,7.4,0.3,1.2,0.4,3.4,1.3,5.6,0.6,12.1,17.6
2593,2023,Jalen Johnson,ATL,SF,70,6,14.9,2.3,4.6,.491,0.4,1.5,.288,1.8,3.1,.587,.537,0.7,1.1,.628,0.7,5.3,3.3,24.6,4.0,4.0,14.8,1.2,10.4,0.5,1.7,0.5,2.8,1.6,5.6,0.6,10.3,14.1
2594,2023,Davion Mitchell,SAC,PG,80,9,18.1,2.3,5.0,.454,0.8,2.5,.320,1.5,2.5,.584,.533,0.3,0.4,.806,0.2,1.3,1.1,7.0,1.3,1.3,4.1,2.3,16.5,0.6,1.5,0.2,0.9,1.4,5.6,0.8,13.1,9.4
2595,2023,Payton Pritchard,BOS,PG,48,3,13.4,2.1,5.1,.412,1.2,3.2,.364,0.9,1.9,.495,.527,0.3,0.3,.750,0.5,4.3,1.3,10.5,1.8,1.8,7.5,1.3,14.0,0.3,1.1,0.0,0.1,0.8,5.6,0.8,13.7,10.3
2596,2023,Derrick Rose,NYK,PG,27,0,12.5,2.3,5.9,.384,0.7,2.3,.302,1.6,3.6,.438,.443,0.4,0.4,.917,0.3,2.6,1.2,10.4,1.5,1.5,6.5,1.7,19.9,0.3,1.0,0.2,1.4,0.7,5.6,0.8,11.8,10.1
2597,2023,Yuta Watanabe,BRK,SF,58,1,16.0,2.0,4.0,.491,1.0,2.3,.444,0.9,1.7,.557,.621,0.6,0.8,.723,0.5,3.7,1.9,13.1,2.4,2.4,8.5,0.8,7.0,0.4,1.3,0.3,1.6,1.4,5.6,0.4,8.0,12.1
2598,2023,Danny Green,2TM,SG,11,0,12.5,2.0,4.5,.449,1.5,3.4,.432,0.5,1.1,.500,.612,0.1,0.1,1.000,0.3,2.5,1.0,9.1,1.3,1.3,5.8,0.5,6.1,0.5,2.2,0.3,2.0,1.5,5.5,0.9,16.8,10.8
2599,2023,Danny Green,MEM,SG,3,0,14.3,1.0,3.7,.273,1.0,2.7,.375,0.0,1.0,.000,.409,0.0,0.0,,0.3,2.5,1.0,7.4,1.3,1.3,4.9,0.7,5.6,0.3,1.1,0.0,0.0,2.0,3.0,1.0,21.4,-0.2
2600,2023,Danny Green,CLE,SG,8,0,11.9,2.4,4.8,.500,1.6,3.6,.448,0.8,1.1,.667,.671,0.1,0.1,1.000,0.3,2.5,1.0,9.9,1.3,1.3,6.2,0.5,6.4,0.6,2.6,0.4,2.9,1.3,6.5,0.9,15.4,15.8
2601,2023,Jarrell Brantley,UTA,PF,4,0,9.8,2.0,3.5,.571,1.0,2.3,.444,1.0,1.3,.800,.714,0.5,0.5,1.000,0.3,2.8,1.3,13.7,1.5,1.5,8.3,0.8,11.4,0.0,0.0,0.5,4.3,0.8,5.5,0.5,11.8,18.5
2602,2023,Wenyen Gabriel,LAL,C,68,2,15.1,2.3,3.8,.596,0.1,0.5,.278,2.1,3.3,.647,.615,0.8,1.2,.619,1.7,12.6,2.5,17.2,4.2,4.2,15.0,0.5,4.8,0.4,1.2,0.5,2.9,2.1,5.5,0.7,13.4,14.4
2603,2023,Nikola Jović,MIA,PF,15,8,13.6,1.9,4.6,.406,0.5,2.3,.229,1.3,2.3,.588,.464,1.2,1.3,.947,0.6,5.0,1.5,13.1,2.1,2.1,8.9,0.7,7.3,0.5,1.7,0.1,1.0,1.3,5.5,0.7,11.4,10.6
2604,2023,Otto Porter Jr.,TOR,SF,8,2,18.3,1.9,3.8,.500,0.8,2.1,.353,1.1,1.6,.692,.600,1.0,1.0,1.000,0.8,4.3,1.6,10.9,2.4,2.4,7.4,1.0,7.2,1.4,3.7,0.0,0.0,0.9,5.5,0.5,10.7,14.0
2605,2023,Jamal Cain,MIA,PF,18,0,13.3,2.1,3.7,.561,0.4,1.1,.350,1.7,2.6,.652,.614,0.9,1.2,.773,0.8,7.1,2.1,18.7,2.9,2.9,12.7,0.7,7.6,0.6,2.3,0.1,0.4,1.2,5.4,0.3,7.3,16.5
2606,2023,Bryce McGowens,CHO,SG,46,7,17.1,1.7,4.4,.396,0.6,1.7,.325,1.2,2.7,.443,.460,1.3,1.7,.750,0.4,2.7,1.6,10.1,2.0,2.0,6.3,1.2,9.1,0.3,0.9,0.1,0.7,1.0,5.3,0.9,15.3,7.2
2607,2023,Lamar Stevens,CLE,SF,62,25,18.1,2.1,4.6,.448,0.5,1.5,.316,1.6,3.1,.513,.500,0.6,0.9,.702,0.8,5.0,2.6,16.7,3.3,3.3,10.9,0.5,4.0,0.4,1.2,0.3,1.6,1.3,5.3,0.4,7.9,9.5
2608,2023,Dewayne Dedmon,2TM,C,38,1,11.2,2.0,4.0,.510,0.3,1.0,.308,1.7,2.9,.580,.550,0.9,1.3,.673,0.9,9.1,2.6,28.3,3.5,3.5,18.5,0.7,9.5,0.2,1.1,0.5,4.4,2.0,5.2,0.7,12.7,15.5
2609,2023,Dewayne Dedmon,MIA,C,30,0,11.7,2.1,4.3,.496,0.4,1.2,.297,1.8,3.1,.576,.539,1.1,1.5,.727,0.9,9.1,2.7,28.1,3.6,3.6,18.2,0.5,7.3,0.2,1.0,0.5,4.1,2.0,5.7,0.6,11.4,15.6
2610,2023,Dewayne Dedmon,PHI,C,8,1,9.5,1.6,2.8,.591,0.1,0.3,.500,1.5,2.5,.600,.614,0.1,0.6,.200,0.8,9.5,2.4,29.0,3.1,3.1,19.4,1.3,19.6,0.3,1.3,0.6,6.1,1.8,3.5,0.8,19.9,15.5
2611,2023,Darius Bazley,2TM,C,43,1,14.3,1.9,4.3,.454,0.5,1.2,.377,1.5,3.0,.485,.508,0.9,1.6,.543,0.8,5.8,2.4,18.5,3.2,3.2,12.1,0.9,8.3,0.5,1.7,0.8,5.1,1.0,5.2,0.6,11.2,13.1
2612,2023,Darius Bazley,OKC,C,36,1,15.4,2.0,4.4,.449,0.5,1.3,.400,1.5,3.1,.469,.506,1.0,1.8,.554,0.8,5.5,2.6,18.3,3.4,3.4,11.8,0.9,7.6,0.5,1.6,0.8,4.8,1.0,5.4,0.6,10.5,12.9
2613,2023,Darius Bazley,PHO,C,7,0,8.7,1.7,3.6,.480,0.3,1.1,.250,1.4,2.4,.588,.520,0.3,0.7,.400,0.7,8.9,1.6,20.4,2.3,2.3,14.5,0.9,14.5,0.4,2.4,0.7,7.3,1.3,4.0,0.7,15.5,15.5
2614,2023,Rudy Gay,UTA,PF,56,0,14.6,1.9,5.1,.380,0.6,2.3,.254,1.4,2.8,.484,.437,0.8,0.9,.857,0.6,4.4,2.3,17.0,2.9,2.9,10.8,1.0,9.4,0.3,1.1,0.3,1.9,1.2,5.2,0.7,10.7,9.0
2615,2023,Javonte Green,CHI,SF,32,1,15.0,1.9,3.4,.565,0.4,1.1,.371,1.5,2.3,.658,.625,0.9,1.4,.667,0.8,6.5,1.9,14.2,2.8,2.8,10.4,0.7,6.4,0.8,2.4,0.7,4.2,1.6,5.2,0.6,13.5,14.5
2616,2023,Zeke Nnaji,DEN,PF,53,5,13.7,2.1,3.7,.561,0.3,1.2,.262,1.8,2.5,.710,.605,0.8,1.2,.645,1.2,10.5,1.4,11.2,2.6,2.6,10.9,0.3,3.3,0.3,1.1,0.4,2.8,2.0,5.2,0.6,12.2,12.5
2617,2023,Ricky Rubio,CLE,PG,33,2,17.2,1.8,5.4,.343,0.6,2.5,.256,1.2,2.9,.417,.402,0.8,1.1,.800,0.3,1.9,1.8,12.7,2.1,2.1,7.3,3.5,27.1,0.8,2.3,0.2,1.0,1.5,5.2,0.9,13.8,10.4
2618,2023,Lindy Waters III,OKC,SG,41,0,13.0,1.7,4.3,.393,1.4,4.0,.358,0.3,0.4,.750,.556,0.4,0.5,.800,0.4,3.2,1.4,12.2,1.8,1.8,7.6,0.7,7.0,0.3,1.3,0.3,1.9,1.0,5.2,0.2,5.1,11.8
2619,2023,MarJon Beauchamp,MIL,SF,52,11,13.5,1.8,4.7,.395,0.9,2.7,.331,0.9,1.9,.485,.492,0.5,0.7,.730,0.7,5.9,1.5,11.0,2.2,2.2,8.5,0.7,6.7,0.4,1.4,0.1,0.8,1.4,5.1,0.9,14.8,8.2
2620,2023,DeAndre Jordan,DEN,C,39,8,15.0,2.3,2.9,.765,0.0,0.0,1.000,2.2,2.9,.763,.770,0.6,1.2,.458,1.3,10.5,3.8,28.6,5.2,5.2,19.8,0.9,7.7,0.3,1.0,0.6,3.5,1.8,5.1,1.2,26.1,14.7
2621,2023,John Konchar,MEM,SF,72,23,20.8,1.9,4.4,.431,0.8,2.5,.339,1.1,2.0,.545,.525,0.4,0.5,.778,0.9,4.5,3.4,17.4,4.3,4.3,11.0,1.4,8.2,1.1,2.4,0.3,1.5,1.6,5.1,0.5,9.9,10.8
2622,2023,George Hill,2TM,SG,46,1,18.1,1.7,3.6,.470,0.7,2.1,.358,1.0,1.5,.620,.572,0.9,1.2,.764,0.3,2.0,1.5,8.6,1.8,1.8,5.4,2.4,16.7,0.6,1.5,0.1,0.6,1.2,5.0,0.7,15.2,10.6
2623,2023,George Hill,MIL,PG,35,0,19.1,1.7,3.8,.447,0.7,2.1,.311,1.0,1.7,.621,.534,1.0,1.3,.739,0.4,2.1,1.5,8.1,1.9,1.9,5.2,2.5,16.8,0.5,1.4,0.1,0.4,1.2,5.0,0.8,15.1,9.8
2624,2023,George Hill,IND,SG,11,1,15.1,1.7,3.1,.559,1.0,1.9,.524,0.7,1.2,.615,.721,0.7,0.8,.889,0.2,1.3,1.5,10.7,1.6,1.6,6.0,1.9,16.7,0.6,2.0,0.3,1.6,1.3,5.2,0.6,15.6,14.1
2625,2023,Vlatko Čančar,DEN,PF,60,9,14.8,1.8,3.8,.476,0.7,1.9,.374,1.1,1.9,.580,.570,0.6,0.7,.927,0.4,3.2,1.7,13.1,2.1,2.1,8.3,1.3,11.5,0.4,1.2,0.2,1.4,1.4,5.0,0.6,13.1,11.0
2626,2023,Isaiah Hartenstein,NYK,C,82,8,19.8,2.1,4.0,.535,0.1,0.5,.216,2.0,3.5,.576,.547,0.6,0.9,.676,2.5,14.1,4.0,22.2,6.5,6.5,18.1,1.2,8.3,0.6,1.6,0.8,3.7,2.6,5.0,0.8,15.6,14.2
2627,2023,Jaxson Hayes,NOP,C,47,2,13.0,1.8,3.3,.551,0.1,0.6,.103,1.8,2.7,.654,.561,1.2,1.8,.699,0.8,7.3,2.0,17.3,2.8,2.8,12.3,0.7,7.7,0.4,1.6,0.4,3.0,1.4,5.0,0.7,13.9,13.7
2628,2023,Jonathan Isaac,ORL,PF,11,0,11.3,2.0,4.8,.415,0.5,1.4,.400,1.5,3.5,.421,.472,0.5,0.8,.556,1.4,13.7,2.6,26.5,4.0,4.0,20.1,0.5,7.3,1.3,5.5,0.4,3.1,0.5,5.0,0.4,6.6,20.3
2629,2023,Derrick Jones Jr.,CHI,PF,64,0,14.0,1.8,3.6,.500,0.4,1.3,.338,1.4,2.3,.587,.559,1.0,1.3,.738,0.9,7.7,1.5,11.6,2.4,2.4,9.7,0.5,5.1,0.5,1.6,0.6,4.0,1.3,5.0,0.4,8.6,13.8
2630,2023,Kenneth Lofton Jr.,MEM,PF,24,1,7.3,2.0,3.9,.527,0.3,0.7,.353,1.8,3.2,.566,.559,0.7,1.1,.593,0.8,11.5,1.3,19.2,2.1,2.1,15.4,0.8,18.1,0.2,1.3,0.1,1.0,1.2,5.0,0.5,10.3,20.2
2631,2023,Cody Martin,CHO,SF,7,0,19.1,2.0,5.1,.389,0.4,2.0,.214,1.6,3.1,.500,.431,0.6,1.0,.571,1.1,6.2,2.3,13.0,3.4,3.4,9.5,1.6,11.0,0.6,1.4,0.1,0.6,1.9,5.0,0.3,4.9,8.7
2632,2023,Sam Merrill,CLE,SG,5,0,11.8,1.8,4.4,.409,1.0,3.6,.278,0.8,0.8,1.000,.523,0.4,0.4,1.000,0.0,0.0,1.8,18.0,1.8,1.8,9.0,1.0,12.0,0.8,3.4,0.0,0.0,0.6,5.0,0.0,0.0,15.5
2633,2023,Blake Wesley,SAS,SG,37,1,18.1,1.9,5.8,.321,0.5,1.4,.385,1.3,4.4,.301,.367,0.7,1.2,.591,0.3,1.9,1.9,11.7,2.2,2.2,6.6,2.6,18.6,0.7,1.8,0.1,0.6,1.8,5.0,1.8,21.7,3.5
2634,2023,Ousmane Dieng,OKC,PF,39,1,14.6,1.9,4.6,.420,0.7,2.5,.265,1.3,2.1,.602,.492,0.4,0.6,.652,0.5,3.5,2.2,16.5,2.7,2.7,9.9,1.2,10.7,0.4,1.2,0.2,1.1,1.1,4.9,0.7,12.0,9.3
2635,2023,Chimezie Metu,SAC,PF,66,0,10.4,2.0,3.3,.589,0.1,0.6,.237,1.8,2.7,.663,.610,0.8,1.1,.740,0.7,7.8,2.3,24.9,3.0,3.0,16.4,0.6,8.1,0.3,1.5,0.3,2.7,1.2,4.9,0.5,11.3,17.3
2636,2023,Austin Rivers,MIN,SG,52,10,19.5,1.8,4.0,.435,0.8,2.4,.350,0.9,1.7,.558,.538,0.6,0.8,.769,0.1,0.6,1.5,8.4,1.6,1.6,4.6,1.4,9.3,0.5,1.3,0.1,0.3,1.5,4.9,0.4,9.2,7.4
2637,2023,Danuel House Jr.,PHI,SF,56,5,14.4,1.7,3.5,.472,0.7,2.0,.336,1.0,1.6,.644,.566,0.8,1.1,.750,0.2,1.3,1.5,12.2,1.7,1.7,6.9,0.8,7.5,0.3,0.9,0.2,1.0,1.2,4.8,0.5,10.4,9.4
2638,2023,Johnny Juzang,UTA,SG,18,0,12.9,1.9,5.8,.337,0.8,3.5,.238,1.1,2.3,.488,.409,0.1,0.2,.500,0.4,3.8,1.7,14.3,2.2,2.2,9.1,0.4,4.7,0.2,0.8,0.2,1.1,0.7,4.8,0.2,2.8,6.5
2639,2023,Meyers Leonard,MIL,C,9,2,12.7,1.6,3.2,.483,0.8,2.0,.389,0.8,1.2,.636,.603,0.9,1.0,.889,1.3,11.4,2.4,19.4,3.8,3.8,15.5,0.1,1.2,0.2,0.8,0.0,0.0,1.8,4.8,0.7,15.4,12.0
2640,2023,Garrison Mathews,2TM,SG,54,0,12.7,1.4,3.7,.363,1.2,3.3,.350,0.2,0.4,.476,.520,0.9,1.0,.906,0.2,1.7,1.1,10.0,1.4,1.4,5.8,0.5,5.1,0.4,1.7,0.1,0.7,1.1,4.8,0.4,7.8,9.7
2641,2023,Garrison Mathews,HOU,SG,45,0,13.4,1.3,3.8,.353,1.2,3.4,.342,0.2,0.3,.467,.509,0.9,1.0,.911,0.2,1.8,1.2,9.6,1.4,1.4,5.7,0.5,5.1,0.5,1.9,0.1,0.6,1.2,4.8,0.4,8.7,9.1
2642,2023,Garrison Mathews,ATL,SG,9,0,9.3,1.4,3.4,.419,1.1,2.8,.400,0.3,0.7,.500,.581,0.8,0.9,.875,0.1,1.3,1.1,13.2,1.2,1.2,7.2,0.3,4.7,0.1,0.6,0.1,1.0,0.7,4.8,0.1,2.8,14.0
2643,2023,Moses Moody,GSW,SG,63,3,13.0,1.7,3.6,.476,0.8,2.1,.363,0.9,1.5,.641,.584,0.6,0.8,.698,0.4,3.8,1.2,10.2,1.7,1.7,7.1,0.8,8.2,0.3,1.0,0.1,0.8,0.9,4.8,0.5,12.0,10.3
2644,2023,Christian Braun,DEN,SG,76,6,15.5,1.9,3.8,.495,0.4,1.3,.354,1.4,2.5,.565,.554,0.5,0.8,.625,0.6,4.8,1.8,12.6,2.4,2.4,8.8,0.8,6.4,0.5,1.7,0.2,1.3,1.3,4.7,0.5,9.9,10.3
2645,2023,Keon Johnson,POR,SG,40,0,10.4,1.7,4.5,.376,0.7,2.0,.346,1.0,2.4,.402,.455,0.7,1.0,.659,0.3,3.0,0.8,9.2,1.1,1.1,6.1,1.5,20.9,0.5,2.2,0.2,1.3,1.1,4.7,1.1,18.0,9.0
2646,2023,Chuma Okeke,ORL,SF,27,8,19.2,1.6,4.5,.352,1.0,3.2,.302,0.6,1.3,.472,.459,0.6,0.8,.762,1.0,5.7,2.6,15.3,3.6,3.6,10.5,1.4,9.4,0.7,1.8,0.4,2.1,1.5,4.7,0.6,11.5,9.1
2647,2023,Day'Ron Sharpe,BRK,C,48,3,11.5,1.9,3.6,.544,0.1,0.2,.545,1.8,3.3,.544,.561,0.7,1.1,.636,2.1,20.6,2.1,20.1,4.2,4.2,20.4,0.8,9.7,0.3,1.3,0.7,5.0,1.9,4.7,0.9,17.7,17.8
2648,2023,Dean Wade,CLE,PF,44,13,20.3,1.7,4.0,.412,1.0,2.9,.354,0.6,1.1,.560,.540,0.3,0.5,.652,0.5,2.6,3.0,17.2,3.4,3.4,9.9,0.8,5.4,0.6,1.6,0.5,2.2,2.0,4.7,0.4,8.3,8.5
2649,2023,TyTy Washington Jr.,HOU,PG,31,2,14.0,1.9,5.2,.363,0.6,2.6,.238,1.3,2.6,.488,.422,0.3,0.6,.556,0.1,0.5,1.4,11.0,1.5,1.5,5.7,1.5,15.3,0.5,1.7,0.1,0.5,0.9,4.7,0.5,7.7,7.5
2650,2023,Gary Payton II,2TM,SG,22,1,16.7,1.9,3.1,.594,0.6,1.2,.500,1.3,2.0,.651,.688,0.3,0.3,.857,1.1,7.4,2.0,13.9,3.1,3.1,10.6,1.4,11.0,1.0,2.9,0.2,1.2,2.0,4.6,0.7,18.2,13.3
2651,2023,Gary Payton II,POR,SG,15,1,17.0,1.6,2.7,.585,0.6,1.1,.529,1.0,1.6,.625,.695,0.3,0.3,1.000,0.7,4.5,1.9,13.2,2.6,2.6,8.8,1.5,11.6,1.1,3.1,0.1,0.3,1.9,4.1,0.8,21.9,11.3
2652,2023,Gary Payton II,GSW,SG,7,0,16.0,2.4,4.0,.607,0.6,1.3,.444,1.9,2.7,.684,.679,0.3,0.4,.667,2.0,14.0,2.3,15.4,4.3,4.3,14.7,1.1,9.6,0.9,2.5,0.6,3.1,2.0,5.7,0.6,12.0,17.7
2653,2023,Dalano Banton,TOR,PG,31,2,9.0,1.8,4.2,.423,0.5,1.6,.294,1.3,2.5,.506,.481,0.5,0.8,.708,0.4,4.2,1.1,14.9,1.5,1.5,9.1,1.2,19.3,0.4,2.3,0.4,4.5,1.1,4.6,0.6,11.4,14.9
2654,2023,Dāvis Bertāns,DAL,PF,45,1,10.9,1.5,3.6,.431,1.2,3.1,.390,0.3,0.4,.737,.603,0.3,0.3,.867,0.2,2.3,1.0,10.3,1.2,1.2,6.3,0.5,6.2,0.2,1.1,0.2,1.5,1.2,4.6,0.2,5.7,11.9
2655,2023,Malachi Flynn,TOR,PG,53,2,13.0,1.6,4.6,.360,0.9,2.5,.353,0.8,2.1,.367,.457,0.5,0.6,.758,0.3,2.3,1.2,10.8,1.4,1.4,6.2,1.3,13.7,0.4,1.5,0.1,0.6,1.2,4.6,0.5,8.9,8.7
2656,2023,Kira Lewis Jr.,NOP,PG,25,0,9.4,1.6,3.5,.455,0.6,1.4,.441,1.0,2.2,.463,.540,0.8,0.9,.864,0.2,2.4,1.1,13.5,1.3,1.3,8.0,0.9,14.0,0.4,2.1,0.1,0.8,1.0,4.6,0.4,9.3,14.5
2657,2023,Justin Holiday,2TM,SF,46,2,15.3,1.7,4.4,.377,1.0,3.1,.322,0.7,1.3,.508,.490,0.1,0.2,.625,0.1,0.8,1.1,8.1,1.2,1.2,4.4,0.9,7.5,0.4,1.3,0.4,2.3,1.5,4.5,0.5,9.6,6.6
2658,2023,Justin Holiday,ATL,SF,28,0,14.7,1.7,4.5,.384,1.1,3.1,.345,0.6,1.4,.474,.504,0.0,0.0,,0.1,0.5,0.8,5.7,0.8,0.8,3.1,0.9,7.6,0.2,0.6,0.4,2.1,1.3,4.5,0.4,8.8,6.1
2659,2023,Justin Holiday,DAL,SF,18,2,16.4,1.6,4.4,.367,0.9,3.1,.286,0.7,1.3,.565,.468,0.3,0.4,.625,0.2,1.2,1.6,11.6,1.8,1.8,6.3,0.9,7.5,0.8,2.4,0.5,2.7,1.7,4.4,0.6,10.8,7.4
2660,2023,Goga Bitadze,2TM,C,38,1,12.0,1.8,3.3,.552,0.2,0.7,.231,1.7,2.6,.636,.576,0.6,1.1,.548,1.6,15.0,2.0,18.7,3.6,3.6,16.8,1.0,12.1,0.4,1.7,0.7,5.3,1.7,4.4,0.6,13.3,17.1
2661,2023,Goga Bitadze,IND,C,21,0,9.6,1.3,2.5,.519,0.2,0.7,.286,1.1,1.8,.605,.558,0.5,1.1,.458,1.2,13.8,1.1,13.2,2.3,2.3,13.5,0.9,12.1,0.4,2.1,0.5,4.3,1.6,3.3,0.6,16.1,13.9
2662,2023,Goga Bitadze,ORL,C,17,1,15.0,2.5,4.3,.575,0.1,0.7,.167,2.4,3.6,.656,.589,0.7,1.1,.667,2.1,15.9,3.1,23.1,5.2,5.2,19.5,1.2,12.2,0.4,1.3,0.9,6.1,1.8,5.8,0.6,11.0,19.7
2663,2023,Jarrett Culver,ATL,SF,10,1,13.7,1.7,4.3,.395,0.1,1.2,.083,1.6,3.1,.516,.407,0.9,1.3,.692,1.0,7.9,2.8,22.6,3.8,3.8,15.2,0.6,5.5,0.6,2.1,0.2,1.2,1.4,4.4,0.7,12.6,9.5
2664,2023,A.J. Green,MIL,SG,35,1,9.9,1.5,3.6,.424,1.3,3.0,.419,0.3,0.6,.450,.600,0.1,0.1,1.000,0.2,1.9,1.1,11.3,1.3,1.3,6.8,0.6,8.7,0.2,0.8,0.0,0.0,0.9,4.4,0.3,6.6,11.5
2665,2023,Haywood Highsmith,MIA,PF,54,11,17.9,1.7,4.0,.431,0.7,2.0,.339,1.0,2.0,.523,.516,0.2,0.5,.464,1.1,6.7,2.4,16.4,3.5,3.5,11.4,0.8,6.2,0.7,1.9,0.3,1.8,1.5,4.4,0.8,16.5,8.5
2666,2023,JaVale McGee,DAL,C,42,7,8.5,1.9,3.0,.640,0.0,0.1,.400,1.9,2.9,.650,.648,0.6,1.0,.585,0.7,9.7,1.8,25.5,2.5,2.5,17.5,0.3,5.2,0.1,0.6,0.6,6.5,1.3,4.4,0.9,20.1,17.2
2667,2023,Thaddeus Young,TOR,PF,54,9,14.7,2.0,3.7,.545,0.1,0.6,.176,1.9,3.0,.622,.561,0.3,0.5,.692,1.3,9.4,1.8,14.6,3.1,3.1,11.8,1.4,12.9,1.0,3.4,0.1,0.6,1.6,4.4,0.8,16.7,14.1
2668,2023,Omer Yurtseven,MIA,C,9,0,9.2,1.8,3.0,.593,0.3,0.8,.429,1.4,2.2,.650,.648,0.6,0.7,.833,0.9,10.9,1.7,21.9,2.6,2.6,16.2,0.2,3.9,0.2,1.2,0.2,2.5,1.8,4.4,0.4,11.9,16.7
2669,2023,Moses Brown,2TM,C,36,1,8.2,1.7,2.7,.635,0.0,0.0,,1.7,2.7,.635,.635,0.9,2.0,.458,1.6,22.0,2.3,30.9,3.9,3.9,26.5,0.1,2.1,0.1,0.7,0.4,4.2,1.1,4.3,0.4,10.5,22.2
2670,2023,Moses Brown,LAC,C,34,1,8.5,1.8,2.8,.635,0.0,0.0,,1.8,2.8,.635,.635,1.0,2.1,.458,1.7,22.4,2.4,31.5,4.1,4.1,27.0,0.1,2.2,0.1,0.5,0.4,4.3,1.1,4.6,0.4,9.9,22.7
2671,2023,Moses Brown,BRK,C,2,0,3.0,0.0,0.0,,0.0,0.0,,0.0,0.0,,,0.0,0.0,,0.0,0.0,0.0,0.0,0.0,0.0,0.0,0.0,0.0,0.5,8.1,0.0,0.0,0.5,0.0,0.5,100.0,-2.6
2672,2023,Bismack Biyombo,PHO,C,61,14,14.3,2.0,3.4,.578,0.0,0.0,,2.0,3.4,.578,.578,0.4,1.1,.357,1.5,11.0,2.8,22.1,4.3,4.3,16.5,0.9,8.7,0.3,1.0,1.4,9.0,1.9,4.3,0.8,17.7,14.4
2673,2023,Michael Carter-Williams,ORL,PG,4,0,11.0,1.5,3.5,.429,0.3,0.8,.333,1.3,2.8,.455,.464,1.0,1.8,.571,0.3,2.6,1.0,10.3,1.3,1.3,6.4,1.8,22.6,0.3,1.1,0.3,2.2,1.3,4.3,1.0,19.0,9.0
2674,2023,Justin Minaya,POR,SF,4,0,22.3,1.8,5.8,.304,0.8,3.0,.250,1.0,2.8,.364,.370,0.0,0.3,.000,0.8,3.8,3.0,15.6,3.8,3.8,9.7,1.0,5.9,0.5,1.1,1.3,5.0,2.3,4.3,1.0,14.6,4.0
2675,2023,Xavier Sneed,CHO,SF,4,0,12.0,1.3,2.5,.500,0.8,1.5,.500,0.5,1.0,.500,.650,1.0,1.0,1.000,0.0,0.0,1.3,11.3,1.3,1.3,5.6,1.3,13.9,0.0,0.0,0.3,1.8,1.8,4.3,0.8,20.3,9.5
2676,2023,Paul Reed,PHI,C,69,2,10.9,1.8,3.0,.593,0.0,0.1,.167,1.8,2.9,.606,.596,0.6,0.7,.745,1.6,17.8,2.2,23.1,3.8,3.8,20.5,0.4,5.3,0.7,3.0,0.7,6.3,1.8,4.2,0.7,16.3,19.2
2677,2023,Admiral Schofield,ORL,PF,37,0,12.2,1.5,3.3,.451,0.6,2.0,.324,0.8,1.3,.646,.549,0.6,0.6,.913,0.6,5.8,1.1,9.8,1.7,1.7,7.8,0.8,9.6,0.2,0.9,0.1,1.1,1.6,4.2,0.4,10.8,10.1
2678,2023,Ish Wainright,PHO,SF,60,2,15.3,1.4,3.8,.370,1.0,2.9,.329,0.5,0.9,.500,.496,0.4,0.5,.839,0.8,5.3,1.6,11.6,2.3,2.3,8.4,0.9,7.4,0.6,2.0,0.4,2.2,2.0,4.2,0.4,8.4,9.2
2679,2023,McKinley Wright IV,DAL,PG,27,1,12.4,1.7,3.6,.469,0.3,1.0,.321,1.4,2.6,.529,.515,0.5,0.7,.684,0.3,3.1,1.4,13.4,1.7,1.7,8.2,2.1,25.2,0.3,1.2,0.2,1.3,0.9,4.2,0.7,15.2,12.4
2680,2023,Matisse Thybulle,2TM,SG,71,28,16.9,1.5,3.6,.435,0.8,2.1,.365,0.8,1.5,.533,.542,0.3,0.4,.679,0.6,3.9,1.4,9.7,2.0,2.0,6.8,0.7,5.9,1.2,3.4,0.5,2.4,1.6,4.1,0.3,8.3,10.5
2681,2023,Matisse Thybulle,PHI,SF,49,6,12.1,1.0,2.4,.431,0.4,1.3,.333,0.6,1.1,.547,.522,0.2,0.2,.750,0.4,4.1,0.9,8.5,1.3,1.3,6.3,0.5,5.1,0.9,3.8,0.3,2.2,1.3,2.7,0.2,6.2,10.0
2682,2023,Matisse Thybulle,POR,SG,22,22,27.7,2.7,6.2,.438,1.5,3.9,.388,1.2,2.4,.519,.558,0.5,0.7,.625,0.9,3.7,2.6,10.8,3.5,3.5,7.3,1.4,6.6,1.7,3.0,0.8,2.6,2.2,7.4,0.7,10.0,11.0
2683,2023,Blake Griffin,BOS,C,41,16,13.9,1.5,3.2,.485,0.6,1.6,.348,1.0,1.6,.625,.573,0.5,0.8,.656,1.1,9.2,2.6,20.4,3.8,3.8,14.9,1.5,14.2,0.3,1.2,0.2,1.4,1.8,4.1,0.5,13.2,13.1
2684,2023,Kevon Harris,ORL,SG,34,0,13.4,1.4,3.1,.439,0.5,1.3,.372,0.9,1.9,.484,.514,0.9,1.2,.756,0.8,6.9,1.2,10.4,2.1,2.1,8.7,0.5,4.7,0.5,1.8,0.1,1.1,1.6,4.1,0.6,14.4,9.2
2685,2023,Serge Ibaka,MIL,C,16,0,11.6,1.6,3.4,.481,0.4,1.1,.333,1.3,2.3,.556,.537,0.5,0.8,.615,0.9,8.8,1.8,15.7,2.8,2.8,12.4,0.3,2.9,0.1,0.5,0.4,3.1,1.4,4.1,0.7,15.6,9.8
2686,2023,Isaiah Roby,SAS,PF,42,2,11.3,1.6,3.7,.432,0.4,1.4,.300,1.2,2.3,.516,.490,0.5,1.0,.488,0.5,4.7,2.0,20.6,2.5,2.5,12.3,0.9,10.7,0.4,1.8,0.2,1.2,1.3,4.1,0.7,15.2,9.3
2687,2023,Daishen Nix,HOU,PG,57,7,16.0,1.4,4.2,.342,0.7,2.5,.286,0.7,1.7,.423,.426,0.4,0.6,.667,0.3,2.1,1.4,9.7,1.7,1.7,5.9,2.3,19.2,0.5,1.6,0.1,0.7,1.0,4.0,1.5,25.4,5.3
2688,2023,Olivier Sarr,OKC,C,9,1,12.7,1.7,3.3,.500,0.1,0.9,.125,1.6,2.4,.636,.517,0.6,0.8,.714,1.3,11.1,2.1,18.2,3.4,3.4,14.6,0.4,4.6,0.1,0.4,0.6,4.1,1.9,4.0,0.4,10.8,11.5
2689,2023,Bruno Fernando,2TM,C,39,4,10.4,1.5,2.9,.527,0.0,0.1,.000,1.5,2.8,.546,.527,0.9,1.3,.700,1.4,14.5,2.1,22.8,3.5,3.5,18.6,0.8,10.8,0.2,0.7,0.9,8.1,1.9,3.9,0.6,15.7,16.6
2690,2023,Bruno Fernando,HOU,C,31,4,11.7,1.5,3.0,.516,0.0,0.0,.000,1.5,3.0,.522,.516,1.0,1.4,.682,1.5,14.3,2.4,22.6,3.9,3.9,18.4,1.0,11.6,0.2,0.8,1.0,8.3,2.2,4.1,0.6,15.1,16.1
2691,2023,Bruno Fernando,ATL,C,8,0,5.1,1.4,2.4,.579,0.0,0.4,.000,1.4,2.0,.688,.579,0.6,0.8,.833,0.8,15.8,1.1,24.3,1.9,1.9,20.0,0.1,3.7,0.0,0.0,0.4,6.2,0.8,3.4,0.6,18.8,20.1
2692,2023,Patrick Baldwin Jr.,GSW,SF,31,0,7.3,1.4,3.5,.394,1.0,2.7,.381,0.4,0.8,.440,.541,0.1,0.2,.667,0.0,0.5,1.3,18.6,1.3,1.3,9.7,0.4,6.9,0.2,1.3,0.1,1.6,0.5,3.9,0.4,9.0,11.3
2693,2023,Dominick Barlow,SAS,PF,28,0,14.6,1.6,3.1,.535,0.0,0.1,.000,1.6,2.9,.561,.535,0.6,0.9,.720,1.6,11.9,2.0,15.6,3.6,3.6,13.7,0.9,7.6,0.4,1.2,0.7,3.8,2.0,3.9,0.5,13.4,12.4
2694,2023,Gorgui Dieng,SAS,C,31,1,11.5,1.5,3.8,.385,0.7,2.4,.280,0.8,1.4,.571,.474,0.3,0.4,.769,0.9,7.9,2.6,25.4,3.5,3.5,16.3,1.7,19.4,0.1,0.5,0.5,3.2,1.8,3.9,1.0,20.7,9.9
2695,2023,Udonis Haslem,MIA,C,7,1,10.1,1.4,4.1,.345,0.4,1.3,.333,1.0,2.9,.350,.397,0.6,0.7,.800,0.6,6.4,1.0,12.0,1.6,1.6,9.1,0.0,0.0,0.1,0.7,0.3,2.9,1.6,3.9,0.1,3.1,6.2
2696,2023,Aaron Holiday,ATL,PG,63,6,13.4,1.5,3.5,.418,0.6,1.4,.409,0.9,2.1,.424,.500,0.4,0.5,.844,0.4,3.2,0.8,6.4,1.2,1.2,4.8,1.4,13.0,0.6,2.1,0.2,1.2,1.3,3.9,0.6,13.3,9.4
2697,2023,Jabari Walker,POR,PF,56,0,11.1,1.5,3.5,.419,0.3,1.0,.286,1.2,2.5,.472,.460,0.6,0.8,.756,0.9,8.8,1.5,15.5,2.3,2.3,12.2,0.6,7.8,0.2,0.8,0.2,1.9,1.2,3.9,0.5,11.8,9.6
2698,2023,Markieff Morris,2TM,PF,35,2,10.1,1.3,3.3,.409,0.8,2.0,.394,0.5,1.3,.432,.530,0.3,0.3,1.000,0.4,4.2,1.7,18.2,2.0,2.0,11.3,0.9,12.2,0.3,1.2,0.1,1.2,1.4,3.8,0.5,13.1,10.4
2699,2023,Markieff Morris,BRK,PF,27,1,10.6,1.2,3.0,.402,0.7,1.8,.408,0.5,1.2,.394,.524,0.4,0.4,1.000,0.5,5.2,1.7,17.7,2.2,2.2,11.6,0.9,11.8,0.3,1.4,0.2,1.5,1.2,3.6,0.5,13.9,10.7
2700,2023,Markieff Morris,DAL,PF,8,1,8.8,1.8,4.1,.424,1.0,2.8,.364,0.8,1.4,.545,.545,0.0,0.0,,0.0,0.0,1.5,20.2,1.5,1.5,10.0,0.8,13.7,0.1,0.7,0.0,0.0,1.9,4.5,0.5,10.8,9.1
2701,2023,Xavier Cooks,WAS,PF,10,1,12.6,1.7,2.8,.607,0.0,0.1,.000,1.7,2.7,.630,.607,0.4,1.0,.400,1.6,14.7,2.2,18.7,3.8,3.8,16.8,0.6,6.4,0.6,2.3,0.4,2.7,1.3,3.8,0.8,19.8,14.3
2702,2023,Dyson Daniels,NOP,PG,59,11,17.7,1.5,3.5,.418,0.5,1.5,.314,1.0,2.1,.492,.483,0.4,0.7,.650,0.6,3.9,2.6,16.5,3.2,3.2,10.2,2.3,16.4,0.7,2.0,0.2,1.0,1.7,3.8,1.0,20.2,8.8
2703,2023,Darius Days,HOU,SF,4,0,6.3,1.3,3.0,.417,0.8,2.5,.300,0.5,0.5,1.000,.542,0.5,0.5,1.000,0.3,4.3,1.3,22.2,1.5,1.5,13.2,0.3,6.2,0.0,0.0,0.3,3.9,0.5,3.8,0.0,0.0,18.3
2704,2023,Caleb Houstan,ORL,SF,51,4,15.9,1.3,3.6,.363,0.9,2.7,.338,0.4,0.9,.435,.489,0.3,0.4,.833,0.7,4.7,1.3,9.1,1.9,1.9,6.9,0.6,4.9,0.2,0.7,0.1,0.8,1.2,3.8,0.4,8.7,6.2
2705,2023,Furkan Korkmaz,PHI,SG,37,0,9.5,1.3,3.0,.432,0.5,1.2,.391,0.8,1.8,.462,.514,0.7,1.0,.722,0.2,2.0,1.0,11.8,1.1,1.1,7.0,0.6,8.8,0.3,1.4,0.1,0.8,0.5,3.8,0.6,15.9,9.3
2706,2023,Luke Kornet,BOS,C,69,0,11.7,1.6,2.5,.665,0.0,0.2,.231,1.6,2.3,.701,.674,0.5,0.6,.821,1.2,11.9,1.6,14.8,2.9,2.9,13.4,0.8,9.1,0.2,0.7,0.7,4.9,1.2,3.8,0.4,11.8,16.7
2707,2023,JT Thor,CHO,PF,69,8,14.0,1.4,3.4,.399,0.6,1.8,.317,0.8,1.7,.487,.481,0.5,0.7,.702,0.5,3.9,1.7,13.0,2.2,2.2,8.4,0.5,4.9,0.3,1.1,0.3,2.1,1.0,3.8,0.6,14.5,7.0
2708,2023,A.J. Lawson,2TM,SG,15,0,7.2,1.5,2.9,.500,0.7,1.7,.400,0.8,1.3,.632,.614,0.1,0.5,.250,0.4,6.4,1.0,16.3,1.4,1.4,11.3,0.1,3.0,0.1,0.9,0.0,0.0,0.7,3.7,0.2,5.9,13.9
2709,2023,A.J. Lawson,MIN,SG,1,0,2.0,1.0,1.0,1.000,0.0,0.0,,1.0,1.0,1.000,1.000,0.0,0.0,,0.0,0.0,1.0,54.9,1.0,1.0,27.9,0.0,0.0,0.0,0.0,0.0,0.0,1.0,2.0,0.0,0.0,34.4
2710,2023,A.J. Lawson,DAL,SG,14,0,7.6,1.5,3.1,.488,0.7,1.8,.400,0.8,1.3,.611,.605,0.1,0.6,.250,0.4,6.5,1.0,15.5,1.4,1.4,11.0,0.1,3.0,0.1,0.9,0.0,0.0,0.7,3.9,0.2,6.1,13.5
2711,2023,David Duke Jr.,BRK,SG,23,0,9.9,1.6,3.4,.462,0.0,0.5,.083,1.5,2.9,.530,.468,0.5,0.7,.706,0.5,5.5,0.8,8.7,1.3,1.3,7.1,0.9,13.1,0.4,2.1,0.0,0.4,1.3,3.7,0.8,17.4,8.3
2712,2023,Nathan Knight,MIN,C,38,0,7.7,1.2,2.1,.568,0.2,0.6,.364,1.0,1.6,.644,.617,1.0,1.5,.684,0.6,8.6,0.9,12.8,1.5,1.5,10.8,0.3,6.1,0.3,1.6,0.2,1.8,1.1,3.7,0.6,16.5,14.5
2713,2023,Jordan McLaughlin,MIN,PG,43,0,15.8,1.4,3.4,.421,0.6,1.8,.308,0.9,1.6,.552,.503,0.3,0.4,.833,0.3,2.5,1.1,7.6,1.4,1.4,5.1,3.4,27.4,0.7,2.2,0.1,0.5,0.7,3.7,0.8,17.7,11.8
2714,2023,Orlando Robinson,MIA,C,31,1,13.7,1.5,2.9,.528,0.0,0.2,.000,1.5,2.7,.566,.528,0.7,1.0,.710,1.5,12.8,2.5,22.3,4.1,4.1,17.4,0.8,8.4,0.4,1.4,0.4,2.9,1.7,3.7,0.5,13.5,13.4
2715,2023,Matt Ryan,2TM,SF,34,0,9.1,1.2,3.2,.370,0.9,2.5,.381,0.2,0.7,.333,.519,0.3,0.4,.833,0.1,1.4,0.6,7.6,0.8,0.8,4.6,0.5,6.9,0.1,0.8,0.0,0.3,0.8,3.6,0.2,5.8,8.1
2716,2023,Matt Ryan,LAL,SF,12,0,10.8,1.3,4.1,.306,1.1,2.9,.371,0.2,1.2,.143,.439,0.3,0.4,.800,0.2,1.7,1.0,9.6,1.2,1.2,5.8,0.3,4.0,0.2,0.7,0.0,0.0,1.2,3.9,0.3,5.5,4.6
2717,2023,Matt Ryan,MIN,SF,22,0,8.2,1.1,2.7,.424,0.9,2.2,.388,0.3,0.5,.600,.585,0.3,0.3,.857,0.1,1.3,0.5,6.1,0.5,0.5,3.7,0.5,8.9,0.1,0.8,0.0,0.5,0.6,3.4,0.2,6.1,10.6
2718,2023,Bryn Forbes,MIN,SG,25,0,10.7,1.2,3.3,.361,0.6,1.8,.304,0.6,1.5,.432,.446,0.6,0.6,1.000,0.2,1.7,0.4,4.5,0.6,0.6,3.1,0.7,8.2,0.3,1.2,0.1,0.7,0.9,3.6,0.5,11.8,6.2
2719,2023,Damian Jones,2TM,C,41,1,11.6,1.3,2.1,.640,0.2,0.4,.588,1.1,1.7,.652,.698,0.5,0.7,.759,1.0,9.7,2.0,17.7,3.0,3.0,13.8,0.4,4.1,0.2,0.8,0.5,3.7,1.3,3.5,0.6,18.9,12.9
2720,2023,Damian Jones,LAL,C,22,1,8.0,0.9,1.7,.541,0.0,0.1,.000,0.9,1.5,.588,.541,0.7,0.9,.750,0.8,11.3,1.7,21.8,2.5,2.5,16.7,0.2,2.9,0.1,0.8,0.5,5.8,0.8,2.5,0.4,16.4,13.8
2721,2023,Damian Jones,UTA,C,19,0,15.8,1.8,2.6,.714,0.5,0.7,.714,1.3,1.8,.714,.816,0.4,0.5,.778,1.3,8.7,2.3,15.2,3.5,3.5,12.0,0.6,4.8,0.3,0.8,0.5,2.5,2.0,4.6,0.7,20.9,12.4
2722,2023,Udoka Azubuike,UTA,C,36,4,10.0,1.6,2.0,.819,0.0,0.0,,1.6,2.0,.819,.819,0.2,0.6,.350,0.9,9.5,2.4,26.1,3.3,3.3,17.9,0.3,4.3,0.2,0.8,0.4,3.5,0.9,3.5,0.5,18.2,16.1
2723,2023,Miles McBride,NYK,PG,64,2,11.9,1.2,3.4,.358,0.6,2.1,.299,0.6,1.3,.457,.451,0.4,0.7,.667,0.2,1.9,0.6,5.4,0.8,0.8,3.6,1.1,12.4,0.6,2.4,0.1,1.0,0.9,3.5,0.4,9.7,8.4
2724,2023,P.J. Tucker,PHI,PF,75,75,25.6,1.3,3.0,.427,0.7,1.9,.393,0.5,1.1,.482,.549,0.3,0.3,.826,1.3,5.9,2.7,12.1,3.9,3.9,9.1,0.8,3.9,0.5,1.0,0.2,0.7,2.4,3.5,0.6,15.8,5.7
2725,2023,Amir Coffey,LAC,SF,50,9,12.5,1.1,2.9,.386,0.2,0.8,.275,0.9,2.1,.429,.424,1.0,1.3,.778,0.3,3.1,0.7,6.4,1.1,1.1,4.7,1.1,11.2,0.1,0.5,0.1,0.7,1.0,3.4,0.4,10.8,7.0
2726,2023,Taj Gibson,WAS,C,49,2,9.8,1.3,2.6,.520,0.2,0.5,.333,1.2,2.1,.564,.552,0.6,0.9,.714,0.7,7.7,1.2,13.6,1.9,1.9,10.8,0.7,9.6,0.3,1.5,0.2,2.1,1.7,3.4,0.5,15.3,11.4
2727,2023,Kai Jones,CHO,C,46,0,12.0,1.5,2.6,.558,0.1,0.4,.211,1.4,2.2,.624,.575,0.4,0.6,.731,0.8,7.0,1.9,17.0,2.7,2.7,11.9,0.3,3.7,0.4,1.5,0.7,4.7,1.4,3.4,0.7,19.1,10.8
2728,2023,Wesley Matthews,MIL,SF,52,0,15.8,1.1,3.1,.363,0.8,2.4,.315,0.4,0.7,.528,.484,0.5,0.5,.857,0.7,4.5,1.5,9.7,2.2,2.2,7.2,0.7,5.1,0.4,1.2,0.3,1.3,1.4,3.4,0.3,9.5,7.0
2729,2023,Micah Potter,UTA,PF,7,0,7.4,1.4,2.1,.667,0.6,1.0,.571,0.9,1.1,.750,.800,0.0,0.0,,0.4,6.3,1.9,26.7,2.3,2.3,16.6,0.6,11.2,0.1,0.9,0.0,0.0,0.7,3.4,0.3,11.8,18.6
2730,2023,Jericho Sims,NYK,C,52,16,15.6,1.6,2.1,.776,0.0,0.0,.000,1.6,2.0,.783,.776,0.2,0.3,.750,1.9,13.3,2.8,19.4,4.7,4.7,16.4,0.5,4.0,0.3,0.9,0.5,3.2,1.8,3.4,0.5,19.1,13.8
2731,2023,Anthony Gill,WAS,PF,59,8,10.6,1.2,2.2,.538,0.1,0.5,.138,1.1,1.7,.650,.553,0.8,1.1,.731,0.6,6.9,1.1,10.6,1.7,1.7,8.8,0.6,7.2,0.1,0.5,0.2,1.6,1.2,3.3,0.3,8.5,11.1
2732,2023,Boban Marjanović,HOU,C,31,0,5.5,1.3,1.9,.683,0.0,0.0,.000,1.3,1.9,.695,.683,0.6,0.9,.741,0.6,12.7,1.3,26.0,1.9,1.9,19.3,0.3,8.7,0.2,1.4,0.1,1.1,0.3,3.3,0.5,16.3,23.4
2733,2023,Raul Neto,CLE,PG,48,1,10.5,1.2,2.3,.518,0.3,0.9,.286,0.9,1.4,.662,.573,0.6,0.7,.912,0.2,2.3,0.8,8.4,1.0,1.0,5.4,1.6,21.0,0.4,1.7,0.1,0.7,1.0,3.3,0.5,16.1,12.6
2734,2023,Peyton Watson,DEN,SG,23,2,8.1,1.3,2.6,.492,0.3,0.6,.429,1.0,2.0,.511,.542,0.5,0.9,.550,0.3,5.1,1.3,17.4,1.6,1.6,11.4,0.5,7.9,0.1,0.5,0.5,5.2,0.6,3.3,0.3,10.6,12.8
2735,2023,Jared Rhoden,DET,SG,14,0,14.1,1.2,3.1,.386,0.4,1.4,.250,0.9,1.7,.500,.443,0.4,0.4,1.000,0.8,6.0,1.9,15.0,2.6,2.6,10.4,0.3,2.8,0.3,1.0,0.1,0.4,1.6,3.2,0.2,6.0,6.5
2736,2023,Max Christie,LAL,SG,41,3,12.5,1.1,2.6,.415,0.6,1.5,.419,0.4,1.1,.409,.538,0.3,0.4,.875,0.2,1.5,1.7,13.8,1.8,1.8,7.8,0.5,5.1,0.2,0.8,0.2,1.2,0.8,3.1,0.3,10.3,7.4
2737,2023,Jordan Hall,SAS,SF,9,0,9.2,1.0,3.1,.321,0.3,1.7,.200,0.7,1.4,.462,.375,0.8,1.0,.778,0.3,3.8,1.0,12.3,1.3,1.3,7.9,1.2,17.0,0.1,0.6,0.0,0.0,0.7,3.1,0.8,18.0,5.5
2738,2023,Richaun Holmes,SAC,C,42,1,8.3,1.3,2.1,.618,0.1,0.2,.625,1.2,1.9,.617,.646,0.4,0.5,.789,0.7,9.6,1.2,16.6,1.9,1.9,13.1,0.2,3.5,0.1,0.4,0.3,2.8,1.2,3.1,0.3,12.6,12.9
2739,2023,Christian Koloko,TOR,C,58,19,13.8,1.2,2.6,.480,0.0,0.2,.083,1.2,2.4,.514,.483,0.6,1.0,.627,1.4,11.1,1.5,13.3,2.9,2.9,12.1,0.5,5.0,0.4,1.3,1.0,6.9,2.2,3.1,0.3,10.2,11.4
2740,2023,Josh Minott,MIN,SF,15,0,6.4,1.2,2.4,.500,0.1,0.4,.333,1.1,2.0,.533,.528,0.5,0.5,1.000,0.3,5.9,1.3,22.9,1.7,1.7,14.6,0.3,7.5,0.3,2.0,0.4,5.4,0.7,3.1,0.2,7.1,17.9
2741,2023,Jamaree Bouyea,2TM,PG,5,0,14.2,1.2,2.8,.429,0.4,1.2,.333,0.8,1.6,.500,.500,0.2,0.4,.500,0.2,1.6,1.0,8.4,1.2,1.2,4.9,0.8,7.8,0.8,2.8,0.4,2.9,1.2,3.0,0.8,21.2,6.5
2742,2023,Jamaree Bouyea,MIA,PG,4,0,16.3,1.5,3.3,.462,0.5,1.3,.400,1.0,2.0,.500,.538,0.3,0.5,.500,0.3,1.7,1.0,7.5,1.3,1.3,4.5,1.0,8.6,1.0,3.1,0.5,3.1,1.3,3.8,1.0,22.4,7.8
2743,2023,Jamaree Bouyea,WAS,PG,1,0,6.0,0.0,1.0,.000,0.0,1.0,.000,0.0,0.0,,.000,0.0,0.0,,0.0,0.0,1.0,17.9,1.0,1.0,9.3,0.0,0.0,0.0,0.0,0.0,0.0,1.0,0.0,0.0,0.0,-6.9
2744,2023,Juan Toscano-Anderson,2TM,SF,52,9,13.5,1.2,2.8,.448,0.2,0.8,.186,1.1,1.9,.560,.476,0.4,0.5,.792,0.5,4.4,1.8,14.4,2.4,2.4,9.5,1.3,11.8,0.3,1.1,0.2,1.2,1.5,3.0,0.7,18.1,7.2
2745,2023,Juan Toscano-Anderson,LAL,SF,30,7,12.2,1.1,2.2,.500,0.1,0.7,.200,1.0,1.5,.630,.530,0.4,0.5,.733,0.5,4.3,1.6,13.3,2.0,2.0,8.9,0.8,8.6,0.3,1.3,0.2,1.6,1.5,2.7,0.6,19.0,7.5
2746,2023,Juan Toscano-Anderson,UTA,SF,22,2,15.2,1.4,3.5,.403,0.2,1.0,.174,1.2,2.5,.500,.429,0.4,0.4,.889,0.6,4.6,2.2,15.6,2.9,2.9,10.2,1.8,15.2,0.3,0.9,0.1,0.8,1.5,3.4,0.8,17.4,6.9
2747,2023,Tyler Dorsey,DAL,SF,3,0,2.7,1.3,1.7,.800,0.3,0.7,.500,1.0,1.0,1.000,.900,0.0,0.0,,0.3,14.4,0.3,14.7,0.7,0.7,14.5,0.0,0.0,0.0,0.0,0.0,0.0,0.0,3.0,0.0,0.0,45.5
2748,2023,Usman Garuba,HOU,C,75,1,12.9,1.1,2.4,.486,0.3,0.8,.407,0.8,1.6,.525,.554,0.4,0.6,.617,1.6,13.4,2.5,21.4,4.1,4.1,17.4,0.9,8.8,0.6,2.2,0.4,2.9,1.8,3.0,0.6,19.2,12.9
2749,2023,Jacob Gilyard,MEM,PG,1,0,41.0,1.0,3.0,.333,1.0,3.0,.333,0.0,0.0,,.500,0.0,0.0,,0.0,0.0,4.0,10.3,4.0,4.0,5.2,7.0,19.4,3.0,3.5,0.0,0.0,3.0,3.0,2.0,40.0,7.3
2750,2023,Jake LaRavia,MEM,PF,35,0,11.8,1.1,2.7,.389,0.7,2.0,.338,0.4,0.7,.542,.516,0.2,0.3,.778,0.5,4.9,1.3,11.3,1.8,1.8,8.1,0.6,6.2,0.3,1.4,0.1,0.9,1.4,3.0,0.5,15.4,6.7
2751,2023,Robin Lopez,CLE,C,37,2,8.1,1.3,2.0,.640,0.1,0.1,.500,1.2,1.9,.648,.653,0.4,0.5,.778,0.6,9.1,0.8,11.0,1.4,1.4,10.0,0.5,9.1,0.1,0.3,0.2,2.5,1.2,3.0,0.7,23.2,11.6
2752,2023,Trevelin Queen,IND,SG,7,0,10.0,1.0,4.1,.241,0.3,2.1,.133,0.7,2.0,.357,.276,0.7,0.7,1.000,1.1,12.7,1.3,14.2,2.4,2.4,13.5,0.9,11.1,0.3,1.4,0.7,6.1,0.6,3.0,1.0,18.3,6.0
2753,2023,Terry Taylor,2TM,PF,31,2,8.5,1.3,2.4,.520,0.2,0.6,.263,1.1,1.8,.607,.553,0.2,0.4,.545,0.9,11.4,0.6,8.4,1.5,1.5,9.9,0.3,5.1,0.1,0.5,0.2,2.0,0.8,2.9,0.3,10.1,11.0
2754,2023,Terry Taylor,IND,PF,26,2,8.8,1.2,2.5,.462,0.2,0.7,.222,1.0,1.8,.553,.492,0.2,0.3,.714,0.8,10.7,0.7,8.3,1.5,1.5,9.5,0.4,5.9,0.1,0.6,0.2,1.9,0.9,2.7,0.3,11.7,8.8
2755,2023,Terry Taylor,CHI,PF,5,0,7.2,1.8,2.0,.900,0.2,0.2,1.000,1.6,1.8,.889,.950,0.2,0.8,.250,1.0,16.0,0.6,9.3,1.6,1.6,12.6,0.0,0.0,0.0,0.0,0.2,2.7,0.4,4.0,0.0,0.0,25.0
2756,2023,Dru Smith,2TM,SG,15,1,10.5,1.2,3.0,.400,0.3,1.3,.263,0.9,1.7,.500,.456,0.2,0.2,1.000,0.1,1.4,1.5,15.9,1.6,1.6,8.7,1.5,19.3,0.7,3.1,0.3,2.5,1.5,2.9,0.2,6.1,11.4
2757,2023,Dru Smith,MIA,SG,5,1,13.4,1.0,2.8,.357,0.2,1.2,.167,0.8,1.6,.500,.393,0.0,0.0,,0.2,1.7,1.6,14.5,1.8,1.8,7.9,1.0,10.1,0.8,3.0,0.6,4.6,2.0,2.2,0.2,6.7,7.1
2758,2023,Dru Smith,BRK,SG,10,0,9.1,1.3,3.1,.419,0.4,1.3,.308,0.9,1.8,.500,.484,0.3,0.3,1.000,0.1,1.3,1.4,16.9,1.5,1.5,9.3,1.7,26.0,0.6,3.2,0.1,0.9,1.3,3.3,0.2,5.8,14.6
2759,2023,Juancho Hernangómez,TOR,PF,42,10,14.6,1.1,2.7,.421,0.4,1.6,.254,0.7,1.1,.660,.496,0.2,0.4,.563,0.6,4.6,2.3,19.1,2.9,2.9,11.3,0.6,5.2,0.4,1.3,0.1,0.9,1.0,2.9,0.4,11.0,7.6
2760,2023,Carlik Jones,CHI,PG,7,0,8.0,0.9,2.1,.400,0.4,0.9,.500,0.4,1.3,.333,.500,0.7,1.1,.625,0.1,2.1,0.6,8.0,0.7,0.7,5.1,0.9,13.9,0.3,1.7,0.0,0.0,0.3,2.9,0.3,9.7,11.1
2761,2023,Frank Ntilikina,DAL,SG,47,5,12.9,1.0,2.8,.364,0.4,1.4,.254,0.7,1.4,.477,.428,0.5,0.7,.667,0.1,1.3,1.2,10.7,1.3,1.3,5.9,1.2,12.8,0.3,1.3,0.1,1.0,1.4,2.9,0.6,16.5,5.2
2762,2023,Jason Preston,LAC,PG,14,0,8.9,1.3,2.9,.439,0.4,1.3,.278,0.9,1.6,.565,.500,0.0,0.1,.000,0.1,1.8,1.4,17.9,1.6,1.6,9.9,1.9,30.9,0.1,0.8,0.0,0.0,0.5,2.9,0.7,19.3,10.3
2763,2023,Kessler Edwards,2TM,SF,36,4,10.7,1.0,2.6,.387,0.5,1.5,.309,0.5,1.1,.500,.478,0.3,0.4,.733,0.6,6.9,1.1,11.1,1.7,1.7,9.0,0.6,7.5,0.4,1.7,0.2,1.4,1.1,2.8,0.4,11.5,8.4
2764,2023,Kessler Edwards,BRK,SF,14,1,5.6,0.4,1.7,.250,0.1,0.9,.167,0.3,0.9,.333,.292,0.1,0.1,.500,0.4,8.7,0.6,11.1,1.0,1.0,10.0,0.1,3.2,0.2,1.9,0.1,1.1,0.2,1.1,0.3,13.9,2.4
2765,2023,Kessler Edwards,SAC,SF,22,3,13.9,1.4,3.1,.435,0.7,2.0,.349,0.7,1.2,.577,.543,0.5,0.6,.769,0.8,6.4,1.4,11.1,2.1,2.1,8.8,1.0,8.5,0.5,1.7,0.2,1.4,1.7,3.9,0.4,10.8,10.0
2766,2023,James Johnson,IND,PF,18,1,9.0,1.2,2.7,.449,0.2,0.8,.200,1.1,1.9,.559,.480,0.2,0.4,.500,0.2,2.7,1.4,17.8,1.7,1.7,10.3,0.8,12.6,0.4,2.1,0.3,3.2,1.8,2.8,0.4,13.2,8.4
2767,2023,Moussa Diabaté,LAC,C,22,1,8.9,1.1,2.1,.511,0.0,0.1,.500,1.0,2.0,.511,.521,0.5,0.7,.625,1.4,18.0,0.9,10.8,2.3,2.3,14.4,0.2,2.8,0.3,1.8,0.4,3.6,0.7,2.7,0.4,14.3,14.2
2768,2023,Mamadi Diakite,CLE,C,22,2,8.0,1.1,2.3,.480,0.3,1.0,.333,0.8,1.3,.586,.550,0.1,0.1,1.000,0.4,5.4,1.0,14.7,1.4,1.4,10.0,0.4,6.3,0.2,1.1,0.4,4.7,1.2,2.6,0.5,19.1,9.0
2769,2023,Isaiah Mobley,CLE,PF,12,0,7.0,1.0,2.3,.429,0.3,0.7,.375,0.8,1.7,.450,.482,0.3,0.3,1.000,0.3,5.6,1.3,22.4,1.7,1.7,14.0,0.3,5.0,0.3,2.4,0.3,3.3,0.7,2.6,0.1,3.3,14.1
2770,2023,Jaden Springer,PHI,SG,16,2,5.6,1.1,2.2,.486,0.1,0.3,.400,0.9,1.9,.500,.514,0.4,0.5,.750,0.4,8.1,0.5,10.4,0.9,0.9,9.3,0.5,13.8,0.4,3.9,0.2,3.1,0.9,2.6,0.2,7.2,17.2
2771,2023,Frank Kaminsky,2TM,C,36,0,6.5,0.9,1.8,.492,0.4,0.9,.394,0.5,0.8,.600,.595,0.4,0.4,.875,0.2,3.2,1.3,21.2,1.4,1.4,12.1,0.9,17.8,0.2,1.2,0.1,1.6,0.6,2.5,0.3,11.4,15.3
2772,2023,Frank Kaminsky,ATL,C,26,0,6.8,1.0,1.7,.568,0.4,0.9,.478,0.5,0.8,.667,.693,0.4,0.5,.833,0.1,1.8,1.3,20.8,1.4,1.4,11.2,0.8,15.3,0.2,1.4,0.0,0.5,0.8,2.7,0.3,15.4,14.9
2773,2023,Frank Kaminsky,HOU,C,10,0,5.9,0.6,1.9,.316,0.2,1.0,.200,0.4,0.9,.444,.368,0.4,0.4,1.000,0.4,7.4,1.2,22.6,1.6,1.6,14.9,1.1,25.2,0.1,0.8,0.3,5.0,0.1,1.8,0.0,0.0,16.6
2774,2023,Lester Quiñones,GSW,SG,4,0,4.5,0.5,1.3,.400,0.5,1.0,.500,0.0,0.3,.000,.600,1.0,1.5,.667,0.3,6.2,0.5,12.0,0.8,0.8,9.2,0.5,14.2,0.3,2.6,0.0,0.0,0.0,2.5,1.3,39.6,8.6
2775,2023,Ish Smith,DEN,PG,43,0,9.3,1.2,3.0,.397,0.0,0.3,.167,1.2,2.8,.420,.405,0.0,0.1,.500,0.1,1.5,1.1,13.8,1.3,1.3,7.8,2.3,32.5,0.2,1.0,0.2,1.6,0.8,2.5,1.0,24.9,6.5
2776,2023,John Butler,POR,C,19,1,11.6,0.9,2.8,.321,0.4,1.8,.229,0.5,0.9,.500,.396,0.2,0.2,.750,0.2,1.5,0.7,7.3,0.9,0.9,4.4,0.6,6.5,0.4,1.5,0.5,3.6,1.2,2.4,0.1,1.8,5.7
2777,2023,Jeff Dowtin Jr.,TOR,PG,25,0,10.4,1.0,2.3,.439,0.2,0.6,.313,0.8,1.6,.488,.482,0.2,0.4,.667,0.2,2.4,0.7,8.0,0.9,0.9,5.0,1.2,15.5,0.4,1.7,0.1,1.1,0.5,2.4,0.2,7.6,9.9
2778,2023,Theo Pinson,DAL,SG,40,1,8.1,0.8,2.2,.356,0.6,1.6,.355,0.2,0.6,.360,.483,0.3,0.3,.846,0.3,3.6,1.3,19.3,1.6,1.6,11.4,1.2,19.6,0.2,0.9,0.0,0.3,0.9,2.4,0.3,11.5,10.1
2779,2023,Neemias Queta,SAC,C,5,0,5.8,1.2,1.8,.667,0.0,0.0,,1.2,1.8,.667,.667,0.0,0.4,.000,1.0,19.8,1.2,23.5,2.2,2.2,21.7,0.2,5.0,0.0,0.0,0.4,6.0,1.4,2.4,0.2,9.2,17.0
2780,2023,Trent Forrest,ATL,SG,23,3,12.0,1.1,2.6,.417,0.0,0.1,.000,1.1,2.5,.431,.417,0.1,0.1,.667,0.2,2.0,1.4,12.8,1.6,1.6,7.3,1.7,16.5,0.3,1.2,0.1,0.6,0.7,2.3,0.7,19.7,6.1
2781,2023,Scotty Pippen Jr.,LAL,PG,6,0,5.3,0.7,2.0,.333,0.2,0.5,.333,0.5,1.5,.333,.375,0.8,1.5,.556,0.3,6.9,0.3,6.5,0.7,0.7,6.7,0.3,8.2,0.3,3.0,0.2,2.6,0.5,2.3,0.3,11.1,9.6
2782,2023,Justin Champagnie,2TM,SF,5,0,6.8,1.0,3.0,.333,0.2,1.0,.200,0.8,2.0,.400,.367,0.0,0.0,,0.6,9.6,1.0,17.1,1.6,1.6,13.1,0.8,16.3,0.2,1.4,0.0,0.0,0.4,2.2,0.0,0.0,10.3
2783,2023,Justin Champagnie,TOR,SF,3,0,3.7,1.0,1.0,1.000,0.0,0.0,,1.0,1.0,1.000,1.000,0.0,0.0,,0.3,9.6,1.0,33.3,1.3,1.3,20.6,0.3,15.3,0.0,0.0,0.0,0.0,0.3,2.0,0.0,0.0,28.9
2784,2023,Justin Champagnie,BOS,SF,2,0,11.5,1.0,6.0,.167,0.5,2.5,.200,0.5,3.5,.143,.208,0.0,0.0,,1.0,9.6,1.0,9.3,2.0,2.0,9.5,1.5,16.7,0.5,2.1,0.0,0.0,0.5,2.5,0.0,0.0,1.5
2785,2023,Khem Birch,TOR,C,20,0,8.1,1.0,1.6,.594,0.1,0.1,.500,0.9,1.5,.600,.609,0.2,0.3,.800,0.4,5.2,0.9,12.8,1.3,1.3,8.7,0.4,5.8,0.3,1.5,0.3,3.0,1.2,2.2,0.4,19.0,9.4
2786,2023,Kennedy Chandler,MEM,PG,36,0,7.8,1.0,2.3,.422,0.1,0.4,.133,0.9,1.9,.485,.434,0.2,0.4,.462,0.3,3.4,0.8,10.9,1.1,1.1,7.2,1.6,26.4,0.3,2.0,0.1,1.6,0.4,2.2,0.5,16.9,10.6
2787,2023,Ron Harper Jr.,TOR,PF,9,0,5.3,0.9,1.8,.500,0.3,1.0,.333,0.6,0.8,.714,.594,0.1,0.1,1.000,0.3,6.6,0.4,10.2,0.8,0.8,8.3,0.4,11.9,0.0,0.0,0.1,2.0,0.3,2.2,0.0,0.0,15.7
2788,2023,Dalen Terry,CHI,SG,38,0,5.6,0.8,1.9,.444,0.2,0.7,.259,0.7,1.2,.556,.493,0.4,0.6,.667,0.3,6.5,0.7,13.0,1.0,1.0,9.8,0.6,14.1,0.3,2.5,0.1,2.3,0.6,2.2,0.2,9.0,14.1
2789,2023,Nerlens Noel,2TM,C,17,4,11.5,0.8,2.1,.361,0.1,0.1,.500,0.7,2.0,.353,.375,0.5,0.7,.667,0.6,5.6,2.1,21.0,2.7,2.7,13.1,0.6,6.7,0.9,4.0,0.6,4.5,1.9,2.1,0.8,23.9,7.9
2790,2023,Nerlens Noel,DET,C,14,3,10.9,0.9,2.1,.400,0.1,0.1,.500,0.8,2.0,.393,.417,0.5,0.7,.700,0.5,5.0,2.1,22.6,2.6,2.6,13.5,0.5,6.2,0.9,4.1,0.6,5.2,1.8,2.3,0.6,18.9,10.0
2791,2023,Nerlens Noel,BRK,C,3,1,14.3,0.3,2.0,.167,0.0,0.0,,0.3,2.0,.167,.167,0.3,0.7,.500,1.0,8.0,2.0,15.3,3.0,3.0,11.8,1.0,8.3,1.0,3.4,0.3,2.0,2.3,1.0,1.7,42.1,0.3
2792,2023,Davon Reed,2TM,SG,43,1,8.0,0.7,2.0,.333,0.4,1.1,.370,0.3,0.9,.289,.435,0.4,0.6,.667,0.2,3.4,1.1,16.0,1.4,1.4,9.9,0.5,8.2,0.3,2.1,0.1,1.0,0.9,2.1,0.5,17.5,6.2
2793,2023,Davon Reed,DEN,SG,35,1,9.0,0.7,2.3,.313,0.5,1.3,.364,0.3,1.0,.250,.413,0.4,0.6,.750,0.3,3.4,1.3,16.3,1.6,1.6,10.0,0.5,7.3,0.4,2.0,0.1,1.1,1.0,2.3,0.6,18.4,5.2
2794,2023,Davon Reed,LAL,SG,8,0,3.4,0.4,0.5,.750,0.1,0.3,.500,0.3,0.3,1.000,.875,0.1,0.5,.250,0.1,4.1,0.4,11.5,0.5,0.5,7.9,0.5,19.2,0.3,3.5,0.0,0.0,0.4,1.0,0.0,0.0,16.7
2795,2023,Andre Iguodala,GSW,PF,8,0,14.1,0.9,1.9,.467,0.1,1.1,.111,0.8,0.8,1.000,.500,0.3,0.4,.667,0.4,3.0,1.8,13.4,2.1,2.1,8.3,2.4,20.3,0.5,1.7,0.4,2.3,1.4,2.1,1.1,35.5,7.3
2796,2023,Chris Silva,DAL,PF,1,0,3.0,1.0,1.0,1.000,0.0,0.0,,1.0,1.0,1.000,1.000,0.0,0.0,,0.0,0.0,0.0,0.0,0.0,0.0,0.0,0.0,0.0,0.0,0.0,0.0,0.0,2.0,2.0,1.0,50.0,-2.2
2797,2023,Garrett Temple,NOP,SG,25,0,6.5,0.7,1.8,.400,0.4,1.0,.423,0.3,0.8,.368,.522,0.1,0.2,.750,0.2,3.5,0.5,8.4,0.7,0.7,5.9,0.5,10.6,0.4,2.7,0.1,1.2,0.6,2.0,0.2,7.9,10.5
2798,2023,Stanley Umude,DET,SG,1,0,2.0,0.0,1.0,.000,0.0,1.0,.000,0.0,0.0,,.000,2.0,2.0,1.000,0.0,0.0,0.0,0.0,0.0,0.0,0.0,0.0,0.0,1.0,24.2,1.0,44.1,0.0,2.0,0.0,0.0,65.6
2799,2023,Donovan Williams,ATL,SG,2,0,2.0,1.0,2.5,.400,0.0,1.0,.000,1.0,1.5,.667,.400,0.0,0.0,,0.0,0.0,1.0,55.4,1.0,1.0,27.4,0.0,0.0,0.0,0.0,0.0,0.0,0.0,2.0,0.0,0.0,14.5
2800,2023,Vince Williams Jr.,MEM,SG,15,1,7.0,0.8,2.7,.300,0.3,1.9,.143,0.5,0.8,.667,.350,0.1,0.1,1.000,0.3,4.0,0.7,11.1,1.0,1.0,7.6,0.3,4.8,0.4,2.7,0.1,1.7,0.8,2.0,0.3,10.9,3.9
2801,2023,Ryan Rollins,GSW,PG,12,0,5.2,0.6,1.7,.350,0.3,0.8,.333,0.3,0.9,.364,.425,0.5,0.5,1.000,0.3,5.4,0.8,15.7,1.0,1.0,10.6,0.5,12.4,0.1,0.8,0.1,1.4,0.8,1.9,1.3,41.4,-1.4
2802,2023,Greg Brown III,POR,PF,16,0,5.8,0.7,1.8,.393,0.1,0.4,.143,0.6,1.3,.476,.411,0.3,0.8,.417,0.1,2.5,1.1,21.2,1.2,1.2,11.7,0.2,4.5,0.3,2.1,0.3,4.8,0.8,1.8,0.4,15.3,5.8
2803,2023,Trevor Hudgins,HOU,PG,5,0,5.6,0.4,1.8,.222,0.4,1.6,.250,0.0,0.2,.000,.333,0.6,0.6,1.000,0.0,0.0,0.0,0.0,0.0,0.0,0.0,0.6,13.9,0.0,0.0,0.0,0.0,0.2,1.8,0.2,8.8,4.2
2804,2023,Alize Johnson,SAS,PF,4,0,7.5,0.8,1.5,.500,0.0,0.5,.000,0.8,1.0,.750,.500,0.3,0.5,.500,0.5,7.0,2.0,30.3,2.5,2.5,18.2,0.3,4.2,0.3,1.6,0.0,0.0,0.8,1.8,1.0,36.8,4.3
2805,2023,Xavier Moon,LAC,SG,4,0,5.0,0.8,2.3,.333,0.3,0.8,.333,0.5,1.5,.333,.389,0.0,0.0,,0.0,0.0,0.8,16.6,0.8,0.8,8.4,1.3,35.7,0.0,0.0,0.0,0.0,0.5,1.8,0.3,10.0,7.2
2806,2023,Alex Len,SAC,C,26,2,6.2,0.6,1.2,.533,0.0,0.1,.000,0.6,1.1,.571,.533,0.4,0.6,.688,0.9,17.2,1.4,25.4,2.3,2.3,21.3,0.5,9.3,0.2,1.2,0.4,6.0,1.1,1.7,0.6,30.2,12.8
2807,2023,Dylan Windler,CLE,SF,3,0,3.3,0.7,1.0,.667,0.3,0.7,.500,0.3,0.3,1.000,.833,0.0,0.0,,0.0,0.0,0.0,0.0,0.0,0.0,0.0,0.3,15.2,0.3,5.0,0.0,0.0,0.0,1.7,0.3,25.0,19.0
2808,2023,Buddy Boeheim,DET,SF,10,0,9.0,0.5,2.7,.185,0.4,2.5,.160,0.1,0.2,.500,.259,0.2,0.2,1.000,0.2,2.4,0.4,5.1,0.6,0.6,3.7,0.4,5.8,0.2,1.1,0.0,0.0,0.6,1.6,0.0,0.0,0.5
2809,2023,Tony Bradley,CHI,C,12,0,2.8,0.5,1.0,.500,0.3,0.4,.600,0.3,0.6,.429,.625,0.3,0.3,1.000,0.1,3.5,0.8,33.8,0.9,0.9,18.9,0.1,4.4,0.1,1.5,0.1,2.9,0.2,1.6,0.1,6.8,21.7
2810,2023,JD Davison,BOS,SG,12,0,5.5,0.7,1.6,.421,0.2,0.6,.286,0.5,1.0,.500,.474,0.1,0.2,.500,0.2,3.4,0.6,11.4,0.8,0.8,7.4,0.9,22.4,0.2,1.5,0.2,2.6,0.4,1.6,0.3,16.8,10.1
2811,2023,Kendall Brown,IND,SG,6,0,6.7,0.7,1.2,.571,0.0,0.2,.000,0.7,1.0,.667,.571,0.2,0.3,.500,0.3,5.6,0.7,11.1,1.0,1.0,8.3,0.5,9.7,0.7,4.7,0.0,0.0,1.5,1.5,0.3,20.2,9.1
2812,2023,Matthew Dellavedova,SAC,PG,32,0,6.7,0.5,1.6,.340,0.3,0.8,.333,0.3,0.7,.348,.430,0.1,0.2,.571,0.0,0.5,0.4,6.4,0.4,0.4,3.5,1.3,23.4,0.2,1.6,0.0,0.0,0.6,1.5,0.3,15.9,6.7
2813,2023,Keon Ellis,SAC,SG,16,0,4.4,0.4,1.0,.438,0.4,0.8,.500,0.1,0.3,.250,.625,0.3,0.4,.571,0.3,6.5,0.3,6.4,0.5,0.5,6.4,0.4,10.5,0.3,3.4,0.1,1.2,0.6,1.5,0.1,5.0,14.0
2814,2023,Mfiondu Kabengele,BOS,PF,4,0,9.0,0.5,1.8,.286,0.0,0.8,.000,0.5,1.0,.500,.286,0.5,0.5,1.000,1.3,15.4,1.3,14.9,2.5,2.5,15.2,0.0,0.0,0.5,2.7,0.0,0.0,0.8,1.5,0.3,11.3,8.1
2815,2023,Jordan Schakel,WAS,SF,2,0,3.0,0.5,1.0,.500,0.5,0.5,1.000,0.0,0.5,.000,.750,0.0,0.0,,0.0,0.0,0.0,0.0,0.0,0.0,0.0,0.5,23.5,0.5,8.1,0.0,0.0,0.5,1.5,0.0,0.0,24.3
2816,2023,Isaiah Todd,WAS,PF,6,1,10.2,0.5,3.2,.158,0.2,1.7,.100,0.3,1.5,.222,.184,0.3,0.3,1.000,0.3,3.8,1.7,17.6,2.0,2.0,10.9,0.7,7.9,0.2,0.8,0.0,0.0,0.7,1.5,0.3,9.1,-1.0
2817,2023,Thanasis Antetokounmpo,MIL,PF,37,0,5.6,0.5,1.2,.435,0.0,0.2,.000,0.5,1.0,.526,.435,0.3,0.6,.500,0.4,7.9,0.8,14.1,1.2,1.2,11.1,0.4,9.3,0.1,0.7,0.1,1.2,0.6,1.4,0.3,17.7,6.7
2818,2023,PJ Dozier,SAC,SF,16,0,4.9,0.6,2.1,.303,0.1,1.0,.125,0.5,1.1,.471,.333,0.0,0.0,,0.1,1.5,0.8,18.7,0.9,0.9,10.1,0.6,16.3,0.4,3.6,0.1,1.1,0.4,1.4,0.3,13.2,5.2
2819,2023,Wendell Moore Jr.,MIN,SG,29,2,5.3,0.6,1.5,.419,0.1,0.6,.118,0.6,0.9,.615,.442,0.1,0.2,.800,0.1,3.0,0.5,10.0,0.6,0.6,6.6,0.6,15.3,0.3,2.5,0.2,2.8,0.4,1.4,0.3,15.0,9.3
2820,2023,Ryan Arcidiacono,2TM,PG,20,4,8.6,0.5,1.9,.243,0.4,1.2,.348,0.1,0.7,.071,.351,0.0,0.0,,0.0,0.0,0.8,10.0,0.8,0.8,5.0,1.2,16.9,0.3,1.4,0.0,0.0,0.9,1.3,0.4,15.9,2.7
2821,2023,Ryan Arcidiacono,NYK,PG,11,0,2.4,0.1,0.5,.200,0.1,0.3,.333,0.0,0.2,.000,.300,0.0,0.0,,0.0,0.0,0.4,17.0,0.4,0.4,8.4,0.2,9.3,0.2,3.8,0.0,0.0,0.3,0.3,0.1,16.7,3.1
2822,2023,Ryan Arcidiacono,POR,PG,9,4,16.2,0.9,3.6,.250,0.8,2.2,.350,0.1,1.3,.083,.359,0.0,0.0,,0.0,0.0,1.2,8.7,1.2,1.2,4.3,2.3,18.3,0.3,1.0,0.0,0.0,1.6,2.6,0.7,15.8,2.6
2823,2023,Facundo Campazzo,DAL,PG,8,0,6.5,0.4,1.6,.231,0.4,1.4,.273,0.0,0.3,.000,.346,0.1,0.3,.500,0.0,0.0,0.3,4.5,0.3,0.3,2.2,1.1,22.6,0.8,5.7,0.0,0.0,0.4,1.3,0.4,17.8,7.8
2824,2023,Braxton Key,DET,SF,3,0,3.0,0.3,0.3,1.000,0.0,0.0,,0.3,0.3,1.000,1.000,0.7,0.7,1.000,0.0,0.0,0.3,12.7,0.3,0.3,6.2,0.0,0.0,0.0,0.0,0.0,0.0,0.0,1.3,0.0,0.0,18.6
2825,2023,Tyrese Martin,ATL,SG,16,0,4.1,0.6,1.4,.391,0.1,0.4,.143,0.5,1.0,.500,.413,0.1,0.1,1.000,0.3,8.2,0.4,11.7,0.8,0.8,10.0,0.1,3.9,0.1,0.7,0.0,0.0,0.1,1.3,0.1,7.7,7.7
2826,2023,KZ Okpala,SAC,PF,35,3,7.1,0.5,1.1,.421,0.2,0.6,.333,0.3,0.5,.529,.513,0.2,0.2,.875,0.2,3.2,0.8,12.4,1.0,1.0,7.8,0.4,6.3,0.2,1.4,0.2,2.5,1.1,1.3,0.2,14.4,6.2
2827,2023,Cole Swider,LAL,SF,7,0,5.9,0.4,1.3,.333,0.4,1.1,.375,0.0,0.1,.000,.500,0.0,0.0,,0.1,2.7,0.9,15.2,1.0,1.0,9.1,0.6,12.0,0.0,0.0,0.0,0.0,0.4,1.3,0.0,0.0,7.4
2828,2023,Vít Krejčí,ATL,PG,29,0,5.7,0.5,1.3,.405,0.2,0.7,.238,0.3,0.6,.625,.473,0.0,0.1,.500,0.2,3.9,0.7,13.4,0.9,0.9,8.6,0.6,12.4,0.2,1.4,0.0,0.5,0.6,1.2,0.2,11.7,7.7
2829,2023,Jack White,DEN,SF,17,0,3.9,0.5,1.1,.421,0.2,0.5,.333,0.3,0.6,.500,.500,0.1,0.2,.667,0.4,10.7,0.6,18.6,1.0,1.0,14.8,0.2,7.7,0.2,2.2,0.1,2.7,0.5,1.2,0.1,9.0,12.6
2830,2023,Noah Vonleh,BOS,C,23,1,7.4,0.5,1.0,.458,0.0,0.2,.250,0.4,0.9,.500,.479,0.1,0.1,1.000,0.8,11.7,1.3,18.8,2.1,2.1,15.3,0.3,5.1,0.1,0.6,0.3,4.0,1.5,1.1,0.5,30.7,5.9
2831,2023,Malcolm Hill,CHI,SF,5,0,1.8,0.4,0.8,.500,0.2,0.6,.333,0.2,0.2,1.000,.625,0.0,0.0,,0.0,0.0,0.6,37.2,0.6,0.6,18.9,0.0,0.0,0.0,0.0,0.0,0.0,0.2,1.0,0.0,0.0,15.4
2832,2023,Trevor Keels,NYK,SG,3,0,2.7,0.3,1.3,.250,0.3,1.3,.250,0.0,0.0,,.375,0.0,0.0,,0.0,0.0,0.7,27.6,0.7,0.7,13.7,0.0,0.0,0.0,0.0,0.0,0.0,0.0,1.0,0.0,0.0,3.7
2833,2023,Chima Moneke,SAC,SF,2,0,4.0,0.5,1.0,.500,0.0,0.0,,0.5,1.0,.500,.500,0.0,1.0,.000,1.0,28.8,0.0,0.0,1.0,1.0,14.3,0.5,16.1,0.0,0.0,0.0,0.0,1.0,1.0,1.0,41.0,-3.5
2834,2023,Kobi Simmons,CHO,SG,5,0,5.6,0.2,1.2,.167,0.2,1.0,.200,0.0,0.2,.000,.250,0.4,0.4,1.000,0.2,3.7,0.6,11.7,0.8,0.8,7.6,1.0,21.8,0.0,0.0,0.4,6.2,0.0,1.0,0.2,12.7,9.0
2835,2023,Joe Wieskamp,TOR,SF,9,0,5.6,0.3,1.6,.214,0.3,1.3,.250,0.0,0.2,.000,.321,0.0,0.0,,0.0,0.0,0.4,9.8,0.4,0.4,4.5,0.3,7.4,0.0,0.0,0.0,0.0,0.3,1.0,0.1,6.7,-0.4
2836,2023,Justin Jackson,BOS,SF,23,0,4.7,0.3,1.2,.259,0.2,0.9,.250,0.1,0.3,.286,.352,0.0,0.1,.500,0.1,2.1,0.7,15.1,0.7,0.7,8.7,0.4,10.5,0.2,1.8,0.2,3.2,0.3,0.9,0.1,6.7,6.3
2837,2023,Marko Simonovic,CHI,C,7,0,2.9,0.3,1.0,.286,0.1,0.6,.250,0.1,0.4,.333,.357,0.1,0.3,.500,0.1,5.8,0.1,5.6,0.3,0.3,5.7,0.0,0.0,0.0,0.0,0.0,0.0,0.7,0.9,0.0,0.0,-0.1
2838,2023,Dereon Seabron,NOP,SG,5,0,2.4,0.4,1.0,.400,0.0,0.0,,0.4,1.0,.400,.400,0.0,0.0,,0.2,9.5,0.0,0.0,0.2,0.2,4.7,0.0,0.0,0.0,0.0,0.0,0.0,0.2,0.8,0.0,0.0,4.6
2839,2023,Vernon Carey Jr.,WAS,C,11,0,2.5,0.2,0.7,.250,0.0,0.0,,0.2,0.7,.250,.250,0.2,0.2,1.000,0.3,12.4,0.7,30.6,1.0,1.0,21.8,0.3,13.3,0.2,3.5,0.2,6.0,0.5,0.5,0.2,18.4,10.8
2840,2023,Devon Dotson,WAS,PG,6,0,8.8,0.2,1.7,.100,0.2,0.7,.250,0.0,1.0,.000,.150,0.0,0.0,,1.0,13.1,0.7,8.1,1.7,1.7,10.5,1.3,17.6,0.8,4.6,0.0,0.0,1.5,0.5,0.5,23.1,4.8
2841,2023,Leandro Bolmaro,UTA,SF,14,0,4.9,0.2,1.4,.150,0.0,0.3,.000,0.2,1.1,.188,.150,0.0,0.0,,0.3,6.5,0.2,4.7,0.5,0.5,5.6,0.5,12.3,0.2,2.1,0.1,1.2,0.7,0.4,0.5,25.9,-5.0
2842,2023,Sterling Brown,LAL,SF,4,0,6.0,0.0,1.0,.000,0.0,0.5,.000,0.0,0.5,.000,.000,0.0,0.0,,0.8,13.9,1.3,21.6,2.0,2.0,17.8,0.5,9.4,0.8,5.9,0.0,0.0,1.0,0.0,0.0,0.0,7.0
2843,2023,Deonte Burton,SAC,PF,2,0,3.0,0.0,1.0,.000,0.0,0.5,.000,0.0,0.5,.000,.000,0.0,0.0,,0.0,0.0,0.0,0.0,0.0,0.0,0.0,0.0,0.0,0.0,0.0,0.0,0.0,0.0,0.0,0.0,0.0,-12.6
2844,2023,Michael Foster Jr.,PHI,PF,1,0,1.0,0.0,0.0,,0.0,0.0,,0.0,0.0,,,0.0,0.0,,0.0,0.0,0.0,0.0,0.0,0.0,0.0,0.0,0.0,0.0,0.0,0.0,0.0,0.0,0.0,0.0,,0.0
2845,2023,Frank Jackson,UTA,PG,1,0,5.0,0.0,3.0,.000,0.0,1.0,.000,0.0,2.0,.000,.000,0.0,0.0,,1.0,21.9,1.0,21.3,2.0,2.0,21.6,1.0,22.7,0.0,0.0,0.0,0.0,0.0,0.0,0.0,0.0,-6.8
2846,2023,Alondes Williams,BRK,SG,1,0,5.0,0.0,0.0,,0.0,0.0,,0.0,0.0,,,0.0,0.0,,0.0,0.0,1.0,22.0,1.0,1.0,11.2,0.0,0.0,0.0,0.0,0.0,0.0,1.0,0.0,2.0,100.0,-20.9
2847,2024,Joel Embiid,PHI,C,39,39,33.6,11.5,21.8,.529,1.4,3.6,.388,10.2,18.3,.556,.561,10.2,11.6,.883,2.4,7.9,8.6,28.8,11.0,11.0,18.1,5.6,32.4,1.2,1.7,1.7,4.6,2.9,34.7,3.8,12.5,34.1
2848,2024,Luka Dončić,DAL,PG,70,70,37.5,11.5,23.6,.487,4.1,10.6,.382,7.4,13.0,.573,.573,6.8,8.7,.786,0.8,2.5,8.4,24.4,9.2,9.2,13.5,9.8,44.3,1.4,1.8,0.5,1.3,2.1,33.9,4.0,12.8,28.1
2849,2024,Giannis Antetokounmpo,MIL,PF,73,73,35.2,11.5,18.8,.611,0.5,1.7,.274,11.0,17.1,.645,.624,7.0,10.7,.657,2.7,8.6,8.8,27.0,11.5,11.5,17.9,6.5,32.7,1.2,1.6,1.1,2.6,2.9,30.4,3.4,12.7,29.9
2850,2024,Shai Gilgeous-Alexander,OKC,PG,75,75,34.0,10.6,19.8,.535,1.3,3.6,.353,9.3,16.2,.576,.567,7.6,8.7,.874,0.9,3.0,4.7,14.7,5.5,5.5,9.1,6.2,29.8,2.0,2.8,0.9,2.4,2.5,30.1,2.2,8.4,29.3
2851,2024,Jalen Brunson,NYK,PG,77,77,35.4,10.3,21.4,.479,2.7,6.8,.401,7.5,14.6,.516,.543,5.5,6.5,.847,0.6,1.8,3.1,9.7,3.6,3.6,5.7,6.7,33.5,0.9,1.3,0.2,0.4,1.9,28.7,2.4,9.1,23.4
2852,2024,Devin Booker,PHO,PG,68,68,36.0,9.4,19.2,.492,2.2,6.1,.364,7.2,13.0,.552,.550,6.0,6.7,.886,0.8,2.7,3.7,11.1,4.5,4.5,7.1,6.9,31.2,0.9,1.2,0.4,1.0,3.0,27.1,2.6,10.6,21.9
2853,2024,Kevin Durant,PHO,PF,75,75,37.2,10.0,19.1,.523,2.2,5.4,.413,7.8,13.7,.567,.581,4.8,5.6,.856,0.5,1.7,6.1,17.5,6.6,6.6,10.0,5.0,22.2,0.9,1.2,1.2,2.9,1.8,27.1,3.3,13.1,21.2
2854,2024,Jayson Tatum,BOS,PF,74,74,35.7,9.1,19.3,.471,3.1,8.2,.376,6.0,11.0,.542,.552,5.6,6.7,.833,0.9,2.9,7.2,20.9,8.1,8.1,12.3,4.9,21.0,1.0,1.4,0.6,1.4,2.0,26.9,2.5,10.3,22.3
2855,2024,De'Aaron Fox,SAC,PG,74,74,35.9,9.7,20.9,.465,2.9,7.8,.369,6.8,13.1,.522,.534,4.2,5.7,.738,0.9,2.8,3.7,11.8,4.6,4.6,7.2,5.6,25.2,2.0,2.7,0.4,1.1,2.6,26.6,2.6,10.1,20.1
2856,2024,Donovan Mitchell,CLE,SG,55,55,35.3,9.1,19.8,.462,3.3,9.0,.368,5.8,10.8,.539,.545,5.0,5.8,.865,0.8,2.7,4.3,13.4,5.1,5.1,8.1,6.1,28.3,1.8,2.6,0.5,1.4,2.1,26.6,2.8,11.1,22.1
2857,2024,Stephen Curry,GSW,PG,74,74,32.7,8.8,19.5,.450,4.8,11.8,.408,4.0,7.7,.515,.573,4.0,4.4,.923,0.5,1.7,4.0,12.9,4.5,4.5,7.4,5.1,24.7,0.7,1.1,0.4,1.0,1.6,26.4,2.8,11.7,20.6
2858,2024,Nikola Jokić,DEN,C,79,79,34.6,10.4,17.9,.583,1.1,2.9,.359,9.4,14.9,.626,.612,4.5,5.5,.817,2.8,9.3,9.5,29.6,12.4,12.4,19.8,9.0,42.0,1.4,2.0,0.9,2.1,2.5,26.4,3.0,12.9,31.0
2859,2024,Anthony Edwards,MIN,SG,79,78,35.1,9.1,19.7,.461,2.4,6.7,.357,6.7,13.0,.515,.522,5.4,6.4,.836,0.7,2.2,4.8,14.8,5.4,5.4,8.8,5.1,24.6,1.3,1.8,0.5,1.3,1.8,25.9,3.1,11.9,19.7
2860,2024,Tyrese Maxey,PHI,PG,70,70,37.5,9.1,20.3,.450,3.0,8.1,.373,6.1,12.1,.501,.524,4.7,5.4,.868,0.5,1.5,3.2,9.5,3.7,3.7,5.4,6.2,26.7,1.0,1.3,0.5,1.1,2.2,25.9,1.7,6.8,19.8
2861,2024,LeBron James,LAL,PF,71,71,35.3,9.6,17.9,.540,2.1,5.1,.410,7.5,12.8,.592,.599,4.3,5.7,.750,0.9,2.8,6.4,19.3,7.3,7.3,11.5,8.3,37.5,1.3,1.7,0.5,1.3,1.1,25.7,3.5,14.5,23.7
2862,2024,Trae Young,ATL,PG,54,54,36.0,8.0,18.7,.430,3.2,8.7,.373,4.8,10.0,.479,.516,6.4,7.5,.855,0.4,1.2,2.3,7.3,2.8,2.8,4.2,10.8,45.1,1.3,1.8,0.2,0.5,2.0,25.7,4.4,16.5,20.3
2863,2024,Kyrie Irving,DAL,SG,58,58,35.0,9.7,19.5,.497,3.0,7.3,.411,6.7,12.2,.548,.573,3.3,3.6,.905,0.8,2.4,4.2,13.2,5.0,5.0,7.8,5.2,23.8,1.3,1.7,0.5,1.2,1.9,25.6,1.8,8.0,21.9
2864,2024,Ja Morant,MEM,PG,9,9,35.3,8.9,18.9,.471,1.6,5.7,.275,7.3,13.2,.555,.512,5.8,7.1,.813,0.7,2.0,4.9,15.8,5.6,5.6,8.6,8.1,42.2,0.8,1.1,0.6,1.5,2.1,25.1,3.0,12.0,20.6
2865,2024,Anthony Davis,LAL,C,76,76,35.5,9.4,16.9,.556,0.4,1.4,.271,9.0,15.5,.582,.567,5.5,6.8,.816,3.1,10.4,9.5,28.3,12.6,12.6,19.8,3.5,15.5,1.2,1.6,2.3,5.7,2.3,24.7,2.1,9.5,25.8
2866,2024,Damian Lillard,MIL,PG,73,73,35.3,7.4,17.5,.424,3.0,8.5,.354,4.4,9.0,.490,.510,6.5,7.0,.920,0.5,1.6,3.9,11.8,4.4,4.4,6.8,7.0,28.8,1.0,1.3,0.2,0.6,1.8,24.3,2.6,11.4,19.6
2867,2024,DeMar DeRozan,CHI,SF,79,79,37.8,8.2,17.2,.480,0.9,2.8,.333,7.3,14.3,.509,.507,6.6,7.7,.853,0.5,1.6,3.8,11.3,4.3,4.3,6.4,5.3,21.8,1.1,1.5,0.6,1.5,2.0,24.0,1.7,7.7,19.7
2868,2024,Julius Randle,NYK,PF,46,46,35.4,8.6,18.2,.472,1.7,5.3,.311,6.9,12.9,.539,.518,5.1,6.6,.781,2.2,6.8,7.0,22.4,9.2,9.2,14.6,5.0,22.8,0.5,0.8,0.3,0.7,2.7,24.0,3.5,14.1,18.9
2869,2024,LaMelo Ball,CHO,PG,22,22,32.3,8.3,19.2,.433,3.2,9.0,.355,5.1,10.3,.500,.515,4.1,4.7,.865,1.3,4.4,3.8,13.7,5.1,5.1,8.9,8.0,43.1,1.8,2.8,0.2,0.5,3.6,23.9,3.8,15.0,20.8
2870,2024,Desmond Bane,MEM,SG,42,42,34.4,8.6,18.5,.464,3.3,8.6,.381,5.3,9.9,.536,.552,3.3,3.8,.870,0.9,2.6,3.5,11.8,4.4,4.4,7.0,5.5,29.2,1.0,1.5,0.5,1.4,2.9,23.7,2.7,11.7,18.5
2871,2024,Kawhi Leonard,LAC,SF,68,68,34.3,9.0,17.1,.525,2.1,4.9,.417,6.9,12.1,.569,.585,3.7,4.2,.885,1.2,4.2,4.9,15.6,6.1,6.1,10.1,3.6,16.9,1.6,2.4,0.9,2.3,1.4,23.7,1.8,8.5,23.2
2872,2024,Lauri Markkanen,UTA,PF,55,55,33.1,7.8,16.2,.480,3.2,8.0,.399,4.6,8.2,.559,.578,4.5,5.0,.899,2.2,7.4,5.9,19.6,8.2,8.2,13.6,2.0,9.5,0.9,1.3,0.5,1.3,1.8,23.2,1.4,7.1,21.5
2873,2024,Jaylen Brown,BOS,SF,70,70,33.5,9.0,17.9,.499,2.1,5.9,.354,6.9,12.1,.570,.557,3.0,4.3,.703,1.2,4.0,4.3,13.4,5.5,5.5,8.9,3.6,16.6,1.2,1.8,0.5,1.4,2.6,23.0,2.4,10.7,18.6
2874,2024,Zion Williamson,NOP,PF,70,70,31.5,8.9,15.6,.570,0.1,0.3,.333,8.8,15.4,.574,.573,5.0,7.1,.702,1.7,6.2,4.1,14.2,5.8,5.8,10.2,5.0,26.5,1.1,1.7,0.7,2.1,2.3,22.9,2.8,12.8,22.8
2875,2024,Cade Cunningham,DET,PG,62,62,33.5,8.5,18.8,.449,1.9,5.4,.355,6.5,13.4,.487,.500,3.8,4.4,.869,0.5,1.7,3.8,12.9,4.3,4.3,7.2,7.5,37.5,0.9,1.3,0.4,0.9,2.5,22.7,3.4,14.1,17.1
2876,2024,Paolo Banchero,ORL,PF,80,80,35.0,8.0,17.6,.455,1.5,4.4,.339,6.5,13.2,.493,.497,5.1,7.0,.725,1.0,3.4,5.9,20.0,6.9,6.9,11.6,5.4,25.2,0.9,1.3,0.6,1.6,1.9,22.6,3.1,13.0,17.3
2877,2024,Paul George,LAC,PF,74,74,33.8,7.9,16.7,.471,3.3,7.9,.413,4.6,8.8,.523,.569,3.6,3.9,.907,0.5,1.7,4.7,15.3,5.2,5.2,8.8,3.5,16.1,1.5,2.2,0.5,1.3,2.7,22.6,2.1,10.1,19.3
2878,2024,Anfernee Simons,POR,SG,46,46,34.4,7.8,18.2,.430,3.4,8.8,.385,4.4,9.4,.472,.523,3.5,3.9,.916,0.5,1.5,3.2,10.9,3.6,3.6,5.9,5.5,27.6,0.5,0.7,0.1,0.3,2.1,22.6,2.7,12.1,15.9
2879,2024,Jaren Jackson Jr.,MEM,C,66,66,32.2,7.8,17.6,.444,1.8,5.5,.320,6.0,12.1,.501,.494,5.1,6.3,.808,1.3,4.2,4.2,15.0,5.5,5.5,9.4,2.3,13.1,1.2,1.8,1.6,4.7,3.6,22.5,2.4,10.6,17.4
2880,2024,Dejounte Murray,ATL,SG,78,78,35.7,8.6,18.8,.459,2.6,7.1,.363,6.0,11.7,.518,.528,2.7,3.4,.794,0.8,2.3,4.5,14.4,5.3,5.3,8.1,6.4,27.9,1.4,1.9,0.3,0.8,1.8,22.5,2.6,11.3,17.7
2881,2024,Cam Thomas,BRK,SG,66,51,31.4,8.0,18.0,.442,2.2,6.0,.364,5.8,12.0,.481,.503,4.3,5.1,.856,0.4,1.4,2.8,10.1,3.2,3.2,5.6,2.9,15.7,0.7,1.1,0.2,0.7,2.1,22.5,1.9,8.5,16.1
2882,2024,Kyle Kuzma,WAS,PF,70,70,32.6,8.7,18.8,.463,2.2,6.4,.336,6.5,12.3,.530,.521,2.7,3.4,.775,0.9,2.8,5.7,19.3,6.6,6.6,10.9,4.2,20.7,0.5,0.8,0.7,1.8,2.2,22.2,2.7,11.9,15.7
2883,2024,Karl-Anthony Towns,MIN,PF,62,62,32.7,7.7,15.3,.504,2.2,5.3,.416,5.5,10.1,.550,.575,4.1,4.7,.873,1.5,5.5,6.8,22.6,8.3,8.3,14.4,3.0,15.1,0.7,1.0,0.7,1.8,3.3,21.8,2.9,14.1,18.8
2884,2024,Pascal Siakam,2TM,PF,80,80,33.2,8.5,15.9,.536,1.1,3.1,.346,7.5,12.8,.581,.569,3.6,5.0,.732,1.7,5.8,5.3,18.1,7.1,7.1,11.9,4.3,19.4,0.8,1.1,0.3,0.8,2.4,21.7,1.8,8.9,19.7
2885,2024,Pascal Siakam,TOR,PF,39,39,34.7,8.3,16.0,.522,1.2,3.7,.317,7.2,12.3,.584,.559,4.3,5.7,.758,1.4,4.3,4.9,15.9,6.3,6.3,10.0,4.9,22.1,0.8,1.1,0.3,0.7,2.2,22.2,2.1,10.3,18.8
2886,2024,Pascal Siakam,IND,PF,41,41,31.8,8.7,15.8,.549,1.0,2.5,.386,7.7,13.3,.580,.579,3.0,4.2,.699,2.1,7.4,5.7,20.3,7.8,7.8,13.9,3.7,16.5,0.8,1.1,0.4,0.9,2.6,21.3,1.4,7.4,20.7
2887,2024,Victor Wembanyama,SAS,C,71,71,29.7,7.8,16.7,.465,1.8,5.5,.325,6.0,11.2,.534,.519,4.1,5.2,.796,2.3,8.2,8.4,30.7,10.6,10.6,19.4,3.9,21.5,1.2,2.0,3.6,10.0,2.2,21.4,3.7,16.2,23.1
2888,2024,Jamal Murray,DEN,PG,59,59,31.5,8.0,16.7,.481,2.5,5.8,.425,5.6,10.9,.510,.554,2.7,3.1,.853,0.7,2.6,3.4,11.6,4.1,4.1,7.2,6.5,31.2,1.0,1.5,0.7,1.8,1.8,21.2,2.1,10.5,20.7
2889,2024,Alperen Şengün,HOU,C,63,63,32.5,8.4,15.6,.537,0.5,1.8,.297,7.8,13.8,.567,.553,3.9,5.6,.693,2.9,9.5,6.4,21.5,9.3,9.3,15.4,5.0,25.2,1.2,1.8,0.7,2.1,3.3,21.1,2.6,12.5,22.0
2890,2024,Miles Bridges,CHO,SF,69,67,37.4,8.1,17.5,.462,2.3,6.5,.349,5.8,11.0,.529,.527,2.5,3.1,.825,1.0,3.0,6.3,19.5,7.3,7.3,11.0,3.3,14.6,0.9,1.2,0.5,1.2,1.7,21.0,2.0,9.6,15.4
2891,2024,Jerami Grant,POR,PF,54,54,33.9,7.1,15.7,.451,2.1,5.1,.402,5.0,10.6,.474,.516,4.7,5.8,.817,0.7,2.1,2.9,10.0,3.5,3.5,5.8,2.8,13.8,0.8,1.2,0.6,1.7,2.2,21.0,2.1,10.5,15.4
2892,2024,Jimmy Butler,MIA,PF,60,60,34.0,6.6,13.2,.499,1.0,2.4,.414,5.6,10.8,.519,.537,6.6,7.7,.858,1.8,5.8,3.6,11.9,5.3,5.3,8.8,5.0,23.1,1.3,1.9,0.3,0.8,1.1,20.8,1.7,9.3,22.0
2893,2024,Tyler Herro,MIA,SG,42,40,33.5,7.7,17.5,.441,3.1,7.9,.396,4.6,9.6,.478,.531,2.3,2.6,.856,0.5,1.5,4.8,16.5,5.3,5.3,8.9,4.5,22.4,0.7,1.1,0.1,0.2,1.5,20.8,2.2,10.6,15.7
2894,2024,Brandon Ingram,NOP,SF,64,64,32.9,7.8,15.9,.492,1.3,3.8,.355,6.5,12.1,.534,.534,3.8,4.8,.801,0.7,2.3,4.4,14.7,5.1,5.1,8.6,5.7,26.7,0.8,1.2,0.6,1.9,2.3,20.8,2.5,12.4,18.2
2895,2024,RJ Barrett,2TM,SG,58,58,31.7,7.5,15.2,.495,1.6,4.3,.360,6.0,10.9,.549,.547,3.6,5.0,.715,0.9,3.1,4.5,16.0,5.4,5.4,9.5,3.3,16.7,0.5,0.8,0.4,1.1,2.2,20.2,2.2,11.1,16.4
2896,2024,RJ Barrett,NYK,SG,26,26,29.5,6.3,14.9,.423,1.7,5.0,.331,4.7,9.9,.469,.478,4.0,4.8,.831,0.7,2.8,3.5,13.5,4.3,4.3,8.1,2.4,12.8,0.5,0.8,0.3,1.1,1.7,18.2,1.8,9.6,14.3
2897,2024,RJ Barrett,TOR,SG,32,32,33.5,8.5,15.4,.553,1.5,3.8,.392,7.0,11.6,.605,.601,3.3,5.2,.629,1.1,3.4,5.3,17.8,6.4,6.4,10.5,4.1,19.5,0.6,0.9,0.4,1.1,2.6,21.8,2.5,12.3,17.8
2898,2024,Tyrese Haliburton,IND,PG,69,68,32.2,7.2,15.2,.477,2.8,7.8,.364,4.4,7.4,.595,.570,2.8,3.3,.855,0.5,1.8,3.4,12.0,3.9,3.9,6.9,10.9,44.9,1.2,1.8,0.7,1.7,1.1,20.1,2.3,12.2,23.3
2899,2024,Kristaps Porziņģis,BOS,C,57,57,29.6,6.8,13.2,.516,1.9,5.1,.375,4.9,8.1,.606,.589,4.5,5.3,.858,1.7,6.5,5.5,19.1,7.2,7.2,13.1,2.0,10.0,0.7,1.2,1.9,5.8,2.7,20.1,1.6,9.1,23.2
2900,2024,CJ McCollum,NOP,PG,66,66,32.7,7.3,16.0,.459,3.6,8.4,.429,3.7,7.5,.492,.572,1.7,2.1,.827,0.6,2.0,3.7,12.6,4.3,4.3,7.4,4.6,21.4,0.9,1.4,0.6,1.9,1.9,20.0,1.7,9.0,17.9
2901,2024,Scottie Barnes,TOR,SG,60,60,34.9,7.5,15.7,.475,1.7,4.9,.341,5.8,10.8,.536,.528,3.3,4.2,.781,2.4,7.3,5.9,18.9,8.2,8.2,13.0,6.1,26.2,1.3,1.7,1.5,3.7,2.0,19.9,2.8,13.6,19.5
2902,2024,Terry Rozier,2TM,SG,61,60,33.4,7.2,16.4,.443,2.4,6.7,.363,4.8,9.6,.498,.518,2.8,3.2,.869,0.6,1.9,3.5,12.0,4.0,4.0,6.8,5.6,27.5,1.0,1.5,0.3,1.0,1.7,19.8,1.7,8.9,17.3
2903,2024,Terry Rozier,CHO,SG,30,30,35.5,8.4,18.3,.459,2.8,7.7,.358,5.6,10.6,.533,.535,3.6,4.3,.845,0.6,1.7,3.3,10.9,3.9,3.9,6.2,6.6,31.3,1.1,1.5,0.4,1.1,1.7,23.2,2.2,9.7,19.2
2904,2024,Terry Rozier,MIA,PG,31,30,31.5,6.1,14.5,.423,2.1,5.7,.371,4.0,8.7,.458,.497,2.0,2.2,.913,0.6,2.1,3.6,13.1,4.2,4.2,7.6,4.6,23.4,1.0,1.6,0.3,0.9,1.6,16.4,1.3,7.9,15.1
2905,2024,Franz Wagner,ORL,SF,72,72,32.5,7.3,15.2,.482,1.3,4.6,.281,6.0,10.6,.570,.525,3.8,4.4,.850,1.0,3.6,4.3,15.7,5.3,5.3,9.6,3.7,18.8,1.1,1.6,0.4,1.1,2.3,19.7,1.9,10.0,17.6
2906,2024,Mikal Bridges,BRK,SF,82,82,34.8,6.9,15.8,.436,2.7,7.2,.372,4.2,8.6,.490,.521,3.1,3.9,.814,0.8,2.5,3.7,12.0,4.5,4.5,7.1,3.6,16.3,1.0,1.4,0.4,0.9,1.4,19.6,2.0,10.3,14.9
2907,2024,Jalen Green,HOU,SG,82,82,31.7,6.9,16.2,.423,2.5,7.4,.332,4.4,8.9,.498,.498,3.5,4.3,.804,0.5,1.7,4.7,15.9,5.2,5.2,8.7,3.5,17.3,0.8,1.2,0.3,1.0,1.4,19.6,2.3,11.4,14.7
2908,2024,Zach LaVine,CHI,SG,25,23,34.9,6.8,15.0,.452,2.4,6.8,.349,4.4,8.3,.536,.531,3.5,4.1,.854,0.3,1.0,4.8,15.8,5.2,5.2,8.3,3.9,16.8,0.8,1.2,0.3,0.9,2.3,19.5,2.1,11.0,15.1
2909,2024,Devin Vassell,SAS,SG,68,62,33.1,7.3,15.5,.472,2.4,6.6,.372,4.9,9.0,.544,.550,2.4,3.0,.801,0.4,1.3,3.4,11.3,3.8,3.8,6.3,4.1,19.1,1.1,1.5,0.3,0.8,1.1,19.5,1.6,8.6,15.7
2910,2024,Domantas Sabonis,SAC,C,82,82,35.7,7.7,13.0,.594,0.4,1.1,.379,7.3,12.0,.613,.609,3.6,5.1,.704,3.6,11.0,10.1,32.3,13.7,13.7,21.4,8.2,33.9,0.9,1.2,0.6,1.5,3.0,19.4,3.3,17.9,23.2
2911,2024,Bam Adebayo,MIA,C,71,71,34.0,7.5,14.3,.521,0.2,0.6,.357,7.3,13.7,.528,.529,4.1,5.5,.755,2.2,7.4,8.1,27.3,10.4,10.4,17.3,3.9,18.9,1.1,1.7,0.9,2.7,2.2,19.3,2.3,12.0,19.8
2912,2024,Coby White,CHI,PG,79,78,36.5,6.8,15.3,.447,2.6,7.0,.376,4.2,8.3,.508,.534,2.8,3.3,.838,0.6,1.7,4.0,12.4,4.5,4.5,6.9,5.1,20.8,0.7,0.9,0.2,0.6,2.4,19.1,2.1,11.1,14.5
2913,2024,Jalen Williams,OKC,PF,71,71,31.3,7.5,14.0,.540,1.5,3.4,.427,6.1,10.6,.576,.592,2.5,3.1,.814,0.5,1.9,3.5,11.8,4.0,4.0,7.1,4.5,21.3,1.1,1.7,0.6,1.9,2.5,19.1,1.7,10.1,19.1
2914,2024,Collin Sexton,UTA,SG,78,51,26.6,6.5,13.3,.487,1.6,4.2,.394,4.8,9.1,.530,.549,4.1,4.7,.859,0.9,3.8,1.7,7.1,2.6,2.6,5.4,4.9,29.5,0.8,1.4,0.2,0.8,2.0,18.7,2.1,12.1,19.9
2915,2024,Bradley Beal,PHO,SG,53,53,33.3,7.1,13.9,.513,1.9,4.4,.430,5.2,9.4,.552,.582,2.1,2.5,.813,1.0,3.6,3.4,10.8,4.4,4.4,7.4,5.0,22.5,1.0,1.4,0.5,1.3,2.4,18.2,2.5,14.2,16.3
2916,2024,Darius Garland,CLE,PG,57,57,33.4,6.6,14.8,.446,2.3,6.2,.371,4.3,8.5,.501,.524,2.6,3.1,.834,0.5,1.8,2.1,7.1,2.7,2.7,4.5,6.5,29.4,1.3,1.9,0.1,0.3,1.7,18.0,3.1,16.1,14.5
2917,2024,D'Angelo Russell,LAL,PG,76,69,32.7,6.5,14.2,.456,3.0,7.2,.415,3.5,7.0,.497,.560,2.1,2.5,.828,0.4,1.3,2.7,8.9,3.1,3.1,5.3,6.3,27.6,0.9,1.3,0.5,1.3,2.1,18.0,2.1,11.8,16.0
2918,2024,Nikola Vučević,CHI,C,76,74,34.3,7.7,15.9,.484,1.2,4.1,.294,6.5,11.8,.550,.522,1.4,1.7,.822,2.8,8.8,7.8,25.8,10.5,10.5,17.1,3.3,15.2,0.7,1.0,0.8,2.4,2.5,18.0,1.6,8.6,17.7
2919,2024,Klay Thompson,GSW,SF,77,63,29.7,6.4,14.7,.432,3.5,9.0,.387,2.9,5.7,.503,.551,1.6,1.8,.927,0.5,1.7,2.8,10.2,3.3,3.3,6.0,2.3,11.2,0.6,1.1,0.5,1.4,1.6,17.9,1.5,8.9,13.9
2920,2024,Jordan Poole,WAS,SG,78,66,30.1,6.3,15.2,.413,2.4,7.2,.326,3.9,8.0,.492,.491,2.5,2.8,.877,0.4,1.4,2.3,8.4,2.7,2.7,4.8,4.4,21.4,1.1,1.7,0.3,0.9,3.1,17.4,2.4,12.8,12.1
2921,2024,Fred VanVleet,HOU,PG,73,73,36.8,5.8,13.9,.416,3.1,8.0,.387,2.7,5.9,.454,.527,2.7,3.1,.860,0.5,1.3,3.4,9.9,3.8,3.8,5.6,8.1,31.1,1.4,1.8,0.8,2.0,2.5,17.4,1.7,10.1,16.7
2922,2024,Brandon Miller,CHO,SF,74,68,32.2,6.4,14.6,.440,2.5,6.7,.373,3.9,8.0,.495,.524,1.9,2.3,.827,0.8,2.7,3.4,12.4,4.3,4.3,7.4,2.4,11.6,0.9,1.4,0.6,1.6,2.5,17.3,1.8,10.2,13.0
2923,2024,Tobias Harris,PHI,PF,70,70,33.8,6.6,13.6,.487,1.3,3.7,.353,5.3,9.9,.537,.535,2.7,3.0,.878,1.1,3.7,5.3,17.7,6.5,6.5,10.6,3.1,13.8,1.0,1.5,0.7,1.8,1.6,17.2,1.3,8.2,16.5
2924,2024,Jordan Clarkson,UTA,SG,55,19,30.6,6.1,14.8,.413,1.7,5.6,.294,4.5,9.2,.485,.469,3.2,3.7,.881,0.9,3.2,2.5,9.0,3.4,3.4,6.2,5.0,24.6,0.6,1.0,0.1,0.3,1.5,17.1,2.7,13.9,12.7
2925,2024,Myles Turner,IND,C,77,77,27.0,6.2,11.8,.524,1.5,4.2,.358,4.7,7.6,.615,.587,3.2,4.1,.773,1.5,6.2,5.5,22.9,6.9,6.9,14.5,1.3,6.4,0.5,0.9,1.9,5.5,3.0,17.1,1.4,9.4,19.3
2926,2024,Immanuel Quickley,2TM,SG,68,38,29.2,5.7,13.1,.434,2.5,6.4,.395,3.2,6.8,.471,.530,3.1,3.6,.853,0.3,0.9,3.6,13.7,3.8,3.8,7.2,4.9,24.6,0.7,1.2,0.1,0.5,1.8,17.0,1.5,9.2,16.7
2927,2024,Immanuel Quickley,NYK,SG,30,0,24.0,5.1,11.2,.454,2.1,5.4,.395,2.9,5.8,.509,.549,2.7,3.1,.872,0.2,0.8,2.4,11.3,2.6,2.6,6.0,2.5,15.9,0.5,1.1,0.1,0.4,1.5,15.0,1.0,7.6,17.1
2928,2024,Immanuel Quickley,TOR,PG,38,38,33.3,6.2,14.7,.422,2.8,7.1,.395,3.4,7.6,.448,.518,3.3,4.0,.841,0.3,1.0,4.5,15.1,4.8,4.8,7.9,6.8,29.5,0.9,1.3,0.2,0.5,2.0,18.6,1.8,10.1,16.5
2929,2024,Bogdan Bogdanović,ATL,SG,79,33,30.4,6.0,13.9,.428,3.0,8.1,.374,2.9,5.8,.503,.537,1.9,2.1,.921,0.7,2.3,2.8,10.3,3.4,3.4,6.2,3.1,14.9,1.2,1.9,0.3,1.0,2.3,16.9,1.4,8.7,14.7
2930,2024,Deandre Ayton,POR,C,55,55,32.4,7.8,13.6,.570,0.0,0.2,.100,7.7,13.4,.576,.571,1.2,1.4,.823,3.2,10.4,7.9,28.9,11.1,11.1,19.1,1.6,8.8,1.0,1.5,0.8,2.1,2.0,16.7,1.8,11.2,18.9
2931,2024,Michael Porter Jr.,DEN,SF,81,81,31.7,6.4,13.3,.484,2.7,6.8,.397,3.7,6.5,.575,.586,1.1,1.4,.836,1.3,4.7,5.7,19.3,7.0,7.0,12.2,1.5,6.7,0.5,0.8,0.7,1.8,1.8,16.7,1.1,7.5,15.5
2932,2024,James Harden,LAC,PG,72,72,34.3,4.9,11.4,.428,2.6,6.8,.381,2.3,4.6,.497,.541,4.2,4.8,.878,0.5,1.6,4.7,14.8,5.1,5.1,8.4,8.5,33.6,1.1,1.5,0.8,2.1,1.8,16.6,2.6,16.0,18.6
2933,2024,Jarrett Allen,CLE,C,77,77,31.7,6.7,10.6,.634,0.0,0.1,.000,6.7,10.6,.638,.634,3.0,4.1,.742,3.2,11.3,7.4,25.8,10.5,10.5,18.7,2.7,13.2,0.7,1.1,1.1,3.0,1.9,16.5,1.6,11.2,21.8
2934,2024,Chet Holmgren,OKC,C,82,82,29.4,6.2,11.6,.530,1.6,4.3,.370,4.6,7.4,.623,.598,2.7,3.4,.793,1.6,6.2,6.3,23.1,7.9,7.9,15.0,2.4,11.6,0.6,1.1,2.3,7.3,2.4,16.5,1.6,10.9,20.4
2935,2024,Jonathan Kuminga,GSW,PF,74,46,26.3,6.2,11.6,.529,0.7,2.2,.321,5.4,9.4,.578,.560,3.0,4.0,.746,1.2,5.2,3.6,14.4,4.8,4.8,9.8,2.2,12.5,0.7,1.4,0.5,1.7,2.3,16.1,1.6,10.9,17.0
2936,2024,Jalen Johnson,ATL,SF,56,52,33.7,6.4,12.5,.511,1.3,3.6,.355,5.1,9.0,.574,.562,1.9,2.6,.728,1.3,4.1,7.4,24.8,8.7,8.7,14.1,3.6,15.4,1.2,1.7,0.8,2.2,2.4,16.0,1.8,11.6,16.3
2937,2024,Austin Reaves,LAL,SG,82,57,32.1,5.6,11.5,.486,1.9,5.1,.367,3.7,6.3,.583,.568,2.8,3.3,.853,0.7,2.5,3.6,11.9,4.3,4.3,7.4,5.5,23.5,0.8,1.2,0.3,0.8,1.9,15.9,2.1,14.1,15.5
2938,2024,Shaedon Sharpe,POR,SG,32,25,33.1,5.5,13.6,.406,1.9,5.6,.333,3.6,7.9,.457,.475,3.1,3.7,.824,1.3,4.2,3.7,13.3,5.0,5.0,8.5,2.9,13.8,0.9,1.3,0.4,1.0,2.8,15.9,2.3,12.9,11.4
2939,2024,Malcolm Brogdon,POR,PG,39,25,28.7,5.6,12.7,.440,2.1,5.1,.412,3.5,7.6,.458,.522,2.4,3.0,.819,0.7,2.6,3.1,12.8,3.8,3.8,7.4,5.5,30.9,0.7,1.2,0.2,0.6,1.5,15.7,1.5,9.9,17.0
2940,2024,Keldon Johnson,SAS,SF,69,27,29.5,5.7,12.5,.454,1.8,5.3,.346,3.8,7.2,.533,.527,2.5,3.2,.792,1.4,5.0,4.1,15.1,5.5,5.5,10.0,2.8,14.2,0.7,1.2,0.3,0.8,2.2,15.7,1.4,9.4,14.2
2941,2024,Evan Mobley,CLE,PF,50,50,30.6,6.4,11.0,.580,0.4,1.2,.373,6.0,9.9,.604,.600,2.5,3.4,.719,2.2,8.2,7.1,25.9,9.4,9.4,17.2,3.2,15.9,0.9,1.5,1.4,4.2,2.7,15.7,1.8,12.5,20.1
2942,2024,De'Andre Hunter,ATL,SF,57,37,29.5,5.3,11.6,.459,2.1,5.3,.385,3.3,6.3,.521,.547,2.9,3.4,.847,0.5,1.9,3.4,12.9,3.9,3.9,7.2,1.5,7.3,0.7,1.1,0.3,0.9,2.6,15.6,1.5,10.0,12.7
2943,2024,Donte DiVincenzo,NYK,SG,81,63,29.1,5.5,12.4,.443,3.5,8.7,.401,2.0,3.7,.542,.584,1.1,1.4,.754,0.8,3.0,2.9,11.2,3.7,3.7,7.1,2.7,13.7,1.3,2.3,0.4,1.4,2.0,15.5,1.4,9.7,16.0
2944,2024,Jaden Ivey,DET,SG,77,61,28.8,5.4,12.6,.429,1.6,4.8,.336,3.8,7.8,.485,.492,2.9,3.9,.749,1.1,4.3,2.3,9.1,3.4,3.4,6.6,3.8,20.2,0.7,1.2,0.5,1.6,2.6,15.4,2.5,14.7,12.4
2945,2024,Malik Monk,SAC,SG,72,0,26.0,5.5,12.4,.443,2.1,5.9,.350,3.4,6.5,.528,.526,2.4,2.8,.829,0.4,1.6,2.6,11.3,2.9,2.9,6.3,5.1,28.9,0.6,1.2,0.5,1.9,2.2,15.4,2.1,13.2,16.0
2946,2024,Kelly Oubre Jr.,PHI,SF,68,52,30.2,5.7,12.9,.441,1.5,4.8,.311,4.2,8.1,.517,.498,2.6,3.4,.750,1.4,5.0,3.6,13.5,5.0,5.0,9.2,1.5,7.3,1.1,1.8,0.7,2.1,2.9,15.4,1.3,8.2,13.5
2947,2024,Bojan Bogdanović,2TM,PF,57,27,25.9,5.4,11.9,.454,2.3,5.9,.398,3.1,6.1,.507,.551,2.1,2.6,.785,0.4,1.6,2.3,10.0,2.7,2.7,5.7,1.7,10.3,0.5,1.0,0.1,0.3,1.7,15.2,1.8,11.9,12.6
2948,2024,Bojan Bogdanović,DET,PF,28,27,32.9,7.1,15.2,.468,3.1,7.4,.415,4.0,7.8,.518,.569,2.9,3.7,.779,0.5,1.5,2.9,10.0,3.4,3.4,5.7,2.5,12.2,0.8,1.2,0.1,0.4,2.0,20.2,2.3,11.8,14.1
2949,2024,Bojan Bogdanović,NYK,SF,29,0,19.2,3.8,8.8,.430,1.6,4.4,.370,2.2,4.4,.488,.521,1.2,1.6,.800,0.3,1.8,1.7,9.9,2.0,2.0,5.8,0.9,7.1,0.2,0.6,0.0,0.2,1.3,10.4,1.3,12.1,10.1
2950,2024,Keegan Murray,SAC,SF,77,77,33.6,5.8,12.7,.454,2.4,6.6,.358,3.4,6.0,.560,.548,1.3,1.6,.831,1.4,4.5,4.1,13.9,5.5,5.5,9.1,1.7,6.9,1.0,1.5,0.8,2.1,2.7,15.2,0.8,5.9,13.3
2951,2024,Derrick White,BOS,SG,73,73,32.6,5.3,11.5,.461,2.7,6.8,.396,2.6,4.7,.555,.578,1.9,2.1,.901,0.7,2.4,3.5,11.3,4.2,4.2,7.0,5.2,21.2,1.0,1.5,1.2,3.2,2.1,15.2,1.5,11.0,16.9
2952,2024,John Collins,UTA,PF,68,66,28.0,5.8,11.0,.532,1.3,3.4,.371,4.6,7.6,.605,.590,2.2,2.7,.795,2.3,9.2,6.1,24.0,8.5,8.5,16.7,1.1,6.1,0.6,1.0,0.9,2.9,2.8,15.1,1.4,10.6,17.5
2953,2024,Khris Middleton,MIL,SF,55,55,27.0,5.8,11.7,.493,1.7,4.5,.381,4.1,7.2,.563,.566,1.8,2.2,.833,0.7,3.0,3.9,15.7,4.7,4.7,9.5,5.3,28.9,0.9,1.6,0.3,0.9,2.6,15.1,2.3,15.4,17.0
2954,2024,Trey Murphy III,NOP,SF,57,23,29.6,4.8,10.9,.443,3.0,7.8,.380,1.9,3.1,.602,.579,2.2,2.6,.815,0.7,2.8,4.2,15.5,4.9,4.9,9.2,2.2,10.2,0.9,1.5,0.5,1.6,1.2,14.8,0.6,4.7,16.3
2955,2024,OG Anunoby,2TM,SF,50,50,34.0,5.6,11.5,.489,2.0,5.3,.382,3.6,6.2,.581,.577,1.3,1.8,.753,0.9,3.0,3.2,10.6,4.2,4.2,6.8,2.1,9.0,1.4,2.0,0.7,1.9,2.4,14.7,1.6,11.6,12.8
2956,2024,OG Anunoby,TOR,SF,27,27,33.3,5.8,11.9,.489,2.3,6.0,.374,3.6,5.9,.608,.584,1.2,1.7,.717,0.9,2.9,3.0,10.2,3.9,3.9,6.5,2.7,11.4,1.0,1.5,0.5,1.3,2.3,15.1,1.6,11.2,12.6
2957,2024,OG Anunoby,NYK,SF,23,23,34.9,5.4,11.1,.488,1.8,4.5,.394,3.7,6.6,.553,.568,1.5,1.9,.791,1.0,3.2,3.4,11.1,4.4,4.4,7.1,1.5,6.2,1.7,2.5,1.0,2.7,2.5,14.1,1.7,12.1,13.0
2958,2024,Deni Avdija,WAS,SF,75,75,30.1,5.4,10.7,.506,1.2,3.1,.374,4.2,7.6,.560,.560,2.7,3.6,.740,1.1,3.9,6.1,22.1,7.2,7.2,12.8,3.8,17.8,0.8,1.2,0.5,1.3,2.5,14.7,2.1,14.8,14.9
2959,2024,GG Jackson II,MEM,PF,48,18,25.7,5.0,11.7,.428,2.1,6.0,.357,2.9,5.8,.502,.519,2.4,3.2,.752,1.1,4.5,3.0,13.2,4.1,4.1,8.7,1.2,8.0,0.6,1.1,0.5,1.8,1.3,14.6,1.4,9.3,13.7
2960,2024,Bennedict Mathurin,IND,SF,59,19,26.1,5.0,11.2,.446,1.4,3.6,.374,3.7,7.6,.481,.507,3.1,3.8,.821,1.0,4.4,2.9,12.8,4.0,4.0,8.6,2.0,9.8,0.6,1.1,0.2,0.7,2.0,14.5,1.6,11.3,13.0
2961,2024,Marcus Smart,MEM,PG,20,20,30.3,5.1,11.9,.430,2.1,6.7,.313,3.0,5.2,.583,.519,2.2,2.8,.768,0.3,1.0,2.4,8.9,2.7,2.7,4.8,4.3,22.7,2.1,3.3,0.3,0.8,2.7,14.5,3.1,19.2,11.8
2962,2024,Tim Hardaway Jr.,DAL,SF,79,12,26.8,5.0,12.4,.402,2.7,7.6,.353,2.3,4.8,.478,.510,1.8,2.1,.852,0.3,1.1,2.9,11.9,3.2,3.2,6.5,1.8,9.2,0.5,1.0,0.1,0.2,1.3,14.4,0.9,6.2,12.1
2963,2024,Dennis Schröder,2TM,PG,80,58,31.1,5.0,11.6,.435,1.7,4.6,.375,3.3,7.0,.474,.509,2.2,2.7,.836,0.5,1.7,2.5,9.2,3.0,3.0,5.3,6.1,28.0,0.8,1.2,0.2,0.6,2.1,14.0,1.9,13.0,13.3
2964,2024,Dennis Schröder,TOR,PG,51,33,30.6,4.8,11.0,.442,1.5,4.3,.350,3.3,6.6,.501,.511,2.5,2.9,.852,0.4,1.5,2.3,8.5,2.7,2.7,4.9,6.1,28.0,0.9,1.4,0.2,0.5,2.1,13.7,1.6,11.7,13.9
2965,2024,Dennis Schröder,BRK,PG,29,25,32.0,5.4,12.7,.424,2.1,5.1,.412,3.3,7.6,.432,.507,1.8,2.2,.797,0.6,1.9,2.9,10.3,3.5,3.5,6.0,6.0,28.0,0.6,0.9,0.3,0.9,2.0,14.6,2.4,15.0,12.3
2966,2024,Rudy Gobert,MIN,C,76,76,34.1,5.3,8.1,.661,0.0,0.0,.000,5.3,8.0,.664,.661,3.3,5.1,.638,3.8,13.1,9.2,29.2,12.9,12.9,21.5,1.3,5.6,0.7,1.0,2.1,5.5,3.1,14.0,1.6,13.1,19.3
2967,2024,Scoot Henderson,POR,PG,62,32,28.5,5.0,12.9,.385,1.4,4.3,.325,3.5,8.5,.416,.440,2.7,3.3,.819,0.9,3.2,2.3,9.5,3.1,3.1,6.2,5.4,29.9,0.8,1.3,0.2,0.7,3.1,14.0,3.4,19.3,9.5
2968,2024,Caris LeVert,CLE,SG,68,10,28.8,5.1,12.1,.421,1.6,4.9,.325,3.5,7.2,.486,.487,2.3,3.0,.766,0.6,2.3,3.5,13.7,4.1,4.1,8.0,5.1,25.7,1.1,1.9,0.5,1.6,1.8,14.0,1.7,11.4,14.6
2969,2024,Aaron Gordon,DEN,PF,73,73,31.5,5.5,9.8,.556,0.5,1.9,.290,4.9,7.9,.619,.584,2.4,3.7,.658,2.4,8.6,4.1,13.9,6.5,6.5,11.4,3.5,15.2,0.8,1.2,0.6,1.7,1.9,13.9,1.4,11.2,16.8
2970,2024,Norman Powell,LAC,SG,76,3,26.2,4.9,10.1,.486,2.2,5.1,.435,2.7,5.1,.536,.594,1.9,2.3,.831,0.2,0.9,2.4,9.8,2.6,2.6,5.5,1.1,5.9,0.6,1.1,0.3,1.0,1.8,13.9,0.9,7.3,13.9
2971,2024,Jalen Duren,DET,C,61,60,29.1,5.7,9.2,.619,0.0,0.1,.000,5.7,9.2,.623,.619,2.3,3.0,.790,3.1,11.8,8.5,33.0,11.6,11.6,22.2,2.4,12.7,0.5,0.9,0.8,2.3,3.1,13.8,2.1,16.7,18.7
2972,2024,Bobby Portis,MIL,PF,82,4,24.5,5.7,11.2,.508,1.2,3.0,.407,4.5,8.2,.545,.562,1.2,1.5,.790,1.7,7.9,5.7,24.8,7.4,7.4,16.6,1.3,7.8,0.8,1.6,0.4,1.4,2.3,13.8,1.1,8.6,17.5
2973,2024,Saddiq Bey,ATL,SF,63,51,32.7,4.6,11.1,.416,1.8,5.7,.316,2.8,5.4,.522,.497,2.7,3.2,.837,2.7,8.5,3.9,13.4,6.5,6.5,10.9,1.5,6.0,0.8,1.2,0.2,0.5,1.4,13.7,0.9,6.4,13.1
2974,2024,Jabari Smith Jr.,HOU,PF,76,76,31.9,5.0,11.0,.454,1.8,5.0,.363,3.2,6.0,.530,.537,2.0,2.4,.811,1.8,6.1,6.3,21.3,8.1,8.1,13.6,1.6,7.1,0.7,1.0,0.8,2.3,2.6,13.7,1.2,8.9,13.8
2975,2024,Gary Trent Jr.,TOR,SG,71,41,28.1,5.1,11.9,.426,2.5,6.4,.393,2.6,5.5,.464,.531,1.0,1.4,.771,0.4,1.4,2.3,9.2,2.6,2.6,5.2,1.7,8.6,1.1,1.9,0.1,0.4,1.4,13.7,0.7,5.0,12.0
2976,2024,Rui Hachimura,LAL,PF,68,39,26.9,5.3,9.9,.537,1.4,3.4,.422,3.9,6.5,.597,.609,1.5,2.0,.739,0.9,3.7,3.5,13.7,4.3,4.3,8.9,1.2,6.3,0.6,1.1,0.4,1.2,1.5,13.6,0.7,5.9,15.0
2977,2024,Grayson Allen,PHO,SG,75,74,33.5,4.5,9.1,.499,2.7,5.9,.461,1.8,3.2,.570,.649,1.7,2.0,.878,0.6,2.3,3.3,10.6,3.9,3.9,6.6,3.0,12.1,0.9,1.3,0.6,1.6,2.1,13.5,1.3,11.3,13.8
2978,2024,Naz Reid,MIN,PF,81,14,24.2,5.0,10.5,.477,2.1,5.0,.414,2.9,5.5,.535,.576,1.3,1.8,.736,0.9,4.4,4.3,19.3,5.2,5.2,12.2,1.3,8.3,0.8,1.6,0.9,3.3,2.1,13.5,1.4,10.8,16.0
2979,2024,Cameron Johnson,BRK,PF,58,47,27.6,4.8,10.7,.446,2.4,6.1,.391,2.4,4.6,.519,.557,1.5,1.9,.789,0.9,3.7,3.4,13.8,4.3,4.3,8.6,2.4,12.9,0.8,1.5,0.3,0.8,1.8,13.4,1.0,7.9,14.5
2980,2024,Corey Kispert,WAS,SF,80,22,25.8,4.8,9.9,.486,2.3,6.0,.383,2.5,3.9,.643,.602,1.4,2.0,.726,0.4,1.5,2.4,10.3,2.8,2.8,5.8,2.0,10.7,0.5,0.9,0.2,0.6,1.8,13.4,1.2,10.2,12.8
2981,2024,Andrew Wiggins,GSW,SF,71,59,27.0,5.0,11.0,.453,1.3,3.6,.358,3.7,7.4,.498,.511,2.0,2.7,.751,1.5,6.2,3.0,11.8,4.5,4.5,9.0,1.7,8.6,0.6,1.1,0.6,1.9,2.1,13.2,1.2,9.2,12.7
2982,2024,Keyonte George,UTA,PG,75,44,27.0,4.3,10.9,.391,2.0,5.9,.334,2.3,5.0,.459,.482,2.5,3.0,.848,0.2,0.8,2.6,10.6,2.8,2.8,5.7,4.4,23.1,0.5,0.9,0.1,0.3,1.2,13.0,2.5,17.1,10.4
2983,2024,P.J. Washington,2TM,PF,73,45,30.4,4.8,11.1,.436,1.8,5.7,.320,3.0,5.5,.558,.518,1.4,2.0,.683,1.2,4.2,4.5,16.5,5.6,5.6,10.3,1.9,9.3,1.0,1.6,0.8,2.4,2.3,12.9,1.3,9.9,12.2
2984,2024,P.J. Washington,CHO,PF,44,17,29.2,5.2,11.6,.446,1.8,5.5,.324,3.4,6.0,.558,.524,1.5,2.1,.713,1.2,4.5,4.1,16.1,5.3,5.3,10.1,2.2,11.5,0.9,1.5,0.7,2.3,2.5,13.6,1.5,10.7,13.0
2985,2024,P.J. Washington,DAL,PF,29,28,32.2,4.4,10.4,.421,1.8,5.8,.314,2.6,4.6,.556,.508,1.1,1.8,.627,1.1,3.7,5.1,17.1,6.2,6.2,10.5,1.5,6.2,1.2,1.7,0.9,2.5,2.0,11.7,1.0,8.5,11.0
2986,2024,Scotty Pippen Jr.,MEM,PG,21,16,25.1,4.8,9.7,.493,1.4,3.4,.417,3.3,6.2,.534,.567,2.0,2.6,.745,1.0,4.4,2.1,9.7,3.2,3.2,7.0,4.7,30.7,1.7,3.3,0.5,1.8,2.9,12.9,2.7,19.8,16.4
2987,2024,Duncan Robinson,MIA,SF,68,36,28.0,4.5,9.9,.450,2.8,7.0,.395,1.7,3.0,.579,.589,1.2,1.3,.889,0.2,0.9,2.3,9.5,2.5,2.5,5.1,2.8,15.1,0.7,1.2,0.2,0.8,2.4,12.9,1.4,11.7,12.2
2988,2024,Dillon Brooks,HOU,SF,72,72,30.9,4.6,10.7,.428,1.8,5.1,.359,2.7,5.5,.492,.515,1.7,2.0,.844,0.7,2.5,2.7,9.4,3.4,3.4,5.9,1.7,7.5,0.9,1.4,0.1,0.4,3.3,12.7,1.2,9.6,9.4
2989,2024,Mark Williams,CHO,C,19,19,26.7,5.2,7.9,.649,0.0,0.0,,5.2,7.9,.649,.649,2.4,3.4,.719,4.0,16.3,5.7,24.6,9.7,9.7,20.4,1.2,6.8,0.8,1.6,1.1,3.7,2.6,12.7,0.9,8.7,22.5
2990,2024,Jalen Suggs,ORL,SG,75,75,27.0,4.5,9.5,.471,2.0,5.1,.397,2.4,4.4,.556,.578,1.6,2.1,.756,0.6,2.8,2.4,10.6,3.1,3.1,6.6,2.7,15.0,1.4,2.6,0.6,2.2,2.7,12.6,1.8,14.4,14.1
2991,2024,Jrue Holiday,BOS,PG,69,69,32.8,4.8,10.0,.480,2.0,4.7,.429,2.8,5.3,.526,.581,0.9,1.0,.833,1.2,4.2,4.2,13.2,5.4,5.4,8.9,4.8,19.3,0.9,1.3,0.8,2.1,1.6,12.5,1.8,14.7,14.4
2992,2024,Brook Lopez,MIL,C,79,79,30.5,4.6,9.6,.485,1.9,5.1,.366,2.8,4.4,.621,.583,1.4,1.7,.821,1.5,5.4,3.7,13.0,5.2,5.2,9.3,1.6,7.1,0.5,0.9,2.4,6.7,2.4,12.5,1.0,8.8,14.8
2993,2024,Josh Giddey,OKC,SG,80,80,25.1,5.0,10.6,.475,1.0,3.0,.337,4.0,7.6,.530,.523,1.3,1.6,.806,1.4,6.4,5.0,21.5,6.4,6.4,14.2,4.8,26.6,0.6,1.2,0.6,2.0,1.4,12.3,2.1,15.7,16.6
2994,2024,Cam Whitmore,HOU,SF,47,2,18.7,4.5,9.9,.454,1.7,4.7,.359,2.8,5.3,.538,.539,1.6,2.4,.679,0.9,5.3,2.9,16.7,3.8,3.8,11.0,0.7,6.0,0.6,1.7,0.4,1.8,1.4,12.3,1.0,8.2,16.6
2995,2024,Harrison Barnes,SAC,PF,82,82,29.0,4.2,8.9,.474,1.8,4.7,.387,2.4,4.2,.571,.576,1.9,2.4,.801,0.8,3.1,2.2,8.8,3.0,3.0,5.9,1.2,5.6,0.7,1.1,0.1,0.5,1.2,12.2,0.7,6.6,11.9
2996,2024,Ayo Dosunmu,CHI,SG,76,37,29.1,4.7,9.5,.501,1.6,3.9,.403,3.2,5.6,.568,.583,1.1,1.4,.810,0.7,2.7,2.1,8.3,2.8,2.8,5.5,3.2,15.6,0.9,1.5,0.5,1.7,2.2,12.2,1.4,11.9,13.4
2997,2024,Javonte Green,CHI,SF,9,5,25.6,5.0,8.3,.600,1.1,3.0,.370,3.9,5.3,.729,.667,1.1,1.4,.769,2.2,9.5,5.2,23.3,7.4,7.4,16.3,0.6,3.3,1.1,2.2,0.9,3.6,2.1,12.2,0.8,8.0,20.2
2998,2024,Aaron Nesmith,IND,SF,72,47,27.7,4.4,8.8,.496,1.9,4.6,.419,2.4,4.2,.581,.606,1.5,1.9,.781,0.9,3.6,2.9,12.0,3.8,3.8,7.8,1.5,6.6,0.9,1.5,0.7,2.0,3.3,12.2,0.9,8.4,12.8
2999,2024,Max Strus,CLE,SF,70,70,32.0,4.3,10.4,.418,2.4,6.8,.351,1.9,3.6,.546,.533,1.1,1.4,.794,0.9,3.4,3.9,13.5,4.8,4.8,8.5,4.0,17.3,0.9,1.4,0.4,1.2,2.4,12.2,1.6,12.7,11.7
3000,2024,Jonas Valančiūnas,NOP,C,82,82,23.5,4.9,8.8,.559,0.5,1.5,.308,4.5,7.3,.609,.585,2.0,2.5,.785,2.3,10.9,6.5,30.6,8.8,8.8,20.9,2.1,13.3,0.4,0.8,0.8,3.5,2.7,12.2,1.4,12.1,19.8
3001,2024,Buddy Hield,2TM,SF,84,42,25.7,4.4,10.1,.436,2.6,6.8,.386,1.8,3.4,.539,.565,0.6,0.7,.881,0.7,3.1,2.5,10.9,3.2,3.2,7.0,2.8,14.5,0.8,1.6,0.5,1.6,2.0,12.1,1.2,10.5,13.3
3002,2024,Buddy Hield,IND,SF,52,28,25.7,4.4,9.9,.443,2.6,6.9,.384,1.8,3.1,.575,.575,0.5,0.6,.848,0.7,2.9,2.6,11.3,3.2,3.2,7.1,2.7,12.9,0.8,1.5,0.6,1.8,2.0,12.0,1.2,10.4,13.1
3003,2024,Buddy Hield,PHI,SG,32,14,25.8,4.4,10.4,.426,2.6,6.6,.389,1.9,3.8,.492,.550,0.8,0.8,.923,0.8,3.6,2.3,10.2,3.2,3.2,6.8,3.0,17.1,0.8,1.6,0.3,1.2,2.1,12.2,1.3,10.6,13.6
3004,2024,Tyus Jones,WAS,PG,66,66,29.3,4.9,10.1,.489,1.6,3.9,.414,3.3,6.2,.537,.569,0.5,0.6,.800,0.3,1.1,2.4,9.0,2.7,2.7,5.0,7.3,34.6,1.1,1.7,0.3,0.8,0.7,12.0,1.0,8.8,16.5
3005,2024,Jaime Jaquez Jr.,MIA,SF,75,20,28.2,4.5,9.3,.489,0.9,2.7,.322,3.7,6.6,.558,.536,1.9,2.3,.811,1.1,4.4,2.7,11.0,3.8,3.8,7.6,2.6,13.9,1.0,1.8,0.3,0.9,2.2,11.9,1.5,12.4,12.9
3006,2024,Nic Claxton,BRK,C,71,71,29.8,5.2,8.2,.629,0.0,0.1,.200,5.1,8.1,.633,.630,1.5,2.8,.551,2.7,9.7,7.2,27.3,9.9,9.9,18.2,2.1,10.4,0.6,1.1,2.1,6.2,2.5,11.8,1.3,12.2,18.7
3007,2024,Marvin Bagley III,2TM,C,50,25,21.1,4.8,8.2,.586,0.2,0.5,.391,4.6,7.7,.597,.597,1.9,2.5,.762,2.6,13.1,3.6,19.2,6.2,6.2,16.1,1.1,8.1,0.4,0.9,0.7,2.6,1.6,11.7,1.2,11.3,19.4
3008,2024,Marvin Bagley III,DET,C,26,10,18.4,4.1,7.0,.591,0.0,0.2,.167,4.1,6.7,.606,.594,1.9,2.3,.820,1.8,10.5,2.8,17.1,4.5,4.5,13.8,1.0,9.0,0.2,0.5,0.5,2.5,1.5,10.2,1.1,12.2,18.2
3009,2024,Marvin Bagley III,WAS,C,24,15,24.0,5.5,9.5,.581,0.3,0.7,.471,5.2,8.8,.590,.599,1.9,2.7,.708,3.5,15.3,4.6,20.9,8.1,8.1,18.0,1.2,7.3,0.6,1.2,0.8,2.7,1.7,13.3,1.3,10.5,20.5
3010,2024,Ivica Zubac,LAC,C,68,68,26.4,5.0,7.6,.649,0.0,0.0,,5.0,7.6,.649,.649,1.8,2.4,.723,2.9,12.8,6.3,26.2,9.2,9.2,19.7,1.4,7.5,0.3,0.6,1.2,4.2,2.6,11.7,1.2,11.8,19.3
3011,2024,Cole Anthony,ORL,PG,81,0,22.4,4.1,9.4,.435,1.1,3.4,.338,3.0,6.0,.490,.496,2.2,2.7,.826,0.8,4.1,3.0,16.1,3.8,3.8,10.1,2.9,19.8,0.8,1.7,0.5,1.9,2.2,11.6,1.6,12.8,14.6
3012,2024,Jeremy Sochan,SAS,PF,74,73,29.6,4.6,10.5,.438,0.9,3.1,.308,3.6,7.4,.492,.483,1.5,1.9,.771,1.9,6.7,4.6,16.9,6.4,6.4,11.7,3.4,16.0,0.8,1.3,0.5,1.5,2.3,11.6,1.9,14.3,11.4
3013,2024,Clint Capela,ATL,C,73,73,25.8,4.8,8.5,.571,0.0,0.0,.000,4.8,8.5,.572,.571,1.8,2.8,.631,4.6,18.7,6.0,26.5,10.6,10.6,22.4,1.2,6.9,0.6,1.1,1.5,5.1,2.2,11.5,1.0,9.5,20.7
3014,2024,Mike Conley,MIN,PG,76,76,28.9,3.9,8.5,.457,2.4,5.3,.442,1.5,3.1,.481,.595,1.3,1.5,.911,0.5,2.0,2.4,9.0,2.9,2.9,5.6,5.9,28.4,1.2,2.0,0.2,0.7,1.7,11.4,1.3,12.8,15.8
3015,2024,Malik Beasley,MIL,SG,79,77,29.6,4.1,9.1,.443,2.8,6.9,.413,1.2,2.3,.533,.598,0.3,0.4,.714,0.5,2.0,3.2,11.4,3.7,3.7,6.8,1.4,6.1,0.7,1.2,0.1,0.3,2.0,11.3,0.7,6.8,10.3
3016,2024,Brandon Clarke,MEM,PF,6,1,22.3,5.5,9.8,.559,0.2,1.0,.167,5.3,8.8,.604,.568,0.2,1.2,.143,2.2,10.2,3.2,16.2,5.3,5.3,13.1,1.5,12.2,0.8,1.8,1.0,4.2,1.3,11.3,0.5,4.6,18.9
3017,2024,Zach Collins,SAS,C,69,29,22.1,4.3,8.9,.484,0.8,2.6,.320,3.5,6.3,.552,.531,1.8,2.3,.753,1.7,8.3,3.7,18.0,5.4,5.4,13.1,2.8,18.9,0.5,1.1,0.8,2.8,3.0,11.2,1.9,16.1,14.3
3018,2024,De'Anthony Melton,PHI,SG,38,33,26.9,3.7,9.5,.386,2.0,5.6,.360,1.6,3.8,.425,.493,1.7,2.1,.835,0.7,3.0,3.0,12.4,3.7,3.7,7.6,3.0,15.4,1.6,2.9,0.4,1.4,2.2,11.1,1.0,9.0,13.4
3019,2024,Jakob Poeltl,TOR,C,50,50,26.4,5.0,7.6,.656,0.0,0.0,,5.0,7.6,.656,.656,1.2,2.1,.551,2.9,11.9,5.7,24.1,8.6,8.6,17.9,2.5,14.0,0.7,1.3,1.5,5.1,3.0,11.1,1.5,15.3,18.9
3020,2024,Russell Westbrook,LAC,PG,68,11,22.5,4.4,9.8,.454,0.6,2.3,.273,3.8,7.5,.509,.486,1.6,2.4,.688,1.4,7.1,3.7,17.8,5.0,5.0,12.7,4.5,29.2,1.1,2.4,0.3,1.4,1.8,11.1,2.1,16.4,16.2
3021,2024,Daniel Gafford,2TM,C,74,66,24.5,4.7,6.5,.725,0.0,0.0,,4.7,6.5,.725,.725,1.6,2.4,.674,2.6,11.4,5.0,22.1,7.6,7.6,16.7,1.6,9.1,0.9,1.7,2.1,7.1,3.1,11.0,1.0,11.7,21.7
3022,2024,Daniel Gafford,WAS,C,45,45,26.5,4.5,6.5,.690,0.0,0.0,,4.5,6.5,.690,.690,1.9,2.6,.706,2.9,11.5,5.1,21.1,8.0,8.0,16.2,1.5,8.0,1.0,1.7,2.2,6.6,3.3,10.9,1.0,11.7,19.9
3023,2024,Daniel Gafford,DAL,PF,29,21,21.5,5.0,6.4,.780,0.0,0.0,,5.0,6.4,.780,.780,1.2,1.9,.607,2.2,11.3,4.7,23.9,6.9,6.9,17.6,1.6,11.1,0.7,1.6,1.9,7.9,2.8,11.2,1.0,11.7,25.0
3024,2024,Wendell Carter Jr.,ORL,C,55,48,25.6,4.1,7.7,.525,1.2,3.1,.374,2.9,4.6,.626,.600,1.7,2.4,.694,2.0,9.3,4.9,22.7,6.9,6.9,15.9,1.7,9.9,0.6,1.2,0.5,1.9,2.2,11.0,1.2,12.3,15.9
3025,2024,Eric Gordon,PHO,SG,68,24,27.8,4.0,9.1,.443,2.2,5.8,.378,1.8,3.3,.561,.565,0.8,0.9,.797,0.2,1.0,1.6,6.0,1.8,1.8,3.6,2.0,10.0,1.0,1.7,0.4,1.4,1.2,11.0,1.1,10.2,10.8
3026,2024,Herbert Jones,NOP,SF,76,76,30.5,3.9,7.7,.498,1.5,3.6,.418,2.4,4.1,.568,.595,1.8,2.1,.867,1.0,3.6,2.6,9.4,3.6,3.6,6.5,2.6,11.3,1.4,2.2,0.8,2.6,2.9,11.0,1.2,12.4,13.2
3027,2024,Luke Kennard,MEM,SG,39,22,25.6,3.6,8.1,.448,2.7,6.1,.450,0.9,2.0,.442,.617,1.0,1.2,.889,0.3,1.2,2.6,11.6,2.9,2.9,6.2,3.5,20.8,0.5,1.0,0.1,0.2,1.0,11.0,1.4,13.9,13.1
3028,2024,Luguentz Dort,OKC,SF,79,79,28.4,3.6,8.3,.438,2.0,5.0,.394,1.7,3.3,.506,.557,1.6,2.0,.826,0.9,3.8,2.7,10.0,3.6,3.6,7.0,1.4,6.3,0.9,1.5,0.6,1.9,2.9,10.9,0.9,9.3,11.1
3029,2024,Jusuf Nurkić,PHO,C,76,76,27.3,4.2,8.3,.510,0.3,1.2,.244,3.9,7.1,.555,.528,2.2,3.4,.640,2.9,12.8,8.1,31.7,11.0,11.0,22.8,4.0,19.9,1.1,1.9,1.1,3.4,3.3,10.9,2.3,19.1,17.4
3030,2024,Isaiah Stewart,DET,PF,46,45,30.9,4.0,8.3,.487,1.5,3.8,.383,2.6,4.5,.575,.575,1.4,1.8,.753,1.6,5.7,5.0,18.4,6.6,6.6,11.9,1.6,7.1,0.4,0.6,0.8,2.3,2.2,10.9,1.4,13.6,11.3
3031,2024,Moritz Wagner,ORL,C,80,1,17.7,4.2,6.9,.601,0.5,1.4,.330,3.7,5.5,.673,.636,2.1,2.6,.814,1.5,9.6,2.9,19.3,4.3,4.3,14.4,1.2,11.2,0.5,1.4,0.3,1.4,2.0,10.9,1.2,13.1,20.6
3032,2024,Bruce Brown,2TM,SG,67,44,27.9,4.1,8.7,.478,0.8,2.4,.323,3.4,6.2,.538,.523,1.7,2.1,.824,0.8,3.1,3.4,14.0,4.2,4.2,8.5,2.9,13.2,0.9,1.5,0.3,0.8,2.2,10.8,1.3,11.8,11.6
3033,2024,Bruce Brown,IND,SG,33,33,29.7,4.5,9.5,.475,1.0,3.1,.327,3.5,6.5,.545,.527,2.0,2.5,.817,0.8,2.9,3.9,14.9,4.7,4.7,8.9,3.0,12.3,1.1,1.7,0.2,0.6,2.5,12.1,1.2,10.5,12.2
3034,2024,Bruce Brown,TOR,PG,34,11,26.0,3.8,7.9,.481,0.6,1.9,.317,3.2,6.0,.532,.519,1.5,1.8,.833,0.8,3.4,3.0,12.9,3.8,3.8,8.1,2.7,14.3,0.7,1.3,0.3,0.9,2.0,9.6,1.3,13.3,10.9
3035,2024,Jake LaRavia,MEM,PF,35,6,23.0,3.4,8.7,.389,1.5,4.5,.340,1.9,4.2,.442,.477,2.6,3.1,.826,1.5,6.7,2.2,10.9,3.7,3.7,8.7,1.7,11.1,0.8,1.8,0.3,1.4,2.0,10.8,1.3,11.4,12.6
3036,2024,Santi Aldama,MEM,PF,61,35,26.5,4.0,9.3,.435,1.7,5.0,.349,2.3,4.3,.534,.528,0.9,1.4,.621,1.2,4.7,4.6,19.7,5.8,5.8,11.9,2.3,13.3,0.7,1.3,0.9,3.1,1.5,10.7,1.1,10.2,13.1
3037,2024,Simone Fontecchio,2TM,SF,66,43,24.9,3.8,8.3,.460,2.0,5.1,.401,1.8,3.2,.551,.582,0.8,1.0,.818,1.0,4.3,2.8,12.2,3.7,3.7,8.3,1.5,8.7,0.7,1.3,0.3,1.2,1.7,10.5,1.0,10.5,12.1
3038,2024,Simone Fontecchio,UTA,SF,50,34,23.2,3.2,7.2,.450,1.8,4.7,.391,1.4,2.5,.560,.577,0.6,0.8,.800,1.0,5.0,2.5,11.7,3.5,3.5,8.4,1.5,8.6,0.6,1.2,0.4,1.4,1.6,8.9,1.0,12.0,11.2
3039,2024,Simone Fontecchio,DET,SF,16,9,30.3,5.7,11.9,.479,2.7,6.3,.426,3.0,5.6,.539,.592,1.4,1.6,.846,0.8,2.7,3.6,13.6,4.4,4.4,8.1,1.8,8.8,0.9,1.4,0.3,0.9,1.8,15.4,1.1,7.8,14.4
3040,2024,Spencer Dinwiddie,2TM,PG,76,52,28.3,3.3,8.4,.392,1.6,4.8,.337,1.7,3.6,.467,.489,2.2,2.8,.805,0.4,1.5,2.3,9.0,2.7,2.7,5.2,4.7,22.7,0.7,1.2,0.3,0.9,1.8,10.5,1.2,11.1,11.7
3041,2024,Spencer Dinwiddie,BRK,PG,48,48,30.7,4.1,10.4,.391,1.9,5.8,.320,2.2,4.6,.480,.480,2.6,3.3,.781,0.5,1.9,2.8,10.1,3.3,3.3,5.9,6.0,27.5,0.8,1.3,0.2,0.6,1.8,12.6,1.3,9.8,13.5
3042,2024,Spencer Dinwiddie,LAL,PG,28,4,24.2,2.0,5.0,.397,1.3,3.2,.389,0.8,1.8,.412,.521,1.6,1.8,.880,0.1,0.7,1.5,6.7,1.7,1.7,3.9,2.4,12.2,0.5,0.9,0.5,1.7,1.9,6.8,1.0,15.1,8.0
3043,2024,Jaden McDaniels,MIN,SF,72,71,29.2,4.3,8.7,.489,1.2,3.5,.337,3.1,5.2,.592,.557,0.8,1.1,.722,0.8,3.2,2.3,8.7,3.1,3.1,6.0,1.4,6.8,0.9,1.5,0.6,1.8,3.0,10.5,1.2,11.6,9.4
3044,2024,Alec Burks,2TM,SG,66,1,18.4,3.2,8.6,.369,1.9,5.0,.376,1.3,3.6,.360,.478,2.2,2.5,.868,0.4,2.2,1.9,11.8,2.3,2.3,6.9,1.3,10.7,0.4,1.1,0.2,0.9,1.1,10.4,0.7,7.0,12.9
3045,2024,Alec Burks,DET,SG,43,0,21.0,3.7,9.4,.394,2.3,5.7,.401,1.4,3.7,.384,.516,2.8,3.1,.903,0.4,1.9,2.2,11.8,2.6,2.6,6.8,1.6,11.2,0.5,1.1,0.3,1.0,1.5,12.6,0.7,6.4,15.1
3046,2024,Alec Burks,NYK,SG,23,1,13.5,2.2,7.1,.307,1.1,3.6,.301,1.1,3.5,.313,.383,1.0,1.4,.727,0.3,2.9,1.4,11.6,1.7,1.7,7.2,0.9,9.2,0.3,1.1,0.0,0.3,0.5,6.5,0.7,8.3,6.5
3047,2024,Dalano Banton,2TM,PG,54,9,19.4,3.7,9.3,.404,1.1,3.7,.296,2.6,5.6,.475,.463,1.7,2.2,.783,0.8,4.2,2.5,15.2,3.3,3.3,9.5,2.4,19.4,0.6,1.6,0.4,1.7,1.2,10.3,1.4,12.2,13.3
3048,2024,Dalano Banton,BOS,PG,24,1,7.1,0.8,2.1,.373,0.1,0.7,.125,0.7,1.5,.486,.392,0.7,0.8,.800,0.5,7.9,1.0,13.9,1.5,1.5,11.0,0.8,13.9,0.2,1.4,0.1,1.5,0.8,2.3,0.4,14.3,9.9
3049,2024,Dalano Banton,POR,PG,30,8,29.2,6.1,15.0,.408,1.9,6.1,.311,4.2,8.9,.474,.471,2.6,3.3,.780,1.0,3.5,3.8,15.5,4.8,4.8,9.1,3.6,20.5,0.9,1.6,0.6,1.8,1.5,16.7,2.2,12.0,14.0
3050,2024,Grant Williams,2TM,PF,76,43,28.0,3.6,8.0,.456,1.7,4.4,.375,2.0,3.5,.558,.560,1.4,1.8,.757,1.1,4.4,3.1,12.2,4.2,4.2,8.3,2.3,11.3,0.6,1.0,0.5,1.6,3.0,10.3,1.4,14.1,10.6
3051,2024,Grant Williams,DAL,PF,47,33,26.4,2.8,6.7,.413,1.7,4.5,.376,1.1,2.3,.486,.538,0.9,1.2,.745,1.0,4.1,2.6,10.8,3.6,3.6,7.4,1.7,8.2,0.5,0.9,0.6,1.9,2.9,8.1,1.1,13.4,8.3
3052,2024,Grant Williams,CHO,PF,29,10,30.6,5.0,9.9,.503,1.6,4.3,.373,3.4,5.6,.605,.585,2.2,2.9,.765,1.4,4.9,3.8,14.2,5.1,5.1,9.4,3.2,15.7,0.7,1.1,0.4,1.3,3.1,13.9,1.9,14.7,13.9
3053,2024,Obi Toppin,IND,PF,82,28,21.1,4.0,7.1,.573,1.2,3.1,.403,2.8,4.0,.706,.661,0.9,1.2,.770,1.0,5.6,2.9,15.4,3.9,3.9,10.5,1.6,9.4,0.6,1.3,0.5,2.0,1.7,10.3,0.8,10.0,16.5
3054,2024,Kevin Huerter,SAC,SG,64,59,24.4,3.9,8.8,.443,1.9,5.3,.361,2.0,3.4,.571,.553,0.6,0.7,.766,0.6,2.7,2.9,13.6,3.5,3.5,8.0,2.6,14.4,0.7,1.4,0.4,1.3,2.1,10.2,0.8,8.4,12.4
3055,2024,Reggie Jackson,DEN,PG,82,23,22.2,4.0,9.2,.431,1.2,3.5,.359,2.7,5.8,.475,.499,1.0,1.2,.806,0.4,2.1,1.5,7.2,1.9,1.9,4.7,3.8,23.0,0.5,1.2,0.2,0.6,1.8,10.2,1.3,11.7,11.7
3056,2024,T.J. McConnell,IND,PG,71,4,18.2,4.6,8.4,.556,0.3,0.6,.409,4.4,7.7,.568,.572,0.7,0.9,.790,0.5,3.2,2.2,13.6,2.7,2.7,8.4,5.5,41.8,1.0,2.6,0.1,0.5,1.1,10.2,1.5,14.8,20.9
3057,2024,Onyeka Okongwu,ATL,C,55,8,25.5,4.1,6.6,.611,0.4,1.3,.333,3.6,5.4,.676,.642,1.7,2.1,.793,2.6,10.8,4.2,18.6,6.8,6.8,14.6,1.3,7.2,0.5,0.9,1.1,3.8,2.9,10.2,0.8,9.8,16.9
3058,2024,Kentavious Caldwell-Pope,DEN,SG,76,76,31.6,3.6,7.7,.460,1.6,4.1,.406,1.9,3.7,.520,.566,1.3,1.5,.894,0.4,1.5,2.0,6.8,2.4,2.4,4.2,2.4,9.5,1.3,2.0,0.6,1.5,2.0,10.1,1.0,10.5,10.7
3059,2024,Alex Caruso,CHI,SG,71,57,28.7,3.6,7.6,.468,1.9,4.7,.408,1.6,2.9,.563,.593,1.0,1.4,.760,0.9,3.3,3.0,11.8,3.8,3.8,7.5,3.5,16.4,1.7,2.9,1.0,3.5,2.5,10.1,1.4,14.9,14.5
3060,2024,Talen Horton-Tucker,UTA,PG,51,11,19.8,3.6,9.1,.396,1.2,3.6,.330,2.4,5.5,.438,.460,1.7,2.1,.807,0.4,2.3,2.0,10.8,2.4,2.4,6.6,3.5,25.5,0.9,2.2,0.4,1.7,1.8,10.1,1.3,11.2,13.4
3061,2024,Tre Jones,SAS,PG,77,48,27.8,3.9,7.8,.505,0.8,2.5,.335,3.1,5.3,.584,.558,1.3,1.5,.856,0.8,2.9,3.0,11.8,3.8,3.8,7.3,6.2,30.8,1.0,1.7,0.1,0.3,1.2,10.0,1.5,15.1,14.7
3062,2024,Caleb Martin,MIA,SF,64,23,27.4,3.8,8.7,.431,1.3,3.6,.349,2.5,5.1,.489,.504,1.2,1.5,.778,1.2,4.7,3.2,13.5,4.4,4.4,9.1,2.2,11.8,0.7,1.3,0.5,1.6,2.0,10.0,1.2,11.3,10.8
3063,2024,Patrick Williams,CHI,PF,43,30,27.3,3.7,8.3,.443,1.4,3.4,.399,2.3,4.9,.474,.525,1.2,1.5,.788,1.1,4.3,2.8,11.7,3.9,3.9,7.9,1.5,7.7,0.9,1.7,0.8,2.9,2.0,10.0,1.3,12.8,11.0
3064,2024,Vince Williams Jr.,MEM,SG,52,33,27.6,3.3,7.3,.446,1.5,4.0,.378,1.7,3.3,.529,.550,2.0,2.5,.800,1.1,4.3,4.4,18.3,5.6,5.6,11.0,3.4,18.0,0.9,1.6,0.7,2.2,2.6,10.0,1.8,17.4,12.8
3065,2024,Josh Richardson,MIA,SG,43,6,25.7,3.6,8.1,.444,1.5,4.4,.347,2.0,3.7,.561,.539,1.2,1.3,.944,0.4,1.8,2.4,10.7,2.8,2.8,6.2,2.4,13.9,0.6,1.1,0.3,1.2,1.8,9.9,0.8,8.9,11.4
3066,2024,Jalen Smith,IND,C,61,14,17.2,3.8,6.5,.592,1.0,2.4,.424,2.8,4.1,.689,.670,1.2,1.7,.692,1.8,12.1,3.7,24.3,5.5,5.5,18.2,1.0,8.0,0.3,0.8,0.6,2.9,2.0,9.9,0.7,9.1,20.7
3067,2024,Gordon Hayward,2TM,SF,51,28,24.4,3.7,7.9,.464,0.7,1.8,.411,2.9,6.1,.479,.510,1.7,2.4,.742,0.7,3.4,2.8,13.0,3.5,3.5,8.1,3.1,18.3,0.8,1.6,0.3,1.0,1.3,9.8,1.3,12.6,12.8
3068,2024,Gordon Hayward,CHO,SF,25,25,31.9,5.6,11.9,.468,0.9,2.4,.361,4.7,9.4,.496,.505,2.5,3.2,.765,1.0,3.4,3.7,13.4,4.7,4.7,8.2,4.6,22.1,1.1,1.7,0.5,1.4,1.8,14.5,2.0,13.3,14.2
3069,2024,Gordon Hayward,OKC,SF,26,3,17.2,1.8,4.1,.453,0.6,1.1,.517,1.3,3.0,.429,.524,1.0,1.5,.692,0.5,3.4,2.0,12.2,2.5,2.5,8.0,1.6,11.5,0.5,1.3,0.0,0.2,0.8,5.3,0.6,10.9,10.3
3070,2024,Kelly Olynyk,2TM,C,78,27,22.6,3.5,6.4,.555,0.8,2.0,.387,2.8,4.4,.632,.616,1.9,2.3,.833,1.4,6.7,3.9,19.0,5.3,5.3,12.9,4.4,27.6,0.9,2.0,0.4,1.5,2.9,9.8,1.9,20.9,17.4
3071,2024,Kelly Olynyk,UTA,C,50,8,20.4,2.9,5.2,.562,0.7,1.7,.429,2.2,3.5,.626,.632,1.6,1.9,.842,1.3,6.9,3.8,20.5,5.1,5.1,13.7,4.4,29.6,0.7,1.8,0.2,1.1,2.6,8.1,1.6,21.3,17.3
3072,2024,Kelly Olynyk,TOR,C,28,19,26.4,4.7,8.5,.548,0.9,2.5,.338,3.8,6.0,.637,.598,2.5,3.0,.824,1.6,6.6,4.0,17.0,5.6,5.6,11.7,4.6,24.8,1.3,2.4,0.6,2.1,3.5,12.7,2.5,20.4,17.4
3073,2024,Tari Eason,HOU,PF,22,0,21.8,4.0,8.6,.466,0.8,2.3,.360,3.2,6.3,.504,.513,1.0,1.5,.636,2.1,10.2,4.9,24.2,7.0,7.0,17.1,1.2,8.3,1.4,3.1,0.9,3.6,2.3,9.8,0.9,8.9,17.1
3074,2024,Nick Richards,CHO,C,67,51,26.3,3.9,5.6,.691,0.0,0.0,.000,3.9,5.6,.693,.691,2.0,2.7,.737,2.6,10.7,5.5,24.2,8.0,8.0,17.2,0.8,4.5,0.4,0.7,1.1,3.9,2.6,9.7,1.1,13.8,16.7
3075,2024,Lonnie Walker IV,BRK,SG,58,0,17.4,3.6,8.5,.423,1.8,4.7,.384,1.8,3.8,.471,.528,0.8,1.0,.763,0.2,1.4,2.0,12.7,2.2,2.2,6.9,1.3,11.5,0.6,1.6,0.3,1.8,1.2,9.7,0.9,9.0,13.1
3076,2024,Payton Pritchard,BOS,PG,82,5,22.3,3.6,7.7,.468,1.8,4.7,.385,1.8,3.1,.593,.583,0.6,0.7,.821,0.9,4.3,2.4,11.1,3.2,3.2,7.8,3.4,20.7,0.5,1.1,0.1,0.3,1.3,9.6,0.7,8.5,15.3
3077,2024,Amen Thompson,HOU,SF,62,23,22.4,3.9,7.2,.536,0.1,0.9,.138,3.7,6.3,.595,.545,1.7,2.5,.684,2.4,11.3,4.2,20.4,6.6,6.6,15.8,2.6,17.0,1.3,2.7,0.6,2.5,2.3,9.5,1.5,14.9,18.2
3078,2024,Josh Hart,NYK,SF,81,42,33.4,3.6,8.4,.434,1.0,3.2,.310,2.7,5.2,.511,.493,1.1,1.4,.791,1.6,5.3,6.8,22.8,8.3,8.3,14.0,4.1,16.3,0.9,1.4,0.3,0.8,2.1,9.4,1.5,13.9,11.8
3079,2024,Georges Niang,CLE,PF,82,10,22.3,3.5,7.7,.449,1.8,4.8,.376,1.6,2.9,.572,.567,0.6,0.7,.850,0.3,1.4,3.1,15.5,3.4,3.4,8.5,1.2,7.5,0.4,0.8,0.2,0.9,2.3,9.4,0.9,9.9,9.9
3080,2024,Isaac Okoro,CLE,SF,69,42,27.3,3.4,7.0,.490,1.2,3.1,.391,2.2,3.8,.570,.577,1.3,2.0,.679,1.0,4.0,2.0,8.2,3.0,3.0,6.1,1.9,9.5,0.8,1.5,0.5,1.6,2.0,9.4,0.8,9.1,11.4
3081,2024,Tre Mann,2TM,PG,41,28,24.1,3.5,7.7,.459,1.1,3.1,.373,2.4,4.6,.516,.533,1.1,1.4,.763,0.5,2.2,3.1,15.0,3.6,3.6,8.5,4.0,24.1,1.2,2.5,0.1,0.3,1.2,9.3,1.6,16.0,13.7
3082,2024,Tre Mann,OKC,PG,13,0,9.2,1.5,3.1,.500,0.6,1.5,.421,0.9,1.6,.571,.600,0.1,0.1,1.000,0.3,3.9,1.5,18.0,1.8,1.8,11.2,1.5,22.3,0.2,1.2,0.0,0.0,0.2,3.8,0.7,18.2,14.2
3083,2024,Tre Mann,CHO,PG,28,28,31.0,4.5,9.9,.453,1.4,3.8,.364,3.1,6.0,.509,.524,1.6,2.1,.759,0.6,2.0,3.9,14.6,4.5,4.5,8.1,5.2,24.3,1.7,2.7,0.1,0.3,1.6,11.9,2.0,15.7,13.7
3084,2024,Malaki Branham,SAS,PG,75,29,21.3,3.6,8.4,.432,1.2,3.6,.347,2.4,4.8,.494,.506,0.7,0.8,.873,0.4,1.9,1.6,8.2,2.0,2.0,5.0,2.1,14.0,0.4,0.8,0.1,0.4,1.3,9.2,1.2,12.2,8.7
3085,2024,Andrew Nembhard,IND,PG,68,47,25.0,3.8,7.7,.498,0.9,2.5,.357,2.9,5.2,.567,.557,0.7,0.8,.804,0.5,2.4,1.5,7.0,2.1,2.1,4.7,4.1,20.0,0.9,1.8,0.1,0.3,2.1,9.2,1.5,15.6,11.3
3086,2024,Chris Paul,GSW,PG,58,18,26.4,3.6,8.1,.441,1.3,3.6,.371,2.2,4.4,.498,.525,0.7,0.9,.827,0.3,1.3,3.6,14.4,3.9,3.9,7.9,6.8,33.4,1.2,2.2,0.1,0.4,1.9,9.2,1.3,13.4,14.7
3087,2024,Brandin Podziemski,GSW,SG,74,28,26.6,3.7,8.1,.454,1.2,3.2,.385,2.4,4.9,.499,.529,0.7,1.1,.633,1.6,6.6,4.2,16.7,5.8,5.8,11.7,3.7,18.1,0.8,1.5,0.2,0.6,1.6,9.2,1.2,12.2,13.0
3088,2024,Duop Reath,POR,C,68,20,17.9,3.4,7.3,.461,1.3,3.6,.359,2.1,3.7,.559,.549,1.0,1.4,.742,1.4,8.1,2.3,15.4,3.7,3.7,11.5,1.0,8.9,0.5,1.3,0.6,2.8,2.4,9.1,0.8,8.8,15.1
3089,2024,Sam Hauser,BOS,SF,79,13,22.0,3.2,7.1,.446,2.5,5.9,.424,0.7,1.2,.559,.623,0.2,0.2,.895,0.6,2.9,2.9,13.7,3.5,3.5,8.6,1.0,6.2,0.5,1.1,0.3,1.3,1.3,9.0,0.4,5.3,13.0
3090,2024,Taurean Prince,LAL,PF,78,49,27.0,3.2,7.3,.442,1.8,4.6,.396,1.4,2.8,.519,.566,0.6,0.9,.735,0.3,1.2,2.7,10.5,2.9,2.9,6.1,1.5,7.2,0.7,1.3,0.4,1.4,1.9,8.9,0.9,10.8,8.8
3091,2024,Jabari Walker,POR,PF,72,23,23.6,3.3,7.1,.460,0.6,1.9,.295,2.7,5.1,.522,.500,1.8,2.4,.754,2.1,9.4,5.0,25.0,7.1,7.1,16.7,1.0,6.2,0.6,1.2,0.3,1.2,2.4,8.9,0.9,10.2,13.0
3092,2024,Dereck Lively II,DAL,C,55,42,23.5,4.0,5.4,.747,0.0,0.0,.000,4.0,5.3,.752,.747,0.7,1.5,.506,2.5,11.4,4.4,20.4,6.9,6.9,16.0,1.1,6.4,0.7,1.3,1.4,5.2,2.6,8.8,0.9,13.1,18.1
3093,2024,Kevin Love,MIA,PF,55,5,16.8,2.9,6.5,.440,1.5,4.4,.344,1.3,2.1,.643,.557,1.5,2.0,.787,1.1,7.2,5.1,34.5,6.1,6.1,20.7,2.1,19.0,0.3,1.0,0.2,1.1,1.8,8.8,0.9,10.6,18.5
3094,2024,Terance Mann,LAC,SG,75,71,25.0,3.4,6.6,.515,0.9,2.7,.348,2.4,3.9,.633,.587,1.1,1.3,.832,1.2,5.4,2.2,9.7,3.4,3.4,7.7,1.6,8.5,0.6,1.1,0.2,0.7,1.9,8.8,0.6,8.2,12.0
3095,2024,Ausar Thompson,DET,SF,63,38,25.1,3.7,7.6,.483,0.3,1.8,.186,3.3,5.8,.575,.505,1.1,1.9,.597,2.0,8.9,4.3,19.6,6.4,6.4,14.2,1.9,10.8,1.1,2.1,0.9,3.2,2.8,8.8,1.3,13.6,12.8
3096,2024,Draymond Green,GSW,PF,55,52,27.1,3.4,6.8,.497,0.9,2.3,.395,2.4,4.4,.551,.566,1.0,1.3,.730,1.4,5.6,5.9,23.0,7.2,7.2,14.4,6.0,28.6,1.0,1.8,0.9,2.9,3.0,8.6,2.5,25.0,14.5
3097,2024,Al Horford,BOS,C,65,33,26.8,3.3,6.4,.511,1.7,4.0,.419,1.6,2.5,.658,.640,0.4,0.5,.867,1.3,5.3,5.1,19.7,6.4,6.4,12.8,2.6,12.3,0.6,1.1,1.0,3.1,1.4,8.6,0.7,10.0,15.0
3098,2024,Derrick Jones Jr.,DAL,SF,76,66,23.5,3.1,6.5,.483,1.1,3.1,.343,2.1,3.4,.613,.566,1.3,1.8,.713,1.1,5.0,2.2,10.3,3.3,3.3,7.7,1.0,5.5,0.7,1.4,0.7,2.5,1.6,8.6,0.9,10.5,11.7
3099,2024,Gradey Dick,TOR,SG,60,17,21.1,3.2,7.4,.425,1.5,4.0,.365,1.7,3.4,.495,.524,0.7,0.9,.863,0.5,2.3,1.8,9.3,2.2,2.2,5.7,1.1,7.4,0.6,1.3,0.0,0.1,1.5,8.5,0.8,9.7,8.9
3100,2024,Dorian Finney-Smith,BRK,PF,68,56,28.4,3.2,7.5,.421,1.7,4.9,.348,1.4,2.6,.560,.535,0.5,0.7,.717,1.6,6.0,3.1,12.1,4.7,4.7,9.0,1.6,7.6,0.8,1.4,0.6,1.8,2.2,8.5,0.9,10.0,10.1
3101,2024,Tristan Vukcevic,WAS,C,10,4,15.3,2.9,6.7,.433,1.0,3.6,.278,1.9,3.1,.613,.507,1.7,2.2,.773,0.6,4.1,3.0,21.5,3.6,3.6,12.6,1.3,12.1,0.5,1.5,0.7,3.7,2.8,8.5,1.0,11.5,13.9
3102,2024,Bilal Coulibaly,WAS,SF,63,15,27.2,3.0,6.9,.435,1.0,2.9,.346,2.0,3.9,.502,.509,1.5,2.1,.702,0.9,3.4,3.2,12.8,4.1,4.1,8.0,1.7,8.2,0.9,1.6,0.8,2.3,2.2,8.4,1.4,15.1,8.9
3103,2024,Andre Drummond,CHI,C,79,10,17.1,3.4,6.1,.556,0.0,0.0,.000,3.4,6.0,.560,.556,1.6,2.8,.592,3.4,21.5,5.6,37.4,9.0,9.0,29.3,0.5,4.1,0.9,2.7,0.6,3.6,1.8,8.4,1.0,12.3,23.0
3104,2024,Miles McBride,NYK,PG,68,14,19.5,3.0,6.7,.452,1.6,3.9,.410,1.4,2.8,.511,.572,0.6,0.7,.860,0.5,2.6,1.0,5.9,1.5,1.5,4.2,1.7,12.2,0.7,1.9,0.1,0.5,1.6,8.3,0.4,5.9,13.1
3105,2024,Marcus Sasser,DET,PG,71,11,19.0,3.1,7.2,.428,1.3,3.4,.375,1.8,3.8,.474,.516,0.8,0.9,.879,0.2,0.9,1.6,9.6,1.8,1.8,5.2,3.3,25.4,0.6,1.6,0.2,0.8,1.5,8.3,1.3,14.3,11.8
3106,2024,Josh Green,DAL,SG,57,33,26.4,3.1,6.6,.479,1.3,3.3,.385,1.9,3.3,.572,.575,0.7,1.0,.684,0.7,2.9,2.5,10.4,3.2,3.2,6.7,2.3,11.1,0.8,1.5,0.2,0.5,1.9,8.2,1.1,13.1,9.9
3107,2024,Isaiah Joe,OKC,SG,78,1,18.5,2.8,6.2,.458,1.9,4.5,.416,1.0,1.7,.568,.609,0.6,0.7,.865,0.4,2.6,1.9,11.0,2.3,2.3,6.9,1.3,8.9,0.6,1.5,0.3,1.4,1.1,8.2,0.6,8.5,13.4
3108,2024,Ziaire Williams,MEM,SF,51,15,20.4,2.9,7.4,.397,1.1,3.7,.307,1.8,3.7,.487,.474,1.2,1.5,.827,0.7,3.5,2.8,15.9,3.5,3.5,9.5,1.5,11.1,0.7,1.7,0.2,0.8,1.7,8.2,1.3,13.8,9.3
3109,2024,Kyle Lowry,2TM,PG,60,55,28.2,2.7,6.3,.432,1.6,4.2,.392,1.1,2.1,.512,.562,1.1,1.3,.840,0.6,2.2,2.7,10.8,3.2,3.2,6.4,4.2,20.1,1.0,1.7,0.4,1.2,2.4,8.1,1.4,17.2,10.9
3110,2024,Kyle Lowry,MIA,PG,37,35,28.0,2.8,6.5,.426,1.7,4.4,.385,1.1,2.2,.506,.554,0.9,1.1,.833,0.7,2.7,2.8,11.5,3.5,3.5,7.0,4.0,19.5,1.1,1.9,0.4,1.4,2.5,8.2,1.4,16.9,10.9
3111,2024,Kyle Lowry,PHI,PG,23,20,28.4,2.6,5.9,.444,1.6,3.9,.404,1.0,2.0,.522,.578,1.2,1.4,.848,0.4,1.5,2.4,9.6,2.8,2.8,5.5,4.6,21.1,0.9,1.5,0.3,0.8,2.3,8.0,1.4,17.6,11.0
3112,2024,Walker Kessler,UTA,C,64,22,23.3,3.6,5.5,.654,0.1,0.3,.211,3.5,5.2,.680,.660,0.9,1.5,.602,2.6,12.3,4.9,23.1,7.5,7.5,17.7,0.9,5.6,0.5,1.0,2.4,9.2,2.1,8.1,1.0,14.4,18.0
3113,2024,Moses Moody,GSW,SG,66,9,17.5,2.9,6.4,.462,1.1,3.0,.360,1.8,3.3,.555,.548,1.1,1.4,.785,1.0,6.2,2.0,12.1,3.0,3.0,9.2,0.9,6.7,0.6,1.8,0.4,1.9,1.4,8.1,0.7,8.7,13.7
3114,2024,Nickeil Alexander-Walker,MIN,SG,82,20,23.4,2.9,6.6,.439,1.6,4.1,.391,1.3,2.5,.517,.560,0.6,0.8,.800,0.4,2.2,1.6,7.5,2.0,2.0,4.9,2.5,14.5,0.8,1.6,0.5,1.9,1.7,8.0,0.9,11.8,10.9
3115,2024,Sam Merrill,CLE,SG,61,1,17.5,2.6,6.4,.402,2.3,5.8,.404,0.2,0.6,.385,.584,0.4,0.5,.929,0.4,2.3,1.6,10.2,2.0,2.0,6.3,1.8,14.1,0.3,0.9,0.1,0.3,1.2,8.0,0.3,4.5,13.1
3116,2024,Derrick Rose,MEM,PG,24,7,16.6,3.2,6.9,.461,0.6,1.7,.366,2.5,5.2,.492,.506,1.0,1.1,.889,0.3,1.8,1.6,10.9,1.9,1.9,6.2,3.3,32.3,0.3,1.0,0.1,0.5,0.9,8.0,1.3,14.9,13.1
3117,2024,Dario Šarić,GSW,C,64,9,17.2,2.8,6.1,.466,1.2,3.1,.376,1.7,3.0,.560,.562,1.2,1.5,.849,1.1,7.3,3.3,20.4,4.4,4.4,13.9,2.3,17.8,0.5,1.4,0.2,0.8,1.8,8.0,1.2,15.4,15.3
3118,2024,Trayce Jackson-Davis,GSW,PF,68,16,16.6,3.4,4.9,.702,0.0,0.0,.000,3.4,4.9,.704,.702,1.1,1.9,.561,2.0,13.1,3.0,19.4,5.0,5.0,16.3,1.2,10.4,0.4,1.2,1.1,6.1,1.6,7.9,0.7,11.2,21.6
3119,2024,Danté Exum,DAL,PG,55,17,19.8,2.9,5.5,.533,1.0,2.0,.491,2.0,3.5,.557,.621,1.0,1.2,.779,0.5,2.5,2.3,12.4,2.7,2.7,7.5,2.9,19.3,0.4,1.0,0.1,0.4,1.5,7.8,0.9,12.9,13.7
3120,2024,Markelle Fultz,ORL,PG,43,18,21.2,3.6,7.6,.472,0.1,0.4,.222,3.5,7.2,.487,.479,0.5,0.8,.697,1.3,7.2,1.9,10.7,3.2,3.2,8.9,2.8,19.7,1.0,2.3,0.3,1.5,1.5,7.8,1.2,12.8,12.6
3121,2024,Isaiah Hartenstein,NYK,C,75,49,25.3,3.1,4.9,.644,0.0,0.0,.333,3.1,4.8,.646,.645,1.5,2.1,.707,3.3,14.4,5.1,22.7,8.3,8.3,18.5,2.5,13.5,1.2,2.3,1.1,4.2,2.8,7.8,1.2,17.6,18.9
3122,2024,Jordan Hawkins,NOP,SG,67,10,17.3,2.6,6.8,.382,1.6,4.4,.366,1.0,2.4,.411,.501,1.0,1.2,.838,0.4,2.8,1.8,11.3,2.2,2.2,7.1,1.0,8.2,0.3,0.8,0.1,0.6,1.1,7.8,0.6,7.5,10.2
3123,2024,Royce O'Neale,2TM,SF,79,14,24.7,2.7,6.8,.397,2.0,5.3,.370,0.7,1.5,.496,.542,0.3,0.4,.686,0.8,3.4,4.0,17.9,4.8,4.8,10.7,2.8,15.0,0.7,1.5,0.6,2.0,2.2,7.7,0.9,11.6,11.1
3124,2024,Royce O'Neale,BRK,SF,49,6,24.5,2.6,6.6,.388,2.0,5.4,.366,0.6,1.2,.483,.537,0.3,0.4,.682,0.8,3.4,3.7,17.1,4.5,4.5,10.1,2.8,15.5,0.7,1.3,0.6,2.2,2.4,7.4,1.0,13.2,10.4
3125,2024,Royce O'Neale,PHO,SF,30,8,25.1,2.9,7.1,.411,2.0,5.2,.376,1.0,1.9,.509,.549,0.3,0.4,.692,0.7,3.5,4.5,19.2,5.2,5.2,11.7,2.7,14.3,0.9,1.8,0.5,1.8,1.8,8.1,0.7,9.1,12.3
3126,2024,RaiQuan Gray,SAS,PF,3,0,13.0,3.3,5.7,.588,1.0,2.3,.429,2.3,3.3,.700,.676,0.0,0.0,,0.7,5.5,1.7,14.0,2.3,2.3,9.7,2.0,25.2,0.3,1.2,0.3,2.1,0.0,7.7,0.3,5.6,22.7
3127,2024,Nikola Jović,MIA,PF,46,38,19.5,2.8,6.1,.452,1.4,3.5,.399,1.3,2.6,.525,.568,0.7,1.0,.702,0.5,3.1,3.6,21.3,4.2,4.2,12.1,2.0,14.7,0.5,1.4,0.3,1.5,1.8,7.7,0.9,12.2,12.8
3128,2024,Precious Achiuwa,2TM,C,74,18,21.9,3.2,6.3,.501,0.4,1.3,.268,2.8,5.0,.562,.529,0.9,1.5,.616,2.6,13.0,4.0,20.5,6.6,6.6,16.7,1.3,8.4,0.6,1.4,0.9,3.9,1.9,7.6,1.1,13.8,14.6
3129,2024,Precious Achiuwa,TOR,C,25,0,17.5,3.1,6.8,.459,0.5,1.9,.277,2.6,4.9,.528,.497,1.0,1.7,.571,2.0,12.3,3.4,22.1,5.4,5.4,17.1,1.8,14.5,0.6,1.8,0.5,2.4,1.6,7.7,1.2,13.3,15.0
3130,2024,Precious Achiuwa,NYK,PF,49,18,24.2,3.2,6.1,.525,0.3,1.0,.260,2.9,5.1,.578,.547,0.9,1.4,.643,2.9,13.3,4.3,19.9,7.2,7.2,16.6,1.1,6.2,0.6,1.3,1.1,4.4,2.1,7.6,1.1,14.1,14.5
3131,2024,Toumani Camara,POR,PF,70,49,24.8,2.8,6.3,.450,0.8,2.5,.337,2.0,3.8,.523,.516,1.1,1.4,.758,2.0,8.4,2.9,14.0,4.9,4.9,11.0,1.2,7.2,0.9,1.9,0.5,1.7,2.5,7.5,1.2,14.9,10.6
3132,2024,Cody Martin,CHO,SF,28,22,26.9,2.9,7.7,.381,1.0,3.1,.314,2.0,4.6,.426,.444,0.7,1.2,.606,0.7,2.8,3.2,13.9,3.9,3.9,8.1,3.7,19.1,1.1,2.1,0.6,2.2,1.7,7.5,1.6,16.1,9.2
3133,2024,Brice Sensabaugh,UTA,SF,32,11,18.3,2.7,6.8,.390,1.1,3.6,.296,1.6,3.2,.495,.468,1.2,1.3,.902,0.5,3.0,2.7,16.1,3.2,3.2,9.6,1.7,13.0,0.4,1.1,0.2,0.9,1.3,7.5,1.5,16.6,8.6
3134,2024,Cameron Payne,2TM,PG,78,10,16.7,2.7,6.2,.432,1.3,3.4,.390,1.3,2.7,.486,.541,0.7,0.9,.866,0.3,1.8,1.2,8.1,1.5,1.5,4.9,2.6,21.9,0.5,1.6,0.1,0.8,1.6,7.4,0.8,11.4,12.8
3135,2024,Cameron Payne,MIL,PG,47,2,14.9,2.1,4.7,.455,1.1,2.8,.397,1.0,1.9,.538,.572,0.8,0.9,.841,0.1,0.8,1.2,8.7,1.3,1.3,4.8,2.3,20.7,0.5,1.5,0.1,0.4,1.6,6.2,0.7,11.4,12.6
3136,2024,Cameron Payne,PHI,PG,31,8,19.4,3.5,8.4,.413,1.7,4.4,.382,1.8,4.0,.447,.514,0.7,0.7,.913,0.5,2.9,1.3,7.3,1.8,1.8,5.0,3.1,23.4,0.6,1.6,0.3,1.2,1.7,9.3,1.1,11.5,13.0
3137,2024,Christian Braun,DEN,SG,82,4,20.2,2.7,5.9,.460,0.8,2.0,.384,1.9,3.9,.498,.525,1.1,1.6,.694,1.0,5.4,2.8,14.8,3.7,3.7,10.2,1.6,10.2,0.5,1.3,0.4,1.8,1.7,7.3,0.7,9.2,12.1
3138,2024,Jaden Hardy,DAL,SG,73,7,13.5,2.7,6.6,.407,1.1,3.1,.362,1.6,3.5,.447,.492,0.8,1.0,.776,0.3,2.2,1.5,12.2,1.8,1.8,7.2,1.5,15.7,0.3,1.1,0.1,0.4,1.1,7.3,0.8,10.8,11.2
3139,2024,Taylor Hendricks,UTA,PF,40,23,21.4,2.7,6.0,.450,1.3,3.5,.379,1.4,2.5,.550,.560,0.6,0.7,.793,1.2,6.0,3.5,17.7,4.6,4.6,11.9,0.8,5.0,0.7,1.6,0.8,3.1,1.9,7.3,0.7,9.7,11.8
3140,2024,Paul Reed,PHI,C,82,24,19.4,3.2,5.9,.540,0.3,0.7,.368,2.9,5.2,.563,.561,0.7,1.0,.718,2.4,13.2,3.6,20.9,6.0,6.0,16.9,1.3,9.8,0.8,2.1,1.0,4.8,2.4,7.3,0.8,11.5,17.4
3141,2024,Lamar Stevens,2TM,PF,38,3,14.7,2.8,6.3,.450,0.4,1.2,.304,2.5,5.1,.485,.479,1.1,1.4,.778,0.9,6.9,2.4,18.2,3.3,3.3,12.4,0.7,7.9,0.6,2.0,0.6,3.6,1.2,7.2,0.6,8.3,14.6
3142,2024,Lamar Stevens,BOS,PF,19,1,6.4,1.1,2.4,.467,0.2,0.4,.375,0.9,1.9,.486,.500,0.4,0.6,.727,0.6,11.1,1.0,16.1,1.6,1.6,13.7,0.4,8.9,0.3,2.4,0.3,3.6,0.7,2.8,0.5,15.3,14.5
3143,2024,Lamar Stevens,MEM,PF,19,2,23.0,4.6,10.3,.446,0.6,2.0,.289,4.0,8.3,.484,.474,1.8,2.3,.791,1.3,5.8,3.8,18.8,5.1,5.1,12.0,1.1,7.7,0.9,1.9,0.9,3.6,1.6,11.5,0.8,6.6,14.7
3144,2024,Johnny Juzang,UTA,SG,20,5,18.6,2.6,5.5,.464,1.6,3.9,.416,1.0,1.7,.576,.609,0.5,0.7,.714,0.4,2.1,1.5,8.5,1.8,1.8,5.3,1.2,8.4,0.2,0.5,0.1,0.5,1.5,7.2,0.7,10.1,9.6
3145,2024,Kevin Knox,DET,SF,31,11,18.1,2.8,6.0,.462,1.0,3.0,.330,1.8,3.0,.598,.546,0.6,0.7,.909,0.6,3.5,1.8,11.5,2.4,2.4,7.5,0.7,5.9,0.4,1.1,0.2,1.1,1.6,7.2,0.7,10.1,9.9
3146,2024,Trey Lyles,SAC,PF,58,0,20.0,2.5,5.5,.445,1.4,3.8,.384,1.0,1.8,.578,.576,0.8,1.2,.700,1.1,5.8,3.4,19.4,4.4,4.4,12.4,1.2,8.1,0.3,0.7,0.3,1.5,1.5,7.2,0.7,9.7,11.9
3147,2024,Jose Alvarado,NOP,PG,56,0,18.4,2.5,6.2,.412,1.4,3.7,.377,1.1,2.5,.464,.525,0.6,0.9,.673,0.4,2.7,1.8,11.0,2.3,2.3,6.9,2.1,15.3,1.1,2.8,0.3,1.4,1.6,7.1,0.7,9.8,12.5
3148,2024,Naji Marshall,NOP,SF,66,1,19.0,2.6,5.6,.463,0.9,2.3,.387,1.7,3.3,.516,.542,1.0,1.3,.791,0.8,4.8,2.8,16.4,3.6,3.6,10.6,1.9,13.6,0.7,1.9,0.2,0.9,1.4,7.1,1.0,13.8,12.7
3149,2024,Landry Shamet,WAS,SG,46,5,15.8,2.6,6.0,.431,1.2,3.4,.338,1.4,2.5,.556,.527,0.8,1.0,.826,0.3,2.3,1.0,6.9,1.3,1.3,4.6,1.2,10.2,0.5,1.6,0.2,1.1,1.7,7.1,0.7,9.3,10.5
3150,2024,James Wiseman,DET,C,63,6,17.3,3.0,4.8,.613,0.0,0.0,.000,3.0,4.8,.617,.613,1.1,1.6,.706,1.7,11.0,3.6,23.5,5.3,5.3,17.2,0.9,7.3,0.2,0.5,0.6,3.1,2.2,7.1,1.0,15.9,14.8
3151,2024,Vasilije Micić,2TM,PG,60,21,19.6,2.7,6.2,.430,0.7,2.6,.279,1.9,3.6,.537,.488,1.0,1.3,.813,0.2,1.3,1.2,7.1,1.5,1.5,4.2,4.4,31.1,0.5,1.3,0.1,0.6,1.1,7.0,1.7,19.7,10.7
3152,2024,Vasilije Micić,OKC,PG,30,0,12.0,1.2,3.0,.407,0.4,1.5,.244,0.9,1.5,.565,.467,0.5,0.6,.737,0.0,0.3,0.8,6.8,0.8,0.8,3.7,2.5,25.7,0.3,1.2,0.1,0.8,0.7,3.3,1.0,22.6,8.0
3153,2024,Vasilije Micić,CHO,PG,30,21,27.2,4.1,9.3,.437,1.1,3.6,.294,3.0,5.7,.529,.495,1.6,1.9,.839,0.4,1.7,1.7,7.3,2.1,2.1,4.4,6.2,33.5,0.7,1.3,0.1,0.5,1.5,10.8,2.3,18.7,11.9
3154,2024,Jordan Nwora,2TM,SF,52,1,13.7,2.7,5.8,.462,0.8,2.5,.336,1.8,3.2,.560,.535,0.8,1.0,.830,0.5,4.3,2.3,19.1,2.9,2.9,11.6,1.2,12.3,0.5,1.8,0.3,1.6,0.9,7.0,1.0,14.1,13.7
3155,2024,Jordan Nwora,IND,SF,18,0,10.2,2.1,4.6,.451,0.6,2.0,.306,1.4,2.6,.565,.518,0.5,0.6,.818,0.4,4.9,1.4,15.5,1.8,1.8,10.2,1.0,12.7,0.3,1.5,0.1,0.4,1.1,5.2,0.7,12.1,12.2
3156,2024,Jordan Nwora,TOR,SF,34,1,15.6,3.0,6.4,.465,1.0,2.8,.347,2.0,3.6,.557,.541,1.0,1.2,.833,0.6,4.1,2.8,20.4,3.4,3.4,12.1,1.3,12.2,0.6,1.8,0.4,2.0,0.9,7.9,1.2,14.8,14.2
3157,2024,Quentin Grimes,2TM,SG,51,18,20.1,2.4,6.4,.372,1.6,4.7,.338,0.8,1.7,.466,.495,0.7,0.9,.756,0.3,1.6,1.7,9.3,2.0,2.0,5.5,1.3,8.7,0.7,1.7,0.1,0.6,1.5,7.0,0.5,7.5,8.9
3158,2024,Quentin Grimes,NYK,SG,45,18,20.2,2.5,6.4,.395,1.7,4.7,.363,0.8,1.6,.486,.530,0.5,0.8,.706,0.3,1.7,1.6,9.2,2.0,2.0,5.4,1.2,7.8,0.7,1.7,0.1,0.3,1.5,7.3,0.5,6.5,9.5
3159,2024,Quentin Grimes,DET,SG,6,0,19.2,1.5,7.0,.214,0.7,4.7,.143,0.8,2.3,.357,.262,1.7,1.8,.909,0.2,1.0,1.8,10.9,2.0,2.0,5.8,2.3,15.8,0.8,2.1,0.7,3.0,1.5,5.3,1.2,13.0,3.9
3160,2024,Javon Freeman-Liberty,TOR,PG,22,6,18.3,2.5,5.6,.444,0.5,1.9,.238,2.0,3.7,.549,.484,1.5,1.6,.917,0.7,4.3,2.5,15.1,3.2,3.2,9.6,1.8,13.4,0.5,1.2,0.2,0.9,1.3,7.0,1.1,15.2,10.7
3161,2024,Evan Fournier,2TM,SG,32,0,18.1,2.5,6.9,.357,1.0,4.1,.254,1.4,2.8,.505,.432,0.9,1.1,.806,0.2,0.9,1.7,10.4,1.8,1.8,5.6,1.5,11.6,0.9,2.4,0.2,1.0,1.5,6.9,0.7,8.1,8.5
3162,2024,Evan Fournier,NYK,SG,3,0,13.0,1.3,6.7,.200,0.7,5.0,.133,0.7,1.7,.400,.250,0.7,0.7,1.000,0.0,0.0,1.3,11.6,1.3,1.3,5.8,1.0,10.2,1.3,5.2,0.0,0.0,1.3,4.0,0.3,4.6,2.2
3163,2024,Evan Fournier,DET,SG,29,0,18.7,2.6,6.9,.373,1.1,4.0,.270,1.5,3.0,.512,.450,0.9,1.2,.794,0.2,1.0,1.7,10.3,1.9,1.9,5.6,1.6,11.7,0.9,2.2,0.2,1.1,1.5,7.2,0.7,8.5,8.9
3164,2024,Gary Harris,ORL,SG,54,27,24.0,2.4,5.5,.441,1.4,3.8,.371,1.0,1.7,.598,.569,0.6,0.8,.756,0.4,2.2,1.2,6.1,1.7,1.7,4.1,1.6,9.1,0.9,1.9,0.3,1.0,1.7,6.9,0.6,8.9,9.4
3165,2024,Killian Hayes,DET,PG,42,31,24.0,2.8,6.7,.413,0.5,1.8,.297,2.3,5.0,.455,.452,0.8,1.2,.660,0.3,1.2,2.6,12.2,2.8,2.8,6.6,4.9,27.8,0.9,1.7,0.5,1.7,1.8,6.9,1.2,14.3,10.5
3166,2024,Bones Hyland,LAC,PG,37,5,14.6,2.6,6.8,.386,1.2,3.6,.326,1.4,3.1,.457,.474,0.5,0.6,.783,0.1,1.1,1.4,10.1,1.5,1.5,5.7,2.5,24.5,0.7,2.4,0.1,0.7,1.4,6.9,1.2,14.4,10.8
3167,2024,Mãozinha Pereira,MEM,SF,7,1,17.4,2.6,5.0,.514,0.7,1.9,.385,1.9,3.1,.591,.586,1.0,1.4,.700,1.6,9.5,3.7,24.3,5.3,5.3,16.6,0.3,2.5,0.9,2.4,0.6,3.1,1.4,6.9,0.7,11.3,15.7
3168,2024,Trendon Watford,BRK,PF,63,2,13.6,2.6,4.9,.527,0.4,1.1,.397,2.2,3.9,.564,.571,1.2,1.5,.794,0.8,6.5,2.3,18.7,3.1,3.1,12.4,1.3,14.6,0.4,1.3,0.3,2.0,1.7,6.9,1.0,15.1,15.7
3169,2024,Aaron Wiggins,OKC,SG,78,4,15.7,2.7,4.8,.562,0.8,1.6,.492,1.9,3.2,.598,.645,0.7,0.9,.789,0.8,5.7,1.6,11.0,2.4,2.4,8.4,1.1,9.3,0.7,2.2,0.2,1.4,1.2,6.9,0.7,12.1,15.6
3170,2024,Christian Wood,LAL,PF,50,1,17.4,2.5,5.3,.466,0.7,2.3,.307,1.8,3.0,.587,.532,1.3,1.9,.702,0.8,5.2,4.3,26.1,5.1,5.1,16.2,1.0,7.4,0.3,0.9,0.7,3.3,1.4,6.9,1.0,14.1,12.3
3171,2024,Trey Jemison,2TM,C,25,14,22.9,3.0,5.4,.551,0.0,0.0,,3.0,5.4,.551,.551,0.8,1.0,.840,2.6,11.7,2.8,13.9,5.4,5.4,12.8,1.1,7.1,0.5,1.0,1.1,4.6,2.8,6.8,1.4,18.8,11.8
3172,2024,Trey Jemison,WAS,C,2,0,0.5,0.0,0.0,,0.0,0.0,,0.0,0.0,,,0.0,0.0,,0.0,0.0,0.5,100.0,0.5,0.5,53.5,0.0,0.0,0.0,0.0,0.0,0.0,0.0,0.0,0.5,100.0,-36.1
3173,2024,Trey Jemison,MEM,C,23,14,24.9,3.3,5.9,.551,0.0,0.0,,3.3,5.9,.551,.551,0.9,1.1,.840,2.8,11.8,3.0,13.7,5.8,5.8,12.7,1.2,7.1,0.5,1.0,1.2,4.6,3.0,7.4,1.4,18.3,11.9
3174,2024,Julian Champagnie,SAS,SF,74,59,19.8,2.2,5.4,.408,1.4,3.7,.365,0.9,1.7,.504,.534,1.0,1.2,.815,0.6,3.1,2.2,12.2,2.8,2.8,7.6,1.4,9.3,0.6,1.6,0.6,2.4,1.0,6.8,0.8,11.4,10.6
3175,2024,Jonathan Isaac,ORL,PF,58,2,15.8,2.5,4.9,.510,0.7,1.9,.375,1.8,3.0,.598,.584,1.0,1.4,.720,1.3,9.3,3.2,24.2,4.5,4.5,16.7,0.5,4.8,0.7,2.3,1.2,7.1,1.1,6.8,0.5,7.7,19.2
3176,2024,Cedi Osman,SAS,SF,72,3,17.6,2.6,5.3,.479,1.2,3.1,.389,1.4,2.3,.601,.591,0.5,0.7,.673,0.3,2.1,2.2,13.3,2.5,2.5,7.7,1.7,13.0,0.5,1.3,0.2,0.7,1.5,6.8,0.7,10.4,11.2
3177,2024,Day'Ron Sharpe,BRK,C,61,1,15.1,2.8,4.8,.571,0.1,0.2,.267,2.7,4.6,.588,.578,1.2,2.0,.610,2.6,18.6,3.7,27.9,6.4,6.4,23.1,1.4,14.0,0.4,1.3,0.7,4.3,2.1,6.8,1.1,16.7,20.0
3178,2024,Cason Wallace,OKC,SG,82,13,20.6,2.6,5.4,.491,1.2,2.9,.419,1.5,2.5,.572,.602,0.4,0.5,.784,0.6,3.6,1.6,8.6,2.3,2.3,6.2,1.5,8.9,0.9,2.2,0.5,2.0,1.6,6.8,0.5,8.9,12.0
3179,2024,Robert Williams,POR,C,6,0,19.8,2.8,4.3,.654,0.0,0.0,,2.8,4.3,.654,.654,1.2,1.5,.778,1.8,9.8,4.5,27.0,6.3,6.3,17.9,0.8,6.3,1.2,2.9,1.2,5.3,2.8,6.8,1.2,18.9,17.2
3180,2024,Dāvis Bertāns,2TM,PF,43,1,15.7,2.1,5.4,.393,1.8,4.7,.380,0.4,0.8,.471,.556,0.7,0.8,.909,0.2,1.5,1.2,8.8,1.4,1.4,5.1,0.8,7.2,0.6,1.9,0.3,1.7,1.3,6.7,0.4,6.8,11.6
3181,2024,Dāvis Bertāns,OKC,PF,15,0,6.1,0.7,1.7,.385,0.7,1.6,.417,0.0,0.1,.000,.577,0.9,1.0,.933,0.1,2.5,0.5,9.4,0.7,0.7,6.1,0.6,12.2,0.2,1.6,0.2,3.1,0.7,2.9,0.1,3.0,17.3
3182,2024,Dāvis Bertāns,CHO,PF,28,1,20.8,2.9,7.4,.394,2.4,6.3,.375,0.6,1.1,.500,.553,0.6,0.6,.889,0.3,1.3,1.6,8.7,1.8,1.8,4.9,0.9,6.5,0.8,1.9,0.3,1.4,1.6,8.8,0.6,7.3,10.7
3183,2024,Jahmi'us Ramsey,TOR,SG,7,1,17.3,2.6,5.9,.439,0.9,3.1,.273,1.7,2.7,.632,.512,0.7,0.9,.833,0.6,3.6,2.6,16.7,3.1,3.1,10.0,1.1,9.1,1.0,2.8,0.0,0.0,1.4,6.7,1.0,13.8,10.6
3184,2024,Peyton Watson,DEN,SF,80,4,18.6,2.6,5.6,.465,0.6,1.9,.296,2.0,3.7,.553,.516,0.9,1.3,.670,0.7,4.3,2.5,14.6,3.2,3.2,9.6,1.1,7.4,0.5,1.4,1.1,5.0,1.8,6.7,0.7,10.5,11.8
3185,2024,Amir Coffey,LAC,SF,70,13,20.9,2.4,5.0,.472,1.0,2.6,.380,1.4,2.4,.571,.571,0.9,1.0,.859,0.4,2.3,1.7,8.9,2.1,2.1,5.7,1.1,6.8,0.6,1.4,0.2,0.9,1.5,6.6,0.5,7.9,10.0
3186,2024,Aaron Holiday,HOU,PG,78,1,16.3,2.4,5.3,.446,1.1,2.8,.387,1.3,2.6,.510,.547,0.7,0.8,.921,0.3,1.9,1.3,8.5,1.6,1.6,5.2,1.8,15.4,0.5,1.6,0.1,0.4,1.6,6.6,0.7,10.6,11.5
3187,2024,Dennis Smith Jr.,BRK,PG,56,2,18.9,2.6,6.0,.435,0.6,1.9,.294,2.1,4.1,.502,.482,0.8,1.0,.741,0.9,5.0,2.0,12.1,2.9,2.9,8.5,3.6,27.3,1.2,3.2,0.2,1.0,2.2,6.6,1.2,15.8,13.4
3188,2024,Chimezie Metu,2TM,C,51,12,16.8,2.4,4.8,.504,0.5,1.8,.298,1.9,2.9,.633,.561,1.1,1.3,.906,0.8,5.5,3.0,19.6,3.8,3.8,12.7,0.9,7.4,0.8,2.4,0.3,1.6,1.4,6.5,1.0,16.0,13.3
3189,2024,Chimezie Metu,PHO,C,37,5,12.1,1.8,3.5,.508,0.4,1.4,.294,1.4,2.1,.646,.565,1.0,1.2,.884,0.6,6.4,2.3,20.6,3.0,3.0,13.9,0.5,5.8,0.5,2.1,0.2,1.8,1.1,5.0,0.7,15.3,13.9
3190,2024,Chimezie Metu,DET,C,14,7,29.4,4.1,8.1,.500,0.9,3.1,.302,3.1,5.1,.620,.557,1.4,1.5,.952,1.2,4.5,4.8,18.5,6.0,6.0,11.4,1.9,9.3,1.7,2.8,0.5,1.5,2.3,10.5,1.8,16.9,12.6
3191,2024,Jordan Goodwin,2TM,PG,57,12,18.5,2.5,6.7,.369,0.7,2.5,.298,1.7,4.2,.411,.424,0.8,1.0,.746,1.5,9.3,2.9,17.3,4.4,4.4,13.3,2.7,20.9,0.8,2.2,0.3,1.6,1.3,6.5,1.0,12.1,12.6
3192,2024,Jordan Goodwin,PHO,PG,40,0,14.0,1.9,4.8,.389,0.6,2.0,.288,1.3,2.8,.460,.448,0.6,0.7,.862,1.0,8.5,1.9,14.8,2.9,2.9,11.8,2.0,18.7,0.6,2.0,0.2,1.4,1.1,5.0,0.7,12.4,12.5
3193,2024,Jordan Goodwin,MEM,PG,17,12,29.2,3.9,11.1,.349,1.1,3.6,.311,2.8,7.5,.367,.399,1.1,1.8,.633,2.8,10.2,5.2,20.2,8.0,8.0,15.0,4.5,23.4,1.5,2.5,0.5,1.7,1.9,10.0,1.6,11.8,12.7
3194,2024,David Roddy,2TM,PF,65,13,18.1,2.5,6.3,.403,0.7,2.5,.293,1.8,3.8,.478,.462,0.7,1.0,.691,0.8,4.8,2.4,15.2,3.2,3.2,9.8,1.2,10.3,0.4,1.1,0.2,0.9,1.1,6.5,0.9,11.5,8.7
3195,2024,David Roddy,MEM,PF,48,13,23.2,3.2,8.0,.402,1.0,3.3,.301,2.3,4.8,.470,.462,1.0,1.4,.687,1.1,4.8,3.1,15.2,4.2,4.2,9.8,1.6,10.4,0.5,1.1,0.2,0.9,1.4,8.4,1.1,11.5,8.7
3196,2024,David Roddy,PHO,PF,17,0,3.7,0.6,1.4,.435,0.1,0.5,.125,0.5,0.9,.600,.457,0.1,0.1,1.000,0.1,3.8,0.5,15.4,0.6,0.6,9.9,0.2,8.8,0.1,1.6,0.0,0.0,0.2,1.3,0.2,11.3,7.9
3197,2024,David Duke Jr.,SAS,SG,4,0,12.8,2.5,4.5,.556,0.8,1.5,.500,1.8,3.0,.583,.639,0.8,0.8,1.000,0.5,4.2,2.0,17.1,2.5,2.5,10.6,1.3,14.6,0.5,1.9,0.0,0.0,1.0,6.5,0.8,13.4,16.2
3198,2024,Jeff Green,HOU,PF,78,6,16.8,2.1,4.7,.456,0.7,2.1,.331,1.5,2.6,.553,.529,1.6,1.9,.819,0.6,3.7,1.7,10.9,2.3,2.3,7.3,0.9,7.3,0.2,0.6,0.4,2.2,1.3,6.5,0.6,9.6,11.3
3199,2024,Isaiah Jackson,IND,C,59,3,13.1,2.6,3.9,.665,0.0,0.1,.000,2.6,3.9,.677,.665,1.2,1.7,.716,1.6,13.8,2.4,21.2,4.0,4.0,17.5,0.8,8.3,0.6,2.1,1.0,6.3,2.3,6.5,0.7,12.3,21.5
3200,2024,Marcus Morris,2TM,PF,49,7,16.7,2.4,5.4,.439,1.0,2.4,.403,1.4,3.0,.469,.530,0.7,0.9,.818,0.5,3.1,2.3,15.2,2.7,2.7,9.1,0.7,6.1,0.3,0.9,0.3,1.4,1.5,6.4,0.6,9.6,9.9
3201,2024,Marcus Morris,PHI,PF,37,7,17.2,2.4,5.5,.439,1.0,2.4,.400,1.5,3.1,.470,.527,0.8,1.0,.861,0.5,3.1,2.5,16.1,2.9,2.9,9.4,0.7,5.7,0.4,1.0,0.3,1.6,1.6,6.7,0.5,7.9,10.5
3202,2024,Marcus Morris,CLE,PF,12,0,15.0,2.2,4.9,.441,1.0,2.4,.414,1.2,2.5,.467,.542,0.4,0.7,.625,0.4,3.2,1.7,12.3,2.1,2.1,7.8,0.8,7.7,0.2,0.5,0.2,1.0,1.1,5.8,0.9,15.0,8.0
3203,2024,Kyle Anderson,MIN,PF,79,10,22.6,2.5,5.5,.460,0.1,0.6,.229,2.4,4.9,.488,.472,1.2,1.7,.708,0.8,4.0,2.7,13.0,3.5,3.5,8.7,4.2,25.0,0.9,2.0,0.6,2.3,1.6,6.4,1.2,15.6,12.7
3204,2024,Chris Boucher,TOR,PF,50,0,14.1,2.2,4.3,.507,0.6,1.9,.330,1.6,2.5,.642,.578,1.4,1.8,.772,1.2,9.5,2.9,23.1,4.1,4.1,16.1,0.5,4.5,0.3,1.0,0.5,3.0,1.4,6.4,0.6,9.8,16.0
3205,2024,Jared Butler,WAS,SG,40,0,14.2,2.5,5.0,.488,0.6,2.0,.308,1.9,3.1,.602,.547,0.8,0.9,.861,0.2,1.7,1.2,9.5,1.5,1.5,5.5,3.2,30.9,0.7,2.4,0.2,1.2,1.5,6.3,1.3,18.7,14.1
3206,2024,Bruno Fernando,ATL,C,45,2,15.2,2.4,4.2,.583,0.0,0.1,.000,2.4,4.1,.596,.583,1.4,2.1,.667,1.3,9.1,3.0,22.2,4.3,4.3,15.4,1.0,9.3,0.6,1.8,0.6,3.7,2.4,6.3,1.0,16.1,15.2
3207,2024,Daniel Theis,2TM,C,60,3,16.9,2.6,4.9,.532,0.4,1.2,.366,2.2,3.7,.586,.577,0.6,0.8,.760,1.4,9.8,2.7,17.1,4.1,4.1,13.6,1.0,8.3,0.4,1.0,0.9,4.5,2.1,6.3,0.7,11.8,14.4
3208,2024,Daniel Theis,IND,C,1,0,8.0,1.0,4.0,.250,0.0,1.0,.000,1.0,3.0,.333,.250,0.0,0.0,,0.0,0.0,0.0,0.0,0.0,0.0,0.0,0.0,0.0,0.0,0.0,0.0,0.0,1.0,2.0,0.0,0.0,-6.9
3209,2024,Daniel Theis,LAC,C,59,3,17.1,2.6,4.9,.536,0.4,1.2,.371,2.2,3.7,.589,.581,0.6,0.8,.760,1.4,9.9,2.7,17.2,4.1,4.1,13.7,1.0,8.3,0.4,1.0,0.9,4.6,2.1,6.3,0.7,11.9,14.5
3210,2024,Jaylen Nowell,2TM,SG,13,1,16.5,2.6,6.0,.436,0.5,2.2,.207,2.2,3.8,.571,.474,0.5,0.7,.778,0.5,3.0,1.4,9.6,1.8,1.8,6.2,1.5,13.6,0.3,0.9,0.2,0.8,1.2,6.2,0.5,7.9,9.2
3211,2024,Jaylen Nowell,MEM,SG,9,1,17.3,2.4,6.1,.400,0.4,2.6,.174,2.0,3.6,.563,.436,0.3,0.3,1.000,0.3,2.0,1.2,8.0,1.6,1.6,4.9,1.8,15.7,0.3,0.9,0.0,0.0,1.4,5.7,0.6,8.2,6.7
3212,2024,Jaylen Nowell,DET,SG,4,0,14.5,3.0,5.8,.522,0.5,1.5,.333,2.5,4.3,.588,.565,1.0,1.5,.667,0.8,5.7,1.8,13.7,2.5,2.5,9.6,0.8,8.1,0.3,0.8,0.5,2.9,0.5,7.5,0.5,7.2,15.9
3213,2024,Patrick Beverley,2TM,PG,73,13,20.0,2.2,5.2,.417,0.8,2.5,.337,1.3,2.7,.490,.497,1.0,1.2,.822,0.7,3.7,2.6,14.3,3.3,3.3,9.0,2.9,19.0,0.6,1.4,0.4,1.9,1.8,6.2,0.9,13.4,11.6
3214,2024,Patrick Beverley,PHI,PG,47,5,19.6,2.2,5.1,.432,0.7,2.3,.321,1.5,2.8,.523,.504,1.1,1.3,.810,0.6,3.5,2.4,14.1,3.1,3.1,8.7,3.1,21.0,0.5,1.3,0.4,1.8,1.8,6.3,1.0,15.4,11.7
3215,2024,Patrick Beverley,MIL,PG,26,8,20.9,2.1,5.3,.391,1.0,2.8,.361,1.1,2.5,.424,.486,0.9,1.0,.852,0.7,3.9,2.9,14.8,3.6,3.6,9.5,2.6,15.8,0.7,1.7,0.5,2.0,1.7,6.0,0.6,9.6,11.4
3216,2024,Jae Crowder,MIL,PF,50,25,23.1,2.3,5.4,.422,1.2,3.3,.349,1.1,2.1,.538,.530,0.5,0.7,.722,0.6,3.0,2.6,12.1,3.2,3.2,7.6,1.3,7.2,0.8,1.6,0.2,0.7,1.5,6.2,0.5,7.4,8.9
3217,2024,Keon Johnson,BRK,SG,5,0,12.2,1.6,4.2,.381,0.8,2.0,.400,0.8,2.2,.364,.476,2.2,2.4,.917,0.6,5.2,0.8,7.4,1.4,1.4,6.3,0.6,6.9,0.6,2.4,0.2,1.5,1.0,6.2,1.0,16.0,13.1
3218,2024,Haywood Highsmith,MIA,PF,66,26,20.7,2.3,5.0,.465,1.2,2.9,.396,1.2,2.1,.562,.581,0.3,0.5,.639,1.0,5.3,2.2,12.1,3.2,3.2,8.7,1.1,7.2,0.8,1.9,0.5,2.1,1.8,6.1,0.5,9.0,11.1
3219,2024,Vít Krejčí,ATL,PG,22,14,24.6,2.3,4.7,.490,1.3,3.1,.412,1.0,1.6,.639,.625,0.2,0.3,.833,0.5,2.1,1.9,8.6,2.4,2.4,5.2,2.3,11.6,0.6,1.2,0.3,1.0,2.2,6.1,0.9,15.8,8.4
3220,2024,Kris Murray,POR,SF,62,29,21.7,2.3,5.9,.396,0.8,3.0,.268,1.5,3.0,.525,.463,0.6,0.9,.661,1.4,6.7,2.2,12.3,3.6,3.6,9.3,1.3,8.4,0.9,1.9,0.3,1.4,1.5,6.1,0.9,12.3,9.0
3221,2024,Ben Simmons,BRK,PG,15,12,23.9,2.9,4.9,.581,0.0,0.0,,2.9,4.9,.581,.581,0.4,1.0,.400,2.1,9.2,5.9,27.6,7.9,7.9,18.1,5.7,33.2,0.8,1.7,0.6,2.3,2.4,6.1,1.8,25.1,16.3
3222,2024,Zavier Simpson,MEM,PG,7,0,23.0,2.4,7.7,.315,0.7,2.4,.294,1.7,5.3,.324,.361,0.4,0.6,.750,0.6,2.6,2.3,11.3,2.9,2.9,6.8,3.6,22.5,1.0,2.1,0.4,1.7,1.6,6.0,1.4,15.2,6.3
3223,2024,Tosan Evbuomwan,2TM,SF,17,8,21.6,2.1,4.2,.507,0.7,1.9,.375,1.4,2.3,.615,.592,1.0,1.5,.680,1.1,5.3,2.5,13.0,3.5,3.5,9.1,0.9,5.9,0.4,0.8,0.3,1.2,1.4,5.9,0.5,9.9,9.9
3224,2024,Tosan Evbuomwan,MEM,SF,4,0,18.5,1.0,3.8,.267,0.5,2.0,.250,0.5,1.8,.286,.333,0.0,0.0,,2.0,11.4,1.5,9.2,3.5,3.5,10.3,1.5,10.9,0.0,0.0,0.3,1.3,1.3,2.5,0.3,6.3,5.7
3225,2024,Tosan Evbuomwan,DET,SF,13,8,22.5,2.5,4.3,.571,0.8,1.8,.417,1.7,2.5,.688,.661,1.3,1.9,.680,0.8,3.7,2.8,13.9,3.5,3.5,8.8,0.8,4.6,0.5,1.0,0.3,1.2,1.4,7.0,0.6,10.7,10.9
3226,2024,Justin Champagnie,WAS,SF,15,1,15.7,2.1,5.2,.410,0.9,3.0,.289,1.3,2.2,.576,.494,0.8,1.0,.800,1.3,8.5,2.3,15.8,3.5,3.5,12.1,1.3,10.7,0.7,2.0,0.6,3.1,0.9,5.9,0.7,10.6,13.6
3227,2024,Nick Smith Jr.,CHO,SG,51,0,14.3,2.2,5.7,.391,1.2,2.9,.432,1.0,2.8,.350,.500,0.3,0.3,.867,0.4,2.7,1.1,8.6,1.4,1.4,5.5,1.2,12.0,0.2,0.7,0.1,0.9,1.1,5.9,0.8,11.7,8.1
3228,2024,Ochai Agbaji,2TM,SG,78,28,21.0,2.3,5.6,.411,0.8,2.7,.294,1.5,2.8,.523,.483,0.5,0.7,.661,0.9,4.9,1.8,9.6,2.8,2.8,7.2,1.1,6.6,0.6,1.4,0.6,2.4,1.5,5.8,0.8,12.3,7.7
3229,2024,Ochai Agbaji,UTA,SG,51,10,19.7,2.1,4.9,.426,0.9,2.8,.331,1.2,2.1,.551,.520,0.3,0.4,.750,0.7,3.9,1.8,9.9,2.5,2.5,6.9,0.9,6.1,0.5,1.3,0.6,2.6,1.3,5.4,0.7,11.7,8.1
3230,2024,Ochai Agbaji,TOR,SG,27,18,23.6,2.7,6.8,.391,0.6,2.6,.217,2.1,4.3,.496,.432,0.8,1.3,.611,1.4,6.6,1.9,9.0,3.3,3.3,7.8,1.3,7.4,0.7,1.5,0.6,2.1,1.9,6.7,1.1,13.1,7.1
3231,2024,Noah Clowney,BRK,PF,23,4,16.1,2.2,4.0,.538,0.5,1.4,.364,1.7,2.6,.633,.602,0.9,1.3,.700,1.1,7.5,2.4,16.7,3.5,3.5,12.0,0.8,6.9,0.3,1.1,0.7,3.9,1.1,5.8,0.7,12.4,14.2
3232,2024,Dyson Daniels,NOP,PG,61,16,22.3,2.3,5.1,.447,0.7,2.2,.311,1.6,2.9,.551,.514,0.6,0.9,.642,1.0,5.1,2.9,14.1,3.9,3.9,9.7,2.7,15.4,1.4,3.1,0.4,1.8,1.7,5.8,1.0,15.0,12.0
3233,2024,Danilo Gallinari,3TM,SF,49,0,12.9,1.7,3.9,.437,0.6,1.9,.323,1.1,2.0,.546,.516,1.7,2.0,.857,0.4,3.4,1.8,15.3,2.2,2.2,9.3,1.1,11.6,0.3,1.1,0.1,0.8,1.0,5.7,0.5,9.0,13.4
3234,2024,Danilo Gallinari,WAS,PF,26,0,14.8,2.2,5.0,.435,0.8,2.5,.313,1.4,2.6,.552,.511,1.8,2.2,.839,0.5,3.3,2.5,18.2,2.9,2.9,10.6,1.2,10.8,0.2,0.7,0.1,0.6,1.0,7.0,0.5,7.2,13.4
3235,2024,Danilo Gallinari,DET,SF,6,0,15.0,2.0,3.7,.545,1.2,2.0,.583,0.8,1.7,.500,.705,3.5,4.0,.875,0.3,2.4,2.0,15.1,2.3,2.3,8.7,2.0,18.6,0.3,1.1,0.3,1.9,1.5,8.7,0.2,3.0,23.3
3236,2024,Danilo Gallinari,MIL,SF,17,0,9.1,0.8,2.2,.378,0.2,1.0,.176,0.6,1.2,.550,.419,0.9,1.1,.889,0.4,4.3,0.7,8.3,1.1,1.1,6.4,0.7,9.6,0.4,1.9,0.1,0.6,0.9,2.8,0.6,18.2,7.7
3237,2024,Thomas Bryant,MIA,C,38,4,11.6,2.3,3.9,.577,0.1,0.6,.182,2.2,3.3,.646,.591,1.1,1.2,.872,1.1,10.2,2.7,26.2,3.7,3.7,18.1,0.6,8.3,0.3,1.1,0.4,3.5,1.2,5.7,0.6,11.0,19.0
3238,2024,Torrey Craig,CHI,SF,53,14,19.8,2.0,4.7,.430,1.1,2.9,.392,0.9,1.8,.490,.550,0.5,0.7,.750,1.3,7.2,2.8,16.1,4.1,4.1,11.6,1.1,7.3,0.6,1.4,0.4,2.1,2.1,5.7,0.6,10.7,10.8
3239,2024,Larry Nance Jr.,NOP,C,61,0,19.9,2.3,4.0,.573,0.4,1.1,.415,1.8,2.9,.631,.629,0.8,1.0,.770,1.5,8.7,3.5,19.3,5.0,5.0,14.1,1.9,12.1,1.0,2.5,0.3,1.5,1.6,5.7,0.8,15.5,14.9
3240,2024,Pat Connaughton,MIL,SF,76,3,22.1,2.0,4.6,.435,1.1,3.1,.345,0.9,1.4,.633,.553,0.6,0.8,.759,0.7,3.4,2.5,12.0,3.1,3.1,7.8,2.1,12.0,0.5,1.1,0.3,1.0,1.3,5.6,0.6,11.6,9.6
3241,2024,Craig Porter Jr.,CLE,PG,51,6,12.7,2.3,4.5,.509,0.2,0.7,.353,2.0,3.8,.536,.535,0.8,1.1,.732,0.4,3.7,1.7,15.1,2.1,2.1,9.4,2.3,26.5,0.4,1.6,0.3,2.1,0.8,5.6,0.9,15.1,15.4
3242,2024,Mitchell Robinson,NYK,C,31,21,24.8,2.4,4.1,.575,0.0,0.0,,2.4,4.1,.575,.575,0.9,2.1,.409,4.6,20.7,3.9,17.7,8.5,8.5,19.2,0.6,3.1,1.2,2.4,1.1,4.3,1.8,5.6,0.8,13.8,16.1
3243,2024,Malachi Flynn,3TM,PG,69,0,12.7,2.0,4.7,.418,0.8,2.4,.331,1.2,2.3,.513,.505,0.8,1.0,.732,0.3,2.6,1.3,12.0,1.7,1.7,7.2,1.9,21.1,0.6,2.1,0.1,0.8,1.0,5.5,0.9,15.0,11.9
3244,2024,Malachi Flynn,TOR,PG,31,0,15.3,1.8,4.4,.409,0.9,2.6,.350,0.9,1.8,.491,.511,0.5,0.7,.773,0.4,3.0,1.7,12.3,2.1,2.1,7.5,2.4,20.3,0.6,1.8,0.2,1.1,1.4,5.1,1.1,18.4,10.1
3245,2024,Malachi Flynn,NYK,PG,14,0,4.3,0.6,1.6,.391,0.3,0.9,.308,0.4,0.7,.500,.478,0.6,0.8,.818,0.0,0.0,0.4,11.3,0.4,0.4,5.6,0.4,14.1,0.1,0.8,0.0,0.0,0.2,2.2,0.2,9.7,12.5
3246,2024,Malachi Flynn,DET,PG,24,0,14.3,3.0,6.9,.430,1.0,3.2,.316,2.0,3.7,.528,.503,1.1,1.6,.684,0.3,2.6,1.5,11.6,1.8,1.8,7.0,2.1,23.3,0.8,2.7,0.1,0.5,0.9,8.0,1.1,12.9,14.4
3247,2024,Doug McDermott,2TM,SF,64,0,14.1,1.9,4.4,.433,1.5,3.6,.410,0.5,0.9,.527,.599,0.2,0.3,.579,0.2,1.2,0.8,6.0,0.9,0.9,3.6,1.1,10.3,0.3,0.8,0.0,0.2,1.0,5.5,0.4,8.7,9.1
3248,2024,Doug McDermott,SAS,SF,46,0,15.2,2.1,4.7,.442,1.7,3.8,.439,0.4,0.9,.452,.619,0.2,0.4,.588,0.2,1.2,0.9,6.2,1.0,1.0,3.7,1.2,11.1,0.2,0.7,0.0,0.2,1.0,6.0,0.5,9.7,9.5
3249,2024,Doug McDermott,IND,SF,18,0,11.3,1.6,3.8,.406,1.0,3.1,.321,0.6,0.7,.769,.536,0.1,0.1,.500,0.1,1.1,0.5,5.0,0.6,0.6,3.1,0.7,7.6,0.3,1.2,0.0,0.0,0.9,4.2,0.2,5.4,7.7
3250,2024,Dexter Dennis,DAL,SG,4,0,7.5,2.5,4.8,.526,0.3,2.0,.125,2.3,2.8,.818,.553,0.3,0.8,.333,0.3,3.7,2.0,29.0,2.3,2.3,16.4,1.0,23.7,0.0,0.0,0.3,2.9,0.3,5.5,0.8,12.9,18.3
3251,2024,Gary Payton II,GSW,SG,44,0,15.5,2.3,4.2,.563,0.5,1.3,.364,1.9,2.9,.648,.617,0.3,0.5,.609,1.0,7.4,1.5,10.5,2.6,2.6,9.0,1.1,9.4,0.9,2.8,0.4,2.4,1.8,5.5,0.6,12.3,13.9
3252,2024,Neemias Queta,BOS,C,28,0,11.9,2.4,3.7,.644,0.0,0.0,,2.4,3.7,.644,.644,0.7,1.0,.714,1.9,17.9,2.5,21.5,4.4,4.4,19.8,0.7,8.5,0.5,1.9,0.8,5.5,1.8,5.5,0.5,10.1,22.9
3253,2024,Ricky Council IV,PHI,SG,32,0,9.0,1.7,3.5,.482,0.4,1.0,.375,1.3,2.5,.525,.536,1.7,2.2,.746,0.4,5.3,1.0,12.4,1.4,1.4,8.8,0.5,8.2,0.3,1.4,0.0,0.3,0.5,5.4,0.2,3.4,18.6
3254,2024,Kris Dunn,UTA,PG,66,32,18.9,2.2,4.7,.470,0.6,1.7,.369,1.6,3.1,.525,.535,0.3,0.5,.688,0.8,4.4,2.1,12.2,2.9,2.9,8.3,3.8,27.1,1.0,2.6,0.4,2.0,2.0,5.4,1.2,19.5,12.8
3255,2024,Keon Ellis,SAC,SG,57,21,17.2,1.9,4.1,.461,1.2,2.9,.417,0.6,1.1,.578,.612,0.5,0.6,.743,0.6,3.6,1.6,10.8,2.2,2.2,7.1,1.5,11.1,0.9,2.5,0.5,2.7,2.0,5.4,0.6,13.0,12.0
3256,2024,Cam Reddish,LAL,SF,48,26,20.5,1.9,4.9,.389,0.8,2.3,.336,1.1,2.6,.435,.468,0.9,1.1,.759,0.6,3.2,1.5,7.7,2.1,2.1,5.6,1.0,6.0,1.0,2.3,0.3,1.2,1.3,5.4,0.6,10.7,7.7
3257,2024,Matt Ryan,NOP,SF,28,1,13.9,1.8,4.0,.434,1.5,3.3,.451,0.3,0.8,.364,.615,0.5,0.5,.929,0.2,1.7,1.2,9.6,1.4,1.4,5.7,0.6,6.1,0.2,0.8,0.0,0.3,1.1,5.4,0.7,13.8,9.0
3258,2024,Matisse Thybulle,POR,SF,65,19,22.9,1.9,4.9,.397,1.2,3.6,.346,0.7,1.3,.535,.524,0.3,0.4,.759,0.5,2.1,1.6,8.5,2.1,2.1,5.1,1.4,8.3,1.7,3.8,0.8,3.0,1.4,5.4,0.6,10.8,10.4
3259,2024,Sasha Vezenkov,SAC,PF,42,0,12.2,2.0,4.5,.440,1.1,2.9,.375,0.9,1.7,.549,.558,0.3,0.4,.800,0.7,6.4,1.6,14.8,2.3,2.3,10.5,0.5,5.1,0.5,1.9,0.2,1.3,1.0,5.4,0.3,5.7,13.3
3260,2024,Dean Wade,CLE,PF,54,32,20.5,1.8,4.3,.414,1.5,3.7,.391,0.3,0.6,.567,.584,0.4,0.5,.769,0.7,3.8,3.4,18.2,4.0,4.0,11.1,0.8,5.0,0.7,1.8,0.5,2.0,1.7,5.4,0.4,7.6,10.2
3261,2024,Darius Bazley,2TM,PF,9,0,16.9,2.0,3.3,.600,0.2,0.9,.250,1.8,2.4,.727,.633,1.1,1.3,.833,0.9,5.8,2.2,14.4,3.1,3.1,10.1,0.8,6.0,0.7,1.9,0.8,4.1,0.3,5.3,0.9,18.5,13.9
3262,2024,Darius Bazley,PHI,PF,3,0,3.3,0.0,0.3,.000,0.0,0.0,,0.0,0.3,.000,.000,0.0,0.0,,0.0,0.0,0.3,11.2,0.3,0.3,5.5,0.7,23.2,0.0,0.0,0.0,0.0,0.0,0.0,0.3,50.0,-1.6
3263,2024,Darius Bazley,UTA,PF,6,0,23.7,3.0,4.8,.621,0.3,1.3,.250,2.7,3.5,.762,.655,1.7,2.0,.833,1.3,6.3,3.2,14.6,4.5,4.5,10.5,0.8,4.7,1.0,2.0,1.2,4.4,0.5,8.0,1.2,17.0,14.9
3264,2024,Xavier Tillman Sr.,2TM,PF,54,15,18.0,2.2,5.2,.434,0.4,1.5,.247,1.9,3.7,.510,.470,0.4,0.9,.440,1.3,7.7,2.6,16.1,3.9,3.9,11.8,1.4,11.3,0.9,2.6,0.8,4.2,1.4,5.3,0.6,10.1,12.2
3265,2024,Xavier Tillman Sr.,MEM,C,34,13,20.6,2.6,6.3,.408,0.4,1.6,.226,2.2,4.7,.469,.437,0.5,1.3,.419,1.6,8.4,3.0,16.4,4.6,4.6,12.3,1.7,12.1,1.2,2.9,1.0,4.7,1.8,6.0,0.9,11.1,11.8
3266,2024,Xavier Tillman Sr.,BOS,PF,20,2,13.7,1.7,3.3,.515,0.4,1.4,.286,1.3,1.9,.684,.576,0.2,0.4,.571,0.7,5.8,2.0,15.1,2.7,2.7,10.6,1.0,9.3,0.5,1.6,0.5,2.9,0.8,4.0,0.3,6.7,13.3
3267,2024,Nicolas Batum,2TM,PF,60,38,25.5,1.9,4.3,.453,1.2,3.1,.395,0.7,1.2,.606,.596,0.3,0.4,.714,1.2,5.0,3.0,13.1,4.1,4.1,9.0,2.1,10.7,0.8,1.5,0.6,2.3,1.8,5.3,0.7,13.1,10.2
3268,2024,Nicolas Batum,LAC,PF,3,0,18.0,1.0,2.7,.375,0.7,2.3,.286,0.3,0.3,1.000,.500,0.0,0.0,,0.0,0.0,2.3,14.2,2.3,2.3,7.3,1.7,11.2,1.0,2.7,1.3,6.7,1.7,2.7,0.3,11.1,9.8
3269,2024,Nicolas Batum,PHI,PF,57,38,25.9,2.0,4.4,.456,1.2,3.1,.399,0.7,1.2,.600,.599,0.3,0.4,.714,1.2,5.1,3.0,13.0,4.2,4.2,9.0,2.2,10.6,0.8,1.5,0.6,2.1,1.8,5.5,0.7,13.2,10.3
3270,2024,Luke Kornet,BOS,C,63,7,15.6,2.3,3.2,.700,0.0,0.0,1.000,2.2,3.2,.698,.702,0.8,0.9,.907,1.9,13.5,2.3,15.1,4.1,4.1,14.3,1.1,8.9,0.4,1.2,1.0,5.5,1.2,5.3,0.3,8.5,19.8
3271,2024,Davion Mitchell,SAC,PG,72,4,15.3,2.0,4.5,.452,0.8,2.2,.361,1.2,2.3,.539,.540,0.4,0.6,.714,0.3,1.9,1.1,7.9,1.3,1.3,4.8,1.9,16.0,0.2,0.7,0.0,0.2,1.2,5.3,0.6,11.2,9.3
3272,2024,Mason Plumlee,LAC,C,46,11,14.7,1.9,3.3,.569,0.0,0.1,.000,1.9,3.2,.592,.569,1.5,2.2,.707,1.3,10.4,3.8,28.2,5.1,5.1,19.6,1.2,10.8,0.3,1.0,0.4,2.3,1.5,5.3,0.8,15.5,15.8
3273,2024,Stanley Umude,DET,SG,24,2,12.8,1.5,3.5,.440,1.0,2.2,.453,0.5,1.3,.419,.583,1.2,1.3,.906,0.3,2.9,1.8,15.9,2.1,2.1,9.3,0.5,4.9,0.3,1.3,0.3,2.0,1.7,5.3,0.6,12.5,11.4
3274,2024,Aleksej Pokusevski,2TM,PF,28,0,14.5,1.8,4.3,.405,0.6,2.0,.327,1.1,2.4,.470,.479,1.1,1.5,.732,0.6,4.6,2.6,20.4,3.2,3.2,12.3,1.3,12.0,0.5,1.8,0.5,3.0,0.8,5.2,0.7,12.0,12.7
3275,2024,Aleksej Pokusevski,OKC,PF,10,0,6.0,0.4,1.6,.250,0.2,1.1,.182,0.2,0.5,.400,.313,0.2,0.4,.500,0.2,3.9,0.8,14.3,1.0,1.0,9.3,0.5,9.7,0.1,0.8,0.1,1.5,0.5,1.2,0.3,14.5,2.5
3276,2024,Aleksej Pokusevski,CHO,PF,18,0,19.2,2.5,5.8,.429,0.9,2.4,.364,1.6,3.4,.475,.505,1.6,2.1,.757,0.8,4.7,3.6,21.5,4.4,4.4,12.9,1.7,12.4,0.8,2.0,0.7,3.2,0.9,7.4,0.9,11.7,14.5
3277,2024,Bol Bol,PHO,PF,43,0,10.9,2.2,3.5,.616,0.5,1.2,.423,1.7,2.3,.717,.689,0.3,0.4,.789,0.7,8.1,2.4,24.1,3.2,3.2,16.5,0.4,5.3,0.2,1.0,0.6,4.7,1.0,5.2,0.4,10.7,18.7
3278,2024,Brandon Boston Jr.,LAC,SF,32,0,10.8,2.0,5.0,.404,0.4,1.6,.269,1.6,3.4,.468,.447,0.7,1.0,.697,0.6,6.4,1.0,10.4,1.6,1.6,8.5,0.4,5.4,0.3,1.6,0.3,2.1,1.3,5.2,0.8,12.0,8.7
3279,2024,Jarred Vanderbilt,LAL,PF,29,6,20.0,2.0,3.9,.518,0.3,0.9,.296,1.8,3.0,.586,.553,0.8,1.2,.667,1.4,8.3,3.3,17.7,4.8,4.8,13.2,1.2,7.7,1.2,2.9,0.2,0.7,1.5,5.2,1.0,17.7,11.6
3280,2024,Seth Curry,2TM,SG,44,4,14.0,1.8,4.6,.392,0.9,2.5,.352,1.0,2.2,.438,.485,0.6,0.7,.903,0.4,3.2,1.1,9.0,1.5,1.5,6.1,1.0,9.7,0.5,1.7,0.1,0.9,0.9,5.1,0.5,8.8,9.9
3281,2024,Seth Curry,DAL,SG,36,3,12.7,1.5,4.0,.372,0.8,2.2,.363,0.7,1.8,.385,.472,0.5,0.5,.895,0.4,3.6,1.0,8.8,1.4,1.4,6.2,0.8,8.4,0.5,1.8,0.1,0.6,0.9,4.3,0.4,9.4,8.6
3282,2024,Seth Curry,CHO,SG,8,1,19.9,3.3,7.4,.441,1.1,3.5,.321,2.1,3.9,.548,.517,1.4,1.5,.917,0.4,2.1,1.6,9.5,2.0,2.0,5.7,1.8,13.2,0.6,1.6,0.4,1.8,0.9,9.0,0.6,7.2,13.5
3283,2024,Drew Eubanks,PHO,C,75,6,15.6,2.0,3.4,.601,0.0,0.0,1.000,2.0,3.3,.596,.607,1.0,1.2,.774,1.4,10.5,2.9,20.1,4.3,4.3,15.6,0.8,7.2,0.4,1.1,0.8,4.6,1.5,5.1,0.8,17.2,14.4
3284,2024,Bryce McGowens,CHO,SG,59,14,14.9,1.7,3.9,.439,0.6,1.7,.333,1.1,2.2,.523,.513,1.1,1.4,.776,0.3,2.1,1.4,11.2,1.7,1.7,6.5,0.9,8.1,0.4,1.2,0.2,1.1,1.3,5.1,0.5,10.1,9.3
3285,2024,Richaun Holmes,2TM,C,40,10,13.9,2.1,3.7,.558,0.0,0.1,.333,2.0,3.6,.563,.561,0.9,1.2,.723,1.8,13.7,2.8,21.8,4.6,4.6,17.7,0.6,6.0,0.3,0.9,0.5,2.9,1.9,5.0,0.6,12.5,14.5
3286,2024,Richaun Holmes,DAL,C,23,2,10.3,1.4,2.6,.559,0.0,0.0,,1.4,2.6,.559,.559,0.5,0.9,.571,1.4,15.3,2.0,20.7,3.4,3.4,18.0,0.7,8.4,0.1,0.6,0.4,3.3,1.4,3.4,0.5,15.0,13.9
3287,2024,Richaun Holmes,WAS,PF,17,8,18.7,2.9,5.2,.557,0.1,0.2,.333,2.8,5.0,.565,.563,1.3,1.5,.846,2.2,12.5,3.9,22.7,6.1,6.1,17.5,0.6,4.3,0.5,1.2,0.6,2.6,2.4,7.1,0.7,10.8,14.9
3288,2024,Monte Morris,2TM,PG,33,0,14.4,1.9,4.6,.405,0.8,2.1,.386,1.1,2.5,.422,.493,0.4,0.6,.684,0.2,1.7,1.5,11.5,1.7,1.7,6.8,2.1,20.0,0.6,2.0,0.3,1.7,0.4,5.0,0.2,4.2,13.2
3289,2024,Monte Morris,DET,PG,6,0,11.3,2.0,5.5,.364,0.3,1.8,.182,1.7,3.7,.455,.394,0.2,0.3,.500,0.3,3.2,1.7,16.7,2.0,2.0,9.8,1.3,17.5,0.2,0.7,0.2,1.3,0.2,4.5,0.3,5.6,8.5
3290,2024,Monte Morris,MIN,PG,27,0,15.1,1.9,4.4,.417,0.9,2.2,.424,0.9,2.3,.410,.521,0.4,0.6,.706,0.2,1.5,1.5,10.6,1.7,1.7,6.3,2.3,20.4,0.7,2.2,0.3,1.7,0.5,5.1,0.2,3.8,13.9
3291,2024,Goga Bitadze,ORL,C,62,33,15.4,2.0,3.4,.603,0.0,0.2,.143,2.0,3.1,.636,.608,0.9,1.4,.655,1.8,13.3,2.9,21.9,4.6,4.6,17.5,1.3,11.7,0.5,1.7,1.2,7.0,1.7,5.0,0.7,15.1,17.8
3292,2024,Jevon Carter,CHI,PG,72,0,13.9,1.9,5.1,.378,1.1,3.3,.329,0.8,1.8,.466,.484,0.1,0.1,.571,0.2,1.2,0.7,5.6,0.8,0.8,3.3,1.3,12.9,0.5,1.8,0.2,1.6,1.0,5.0,0.5,8.9,8.5
3293,2024,Devonte' Graham,SAS,PG,23,0,13.6,1.7,4.7,.352,1.1,3.6,.301,0.6,1.1,.520,.468,0.6,0.7,.813,0.2,1.7,1.3,10.8,1.6,1.6,6.2,2.1,21.0,0.4,1.4,0.1,0.5,0.6,5.0,0.7,12.9,9.4
3294,2024,Isaiah Livers,DET,PF,23,6,20.4,1.7,5.0,.345,1.0,3.3,.286,0.8,1.7,.462,.440,0.5,0.8,.667,0.7,3.5,1.4,8.0,2.1,2.1,5.7,1.1,7.0,0.6,1.3,0.2,0.9,1.9,5.0,0.7,11.4,5.1
3295,2024,Kobi Simmons,TOR,PG,4,0,16.8,2.3,5.3,.429,0.5,2.0,.250,1.8,3.3,.538,.476,0.0,0.0,,0.3,1.6,1.5,10.1,1.8,1.8,5.7,3.0,24.2,1.5,4.3,0.5,2.6,1.3,5.0,0.3,4.5,14.5
3296,2024,D.J. Wilson,PHI,PF,2,0,7.5,2.0,3.0,.667,1.0,1.0,1.000,1.0,2.0,.500,.833,0.0,0.0,,0.5,7.2,0.5,7.5,1.0,1.0,7.4,1.0,22.5,0.0,0.0,1.0,12.2,0.5,5.0,0.0,0.0,31.6
3297,2024,Jalen Wilson,BRK,PF,43,3,15.4,1.8,4.2,.425,0.6,1.7,.324,1.2,2.4,.495,.492,0.9,1.1,.826,1.1,7.5,2.0,14.2,3.0,3.0,10.8,1.0,9.3,0.3,0.8,0.1,0.5,1.1,5.0,0.4,8.7,10.8
3298,2024,Jock Landale,HOU,C,56,3,13.6,1.9,3.7,.515,0.2,0.7,.250,1.7,3.0,.578,.539,0.9,1.2,.800,1.6,12.2,1.5,11.9,3.1,3.1,12.1,1.2,11.8,0.4,1.3,0.6,4.0,1.3,4.9,0.6,11.7,15.6
3299,2024,Garrison Mathews,ATL,SG,66,5,15.0,1.6,3.4,.456,1.3,2.9,.440,0.3,0.5,.545,.644,0.5,0.6,.810,0.3,1.8,1.1,8.6,1.4,1.4,5.1,0.6,4.8,0.3,1.0,0.1,0.7,1.7,4.9,0.3,7.2,8.9
3300,2024,Jared Rhoden,DET,SG,17,0,14.4,1.9,3.9,.500,0.7,1.8,.387,1.2,2.1,.600,.591,0.3,0.5,.625,0.2,1.3,1.8,13.9,1.9,1.9,7.5,0.8,8.0,0.2,0.6,0.8,4.5,1.6,4.9,0.4,9.1,10.3
3301,2024,Kobe Bufkin,ATL,SG,17,0,11.5,2.0,5.4,.370,0.5,2.4,.225,1.5,3.1,.481,.418,0.2,0.5,.500,0.4,3.2,1.6,15.6,1.9,1.9,9.2,1.6,19.3,0.4,1.7,0.3,2.3,1.2,4.8,0.6,9.5,9.1
3302,2024,DeJon Jarreau,MEM,SG,9,0,16.7,1.9,5.6,.340,0.4,1.4,.308,1.4,4.1,.351,.380,0.6,1.2,.455,0.9,5.6,4.0,27.3,4.9,4.9,16.0,2.9,25.4,0.7,2.0,0.2,1.2,1.6,4.8,1.0,14.1,9.6
3303,2024,Eugene Omoruyi,WAS,SF,43,0,9.1,1.9,3.9,.485,0.3,1.1,.283,1.6,2.8,.562,.524,0.7,1.1,.653,0.8,9.3,1.2,13.9,2.0,2.0,11.6,0.8,13.0,0.6,3.2,0.1,1.0,1.4,4.8,0.5,10.0,16.0
3304,2024,Kenrich Williams,OKC,PF,69,1,14.9,1.9,4.1,.468,0.8,2.0,.397,1.1,2.0,.540,.568,0.1,0.2,.500,0.9,6.9,2.1,15.4,3.0,3.0,11.3,1.3,11.4,0.6,1.8,0.1,0.8,1.5,4.7,0.5,10.1,11.9
3305,2024,Kenneth Lofton Jr.,3TM,PF,21,0,9.5,1.7,3.7,.462,0.3,1.1,.292,1.4,2.6,.537,.506,0.8,1.2,.654,0.6,6.6,1.2,14.6,1.8,1.8,10.5,1.6,25.7,0.3,1.5,0.2,2.3,1.1,4.6,0.7,13.5,14.7
3306,2024,Kenneth Lofton Jr.,MEM,PF,15,0,6.6,0.9,2.5,.378,0.2,0.7,.300,0.7,1.8,.407,.419,0.5,1.0,.533,0.1,2.1,0.9,15.0,1.0,1.0,8.3,0.9,21.6,0.2,1.5,0.2,2.8,1.0,2.6,0.4,12.1,8.4
3307,2024,Kenneth Lofton Jr.,PHI,PF,2,0,4.5,0.5,3.0,.167,0.0,1.0,.000,0.5,2.0,.250,.167,0.0,0.0,,0.0,0.0,1.5,37.5,1.5,1.5,18.4,0.0,0.0,0.0,0.0,0.0,0.0,0.0,1.0,1.0,25.0,-20.0
3308,2024,Kenneth Lofton Jr.,UTA,PF,4,0,22.8,5.3,8.8,.600,1.0,3.0,.333,4.3,5.8,.739,.657,2.3,2.8,.818,2.5,12.2,2.5,12.0,5.0,5.0,12.1,4.8,32.7,0.8,1.6,0.5,2.0,2.3,13.8,1.5,13.1,25.0
3309,2024,Anthony Black,ORL,PG,69,33,16.9,1.7,3.6,.466,0.5,1.4,.394,1.1,2.2,.510,.540,0.7,1.2,.613,0.5,3.3,1.5,10.8,2.0,2.0,7.0,1.3,10.6,0.5,1.5,0.3,1.7,1.6,4.6,0.8,16.6,8.4
3310,2024,Josh Okogie,PHO,SG,60,11,16.0,1.4,3.4,.417,0.5,1.6,.309,1.0,1.9,.509,.488,1.3,1.7,.745,1.2,9.2,1.3,9.0,2.6,2.6,9.1,1.1,8.4,0.8,2.4,0.4,2.2,1.1,4.6,0.6,12.5,12.0
3311,2024,Omer Yurtseven,UTA,C,48,12,11.4,2.1,3.8,.538,0.1,0.5,.208,2.0,3.3,.588,.552,0.4,0.6,.679,1.5,14.7,2.8,27.3,4.3,4.3,21.0,0.6,7.7,0.2,0.7,0.4,2.9,1.1,4.6,0.8,15.9,15.0
3312,2024,Shake Milton,3TM,SG,48,0,12.1,1.6,4.1,.405,0.4,1.3,.281,1.3,2.7,.466,.451,0.8,1.0,.816,0.3,2.8,1.3,11.5,1.6,1.6,7.3,1.3,14.4,0.4,1.6,0.1,0.9,1.1,4.5,0.6,12.5,9.2
3313,2024,Shake Milton,MIN,SG,38,0,12.9,1.7,4.2,.400,0.4,1.4,.264,1.3,2.8,.467,.444,0.9,1.2,.818,0.2,1.7,1.2,9.7,1.3,1.3,5.9,1.3,14.1,0.4,1.6,0.1,0.9,1.2,4.7,0.7,13.5,8.3
3314,2024,Shake Milton,DET,SG,4,0,15.8,2.8,6.5,.423,0.8,2.3,.333,2.0,4.3,.471,.481,0.5,0.8,.667,1.8,12.2,2.8,19.8,4.5,4.5,15.9,1.5,14.1,0.5,1.5,0.3,1.4,0.8,6.8,0.8,9.9,14.6
3315,2024,Shake Milton,NYK,SG,6,0,4.5,0.7,1.5,.444,0.2,0.3,.500,0.5,1.2,.429,.500,0.3,0.3,1.000,0.0,0.0,1.0,25.0,1.0,1.0,12.5,0.7,20.9,0.2,1.9,0.0,0.0,1.2,1.8,0.0,0.0,13.8
3316,2024,Delon Wright,2TM,PG,47,1,15.8,1.6,4.0,.394,0.5,1.4,.368,1.0,2.6,.408,.460,0.8,1.0,.822,0.4,2.7,1.4,10.0,1.8,1.8,6.3,2.5,20.8,1.1,3.5,0.2,1.3,0.7,4.5,0.3,6.3,13.6
3317,2024,Delon Wright,WAS,PG,33,0,13.8,1.5,3.7,.393,0.4,1.2,.368,1.0,2.5,.405,.451,0.7,0.9,.828,0.4,3.0,1.4,11.0,1.8,1.8,6.9,2.5,22.8,1.1,3.6,0.2,1.4,0.7,4.1,0.3,7.5,14.1
3318,2024,Delon Wright,MIA,PG,14,1,20.4,1.9,4.7,.394,0.8,2.1,.367,1.1,2.6,.417,.477,0.9,1.1,.813,0.4,2.4,1.5,8.4,1.9,1.9,5.3,2.6,17.6,1.4,3.3,0.2,1.0,0.7,5.4,0.2,3.9,12.9
3319,2024,A.J. Green,MIL,SG,56,0,11.0,1.5,3.5,.423,1.2,3.0,.408,0.3,0.5,.519,.599,0.3,0.3,.895,0.2,1.6,1.0,9.6,1.1,1.1,5.7,0.5,6.4,0.2,0.7,0.1,0.6,0.9,4.5,0.2,5.5,10.5
3320,2024,Kevon Looney,GSW,C,74,36,16.1,1.9,3.1,.597,0.0,0.0,.000,1.9,3.1,.599,.597,0.8,1.1,.675,1.9,13.1,3.7,24.6,5.7,5.7,18.9,1.8,14.1,0.4,1.1,0.4,2.2,2.1,4.5,0.7,15.6,15.1
3321,2024,Taze Moore,POR,SG,4,0,10.0,2.0,4.8,.421,0.3,1.8,.143,1.8,3.0,.583,.447,0.3,0.5,.500,1.0,10.6,1.0,11.9,2.0,2.0,11.2,1.3,20.4,0.5,2.5,0.0,0.0,1.0,4.5,0.8,13.1,11.8
3322,2024,Julian Strawther,DEN,SF,50,0,10.9,1.6,4.4,.369,0.8,2.8,.297,0.8,1.7,.488,.462,0.4,0.6,.710,0.1,1.0,1.1,11.1,1.2,1.2,6.2,0.9,11.3,0.3,1.5,0.1,1.1,1.1,4.5,0.5,8.9,8.2
3323,2024,Bismack Biyombo,2TM,C,40,27,19.8,1.9,3.3,.565,0.0,0.0,,1.9,3.3,.565,.565,0.7,1.4,.481,1.6,8.3,3.7,21.1,5.2,5.2,14.5,1.3,9.5,0.3,0.7,0.9,4.4,2.2,4.4,1.1,21.3,9.9
3324,2024,Bismack Biyombo,MEM,C,30,27,23.9,2.2,4.0,.563,0.0,0.0,,2.2,4.0,.563,.563,0.7,1.5,.478,1.9,8.3,4.5,21.3,6.4,6.4,14.5,1.7,10.1,0.3,0.7,1.1,4.4,2.7,5.2,1.3,21.4,10.0
3325,2024,Bismack Biyombo,OKC,C,10,0,7.3,0.7,1.2,.583,0.0,0.0,,0.7,1.2,.583,.583,0.4,0.8,.500,0.5,7.9,1.3,19.1,1.8,1.8,13.7,0.2,3.3,0.1,0.7,0.3,3.8,0.7,1.8,0.4,20.5,8.9
3326,2024,Robert Covington,2TM,SF,29,6,16.8,1.5,3.4,.439,0.7,1.9,.339,0.8,1.4,.571,.536,0.8,0.9,.846,1.1,6.9,2.3,15.2,3.3,3.3,11.0,0.8,6.3,1.3,3.9,0.6,3.4,1.9,4.4,0.4,9.1,13.6
3327,2024,Robert Covington,LAC,PF,3,3,23.0,1.0,3.0,.333,0.7,2.7,.250,0.3,0.3,1.000,.444,0.3,0.7,.500,0.7,3.4,2.0,9.5,2.7,2.7,6.5,2.3,12.1,2.0,4.3,0.7,2.6,2.3,3.0,0.0,0.0,10.6
3328,2024,Robert Covington,PHI,SF,26,3,16.1,1.5,3.4,.449,0.7,1.8,.354,0.9,1.6,.561,.545,0.8,0.9,.875,1.1,7.5,2.3,16.1,3.4,3.4,11.7,0.7,5.3,1.3,3.9,0.6,3.5,1.9,4.5,0.4,9.9,14.1
3329,2024,Patrick Baldwin Jr.,WAS,SF,38,7,13.0,1.6,4.1,.381,0.8,2.6,.320,0.7,1.5,.483,.481,0.5,0.7,.679,0.4,3.6,2.8,23.5,3.2,3.2,13.3,0.8,7.6,0.5,1.7,0.4,2.5,1.5,4.4,0.5,10.2,9.7
3330,2024,Mo Bamba,PHI,C,57,17,13.0,1.7,3.5,.490,0.4,1.1,.391,1.3,2.4,.537,.553,0.6,0.9,.680,1.4,11.3,2.8,24.5,4.2,4.2,17.8,0.7,7.6,0.4,1.5,1.1,7.4,1.8,4.4,0.7,15.1,15.4
3331,2024,Dominick Barlow,SAS,PF,33,1,12.7,1.7,3.4,.496,0.1,0.3,.333,1.6,3.2,.510,.509,0.9,1.3,.690,1.4,11.5,2.1,17.7,3.4,3.4,14.5,1.1,11.7,0.4,1.4,0.4,2.8,1.4,4.4,0.3,6.4,14.6
3332,2024,MarJon Beauchamp,MIL,SF,48,1,12.7,1.7,3.5,.488,0.6,1.6,.400,1.1,1.9,.560,.578,0.4,0.6,.679,0.5,4.1,1.6,13.6,2.1,2.1,8.9,0.6,6.7,0.3,1.0,0.1,1.0,1.1,4.4,0.6,13.2,9.7
3333,2024,Joe Ingles,ORL,SF,68,0,17.2,1.5,3.3,.436,1.0,2.4,.435,0.4,1.0,.439,.590,0.4,0.5,.824,0.3,1.8,1.8,12.6,2.1,2.1,7.1,3.0,23.0,0.6,1.8,0.1,0.4,1.3,4.4,1.0,21.7,10.6
3334,2024,Maxi Kleber,DAL,C,43,7,20.3,1.5,3.4,.432,0.7,2.1,.348,0.7,1.3,.574,.541,0.8,1.1,.702,0.7,3.8,2.6,14.1,3.3,3.3,9.0,1.6,9.5,0.4,0.9,0.7,3.0,1.8,4.4,0.7,14.4,8.8
3335,2024,Jontay Porter,TOR,PF,26,5,13.8,1.5,4.0,.385,0.8,2.3,.333,0.8,1.7,.455,.481,0.6,0.7,.833,1.0,7.8,2.2,17.5,3.2,3.2,12.5,2.3,21.8,0.8,2.7,0.8,4.9,1.3,4.4,0.8,15.8,14.9
3336,2024,Lester Quiñones,GSW,SG,37,0,10.6,1.5,3.8,.397,0.9,2.4,.364,0.6,1.4,.453,.511,0.5,0.8,.690,0.6,5.8,1.4,13.8,1.9,1.9,9.9,1.0,12.0,0.2,0.7,0.1,0.5,1.2,4.4,0.5,10.0,10.3
3337,2024,Ben Sheppard,IND,SG,57,1,14.3,1.6,4.0,.393,0.9,2.7,.314,0.7,1.3,.562,.500,0.4,0.5,.885,0.3,2.1,1.3,10.3,1.6,1.6,6.2,0.9,7.5,0.6,1.9,0.0,0.2,1.5,4.4,0.3,5.9,8.1
3338,2024,Blake Wesley,SAS,SG,61,3,14.4,1.7,3.5,.474,0.2,0.9,.218,1.5,2.6,.563,.502,0.9,1.3,.667,0.3,2.2,1.2,9.5,1.5,1.5,5.8,2.7,25.3,0.5,1.6,0.1,0.9,1.5,4.4,0.9,18.1,10.1
3339,2024,Jeff Dowtin Jr.,PHI,PG,12,0,11.8,1.7,3.0,.556,0.8,1.6,.474,0.9,1.4,.647,.681,0.3,0.3,.750,0.3,2.3,1.4,13.5,1.7,1.7,7.8,2.3,26.4,0.6,2.4,0.1,0.6,0.1,4.3,0.4,11.7,18.2
3340,2024,Jaxson Hayes,LAL,C,70,5,12.5,1.8,2.5,.720,0.0,0.1,.000,1.8,2.4,.754,.720,0.7,1.2,.622,1.0,9.2,2.0,17.1,3.0,3.0,13.4,0.5,5.0,0.5,1.8,0.4,2.9,1.8,4.3,0.6,16.9,14.0
3341,2024,Caleb Houstan,ORL,SF,59,13,13.8,1.4,3.5,.388,1.2,3.3,.373,0.1,0.2,.615,.563,0.4,0.4,.808,0.5,4.0,0.9,8.1,1.4,1.4,6.1,0.5,4.8,0.3,0.9,0.1,0.5,1.0,4.3,0.3,6.9,8.3
3342,2024,John Konchar,MEM,SF,55,23,21.3,1.6,3.8,.423,0.7,2.2,.317,0.9,1.6,.568,.514,0.4,0.5,.840,1.3,6.5,3.4,18.0,4.7,4.7,12.0,2.0,13.0,0.9,2.1,0.9,4.1,1.4,4.3,0.8,17.4,11.4
3343,2024,Dru Smith,MIA,SG,9,0,14.6,1.7,3.7,.455,0.8,1.9,.412,0.9,1.8,.500,.561,0.2,0.2,1.000,0.7,5.1,0.9,7.0,1.6,1.6,6.1,1.6,15.0,1.0,3.4,0.3,2.2,1.3,4.3,0.6,12.9,12.8
3344,2024,Thaddeus Young,2TM,PF,33,6,13.3,2.0,3.3,.602,0.0,0.2,.143,1.9,3.1,.634,.606,0.2,0.5,.400,1.4,11.7,1.7,14.5,3.1,3.1,13.0,1.7,17.9,0.7,2.5,0.2,1.0,1.5,4.2,0.5,11.6,15.9
3345,2024,Thaddeus Young,TOR,PF,23,6,15.2,2.3,3.8,.621,0.0,0.3,.167,2.3,3.5,.654,.626,0.2,0.5,.417,1.3,8.9,2.0,14.8,3.3,3.3,11.8,2.2,19.8,0.8,2.5,0.1,0.8,1.7,5.0,0.5,10.7,16.0
3346,2024,Thaddeus Young,PHO,PF,10,0,8.9,1.1,2.1,.524,0.0,0.1,.000,1.1,2.0,.550,.524,0.1,0.3,.333,1.7,22.8,1.1,13.3,2.8,2.8,17.8,0.7,10.4,0.5,2.7,0.2,2.0,1.1,2.3,0.4,15.2,15.1
3347,2024,Jacob Gilyard,2TM,PG,41,14,17.0,1.5,3.7,.400,1.2,3.1,.405,0.2,0.6,.375,.570,0.0,0.0,1.000,0.2,1.4,0.9,6.0,1.1,1.1,3.6,3.3,27.7,0.8,2.3,0.1,0.7,1.0,4.2,0.7,16.6,11.1
3348,2024,Jacob Gilyard,MEM,PG,37,14,17.7,1.6,3.9,.417,1.4,3.2,.425,0.2,0.6,.375,.594,0.1,0.1,1.000,0.2,1.3,0.9,6.1,1.2,1.2,3.6,3.5,28.5,0.7,2.0,0.1,0.7,0.9,4.7,0.8,16.7,11.6
3349,2024,Jacob Gilyard,BRK,PG,4,0,11.3,0.0,1.5,.000,0.0,1.5,.000,0.0,0.0,,.000,0.0,0.0,,0.3,2.4,0.5,5.0,0.8,0.8,3.6,1.5,15.8,1.5,6.6,0.0,0.0,1.0,0.0,0.3,14.3,4.5
3350,2024,Armoni Brooks,BRK,PG,10,0,10.4,1.5,4.6,.326,1.1,3.2,.344,0.4,1.4,.286,.446,0.1,0.2,.500,0.7,7.2,1.1,11.9,1.8,1.8,9.5,0.5,6.9,0.1,0.5,0.1,0.9,0.3,4.2,0.3,6.0,8.3
3351,2024,Troy Brown Jr.,2TM,SF,59,15,14.0,1.4,3.8,.372,0.8,2.4,.333,0.6,1.4,.435,.476,0.5,0.6,.865,0.4,3.5,2.0,16.0,2.4,2.4,9.8,1.0,9.7,0.4,1.4,0.1,0.3,0.7,4.2,0.5,11.0,8.8
3352,2024,Troy Brown Jr.,MIN,SF,37,3,11.1,1.4,3.2,.441,0.8,2.3,.369,0.6,0.9,.618,.572,0.5,0.6,.864,0.4,4.1,1.6,15.4,1.9,1.9,10.0,0.9,11.7,0.2,1.0,0.1,0.4,0.7,4.2,0.5,12.4,11.6
3353,2024,Troy Brown Jr.,DET,SF,22,12,19.0,1.5,4.9,.296,0.7,2.6,.281,0.7,2.3,.314,.370,0.6,0.7,.867,0.5,2.9,2.8,16.6,3.3,3.3,9.6,1.1,7.8,0.7,1.8,0.0,0.2,0.7,4.2,0.5,9.5,5.9
3354,2024,Max Christie,LAL,SG,67,7,14.1,1.5,3.6,.427,0.6,1.8,.356,0.9,1.8,.496,.515,0.5,0.7,.783,0.2,1.9,1.9,14.2,2.1,2.1,8.4,0.9,8.0,0.3,1.0,0.3,1.6,0.9,4.2,0.5,11.8,8.4
3355,2024,Ashton Hagans,POR,PG,19,1,16.6,1.5,3.7,.408,0.4,1.3,.320,1.1,2.4,.457,.465,0.7,0.9,.824,0.7,4.7,1.6,11.7,2.4,2.4,8.0,2.8,23.7,0.6,1.7,0.5,2.6,2.1,4.2,1.6,27.7,8.5
3356,2024,Danuel House Jr.,PHI,SF,34,4,15.0,1.4,3.1,.448,0.4,1.5,.300,0.9,1.6,.582,.519,1.0,1.4,.761,0.5,3.4,1.2,9.3,1.7,1.7,6.3,0.8,7.2,0.4,1.5,0.1,0.9,1.3,4.2,0.6,13.2,8.5
3357,2024,Skylar Mays,2TM,PG,38,5,11.4,1.7,4.2,.396,0.4,1.4,.296,1.2,2.8,.448,.447,0.3,0.4,.765,0.3,2.5,0.9,8.9,1.1,1.1,5.6,2.2,29.1,0.6,2.4,0.1,0.8,0.7,4.1,0.5,10.7,12.0
3358,2024,Skylar Mays,POR,PG,21,5,17.0,2.5,6.6,.384,0.7,2.3,.286,1.9,4.2,.438,.435,0.6,0.8,.765,0.4,2.7,1.3,9.4,1.8,1.8,5.8,3.6,31.8,0.7,1.9,0.1,0.8,1.0,6.3,0.9,11.0,11.9
3359,2024,Skylar Mays,LAL,SG,17,0,4.5,0.6,1.2,.476,0.1,0.3,.400,0.5,0.9,.500,.524,0.0,0.0,,0.1,1.5,0.3,6.9,0.4,0.4,4.3,0.6,16.8,0.4,4.3,0.1,1.1,0.4,1.3,0.1,8.7,12.3
3360,2024,Sandro Mamukelashvili,SAS,C,46,5,9.8,1.6,3.4,.471,0.4,1.4,.297,1.2,2.0,.593,.532,0.5,0.7,.735,1.0,10.7,2.2,24.7,3.2,3.2,17.6,1.1,15.4,0.2,0.7,0.3,2.2,0.8,4.1,0.4,10.1,15.8
3361,2024,Luka Šamanić,UTA,PF,43,7,9.4,1.4,3.7,.380,0.3,1.5,.203,1.1,2.2,.500,.421,1.0,1.3,.786,0.5,6.0,1.9,21.6,2.4,2.4,13.9,0.4,6.5,0.1,0.6,0.2,1.5,0.7,4.1,0.7,13.3,8.9
3362,2024,Jae'Sean Tate,HOU,SF,65,9,15.9,1.7,3.5,.472,0.4,1.2,.299,1.3,2.3,.559,.522,0.4,0.6,.667,0.9,6.3,2.1,14.3,3.0,3.0,10.2,1.0,8.2,0.6,2.0,0.2,1.3,2.1,4.1,0.6,13.1,9.3
3363,2024,Patty Mills,2TM,PG,32,5,13.0,1.4,4.1,.351,0.8,2.7,.276,0.7,1.4,.500,.443,0.3,0.3,1.000,0.3,2.3,0.8,7.1,1.1,1.1,4.7,1.1,11.1,0.6,2.4,0.0,0.2,1.0,4.0,0.5,10.5,7.2
3364,2024,Patty Mills,ATL,PG,19,0,10.6,1.0,2.7,.373,0.7,1.8,.382,0.3,0.9,.353,.500,0.0,0.0,,0.3,2.6,0.8,8.4,1.1,1.1,5.4,0.7,8.7,0.5,2.1,0.1,0.4,0.9,2.7,0.4,13.6,6.6
3365,2024,Patty Mills,MIA,PG,13,5,16.4,2.1,6.2,.338,0.8,4.1,.208,1.2,2.1,.593,.406,0.8,0.8,1.000,0.3,2.1,0.8,5.9,1.2,1.2,4.0,1.5,13.4,0.8,2.6,0.0,0.0,1.2,5.8,0.6,8.6,7.9
3366,2024,Izaiah Brockington,NOP,PG,1,0,3.0,2.0,5.0,.400,0.0,1.0,.000,2.0,4.0,.500,.400,0.0,0.0,,1.0,37.6,1.0,36.7,2.0,2.0,37.1,0.0,0.0,0.0,0.0,0.0,0.0,0.0,4.0,0.0,0.0,26.6
3367,2024,Ousmane Dieng,OKC,PF,33,0,11.1,1.5,3.5,.422,0.6,2.1,.300,0.8,1.4,.609,.513,0.4,0.5,.875,0.3,3.2,1.2,12.0,1.5,1.5,7.8,1.1,12.9,0.2,1.1,0.2,1.3,0.7,4.0,0.6,13.4,10.1
3368,2024,Luka Garza,MIN,C,25,0,4.9,1.4,3.0,.480,0.4,1.3,.281,1.1,1.7,.628,.540,0.7,1.0,.720,0.8,18.6,0.5,10.7,1.2,1.2,14.4,0.2,5.9,0.2,1.6,0.0,0.7,1.0,4.0,0.2,6.5,21.8
3369,2024,Mouhamed Gueye,ATL,PF,6,0,12.2,1.3,3.8,.348,0.5,1.5,.333,0.8,2.3,.357,.413,0.8,1.0,.833,1.7,14.4,2.0,18.6,3.7,3.7,16.4,0.7,7.0,0.8,3.3,0.7,4.9,2.2,4.0,0.2,3.8,15.0
3370,2024,Justin Holiday,DEN,SG,58,9,14.9,1.5,3.3,.454,0.9,2.3,.404,0.6,1.0,.569,.595,0.1,0.1,.750,0.2,1.2,1.1,7.8,1.2,1.2,4.6,1.2,9.5,0.6,2.1,0.2,0.9,1.2,4.0,0.2,6.7,9.7
3371,2024,Matthew Hurt,MEM,PF,8,0,14.1,1.5,4.3,.353,0.6,2.5,.250,0.9,1.8,.500,.426,0.4,0.4,1.000,1.1,8.4,0.9,7.1,2.0,2.0,7.7,0.5,5.1,0.4,1.3,0.4,2.5,1.0,4.0,0.3,5.4,8.4
3372,2024,JaVale McGee,SAC,C,46,0,7.4,1.7,2.9,.598,0.0,0.2,.143,1.7,2.7,.624,.602,0.6,1.0,.578,0.9,13.6,1.8,28.4,2.7,2.7,20.8,0.4,7.6,0.3,2.0,0.4,5.4,1.0,4.0,0.7,18.3,19.0
3373,2024,Svi Mykhailiuk,BOS,SF,41,2,10.1,1.4,3.3,.416,1.0,2.6,.389,0.4,0.7,.517,.569,0.1,0.2,.667,0.3,3.0,1.0,10.0,1.2,1.2,6.7,0.9,11.0,0.3,1.3,0.0,0.2,0.5,4.0,0.3,7.8,11.7
3374,2024,Rayan Rupert,POR,SG,39,12,16.2,1.4,4.1,.335,0.7,2.0,.359,0.7,2.1,.313,.422,0.5,0.6,.760,0.6,4.0,1.7,12.8,2.4,2.4,8.1,1.6,13.5,0.3,0.9,0.1,0.4,1.4,4.0,0.8,15.3,5.8
3375,2024,Adama Sanogo,CHI,PF,9,0,7.3,1.6,3.0,.519,0.0,0.0,,1.6,3.0,.519,.519,0.9,1.3,.667,2.1,31.6,1.9,29.4,4.0,4.0,30.5,0.0,0.0,0.1,0.8,0.0,0.0,0.6,4.0,0.6,13.4,21.9
3376,2024,Jaylin Williams,OKC,C,69,1,13.0,1.4,3.3,.417,0.8,2.1,.368,0.6,1.2,.500,.533,0.5,0.6,.805,0.5,4.7,2.9,23.7,3.4,3.4,14.5,1.6,15.0,0.4,1.5,0.4,2.8,1.4,4.0,0.5,12.1,12.7
3377,2024,Jules Bernard,WAS,SG,19,0,7.8,1.5,3.4,.453,0.6,1.5,.379,0.9,1.8,.514,.539,0.3,0.5,.556,0.5,7.0,0.8,11.8,1.4,1.4,9.3,0.8,15.4,0.2,0.9,0.1,0.5,0.7,3.9,0.4,10.5,12.7
3378,2024,Chris Duarte,SAC,SF,59,11,12.2,1.4,3.6,.381,0.7,2.2,.346,0.6,1.4,.434,.486,0.4,0.6,.788,0.4,4.0,1.4,12.7,1.8,1.8,8.3,0.7,7.8,0.5,1.9,0.1,1.0,1.4,3.9,0.4,10.4,8.4
3379,2024,DeAndre Jordan,DEN,C,36,2,11.0,1.6,2.6,.624,0.0,0.0,,1.6,2.6,.624,.624,0.7,1.5,.491,1.5,15.6,2.9,28.0,4.4,4.4,22.0,0.7,8.5,0.2,0.8,0.4,3.4,1.6,3.9,0.6,16.5,16.0
3380,2024,Sidy Cissoko,SAS,SF,12,0,11.8,1.3,2.8,.485,0.1,1.0,.083,1.3,1.8,.714,.500,1.0,1.3,.800,0.7,6.1,1.2,10.8,1.8,1.8,8.4,0.8,9.4,0.6,2.4,0.3,1.8,1.5,3.8,0.3,7.0,12.0
3381,2024,Anthony Gill,WAS,PF,50,3,9.3,1.5,3.2,.469,0.2,0.8,.244,1.3,2.4,.546,.500,0.6,0.7,.806,0.7,8.3,1.1,13.4,1.9,1.9,10.8,0.7,10.0,0.3,1.3,0.2,1.9,1.0,3.8,0.5,11.6,12.1
3382,2024,KJ Martin,2TM,SF,60,2,12.4,1.6,3.0,.536,0.1,0.5,.286,1.5,2.6,.582,.558,0.4,0.7,.537,0.7,6.0,1.5,13.6,2.2,2.2,9.7,0.9,9.4,0.4,1.5,0.2,1.5,1.7,3.7,0.5,13.9,9.9
3383,2024,KJ Martin,LAC,SF,2,0,15.5,2.0,5.0,.400,0.5,2.5,.200,1.5,2.5,.600,.450,0.5,1.0,.500,0.5,3.8,1.0,7.0,1.5,1.5,5.5,0.5,4.3,1.0,3.2,0.5,2.9,1.5,5.0,1.0,15.5,6.9
3384,2024,KJ Martin,PHI,SF,58,2,12.3,1.6,2.9,.544,0.1,0.4,.304,1.5,2.6,.581,.564,0.4,0.7,.538,0.7,6.1,1.5,13.8,2.2,2.2,9.9,0.9,9.6,0.3,1.4,0.2,1.4,1.7,3.7,0.5,13.8,10.0
3385,2024,Keita Bates-Diop,2TM,SF,53,8,12.5,1.4,3.1,.434,0.4,1.3,.304,1.0,1.8,.526,.497,0.6,0.8,.762,0.6,5.5,1.5,12.8,2.1,2.1,9.3,0.7,7.4,0.5,1.8,0.4,2.9,0.7,3.7,0.3,7.5,11.5
3386,2024,Keita Bates-Diop,PHO,SF,39,8,15.3,1.6,3.8,.427,0.5,1.6,.313,1.1,2.2,.512,.493,0.7,0.9,.722,0.8,6.0,1.8,12.8,2.6,2.6,9.6,0.9,7.4,0.6,1.8,0.5,3.0,0.8,4.5,0.3,7.3,11.3
3387,2024,Keita Bates-Diop,BRK,SF,14,0,4.9,0.6,1.1,.500,0.1,0.4,.200,0.5,0.8,.636,.531,0.4,0.4,1.000,0.1,1.6,0.6,13.2,0.6,0.6,7.2,0.3,8.1,0.2,2.2,0.1,2.7,0.1,1.6,0.1,9.7,13.4
3388,2024,Oshae Brissett,BOS,SF,55,1,11.5,1.2,2.8,.444,0.3,1.0,.273,1.0,1.8,.541,.493,0.9,1.5,.602,1.1,10.9,1.8,16.3,2.9,2.9,13.7,0.8,8.7,0.3,1.5,0.1,1.1,1.0,3.7,0.4,9.5,12.8
3389,2024,Jamal Cain,MIA,PF,26,1,10.0,1.3,3.0,.430,0.4,1.2,.355,0.9,1.8,.479,.500,0.7,0.9,.783,0.6,6.5,0.8,9.7,1.4,1.4,8.1,0.4,5.6,0.4,1.9,0.2,1.9,0.8,3.7,0.3,8.2,11.5
3390,2024,Drew Peterson,BOS,PF,3,0,7.7,1.3,2.0,.667,1.0,1.7,.600,0.3,0.3,1.000,.917,0.0,0.0,,0.0,0.0,0.3,4.5,0.3,0.3,2.3,0.3,5.9,0.7,4.3,0.0,0.0,0.3,3.7,0.3,14.3,18.5
3391,2024,T.J. Warren,MIN,SF,11,0,11.4,1.6,3.7,.439,0.2,1.2,.154,1.5,2.5,.571,.463,0.3,0.4,.750,0.5,4.8,1.5,14.8,2.0,2.0,10.0,0.8,10.1,0.4,1.6,0.1,0.7,1.0,3.7,0.4,8.6,9.2
3392,2024,James Bouknight,CHO,SG,14,0,5.8,1.3,2.9,.439,0.9,2.1,.433,0.4,0.8,.455,.598,0.1,0.1,.500,0.1,1.3,0.6,11.4,0.6,0.6,6.2,0.4,12.2,0.1,0.6,0.1,1.2,0.2,3.6,0.1,4.6,15.9
3393,2024,Collin Gillespie,DEN,PG,24,0,9.4,1.3,2.9,.464,0.6,1.6,.395,0.7,1.3,.548,.572,0.3,0.5,.667,0.0,0.5,0.8,9.6,0.9,0.9,5.2,1.1,15.5,0.5,2.9,0.0,0.0,1.0,3.6,0.6,15.9,11.0
3394,2024,Gui Santos,GSW,PF,23,0,8.3,1.2,2.4,.509,0.4,1.2,.370,0.8,1.2,.643,.600,0.7,0.7,.941,0.7,9.7,1.4,17.7,2.1,2.1,13.8,0.6,9.6,0.2,1.0,0.1,0.9,1.0,3.6,0.3,10.1,15.6
3395,2024,Jarace Walker,IND,PF,33,0,10.3,1.4,3.3,.409,0.7,1.7,.400,0.7,1.7,.418,.509,0.2,0.3,.889,0.4,4.0,1.5,17.0,1.9,1.9,10.5,1.2,13.9,0.5,2.1,0.3,2.6,0.9,3.6,0.5,13.0,11.8
3396,2024,Lindy Waters III,OKC,SG,38,0,7.4,1.3,2.7,.471,1.0,2.2,.435,0.3,0.5,.632,.649,0.1,0.1,1.000,0.2,2.9,0.9,12.6,1.1,1.1,8.0,0.6,11.5,0.1,0.9,0.2,2.3,0.6,3.6,0.2,6.3,15.3
3397,2024,Théo Maledon,2TM,PG,17,1,12.5,1.2,4.1,.286,0.3,1.8,.167,0.9,2.4,.375,.321,0.8,0.9,.933,0.2,2.0,1.2,10.8,1.4,1.4,6.3,1.6,17.8,0.4,1.6,0.0,0.0,1.2,3.5,1.1,19.0,3.2
3398,2024,Théo Maledon,CHO,PG,13,1,15.4,1.5,5.1,.288,0.4,2.3,.167,1.1,2.8,.389,.326,0.8,0.9,.917,0.3,2.2,1.5,11.0,1.8,1.8,6.5,2.2,19.0,0.5,1.7,0.0,0.0,1.4,4.2,1.2,17.4,3.9
3399,2024,Théo Maledon,PHO,PG,4,0,3.3,0.3,1.0,.250,0.0,0.0,,0.3,1.0,.250,.250,0.8,0.8,1.000,0.0,0.0,0.3,8.3,0.3,0.3,4.3,0.0,0.0,0.0,0.0,0.0,0.0,0.8,1.3,0.8,36.1,-8.0
3400,2024,Onuralp Bitim,CHI,SG,23,1,11.7,1.4,3.7,.381,0.5,1.9,.273,0.9,1.7,.500,.452,0.2,0.2,.800,0.3,2.5,1.1,11.1,1.4,1.4,6.7,0.6,6.5,0.1,0.6,0.1,0.8,1.0,3.5,0.4,10.4,5.0
3401,2024,Jordan McLaughlin,MIN,PG,56,0,11.2,1.3,2.6,.483,0.8,1.6,.472,0.5,1.0,.500,.628,0.2,0.3,.722,0.3,3.4,1.0,9.4,1.3,1.3,6.5,2.0,23.7,0.6,2.8,0.1,1.0,0.6,3.5,0.3,11.1,15.5
3402,2024,Marques Bolden,2TM,C,11,2,11.0,1.5,2.3,.680,0.0,0.1,.000,1.5,2.2,.708,.680,0.3,0.4,.750,0.9,9.0,2.2,22.8,3.1,3.1,15.8,0.4,4.8,0.3,1.2,0.6,5.4,0.9,3.4,0.3,10.1,16.0
3403,2024,Marques Bolden,MIL,C,2,0,1.5,0.0,0.0,,0.0,0.0,,0.0,0.0,,,0.0,0.0,,0.0,0.0,1.0,71.5,1.0,1.0,36.5,0.0,0.0,0.0,0.0,0.0,0.0,0.5,0.0,0.0,,3.0
3404,2024,Marques Bolden,CHO,C,9,2,13.1,1.9,2.8,.680,0.0,0.1,.000,1.9,2.7,.708,.680,0.3,0.4,.750,1.1,9.2,2.4,21.6,3.6,3.6,15.2,0.4,4.9,0.3,1.3,0.8,5.5,1.0,4.1,0.3,10.1,16.4
3405,2024,Ryan Rollins,2TM,PG,13,0,6.0,1.1,2.1,.519,0.2,0.3,.750,0.8,1.8,.478,.574,1.0,1.3,.765,0.2,2.7,0.8,15.4,1.0,1.0,8.9,1.1,25.0,0.8,6.0,0.2,3.1,0.6,3.4,0.6,18.8,22.0
3406,2024,Ryan Rollins,WAS,PG,10,0,6.6,1.3,2.5,.520,0.2,0.3,.667,1.1,2.2,.500,.560,1.3,1.7,.765,0.2,3.2,0.9,14.9,1.1,1.1,8.9,1.1,24.0,0.8,5.7,0.3,3.7,0.7,4.1,0.7,17.7,22.7
3407,2024,Ryan Rollins,MIL,PG,3,0,4.0,0.3,0.7,.500,0.3,0.3,1.000,0.0,0.3,.000,.750,0.0,0.0,,0.0,0.0,0.7,17.9,0.7,0.7,9.1,1.0,30.9,0.7,8.0,0.0,0.0,0.3,1.0,0.3,33.3,18.5
3408,2024,Yuta Watanabe,2TM,SF,34,0,13.6,1.2,3.4,.353,0.7,2.5,.294,0.5,0.9,.516,.461,0.3,0.5,.588,0.3,2.8,1.3,10.1,1.6,1.6,6.5,0.4,4.2,0.4,1.3,0.2,1.3,1.1,3.4,0.6,13.3,4.7
3409,2024,Yuta Watanabe,PHO,SF,29,0,13.2,1.2,3.3,.361,0.8,2.6,.320,0.4,0.8,.500,.485,0.3,0.5,.667,0.4,3.4,1.2,9.6,1.6,1.6,6.7,0.3,3.3,0.3,1.2,0.2,1.6,1.2,3.6,0.6,13.4,5.4
3410,2024,Yuta Watanabe,MEM,SF,5,0,16.4,1.2,3.8,.316,0.2,2.0,.100,1.0,1.8,.556,.342,0.0,0.4,.000,0.0,0.0,1.8,12.5,1.8,1.8,6.0,1.0,8.4,0.6,1.8,0.0,0.0,1.0,2.6,0.6,13.1,1.5
3411,2024,Buddy Boeheim,DET,SF,10,0,8.4,0.9,2.9,.310,0.8,2.5,.320,0.1,0.4,.250,.448,0.8,1.0,.800,0.3,3.9,0.7,9.5,1.0,1.0,6.6,0.3,4.8,0.0,0.0,0.1,1.0,0.5,3.4,0.0,0.0,9.1
3412,2024,Moses Brown,POR,C,22,5,9.1,1.5,3.0,.508,0.0,0.0,,1.5,3.0,.508,.508,0.4,1.4,.290,1.7,19.6,2.2,29.2,3.9,3.9,24.1,0.3,5.4,0.2,1.2,0.3,3.2,1.2,3.4,0.5,12.3,14.5
3413,2024,Wenyen Gabriel,MEM,PF,5,0,16.2,1.6,4.4,.364,0.2,1.2,.167,1.4,3.2,.438,.386,0.0,1.0,.000,1.4,9.1,3.6,25.3,5.0,5.0,16.9,0.6,5.3,0.4,1.2,0.4,2.3,2.0,3.4,1.6,24.8,2.3
3414,2024,Nassir Little,PHO,SF,45,2,10.2,1.3,2.8,.460,0.5,1.6,.300,0.8,1.2,.667,.544,0.4,0.4,.850,0.3,3.6,1.4,14.3,1.7,1.7,9.3,0.5,6.1,0.2,1.1,0.2,1.9,0.9,3.4,0.3,9.5,9.9
3415,2024,Jalen McDaniels,TOR,SF,50,1,10.8,1.3,3.8,.344,0.2,1.4,.169,1.1,2.4,.449,.376,0.5,0.7,.730,0.4,3.6,1.2,12.7,1.6,1.6,8.1,0.7,9.1,0.4,1.7,0.1,1.0,1.0,3.4,0.6,12.8,5.0
3416,2024,Jaden Springer,2TM,SG,49,2,10.3,1.2,3.0,.399,0.2,1.0,.208,1.0,2.0,.490,.432,0.7,0.9,.833,0.7,7.1,0.9,9.8,1.6,1.6,8.4,0.9,11.5,0.7,3.5,0.3,2.7,1.3,3.3,0.7,17.0,10.7
3417,2024,Jaden Springer,PHI,SG,32,1,11.8,1.4,3.7,.390,0.3,1.2,.216,1.2,2.5,.469,.424,0.9,1.1,.824,0.8,7.2,1.0,9.8,1.8,1.8,8.5,1.1,12.6,0.8,3.3,0.3,2.7,1.5,4.0,0.8,16.4,10.6
3418,2024,Jaden Springer,BOS,SG,17,1,7.6,0.8,1.8,.433,0.1,0.6,.182,0.6,1.1,.579,.467,0.4,0.5,.875,0.5,6.9,0.7,9.6,1.2,1.2,8.3,0.5,8.6,0.6,4.2,0.2,2.7,1.0,2.1,0.5,19.3,10.9
3419,2024,Charles Bassey,SAS,C,19,0,10.8,1.5,2.1,.725,0.0,0.1,.000,1.5,2.1,.744,.725,0.3,0.3,.833,1.2,12.0,2.8,28.2,4.0,4.0,20.0,1.1,14.1,0.4,1.9,0.9,6.9,1.6,3.3,0.8,26.0,17.7
3420,2024,Micah Potter,UTA,PF,16,0,11.6,1.2,2.5,.475,0.6,1.3,.429,0.6,1.2,.526,.588,0.4,0.5,.750,0.6,6.0,2.1,19.4,2.7,2.7,12.7,0.4,4.2,0.3,1.0,0.4,2.9,0.9,3.3,0.3,10.3,11.0
3421,2024,Dwight Powell,DAL,C,63,9,13.3,1.1,1.7,.679,0.0,0.0,.333,1.1,1.6,.689,.684,1.0,1.4,.708,1.5,12.7,1.9,15.2,3.4,3.4,14.0,1.3,12.4,0.4,1.5,0.3,2.1,1.8,3.3,0.5,18.1,14.5
3422,2024,Terquavion Smith,PHI,PG,16,0,5.3,1.1,2.9,.391,0.8,2.2,.371,0.3,0.7,.455,.533,0.2,0.3,.600,0.0,0.0,0.3,5.4,0.3,0.3,2.6,0.8,22.1,0.5,4.7,0.0,0.0,0.5,3.3,0.4,12.7,14.8
3423,2024,Garrett Temple,TOR,SG,27,2,10.7,1.1,2.9,.372,0.4,1.5,.300,0.6,1.4,.447,.449,0.7,0.8,.818,0.7,6.7,1.0,10.5,1.7,1.7,8.6,1.0,12.5,0.4,2.0,0.1,0.9,1.0,3.3,0.5,13.8,9.5
3424,2024,Tristan Thompson,CLE,C,49,0,11.2,1.5,2.4,.608,0.0,0.0,.000,1.5,2.4,.613,.608,0.3,1.1,.288,1.5,15.1,2.1,20.4,3.6,3.6,17.8,1.0,12.7,0.2,1.1,0.3,2.3,1.2,3.3,0.6,16.9,13.9
3425,2024,Oscar Tshiebwe,IND,PF,8,0,5.3,1.3,2.5,.500,0.0,0.0,,1.3,2.5,.500,.500,0.8,1.0,.750,1.0,21.6,1.0,21.6,2.0,2.0,21.6,0.3,6.4,0.3,2.2,0.1,1.9,0.4,3.3,0.0,0.0,24.8
3426,2024,Kira Lewis Jr.,3TM,PG,28,0,9.5,1.2,3.3,.370,0.1,1.2,.121,1.1,2.1,.508,.391,0.6,0.7,.850,0.3,3.8,0.6,7.0,0.9,0.9,5.4,1.3,18.8,0.3,1.7,0.1,0.7,0.5,3.2,0.5,12.2,8.6
3427,2024,Kira Lewis Jr.,NOP,PG,15,0,9.6,1.1,3.5,.308,0.1,1.3,.100,0.9,2.1,.438,.327,0.7,0.7,.909,0.3,3.1,0.7,7.6,0.9,0.9,5.4,1.2,16.2,0.3,1.7,0.1,0.7,0.5,2.9,0.5,12.3,5.7
3428,2024,Kira Lewis Jr.,TOR,PG,1,0,2.0,0.0,0.0,,0.0,0.0,,0.0,0.0,,,0.0,0.0,,0.0,0.0,0.0,0.0,0.0,0.0,0.0,0.0,0.0,0.0,0.0,0.0,0.0,1.0,0.0,0.0,,-7.3
3429,2024,Kira Lewis Jr.,UTA,PG,12,0,9.9,1.5,3.3,.450,0.2,1.1,.154,1.3,2.3,.593,.475,0.6,0.8,.778,0.4,4.7,0.6,6.4,1.0,1.0,5.6,1.6,22.2,0.3,1.6,0.1,0.7,0.3,3.8,0.5,12.0,12.3
3430,2024,A.J. Lawson,DAL,SG,42,0,7.4,1.3,2.9,.446,0.3,1.2,.260,1.0,1.7,.577,.500,0.4,0.5,.652,0.3,4.9,0.9,12.6,1.2,1.2,8.8,0.5,8.9,0.2,1.5,0.1,0.8,0.5,3.2,0.3,9.6,11.2
3431,2024,Boban Marjanović,HOU,C,14,0,5.1,1.3,2.4,.529,0.0,0.1,.000,1.3,2.3,.563,.529,0.6,1.0,.643,0.5,10.5,1.8,38.2,2.3,2.3,24.2,0.4,13.9,0.1,0.7,0.1,2.6,0.4,3.2,0.4,11.1,21.1
3432,2024,Zeke Nnaji,DEN,PF,58,0,9.9,1.2,2.6,.463,0.1,0.4,.261,1.1,2.2,.500,.483,0.7,1.1,.677,1.1,12.1,1.1,12.2,2.2,2.2,12.1,0.6,7.0,0.3,1.3,0.7,5.6,1.4,3.2,0.5,13.3,12.4
3433,2024,Ish Smith,CHO,PG,43,5,17.2,1.5,3.7,.418,0.1,0.2,.500,1.4,3.5,.413,.430,0.1,0.1,.750,0.3,1.6,1.5,10.2,1.8,1.8,5.8,3.4,26.4,0.4,1.1,0.1,0.5,1.1,3.2,1.1,22.7,6.8
3434,2024,JT Thor,CHO,PF,63,3,12.4,1.3,2.9,.437,0.4,1.3,.346,0.8,1.6,.510,.514,0.2,0.3,.550,0.7,6.0,1.6,15.3,2.3,2.3,10.5,0.5,5.1,0.2,0.7,0.4,3.2,1.0,3.2,0.2,7.3,9.1
3435,2024,Brandon Williams,DAL,PG,17,0,6.6,1.2,3.2,.370,0.2,0.9,.200,1.0,2.3,.436,.398,0.6,1.0,.647,0.2,3.9,0.5,8.7,0.8,0.8,6.3,1.0,20.9,0.1,0.4,0.1,0.8,0.2,3.2,0.4,10.2,9.3
3436,2024,Wesley Matthews,ATL,SG,36,3,11.5,0.9,2.7,.351,0.7,1.9,.348,0.3,0.8,.357,.474,0.5,0.7,.750,0.3,2.3,1.2,12.1,1.5,1.5,7.0,0.6,6.9,0.4,1.9,0.3,2.4,1.2,3.1,0.2,6.9,8.2
3437,2024,Dalen Terry,CHI,SG,59,2,11.5,1.2,2.7,.439,0.3,1.3,.230,0.9,1.4,.627,.494,0.4,0.7,.581,0.5,4.7,1.4,14.1,1.9,1.9,9.3,1.4,15.6,0.5,2.0,0.3,2.7,1.4,3.1,0.5,15.4,10.2
3438,2024,Gabe Vincent,LAL,PG,11,0,19.8,1.4,4.5,.306,0.3,2.5,.107,1.1,1.9,.571,.337,0.1,0.2,.500,0.4,2.1,0.5,2.4,0.8,0.8,2.3,1.9,11.6,0.8,2.0,0.0,0.0,1.7,3.1,0.5,9.1,3.1
3439,2024,Mike Muscala,3TM,C,53,6,11.3,1.1,2.9,.359,0.5,1.8,.292,0.5,1.1,.467,.449,0.3,0.5,.680,0.7,7.0,1.6,15.8,2.4,2.4,11.3,0.7,7.6,0.2,0.7,0.2,1.8,1.0,3.0,0.4,11.6,7.5
3440,2024,Mike Muscala,WAS,C,24,2,14.1,1.4,3.8,.367,0.6,2.1,.275,0.8,1.6,.487,.444,0.6,0.8,.750,0.9,6.8,2.2,17.2,3.1,3.1,11.9,0.9,8.2,0.2,0.7,0.3,1.7,1.3,4.0,0.7,13.9,7.6
3441,2024,Mike Muscala,DET,C,13,4,13.2,1.2,3.4,.341,1.0,2.6,.382,0.2,0.8,.200,.489,0.2,0.3,.500,0.8,6.4,1.5,12.6,2.2,2.2,9.5,0.8,7.7,0.2,0.8,0.4,2.5,1.0,3.5,0.2,4.2,8.9
3442,2024,Mike Muscala,OKC,C,16,0,5.7,0.5,1.4,.364,0.1,0.7,.091,0.4,0.7,.636,.386,0.0,0.1,.000,0.4,8.9,0.9,16.5,1.3,1.3,12.9,0.3,5.3,0.1,0.5,0.1,1.0,0.5,1.1,0.3,15.1,4.3
3443,2024,Johnny Davis,WAS,SG,50,6,12.3,1.2,3.1,.403,0.3,0.8,.350,1.0,2.3,.421,.448,0.3,0.5,.583,0.4,3.1,1.1,9.6,1.4,1.4,6.3,0.6,6.6,0.4,1.4,0.2,1.3,1.1,3.0,0.3,7.3,6.2
3444,2024,Saben Lee,PHO,PG,24,0,7.7,0.8,2.3,.364,0.1,0.7,.125,0.8,1.6,.462,.382,1.2,1.6,.744,0.4,5.8,0.9,12.8,1.3,1.3,9.5,1.3,21.0,0.3,1.8,0.1,1.4,0.5,3.0,0.3,10.0,13.5
3445,2024,Olivier-Maxence Prosper,DAL,PF,40,1,8.4,1.0,2.6,.385,0.3,1.1,.289,0.7,1.5,.458,.447,0.7,1.0,.683,0.6,8.2,1.4,17.5,2.0,2.0,12.8,0.6,8.4,0.2,1.0,0.1,1.0,0.5,3.0,0.2,6.2,11.6
3446,2024,Trevelin Queen,ORL,SG,14,0,11.8,1.0,2.7,.368,0.2,1.2,.176,0.8,1.5,.524,.408,0.6,0.9,.750,0.2,2.1,1.2,12.2,1.4,1.4,7.1,1.3,14.5,0.5,2.1,0.4,2.8,1.1,2.9,0.5,13.9,8.3
3447,2024,Jeremiah Robinson-Earl,NOP,PF,39,1,8.6,1.2,2.4,.474,0.3,1.0,.333,0.8,1.4,.571,.542,0.3,0.4,.750,0.6,7.8,1.4,17.5,1.9,1.9,12.7,0.5,8.4,0.3,1.5,0.1,1.2,0.6,2.9,0.4,13.6,11.8
3448,2024,Nate Williams,HOU,SG,22,0,5.9,1.2,2.3,.540,0.1,0.2,.400,1.1,2.0,.556,.560,0.3,0.6,.538,0.5,9.9,0.5,9.2,1.0,1.0,9.6,0.3,8.3,0.2,1.5,0.0,0.7,0.5,2.9,0.2,6.7,15.6
3449,2024,D.J. Carton,TOR,SG,4,0,9.0,0.8,2.0,.375,0.3,1.0,.250,0.5,1.0,.500,.438,1.0,1.3,.800,0.5,6.0,0.5,6.2,1.0,1.0,6.1,0.8,10.5,0.3,1.3,0.0,0.0,0.8,2.8,0.3,8.9,9.6
3450,2024,Henri Drell,CHI,SF,4,0,7.5,1.0,2.5,.400,0.5,1.5,.333,0.5,1.0,.500,.500,0.3,0.5,.500,0.3,3.7,0.8,11.4,1.0,1.0,7.5,1.0,18.3,0.5,3.3,0.3,3.4,1.5,2.8,0.5,15.5,10.7
3451,2024,Orlando Robinson,MIA,C,36,7,8.4,1.0,2.0,.500,0.2,0.4,.533,0.8,1.6,.491,.556,0.5,0.7,.760,0.8,10.4,1.6,21.0,2.3,2.3,15.7,0.9,15.8,0.2,1.1,0.2,2.6,1.0,2.8,0.5,17.8,14.0
3452,2024,Emoni Bates,CLE,SF,15,0,8.9,1.0,3.3,.306,0.7,2.2,.303,0.3,1.1,.313,.408,0.1,0.3,.250,0.1,0.9,0.9,10.9,0.9,0.9,5.9,0.7,10.0,0.1,0.4,0.1,1.4,0.3,2.7,0.5,13.6,2.6
3453,2024,Leaky Black,CHO,SF,26,3,10.9,1.0,2.0,.481,0.3,0.8,.450,0.6,1.2,.500,.567,0.4,0.6,.667,0.3,3.5,1.5,15.9,1.8,1.8,9.5,0.9,11.4,0.3,1.4,0.4,3.6,0.7,2.7,0.2,9.3,11.5
3454,2024,Damian Jones,CLE,C,39,0,6.9,1.1,1.8,.597,0.1,0.4,.214,1.0,1.5,.690,.618,0.5,0.5,.857,0.5,8.4,1.1,17.3,1.6,1.6,12.9,0.4,7.9,0.2,1.3,0.3,4.3,0.7,2.7,0.3,13.8,15.8
3455,2024,Malik Williams,TOR,C,7,2,15.3,1.3,4.9,.265,0.1,0.7,.200,1.1,4.1,.276,.279,0.0,0.3,.000,2.1,15.1,3.3,24.1,5.4,5.4,19.5,0.3,2.4,0.4,1.4,0.6,3.3,2.1,2.7,0.4,7.9,4.9
3456,2024,Timmy Allen,MEM,SF,5,0,25.0,1.2,4.6,.261,0.0,1.4,.000,1.2,3.2,.375,.261,0.2,0.4,.500,0.8,3.4,2.6,11.8,3.4,3.4,7.4,1.0,5.4,0.8,1.6,0.0,0.0,3.6,2.6,0.4,7.7,0.8
3457,2024,Moussa Diabaté,LAC,C,11,0,5.8,0.9,1.7,.526,0.0,0.0,,0.9,1.7,.526,.526,0.8,1.3,.643,1.4,27.4,0.8,15.4,2.2,2.2,21.2,0.4,8.6,0.5,3.9,0.1,1.4,0.4,2.6,0.2,7.4,24.7
3458,2024,Otto Porter Jr.,TOR,SF,15,1,11.6,0.9,2.2,.424,0.5,1.5,.348,0.4,0.7,.600,.545,0.2,0.2,1.000,0.4,3.7,1.5,14.8,1.9,1.9,9.2,0.5,5.8,0.3,1.4,0.3,2.5,1.3,2.6,0.1,5.5,8.7
3459,2024,Alex Fudge,2TM,SF,6,0,6.7,1.0,2.5,.400,0.2,0.8,.200,0.8,1.7,.500,.433,0.3,0.3,1.000,0.7,11.3,0.2,2.7,0.8,0.8,6.9,0.0,0.0,0.5,3.6,0.0,0.0,0.3,2.5,0.3,11.2,9.8
3460,2024,Alex Fudge,LAL,SF,4,0,3.5,0.3,1.5,.167,0.0,0.5,.000,0.3,1.0,.250,.167,0.5,0.5,1.000,0.5,16.7,0.0,0.0,0.5,0.5,7.9,0.0,0.0,0.0,0.0,0.0,0.0,0.3,1.0,0.3,12.7,-1.9
3461,2024,Alex Fudge,DAL,SF,2,0,13.0,2.5,4.5,.556,0.5,1.5,.333,2.0,3.0,.667,.611,0.0,0.0,,1.0,8.4,0.5,4.2,1.5,1.5,6.3,0.0,0.0,1.5,5.5,0.0,0.0,0.5,5.5,0.5,10.0,16.2
3462,2024,Dylan Windler,3TM,SF,17,0,6.4,0.9,1.8,.500,0.8,1.6,.481,0.1,0.2,.667,.717,0.0,0.0,,0.2,2.9,0.8,13.4,0.9,0.9,8.1,0.6,12.3,0.1,0.9,0.0,0.0,0.4,2.5,0.1,6.3,14.2
3463,2024,Dylan Windler,NYK,SF,3,0,2.3,0.3,0.7,.500,0.3,0.7,.500,0.0,0.0,,.750,0.0,0.0,,0.0,0.0,0.3,16.1,0.3,0.3,8.0,0.3,20.0,0.0,0.0,0.0,0.0,0.3,1.0,0.0,0.0,15.5
3464,2024,Dylan Windler,LAL,SF,8,0,3.5,0.5,1.1,.444,0.5,1.0,.500,0.0,0.1,.000,.667,0.0,0.0,,0.0,0.0,0.4,11.3,0.4,0.4,6.0,0.8,28.2,0.0,0.0,0.0,0.0,0.3,1.5,0.0,0.0,15.9
3465,2024,Dylan Windler,ATL,SF,6,0,12.2,1.7,3.2,.526,1.3,2.8,.471,0.3,0.3,1.000,.737,0.0,0.0,,0.5,4.3,1.5,14.0,2.0,2.0,9.0,0.5,5.5,0.3,1.3,0.0,0.0,0.5,4.7,0.3,9.5,13.4
3466,2024,Greg Brown III,DAL,PF,6,0,6.7,0.8,1.8,.455,0.2,0.5,.333,0.7,1.3,.500,.500,0.7,1.5,.444,0.5,8.2,1.0,16.3,1.5,1.5,12.3,0.7,13.0,0.0,0.0,0.7,8.8,0.8,2.5,0.7,21.1,10.5
3467,2024,Furkan Korkmaz,PHI,SG,35,0,8.6,0.9,2.2,.395,0.4,1.1,.350,0.5,1.0,.444,.487,0.4,0.6,.700,0.1,1.4,0.7,9.7,0.9,0.9,5.5,0.7,11.0,0.4,2.3,0.1,0.9,0.5,2.5,0.3,10.5,9.2
3468,2024,Alex Len,SAC,C,48,0,9.3,1.0,1.7,.617,0.0,0.1,.000,1.0,1.6,.641,.617,0.4,0.7,.588,1.0,11.3,1.7,21.2,2.7,2.7,16.1,1.0,14.4,0.2,1.2,0.7,6.8,1.4,2.5,0.6,22.0,14.7
3469,2024,Markieff Morris,DAL,PF,26,1,8.3,0.9,2.6,.338,0.6,1.6,.357,0.3,1.0,.308,.449,0.2,0.2,.833,0.2,2.0,1.3,17.6,1.5,1.5,9.9,0.6,9.4,0.2,1.1,0.1,1.2,0.5,2.5,0.5,14.5,6.6
3470,2024,Harry Giles,2TM,C,23,0,4.3,1.0,2.2,.460,0.1,0.6,.214,0.9,1.6,.556,.490,0.3,0.6,.538,0.5,12.8,0.8,20.0,1.3,1.3,16.4,0.3,10.5,0.1,1.0,0.1,2.7,0.7,2.4,0.3,9.7,14.8
3471,2024,Harry Giles,BRK,C,16,0,5.1,1.4,2.8,.500,0.2,0.7,.273,1.2,2.1,.576,.534,0.4,0.8,.538,0.8,15.7,0.9,19.5,1.6,1.6,17.6,0.4,13.0,0.1,0.6,0.2,3.3,0.9,3.4,0.4,10.8,18.5
3472,2024,Harry Giles,LAL,C,7,0,2.7,0.1,0.9,.167,0.0,0.4,.000,0.1,0.4,.333,.167,0.0,0.0,,0.0,0.0,0.6,22.3,0.6,0.6,11.7,0.0,0.0,0.1,2.5,0.0,0.0,0.0,0.3,0.0,0.0,-1.0
3473,2024,AJ Griffin,ATL,SF,20,0,8.6,0.9,3.1,.290,0.5,2.0,.256,0.4,1.2,.348,.371,0.1,0.1,1.000,0.1,1.2,0.8,10.6,0.9,0.9,5.7,0.3,3.7,0.1,0.3,0.1,1.1,0.3,2.4,0.4,11.3,1.2
3474,2024,Mouhamadou Gueye,TOR,PF,11,0,10.9,1.0,3.5,.289,0.0,0.3,.000,1.0,3.2,.314,.289,0.4,0.8,.444,1.1,10.8,1.0,10.3,2.1,2.1,10.5,0.5,5.3,0.3,1.2,1.6,13.2,1.4,2.4,1.1,22.2,4.6
3475,2024,Joe Harris,DET,SG,16,0,10.6,0.9,2.4,.359,0.6,1.9,.333,0.3,0.6,.444,.487,0.1,0.1,.500,0.2,1.9,0.6,6.7,0.8,0.8,4.3,0.6,7.7,0.2,0.8,0.1,1.0,1.2,2.4,0.3,9.1,4.6
3476,2024,Cory Joseph,GSW,PG,26,0,11.4,0.9,2.5,.359,0.5,1.6,.310,0.4,0.8,.455,.461,0.2,0.3,.571,0.2,2.2,0.9,8.6,1.2,1.2,5.5,1.6,17.2,0.2,0.7,0.1,0.9,1.0,2.4,0.5,15.2,6.2
3477,2024,Xavier Moon,LAC,SG,14,1,8.5,1.1,3.3,.326,0.1,1.2,.118,0.9,2.1,.448,.348,0.1,0.1,.500,0.6,7.9,0.7,9.2,1.3,1.3,8.5,1.5,23.4,0.2,1.2,0.2,2.3,0.6,2.4,0.4,9.6,8.1
3478,2024,Jamaree Bouyea,2TM,PG,9,0,10.6,1.1,3.1,.357,0.1,1.0,.111,1.0,2.1,.474,.375,0.0,0.0,,0.3,3.4,1.8,19.2,2.1,2.1,11.0,1.2,15.9,0.1,0.5,0.0,0.0,1.1,2.3,1.0,24.3,1.5
3479,2024,Jamaree Bouyea,POR,PG,6,0,9.5,0.8,3.5,.238,0.0,1.3,.000,0.8,2.2,.385,.238,0.0,0.0,,0.3,3.7,1.3,16.7,1.7,1.7,9.8,1.3,19.4,0.0,0.0,0.0,0.0,0.5,1.7,1.3,27.6,-4.8
3480,2024,Jamaree Bouyea,SAS,PG,3,0,12.7,1.7,2.3,.714,0.3,0.3,1.000,1.3,2.0,.667,.786,0.0,0.0,,0.3,2.8,2.7,23.0,3.0,3.0,12.8,1.0,10.7,0.3,1.2,0.0,0.0,2.3,3.7,0.3,12.5,11.1
3481,2024,Amari Bailey,CHO,PG,10,0,6.5,0.8,2.4,.333,0.1,0.8,.125,0.7,1.6,.438,.354,0.6,0.7,.857,0.6,10.1,0.3,5.3,0.9,0.9,7.8,0.7,15.2,0.3,2.3,0.0,0.0,0.2,2.3,0.4,12.9,9.7
3482,2024,Isaiah Mobley,CLE,PF,10,0,7.2,1.0,2.4,.417,0.3,1.0,.300,0.7,1.4,.500,.479,0.0,0.1,.000,0.3,4.7,0.7,10.8,1.0,1.0,7.8,0.6,11.5,0.2,1.4,0.0,0.0,0.6,2.3,0.2,7.6,8.1
3483,2024,Chuma Okeke,ORL,SF,47,8,9.2,0.9,2.4,.357,0.5,1.7,.280,0.4,0.6,.567,.460,0.1,0.1,.571,0.4,4.9,1.3,17.0,1.7,1.7,10.9,0.4,6.2,0.2,1.0,0.1,1.5,0.4,2.3,0.3,12.2,6.9
3484,2024,Olivier Sarr,OKC,C,15,0,6.5,0.7,1.3,.579,0.1,0.4,.333,0.6,0.9,.692,.632,0.7,1.0,.667,0.7,11.8,1.7,28.5,2.4,2.4,20.5,0.1,2.5,0.0,0.0,0.5,6.6,1.2,2.3,0.2,10.5,14.8
3485,2024,Dereon Seabron,NOP,SG,6,0,9.2,0.7,2.2,.308,0.2,0.3,.500,0.5,1.8,.273,.346,0.8,1.0,.833,0.2,2.0,1.0,12.0,1.2,1.2,7.1,0.8,11.2,0.3,1.8,0.2,1.8,0.7,2.3,0.0,0.0,9.2
3486,2024,Cole Swider,MIA,SF,18,0,4.8,0.8,2.1,.395,0.6,1.7,.333,0.3,0.4,.625,.526,0.1,0.1,1.000,0.1,1.3,0.3,7.9,0.4,0.4,4.6,0.3,8.8,0.1,0.6,0.1,1.1,0.2,2.3,0.4,17.1,7.1
3487,2024,Udoka Azubuike,PHO,C,16,0,7.1,1.0,1.4,.696,0.0,0.0,,1.0,1.4,.696,.696,0.2,0.8,.231,0.7,11.6,1.3,20.0,2.0,2.0,16.0,0.2,3.6,0.1,0.4,0.4,4.7,1.1,2.2,0.3,12.2,12.3
3488,2024,Reggie Bullock,HOU,SF,44,0,9.5,0.8,1.9,.415,0.6,1.5,.403,0.2,0.3,.467,.579,0.0,0.0,1.000,0.1,1.5,1.5,17.4,1.7,1.7,9.4,0.3,4.6,0.3,1.4,0.1,1.1,0.7,2.2,0.2,10.8,7.7
3489,2024,Trent Forrest,ATL,SG,38,0,10.9,0.9,2.4,.378,0.1,0.3,.200,0.8,2.1,.400,.389,0.3,0.4,.765,0.3,2.8,1.1,10.9,1.3,1.3,6.7,2.4,27.6,0.3,1.3,0.1,0.7,0.7,2.2,0.5,17.0,8.9
3490,2024,Nate Hinton,HOU,SG,15,0,5.0,0.7,1.7,.423,0.5,0.9,.500,0.3,0.8,.333,.558,0.3,0.3,.800,0.5,9.9,1.0,21.7,1.5,1.5,15.7,0.7,18.6,0.2,1.9,0.1,2.5,0.7,2.2,0.2,9.6,17.6
3491,2024,Andre Jackson Jr.,MIL,SG,57,8,10.0,0.9,1.8,.500,0.3,0.8,.370,0.6,0.9,.611,.585,0.1,0.2,.727,0.8,8.4,1.2,13.1,2.0,2.0,10.8,0.9,10.8,0.3,1.3,0.1,0.9,1.6,2.2,0.5,21.1,8.5
3492,2024,Julian Phillips,CHI,SF,40,0,8.1,0.8,1.9,.416,0.3,1.0,.316,0.5,1.0,.513,.494,0.3,0.5,.684,0.3,4.1,0.6,8.5,0.9,0.9,6.2,0.3,5.3,0.2,1.1,0.2,2.2,1.0,2.2,0.3,10.5,7.0
3493,2024,Ish Wainright,2TM,SF,11,0,5.6,0.6,2.2,.292,0.6,1.8,.350,0.0,0.4,.000,.438,0.2,0.2,1.000,0.3,5.8,1.0,20.8,1.3,1.3,12.7,0.1,2.0,0.4,3.2,0.1,1.5,0.7,2.1,0.2,7.4,8.9
3494,2024,Ish Wainright,POR,SF,7,0,6.6,0.9,2.6,.333,0.9,2.3,.375,0.0,0.3,.000,.500,0.3,0.3,1.000,0.0,0.0,1.3,23.3,1.3,1.3,11.0,0.0,0.0,0.3,2.1,0.1,2.0,0.6,2.9,0.1,5.0,10.2
3495,2024,Ish Wainright,PHO,SF,4,0,4.0,0.3,1.5,.167,0.3,1.0,.250,0.0,0.5,.000,.250,0.0,0.0,,0.8,22.3,0.5,13.4,1.3,1.3,17.7,0.3,7.6,0.5,6.1,0.0,0.0,1.0,0.8,0.3,14.3,5.2
3496,2024,Colby Jones,SAC,SG,30,0,6.4,0.9,2.4,.394,0.1,0.7,.091,0.9,1.6,.531,.408,0.2,0.4,.545,0.6,9.7,0.8,13.7,1.3,1.3,11.7,0.7,13.9,0.2,1.8,0.2,2.4,1.0,2.1,0.3,11.6,8.9
3497,2024,Mamadi Diakite,2TM,PF,6,0,4.0,0.7,1.0,.667,0.0,0.2,.000,0.7,0.8,.800,.667,0.7,1.0,.667,0.2,4.5,0.5,13.8,0.7,0.7,9.1,0.3,13.5,0.2,2.1,0.2,3.5,0.3,2.0,0.2,10.4,18.6
3498,2024,Mamadi Diakite,SAS,PF,3,0,5.3,1.3,1.7,.800,0.0,0.0,,1.3,1.7,.800,.800,1.3,2.0,.667,0.3,6.7,0.7,13.6,1.0,1.0,10.1,0.7,20.3,0.0,0.0,0.3,5.2,0.3,4.0,0.0,0.0,30.4
3499,2024,Mamadi Diakite,NYK,PF,3,0,2.7,0.0,0.3,.000,0.0,0.3,.000,0.0,0.0,,.000,0.0,0.0,,0.0,0.0,0.3,14.1,0.3,0.3,7.0,0.0,0.0,0.3,6.3,0.0,0.0,0.3,0.0,0.3,50.0,-5.2
3500,2024,Kobe Brown,LAC,PF,44,0,9.0,0.8,2.0,.411,0.3,1.1,.292,0.5,1.0,.548,.489,0.0,0.0,.500,0.5,5.9,1.0,11.6,1.4,1.4,8.9,0.6,8.1,0.3,1.5,0.1,1.4,1.1,2.0,0.2,9.0,7.6
3501,2024,JD Davison,BOS,SG,8,0,4.9,0.6,1.5,.417,0.4,0.9,.429,0.3,0.6,.400,.542,0.4,0.5,.750,0.3,5.8,1.0,21.2,1.3,1.3,13.8,1.3,32.9,0.1,1.3,0.1,2.3,0.5,2.0,0.3,12.7,18.8
3502,2024,Jordan Ford,SAC,PG,6,0,3.7,0.7,1.2,.571,0.3,0.5,.667,0.3,0.7,.500,.714,0.3,0.3,1.000,0.0,0.0,0.3,10.4,0.3,0.3,5.1,0.3,12.8,0.0,0.0,0.0,0.0,0.0,2.0,0.2,11.3,16.8
3503,2024,Kevon Harris,ORL,SG,2,0,3.0,1.0,1.5,.667,0.0,0.0,,1.0,1.5,.667,.667,0.0,0.0,,0.0,0.0,1.0,39.5,1.0,1.0,19.6,0.5,33.0,0.0,0.0,0.0,0.0,1.5,2.0,0.5,25.0,11.1
3504,2024,D'Moi Hodge,LAL,SG,7,0,5.9,0.7,2.1,.333,0.4,1.7,.250,0.3,0.4,.667,.433,0.1,0.3,.500,0.0,0.0,0.0,0.0,0.0,0.0,0.0,0.7,15.6,0.1,1.2,0.1,2.1,0.6,2.0,0.1,5.9,6.1
3505,2024,Ty Jerome,CLE,SG,2,0,7.5,1.0,2.0,.500,0.0,0.5,.000,1.0,1.5,.667,.500,0.0,0.0,,0.5,7.6,0.0,0.0,0.5,0.5,3.7,1.5,27.3,0.0,0.0,0.0,0.0,1.0,2.0,0.5,20.0,7.6
3506,2024,Markquis Nowell,TOR,SG,1,0,4.0,0.0,1.0,.000,0.0,0.0,,0.0,1.0,.000,.000,2.0,2.0,1.000,2.0,53.9,0.0,0.0,2.0,2.0,27.5,2.0,57.1,1.0,12.1,0.0,0.0,0.0,2.0,0.0,0.0,55.5
3507,2024,Jericho Sims,NYK,C,45,11,13.0,0.8,1.2,.691,0.0,0.0,,0.8,1.2,.691,.691,0.4,0.5,.667,1.2,10.7,2.0,17.5,3.3,3.3,14.1,0.6,5.4,0.2,0.7,0.4,3.0,1.0,2.0,0.4,19.6,10.9
3508,2024,Lindell Wigginton,MIL,PG,3,0,2.7,0.7,1.7,.400,0.0,0.7,.000,0.7,1.0,.667,.400,0.7,0.7,1.000,0.0,0.0,0.0,0.0,0.0,0.0,0.0,0.0,0.0,0.0,0.0,0.0,0.0,0.3,2.0,0.3,14.5,5.6
3509,2024,Isaiah Wong,IND,SG,1,0,4.0,1.0,3.0,.333,0.0,1.0,.000,1.0,2.0,.500,.333,0.0,0.0,,0.0,0.0,0.0,0.0,0.0,0.0,0.0,0.0,0.0,0.0,0.0,0.0,0.0,0.0,2.0,0.0,0.0,-1.1
3510,2024,Justin Minaya,POR,SF,34,1,11.2,0.6,2.2,.297,0.4,1.4,.245,0.3,0.7,.400,.378,0.1,0.3,.556,0.9,8.3,0.8,8.1,1.6,1.6,8.2,0.6,7.3,0.3,1.2,0.3,2.4,1.0,1.8,0.3,10.3,5.8
3511,2024,Daishen Nix,MIN,PG,15,0,3.3,0.6,1.6,.375,0.4,1.1,.353,0.2,0.5,.429,.500,0.2,0.4,.500,0.1,2.4,0.1,4.3,0.2,0.2,3.4,0.4,17.8,0.3,4.9,0.0,0.0,0.1,1.8,0.3,15.8,12.3
3512,2024,Cody Zeller,NOP,C,43,0,7.4,0.6,1.4,.419,0.0,0.1,.333,0.6,1.4,.424,.427,0.5,0.9,.605,1.1,16.9,1.5,22.0,2.6,2.6,19.5,0.9,15.2,0.2,1.4,0.1,1.5,1.0,1.8,0.4,16.9,12.8
3513,2024,Taj Gibson,2TM,PF,20,1,10.2,0.8,1.9,.405,0.1,0.5,.200,0.7,1.4,.481,.432,0.1,0.1,1.000,0.6,6.6,1.3,13.8,1.9,1.9,10.2,0.6,6.9,0.2,0.7,0.4,3.2,1.6,1.7,0.3,11.7,5.9
3514,2024,Taj Gibson,NYK,PF,16,1,10.3,0.4,1.4,.304,0.0,0.4,.000,0.4,1.1,.412,.304,0.1,0.1,1.000,0.6,6.8,1.1,12.3,1.8,1.8,9.5,0.6,6.7,0.1,0.6,0.4,3.4,1.8,1.0,0.3,17.3,3.2
3515,2024,Taj Gibson,DET,PF,4,0,9.8,2.0,3.5,.571,0.5,1.0,.500,1.5,2.5,.600,.643,0.0,0.0,,0.5,5.6,1.8,20.4,2.3,2.3,12.9,0.5,8.0,0.3,1.2,0.3,2.2,0.8,4.5,0.0,0.0,17.6
3516,2024,P.J. Tucker,2TM,PF,31,10,15.7,0.6,1.6,.360,0.4,1.1,.371,0.2,0.5,.333,.490,0.1,0.1,1.000,0.9,6.7,1.8,12.9,2.7,2.7,9.8,0.5,3.9,0.5,1.6,0.2,1.3,1.7,1.7,0.3,13.5,5.9
3517,2024,P.J. Tucker,PHI,PF,3,3,22.0,0.7,1.7,.400,0.7,1.7,.400,0.0,0.0,,.600,0.0,0.0,,0.3,1.6,4.3,22.1,4.7,4.7,11.7,0.0,0.0,1.0,2.2,0.7,2.8,3.0,2.0,0.7,28.6,4.7
3518,2024,P.J. Tucker,LAC,PF,28,7,15.0,0.6,1.6,.356,0.4,1.1,.367,0.2,0.5,.333,.478,0.1,0.1,1.000,1.0,7.5,1.6,11.4,2.5,2.5,9.5,0.6,4.5,0.5,1.5,0.2,1.1,1.6,1.6,0.2,11.5,6.1
3519,2024,Kessler Edwards,SAC,SF,54,0,5.1,0.6,1.5,.415,0.4,1.0,.385,0.3,0.6,.467,.537,0.1,0.2,.556,0.2,3.6,0.6,13.7,0.8,0.8,8.5,0.3,7.1,0.2,1.8,0.1,1.3,0.5,1.7,0.1,4.4,10.3
3520,2024,Leonard Miller,MIN,SF,17,0,3.1,0.8,1.2,.650,0.1,0.3,.400,0.6,0.9,.733,.700,0.1,0.1,.500,0.3,11.5,0.9,31.3,1.2,1.2,21.8,0.5,25.5,0.1,1.9,0.1,1.7,0.3,1.7,0.1,4.6,27.0
3521,2024,Jason Preston,UTA,PG,7,0,10.1,0.9,2.7,.316,0.0,0.4,.000,0.9,2.3,.375,.316,0.0,0.0,,0.9,9.4,1.6,16.9,2.4,2.4,13.2,2.3,28.7,0.3,1.4,0.1,1.3,0.4,1.7,0.3,9.5,10.5
3522,2024,Jordan Walsh,BOS,SF,9,1,9.2,0.7,1.7,.400,0.2,1.0,.222,0.4,0.7,.667,.467,0.1,0.2,.500,0.6,6.8,1.7,18.7,2.2,2.2,13.0,0.6,7.2,0.6,3.0,0.1,1.1,1.2,1.7,0.3,15.9,8.4
3523,2024,Jalen Hood-Schifino,LAL,SG,21,0,5.2,0.5,2.1,.222,0.1,0.7,.133,0.4,1.4,.267,.244,0.6,1.0,.600,0.1,2.1,0.5,10.7,0.6,0.6,6.6,0.4,9.1,0.1,1.3,0.1,1.6,0.6,1.6,0.4,14.3,-1.5
3524,2024,Jett Howard,ORL,SF,18,0,3.7,0.6,1.7,.333,0.4,1.4,.280,0.2,0.3,.600,.450,0.1,0.2,.500,0.1,1.7,0.3,10.6,0.4,0.4,6.1,0.3,13.0,0.1,1.5,0.1,2.8,0.2,1.6,0.2,8.6,8.6
3525,2024,Seth Lundy,ATL,SF,9,0,5.8,0.4,1.9,.235,0.3,1.4,.231,0.1,0.4,.250,.324,0.3,0.4,.750,0.1,2.0,0.7,13.1,0.8,0.8,7.3,0.0,0.0,0.0,0.0,0.0,0.0,0.7,1.6,0.1,5.1,0.0
3526,2024,Jordan Miller,LAC,SF,8,0,3.5,0.6,1.1,.556,0.1,0.3,.500,0.5,0.9,.571,.611,0.3,0.3,1.000,0.4,12.5,0.3,7.8,0.6,0.6,10.1,0.0,0.0,0.0,0.0,0.0,0.0,0.3,1.6,0.1,9.2,14.1
3527,2024,Josh Minott,MIN,SF,32,0,2.8,0.5,1.1,.472,0.1,0.3,.400,0.4,0.8,.500,.528,0.4,0.4,.857,0.1,5.2,0.4,15.5,0.5,0.5,10.6,0.3,13.2,0.2,2.7,0.2,4.9,0.3,1.6,0.1,4.5,20.4
3528,2024,Jalen Pickett,DEN,SG,27,0,4.5,0.6,1.3,.429,0.3,0.9,.360,0.2,0.4,.600,.557,0.1,0.1,.750,0.0,0.9,0.5,11.5,0.5,0.5,6.4,0.8,21.7,0.1,1.6,0.0,0.0,0.5,1.6,0.3,19.7,9.7
3529,2024,Ibou Badji,POR,C,22,1,10.3,0.6,1.0,.636,0.0,0.0,,0.6,1.0,.636,.636,0.3,0.5,.500,0.9,9.4,1.4,16.3,2.3,2.3,12.6,0.6,7.7,0.1,0.7,0.9,8.0,2.1,1.5,0.7,35.5,8.1
3530,2024,Colin Castleton,LAL,C,16,0,3.7,0.6,1.0,.563,0.0,0.0,,0.6,1.0,.563,.563,0.4,0.4,1.000,0.4,11.9,0.4,10.8,0.8,0.8,11.3,0.2,6.8,0.1,1.6,0.0,0.0,0.7,1.5,0.2,13.9,13.0
3531,2024,Adam Flagler,OKC,SG,2,0,7.0,0.5,3.5,.143,0.5,3.0,.167,0.0,0.5,.000,.214,0.0,0.0,,0.0,0.0,0.0,0.0,0.0,0.0,0.0,2.0,33.6,0.0,0.0,0.0,0.0,0.0,1.5,0.0,0.0,0.6
3532,2024,Terry Taylor,CHI,PF,31,0,6.1,0.6,1.3,.513,0.1,0.3,.222,0.6,1.0,.600,.538,0.1,0.2,.800,0.5,9.9,0.6,12.1,1.2,1.2,11.0,0.3,7.0,0.2,1.3,0.1,1.1,0.5,1.5,0.2,14.5,10.1
3533,2024,Jack White,MEM,SF,4,0,16.0,0.5,4.0,.125,0.5,2.5,.200,0.0,1.5,.000,.188,0.0,0.0,,1.0,6.6,2.0,14.2,3.0,3.0,10.3,0.3,2.0,1.0,3.1,0.3,1.5,0.8,1.5,0.5,11.1,1.1
3534,2024,Dariq Whitehead,BRK,SF,2,0,12.0,0.5,2.5,.200,0.0,1.5,.000,0.5,1.0,.500,.200,0.5,1.0,.500,0.0,0.0,2.0,18.8,2.0,2.0,9.1,1.5,15.6,0.0,0.0,0.5,3.8,0.0,1.5,0.0,0.0,4.9
3535,2024,Kendall Brown,IND,SG,15,0,4.2,0.5,1.0,.533,0.0,0.1,.000,0.5,0.9,.615,.533,0.3,0.5,.625,0.2,5.4,0.1,3.6,0.3,0.3,4.5,0.3,9.3,0.0,0.0,0.0,0.0,0.6,1.4,0.1,9.7,7.6
3536,2024,Mason Jones,SAC,SG,5,0,5.6,0.4,1.6,.250,0.4,1.4,.286,0.0,0.2,.000,.375,0.2,0.4,.500,0.2,3.9,0.8,16.4,1.0,1.0,10.0,1.0,21.7,0.2,1.7,0.0,0.0,0.6,1.4,0.4,18.4,5.8
3537,2024,Jerome Robinson,GSW,SG,22,0,3.7,0.5,1.5,.333,0.1,0.8,.118,0.4,0.7,.563,.364,0.3,0.5,.636,0.0,1.4,0.2,6.6,0.3,0.3,4.0,0.2,8.0,0.0,0.6,0.1,3.3,0.2,1.4,0.1,5.0,5.7
3538,2024,Jermaine Samuels,HOU,SF,14,0,4.3,0.6,1.0,.643,0.0,0.1,.000,0.6,0.9,.750,.643,0.1,0.1,1.000,0.2,5.3,0.7,18.1,0.9,0.9,11.6,0.2,7.0,0.1,0.8,0.1,3.1,0.4,1.4,0.0,0.0,15.1
3539,2024,Jacob Toppin,NYK,SF,9,0,4.2,0.6,1.0,.556,0.1,0.4,.250,0.4,0.6,.800,.611,0.2,0.2,1.000,0.3,8.8,0.4,11.9,0.8,0.8,10.3,0.3,10.9,0.0,0.0,0.1,2.5,0.3,1.4,0.1,9.2,14.3
3540,2024,R.J. Hampton,MIA,PG,8,2,9.5,0.5,1.8,.286,0.1,1.0,.125,0.4,0.8,.500,.321,0.1,0.3,.500,0.3,3.0,0.5,6.0,0.8,0.8,4.5,1.0,13.6,0.0,0.0,0.0,0.0,1.0,1.3,0.4,16.8,0.9
3541,2024,Nathan Mensah,CHO,C,25,0,12.3,0.5,1.1,.429,0.0,0.0,,0.5,1.1,.429,.429,0.4,0.5,.750,1.2,10.3,1.4,13.6,2.6,2.6,11.9,0.4,3.7,0.2,1.0,0.6,4.3,2.6,1.3,0.6,29.6,5.0
3542,2024,Isaiah Thomas,PHO,PG,6,0,3.2,0.5,1.7,.300,0.3,0.7,.500,0.2,1.0,.167,.400,0.0,0.0,,0.0,0.0,0.0,0.0,0.0,0.0,0.0,0.5,21.9,0.0,0.0,0.0,0.0,0.0,1.3,0.0,0.0,6.7
3543,2024,TyTy Washington Jr.,MIL,PG,11,0,5.1,0.5,1.8,.300,0.2,0.5,.333,0.4,1.3,.286,.350,0.0,0.0,,0.1,2.0,0.4,7.7,0.5,0.5,4.9,0.5,11.4,0.3,2.6,0.0,0.0,0.1,1.3,0.2,9.1,4.6
3544,2024,Jay Huff,DEN,C,20,0,2.5,0.5,0.8,.600,0.2,0.5,.333,0.3,0.3,1.000,.700,0.1,0.1,1.000,0.1,4.7,0.5,19.8,0.6,0.6,12.4,0.1,5.6,0.1,2.0,0.2,5.2,0.5,1.2,0.1,5.9,18.5
3545,2024,Keyontae Johnson,OKC,SF,9,0,7.3,0.6,1.8,.313,0.1,0.3,.333,0.4,1.4,.308,.344,0.0,0.0,,0.4,7.0,0.7,9.8,1.1,1.1,8.4,0.4,7.2,0.1,0.7,0.0,0.0,0.6,1.2,0.4,20.0,1.6
3546,2024,Chris Livingston,MIL,SF,21,0,4.3,0.5,1.0,.500,0.0,0.2,.200,0.5,0.8,.588,.523,0.1,0.2,.750,0.1,3.7,0.9,21.5,1.0,1.0,12.8,0.2,7.2,0.1,1.1,0.0,0.0,0.7,1.2,0.2,17.4,6.9
3547,2024,Braxton Key,DEN,SF,20,0,3.0,0.4,0.9,.412,0.1,0.3,.400,0.3,0.6,.417,.471,0.3,0.4,.750,0.2,5.7,0.8,26.9,0.9,0.9,16.6,0.5,18.8,0.1,1.7,0.1,1.4,0.3,1.1,0.1,4.6,16.5
3548,2024,Robin Lopez,MIL,C,16,2,4.1,0.4,1.2,.368,0.1,0.5,.250,0.3,0.7,.455,.421,0.1,0.1,1.000,0.2,5.2,0.1,3.3,0.3,0.3,4.2,0.3,7.8,0.1,0.7,0.2,3.9,0.4,1.1,0.1,9.1,6.6
3549,2024,Admiral Schofield,ORL,PF,23,0,3.7,0.4,1.1,.385,0.3,0.7,.375,0.2,0.4,.400,.500,0.0,0.1,.000,0.1,4.2,0.6,19.7,0.7,0.7,11.9,0.3,11.6,0.0,0.6,0.0,0.0,0.4,1.1,0.2,15.7,6.0
3550,2024,Hunter Tyson,DEN,PF,18,0,2.7,0.4,1.1,.400,0.2,0.8,.286,0.2,0.3,.667,.500,0.0,0.0,,0.1,2.4,0.4,18.0,0.5,0.5,10.4,0.1,5.6,0.1,1.0,0.0,0.0,0.6,1.1,0.1,9.1,6.0
3551,2024,Filip Petrušev,2TM,C,3,0,3.3,0.3,0.7,.500,0.0,0.0,,0.3,0.7,.500,.500,0.3,0.7,.500,0.0,0.0,0.3,11.2,0.3,0.3,5.5,0.0,0.0,0.0,0.0,0.0,0.0,0.3,1.0,0.0,0.0,5.1
3552,2024,Filip Petrušev,PHI,C,1,0,3.0,0.0,0.0,,0.0,0.0,,0.0,0.0,,,0.0,0.0,,0.0,0.0,1.0,37.5,1.0,1.0,18.4,0.0,0.0,0.0,0.0,0.0,0.0,0.0,0.0,0.0,,4.0
3553,2024,Filip Petrušev,SAC,C,2,0,3.5,0.5,1.0,.500,0.0,0.0,,0.5,1.0,.500,.500,0.5,1.0,.500,0.0,0.0,0.0,0.0,0.0,0.0,0.0,0.0,0.0,0.0,0.0,0.0,0.0,0.5,1.5,0.0,0.0,5.5
3554,2024,Hamidou Diallo,WAS,SG,2,0,2.5,0.5,1.0,.500,0.0,0.0,,0.5,1.0,.500,.500,0.0,0.0,,1.0,41.8,0.0,0.0,1.0,1.0,21.4,0.5,28.9,1.0,18.7,0.0,0.0,0.5,1.0,0.5,33.3,33.2
3555,2024,Frank Ntilikina,CHO,PG,5,0,8.6,0.2,1.8,.111,0.2,1.6,.125,0.0,0.2,.000,.167,0.4,0.4,1.000,0.2,2.5,1.0,13.5,1.2,1.2,7.8,0.8,11.5,0.0,0.0,0.0,0.0,0.8,1.0,0.2,9.2,0.0
3556,2024,Joshua Primo,LAC,SG,2,0,5.0,0.5,1.5,.333,0.0,0.5,.000,0.5,1.0,.500,.333,0.0,0.0,,0.5,11.7,0.0,0.0,0.5,0.5,5.6,0.0,0.0,0.0,0.0,0.5,9.0,0.0,1.0,2.0,57.1,-12.8
3557,2024,Thanasis Antetokounmpo,MIL,PF,34,0,4.6,0.5,0.9,.533,0.0,0.0,.000,0.5,0.9,.552,.533,0.0,0.1,.000,0.2,5.1,0.2,4.2,0.4,0.4,4.6,0.5,13.9,0.2,2.2,0.1,2.2,0.7,0.9,0.4,31.2,5.5
3558,2024,James Johnson,IND,PF,9,0,5.2,0.3,1.1,.300,0.0,0.2,.000,0.3,0.9,.375,.300,0.2,0.2,1.000,0.1,2.4,0.3,7.2,0.4,0.4,4.8,0.9,18.6,0.6,5.0,0.1,1.7,1.0,0.9,0.6,31.5,5.0
3559,2024,Charlie Brown Jr.,NYK,SG,8,0,4.6,0.3,1.3,.200,0.3,0.9,.286,0.0,0.4,.000,.300,0.0,0.0,,0.1,3.0,0.1,3.0,0.3,0.3,3.0,0.0,0.0,0.0,0.0,0.3,5.1,0.6,0.8,0.3,16.7,-3.2
3560,2024,DaQuan Jeffries,NYK,SG,17,0,2.7,0.4,1.0,.353,0.1,0.6,.200,0.2,0.4,.571,.412,0.0,0.1,.000,0.0,0.0,0.3,12.2,0.3,0.3,6.1,0.3,14.9,0.0,0.0,0.1,2.0,0.1,0.8,0.2,14.4,3.1
3561,2024,Shaquille Harrison,MEM,SG,3,0,2.0,0.3,0.7,.500,0.0,0.0,,0.3,0.7,.500,.500,0.0,0.0,,0.0,0.0,0.7,38.0,0.7,0.7,18.2,0.0,0.0,0.0,0.0,0.3,15.6,0.0,0.7,0.0,0.0,15.9
3562,2024,Quenton Jackson,IND,PG,3,0,3.7,0.0,0.3,.000,0.0,0.0,,0.0,0.3,.000,.000,0.7,0.7,1.000,0.0,0.0,1.3,41.2,1.3,1.3,20.6,0.7,18.6,0.3,4.3,0.0,0.0,0.3,0.7,0.0,0.0,16.1
3563,2024,Wendell Moore Jr.,MIN,SG,25,0,3.0,0.4,0.7,.500,0.0,0.2,.000,0.4,0.5,.750,.500,0.0,0.0,,0.0,0.0,0.5,17.4,0.5,0.5,9.1,0.2,10.9,0.2,3.3,0.0,1.2,0.2,0.7,0.2,18.2,8.6
3564,2024,Jalen Slawson,SAC,SF,12,0,3.1,0.3,0.5,.667,0.0,0.2,.000,0.3,0.3,1.000,.667,0.0,0.0,,0.1,3.0,0.5,18.6,0.6,0.6,10.6,0.2,6.9,0.1,1.3,0.1,2.5,0.7,0.7,0.2,25.0,6.6
3565,2024,Pat Spencer,GSW,PG,6,0,4.3,0.3,0.7,.500,0.0,0.3,.000,0.3,0.3,1.000,.500,0.0,0.0,,0.3,8.4,0.3,8.2,0.7,0.7,8.3,0.8,23.3,0.0,0.0,0.0,0.0,0.2,0.7,0.2,20.0,9.4
3566,2024,Alondes Williams,MIA,SG,7,0,2.3,0.3,1.1,.250,0.0,0.6,.000,0.3,0.6,.500,.250,0.1,0.1,1.000,0.0,0.0,0.1,7.1,0.1,0.1,3.5,0.0,0.0,0.0,0.0,0.1,6.1,0.3,0.7,0.3,19.2,-7.9
3567,2024,Juan Toscano-Anderson,SAC,SF,11,0,4.8,0.3,1.1,.250,0.1,0.4,.250,0.2,0.7,.250,.292,0.0,0.0,,0.4,8.3,0.9,21.6,1.3,1.3,14.8,0.4,9.0,0.1,0.9,0.1,1.7,1.0,0.6,0.2,14.3,2.5
3568,2024,Usman Garuba,GSW,PF,6,0,3.0,0.2,1.0,.167,0.0,0.2,.000,0.2,0.8,.200,.167,0.2,0.3,.500,0.5,18.2,0.7,23.7,1.2,1.2,21.0,0.2,6.6,0.2,2.7,0.5,15.1,0.3,0.5,0.3,22.5,7.0
3569,2024,E.J. Liddell,NOP,PF,8,0,2.9,0.1,0.8,.167,0.0,0.6,.000,0.1,0.1,1.000,.167,0.3,0.3,1.000,0.0,0.0,0.6,23.9,0.6,0.6,12.1,0.1,5.2,0.3,4.3,0.3,8.6,0.3,0.5,0.3,22.5,4.3
3570,2024,Pete Nance,CLE,PF,8,0,3.4,0.1,0.8,.167,0.1,0.1,1.000,0.0,0.6,.000,.250,0.0,0.3,.000,0.0,0.0,0.4,12.3,0.4,0.4,6.2,0.0,0.0,0.1,1.8,0.0,0.0,0.3,0.4,0.1,12.7,-3.9
3571,2024,Maxwell Lewis,LAL,SF,34,0,3.0,0.1,0.6,.190,0.0,0.3,.111,0.1,0.4,.250,.214,0.1,0.1,.667,0.1,2.3,0.1,2.1,0.1,0.1,2.2,0.2,6.8,0.1,0.9,0.0,0.8,0.1,0.3,0.3,30.9,-3.9
3572,2024,Ryan Arcidiacono,NYK,PG,20,0,2.3,0.0,0.3,.000,0.0,0.3,.000,0.0,0.0,,.000,0.0,0.0,,0.0,0.0,0.4,20.0,0.4,0.4,10.0,0.2,10.4,0.1,2.2,0.0,0.0,0.3,0.0,0.1,25.0,-2.0
3573,2024,Malcolm Cazalon,DET,SG,1,0,3.0,0.0,0.0,,0.0,0.0,,0.0,0.0,,,0.0,0.0,,0.0,0.0,0.0,0.0,0.0,0.0,0.0,0.0,0.0,0.0,0.0,0.0,0.0,0.0,0.0,0.0,,0.0
3574,2024,Jalen Crutcher,NOP,PG,1,0,3.0,0.0,1.0,.000,0.0,0.0,,0.0,1.0,.000,.000,0.0,0.0,,0.0,0.0,0.0,0.0,0.0,0.0,0.0,0.0,0.0,0.0,0.0,0.0,0.0,0.0,0.0,0.0,0.0,-12.6
3575,2024,Andrew Funk,CHI,SG,5,0,2.6,0.0,0.8,.000,0.0,0.6,.000,0.0,0.2,.000,.000,0.0,0.0,,0.0,0.0,0.0,0.0,0.0,0.0,0.0,0.0,0.0,0.2,3.8,0.2,7.9,0.0,0.0,0.0,0.0,-5.0
3576,2024,Kaiser Gates,NOP,SF,1,0,7.0,0.0,4.0,.000,0.0,2.0,.000,0.0,2.0,.000,.000,0.0,0.0,,0.0,0.0,1.0,15.7,1.0,1.0,8.0,0.0,0.0,0.0,0.0,0.0,0.0,0.0,0.0,0.0,0.0,-19.9
3577,2024,Danny Green,PHI,SG,2,0,9.0,0.0,1.0,.000,0.0,0.5,.000,0.0,0.5,.000,.000,0.0,0.0,,0.0,0.0,1.0,12.5,1.0,1.0,6.1,0.5,6.5,0.5,2.7,0.0,0.0,0.5,0.0,0.0,0.0,0.7
3578,2024,Ron Harper Jr.,TOR,PF,1,0,4.0,0.0,0.0,,0.0,0.0,,0.0,0.0,,,0.0,0.0,,0.0,0.0,0.0,0.0,0.0,0.0,0.0,1.0,28.6,0.0,0.0,0.0,0.0,2.0,0.0,0.0,,0.0
3579,2024,Justin Jackson,MIN,SF,2,0,0.5,0.0,0.0,,0.0,0.0,,0.0,0.0,,,0.0,0.0,,0.0,0.0,0.0,0.0,0.0,0.0,0.0,0.0,0.0,0.0,0.0,0.0,0.0,0.0,0.0,0.0,,0.0
3580,2024,Dmytro Skapintsev,NYK,C,2,0,1.0,0.0,0.5,.000,0.0,0.0,,0.0,0.5,.000,.000,0.0,0.0,,0.0,0.0,0.0,0.0,0.0,0.0,0.0,0.0,0.0,0.0,0.0,0.0,0.0,0.0,0.0,0.0,0.0,-19.3
3581,2024,Javonte Smart,PHI,PG,1,0,1.0,0.0,0.0,,0.0,0.0,,0.0,0.0,,,0.0,0.0,,0.0,0.0,0.0,0.0,0.0,0.0,0.0,0.0,0.0,0.0,0.0,0.0,0.0,0.0,0.0,0.0,,0.0
3582,2025,Shai Gilgeous-Alexander,OKC,PG,76,76,34.2,11.3,21.8,.519,2.1,5.7,.375,9.2,16.1,.571,.569,7.9,8.8,.898,0.9,2.8,4.1,12.6,5.0,5.0,7.8,6.4,31.3,1.7,2.4,1.0,3.0,2.2,32.7,2.4,8.6,30.7
3583,2025,Giannis Antetokounmpo,MIL,PF,67,67,34.2,11.8,19.7,.601,0.2,0.9,.222,11.6,18.7,.620,.607,6.5,10.6,.617,2.2,7.3,9.7,29.7,11.9,11.9,19.0,6.5,36.0,0.9,1.2,1.2,3.2,2.3,30.4,3.1,11.2,30.5
3584,2025,Nikola Jokić,DEN,C,70,70,36.7,11.2,19.5,.576,2.0,4.7,.417,9.3,14.8,.627,.627,5.2,6.4,.800,2.9,9.0,9.9,28.2,12.7,12.7,19.1,10.2,44.1,1.8,2.4,0.6,1.6,2.3,29.6,3.3,12.8,32.0
3585,2025,Luka Dončić,2TM,PG,50,50,35.4,9.2,20.5,.450,3.5,9.6,.368,5.7,10.9,.522,.536,6.2,7.9,.782,0.8,2.6,7.4,22.6,8.2,8.2,12.8,7.7,36.1,1.8,2.5,0.4,1.1,2.5,28.2,3.6,13.0,24.1
3586,2025,Luka Dončić,DAL,PG,22,22,35.7,9.8,21.2,.464,3.4,9.6,.354,6.4,11.5,.555,.544,5.1,6.6,.767,0.7,2.3,7.6,22.7,8.3,8.3,12.7,7.8,36.7,2.0,2.7,0.4,1.0,2.6,28.1,3.4,12.4,24.2
3587,2025,Luka Dončić,LAL,PG,28,28,35.1,8.8,20.0,.438,3.6,9.6,.379,5.1,10.4,.493,.530,7.0,8.9,.791,0.9,2.8,7.2,22.5,8.1,8.1,12.9,7.5,35.6,1.6,2.2,0.4,1.1,2.4,28.2,3.7,13.5,23.9
3588,2025,Anthony Edwards,MIN,SG,79,79,36.3,9.1,20.4,.447,4.1,10.3,.395,5.1,10.1,.501,.547,5.3,6.3,.837,0.8,2.4,4.9,14.8,5.7,5.7,8.7,4.5,20.9,1.2,1.6,0.6,1.7,1.9,27.6,3.2,12.0,20.1
3589,2025,Jayson Tatum,BOS,PF,72,72,36.4,9.2,20.3,.452,3.5,10.1,.343,5.7,10.2,.559,.537,5.0,6.1,.814,0.7,2.0,8.0,23.7,8.7,8.7,12.9,6.0,27.0,1.1,1.5,0.5,1.3,2.2,26.8,2.9,11.2,21.7
3590,2025,Kevin Durant,PHO,PF,62,62,36.5,9.5,18.1,.527,2.6,6.0,.430,7.0,12.1,.574,.598,4.9,5.8,.839,0.4,1.2,5.7,16.9,6.0,6.0,9.2,4.2,19.6,0.8,1.1,1.2,3.2,1.7,26.6,3.1,12.9,21.2
3591,2025,Tyrese Maxey,PHI,PG,52,52,37.7,9.2,21.0,.437,3.1,9.2,.337,6.1,11.8,.515,.511,4.9,5.6,.879,0.3,0.8,3.1,9.6,3.3,3.3,5.0,6.1,28.0,1.8,2.3,0.4,1.1,2.2,26.3,2.4,9.2,19.5
3592,2025,Cade Cunningham,DET,PG,70,70,35.0,9.8,20.8,.469,2.1,6.0,.356,7.6,14.8,.515,.521,4.5,5.3,.846,0.8,2.5,5.3,16.5,6.1,6.1,9.6,9.1,43.0,1.0,1.4,0.8,2.1,2.8,26.1,4.4,16.0,20.6
3593,2025,Jalen Brunson,NYK,PG,65,65,35.4,9.0,18.5,.488,2.3,6.1,.383,6.7,12.4,.539,.551,5.7,6.9,.821,0.4,1.4,2.5,7.9,2.9,2.9,4.7,7.3,32.3,0.9,1.3,0.1,0.3,2.1,26.0,2.5,10.5,21.6
3594,2025,Paolo Banchero,ORL,PF,46,46,34.4,9.0,19.8,.452,1.9,5.9,.320,7.1,13.9,.509,.500,6.1,8.4,.727,1.1,3.5,6.4,22.4,7.5,7.5,12.5,4.8,26.0,0.8,1.1,0.6,1.7,2.1,25.9,3.0,11.2,20.0
3595,2025,Devin Booker,PHO,SG,75,75,37.3,8.7,18.9,.461,2.4,7.3,.332,6.3,11.6,.542,.525,5.8,6.4,.894,1.0,3.1,3.1,8.9,4.1,4.1,6.1,7.1,30.6,0.9,1.2,0.2,0.5,2.6,25.6,2.9,11.9,19.3
3596,2025,LaMelo Ball,CHO,PG,47,47,32.0,8.6,21.3,.405,3.8,11.2,.339,4.8,10.1,.478,.494,4.1,4.9,.843,1.0,3.3,3.9,13.4,4.9,4.9,8.2,7.4,43.8,1.1,1.8,0.3,0.8,3.3,25.2,3.6,13.1,19.1
3597,2025,Damian Lillard,MIL,PG,58,58,36.1,7.7,17.1,.448,3.4,9.0,.376,4.3,8.1,.528,.547,6.2,6.8,.921,0.5,1.6,4.2,12.1,4.7,4.7,7.1,7.1,29.7,1.2,1.6,0.2,0.4,1.7,24.9,2.8,12.2,21.3
3598,2025,Anthony Davis,2TM,C,51,51,33.5,9.2,17.8,.516,0.7,2.4,.282,8.5,15.4,.553,.536,5.6,7.2,.775,2.6,9.1,8.9,29.1,11.6,11.6,19.4,3.5,18.3,1.2,1.7,2.2,6.0,1.9,24.7,2.2,9.5,26.3
3599,2025,Anthony Davis,LAL,C,42,42,34.3,9.5,18.0,.528,0.7,2.2,.298,8.9,15.8,.560,.546,6.0,7.6,.788,2.8,9.6,9.0,28.9,11.9,11.9,19.5,3.4,17.1,1.3,1.8,2.1,5.9,2.0,25.7,2.2,9.4,27.1
3600,2025,Anthony Davis,DAL,PF,9,9,29.6,7.8,16.9,.461,0.8,3.3,.233,7.0,13.6,.516,.484,3.7,5.3,.688,1.7,6.3,8.4,30.5,10.1,10.1,18.6,4.4,24.7,0.6,0.9,2.2,6.4,1.8,20.0,2.2,10.4,21.7
3601,2025,Kyrie Irving,DAL,SG,50,50,36.1,8.9,18.9,.473,2.9,7.2,.401,6.1,11.7,.517,.549,3.9,4.3,.916,1.2,3.7,3.6,10.6,4.8,4.8,7.2,4.6,20.5,1.3,1.8,0.5,1.1,2.0,24.7,2.2,9.7,19.9
3602,2025,Zion Williamson,NOP,PF,30,30,28.6,9.6,16.9,.567,0.1,0.4,.231,9.5,16.5,.576,.570,5.3,8.0,.656,2.5,9.3,4.7,18.2,7.2,7.2,13.6,5.3,36.6,1.2,2.1,0.9,3.0,2.7,24.6,3.0,12.8,27.3
3603,2025,Stephen Curry,GSW,PG,70,70,32.2,8.1,18.0,.448,4.4,11.2,.397,3.6,6.8,.534,.572,4.0,4.3,.933,0.6,1.9,3.9,13.3,4.4,4.4,7.4,6.0,31.3,1.1,1.7,0.4,1.3,1.4,24.5,2.9,12.6,21.5
3604,2025,LeBron James,LAL,SF,70,70,34.9,9.3,18.1,.513,2.1,5.7,.376,7.2,12.5,.574,.571,3.7,4.7,.782,1.0,3.4,6.8,21.2,7.8,7.8,12.6,8.2,40.3,1.0,1.4,0.6,1.5,1.4,24.4,3.7,15.5,22.7
3605,2025,Karl-Anthony Towns,NYK,C,72,72,35.0,8.9,16.9,.526,2.0,4.7,.420,6.9,12.2,.567,.584,4.7,5.7,.829,2.9,9.8,9.8,32.0,12.8,12.8,21.0,3.1,13.8,1.0,1.4,0.7,1.9,3.5,24.4,2.7,12.1,23.4
3606,2025,Victor Wembanyama,SAS,C,46,46,33.2,8.9,18.6,.476,3.1,8.8,.352,5.8,9.9,.586,.559,3.4,4.1,.836,1.8,5.7,9.2,29.8,11.0,11.0,17.7,3.7,18.3,1.1,1.6,3.8,10.4,2.3,24.3,3.2,13.7,24.2
3607,2025,Franz Wagner,ORL,SF,60,60,33.7,9.0,19.4,.463,1.7,5.9,.295,7.2,13.5,.535,.507,4.5,5.2,.871,0.9,3.0,4.8,17.1,5.7,5.7,9.7,4.7,26.6,1.3,1.9,0.4,1.0,2.5,24.2,2.3,9.6,20.1
3608,2025,Trae Young,ATL,PG,76,76,36.0,7.4,18.1,.411,2.9,8.4,.340,4.6,9.7,.474,.491,6.5,7.4,.875,0.5,1.4,2.6,8.2,3.1,3.1,4.7,11.6,46.4,1.2,1.6,0.2,0.4,1.9,24.2,4.7,17.9,18.3
3609,2025,Donovan Mitchell,CLE,SG,71,71,31.4,8.2,18.6,.443,3.3,8.9,.368,5.0,9.7,.512,.531,4.2,5.1,.823,0.8,2.8,3.7,12.5,4.5,4.5,7.8,5.0,23.9,1.3,2.0,0.2,0.7,2.0,24.0,2.1,9.2,20.9
3610,2025,Cam Thomas,BRK,SG,25,23,31.2,8.0,18.2,.438,2.7,7.8,.349,5.2,10.4,.506,.513,5.3,6.0,.881,0.6,2.1,2.7,10.4,3.3,3.3,6.0,3.8,22.9,0.6,1.0,0.1,0.3,1.8,24.0,2.5,10.6,18.0
3611,2025,Tyler Herro,MIA,SG,77,77,35.4,8.5,17.9,.472,3.3,8.7,.375,5.2,9.2,.565,.563,3.7,4.2,.878,0.5,1.4,4.7,14.6,5.2,5.2,8.1,5.5,26.2,0.9,1.3,0.2,0.6,1.1,23.9,2.6,11.5,19.7
3612,2025,Joel Embiid,PHI,C,19,19,30.2,7.4,16.6,.444,1.2,4.1,.299,6.2,12.5,.492,.481,7.8,8.9,.882,1.9,6.8,6.3,24.5,8.2,8.2,15.3,4.5,25.6,0.7,1.2,0.9,3.1,2.2,23.8,3.3,13.7,23.4
3613,2025,De'Aaron Fox,2TM,PG,62,62,36.1,8.7,18.8,.463,1.9,6.1,.310,6.8,12.6,.538,.514,4.2,5.1,.827,0.9,2.7,3.9,12.1,4.8,4.8,7.4,6.3,27.2,1.5,2.0,0.4,1.1,2.6,23.5,2.8,11.8,18.3
3614,2025,De'Aaron Fox,SAC,PG,45,45,37.0,9.2,19.6,.469,2.0,6.4,.322,7.2,13.3,.539,.521,4.5,5.5,.829,1.0,3.0,4.0,12.2,5.0,5.0,7.6,6.1,26.0,1.5,1.9,0.4,1.2,2.6,25.0,3.0,11.8,19.0
3615,2025,De'Aaron Fox,SAS,PG,17,17,34.0,7.4,16.5,.446,1.5,5.6,.274,5.8,10.9,.535,.493,3.5,4.2,.819,0.5,1.7,3.8,11.9,4.3,4.3,6.8,6.8,30.8,1.5,2.1,0.3,0.8,2.7,19.7,2.4,11.6,16.3
3616,2025,Zach LaVine,2TM,SG,74,74,35.2,8.4,16.5,.511,3.2,7.2,.446,5.2,9.3,.562,.609,3.2,3.9,.825,0.3,0.9,4.0,12.0,4.3,4.3,6.5,4.2,18.3,0.8,1.1,0.2,0.4,1.6,23.3,2.8,13.4,17.3
3617,2025,Zach LaVine,CHI,SF,42,42,34.1,8.6,16.9,.511,3.2,7.3,.446,5.4,9.6,.560,.607,3.5,4.3,.797,0.3,0.9,4.5,13.7,4.8,4.8,7.4,4.5,20.5,0.9,1.3,0.2,0.6,1.5,24.0,2.9,13.3,18.4
3618,2025,Zach LaVine,SAC,SG,32,32,36.6,8.2,16.0,.511,3.2,7.2,.446,5.0,8.8,.564,.611,2.8,3.2,.874,0.3,1.0,3.2,9.9,3.5,3.5,5.4,3.8,15.6,0.6,0.8,0.1,0.2,1.8,22.4,2.7,13.5,15.9
3619,2025,Ja Morant,MEM,PG,50,50,30.4,8.1,17.8,.454,1.8,5.7,.309,6.3,12.1,.523,.504,5.3,6.4,.824,0.7,2.4,3.4,11.8,4.1,4.1,7.1,7.3,36.0,1.2,1.9,0.2,0.7,2.3,23.2,3.7,15.2,19.3
3620,2025,James Harden,LAC,PG,79,79,35.3,6.7,16.4,.410,3.0,8.5,.352,3.7,7.9,.472,.501,6.4,7.3,.874,0.7,2.3,5.1,16.1,5.8,5.8,9.3,8.7,36.8,1.5,2.1,0.7,2.0,2.1,22.8,4.3,18.0,20.0
3621,2025,Jaylen Brown,BOS,SF,63,63,34.3,8.2,17.7,.463,1.8,5.7,.324,6.4,12.1,.529,.515,3.9,5.1,.764,1.3,4.1,4.5,14.4,5.8,5.8,9.3,4.5,21.4,1.2,1.7,0.3,0.8,2.4,22.2,2.6,11.4,17.8
3622,2025,DeMar DeRozan,SAC,SF,77,77,35.9,8.1,17.0,.477,1.1,3.3,.328,7.0,13.7,.513,.509,4.9,5.7,.857,0.6,2.0,3.2,10.1,3.9,3.9,6.0,4.4,18.7,0.8,1.1,0.4,1.1,1.9,22.2,1.4,6.5,17.7
3623,2025,Brandon Ingram,NOP,SF,18,18,33.1,8.6,18.5,.465,2.4,6.4,.374,6.2,12.1,.514,.530,2.6,3.1,.855,0.9,3.0,4.6,15.5,5.6,5.6,9.1,5.2,26.8,0.9,1.3,0.6,1.8,2.5,22.2,3.8,16.2,16.0
3624,2025,Jaren Jackson Jr.,MEM,C,74,74,29.8,8.0,16.4,.488,2.0,5.3,.375,6.0,11.1,.541,.548,4.2,5.4,.781,1.2,4.4,4.4,15.5,5.6,5.6,10.0,2.0,10.1,1.2,1.9,1.5,4.7,3.5,22.2,2.1,9.9,19.6
3625,2025,Norman Powell,LAC,SG,60,60,32.6,7.6,15.8,.484,3.0,7.1,.418,4.6,8.6,.538,.578,3.6,4.4,.804,0.4,1.2,2.8,9.6,3.2,3.2,5.5,2.1,10.2,1.2,1.8,0.2,0.5,1.9,21.8,1.8,9.2,17.5
3626,2025,Jalen Williams,OKC,SG,69,69,32.4,8.2,16.9,.484,1.8,4.9,.365,6.4,12.0,.533,.537,3.4,4.3,.789,0.9,2.9,4.5,14.6,5.3,5.3,8.8,5.1,23.4,1.6,2.4,0.7,2.1,2.3,21.6,2.2,10.3,20.3
3627,2025,Kawhi Leonard,LAC,SF,37,37,31.9,8.4,16.8,.498,2.1,5.1,.411,6.3,11.7,.536,.560,2.6,3.3,.810,0.9,3.4,5.0,17.4,5.9,5.9,10.5,3.1,16.4,1.6,2.5,0.5,1.4,1.5,21.5,1.9,9.6,20.5
3628,2025,Jamal Murray,DEN,PG,67,67,36.1,7.9,16.7,.474,2.3,5.9,.393,5.6,10.8,.518,.543,3.3,3.7,.886,0.7,2.2,3.2,9.3,3.9,3.9,5.9,6.0,23.2,1.4,1.8,0.5,1.2,1.9,21.4,2.1,10.1,17.8
3629,2025,Trey Murphy III,NOP,SF,53,51,35.0,7.2,15.8,.454,3.0,8.3,.361,4.2,7.6,.556,.548,3.8,4.3,.887,0.9,2.7,4.2,13.2,5.1,5.1,7.8,3.5,15.9,1.1,1.5,0.7,2.0,2.1,21.2,1.9,9.9,17.3
3630,2025,RJ Barrett,TOR,SF,58,58,32.2,7.9,16.9,.468,1.8,5.3,.350,6.1,11.7,.522,.523,3.4,5.4,.630,1.1,3.4,5.3,17.9,6.3,6.3,10.5,5.4,27.3,0.8,1.2,0.3,0.9,2.4,21.1,2.8,12.9,16.5
3631,2025,CJ McCollum,NOP,PG,56,56,32.7,7.9,17.9,.444,3.1,8.2,.373,4.9,9.7,.505,.530,2.2,3.1,.717,0.8,2.4,3.0,10.3,3.8,3.8,6.2,4.1,20.6,0.8,1.2,0.4,1.3,2.2,21.1,1.9,9.0,15.8
3632,2025,Jalen Green,HOU,SG,82,82,32.9,7.4,17.5,.423,2.9,8.1,.354,4.6,9.5,.482,.505,3.3,4.1,.813,0.5,1.7,4.0,13.4,4.6,4.6,7.4,3.4,16.0,0.9,1.3,0.3,0.9,1.5,21.0,2.5,11.4,15.1
3633,2025,Brandon Miller,CHO,SF,27,27,34.2,7.3,18.2,.403,3.9,10.9,.355,3.5,7.3,.475,.509,2.5,2.9,.861,0.9,2.8,3.9,12.5,4.9,4.9,7.6,3.6,18.3,1.1,1.5,0.7,2.1,2.7,21.0,2.8,12.6,14.0
3634,2025,Darius Garland,CLE,PG,75,75,30.7,7.4,15.7,.472,2.8,7.1,.401,4.6,8.6,.530,.562,3.0,3.4,.878,0.6,2.3,2.2,7.6,2.9,2.9,5.0,6.7,32.2,1.2,1.9,0.1,0.4,1.9,20.6,2.5,12.8,19.9
3635,2025,Jordan Poole,WAS,SG,68,68,29.4,6.7,15.5,.432,3.5,9.1,.378,3.3,6.4,.510,.544,3.6,4.0,.883,0.5,1.6,2.5,9.0,3.0,3.0,5.3,4.5,25.6,1.3,2.0,0.4,1.2,3.0,20.5,3.0,14.8,16.6
3636,2025,Coby White,CHI,SG,74,73,33.1,6.9,15.1,.453,2.9,7.9,.370,3.9,7.3,.544,.550,3.7,4.1,.902,0.3,1.1,3.4,10.4,3.7,3.7,5.8,4.5,19.5,0.9,1.3,0.2,0.6,2.1,20.4,2.4,12.4,15.5
3637,2025,Miles Bridges,CHO,PF,64,64,31.7,7.3,17.0,.431,2.2,7.0,.313,5.1,10.0,.513,.495,3.5,4.0,.870,1.1,3.7,6.4,21.9,7.5,7.5,12.6,3.9,21.7,0.7,1.1,0.7,2.2,1.5,20.3,2.1,10.2,17.7
3638,2025,Austin Reaves,LAL,SG,73,73,34.9,6.5,14.2,.460,2.7,7.3,.377,3.8,6.9,.547,.556,4.4,5.0,.877,0.8,2.8,3.7,11.5,4.5,4.5,7.3,5.8,24.9,1.1,1.6,0.3,0.8,2.1,20.2,2.4,12.9,18.1
3639,2025,Pascal Siakam,IND,PF,78,78,32.7,7.9,15.2,.519,1.6,4.2,.389,6.2,11.0,.568,.572,2.9,3.9,.734,1.7,5.9,5.2,17.6,6.9,6.9,11.8,3.4,15.7,0.9,1.3,0.5,1.5,2.4,20.2,1.4,7.6,19.2
3640,2025,Kristaps Porziņģis,BOS,C,42,42,28.8,6.6,13.7,.483,2.5,6.0,.412,4.1,7.7,.537,.572,3.8,4.7,.809,1.6,6.1,5.1,19.3,6.8,6.8,12.8,2.1,11.4,0.7,1.3,1.5,4.8,2.8,19.5,1.3,7.4,22.3
3641,2025,Scottie Barnes,TOR,PF,65,65,32.8,7.3,16.4,.446,1.2,4.3,.271,6.1,12.0,.508,.482,3.5,4.6,.755,1.7,5.3,6.0,20.2,7.7,7.7,12.6,5.8,27.7,1.4,2.1,1.0,2.8,1.7,19.3,2.8,13.4,17.8
3642,2025,Anfernee Simons,POR,SG,70,70,32.7,6.8,16.1,.426,3.1,8.5,.363,3.8,7.6,.496,.521,2.5,2.8,.902,0.4,1.2,2.3,8.0,2.7,2.7,4.5,4.8,23.3,0.9,1.3,0.1,0.2,1.7,19.3,2.0,10.6,14.9
3643,2025,Desmond Bane,MEM,SG,69,68,32.0,7.1,14.8,.484,2.4,6.1,.392,4.8,8.7,.548,.565,2.6,2.9,.894,0.9,3.0,5.2,16.9,6.1,6.1,10.0,5.3,23.6,1.2,1.7,0.4,1.2,2.4,19.2,2.4,13.3,17.9
3644,2025,Domantas Sabonis,SAC,C,70,70,34.7,7.5,12.8,.590,0.9,2.2,.417,6.6,10.5,.627,.627,3.1,4.1,.754,3.8,12.3,10.1,32.6,13.9,13.9,22.4,6.0,26.0,0.7,1.0,0.4,1.0,3.3,19.1,2.9,16.5,22.9
3645,2025,Alperen Şengün,HOU,C,76,76,31.5,7.5,15.0,.496,0.3,1.2,.233,7.2,13.9,.519,.505,3.9,5.6,.692,3.4,11.4,6.9,23.8,10.3,10.3,17.5,4.9,24.1,1.1,1.7,0.8,2.3,2.8,19.1,2.6,12.7,21.4
3646,2025,John Collins,UTA,PF,40,31,30.5,7.0,13.3,.527,1.5,3.7,.399,5.5,9.6,.577,.583,3.5,4.1,.848,2.2,7.9,6.0,20.9,8.2,8.2,14.4,2.0,10.8,1.0,1.5,1.0,3.1,2.9,19.0,2.6,14.6,19.0
3647,2025,Lauri Markkanen,UTA,PF,47,47,31.4,6.3,14.9,.423,2.9,8.5,.346,3.4,6.4,.525,.521,3.4,3.9,.876,1.5,5.3,4.4,14.9,5.9,5.9,10.1,1.5,7.5,0.7,1.1,0.4,1.1,1.7,19.0,1.4,7.8,15.6
3648,2025,Jalen Johnson,ATL,SF,36,36,35.7,7.5,15.1,.500,1.2,3.9,.312,6.3,11.1,.566,.541,2.6,3.5,.746,1.7,5.2,8.3,26.0,10.0,10.0,15.3,5.0,20.5,1.6,2.0,1.0,2.6,1.9,18.9,2.9,15.1,17.3
3649,2025,Cameron Johnson,BRK,PF,57,57,31.6,6.2,13.1,.475,2.8,7.2,.390,3.4,5.9,.578,.582,3.5,3.9,.893,0.9,3.3,3.4,12.8,4.3,4.3,7.8,3.4,18.5,0.9,1.5,0.4,1.4,1.8,18.8,1.7,10.5,18.2
3650,2025,Julius Randle,MIN,PF,69,69,32.3,6.6,13.6,.485,1.6,4.6,.344,5.0,9.1,.555,.542,3.9,4.9,.806,2.1,7.3,5.0,16.8,7.1,7.1,12.1,4.7,22.5,0.7,1.0,0.2,0.7,2.5,18.7,2.8,15.3,17.5
3651,2025,Tyrese Haliburton,IND,PG,73,73,33.6,6.5,13.8,.473,3.0,7.7,.388,3.5,6.1,.581,.582,2.6,3.0,.851,0.6,1.9,3.0,9.7,3.5,3.5,5.9,9.2,38.9,1.4,2.1,0.7,1.8,1.3,18.6,1.6,9.8,21.8
3652,2025,Evan Mobley,CLE,PF,71,71,30.5,7.1,12.8,.557,1.2,3.2,.370,5.9,9.5,.621,.604,3.1,4.3,.725,2.3,8.4,7.0,24.0,9.3,9.3,16.5,3.2,15.1,0.9,1.4,1.6,4.7,2.0,18.5,2.0,12.2,22.3
3653,2025,Shaedon Sharpe,POR,SG,72,52,31.3,6.9,15.3,.452,2.0,6.6,.311,4.9,8.8,.557,.519,2.6,3.4,.785,0.9,3.2,3.6,12.7,4.5,4.5,7.8,2.8,14.2,0.9,1.3,0.2,0.6,1.7,18.5,2.1,11.0,14.5
3654,2025,Nikola Vučević,CHI,C,73,72,31.2,7.5,14.2,.530,1.8,4.4,.402,5.8,9.8,.587,.592,1.6,2.0,.805,2.4,8.3,7.6,25.2,10.1,10.1,16.9,3.5,17.1,0.8,1.2,0.7,2.0,2.2,18.5,1.6,9.7,20.3
3655,2025,Collin Sexton,UTA,SG,63,61,27.9,6.6,13.8,.480,1.7,4.3,.406,4.9,9.5,.513,.543,3.4,4.0,.865,1.0,3.7,1.8,6.8,2.7,2.7,5.2,4.2,25.1,0.7,1.3,0.1,0.3,2.3,18.4,2.5,14.1,16.6
3656,2025,Michael Porter Jr.,DEN,SF,77,77,33.7,6.9,13.6,.504,2.5,6.4,.395,4.4,7.3,.599,.596,1.9,2.5,.768,1.8,6.1,5.2,16.2,7.0,7.0,11.4,2.1,8.7,0.6,0.9,0.5,1.3,2.0,18.2,1.4,8.4,16.2
3657,2025,Bam Adebayo,MIA,C,78,78,34.3,6.9,14.3,.485,1.0,2.8,.357,5.9,11.4,.517,.521,3.2,4.2,.765,2.4,7.7,7.2,23.1,9.6,9.6,15.5,4.3,20.0,1.3,1.8,0.7,1.9,2.1,18.1,2.1,11.4,18.9
3658,2025,Andrew Wiggins,2TM,SF,60,60,30.7,6.3,14.0,.448,2.2,5.8,.374,4.1,8.2,.501,.526,3.3,4.3,.763,1.5,5.1,3.0,10.8,4.5,4.5,7.9,2.6,13.5,1.0,1.6,0.8,2.6,1.7,18.0,1.7,9.4,16.4
3659,2025,Andrew Wiggins,GSW,SF,43,43,30.1,6.1,13.7,.444,2.2,5.8,.379,3.9,7.9,.491,.524,3.2,4.2,.777,1.5,5.3,3.0,11.2,4.6,4.6,8.2,2.4,12.2,0.9,1.5,0.8,2.4,1.6,17.6,1.3,7.7,16.4
3660,2025,Andrew Wiggins,MIA,SF,17,17,32.1,6.8,14.8,.458,2.1,5.9,.360,4.6,8.9,.523,.530,3.4,4.6,.731,1.4,4.7,2.9,9.8,4.2,4.2,7.3,3.3,16.5,1.2,1.8,1.0,3.0,1.8,19.0,2.5,13.1,16.4
3661,2025,OG Anunoby,NYK,PF,74,74,36.6,6.6,13.9,.476,2.3,6.2,.372,4.3,7.7,.561,.559,2.5,3.1,.810,1.3,4.2,3.5,11.0,4.8,4.8,7.6,2.2,8.5,1.5,2.0,0.9,2.2,2.3,18.0,1.4,8.3,15.4
3662,2025,Mikal Bridges,NYK,SF,82,82,37.0,7.2,14.4,.500,2.0,5.6,.354,5.2,8.8,.594,.570,1.2,1.4,.814,0.9,2.7,2.3,7.0,3.2,3.2,4.9,3.7,14.4,0.9,1.2,0.5,1.3,1.5,17.6,1.6,9.7,14.0
3663,2025,Jaden Ivey,DET,SG,30,30,29.9,6.3,13.8,.460,2.1,5.1,.409,4.2,8.6,.490,.536,2.8,3.9,.733,1.3,5.0,2.8,10.3,4.1,4.1,7.6,4.0,19.7,0.9,1.5,0.4,1.2,2.2,17.6,3.0,16.1,14.7
3664,2025,Jimmy Butler,2TM,SF,55,55,31.7,5.5,10.9,.504,0.6,1.9,.308,4.9,9.0,.546,.531,6.0,7.1,.842,2.3,7.7,3.1,10.8,5.4,5.4,9.2,5.4,25.5,1.4,2.2,0.3,1.0,0.9,17.5,1.3,8.8,22.4
3665,2025,Jimmy Butler,MIA,PF,25,25,30.6,5.7,10.5,.540,0.5,1.4,.361,5.2,9.1,.568,.565,5.2,6.4,.801,2.2,8.0,3.0,10.9,5.2,5.2,9.4,4.8,24.2,1.1,1.8,0.4,1.3,0.9,17.0,1.2,8.2,22.8
3666,2025,Jimmy Butler,GSW,SF,30,30,32.7,5.3,11.1,.476,0.6,2.3,.279,4.7,8.9,.526,.504,6.7,7.7,.870,2.3,7.5,3.2,10.7,5.5,5.5,9.1,5.9,26.5,1.7,2.5,0.3,0.8,1.0,17.9,1.5,9.2,22.2
3667,2025,Dejounte Murray,NOP,PG,31,31,32.6,6.3,15.9,.393,1.7,5.6,.299,4.6,10.3,.444,.445,3.3,4.0,.823,0.5,1.8,5.9,20.1,6.5,6.5,10.7,7.4,34.6,2.0,3.0,0.4,1.1,2.0,17.5,3.4,16.2,15.4
3668,2025,Malik Monk,SAC,SG,65,45,31.6,6.3,14.4,.439,2.1,6.6,.325,4.2,7.9,.534,.513,2.4,2.7,.865,0.5,1.6,3.3,11.7,3.8,3.8,6.7,5.6,25.7,0.9,1.5,0.6,1.8,2.4,17.2,2.4,13.5,15.0
3669,2025,Immanuel Quickley,TOR,PG,33,33,27.8,5.6,13.3,.420,2.6,6.8,.378,3.0,6.5,.465,.517,3.4,3.9,.867,0.5,1.8,3.1,12.1,3.5,3.5,6.8,5.8,31.5,0.7,1.2,0.1,0.4,1.8,17.1,1.8,10.5,17.5
3670,2025,De'Andre Hunter,2TM,SF,64,9,27.2,5.6,11.9,.470,2.5,6.1,.405,3.1,5.8,.537,.573,3.4,4.0,.846,0.7,2.7,3.3,13.4,4.0,4.0,8.1,1.4,7.5,0.8,1.4,0.2,0.7,2.4,17.0,1.3,8.6,15.9
3671,2025,De'Andre Hunter,ATL,SF,37,4,28.8,6.1,13.3,.461,2.6,6.7,.393,3.5,6.6,.531,.560,4.1,4.8,.858,0.7,2.7,3.2,12.5,3.9,3.9,7.5,1.5,7.8,0.8,1.4,0.1,0.4,2.4,19.0,1.6,9.4,15.8
3672,2025,De'Andre Hunter,CLE,SF,27,5,25.0,4.9,10.0,.485,2.2,5.2,.426,2.6,4.8,.550,.596,2.4,2.9,.821,0.6,2.8,3.6,15.0,4.2,4.2,9.1,1.3,7.1,0.7,1.4,0.3,1.1,2.5,14.3,0.9,7.0,16.2
3673,2025,Bradley Beal,PHO,SG,53,38,32.1,6.5,13.1,.497,1.9,5.0,.386,4.6,8.1,.565,.571,2.1,2.6,.803,0.6,2.3,2.7,9.1,3.3,3.3,5.8,3.7,17.6,1.1,1.7,0.5,1.5,2.6,17.0,1.9,11.6,15.2
3674,2025,Deni Avdija,POR,SF,72,54,30.0,5.6,11.7,.476,1.7,4.8,.365,3.8,7.0,.552,.550,4.0,5.2,.780,1.5,5.4,5.7,21.2,7.3,7.3,13.1,3.9,19.9,1.0,1.6,0.5,1.5,2.4,16.9,2.7,16.3,17.7
3675,2025,Keyonte George,UTA,PG,67,35,31.5,5.4,13.7,.391,2.6,7.6,.343,2.8,6.1,.449,.485,3.5,4.3,.818,0.4,1.3,3.4,11.5,3.8,3.8,6.5,5.6,26.9,0.7,1.0,0.1,0.4,1.7,16.8,2.7,14.9,12.9
3676,2025,Ivica Zubac,LAC,C,80,80,32.8,7.4,11.8,.628,0.0,0.0,,7.4,11.8,.628,.628,2.0,3.0,.661,3.8,13.1,8.9,30.2,12.6,12.6,21.8,2.7,12.8,0.7,1.0,1.1,3.4,2.1,16.8,1.6,10.8,22.3
3677,2025,Derrick White,BOS,SG,76,76,33.9,5.6,12.6,.442,3.5,9.1,.384,2.1,3.5,.593,.580,1.8,2.1,.839,0.9,2.8,3.6,11.5,4.5,4.5,7.2,4.8,20.2,0.9,1.4,1.1,2.9,1.8,16.4,1.7,11.3,16.6
3678,2025,Malik Beasley,DET,SG,82,18,27.8,5.6,13.1,.430,3.9,9.3,.416,1.7,3.7,.466,.579,1.2,1.7,.679,0.6,2.3,2.0,8.0,2.6,2.6,5.2,1.7,8.9,0.9,1.5,0.1,0.2,1.5,16.3,1.0,6.8,14.4
3679,2025,Devin Vassell,SAS,SG,64,53,31.0,6.2,13.9,.443,2.5,6.7,.368,3.7,7.2,.513,.532,1.5,1.9,.792,0.5,1.8,3.5,12.0,4.0,4.0,6.9,2.9,13.8,1.3,2.0,0.5,1.5,1.7,16.3,1.4,8.5,14.2
3680,2025,Jordan Clarkson,UTA,SG,37,9,26.0,5.4,13.3,.408,2.3,6.3,.362,3.2,7.1,.448,.493,3.1,3.9,.797,0.7,2.8,2.5,10.4,3.2,3.2,6.6,3.7,22.9,0.8,1.5,0.2,0.9,1.4,16.2,2.3,13.4,14.5
3681,2025,Paul George,PHI,PF,41,41,32.5,6.0,13.9,.430,2.3,6.5,.358,3.6,7.4,.493,.514,1.9,2.4,.814,0.6,2.0,4.8,17.2,5.3,5.3,9.3,4.3,20.9,1.8,2.8,0.5,1.5,2.5,16.2,2.6,14.7,14.5
3682,2025,Jalen Suggs,ORL,PG,35,35,28.6,5.6,13.7,.410,2.2,6.9,.314,3.5,6.8,.506,.489,2.8,3.1,.882,0.7,2.5,3.4,14.2,4.0,4.0,8.1,3.7,21.6,1.5,2.5,0.9,3.2,2.8,16.2,2.9,16.2,14.4
3683,2025,Bennedict Mathurin,IND,SF,72,49,29.8,5.4,11.8,.458,1.4,4.0,.340,4.1,7.8,.519,.516,3.8,4.6,.831,1.2,4.6,4.1,15.2,5.3,5.3,9.9,1.9,8.8,0.7,1.1,0.3,1.0,2.3,16.1,1.9,11.9,13.6
3684,2025,Myles Turner,IND,C,72,72,30.2,5.4,11.3,.481,2.2,5.5,.396,3.3,5.8,.561,.577,2.6,3.3,.773,1.3,4.7,5.3,19.4,6.5,6.5,12.1,1.5,7.1,0.8,1.2,2.0,6.0,2.5,15.6,1.7,11.8,16.1
3685,2025,Christian Braun,DEN,SG,79,77,33.9,6.0,10.4,.580,1.1,2.8,.397,4.9,7.6,.648,.634,2.2,2.7,.827,1.2,4.2,3.9,12.2,5.2,5.2,8.4,2.6,10.1,1.1,1.5,0.5,1.2,2.2,15.4,1.0,8.1,16.0
3686,2025,Jonathan Kuminga,GSW,PF,47,10,24.3,5.5,12.1,.454,1.0,3.2,.305,4.5,8.9,.508,.495,3.3,5.0,.668,1.2,5.1,3.4,15.6,4.6,4.6,10.2,2.2,14.6,0.8,1.6,0.4,1.7,1.9,15.3,1.5,9.6,15.7
3687,2025,Jared McCain,PHI,SG,23,8,25.7,5.5,11.9,.460,2.2,5.8,.383,3.3,6.1,.532,.553,2.1,2.4,.875,0.6,2.4,1.9,8.6,2.4,2.4,5.4,2.6,16.7,0.7,1.2,0.0,0.0,1.6,15.3,1.6,11.0,15.2
3688,2025,Mark Williams,CHO,C,44,41,26.6,6.1,10.2,.604,0.0,0.1,.000,6.1,10.1,.609,.604,3.0,3.7,.804,3.0,11.8,7.2,29.3,10.2,10.2,20.3,2.5,16.5,0.7,1.3,1.2,4.5,2.4,15.3,1.6,12.0,23.9
3689,2025,Kelly Oubre Jr.,PHI,SF,60,57,34.6,5.8,12.4,.470,1.2,4.0,.293,4.6,8.3,.555,.518,2.3,3.1,.751,1.6,5.1,4.5,15.4,6.1,6.1,10.0,1.8,7.9,1.5,2.2,0.5,1.4,3.0,15.1,1.3,8.9,13.5
3690,2025,Chet Holmgren,OKC,C,32,32,27.4,5.2,10.7,.490,1.4,3.6,.379,3.8,7.0,.547,.554,3.2,4.2,.754,1.5,6.0,6.5,25.0,8.0,8.0,15.7,2.0,9.7,0.7,1.3,2.2,8.2,2.3,15.0,1.8,12.3,19.2
3691,2025,Kyle Kuzma,2TM,PF,65,62,29.8,5.7,13.0,.436,1.5,4.8,.307,4.2,8.2,.512,.493,2.0,3.1,.634,0.8,3.0,4.9,17.1,5.7,5.7,10.2,2.3,12.1,0.6,0.9,0.3,0.9,1.8,14.8,2.2,13.5,10.6
3692,2025,Kyle Kuzma,WAS,PF,32,30,27.7,6.0,14.2,.420,1.4,5.0,.281,4.6,9.2,.495,.469,1.8,3.1,.602,0.8,3.1,4.9,18.6,5.8,5.8,10.8,2.5,14.7,0.6,1.1,0.2,0.7,1.6,15.2,2.3,12.8,10.6
3693,2025,Kyle Kuzma,MIL,PF,33,32,31.8,5.4,11.9,.455,1.5,4.6,.333,3.9,7.3,.533,.520,2.1,3.2,.663,0.8,2.9,4.8,15.7,5.6,5.6,9.6,2.2,9.9,0.5,0.7,0.4,1.1,2.0,14.5,2.2,14.3,10.5
3694,2025,Stephon Castle,SAS,SG,81,47,26.7,5.2,12.2,.428,1.2,4.1,.285,4.0,8.1,.501,.476,3.1,4.2,.724,1.1,4.4,2.6,10.3,3.7,3.7,7.4,4.1,22.8,0.9,1.7,0.3,0.9,2.0,14.7,2.2,13.4,13.7
3695,2025,Aaron Gordon,DEN,PF,51,42,28.4,5.2,9.7,.531,1.5,3.4,.436,3.7,6.4,.582,.607,2.8,3.5,.810,1.6,6.4,3.3,12.1,4.8,4.8,9.4,3.2,15.0,0.5,0.8,0.3,0.9,1.6,14.7,1.4,11.3,17.0
3696,2025,P.J. Washington,DAL,PF,57,56,32.2,5.3,11.7,.453,1.6,4.2,.381,3.7,7.5,.493,.521,2.5,3.5,.722,1.4,5.0,6.3,20.9,7.8,7.8,13.1,2.3,10.1,1.1,1.7,1.1,2.8,2.3,14.7,2.1,13.6,14.0
3697,2025,Quentin Grimes,2TM,SG,75,37,26.8,5.1,11.0,.467,2.2,5.6,.385,3.0,5.4,.552,.565,2.2,2.9,.757,0.8,3.2,3.5,14.7,4.3,4.3,8.9,3.0,17.7,1.0,1.8,0.3,1.0,1.8,14.6,1.9,13.3,15.9
3698,2025,Quentin Grimes,DAL,SG,47,12,22.8,3.6,7.8,.463,1.7,4.3,.398,1.9,3.5,.543,.573,1.3,1.7,.765,0.6,3.1,3.2,14.9,3.8,3.8,9.1,2.1,13.2,0.7,1.4,0.2,0.8,1.7,10.2,1.3,13.2,13.3
3699,2025,Quentin Grimes,PHI,SG,28,25,33.7,7.7,16.4,.469,2.9,7.9,.373,4.8,8.5,.559,.559,3.6,4.8,.752,1.0,3.3,4.1,14.5,5.2,5.2,8.7,4.5,22.7,1.5,2.2,0.4,1.2,2.1,21.9,2.9,13.4,18.8
3700,2025,Josh Giddey,CHI,PG,70,69,30.2,5.3,11.4,.465,1.5,4.0,.378,3.8,7.4,.512,.531,2.5,3.2,.781,1.8,6.4,6.3,21.4,8.1,8.1,14.0,7.2,32.9,1.2,1.9,0.6,1.8,1.7,14.6,2.9,18.4,18.1
3701,2025,Jakob Poeltl,TOR,C,57,56,29.6,6.4,10.2,.627,0.0,0.1,.333,6.4,10.1,.628,.628,1.7,2.5,.674,3.3,11.7,6.3,23.3,9.6,9.6,17.4,2.8,14.5,1.2,1.9,1.2,4.0,3.1,14.5,1.9,14.7,20.0
3702,2025,Deandre Ayton,POR,C,40,40,30.2,6.6,11.7,.566,0.2,0.8,.188,6.5,10.9,.594,.573,1.0,1.5,.667,3.1,10.9,7.1,26.0,10.2,10.2,18.2,1.6,8.5,0.8,1.2,1.0,2.9,2.2,14.4,1.7,12.2,17.7
3703,2025,Gradey Dick,TOR,SG,54,54,29.4,4.9,12.0,.410,2.1,6.0,.350,2.8,5.9,.470,.498,2.5,2.9,.858,0.8,2.9,2.8,10.3,3.6,3.6,6.5,1.8,8.9,0.9,1.5,0.2,0.6,2.2,14.4,1.5,10.4,10.9
3704,2025,Jerami Grant,POR,PF,47,47,32.4,4.6,12.2,.373,2.3,6.3,.365,2.3,5.9,.381,.467,3.0,3.5,.849,0.6,1.8,2.9,10.0,3.5,3.5,5.8,2.1,9.5,0.9,1.3,1.0,2.7,2.3,14.4,1.4,9.1,10.9
3705,2025,Payton Pritchard,BOS,PG,80,3,28.4,5.1,10.8,.472,3.2,7.8,.407,1.9,3.0,.642,.620,0.9,1.1,.845,1.3,4.9,2.6,9.8,3.8,3.8,7.3,3.5,18.1,0.9,1.5,0.2,0.6,1.5,14.3,1.0,8.4,17.6
3706,2025,Naz Reid,MIN,C,80,17,27.5,5.3,11.5,.462,2.2,5.8,.379,3.1,5.8,.544,.556,1.4,1.8,.776,1.2,4.7,4.9,19.3,6.0,6.0,12.1,2.3,12.6,0.7,1.3,0.9,3.0,2.4,14.2,1.4,9.9,15.8
3707,2025,Dyson Daniels,ATL,SG,76,76,33.8,6.0,12.1,.493,1.1,3.1,.340,4.9,9.1,.545,.536,1.1,1.8,.593,1.6,5.1,4.3,14.2,5.9,5.9,9.6,4.4,17.9,3.0,4.2,0.7,2.0,2.3,14.1,2.0,13.6,15.6
3708,2025,Tre Mann,CHO,PG,13,0,24.5,5.4,12.4,.435,1.8,4.6,.400,3.5,7.8,.455,.509,1.5,1.6,.905,0.9,3.9,2.0,8.9,2.9,2.9,6.3,3.0,21.2,0.5,1.1,0.3,1.2,1.8,14.1,1.9,12.8,13.3
3709,2025,Amen Thompson,HOU,SF,69,42,32.2,5.6,10.1,.557,0.4,1.3,.275,5.3,8.8,.599,.575,2.4,3.6,.684,2.8,9.0,5.4,18.2,8.2,8.2,13.5,3.8,16.9,1.4,2.1,1.3,3.6,2.4,14.1,2.0,14.6,18.7
3710,2025,Fred VanVleet,HOU,PG,60,60,35.2,4.8,12.7,.378,2.7,7.7,.345,2.1,5.0,.430,.483,1.9,2.3,.810,0.5,1.6,3.2,9.7,3.7,3.7,5.6,5.6,21.2,1.6,2.2,0.4,1.1,2.3,14.1,1.5,9.6,12.8
3711,2025,Dillon Brooks,HOU,SF,75,75,31.8,5.1,11.9,.429,2.5,6.3,.397,2.6,5.7,.465,.533,1.3,1.6,.818,1.0,3.3,2.7,9.1,3.7,3.7,6.1,1.7,7.4,0.8,1.2,0.2,0.6,3.2,14.0,1.0,7.4,11.0
3712,2025,Tolu Smith,DET,PF,1,0,22.0,6.0,9.0,.667,0.0,0.0,,6.0,9.0,.667,.667,2.0,3.0,.667,4.0,20.3,4.0,20.0,8.0,8.0,20.1,0.0,0.0,0.0,0.0,0.0,0.0,3.0,14.0,2.0,16.2,19.5
3713,2025,Klay Thompson,DAL,SF,72,72,27.3,5.0,12.2,.412,3.0,7.7,.391,2.0,4.5,.448,.535,0.9,1.0,.905,0.6,2.5,2.8,11.0,3.4,3.4,6.8,2.0,10.7,0.7,1.2,0.4,1.3,1.1,14.0,1.2,8.8,12.9
3714,2025,Bobby Portis,MIL,PF,49,7,25.4,5.7,12.1,.466,1.3,3.6,.365,4.3,8.5,.508,.520,1.2,1.5,.836,1.8,8.2,6.6,27.0,8.4,8.4,18.0,2.1,12.9,0.7,1.4,0.5,1.9,1.9,13.9,1.2,8.3,17.7
3715,2025,Tobias Harris,DET,PF,73,73,31.6,5.3,11.0,.477,1.2,3.6,.345,4.0,7.4,.542,.534,2.0,2.3,.861,0.9,3.1,5.0,17.5,5.9,5.9,10.4,2.2,9.8,1.0,1.5,0.8,2.4,1.9,13.7,1.2,8.8,13.9
3716,2025,Josh Hart,NYK,SG,77,77,37.6,5.2,10.0,.525,1.1,3.3,.333,4.2,6.7,.618,.579,2.1,2.7,.776,2.1,6.4,7.5,22.6,9.6,9.6,14.6,5.9,20.7,1.5,2.0,0.4,0.9,2.6,13.6,2.1,15.5,16.5
3717,2025,Jarrett Allen,CLE,C,82,82,28.0,5.5,7.8,.706,0.0,0.1,.000,5.5,7.7,.712,.706,2.4,3.4,.718,2.6,10.5,7.1,26.7,9.7,9.7,18.8,1.9,9.5,0.9,1.6,0.9,2.9,1.5,13.5,1.2,11.3,22.1
3718,2025,Onyeka Okongwu,ATL,C,74,40,27.9,5.2,9.2,.567,0.6,2.0,.324,4.6,7.2,.634,.602,2.2,2.9,.759,3.0,11.4,5.9,24.0,8.9,8.9,17.5,2.3,11.4,0.9,1.6,0.9,3.0,2.6,13.4,1.2,10.4,19.0
3719,2025,Russell Westbrook,DEN,PG,75,36,27.9,5.0,11.1,.449,1.3,3.9,.323,3.7,7.2,.517,.505,2.1,3.1,.661,1.4,5.6,3.6,13.4,4.9,4.9,9.7,6.1,28.8,1.4,2.4,0.5,1.6,2.5,13.3,3.2,20.6,14.3
3720,2025,Naji Marshall,DAL,SF,69,31,27.8,5.2,10.3,.508,0.9,3.2,.275,4.4,7.2,.611,.551,1.9,2.3,.813,1.1,4.4,3.7,14.0,4.8,4.8,9.3,3.0,15.8,1.0,1.8,0.2,0.5,1.6,13.2,1.6,12.5,15.1
3721,2025,Dennis Schröder,3TM,PG,75,49,28.1,4.5,11.0,.406,1.7,4.9,.342,2.8,6.1,.458,.483,2.4,2.9,.838,0.4,1.4,2.3,9.2,2.6,2.6,5.2,5.4,28.7,0.9,1.5,0.2,0.6,2.4,13.1,1.9,13.3,12.7
3722,2025,Dennis Schröder,BRK,PG,23,23,33.6,6.4,14.1,.452,2.5,6.5,.387,3.9,7.6,.509,.542,3.1,3.5,.889,0.2,0.6,2.8,9.9,3.0,3.0,5.0,6.6,33.4,1.1,1.7,0.2,0.5,2.4,18.4,2.6,14.1,16.0
3723,2025,Dennis Schröder,GSW,SG,24,18,26.2,3.9,10.5,.375,1.5,4.8,.322,2.4,5.7,.419,.448,1.2,1.6,.744,0.4,1.7,1.9,8.1,2.3,2.3,4.8,4.4,24.0,1.0,1.9,0.1,0.5,2.8,10.6,2.0,15.2,8.4
3724,2025,Dennis Schröder,DET,PG,28,8,25.2,3.4,9.0,.378,1.1,3.8,.302,2.3,5.2,.434,.442,2.9,3.4,.833,0.5,2.1,2.2,9.5,2.6,2.6,5.8,5.3,27.8,0.5,1.0,0.2,0.7,2.0,10.8,1.3,10.7,12.9
3725,2025,Rui Hachimura,LAL,PF,59,57,31.7,5.0,9.8,.509,1.7,4.2,.413,3.2,5.6,.581,.597,1.5,1.9,.770,1.3,4.9,3.7,12.6,5.0,5.0,8.9,1.4,6.4,0.8,1.2,0.4,1.3,1.8,13.1,0.8,7.3,13.6
3726,2025,Brook Lopez,MIL,C,80,80,31.8,4.9,9.7,.509,1.7,4.7,.373,3.2,5.0,.636,.599,1.4,1.7,.826,1.4,5.0,3.6,11.8,5.0,5.0,8.6,1.8,7.8,0.6,0.9,1.9,5.4,2.1,13.0,1.1,9.1,14.8
3727,2025,Alex Sarr,WAS,C,67,67,27.1,4.9,12.4,.394,1.6,5.1,.308,3.3,7.3,.454,.457,1.7,2.5,.679,1.9,7.1,4.6,17.9,6.5,6.5,12.5,2.4,13.9,0.7,1.2,1.5,5.0,2.2,13.0,1.7,11.2,12.9
3728,2025,Moritz Wagner,ORL,C,30,1,18.8,4.7,8.3,.562,0.9,2.5,.360,3.8,5.8,.649,.616,2.6,3.7,.718,1.3,7.7,3.6,23.1,4.9,4.9,15.0,1.4,13.7,0.8,2.1,0.4,2.0,1.8,12.9,1.6,14.1,22.3
3729,2025,Malcolm Brogdon,WAS,PG,24,13,23.5,4.3,10.0,.433,0.7,2.3,.286,3.7,7.7,.478,.467,3.4,3.8,.880,0.9,3.9,2.9,13.0,3.8,3.8,8.4,4.1,27.4,0.5,1.1,0.2,0.8,1.3,12.7,1.6,11.9,15.8
3730,2025,Scoot Henderson,POR,PG,66,10,26.7,4.3,10.4,.419,1.6,4.5,.354,2.8,5.9,.469,.496,2.4,3.1,.767,0.8,3.1,2.2,9.2,3.0,3.0,6.1,5.1,28.1,1.0,1.9,0.2,0.7,2.7,12.7,2.7,18.6,12.5
3731,2025,Keldon Johnson,SAS,SF,77,0,23.9,4.8,10.0,.482,1.1,3.6,.318,3.7,6.4,.573,.538,1.9,2.5,.773,1.5,6.5,3.4,15.1,4.8,4.8,10.8,1.6,10.2,0.6,1.3,0.3,1.1,1.5,12.7,1.0,8.3,15.6
3732,2025,D'Angelo Russell,2TM,PG,58,36,25.5,4.3,11.0,.390,1.9,6.2,.314,2.3,4.8,.489,.479,2.1,2.5,.834,0.3,1.5,2.4,11.0,2.8,2.8,6.2,5.1,31.2,1.0,1.9,0.4,1.5,2.0,12.6,1.9,13.3,14.0
3733,2025,D'Angelo Russell,LAL,PG,29,10,26.3,4.4,10.7,.415,1.9,5.8,.333,2.5,4.9,.510,.505,1.6,1.8,.849,0.3,1.2,2.5,10.3,2.8,2.8,5.9,4.7,26.2,0.8,1.5,0.1,0.5,1.8,12.4,1.7,13.0,13.0
3734,2025,D'Angelo Russell,BRK,PG,29,26,24.7,4.1,11.3,.367,2.0,6.6,.297,2.2,4.7,.467,.454,2.6,3.2,.826,0.4,1.8,2.4,11.6,2.8,2.8,6.5,5.6,36.6,1.1,2.3,0.7,2.6,2.1,12.9,2.0,13.6,15.1
3735,2025,Zaccharie Risacher,ATL,SF,75,73,24.6,4.8,10.4,.458,1.6,4.6,.355,3.1,5.8,.540,.537,1.4,2.0,.711,1.1,5.0,2.4,11.1,3.6,3.6,8.0,1.2,7.1,0.7,1.3,0.5,1.8,2.0,12.6,1.2,9.8,12.2
3736,2025,Santi Aldama,MEM,PF,65,16,25.5,4.8,10.0,.483,1.8,5.0,.368,3.0,5.0,.599,.576,1.0,1.4,.691,1.4,6.1,5.0,20.3,6.4,6.4,13.3,2.9,15.2,0.8,1.5,0.4,1.6,1.2,12.5,1.1,9.3,16.8
3737,2025,Ty Jerome,CLE,SG,70,3,19.9,4.6,8.8,.516,1.6,3.6,.439,3.0,5.2,.570,.606,1.8,2.1,.872,0.7,4.0,1.8,9.3,2.5,2.5,6.7,3.4,24.5,1.1,2.7,0.0,0.2,1.5,12.5,1.3,11.9,21.0
3738,2025,Keegan Murray,SAC,PF,76,76,34.3,4.8,10.8,.444,2.0,5.9,.343,2.8,4.9,.566,.538,0.8,0.9,.833,1.9,6.3,4.8,15.5,6.7,6.7,10.9,1.4,5.6,0.8,1.1,0.9,2.6,2.4,12.4,0.8,6.6,12.0
3739,2025,Lonnie Walker IV,PHI,SG,20,7,23.9,4.5,10.6,.420,2.3,6.4,.354,2.2,4.3,.518,.526,1.2,1.5,.800,0.3,1.4,2.9,14.1,3.2,3.2,7.5,2.5,16.5,0.5,1.0,0.3,1.0,1.4,12.4,1.3,10.0,13.1
3740,2025,Harrison Barnes,SAS,PF,82,82,27.2,4.2,8.3,.508,1.9,4.4,.433,2.3,3.9,.591,.622,2.0,2.4,.809,1.2,4.7,2.6,10.3,3.8,3.8,7.4,1.7,8.6,0.5,0.8,0.2,0.6,0.9,12.3,0.6,6.1,14.9
3741,2025,Bilal Coulibaly,WAS,SF,59,59,33.0,4.5,10.6,.421,1.1,3.8,.281,3.4,6.8,.500,.472,2.3,3.1,.746,1.5,4.8,3.4,10.9,5.0,5.0,7.8,3.4,14.9,1.3,1.9,0.7,1.9,2.4,12.3,2.1,15.1,10.8
3742,2025,Ayo Dosunmu,CHI,SG,46,26,30.3,4.8,9.8,.492,1.3,4.1,.328,3.5,5.7,.612,.561,1.3,1.7,.785,0.6,2.0,2.9,10.0,3.5,3.5,6.1,4.5,20.2,0.9,1.4,0.4,1.1,2.3,12.3,1.5,12.5,12.8
3743,2025,Daniel Gafford,DAL,C,57,31,21.5,5.0,7.1,.702,0.0,0.0,,5.0,7.1,.702,.702,2.4,3.4,.689,2.7,14.1,4.1,20.3,6.8,6.8,17.2,1.4,10.2,0.4,0.9,1.8,7.1,2.7,12.3,1.2,11.9,24.7
3744,2025,Jaden McDaniels,MIN,PF,82,82,31.9,4.9,10.2,.477,1.2,3.7,.330,3.6,6.5,.561,.537,1.3,1.6,.813,1.6,5.6,4.2,14.2,5.7,5.7,10.0,2.0,9.0,1.3,2.1,0.9,2.6,2.7,12.2,1.2,9.6,13.3
3745,2025,Jabari Smith Jr.,HOU,PF,57,39,30.1,4.4,9.9,.438,1.7,4.9,.354,2.6,5.1,.519,.525,1.8,2.2,.825,1.8,6.4,5.2,18.6,7.0,7.0,12.4,1.1,4.7,0.4,0.7,0.7,2.1,2.2,12.2,1.1,8.9,12.6
3746,2025,Caris LeVert,2TM,SG,64,3,24.9,4.4,9.4,.467,1.7,4.4,.373,2.7,4.9,.552,.556,1.7,2.4,.710,0.6,2.8,2.5,11.0,3.2,3.2,6.9,3.4,18.1,0.9,1.7,0.5,1.9,1.5,12.1,1.2,10.2,15.2
3747,2025,Caris LeVert,CLE,SF,38,3,23.8,3.6,7.8,.453,1.6,3.9,.405,2.0,3.9,.500,.554,1.5,2.2,.699,0.6,2.7,2.2,9.9,2.8,2.8,6.4,3.7,20.0,0.9,1.8,0.5,1.9,1.3,10.2,1.3,13.2,14.4
3748,2025,Caris LeVert,ATL,SG,26,0,26.6,5.6,11.6,.482,1.8,5.2,.338,3.8,6.3,.600,.558,2.0,2.8,.722,0.7,2.9,3.0,12.5,3.7,3.7,7.6,2.9,15.7,0.9,1.6,0.5,1.9,2.0,14.9,1.0,7.0,16.2
3749,2025,Drew Timme,BRK,PF,9,2,28.2,5.0,11.3,.441,1.0,3.9,.257,4.0,7.4,.537,.485,1.1,1.8,.625,1.9,7.3,5.3,22.5,7.2,7.2,14.5,2.2,13.1,0.4,0.8,0.1,0.4,2.3,12.1,1.7,12.1,11.0
3750,2025,Tari Eason,HOU,PF,57,16,24.9,4.8,9.8,.487,1.1,3.2,.342,3.7,6.6,.557,.543,1.4,1.8,.760,2.2,9.4,4.1,17.9,6.4,6.4,13.6,1.5,8.5,1.7,3.3,0.9,3.2,2.4,12.0,1.1,9.7,18.5
3751,2025,Rudy Gobert,MIN,C,72,72,33.2,4.7,7.1,.669,0.0,0.0,,4.7,7.1,.669,.669,2.6,3.8,.674,3.7,12.5,7.2,23.8,10.9,10.9,18.2,1.8,7.5,0.8,1.2,1.4,4.1,2.5,12.0,1.2,12.4,18.3
3752,2025,Aaron Nesmith,IND,SF,45,37,24.9,4.3,8.4,.507,1.9,4.3,.431,2.4,4.1,.587,.617,1.6,1.8,.913,0.8,3.7,3.1,13.9,4.0,4.0,8.8,1.2,6.6,0.8,1.5,0.4,1.4,2.5,12.0,0.8,8.2,14.6
3753,2025,Aaron Wiggins,OKC,SG,76,26,22.9,4.7,9.6,.488,1.7,4.5,.383,3.0,5.1,.578,.577,1.0,1.2,.831,1.1,5.1,2.8,12.9,3.9,3.9,9.1,1.8,10.6,0.8,1.7,0.2,1.0,1.3,12.0,0.9,8.3,16.1
3754,2025,Khris Middleton,2TM,SF,37,21,22.8,4.3,9.1,.475,1.3,3.6,.361,3.0,5.5,.549,.546,1.9,2.3,.857,0.4,1.7,3.4,15.4,3.7,3.7,8.7,4.1,26.8,0.9,2.0,0.2,0.9,2.0,11.9,1.5,13.0,16.7
3755,2025,Khris Middleton,MIL,SF,23,7,23.2,4.7,9.2,.512,1.5,3.7,.407,3.2,5.4,.584,.595,1.7,2.0,.848,0.2,1.1,3.5,15.7,3.7,3.7,8.7,4.4,28.5,0.7,1.5,0.2,0.9,2.3,12.6,1.6,13.8,17.8
3756,2025,Khris Middleton,WAS,SF,14,14,22.1,3.7,9.0,.413,0.9,3.4,.277,2.8,5.6,.494,.464,2.4,2.7,.868,0.6,2.7,3.1,14.9,3.7,3.7,8.7,3.4,23.9,1.3,2.8,0.2,0.9,1.6,10.7,1.4,11.7,14.9
3757,2025,Jalen Duren,DET,C,78,78,26.1,4.8,7.0,.692,0.0,0.0,,4.8,7.0,.692,.692,2.1,3.1,.669,3.6,15.2,6.8,28.7,10.3,10.3,22.0,2.7,14.7,0.7,1.3,1.1,4.2,3.2,11.8,1.7,17.2,21.4
3758,2025,Donte DiVincenzo,MIN,SG,62,10,25.9,4.0,9.6,.422,2.8,7.1,.397,1.2,2.5,.490,.568,0.8,1.0,.778,0.5,2.2,3.2,13.3,3.7,3.7,7.9,3.6,20.2,1.2,2.2,0.3,1.0,1.8,11.7,1.6,13.8,14.1
3759,2025,Brandin Podziemski,GSW,SG,64,33,26.8,4.4,9.8,.445,1.8,4.8,.372,2.6,5.0,.516,.537,1.1,1.5,.758,1.0,4.0,4.1,16.8,5.1,5.1,10.2,3.4,18.7,1.1,2.0,0.2,0.7,1.5,11.7,1.2,10.1,14.4
3760,2025,Corey Kispert,WAS,SF,61,0,26.3,4.2,9.3,.451,2.0,5.4,.364,2.2,3.9,.574,.558,1.2,1.4,.852,0.6,2.3,2.4,9.5,3.0,3.0,5.9,1.7,9.7,0.4,0.8,0.2,0.8,1.6,11.6,1.0,9.6,11.0
3761,2025,Jeremy Sochan,SAS,PF,54,23,25.3,4.6,8.7,.535,0.5,1.7,.308,4.1,7.0,.590,.565,1.6,2.3,.696,2.4,10.0,4.2,17.7,6.5,6.5,13.8,2.4,13.7,0.8,1.6,0.5,1.8,2.4,11.4,1.6,13.8,15.9
3762,2025,Toumani Camara,POR,PF,78,78,32.7,4.2,9.2,.458,1.7,4.6,.375,2.5,4.6,.542,.552,1.2,1.6,.722,2.2,7.2,3.6,12.1,5.8,5.8,9.6,2.2,9.6,1.5,2.2,0.6,1.8,2.9,11.3,1.4,12.4,12.5
3763,2025,Isaiah Hartenstein,OKC,C,57,53,27.9,4.9,8.4,.581,0.0,0.3,.000,4.9,8.1,.605,.581,1.4,2.1,.675,2.9,11.2,7.9,29.6,10.7,10.7,20.6,3.8,18.3,0.8,1.4,1.1,3.9,3.0,11.2,1.7,15.3,18.9
3764,2025,Buddy Hield,GSW,SG,82,22,22.7,4.0,9.6,.417,2.5,6.7,.370,1.5,2.9,.527,.546,0.6,0.8,.828,0.6,2.9,2.6,12.7,3.2,3.2,7.6,1.6,10.7,0.8,1.8,0.3,1.2,1.6,11.1,1.1,10.1,12.3
3765,2025,Jrue Holiday,BOS,PG,62,62,30.6,4.1,9.2,.443,1.7,4.9,.353,2.4,4.3,.547,.538,1.1,1.2,.909,1.2,4.4,3.0,10.8,4.3,4.3,7.6,3.9,17.3,1.1,1.7,0.4,1.3,1.6,11.1,1.2,11.3,13.5
3766,2025,Walker Kessler,UTA,C,58,58,30.0,4.8,7.2,.663,0.1,0.6,.176,4.7,6.6,.706,.671,1.4,2.6,.520,4.6,16.6,7.6,27.1,12.2,12.2,21.9,1.7,8.3,0.6,1.0,2.4,7.4,2.2,11.1,1.5,15.0,20.0
3767,2025,Gary Trent Jr.,MIL,SG,74,9,25.6,3.8,8.9,.431,2.4,5.9,.416,1.4,3.0,.460,.568,1.1,1.2,.848,0.3,1.2,2.0,8.2,2.3,2.3,4.8,1.2,6.4,1.0,1.8,0.1,0.2,1.7,11.1,0.6,5.7,11.7
3768,2025,Spencer Dinwiddie,DAL,PG,79,30,27.0,3.6,8.6,.416,1.4,4.1,.334,2.2,4.5,.492,.496,2.5,3.1,.802,0.2,0.9,2.4,9.5,2.6,2.6,5.3,4.4,22.1,0.9,1.6,0.2,0.7,1.5,11.0,1.3,11.4,13.0
3769,2025,Tim Hardaway Jr.,DET,SG,77,77,28.0,3.6,8.8,.406,2.2,5.9,.368,1.4,2.9,.484,.529,1.6,1.9,.855,0.2,0.9,2.1,8.4,2.4,2.4,4.7,1.6,7.6,0.5,0.8,0.1,0.3,1.2,11.0,0.6,6.1,9.8
3770,2025,Duncan Robinson,MIA,SF,74,37,24.1,3.9,9.0,.437,2.6,6.5,.393,1.4,2.4,.556,.581,0.6,0.7,.887,0.2,1.1,2.0,9.1,2.3,2.3,5.2,2.4,14.7,0.5,1.1,0.1,0.3,1.8,11.0,1.2,11.1,11.8
3771,2025,Guerschon Yabusele,PHI,C,70,43,27.1,4.0,8.0,.501,1.5,3.9,.380,2.5,4.1,.616,.593,1.4,2.0,.725,1.9,7.7,3.7,16.3,5.6,5.6,11.8,2.1,11.6,0.8,1.5,0.3,1.2,2.3,11.0,1.2,12.2,14.7
3772,2025,Brice Sensabaugh,UTA,SF,71,15,20.2,3.9,8.4,.459,2.2,5.2,.422,1.7,3.2,.520,.590,0.9,1.0,.890,0.6,3.2,2.4,12.6,3.0,3.0,7.9,1.5,12.0,0.6,1.5,0.1,0.5,1.6,10.9,1.5,14.5,13.4
3773,2025,Bogdan Bogdanović,2TM,SG,54,4,25.0,3.9,9.1,.427,1.9,5.4,.363,1.9,3.8,.517,.534,1.1,1.2,.879,0.4,2.0,2.5,11.2,2.9,2.9,6.6,2.7,15.2,0.8,1.5,0.2,0.8,2.4,10.8,1.4,12.4,11.1
3774,2025,Bogdan Bogdanović,ATL,SG,24,0,24.9,3.5,9.3,.371,1.8,6.1,.301,1.6,3.3,.500,.469,1.3,1.4,.882,0.5,2.1,2.3,10.1,2.8,2.8,6.0,2.0,10.8,0.8,1.6,0.3,0.9,2.4,10.0,1.5,13.4,7.6
3775,2025,Bogdan Bogdanović,LAC,SG,30,4,25.0,4.2,8.9,.474,2.0,4.8,.427,2.2,4.2,.528,.588,0.9,1.1,.875,0.4,1.8,2.7,12.1,3.1,3.1,7.0,3.2,18.7,0.7,1.4,0.2,0.7,2.3,11.4,1.2,11.6,14.0
3776,2025,Jordan Hawkins,NOP,SG,56,9,23.6,3.7,9.9,.372,2.0,5.9,.331,1.7,4.0,.433,.471,1.4,1.8,.816,0.4,2.0,2.4,11.2,2.8,2.8,6.5,1.2,7.3,0.5,1.1,0.4,1.7,0.9,10.8,1.0,8.8,9.6
3777,2025,Brandon Boston Jr.,NOP,SG,42,10,23.6,4.0,9.1,.436,1.2,3.3,.350,2.8,5.7,.485,.500,1.6,2.0,.788,0.7,3.0,2.5,11.9,3.2,3.2,7.3,2.2,13.7,1.3,2.6,0.2,0.9,1.7,10.7,1.2,11.1,12.7
3778,2025,Nikola Jović,MIA,PF,46,10,25.1,3.7,8.2,.456,1.7,4.6,.371,2.0,3.6,.563,.560,1.6,1.9,.828,0.6,2.5,3.3,14.6,3.9,3.9,8.6,2.8,16.6,0.8,1.6,0.3,1.1,1.8,10.7,1.3,12.6,13.8
3779,2025,Grayson Allen,PHO,SG,64,7,24.1,3.4,7.6,.448,2.3,5.5,.426,1.1,2.2,.504,.600,1.5,1.8,.816,0.5,2.5,2.5,11.3,3.0,3.0,7.0,2.1,12.5,0.8,1.7,0.3,1.2,1.5,10.6,1.2,12.2,13.7
3780,2025,Keon Johnson,BRK,SG,79,56,24.4,3.8,9.9,.389,1.6,5.1,.314,2.2,4.8,.468,.470,1.4,1.8,.770,0.8,3.5,3.0,14.5,3.8,3.8,8.8,2.2,14.6,1.0,2.1,0.4,1.5,2.6,10.6,1.5,12.1,10.4
3781,2025,Terry Rozier,MIA,PG,64,23,25.9,3.9,9.9,.391,1.4,4.8,.295,2.5,5.1,.480,.462,1.4,1.7,.852,0.7,3.0,3.0,12.8,3.7,3.7,7.9,2.6,14.8,0.6,1.1,0.2,0.8,1.1,10.6,1.2,10.3,10.5
3782,2025,Obi Toppin,IND,PF,79,4,19.6,4.0,7.6,.529,1.4,3.8,.365,2.6,3.8,.695,.621,1.1,1.4,.781,0.7,4.1,3.3,18.7,4.0,4.0,11.5,1.6,11.9,0.6,1.4,0.4,1.6,1.4,10.5,0.9,9.5,17.4
3783,2025,Jonas Valančiūnas,2TM,C,81,21,18.8,4.3,7.7,.550,0.1,0.5,.216,4.2,7.3,.571,.557,1.8,2.0,.879,2.3,13.3,5.4,30.7,7.7,7.7,22.0,2.0,17.6,0.5,1.2,0.6,2.8,2.2,10.4,1.5,14.6,20.8
3784,2025,Jonas Valančiūnas,WAS,C,49,12,20.1,4.7,8.6,.547,0.1,0.6,.259,4.6,8.1,.567,.556,1.9,2.2,.896,2.4,12.6,5.8,30.2,8.2,8.2,21.4,2.2,18.8,0.4,1.1,0.6,2.6,2.0,11.5,1.8,15.8,20.6
3785,2025,Jonas Valančiūnas,SAC,C,32,9,16.9,3.6,6.4,.556,0.0,0.3,.100,3.5,6.1,.579,.559,1.6,1.8,.847,2.2,14.5,4.8,31.7,7.0,7.0,23.1,1.8,15.3,0.5,1.4,0.6,3.3,2.6,8.7,1.0,12.2,21.1
3786,2025,Ochai Agbaji,TOR,SG,64,45,27.2,4.2,8.3,.498,1.6,4.0,.399,2.6,4.4,.587,.593,0.5,0.8,.708,1.0,3.7,2.8,11.4,3.8,3.8,7.5,1.5,7.9,0.9,1.6,0.5,1.6,2.0,10.4,0.8,8.9,12.0
3787,2025,Jaylen Wells,MEM,SG,79,74,25.9,3.6,8.6,.425,1.7,5.0,.352,1.9,3.6,.525,.527,1.4,1.7,.822,1.1,4.6,2.3,9.3,3.4,3.4,6.9,1.7,8.4,0.6,1.0,0.1,0.4,1.8,10.4,0.9,8.6,10.5
3788,2025,Grant Williams,CHO,PF,16,7,29.9,3.4,7.7,.439,1.7,4.6,.365,1.7,3.1,.551,.549,1.9,2.3,.838,1.1,3.9,4.0,14.5,5.1,5.1,9.1,2.3,11.3,1.1,1.8,0.8,2.7,2.9,10.4,1.8,16.7,11.5
3789,2025,Kevin Porter Jr.,2TM,SG,75,4,19.8,3.9,8.7,.449,0.7,2.4,.311,3.2,6.3,.501,.492,1.7,2.3,.769,0.6,3.2,3.1,17.3,3.7,3.7,10.4,3.4,25.9,1.1,2.7,0.2,0.9,1.6,10.3,1.8,15.8,15.4
3790,2025,Kevin Porter Jr.,LAC,SG,45,2,19.6,3.8,9.0,.423,0.6,2.4,.245,3.2,6.7,.485,.455,1.1,1.7,.645,0.6,3.8,2.9,16.5,3.6,3.6,10.3,3.2,24.5,1.0,2.4,0.2,1.2,1.6,9.3,1.9,16.0,12.1
3791,2025,Kevin Porter Jr.,MIL,SG,30,2,19.9,4.0,8.2,.494,1.0,2.4,.408,3.1,5.8,.529,.553,2.7,3.1,.871,0.4,2.5,3.5,18.3,3.9,3.9,10.7,3.7,28.0,1.3,3.1,0.1,0.3,1.6,11.7,1.7,15.4,20.2
3792,2025,Jose Alvarado,NOP,PG,56,23,24.4,3.6,9.3,.392,2.0,5.5,.359,1.7,3.8,.439,.498,1.1,1.3,.811,0.5,2.1,1.9,8.9,2.4,2.4,5.4,4.6,27.3,1.3,2.6,0.3,1.0,1.6,10.3,1.5,13.4,13.4
3793,2025,Nic Claxton,BRK,C,70,62,26.9,4.6,8.1,.563,0.1,0.3,.238,4.5,7.8,.576,.568,1.1,2.2,.513,2.2,9.0,5.1,22.7,7.4,7.4,15.5,2.2,13.7,0.9,1.6,1.4,5.3,2.1,10.3,1.2,12.0,16.5
3794,2025,Herbert Jones,NOP,SF,20,20,32.4,3.8,8.6,.436,1.1,3.6,.306,2.7,5.0,.530,.500,1.7,2.0,.825,1.1,3.6,2.8,9.6,3.9,3.9,6.5,3.3,13.8,1.9,2.8,0.5,1.3,3.3,10.3,1.8,15.6,10.4
3795,2025,De'Anthony Melton,GSW,SG,6,2,20.2,3.7,9.0,.407,2.2,5.8,.371,1.5,3.2,.474,.528,0.8,1.3,.625,1.0,5.2,2.3,12.8,3.3,3.3,8.9,2.8,21.1,1.2,2.8,0.3,1.6,3.0,10.3,1.7,14.8,13.3
3796,2025,Isaiah Joe,OKC,SG,74,16,21.7,3.5,7.9,.440,2.6,6.3,.412,0.9,1.6,.549,.604,0.6,0.8,.821,0.6,2.8,2.1,10.1,2.6,2.6,6.6,1.6,9.7,0.6,1.4,0.1,0.6,1.5,10.2,0.5,5.8,14.0
3797,2025,Tyus Jones,PHO,PG,81,58,26.8,3.8,8.4,.448,2.0,5.0,.414,1.7,3.5,.496,.570,0.6,0.7,.895,0.5,2.1,1.9,7.8,2.4,2.4,5.0,5.3,27.7,0.9,1.6,0.1,0.3,0.8,10.2,1.1,11.4,14.5
3798,2025,Trendon Watford,BRK,PF,44,6,20.8,3.7,8.0,.469,0.7,2.0,.330,3.1,6.0,.515,.510,2.1,2.8,.762,0.8,4.4,2.8,16.0,3.6,3.6,9.9,2.6,21.0,0.6,1.5,0.3,1.3,2.2,10.2,1.9,17.1,13.0
3799,2025,Keion Brooks Jr.,NOP,SF,14,6,23.7,3.8,7.8,.486,1.0,3.1,.326,2.8,4.7,.591,.550,1.6,2.1,.733,0.9,3.8,3.3,15.4,4.1,4.1,9.4,0.9,5.7,0.7,1.5,0.7,2.9,2.1,10.1,0.9,8.9,12.8
3800,2025,Luguentz Dort,OKC,SF,71,71,29.2,3.6,8.4,.435,2.4,5.8,.412,1.2,2.5,.489,.578,0.5,0.6,.717,1.3,4.7,2.9,10.3,4.1,4.1,7.6,1.6,6.9,1.1,1.8,0.5,1.9,2.9,10.1,0.7,7.7,11.3
3801,2025,Justin Edwards,PHI,SF,44,26,26.3,3.9,8.6,.455,1.6,4.3,.363,2.3,4.3,.548,.546,0.7,1.0,.696,1.0,4.3,2.3,10.4,3.4,3.4,7.3,1.6,8.9,1.0,1.9,0.4,1.4,2.2,10.1,1.1,11.0,11.3
3802,2025,Derrick Jones Jr.,LAC,SF,77,55,24.3,4.0,7.6,.526,1.0,2.8,.356,3.0,4.8,.627,.593,1.1,1.5,.703,1.2,5.7,2.2,10.1,3.4,3.4,8.0,0.8,4.6,1.0,2.1,0.4,1.7,2.0,10.1,0.9,9.3,13.5
3803,2025,Ausar Thompson,DET,SF,59,48,22.5,4.2,7.8,.535,0.2,0.8,.224,4.0,7.0,.572,.547,1.5,2.4,.641,1.9,9.3,3.3,15.9,5.1,5.1,12.6,2.3,14.4,1.7,3.5,0.7,2.9,2.8,10.1,1.4,13.3,17.2
3804,2025,Chris Boucher,TOR,PF,50,0,17.2,3.6,7.4,.492,1.4,3.9,.363,2.2,3.5,.633,.586,1.4,1.7,.782,1.4,8.5,3.1,19.6,4.5,4.5,13.9,0.7,5.9,0.5,1.3,0.5,2.8,1.4,10.0,0.6,6.6,18.7
3805,2025,Andrew Nembhard,IND,SG,65,65,28.9,3.8,8.3,.458,0.8,2.7,.291,3.0,5.6,.538,.506,1.7,2.1,.794,0.5,2.0,2.8,10.7,3.3,3.3,6.4,5.0,22.5,1.2,2.0,0.2,0.5,2.3,10.0,1.7,15.8,11.7
3806,2025,Ziaire Williams,BRK,SF,63,45,24.5,3.4,8.3,.412,1.6,4.8,.341,1.8,3.5,.509,.511,1.6,2.0,.821,1.0,4.3,3.6,17.5,4.6,4.6,10.6,1.3,8.5,1.0,2.0,0.4,1.8,2.4,10.0,1.1,10.5,11.9
3807,2025,Kevin Huerter,2TM,SG,69,31,24.3,3.7,8.8,.425,1.9,5.7,.338,1.8,3.1,.587,.535,0.5,0.7,.714,0.4,2.0,2.5,11.3,3.0,3.0,6.7,2.3,12.6,1.0,1.9,0.3,1.3,1.8,9.9,1.0,9.7,11.3
3808,2025,Kevin Huerter,SAC,SG,43,15,20.9,3.0,7.2,.413,1.4,4.8,.302,1.5,2.4,.629,.513,0.5,0.7,.714,0.4,2.4,2.3,12.6,2.8,2.8,7.5,1.7,11.0,0.8,2.0,0.4,1.7,1.6,7.9,0.9,10.3,10.6
3809,2025,Kevin Huerter,CHI,SG,26,16,30.0,5.0,11.3,.439,2.7,7.2,.376,2.3,4.2,.546,.558,0.6,0.8,.714,0.4,1.5,2.8,9.8,3.3,3.3,5.7,3.2,14.4,1.2,1.8,0.3,0.8,2.0,13.2,1.2,9.0,12.0
3810,2025,Georges Niang,2TM,PF,79,3,21.5,3.6,7.8,.461,2.1,5.2,.406,1.5,2.7,.569,.595,0.6,0.7,.793,0.6,3.1,2.8,14.3,3.4,3.4,8.7,1.4,8.8,0.4,0.8,0.2,0.8,2.5,9.9,1.0,11.3,11.2
3811,2025,Georges Niang,CLE,PF,51,1,20.6,3.3,6.8,.477,1.8,4.4,.400,1.5,2.4,.618,.606,0.5,0.6,.793,0.7,3.6,3.0,15.5,3.7,3.7,9.7,1.3,8.3,0.3,0.8,0.1,0.6,2.5,8.7,0.9,11.7,11.1
3812,2025,Georges Niang,ATL,PF,28,2,23.0,4.3,9.7,.441,2.7,6.6,.413,1.6,3.1,.500,.581,0.8,1.0,.793,0.5,2.2,2.5,12.2,3.0,3.0,7.1,1.6,9.6,0.4,0.8,0.3,1.0,2.6,12.1,1.2,10.7,11.4
3813,2025,Julian Champagnie,SAS,SF,82,29,23.6,3.4,8.1,.415,2.2,5.9,.371,1.2,2.3,.530,.549,1.0,1.1,.904,0.8,3.7,3.1,13.9,3.9,3.9,8.8,1.4,7.9,0.7,1.5,0.4,1.6,1.4,9.9,0.9,9.5,12.2
3814,2025,Scotty Pippen Jr.,MEM,PG,79,21,21.3,3.6,7.5,.480,1.1,2.8,.397,2.5,4.7,.528,.553,1.5,2.2,.713,0.8,4.1,2.5,12.1,3.3,3.3,8.1,4.4,27.1,1.3,2.8,0.4,1.6,2.6,9.9,1.7,17.1,15.8
3815,2025,Nick Smith Jr.,CHO,SG,60,27,22.8,3.7,9.5,.391,1.7,5.1,.340,2.0,4.4,.450,.482,0.7,0.8,.935,0.2,1.0,1.9,9.1,2.1,2.1,5.0,2.4,16.7,0.3,0.6,0.1,0.4,1.3,9.9,1.4,12.2,8.3
3816,2025,Bub Carrington,WAS,PG,82,57,30.0,3.7,9.1,.401,1.7,5.0,.339,2.0,4.2,.475,.493,0.8,1.0,.812,0.4,1.4,3.8,13.1,4.2,4.2,7.2,4.4,21.2,0.7,1.0,0.3,0.8,2.3,9.8,1.7,15.2,9.0
3817,2025,Moses Moody,GSW,SG,74,34,22.3,3.3,7.7,.433,1.7,4.6,.374,1.6,3.1,.519,.544,1.4,1.8,.797,0.7,3.3,1.9,9.2,2.6,2.6,6.2,1.3,8.3,0.8,1.7,0.4,1.8,1.6,9.8,0.7,7.9,12.4
3818,2025,Amir Coffey,LAC,SG,72,13,24.3,3.3,7.1,.471,1.4,3.4,.409,1.9,3.7,.529,.570,1.6,1.8,.891,0.4,2.1,1.8,8.2,2.2,2.2,5.2,1.1,6.1,0.6,1.1,0.1,0.4,1.7,9.7,0.6,7.4,11.2
3819,2025,Max Christie,2TM,SG,78,36,27.3,3.2,7.6,.427,1.5,4.0,.366,1.8,3.5,.496,.525,1.7,1.9,.855,0.5,2.0,2.8,11.2,3.3,3.3,6.7,1.9,9.2,0.8,1.5,0.4,1.3,1.5,9.6,1.1,11.8,10.4
3820,2025,Max Christie,LAL,SG,46,25,25.1,2.8,6.3,.444,1.3,3.5,.368,1.5,2.7,.544,.549,1.6,1.9,.851,0.5,2.5,2.1,9.3,2.7,2.7,6.0,1.4,7.7,0.8,1.5,0.5,1.7,1.6,8.5,0.8,10.7,10.6
3821,2025,Max Christie,DAL,SG,32,11,30.4,3.9,9.4,.411,1.7,4.7,.364,2.2,4.7,.457,.502,1.8,2.0,.862,0.4,1.5,3.8,13.4,4.2,4.2,7.6,2.5,11.0,0.9,1.4,0.3,0.9,1.3,11.2,1.5,12.9,10.2
3822,2025,Kyle Filipowski,UTA,C,72,27,21.1,3.6,7.2,.502,1.1,3.1,.350,2.5,4.1,.614,.576,1.3,2.0,.650,1.6,8.0,4.6,23.1,6.1,6.1,15.6,1.9,13.9,0.7,1.5,0.3,1.4,2.4,9.6,1.4,14.9,14.9
3823,2025,Tosan Evbuomwan,BRK,SF,28,0,23.8,3.4,7.9,.427,0.9,2.8,.312,2.5,5.1,.490,.482,2.0,2.6,.753,1.1,5.2,3.1,15.8,4.3,4.3,10.2,2.0,12.9,0.9,1.8,0.4,1.5,2.0,9.5,1.4,13.4,11.6
3824,2025,Miles McBride,NYK,SG,64,10,24.9,3.5,8.5,.406,1.8,4.9,.369,1.7,3.7,.455,.511,0.8,1.0,.813,0.7,3.4,1.8,8.1,2.5,2.5,5.8,2.9,15.6,1.0,2.1,0.3,1.0,1.7,9.5,0.6,6.7,12.6
3825,2025,Jalen Wilson,BRK,PF,79,22,25.7,3.1,7.8,.397,1.5,4.6,.337,1.6,3.3,.481,.495,1.7,2.1,.818,0.9,4.0,2.5,11.4,3.4,3.4,7.5,1.8,10.8,0.5,1.0,0.1,0.2,2.1,9.5,1.0,10.2,9.5
3826,2025,Nickeil Alexander-Walker,MIN,SG,82,10,25.3,3.3,7.5,.438,1.7,4.5,.381,1.6,3.0,.524,.553,1.1,1.4,.780,0.7,2.9,2.6,11.1,3.2,3.2,7.1,2.7,15.0,0.6,1.2,0.4,1.5,1.7,9.4,1.2,12.9,11.6
3827,2025,Cole Anthony,ORL,PG,67,22,18.4,3.4,8.1,.424,1.1,3.3,.353,2.3,4.9,.471,.494,1.4,1.7,.823,0.7,4.1,2.4,15.5,3.0,3.0,9.5,2.9,25.5,0.7,1.8,0.5,2.5,2.3,9.4,1.5,14.8,14.2
3828,2025,Anthony Black,ORL,PG,78,10,24.2,3.4,7.9,.423,0.8,2.5,.318,2.6,5.4,.471,.473,1.9,2.5,.761,0.7,3.0,2.3,11.4,2.9,2.9,7.0,3.1,19.4,1.1,2.3,0.6,2.4,2.1,9.4,1.8,16.4,11.6
3829,2025,Max Strus,CLE,SF,50,37,25.5,3.3,7.5,.442,2.3,5.9,.386,1.0,1.6,.650,.594,0.6,0.7,.824,1.1,4.6,3.3,13.6,4.3,4.3,9.2,3.2,15.6,0.5,1.0,0.2,0.9,2.1,9.4,1.1,12.2,12.6
3830,2025,Tristan Vukcevic,WAS,C,35,1,14.7,3.4,6.9,.496,1.1,2.9,.373,2.3,4.0,.586,.574,1.5,1.9,.776,0.7,5.2,3.0,21.2,3.7,3.7,13.2,1.1,13.0,0.3,1.0,0.7,4.0,1.6,9.4,1.2,13.4,17.8
3831,2025,Cam Whitmore,HOU,SF,51,3,16.2,3.5,7.9,.444,1.3,3.6,.355,2.2,4.3,.518,.525,1.1,1.4,.750,0.7,4.5,2.3,15.1,3.0,3.0,9.7,1.0,8.9,0.6,1.8,0.3,1.4,0.9,9.4,0.9,9.6,15.5
3832,2025,Nick Richards,2TM,C,57,43,22.0,3.6,6.1,.591,0.0,0.0,.000,3.6,6.1,.594,.591,2.1,2.8,.744,2.6,13.1,5.6,27.5,8.2,8.2,20.4,0.9,5.9,0.2,0.5,1.0,4.2,2.5,9.3,1.4,16.3,16.6
3833,2025,Nick Richards,CHO,C,21,9,21.0,3.0,5.4,.561,0.0,0.0,.000,3.0,5.4,.566,.561,2.8,4.1,.678,2.4,12.1,5.1,26.5,7.5,7.5,19.1,1.3,9.8,0.3,0.8,1.2,5.8,2.3,8.9,1.6,17.8,17.2
3834,2025,Nick Richards,PHO,C,36,34,22.7,3.9,6.5,.605,0.0,0.0,.000,3.9,6.4,.608,.605,1.7,2.0,.822,2.7,13.6,5.9,28.1,8.6,8.6,21.1,0.6,3.8,0.2,0.4,0.8,3.3,2.6,9.5,1.3,15.3,16.3
3835,2025,Kel'el Ware,MIA,C,64,36,22.2,4.0,7.3,.554,0.5,1.7,.315,3.5,5.5,.629,.592,0.7,1.0,.687,1.8,9.1,5.6,27.5,7.4,7.4,18.4,0.9,6.5,0.6,1.4,1.1,4.8,1.7,9.3,0.9,10.4,17.4
3836,2025,Zach Edey,MEM,C,66,55,21.5,3.8,6.6,.580,0.3,0.8,.346,3.5,5.8,.612,.600,1.4,1.9,.709,3.5,17.5,4.8,23.4,8.3,8.3,20.5,1.0,6.1,0.5,1.2,1.3,5.5,2.8,9.2,1.3,15.3,18.2
3837,2025,Wendell Carter Jr.,ORL,C,68,51,25.9,3.3,7.2,.460,0.5,2.3,.234,2.8,4.9,.568,.498,1.9,2.6,.737,2.2,9.4,5.0,23.4,7.2,7.2,16.0,2.0,11.5,0.8,1.5,0.6,2.2,2.9,9.1,1.1,11.9,13.7
3838,2025,Noah Clowney,BRK,PF,46,20,22.7,2.9,8.1,.358,1.9,5.7,.333,1.0,2.4,.414,.474,1.5,1.7,.838,0.9,4.5,3.0,15.8,3.9,3.9,9.9,0.9,5.9,0.5,1.1,0.5,2.0,2.3,9.1,1.0,10.2,9.2
3839,2025,Dalton Knecht,LAL,SF,78,16,19.2,3.3,7.1,.461,1.6,4.4,.376,1.7,2.8,.594,.576,0.8,1.1,.762,0.5,2.9,2.3,13.1,2.8,2.8,8.1,0.8,6.5,0.3,0.8,0.1,0.5,1.2,9.1,0.5,5.9,12.7
3840,2025,A.J. Lawson,TOR,SG,26,2,18.7,3.1,7.3,.421,1.3,3.9,.327,1.8,3.4,.528,.508,1.7,2.4,.683,0.8,4.3,2.5,14.9,3.3,3.3,9.5,1.2,9.1,0.5,1.3,0.2,1.2,1.7,9.1,0.6,6.4,12.7
3841,2025,T.J. McConnell,IND,PG,79,1,17.9,4.1,7.9,.519,0.2,0.6,.306,3.9,7.3,.537,.531,0.7,1.0,.740,0.6,3.5,1.9,11.6,2.4,2.4,7.6,4.4,37.0,1.1,2.8,0.3,1.3,1.0,9.1,1.4,14.2,18.4
3842,2025,Yves Missi,NOP,C,73,67,26.8,3.7,6.7,.547,0.0,0.0,.000,3.7,6.7,.548,.547,1.7,2.8,.623,3.5,13.7,4.7,19.7,8.2,8.2,16.6,1.4,7.2,0.5,0.9,1.3,4.8,2.0,9.1,1.1,12.4,15.4
3843,2025,Royce O'Neale,PHO,SF,75,22,24.5,3.2,7.6,.423,2.4,5.9,.406,0.8,1.7,.481,.580,0.3,0.3,.731,0.7,3.3,3.9,17.5,4.7,4.7,10.6,2.2,12.3,0.9,1.8,0.5,1.7,2.0,9.1,0.9,10.1,12.6
3844,2025,Jared Butler,2TM,SG,60,17,17.4,3.4,7.6,.448,1.0,2.8,.355,2.4,4.7,.504,.514,1.3,1.5,.824,0.4,2.5,1.4,9.3,1.8,1.8,5.8,3.7,33.8,0.7,2.0,0.2,1.2,1.6,9.0,1.3,14.0,15.6
3845,2025,Jared Butler,WAS,PG,32,0,11.3,2.7,5.5,.483,0.5,1.3,.366,2.2,4.2,.519,.526,1.1,1.4,.778,0.4,4.0,0.8,7.8,1.3,1.3,5.9,2.6,38.8,0.4,1.6,0.2,1.2,1.3,6.9,0.9,12.9,17.7
3846,2025,Jared Butler,PHI,SG,28,17,24.4,4.2,9.9,.426,1.6,4.6,.352,2.6,5.3,.490,.507,1.4,1.6,.870,0.4,1.8,2.1,10.0,2.5,2.5,5.7,4.9,31.2,1.1,2.2,0.3,1.2,2.0,11.5,1.8,14.6,14.5
3847,2025,Marcus Smart,2TM,PG,34,7,20.0,3.0,7.6,.393,1.4,4.1,.348,1.5,3.4,.448,.488,1.6,2.1,.761,0.5,2.8,1.6,8.3,2.1,2.1,5.6,3.2,21.7,1.1,2.7,0.3,1.2,1.6,9.0,1.6,15.8,12.4
3848,2025,Marcus Smart,MEM,PG,19,6,21.1,2.8,7.8,.358,1.5,4.7,.322,1.3,3.1,.414,.456,1.6,1.9,.833,0.7,3.7,1.5,7.6,2.3,2.3,5.7,3.7,22.2,1.2,2.7,0.3,1.4,1.6,8.7,1.8,17.6,11.3
3849,2025,Marcus Smart,WAS,PG,15,1,18.7,3.2,7.3,.440,1.3,3.4,.392,1.9,3.9,.483,.532,1.6,2.3,.686,0.3,1.5,1.7,9.3,1.9,1.9,5.4,2.5,20.9,1.1,2.7,0.2,1.0,1.5,9.3,1.3,13.2,14.0
3850,2025,Draymond Green,GSW,PF,68,66,29.2,3.2,7.5,.424,1.2,3.6,.325,2.0,3.9,.517,.503,1.5,2.2,.687,1.1,3.9,5.0,19.0,6.1,6.1,11.2,5.6,26.2,1.5,2.4,1.0,3.4,3.2,9.0,2.6,23.3,12.4
3851,2025,Killian Hayes,BRK,PG,6,5,27.0,3.0,7.2,.419,1.3,3.5,.381,1.7,3.7,.455,.512,1.7,2.0,.833,0.8,3.3,2.2,9.6,3.0,3.0,6.3,5.2,28.6,0.7,1.2,0.7,2.5,2.2,9.0,1.5,15.7,12.7
3852,2025,Al Horford,BOS,C,60,42,27.7,3.3,7.7,.423,1.9,5.2,.363,1.4,2.5,.551,.547,0.6,0.6,.895,1.3,5.2,4.8,18.9,6.2,6.2,12.1,2.1,10.4,0.6,1.1,0.9,2.8,1.4,9.0,0.8,8.8,12.9
3853,2025,Julian Strawther,DEN,SG,65,4,21.3,3.2,7.5,.432,1.4,4.1,.349,1.8,3.3,.535,.529,1.1,1.4,.822,0.3,1.4,1.9,9.5,2.2,2.2,5.6,1.3,7.6,0.6,1.4,0.2,1.0,2.3,9.0,0.9,9.8,9.5
3854,2025,Patrick Williams,CHI,PF,63,36,25.0,3.3,8.2,.397,1.5,4.3,.353,1.7,3.9,.447,.490,1.0,1.3,.723,0.7,2.9,3.1,12.7,3.8,3.8,7.9,2.0,10.3,0.8,1.4,0.5,1.8,1.4,9.0,1.4,13.5,9.0
3855,2025,Jusuf Nurkić,2TM,C,51,32,20.8,3.3,6.9,.477,0.6,2.1,.305,2.7,4.8,.551,.523,1.7,2.5,.664,1.7,8.8,6.1,32.0,7.8,7.8,20.5,2.3,16.8,0.8,1.9,0.7,3.1,2.5,8.9,1.9,19.2,15.2
3856,2025,Jusuf Nurkić,PHO,C,25,23,23.7,3.0,6.5,.454,0.8,2.4,.322,2.2,4.2,.529,.512,1.9,2.8,.696,1.8,8.9,7.3,33.6,9.2,9.2,21.6,1.9,10.9,0.9,1.9,0.6,2.5,3.1,8.6,2.3,22.8,12.6
3857,2025,Jusuf Nurkić,CHO,C,26,9,18.1,3.6,7.3,.497,0.5,1.8,.283,3.1,5.5,.566,.532,1.4,2.3,.627,1.5,8.6,5.0,30.0,6.5,6.5,19.1,2.6,24.2,0.7,1.8,0.7,3.8,2.0,9.2,1.5,15.7,18.4
3858,2025,Clint Capela,ATL,C,55,41,21.4,4.0,7.1,.559,0.0,0.0,.000,4.0,7.1,.560,.559,0.9,1.8,.536,3.2,15.8,5.4,28.2,8.5,8.5,21.8,1.1,7.4,0.6,1.4,1.0,4.1,1.9,8.9,0.9,9.8,17.7
3859,2025,Johnny Juzang,UTA,SG,64,18,19.8,3.2,7.4,.429,1.8,4.9,.376,1.3,2.5,.534,.554,0.7,0.8,.849,0.7,3.6,2.2,12.0,2.9,2.9,7.8,1.1,7.9,0.6,1.5,0.1,0.6,2.0,8.9,0.6,6.7,11.8
3860,2025,Luke Kennard,MEM,SG,65,11,22.6,3.2,6.6,.478,1.7,4.0,.433,1.4,2.6,.547,.609,0.8,0.9,.895,0.6,2.7,2.2,10.4,2.8,2.8,6.6,3.3,18.5,0.8,1.6,0.1,0.3,0.9,8.9,1.1,13.6,13.6
3861,2025,Justin Champagnie,WAS,SF,62,31,21.6,3.4,6.6,.511,1.2,3.1,.383,2.2,3.5,.624,.601,0.8,1.2,.685,1.8,8.6,3.9,18.6,5.7,5.7,13.6,1.0,6.8,1.0,2.3,0.6,2.6,1.8,8.8,0.9,10.9,15.7
3862,2025,Svi Mykhailiuk,UTA,SF,38,13,20.0,3.1,7.9,.391,1.8,5.3,.345,1.3,2.6,.485,.507,0.7,0.9,.800,0.6,3.1,1.8,9.6,2.4,2.4,6.4,2.0,14.7,0.5,1.2,0.2,0.9,1.1,8.8,1.4,14.1,9.8
3863,2025,Chris Paul,SAS,PG,82,82,28.0,3.0,7.1,.427,1.7,4.5,.377,1.3,2.6,.514,.547,1.0,1.1,.924,0.4,1.5,3.2,12.3,3.6,3.6,6.9,7.4,34.8,1.3,2.2,0.3,0.9,1.8,8.8,1.6,17.1,14.7
3864,2025,Kelly Olynyk,2TM,C,44,22,20.3,3.0,6.1,.500,0.8,1.8,.418,2.3,4.3,.534,.562,1.9,2.5,.769,1.4,7.3,3.3,17.9,4.7,4.7,12.4,2.9,20.5,0.8,1.8,0.4,2.0,2.8,8.7,1.7,19.4,14.9
3865,2025,Kelly Olynyk,TOR,C,24,2,16.0,2.5,4.9,.500,0.8,1.8,.442,1.7,3.1,.533,.581,1.4,1.8,.791,1.0,6.8,2.7,18.4,3.7,3.7,12.5,2.3,20.7,0.7,2.0,0.3,2.0,2.5,7.1,1.5,20.4,14.9
3866,2025,Kelly Olynyk,NOP,C,20,20,25.4,3.8,7.5,.500,0.7,1.8,.389,3.1,5.7,.535,.547,2.5,3.3,.754,1.9,7.6,4.0,17.5,5.9,5.9,12.4,3.6,20.4,0.9,1.6,0.6,2.1,3.2,10.7,2.1,18.7,14.8
3867,2025,Dorian Finney-Smith,2TM,PF,63,40,28.9,3.1,6.9,.448,2.0,5.0,.411,1.0,1.9,.545,.597,0.5,0.7,.667,1.3,5.0,2.7,10.4,3.9,3.9,7.7,1.4,6.9,0.9,1.6,0.4,1.2,2.2,8.7,0.9,11.0,10.1
3868,2025,Dorian Finney-Smith,BRK,PF,20,20,29.0,3.7,8.0,.459,2.4,5.4,.435,1.3,2.6,.510,.607,0.8,1.2,.625,1.6,5.8,3.0,12.3,4.6,4.6,8.9,1.6,8.2,0.9,1.5,0.6,2.1,2.7,10.4,0.9,9.6,12.2
3869,2025,Dorian Finney-Smith,LAL,PF,43,20,28.8,2.8,6.4,.442,1.9,4.8,.398,0.9,1.6,.571,.591,0.3,0.5,.714,1.1,4.6,2.5,9.5,3.6,3.6,7.1,1.4,6.3,0.9,1.6,0.3,0.8,1.9,7.9,0.9,11.8,9.2
3870,2025,Oshae Brissett,PHI,SF,6,2,23.7,3.2,6.5,.487,1.0,3.0,.333,2.2,3.5,.619,.564,1.3,2.3,.571,1.2,5.4,2.5,12.5,3.7,3.7,8.8,0.7,4.1,0.7,1.4,0.5,2.1,2.3,8.7,1.3,15.0,9.8
3871,2025,Kentavious Caldwell-Pope,ORL,SG,77,77,29.6,3.1,7.1,.439,1.5,4.3,.342,1.6,2.8,.589,.543,1.1,1.2,.863,0.4,1.6,1.8,7.2,2.2,2.2,4.3,1.8,8.7,1.3,2.2,0.4,1.4,1.8,8.7,0.8,9.6,9.9
3872,2025,Isaiah Collier,UTA,PG,71,46,25.9,3.3,7.8,.422,0.6,2.4,.249,2.7,5.4,.497,.459,1.5,2.2,.682,0.5,1.9,2.9,11.8,3.3,3.3,6.9,6.3,34.3,0.9,1.7,0.2,0.8,2.1,8.7,2.9,25.0,9.7
3873,2025,Danté Exum,DAL,PG,20,13,18.6,3.2,6.7,.478,1.2,2.7,.434,2.1,4.1,.506,.563,1.2,1.6,.742,0.2,1.2,1.5,8.3,1.7,1.7,4.8,2.8,21.5,0.6,1.6,0.2,0.7,1.7,8.7,1.1,13.0,13.6
3874,2025,Kyshawn George,WAS,SG,68,38,26.5,3.0,8.0,.372,1.7,5.2,.322,1.3,2.8,.464,.476,1.0,1.4,.753,0.7,2.8,3.5,13.7,4.2,4.2,8.2,2.5,13.3,1.0,1.8,0.7,2.5,3.0,8.7,1.4,14.2,8.8
3875,2025,Jaden Hardy,DAL,SG,57,3,15.9,3.2,7.3,.435,1.3,3.5,.386,1.8,3.8,.479,.527,1.1,1.5,.698,0.2,1.1,1.4,9.4,1.6,1.6,5.3,1.4,13.2,0.5,1.5,0.1,0.5,1.6,8.7,1.4,15.4,10.4
3876,2025,Dereck Lively II,DAL,C,36,29,23.1,3.7,5.3,.702,0.0,0.0,,3.7,5.3,.702,.702,1.3,2.0,.630,2.9,13.9,4.6,21.3,7.5,7.5,17.7,2.4,14.3,0.6,1.2,1.6,5.7,2.8,8.7,1.1,15.5,20.1
3877,2025,Tyrese Martin,BRK,SG,60,11,21.9,3.2,7.8,.406,1.7,4.7,.351,1.5,3.1,.492,.513,0.8,1.0,.793,1.0,4.8,2.7,14.6,3.7,3.7,9.5,2.0,14.6,0.6,1.3,0.2,0.7,1.3,8.7,1.2,13.1,10.9
3878,2025,Matas Buzelis,CHI,SF,80,31,18.9,3.2,6.9,.454,1.2,3.3,.361,2.0,3.6,.540,.541,1.1,1.4,.815,0.7,3.9,2.8,15.2,3.5,3.5,9.6,1.0,7.2,0.4,0.9,0.9,4.3,1.6,8.6,0.9,10.9,12.5
3879,2025,Jaime Jaquez Jr.,MIA,SF,66,17,20.7,3.2,7.0,.461,0.6,1.8,.311,2.7,5.2,.513,.501,1.6,2.2,.754,1.3,6.8,3.1,16.5,4.4,4.4,11.7,2.5,17.9,0.9,2.2,0.2,1.0,1.2,8.6,1.5,15.7,14.3
3880,2025,Ja'Kobe Walter,TOR,SG,52,18,21.2,3.1,7.6,.405,1.3,3.6,.349,1.8,4.0,.454,.487,1.3,1.6,.795,1.1,5.6,1.9,10.1,3.1,3.1,7.8,1.6,10.2,0.8,1.9,0.2,0.9,1.8,8.6,1.0,10.4,10.8
3881,2025,Sam Hauser,BOS,PF,71,19,21.7,3.0,6.7,.451,2.3,5.6,.416,0.7,1.1,.640,.627,0.2,0.2,1.000,0.6,3.1,2.5,12.7,3.2,3.2,7.9,0.9,5.8,0.6,1.3,0.2,0.8,1.2,8.5,0.3,4.6,12.8
3882,2025,Larry Nance Jr.,ATL,PF,24,3,19.3,3.3,6.5,.516,1.4,3.2,.447,1.9,3.3,.582,.626,0.4,0.5,.692,1.0,5.3,3.3,19.4,4.3,4.3,12.2,1.6,11.3,0.8,2.0,0.5,2.6,1.5,8.5,0.7,9.1,16.0
3883,2025,Jared Rhoden,2TM,SG,14,2,16.2,3.0,6.2,.483,0.9,2.8,.308,2.1,3.4,.625,.552,1.6,1.8,.880,1.0,6.5,2.0,13.5,3.0,3.0,9.9,1.1,10.5,0.7,2.1,0.1,0.8,1.4,8.4,0.6,8.4,16.4
3884,2025,Jared Rhoden,CHO,SG,4,0,3.0,0.5,2.0,.250,0.0,0.5,.000,0.5,1.5,.333,.250,0.0,0.0,,0.5,17.4,0.5,18.1,1.0,1.0,17.8,0.5,26.5,0.3,4.1,0.0,0.0,0.3,1.0,0.3,11.1,5.4
3885,2025,Jared Rhoden,TOR,SG,10,2,21.5,4.0,7.9,.506,1.2,3.7,.324,2.8,4.2,.667,.582,2.2,2.5,.880,1.2,5.8,2.6,13.3,3.8,3.8,9.5,1.4,9.6,0.9,2.0,0.2,0.9,1.9,11.4,0.8,8.2,17.0
3886,2025,Jaylen Nowell,NOP,SG,8,0,21.0,3.3,9.1,.356,1.0,3.4,.296,2.3,5.8,.391,.411,0.9,1.4,.636,0.8,3.7,1.8,9.3,2.5,2.5,6.4,2.3,15.6,0.1,0.3,0.5,2.3,1.1,8.4,1.0,9.3,7.5
3887,2025,Cason Wallace,OKC,SG,68,43,27.6,3.4,7.2,.474,1.1,3.1,.356,2.3,4.1,.562,.550,0.4,0.5,.811,1.0,4.1,2.3,8.8,3.4,3.4,6.5,2.5,11.5,1.8,3.1,0.5,1.9,2.1,8.4,0.9,10.5,12.3
3888,2025,Bruce Brown,2TM,PG,41,12,22.5,3.2,7.5,.421,0.7,2.0,.333,2.5,5.6,.452,.464,1.3,1.6,.815,1.0,4.5,3.0,14.9,4.0,4.0,9.6,2.0,12.8,0.8,1.8,0.2,1.0,1.7,8.3,1.0,10.4,10.9
3889,2025,Bruce Brown,TOR,PG,18,0,19.6,3.2,7.3,.435,0.6,2.0,.306,2.6,5.3,.484,.477,1.4,1.6,.897,0.9,5.0,2.8,15.9,3.8,3.8,10.3,1.6,11.3,0.9,2.3,0.2,0.8,1.4,8.4,1.1,11.7,12.3
3890,2025,Bruce Brown,NOP,PG,23,12,24.7,3.2,7.7,.410,0.7,2.0,.356,2.5,5.8,.429,.455,1.2,1.6,.750,1.0,4.2,3.2,14.3,4.2,4.2,9.1,2.4,13.8,0.7,1.4,0.3,1.2,2.0,8.2,0.9,9.4,10.1
3891,2025,Dalano Banton,POR,PG,67,7,16.7,3.0,7.6,.391,1.1,3.3,.324,1.9,4.3,.442,.462,1.4,1.9,.728,0.4,2.8,1.6,10.4,2.0,2.0,6.5,2.4,21.5,0.6,1.9,0.5,2.8,0.9,8.3,1.3,13.3,12.9
3892,2025,Brandon Clarke,MEM,PF,64,18,18.9,3.7,5.9,.621,0.0,0.3,.059,3.7,5.7,.647,.622,1.0,1.4,.701,2.0,11.3,3.1,17.3,5.1,5.1,14.3,1.0,7.4,0.8,2.0,0.6,2.7,2.3,8.3,0.6,8.9,17.6
3893,2025,Keon Ellis,SAC,SG,80,28,24.4,2.8,5.8,.489,1.7,4.0,.433,1.1,1.8,.615,.639,0.9,1.1,.849,0.8,3.4,1.9,8.8,2.7,2.7,6.1,1.5,8.0,1.5,3.0,0.8,3.2,2.2,8.3,0.9,12.4,13.5
3894,2025,Brandon Williams,DAL,PG,33,3,14.8,3.0,5.7,.521,0.7,1.8,.400,2.2,3.9,.578,.585,1.7,2.0,.833,0.4,2.7,1.4,10.1,1.8,1.8,6.5,2.3,23.2,0.7,2.4,0.2,0.9,1.0,8.3,1.2,15.2,18.3
3895,2025,Mike Conley,MIN,PG,71,64,24.7,2.6,6.6,.400,1.8,4.4,.410,0.8,2.2,.380,.535,1.1,1.3,.900,0.5,2.1,2.1,9.3,2.6,2.6,5.7,4.5,24.5,1.1,2.2,0.2,0.7,1.6,8.2,1.1,12.9,13.3
3896,2025,Taurean Prince,MIL,SF,80,73,27.1,2.9,6.4,.457,1.8,4.2,.439,1.1,2.2,.492,.600,0.5,0.6,.813,0.4,1.8,3.2,12.2,3.6,3.6,7.2,1.9,9.4,1.0,1.7,0.2,0.6,2.1,8.2,1.0,13.3,9.8
3897,2025,Jalen Smith,CHI,C,64,2,15.0,3.0,6.4,.466,1.1,3.5,.324,1.8,2.9,.634,.554,1.1,1.4,.809,1.4,9.9,4.2,28.7,5.6,5.6,19.5,1.0,9.7,0.3,0.8,0.7,4.0,1.5,8.2,0.6,7.6,18.7
3898,2025,Quinten Post,GSW,PF,42,14,16.3,2.9,6.5,.449,1.7,4.3,.408,1.2,2.3,.526,.582,0.5,0.6,.778,0.8,5.3,2.7,18.3,3.5,3.5,11.6,1.3,12.2,0.4,1.1,0.4,2.5,2.0,8.1,0.8,10.3,14.2
3899,2025,Peyton Watson,DEN,SF,68,18,24.4,3.0,6.3,.477,0.7,2.0,.353,2.3,4.3,.534,.533,1.4,2.0,.693,0.7,3.3,2.7,11.8,3.4,3.4,7.7,1.4,7.0,0.7,1.4,1.4,5.0,1.8,8.1,0.8,10.3,11.4
3900,2025,Davion Mitchell,2TM,PG,74,37,27.4,3.0,6.4,.468,1.1,2.9,.398,1.9,3.6,.525,.557,0.8,1.1,.690,0.5,1.9,1.8,7.1,2.3,2.3,4.5,4.9,24.2,1.0,1.7,0.2,0.8,2.5,7.9,1.7,20.0,10.2
3901,2025,Davion Mitchell,TOR,PG,44,22,24.5,2.4,5.5,.434,1.0,2.7,.359,1.5,2.9,.504,.520,0.6,0.8,.676,0.4,1.6,1.6,7.0,1.9,1.9,4.2,4.6,24.6,0.7,1.4,0.2,0.7,2.6,6.3,1.8,23.1,7.9
3902,2025,Davion Mitchell,MIA,PG,30,15,31.6,3.9,7.7,.504,1.4,3.1,.447,2.5,4.6,.543,.595,1.1,1.6,.702,0.6,2.2,2.1,7.3,2.7,2.7,4.8,5.3,23.8,1.4,2.2,0.3,0.8,2.3,10.3,1.7,16.5,12.9
3903,2025,Caleb Martin,2TM,SF,45,24,27.1,2.9,6.8,.424,0.8,2.3,.359,2.0,4.5,.458,.485,1.4,2.2,.622,1.2,4.8,2.8,11.7,3.9,3.9,8.2,2.1,10.7,1.0,1.9,0.5,1.8,1.9,7.9,1.2,13.9,9.6
3904,2025,Caleb Martin,PHI,SF,31,24,30.4,3.3,7.5,.435,1.1,2.8,.379,2.2,4.7,.469,.506,1.5,2.4,.622,1.4,5.0,3.0,11.6,4.4,4.4,8.2,2.2,10.2,1.1,1.8,0.6,2.1,2.0,9.1,1.4,14.0,10.1
3905,2025,Caleb Martin,DAL,SF,14,0,19.6,2.0,5.1,.389,0.3,1.1,.250,1.7,4.0,.429,.417,1.1,1.7,.625,0.7,4.0,2.2,12.0,2.9,2.9,8.1,1.9,12.3,0.9,2.1,0.2,0.9,1.7,5.4,0.9,13.6,8.0
3906,2025,Tyson Etienne,BRK,PG,7,0,21.6,2.4,7.4,.327,1.9,6.3,.295,0.6,1.1,.500,.452,1.1,1.4,.800,0.4,2.2,0.9,4.7,1.3,1.3,3.4,1.7,11.9,0.4,1.0,0.1,0.7,2.4,7.9,1.1,12.4,5.6
3907,2025,Day'Ron Sharpe,BRK,C,50,2,18.2,3.3,6.3,.521,0.2,0.9,.244,3.1,5.4,.566,.538,1.1,1.5,.757,3.0,17.8,3.6,23.8,6.6,6.6,20.7,1.8,16.8,0.8,2.3,0.8,4.6,2.3,7.9,1.3,15.3,19.7
3908,2025,KJ Simpson,CHO,PG,36,15,23.4,2.9,8.4,.346,0.9,3.6,.254,2.0,4.8,.415,.400,1.1,1.4,.820,1.1,4.8,1.9,9.0,3.0,3.0,6.9,3.1,19.8,0.9,2.0,0.2,0.7,1.6,7.8,1.6,14.8,8.3
3909,2025,Terance Mann,2TM,SG,67,13,21.1,3.1,6.2,.496,0.9,2.4,.368,2.2,3.7,.580,.569,0.7,1.0,.691,1.0,5.3,2.0,10.4,3.0,3.0,7.8,1.8,11.7,0.7,1.6,0.2,1.0,1.9,7.7,0.7,9.6,12.0
3910,2025,Terance Mann,LAC,SG,37,12,19.8,2.4,5.3,.446,0.7,2.0,.347,1.6,3.2,.508,.513,0.6,0.9,.719,0.9,5.0,2.0,11.4,2.9,2.9,8.3,1.6,10.9,0.8,1.9,0.3,1.5,1.8,6.0,0.7,10.7,10.5
3911,2025,Terance Mann,ATL,SG,30,1,22.7,3.9,7.3,.541,1.1,2.9,.386,2.8,4.3,.646,.619,0.8,1.2,.667,1.2,5.6,1.9,9.2,3.1,3.1,7.4,2.1,12.5,0.6,1.3,0.1,0.5,2.0,9.8,0.7,8.6,13.7
3912,2025,Karlo Matković,NOP,PF,42,7,18.8,3.2,5.6,.574,0.5,1.6,.318,2.7,4.0,.675,.619,0.8,1.0,.773,1.5,8.5,3.5,20.4,5.0,5.0,14.2,1.1,8.6,0.5,1.3,1.0,5.0,2.5,7.7,1.0,14.5,15.6
3913,2025,AJ Johnson,2TM,SG,29,11,22.0,2.8,7.3,.385,0.8,3.1,.267,2.0,4.2,.472,.441,1.1,1.3,.865,0.3,1.3,1.8,8.3,2.0,2.0,4.8,2.6,17.1,0.4,0.9,0.1,0.4,1.7,7.6,1.2,13.2,7.1
3914,2025,AJ Johnson,MIL,SG,7,0,6.3,1.1,2.7,.421,0.4,0.7,.600,0.7,2.0,.357,.500,0.1,0.3,.500,0.0,0.0,1.0,16.6,1.0,1.0,8.6,1.0,23.1,0.1,1.1,0.0,0.0,0.0,2.9,0.6,16.8,10.6
3915,2025,AJ Johnson,WAS,SG,22,11,27.0,3.4,8.8,.381,1.0,3.9,.247,2.4,5.0,.486,.436,1.4,1.6,.886,0.4,1.4,2.0,7.7,2.4,2.4,4.5,3.1,16.7,0.5,0.9,0.1,0.5,2.3,9.1,1.4,12.9,6.9
3916,2025,Lonzo Ball,CHI,PG,35,14,22.2,2.5,6.9,.366,1.9,5.6,.344,0.6,1.4,.458,.504,0.6,0.8,.815,0.7,3.4,2.7,12.3,3.4,3.4,8.0,3.3,18.9,1.3,2.8,0.5,1.9,1.6,7.6,1.2,13.9,12.2
3917,2025,Oscar Tshiebwe,UTA,C,14,1,18.2,3.0,5.0,.600,0.0,0.0,,3.0,5.0,.600,.600,1.6,2.2,.742,3.3,19.6,5.4,31.9,8.7,8.7,25.8,0.6,5.3,0.9,2.4,0.1,0.4,1.7,7.6,0.7,10.7,21.0
3918,2025,Garrison Mathews,ATL,SG,47,2,17.7,2.2,5.5,.397,1.8,4.6,.390,0.4,0.8,.436,.562,1.4,1.7,.821,0.3,1.7,1.6,10.0,1.9,1.9,5.7,1.3,9.3,0.6,1.5,0.3,1.7,1.7,7.5,0.7,9.6,11.2
3919,2025,Matisse Thybulle,POR,SG,15,5,20.8,2.8,5.9,.477,1.4,3.2,.438,1.4,2.7,.525,.597,0.5,1.0,.467,0.9,4.7,2.5,13.6,3.5,3.5,9.0,1.9,12.7,2.2,5.1,0.6,2.6,0.9,7.5,0.9,12.1,17.0
3920,2025,A.J. Green,MIL,SG,73,7,22.7,2.5,5.8,.429,2.1,5.0,.427,0.4,0.8,.443,.612,0.3,0.4,.815,0.2,1.2,2.1,9.8,2.4,2.4,5.7,1.5,8.5,0.5,1.1,0.1,0.4,2.2,7.4,0.5,8.4,9.2
3921,2025,Josh Green,CHO,SG,68,67,27.8,2.6,6.2,.428,1.4,3.6,.391,1.2,2.5,.480,.543,0.7,1.1,.681,0.8,3.1,1.7,6.7,2.5,2.5,4.9,1.6,8.2,1.1,1.9,0.2,0.8,2.4,7.4,1.0,13.4,7.8
3922,2025,Richaun Holmes,WAS,PF,31,7,17.2,2.9,4.5,.647,0.0,0.1,.000,2.9,4.4,.662,.647,1.6,1.9,.833,2.0,12.0,3.7,22.5,5.7,5.7,17.2,1.4,12.1,0.3,0.8,0.7,3.9,1.6,7.4,0.7,11.3,19.8
3923,2025,Damion Baugh,CHO,SG,15,2,24.7,2.8,8.7,.323,0.8,3.7,.214,2.0,4.9,.405,.369,0.9,1.0,.867,0.9,3.9,2.4,10.6,3.3,3.3,7.2,3.7,22.2,1.0,2.0,0.1,0.5,1.5,7.3,2.1,18.5,6.3
3924,2025,Alec Burks,MIA,SG,49,14,17.6,2.3,5.5,.424,1.8,4.2,.425,0.6,1.3,.422,.587,0.8,1.0,.776,0.3,1.9,2.2,13.8,2.5,2.5,7.9,1.1,9.1,0.6,1.6,0.1,0.8,0.8,7.3,0.6,9.0,12.8
3925,2025,Ricky Council IV,PHI,SF,73,12,17.1,2.4,6.3,.382,0.8,2.9,.258,1.7,3.4,.488,.442,1.7,2.1,.804,0.7,4.4,2.2,15.4,2.9,2.9,9.7,1.3,11.4,0.4,1.3,0.2,1.0,0.9,7.3,0.7,8.9,11.6
3926,2025,Andre Drummond,PHI,C,40,23,18.8,2.9,5.9,.500,0.1,0.5,.150,2.9,5.4,.533,.506,1.4,2.3,.622,2.7,15.8,5.0,31.6,7.8,7.8,23.4,0.9,6.8,1.0,2.6,0.5,2.4,2.4,7.3,1.4,16.7,16.0
3927,2025,Tre Jones,2TM,PG,46,9,19.7,2.8,5.2,.538,0.4,1.0,.396,2.4,4.1,.574,.578,1.2,1.5,.821,0.7,3.7,1.8,9.9,2.5,2.5,6.8,4.2,28.6,0.8,1.9,0.2,1.0,1.2,7.2,0.8,11.6,16.3
3928,2025,Tre Jones,SAS,PG,28,0,16.1,1.6,3.3,.484,0.3,0.9,.308,1.3,2.4,.552,.527,0.9,1.2,.758,0.5,3.6,1.5,10.3,2.1,2.1,6.9,3.7,30.1,0.6,1.9,0.2,1.0,1.2,4.4,0.8,16.3,13.8
3929,2025,Tre Jones,CHI,PG,18,9,25.3,4.6,8.1,.572,0.6,1.2,.500,4.0,6.8,.585,.610,1.7,1.9,.882,0.9,3.8,2.3,9.5,3.2,3.2,6.7,4.9,27.1,1.1,1.9,0.3,1.0,1.2,11.5,0.8,8.0,18.8
3930,2025,Goga Bitadze,ORL,C,70,42,20.4,3.0,4.8,.611,0.0,0.4,.107,2.9,4.4,.656,.615,1.2,1.9,.639,2.4,12.7,4.2,25.0,6.6,6.6,18.6,2.0,14.8,0.7,1.7,1.4,6.6,2.1,7.2,1.0,15.3,19.2
3931,2025,Tristan Da Silva,ORL,SF,74,38,22.0,2.7,6.5,.412,1.1,3.2,.335,1.6,3.3,.488,.495,0.7,0.9,.873,1.0,4.9,2.3,12.7,3.3,3.3,8.6,1.5,10.3,0.4,1.0,0.2,1.1,1.3,7.2,0.8,9.9,9.9
3932,2025,GG Jackson II,MEM,PF,29,3,15.8,2.6,6.9,.372,1.1,3.3,.337,1.4,3.6,.404,.452,1.0,1.4,.725,0.9,6.3,2.2,14.8,3.2,3.2,10.6,1.0,8.2,0.4,1.2,0.2,1.0,1.0,7.2,1.1,12.5,9.3
3933,2025,Vít Krejčí,ATL,PG,57,16,20.2,2.5,5.1,.497,1.6,3.6,.437,1.0,1.5,.640,.651,0.6,0.8,.711,0.4,2.0,2.4,13.1,2.7,2.7,7.4,2.6,16.5,0.6,1.5,0.5,2.1,1.8,7.2,0.9,13.8,12.7
3934,2025,Sam Merrill,CLE,SG,71,4,19.7,2.4,6.0,.406,1.9,5.2,.372,0.5,0.8,.625,.567,0.4,0.4,.966,0.5,3.0,1.7,8.9,2.2,2.2,6.1,1.5,9.6,0.7,1.8,0.2,0.9,1.7,7.2,0.5,7.4,11.1
3935,2025,Daeqwon Plowden,ATL,SG,6,0,12.0,2.7,4.2,.640,1.5,2.8,.529,1.2,1.3,.875,.820,0.3,0.3,1.000,0.7,5.9,1.2,10.9,1.8,1.8,8.4,0.3,4.1,0.0,0.0,0.0,0.0,1.7,7.2,0.7,13.4,16.1
3936,2025,Nae'Qwan Tomlin,CLE,PF,5,1,12.6,2.6,6.4,.406,0.4,2.0,.200,2.2,4.4,.500,.438,1.6,2.2,.727,1.8,15.9,2.4,20.1,4.2,4.2,18.1,0.4,4.4,0.0,0.0,0.2,1.4,1.8,7.2,0.4,5.1,14.4
3937,2025,Josh Okogie,2TM,SG,40,7,15.6,2.4,5.3,.443,0.8,2.3,.348,1.6,3.0,.517,.519,1.6,2.1,.741,1.1,8.0,1.7,11.8,2.8,2.8,9.9,0.8,7.9,1.2,3.8,0.5,2.8,1.2,7.1,0.8,11.1,16.3
3938,2025,Josh Okogie,PHO,SG,25,1,14.0,2.2,4.6,.491,0.6,1.7,.381,1.6,2.9,.556,.561,0.9,1.3,.688,1.3,10.4,1.6,12.4,2.9,2.9,11.4,0.6,5.8,0.8,3.0,0.4,2.7,1.1,6.0,0.6,11.1,15.8
3939,2025,Josh Okogie,CHO,SG,15,6,18.3,2.5,6.5,.388,1.1,3.3,.320,1.5,3.2,.458,.469,2.7,3.5,.774,0.9,5.0,1.9,11.1,2.7,2.7,8.0,1.3,10.6,1.8,4.8,0.5,2.9,1.3,8.9,1.0,11.0,16.8
3940,2025,Jalen Hood-Schifino,2TM,SG,15,0,21.0,2.5,6.5,.378,0.9,3.1,.304,1.5,3.5,.442,.449,1.2,1.4,.857,0.2,1.1,1.6,9.0,1.8,1.8,4.9,2.5,16.7,0.3,0.8,0.5,2.2,1.7,7.1,1.2,14.4,7.9
3941,2025,Jalen Hood-Schifino,LAL,SG,2,0,7.0,0.5,0.5,1.000,0.0,0.0,,0.5,0.5,1.000,1.000,1.0,1.0,1.000,0.5,8.3,0.0,0.0,0.5,0.5,4.0,0.5,9.2,0.0,0.0,0.5,6.7,1.5,2.0,0.5,34.7,11.5
3942,2025,Jalen Hood-Schifino,PHI,SG,13,0,23.2,2.8,7.5,.371,1.1,3.5,.304,1.7,3.9,.431,.443,1.2,1.5,.842,0.2,0.7,1.8,9.4,2.0,2.0,4.9,2.8,17.0,0.4,0.8,0.5,2.0,1.7,7.8,1.3,13.9,7.7
3943,2025,Jamison Battle,TOR,SF,59,10,17.7,2.5,5.9,.429,1.8,4.4,.405,0.7,1.5,.500,.581,0.3,0.3,.889,0.6,3.7,2.1,12.8,2.7,2.7,8.1,0.9,7.1,0.3,0.8,0.2,0.9,1.6,7.1,0.5,7.1,10.7
3944,2025,Alex Caruso,OKC,SG,54,3,19.3,2.6,5.8,.446,1.1,3.1,.353,1.5,2.7,.556,.541,0.8,0.9,.824,0.7,4.0,2.2,12.2,2.9,2.9,8.2,2.5,16.6,1.6,4.0,0.6,2.9,1.9,7.1,0.7,9.9,15.9
3945,2025,Jamal Shead,TOR,PG,75,11,19.6,2.7,6.7,.405,1.0,3.0,.323,1.8,3.7,.470,.476,0.7,0.9,.768,0.4,2.1,1.1,6.4,1.5,1.5,4.2,4.2,29.8,0.8,1.9,0.1,0.7,2.1,7.1,1.6,18.0,9.9
3946,2025,Jeff Dowtin Jr.,PHI,PG,41,3,15.1,2.7,5.6,.487,0.7,1.7,.400,2.0,3.9,.525,.548,0.8,1.1,.733,0.3,2.1,1.2,9.1,1.5,1.5,5.5,1.9,19.6,0.6,1.9,0.3,1.9,0.7,7.0,0.4,5.7,16.1
3947,2025,Marcus Garrett,CHO,SG,4,0,19.8,2.8,6.8,.407,0.8,2.0,.375,2.0,4.8,.421,.463,0.8,1.0,.750,0.3,1.3,1.3,6.9,1.5,1.5,4.0,3.3,25.1,0.8,1.9,0.5,2.5,2.5,7.0,1.5,17.3,8.7
3948,2025,Isaiah Jackson,IND,C,5,1,16.8,2.8,4.6,.609,0.0,0.0,,2.8,4.6,.609,.609,1.4,2.8,.500,2.2,14.7,3.4,22.3,5.6,5.6,18.6,1.0,8.1,0.6,1.7,1.6,8.6,2.8,7.0,1.0,14.6,18.2
3949,2025,Jaylen Sims,CHO,SG,6,0,18.7,2.0,4.7,.429,1.0,2.5,.400,1.0,2.2,.462,.536,2.0,2.5,.800,0.5,2.8,0.5,2.9,1.0,1.0,2.9,2.0,15.6,0.5,1.3,0.2,0.9,1.7,7.0,1.3,18.8,9.8
3950,2025,Orlando Robinson,2TM,C,44,8,17.5,2.6,5.9,.444,0.4,1.2,.327,2.3,4.8,.474,.477,1.2,1.6,.771,2.0,12.1,3.0,18.7,5.0,5.0,15.4,1.8,14.0,0.4,1.1,0.4,2.0,2.3,6.9,1.1,14.4,12.9
3951,2025,Orlando Robinson,SAC,C,9,0,6.3,0.8,1.9,.412,0.1,0.6,.200,0.7,1.3,.500,.441,0.4,0.8,.571,0.3,5.9,1.2,21.7,1.6,1.6,13.8,1.0,20.6,0.3,2.6,0.1,1.7,0.7,2.1,0.4,16.6,12.2
3952,2025,Orlando Robinson,TOR,C,35,8,20.4,3.1,7.0,.447,0.5,1.3,.340,2.7,5.6,.472,.480,1.4,1.8,.794,2.5,12.6,3.4,18.5,5.9,5.9,15.5,1.9,13.5,0.4,0.9,0.4,2.0,2.7,8.1,1.3,14.2,12.9
3953,2025,Jake LaRavia,2TM,PF,66,0,20.4,2.4,5.1,.475,0.9,2.2,.423,1.5,3.0,.513,.564,1.2,1.7,.678,1.4,7.2,2.6,13.3,3.9,3.9,10.3,2.4,14.6,0.9,2.2,0.3,1.6,2.0,6.9,1.3,18.2,12.6
3954,2025,Jake LaRavia,MEM,PF,47,0,20.9,2.5,5.1,.490,0.9,1.9,.444,1.7,3.2,.517,.573,1.4,2.0,.698,1.4,7.3,2.9,14.7,4.4,4.4,11.1,2.8,16.7,0.9,2.1,0.4,1.9,2.0,7.3,1.5,19.6,13.5
3955,2025,Jake LaRavia,SAC,PF,19,0,19.3,2.2,5.1,.438,1.1,2.7,.385,1.2,2.3,.500,.542,0.6,1.0,.579,1.2,7.0,1.6,9.5,2.8,2.8,8.2,1.3,8.8,0.9,2.4,0.2,0.8,2.1,6.1,0.9,14.0,10.2
3956,2025,Ryan Dunn,PHO,SF,74,44,19.1,2.8,6.4,.430,1.1,3.6,.311,1.7,2.9,.577,.516,0.3,0.5,.487,1.2,7.5,2.4,13.5,3.6,3.6,10.6,0.8,5.7,0.6,1.5,0.5,2.7,2.2,6.9,0.5,7.5,10.7
3957,2025,Jay Huff,MEM,C,64,2,11.7,2.5,4.8,.515,1.3,3.1,.405,1.2,1.6,.724,.648,0.7,0.9,.786,0.5,4.3,1.5,13.9,2.0,2.0,9.1,0.6,7.0,0.3,1.0,0.9,6.9,1.2,6.9,0.5,9.3,18.2
3958,2025,Cameron Payne,NYK,PG,72,5,15.1,2.5,6.2,.401,1.3,3.6,.363,1.2,2.6,.453,.506,0.7,0.8,.907,0.2,1.5,1.3,9.4,1.4,1.4,5.5,2.8,25.5,0.5,1.8,0.2,1.4,1.5,6.9,0.7,10.0,13.8
3959,2025,Antonio Reeves,NOP,SG,44,6,15.0,2.6,5.6,.456,1.2,2.9,.395,1.4,2.7,.521,.558,0.6,0.8,.800,0.4,2.9,1.0,7.6,1.4,1.4,5.1,0.9,8.8,0.5,1.5,0.1,0.6,0.9,6.9,0.7,10.2,11.7
3960,2025,Cody Martin,2TM,SF,53,8,22.1,2.6,6.1,.418,0.8,2.8,.285,1.8,3.3,.534,.485,0.8,1.2,.705,1.0,4.8,3.2,15.9,4.2,4.2,10.3,2.0,13.0,1.1,2.4,0.6,2.7,1.8,6.8,1.0,12.7,11.3
3961,2025,Cody Martin,CHO,SF,39,8,24.8,3.0,6.9,.433,1.0,3.2,.323,1.9,3.7,.528,.507,0.9,1.3,.694,1.0,4.3,3.5,15.3,4.5,4.5,9.7,2.3,13.6,1.1,2.2,0.7,2.6,1.8,7.8,1.1,12.7,11.7
3962,2025,Cody Martin,PHO,SF,14,0,14.7,1.4,4.1,.351,0.2,1.9,.111,1.2,2.1,.567,.377,0.6,0.9,.750,0.9,7.2,2.5,18.5,3.4,3.4,13.0,1.1,10.3,0.9,3.1,0.4,2.7,1.6,3.7,0.6,12.6,9.5
3963,2025,Bol Bol,PHO,PF,36,10,12.4,2.7,5.1,.525,0.9,2.6,.344,1.8,2.5,.711,.612,0.6,0.7,.769,0.6,5.1,2.3,20.4,2.9,2.9,13.0,0.6,7.7,0.3,1.0,0.7,5.2,0.6,6.8,0.6,9.3,18.4
3964,2025,Eric Gordon,PHI,SG,39,13,19.7,2.2,5.2,.426,1.4,3.5,.409,0.8,1.7,.463,.564,0.9,1.2,.750,0.2,1.1,1.0,5.8,1.2,1.2,3.4,1.7,12.0,0.7,1.7,0.3,1.5,0.8,6.8,0.7,11.1,10.8
3965,2025,Jaxson Hayes,LAL,C,56,35,19.5,2.9,4.0,.722,0.0,0.1,.000,2.9,3.9,.732,.722,1.1,1.8,.622,1.4,8.3,3.4,19.1,4.8,4.8,13.9,1.0,7.5,0.6,1.4,0.9,4.4,2.4,6.8,0.8,13.9,15.8
3966,2025,Marcus Bagley,PHI,SF,10,4,25.3,2.7,6.9,.391,0.5,3.2,.156,2.2,3.7,.595,.428,0.8,1.0,.800,2.3,9.9,4.7,21.9,7.0,7.0,15.7,1.0,5.5,0.9,1.8,1.2,4.7,1.6,6.7,0.7,8.7,11.8
3967,2025,DaQuan Jeffries,CHO,SG,47,20,22.8,2.5,6.2,.405,1.2,3.5,.335,1.3,2.7,.496,.500,0.5,0.6,.800,0.8,3.6,2.1,10.0,2.9,2.9,6.7,1.1,7.2,0.6,1.2,0.5,2.3,2.1,6.7,0.7,10.3,7.9
3968,2025,Lester Quiñones,2TM,SG,13,0,14.1,2.4,6.0,.397,1.0,3.4,.295,1.4,2.6,.529,.481,0.8,1.0,.846,0.3,2.4,1.2,9.1,1.5,1.5,5.7,1.8,19.4,0.2,0.8,0.2,1.0,1.4,6.6,1.1,14.3,9.5
3969,2025,Lester Quiñones,PHI,SG,4,0,4.3,1.0,2.0,.500,0.0,0.8,.000,1.0,1.3,.800,.500,0.3,0.3,1.000,0.8,19.2,0.3,6.9,1.0,1.0,13.3,0.3,10.0,0.0,0.0,0.0,0.0,0.0,2.3,1.0,32.2,8.2
3970,2025,Lester Quiñones,NOP,SG,9,0,18.4,3.0,7.8,.386,1.4,4.6,.317,1.6,3.2,.483,.479,1.1,1.3,.833,0.1,0.6,1.6,9.4,1.7,1.7,4.9,2.6,20.4,0.3,0.9,0.2,1.2,2.0,8.6,1.1,11.7,9.7
3971,2025,Vasilije Micić,2TM,PG,41,16,19.1,2.3,6.7,.348,1.1,3.0,.360,1.2,3.6,.338,.430,0.8,1.0,.829,0.5,2.7,1.7,9.6,2.2,2.2,6.0,3.1,24.3,0.4,0.9,0.0,0.0,1.1,6.6,1.9,20.9,6.5
3972,2025,Vasilije Micić,CHO,PG,36,16,21.2,2.6,7.6,.348,1.3,3.5,.360,1.4,4.1,.338,.430,0.9,1.1,.829,0.6,2.7,1.9,9.5,2.4,2.4,6.1,3.5,24.8,0.4,1.0,0.0,0.0,1.2,7.5,2.1,20.3,6.8
3973,2025,Vasilije Micić,PHO,PG,5,0,4.2,0.0,0.0,,0.0,0.0,,0.0,0.0,,,0.0,0.0,,0.0,0.0,0.4,10.4,0.4,0.4,5.3,0.2,5.6,0.0,0.0,0.0,0.0,0.2,0.0,0.6,100.0,-5.2
3974,2025,Precious Achiuwa,NYK,C,57,10,20.5,2.9,5.7,.502,0.2,0.6,.278,2.7,5.1,.529,.517,0.7,1.2,.594,1.8,10.0,3.8,21.0,5.6,5.6,15.5,1.0,6.2,0.8,2.0,0.7,3.3,1.4,6.6,0.8,11.2,13.6
3975,2025,Trayce Jackson-Davis,GSW,C,62,37,15.6,2.8,4.9,.576,0.0,0.0,.000,2.8,4.8,.582,.576,1.0,1.6,.578,2.0,13.2,3.0,21.7,5.0,5.0,17.3,1.7,16.1,0.4,1.2,0.6,3.7,1.2,6.6,0.7,11.5,18.5
3976,2025,Marcus Sasser,DET,PG,57,1,14.2,2.4,5.2,.463,1.0,2.7,.382,1.4,2.5,.549,.561,0.8,0.9,.843,0.3,2.5,0.9,6.9,1.2,1.2,4.7,2.3,22.9,0.6,2.2,0.1,0.5,1.3,6.6,0.9,14.5,14.0
3977,2025,Vince Williams Jr.,MEM,SG,27,5,18.5,2.5,6.2,.401,1.0,3.5,.274,1.5,2.7,.569,.479,0.7,0.9,.792,0.8,4.7,2.8,15.9,3.6,3.6,10.4,2.0,13.8,0.4,1.1,0.3,1.3,1.7,6.6,1.2,15.7,9.2
3978,2025,Thomas Bryant,2TM,C,66,8,14.6,2.5,4.9,.508,0.7,2.2,.324,1.7,2.6,.665,.583,0.8,1.0,.859,1.3,9.7,2.5,19.2,3.8,3.8,14.5,0.8,7.6,0.4,1.4,0.6,3.9,1.2,6.5,0.5,7.9,17.2
3979,2025,Thomas Bryant,MIA,C,10,0,11.5,1.2,2.8,.429,0.6,1.7,.353,0.6,1.1,.545,.536,1.1,1.1,1.000,0.6,5.8,2.6,24.8,3.2,3.2,15.4,0.4,4.8,0.1,0.4,0.9,7.5,0.9,4.1,0.2,5.7,15.8
3980,2025,Thomas Bryant,IND,C,56,8,15.1,2.7,5.2,.515,0.8,2.3,.321,1.9,2.9,.673,.587,0.8,0.9,.830,1.4,10.2,2.5,18.5,3.9,3.9,14.4,0.9,8.0,0.5,1.5,0.6,3.4,1.2,6.9,0.5,8.1,17.4
3981,2025,Donovan Clingan,POR,C,67,37,19.8,2.7,5.0,.539,0.2,0.7,.286,2.5,4.3,.582,.560,0.9,1.6,.596,3.2,17.3,4.6,26.1,7.9,7.9,21.6,1.1,8.3,0.5,1.2,1.6,7.5,2.8,6.5,1.1,15.9,17.4
3982,2025,Seth Curry,CHO,SG,68,14,15.6,2.4,5.0,.478,1.2,2.7,.456,1.2,2.4,.503,.599,0.5,0.6,.846,0.4,2.4,1.3,9.1,1.7,1.7,5.7,0.9,8.8,0.4,1.3,0.1,0.6,0.9,6.5,0.5,8.2,12.2
3983,2025,Haywood Highsmith,MIA,SF,74,42,24.6,2.4,5.3,.458,1.2,3.1,.382,1.2,2.1,.570,.572,0.4,0.6,.721,1.0,4.4,2.4,10.8,3.4,3.4,7.7,1.5,8.4,0.9,1.9,0.5,2.0,2.2,6.5,0.7,11.6,9.9
3984,2025,Talen Horton-Tucker,CHI,SG,58,0,12.5,2.3,5.0,.457,0.7,2.1,.336,1.6,2.9,.544,.527,1.2,1.7,.735,0.3,2.8,1.4,11.5,1.7,1.7,7.2,1.4,16.1,0.4,1.4,0.2,1.3,1.0,6.5,0.7,10.7,13.8
3985,2025,Trey Lyles,SAC,PF,69,5,19.6,2.3,5.4,.420,1.2,3.4,.340,1.1,2.0,.559,.528,0.8,1.2,.700,1.2,6.6,3.4,19.6,4.6,4.6,13.1,1.2,7.9,0.6,1.5,0.3,1.7,1.2,6.5,0.6,8.7,12.3
3986,2025,Ajay Mitchell,OKC,SG,36,1,16.6,2.5,5.1,.495,0.6,1.7,.383,1.9,3.4,.548,.557,0.8,1.0,.829,0.5,3.3,1.4,8.8,1.9,1.9,6.1,1.8,13.8,0.7,2.0,0.1,0.7,1.9,6.5,0.8,12.7,12.0
3987,2025,Gary Payton II,GSW,SG,62,11,15.0,2.8,4.8,.574,0.5,1.5,.326,2.3,3.3,.690,.626,0.4,0.6,.711,0.9,6.0,2.1,15.8,3.0,3.0,10.7,1.3,13.5,0.8,2.7,0.3,1.7,1.7,6.5,0.6,11.0,16.2
3988,2025,Zach Collins,2TM,PF,64,12,15.3,2.4,4.7,.507,0.5,1.7,.302,1.9,3.1,.617,.560,1.1,1.2,.885,1.6,11.1,2.9,19.9,4.5,4.5,15.6,1.7,15.6,0.5,1.4,0.5,2.6,2.1,6.4,0.9,15.1,16.0
3989,2025,Zach Collins,SAS,C,36,4,11.8,1.7,3.7,.462,0.4,1.3,.304,1.3,2.4,.547,.515,0.9,1.0,.886,1.1,9.6,1.8,15.9,2.8,2.8,12.7,1.4,16.9,0.4,1.6,0.4,3.2,1.9,4.6,0.6,13.5,14.4
3990,2025,Zach Collins,CHI,PF,28,8,19.7,3.3,6.1,.541,0.6,2.1,.300,2.6,3.9,.673,.594,1.4,1.5,.884,2.3,12.4,4.4,23.0,6.7,6.7,17.8,2.1,14.6,0.5,1.3,0.5,2.2,2.2,8.6,1.3,16.4,17.2
3991,2025,Kris Dunn,LAC,PG,74,58,24.1,2.6,5.9,.439,1.0,3.0,.335,1.6,2.9,.549,.525,0.2,0.3,.682,0.7,3.4,2.7,12.4,3.4,3.4,8.0,2.8,15.6,1.7,3.5,0.4,1.5,2.7,6.4,1.0,14.2,11.3
3992,2025,Ron Holland,DET,SF,81,2,15.6,2.4,5.1,.474,0.4,1.9,.238,2.0,3.3,.608,.517,1.1,1.5,.754,0.5,3.5,2.2,15.5,2.7,2.7,9.5,1.0,8.9,0.6,1.9,0.2,1.3,1.7,6.4,0.9,13.3,11.1
3993,2025,KJ Martin,2TM,PF,43,16,21.2,2.6,4.7,.552,0.3,1.3,.259,2.2,3.3,.671,.590,0.9,1.1,.787,0.7,3.6,2.2,11.8,2.9,2.9,7.6,1.1,7.4,0.4,0.9,0.5,2.3,2.3,6.4,0.6,9.8,10.2
3994,2025,KJ Martin,PHI,PF,24,7,20.0,2.5,4.1,.616,0.3,0.9,.381,2.2,3.3,.679,.657,1.0,1.2,.828,0.9,4.8,2.1,12.5,3.0,3.0,8.5,0.8,5.7,0.5,1.1,0.7,3.3,2.6,6.4,0.5,9.7,12.3
3995,2025,KJ Martin,UTA,SF,19,9,22.7,2.6,5.4,.490,0.4,1.9,.189,2.3,3.4,.662,.525,0.7,0.9,.722,0.5,2.3,2.3,10.9,2.8,2.8,6.6,1.5,9.3,0.3,0.7,0.3,1.3,2.1,6.3,0.6,9.8,7.9
3996,2025,Gabe Vincent,LAL,PG,72,11,21.2,2.3,5.8,.400,1.5,4.3,.353,0.8,1.5,.532,.530,0.2,0.3,.714,0.3,1.5,1.0,5.2,1.3,1.3,3.4,1.4,8.7,0.7,1.6,0.2,0.8,2.1,6.4,0.6,8.7,7.4
3997,2025,Sandro Mamukelashvili,SAS,PF,61,0,11.2,2.3,4.6,.502,1.0,2.6,.373,1.3,2.0,.675,.609,0.7,1.0,.741,1.0,9.7,2.0,19.7,3.1,3.1,14.7,0.8,10.7,0.4,1.6,0.3,2.3,1.0,6.3,0.4,7.8,19.7
3998,2025,Jeremiah Robinson-Earl,NOP,PF,66,9,18.8,2.4,5.3,.455,0.8,2.5,.341,1.5,2.8,.557,.536,0.7,0.8,.836,1.7,9.3,3.1,18.4,4.8,4.8,13.7,1.3,9.9,0.6,1.5,0.1,0.5,1.2,6.3,0.8,12.1,12.9
3999,2025,Kenrich Williams,OKC,PF,69,7,16.4,2.5,5.1,.483,1.0,2.5,.386,1.5,2.7,.574,.576,0.4,0.6,.718,0.9,6.3,2.6,16.3,3.5,3.5,11.4,1.4,11.0,0.6,1.8,0.1,0.9,1.6,6.3,0.6,9.5,13.7
4000,2025,Bones Hyland,2TM,PG,24,0,10.0,2.0,4.9,.398,1.3,3.4,.390,0.6,1.5,.417,.534,1.0,1.1,.885,0.2,2.4,0.8,9.3,1.0,1.0,5.9,1.3,20.1,0.8,3.7,0.2,1.7,1.2,6.2,1.0,16.2,16.0
4001,2025,Bones Hyland,LAC,PG,20,0,11.1,2.3,5.8,.391,1.6,4.0,.388,0.7,1.8,.400,.526,1.2,1.3,.885,0.3,2.6,1.0,9.6,1.2,1.2,6.1,1.4,19.2,0.9,4.0,0.2,1.8,1.3,7.2,1.2,16.0,16.4
4002,2025,Bones Hyland,MIN,PG,4,0,4.3,0.5,0.8,.667,0.3,0.5,.500,0.3,0.3,1.000,.833,0.0,0.0,,0.0,0.0,0.3,6.4,0.3,0.3,3.3,1.0,32.2,0.0,0.0,0.0,0.0,0.8,1.3,0.3,25.0,11.1
4003,2025,Jonathan Mogbo,TOR,PF,63,18,20.4,2.5,5.7,.438,0.3,1.1,.243,2.2,4.5,.486,.462,1.0,1.3,.732,1.7,8.9,3.2,17.3,4.9,4.9,13.0,2.3,15.3,0.9,2.1,0.5,2.5,2.2,6.2,1.1,15.1,11.9
4004,2025,Ryan Rollins,MIL,PG,56,19,14.6,2.4,4.8,.487,0.9,2.1,.408,1.5,2.7,.550,.577,0.6,0.8,.800,0.4,2.9,1.6,11.1,1.9,1.9,7.2,1.9,17.8,0.8,2.5,0.3,1.9,1.6,6.2,0.9,15.4,14.0
4005,2025,Dru Smith,MIA,SG,14,1,19.1,2.2,4.4,.508,1.1,2.1,.533,1.1,2.2,.484,.639,0.6,0.9,.750,0.9,5.0,1.7,9.8,2.6,2.6,7.4,1.6,12.0,1.5,3.9,0.4,2.1,2.1,6.2,1.2,20.4,13.3
4006,2025,Isaac Okoro,CLE,SG,55,22,19.1,2.3,4.9,.464,1.0,2.7,.371,1.2,2.1,.586,.569,0.6,0.8,.717,0.9,5.2,1.5,8.1,2.4,2.4,6.7,1.2,8.0,0.6,1.5,0.3,1.4,1.9,6.1,0.4,7.4,10.7
4007,2025,Jarace Walker,IND,PF,75,5,15.8,2.3,4.8,.472,1.0,2.5,.405,1.3,2.3,.543,.576,0.6,0.9,.667,0.3,2.4,2.7,19.0,3.1,3.1,10.8,1.5,12.2,0.7,2.2,0.3,1.9,1.5,6.1,1.0,16.7,11.9
4008,2025,N'Faly Dante,HOU,C,4,0,12.8,2.5,3.3,.769,0.0,0.0,,2.5,3.3,.769,.769,1.0,1.3,.800,1.5,12.3,3.8,32.0,5.3,5.3,21.9,0.5,5.7,0.3,1.0,1.3,8.8,2.3,6.0,0.5,11.6,24.0
4009,2025,Mouhamed Gueye,ATL,PF,33,28,16.2,2.2,5.2,.421,0.6,2.5,.259,1.5,2.7,.567,.482,1.0,1.3,.762,1.3,8.8,2.9,20.0,4.2,4.2,14.3,0.8,6.6,0.8,2.5,1.0,5.7,1.7,6.0,0.5,7.3,14.4
4010,2025,Luke Kornet,BOS,C,73,16,18.6,2.6,3.8,.668,0.0,0.0,.000,2.6,3.8,.675,.668,0.9,1.3,.691,2.6,15.2,2.7,15.8,5.3,5.3,15.5,1.6,11.9,0.5,1.3,1.0,4.8,1.6,6.0,0.4,8.8,19.6
4011,2025,Isaiah Mobley,PHI,PF,1,0,17.0,2.0,7.0,.286,1.0,3.0,.333,1.0,4.0,.250,.357,1.0,2.0,.500,1.0,6.4,3.0,20.8,4.0,4.0,13.3,5.0,41.8,1.0,2.9,1.0,5.8,3.0,6.0,0.0,0.0,17.2
4012,2025,Isaiah Stewart,DET,C,72,4,19.9,2.4,4.4,.559,0.2,0.7,.321,2.2,3.6,.607,.586,0.9,1.2,.759,1.8,10.1,3.7,20.6,5.5,5.5,15.4,1.7,11.3,0.4,0.9,1.4,6.7,2.5,6.0,0.9,16.1,14.6
4013,2025,James Wiseman,IND,C,1,0,5.0,2.0,4.0,.500,0.0,1.0,.000,2.0,3.0,.667,.500,2.0,2.0,1.000,0.0,0.0,1.0,22.1,1.0,1.0,11.1,0.0,0.0,0.0,0.0,0.0,0.0,0.0,6.0,0.0,0.0,31.2
4014,2025,Isaiah Wong,CHO,SG,20,0,13.3,2.1,5.3,.390,0.7,1.7,.394,1.4,3.6,.389,.452,1.3,1.7,.735,0.7,5.5,0.9,7.4,1.6,1.6,6.4,1.4,16.5,0.6,2.0,0.0,0.0,1.1,6.0,0.9,13.0,10.9
4015,2025,Cole Swider,2TM,SF,10,0,16.9,2.2,6.3,.349,1.5,4.7,.319,0.7,1.6,.438,.468,0.0,0.1,.000,0.5,3.1,2.2,14.3,2.7,2.7,8.6,0.3,2.3,0.4,1.1,0.2,1.1,1.2,5.9,0.4,5.9,6.5
4016,2025,Cole Swider,DET,SF,2,0,6.5,0.0,2.5,.000,0.0,2.5,.000,0.0,0.0,,.000,0.0,0.0,,0.0,0.0,1.0,16.9,1.0,1.0,8.5,0.5,8.7,0.0,0.0,0.0,0.0,0.5,0.0,0.0,0.0,-11.0
4017,2025,Cole Swider,TOR,SF,8,0,19.5,2.8,7.3,.379,1.9,5.3,.357,0.9,2.0,.438,.509,0.0,0.1,.000,0.6,3.4,2.5,14.1,3.1,3.1,8.6,0.3,1.8,0.5,1.2,0.3,1.2,1.4,7.4,0.5,6.4,8.0
4018,2025,Chuma Okeke,2TM,PF,9,3,21.8,2.2,4.4,.500,1.2,3.1,.393,1.0,1.3,.750,.638,0.2,0.3,.667,2.3,11.7,2.9,15.5,5.2,5.2,13.5,1.7,10.5,0.6,1.3,0.4,2.0,0.6,5.9,0.3,6.8,15.3
4019,2025,Chuma Okeke,PHI,PF,7,3,24.4,2.6,4.7,.545,1.4,3.1,.455,1.1,1.6,.727,.697,0.3,0.4,.667,2.9,12.7,3.3,15.9,6.1,6.1,14.2,1.9,10.6,0.7,1.4,0.4,1.7,0.7,6.9,0.4,8.0,16.5
4020,2025,Chuma Okeke,CLE,PF,2,0,12.5,1.0,3.5,.286,0.5,3.0,.167,0.5,0.5,1.000,.357,0.0,0.0,,0.5,4.5,1.5,12.6,2.0,2.0,8.7,1.0,9.5,0.0,0.0,0.5,3.6,0.0,2.5,0.0,0.0,6.8
4021,2025,Kyle Anderson,2TM,PF,61,4,16.4,2.3,5.0,.469,0.4,1.1,.357,1.9,3.8,.502,.510,0.8,1.1,.738,0.9,5.7,2.5,16.8,3.4,3.4,11.2,2.4,20.7,0.7,2.0,0.5,3.1,1.3,5.9,0.6,10.0,15.1
4022,2025,Kyle Anderson,GSW,PF,36,3,15.0,2.1,4.7,.450,0.5,1.4,.365,1.6,3.3,.487,.506,0.5,0.8,.667,0.8,5.2,2.3,17.0,3.1,3.1,10.9,2.3,21.2,0.7,2.3,0.6,3.5,1.1,5.3,0.6,10.0,14.8
4023,2025,Kyle Anderson,MIA,SF,25,1,18.4,2.6,5.4,.493,0.2,0.7,.333,2.4,4.6,.517,.515,1.2,1.5,.789,1.0,6.3,2.8,16.6,3.8,3.8,11.5,2.6,20.1,0.6,1.5,0.5,2.7,1.6,6.7,0.7,10.1,15.3
4024,2025,Simone Fontecchio,DET,SF,75,0,16.5,2.0,5.0,.402,1.0,3.0,.335,1.0,1.9,.507,.504,0.9,1.1,.833,0.7,4.7,2.2,14.5,2.9,2.9,9.6,0.9,6.9,0.4,1.2,0.2,0.9,1.3,5.9,0.7,11.6,9.7
4025,2025,Collin Gillespie,PHO,PG,33,9,14.0,2.1,4.8,.430,1.2,2.7,.433,0.9,2.1,.426,.554,0.6,0.7,.864,0.7,5.5,1.7,13.2,2.4,2.4,9.4,2.4,24.0,0.6,2.3,0.2,1.0,0.9,5.9,0.5,9.2,16.8
4026,2025,Tidjane Salaün,CHO,PF,60,10,20.7,1.9,5.8,.330,1.0,3.4,.283,0.9,2.3,.400,.414,1.1,1.6,.713,1.2,5.9,3.5,18.4,4.7,4.7,12.0,1.2,8.5,0.5,1.1,0.2,1.1,1.4,5.9,1.0,13.1,7.7
4027,2025,Jaylin Williams,OKC,PF,47,9,16.7,2.1,4.7,.439,1.3,3.3,.399,0.8,1.4,.529,.577,0.5,0.6,.767,1.0,6.7,4.6,28.7,5.6,5.6,17.9,2.6,19.0,0.5,1.3,0.6,3.7,1.7,5.9,0.7,13.0,16.4
4028,2025,Moses Brown,2TM,C,13,2,9.2,2.6,3.8,.694,0.0,0.0,,2.6,3.8,.694,.694,0.6,0.8,.727,0.9,11.3,2.5,29.0,3.4,3.4,20.3,0.2,2.9,0.5,2.4,0.3,2.9,1.3,5.8,0.8,17.0,22.4
4029,2025,Moses Brown,IND,C,9,0,5.1,1.4,2.2,.650,0.0,0.0,,1.4,2.2,.650,.650,0.3,0.6,.600,0.4,9.8,1.0,21.6,1.4,1.4,15.8,0.0,0.0,0.2,2.1,0.1,2.0,0.7,3.2,0.7,21.3,16.0
4030,2025,Moses Brown,DAL,C,4,2,18.3,5.3,7.3,.724,0.0,0.0,,5.3,7.3,.724,.724,1.3,1.5,.833,2.0,12.2,5.8,33.6,7.8,7.8,23.1,0.5,4.7,1.0,2.7,0.8,3.5,2.8,11.8,1.3,13.6,26.3
4031,2025,Adem Bona,PHI,C,58,11,15.6,2.3,3.3,.703,0.0,0.0,.000,2.3,3.3,.707,.703,1.2,1.7,.670,1.6,11.1,2.6,19.9,4.2,4.2,15.3,0.5,4.4,0.4,1.4,1.2,7.5,2.2,5.8,1.1,20.5,16.5
4032,2025,Quenton Jackson,IND,PG,28,7,13.6,2.1,4.4,.475,0.5,1.4,.375,1.5,2.9,.524,.537,1.1,1.4,.775,0.5,4.1,1.1,8.7,1.6,1.6,6.4,1.9,18.6,0.8,2.6,0.2,1.2,1.5,5.8,0.6,10.3,14.7
4033,2025,Robert Williams,POR,C,20,3,17.6,2.5,3.9,.641,0.1,0.2,.333,2.5,3.8,.653,.647,0.8,0.9,.882,1.8,10.5,4.2,26.3,5.9,5.9,18.2,1.1,8.6,0.7,1.8,1.7,8.5,1.6,5.8,0.9,16.6,18.9
4034,2025,Moussa Diabaté,CHO,C,71,8,17.5,2.4,3.9,.596,0.0,0.1,.000,2.4,3.9,.609,.596,1.0,1.6,.595,2.6,15.7,3.5,22.0,6.2,6.2,18.8,0.8,6.8,0.6,1.8,0.6,3.2,1.5,5.7,0.9,15.6,16.5
4035,2025,Landry Shamet,NYK,SG,50,0,15.2,2.1,4.6,.461,1.2,3.1,.397,0.9,1.5,.595,.596,0.2,0.4,.667,0.2,1.7,1.0,7.5,1.2,1.2,4.6,0.5,4.7,0.5,1.5,0.0,0.2,1.0,5.7,0.4,8.5,9.7
4036,2025,Dariq Whitehead,BRK,SF,20,0,12.3,2.0,4.8,.406,1.7,3.7,.446,0.3,1.1,.273,.578,0.2,0.3,.600,0.2,1.8,1.3,12.1,1.5,1.5,6.7,0.6,7.8,0.3,1.2,0.1,0.4,1.1,5.7,0.8,13.3,9.4
4037,2025,Jordan Goodwin,LAL,PG,29,5,18.7,2.2,5.0,.438,0.9,2.3,.382,1.3,2.6,.487,.528,0.3,0.4,.818,1.3,8.1,2.6,14.9,3.9,3.9,11.6,1.4,10.5,1.0,2.7,0.4,1.9,1.5,5.6,0.9,14.9,12.1
4038,2025,Shake Milton,2TM,SG,57,2,14.7,2.0,4.5,.453,0.7,1.9,.358,1.4,2.6,.520,.528,0.8,1.0,.797,0.5,4.2,1.3,9.9,1.8,1.8,7.0,1.8,18.3,0.4,1.5,0.1,0.5,1.2,5.5,0.7,12.5,11.9
4039,2025,Shake Milton,BRK,SG,27,1,18.2,2.7,5.8,.465,1.0,2.7,.389,1.7,3.1,.529,.554,0.9,1.2,.758,0.6,3.5,1.3,8.5,1.9,1.9,5.9,2.4,20.6,0.6,1.5,0.0,0.2,1.6,7.4,0.7,10.4,12.8
4040,2025,Shake Milton,LAL,SG,30,1,11.5,1.4,3.2,.433,0.3,1.1,.294,1.1,2.1,.508,.485,0.7,0.9,.846,0.5,5.0,1.3,12.1,1.8,1.8,8.7,1.3,15.1,0.3,1.4,0.1,0.8,0.8,3.9,0.7,15.6,10.5
4041,2025,Aaron Holiday,HOU,PG,62,3,12.8,1.9,4.3,.437,1.2,2.9,.398,0.7,1.4,.517,.571,0.5,0.7,.829,0.2,1.7,1.0,8.9,1.3,1.3,5.2,1.3,14.3,0.3,1.2,0.2,1.2,1.0,5.5,0.6,11.5,12.2
4042,2025,Jeff Green,HOU,PF,32,3,12.4,1.9,3.8,.504,0.9,2.5,.367,1.0,1.3,.762,.624,0.7,0.8,.808,0.3,2.9,1.5,12.9,1.8,1.8,7.8,0.6,7.0,0.2,0.7,0.1,0.9,1.0,5.4,0.3,6.4,13.6
4043,2025,Jonathan Isaac,ORL,PF,71,1,15.4,1.9,4.6,.414,0.5,2.1,.258,1.3,2.4,.549,.474,1.0,1.5,.682,1.7,12.0,2.7,21.5,4.4,4.4,16.5,0.6,5.5,0.9,2.8,1.1,7.0,1.3,5.4,0.5,8.2,16.6
4044,2025,Dean Wade,CLE,PF,59,30,21.2,1.9,4.6,.413,1.4,3.8,.360,0.5,0.8,.653,.561,0.3,0.5,.533,0.9,4.5,3.4,16.6,4.2,4.2,10.8,1.3,7.3,0.7,1.6,0.3,1.4,1.7,5.4,0.4,7.2,10.1
4045,2025,Keaton Wallace,ATL,PG,31,5,16.2,2.1,5.2,.401,0.9,2.6,.329,1.2,2.6,.475,.485,0.4,0.4,1.000,0.2,1.5,1.4,9.6,1.6,1.6,5.5,2.6,21.0,0.9,2.6,0.3,1.7,1.3,5.4,1.1,16.5,10.1
4046,2025,Kobe Bufkin,ATL,SG,10,0,12.4,1.8,4.7,.383,0.4,1.9,.211,1.4,2.8,.500,.426,1.3,1.8,.722,0.5,4.3,1.6,14.5,2.1,2.1,9.3,1.7,18.2,0.3,1.1,0.2,1.5,0.9,5.3,0.8,12.7,10.5
4047,2025,Jamal Cain,NOP,SF,37,0,13.6,1.8,4.3,.430,0.7,2.2,.325,1.1,2.1,.538,.513,0.9,1.4,.680,0.7,5.6,1.6,12.8,2.3,2.3,9.1,0.6,6.2,0.6,2.2,0.2,1.7,1.2,5.3,0.6,10.9,11.4
4048,2025,Pat Connaughton,MIL,SG,41,1,14.7,2.0,4.3,.469,0.6,2.0,.321,1.4,2.3,.594,.542,0.6,0.8,.774,0.5,3.6,2.2,15.6,2.7,2.7,9.8,1.7,15.8,0.2,0.7,0.3,1.7,1.1,5.3,0.6,11.2,12.1
4049,2025,Kevin Love,MIA,PF,23,9,10.9,1.8,5.0,.357,1.0,2.9,.358,0.7,2.1,.354,.461,0.7,1.0,.696,1.0,9.8,3.1,31.4,4.1,4.1,20.7,1.0,13.1,0.7,3.0,0.2,1.5,0.9,5.3,0.6,10.1,16.2
4050,2025,Ben Sheppard,IND,SG,63,9,19.5,1.9,4.6,.418,1.1,3.2,.342,0.8,1.4,.591,.537,0.4,0.4,.889,0.7,4.0,2.1,12.0,2.8,2.8,8.0,1.3,8.6,0.6,1.5,0.2,1.0,2.0,5.3,0.3,6.9,9.2
4051,2025,Monte Morris,PHO,PG,45,0,12.7,1.8,4.3,.426,0.7,1.9,.360,1.2,2.4,.477,.505,0.8,0.9,.857,0.3,2.4,1.2,10.5,1.5,1.5,6.5,1.6,18.1,0.4,1.7,0.1,0.5,0.5,5.2,0.5,9.0,13.1
4052,2025,Jabari Walker,POR,PF,60,1,12.5,2.0,3.8,.515,0.5,1.2,.389,1.5,2.6,.573,.576,0.8,1.2,.690,1.0,8.3,2.5,22.6,3.5,3.5,15.3,0.6,7.2,0.6,2.1,0.1,0.7,1.5,5.2,0.6,11.6,15.0
4053,2025,Javonte Green,2TM,SG,68,19,18.5,1.8,4.2,.429,0.7,2.1,.326,1.1,2.1,.527,.509,0.8,1.1,.724,0.9,5.0,2.3,13.9,3.2,3.2,9.4,0.8,5.9,1.0,2.5,0.5,2.4,1.4,5.1,0.5,9.1,10.7
4054,2025,Javonte Green,NOP,SG,50,18,21.8,2.0,4.5,.446,0.8,2.2,.352,1.2,2.3,.534,.531,1.0,1.3,.758,1.0,4.7,2.6,13.1,3.6,3.6,8.8,0.9,5.5,1.1,2.4,0.6,2.6,1.5,5.8,0.6,10.0,10.8
4055,2025,Javonte Green,CLE,SG,18,1,9.2,1.3,3.5,.365,0.4,1.8,.242,0.8,1.7,.500,.429,0.3,0.6,.500,0.6,6.7,1.7,19.0,2.2,2.2,13.1,0.6,8.4,0.6,2.9,0.1,0.5,1.2,3.3,0.2,5.6,10.2
4056,2025,Alex Reese,2TM,PF,15,0,14.4,1.7,3.6,.481,1.0,2.7,.366,0.7,0.9,.846,.620,0.6,0.8,.750,0.6,4.5,2.5,20.8,3.1,3.1,12.3,0.3,2.6,0.7,2.3,0.7,4.5,1.4,5.1,0.4,9.2,14.0
4057,2025,Alex Reese,OKC,PF,1,0,2.0,1.0,1.0,1.000,0.0,0.0,,1.0,1.0,1.000,1.000,0.0,0.0,,1.0,54.8,0.0,0.0,1.0,1.0,26.8,0.0,0.0,0.0,0.0,0.0,0.0,0.0,2.0,0.0,0.0,53.6
4058,2025,Alex Reese,PHI,PF,14,0,15.3,1.8,3.8,.472,1.1,2.9,.366,0.7,0.9,.833,.613,0.6,0.9,.750,0.6,4.1,2.7,21.0,3.3,3.3,12.2,0.3,2.7,0.7,2.3,0.7,4.6,1.5,5.3,0.4,9.3,13.6
4059,2025,Bismack Biyombo,SAS,C,28,26,18.9,2.4,4.1,.588,0.0,0.0,,2.4,4.1,.588,.588,0.4,0.9,.400,1.5,8.7,4.1,23.4,5.6,5.6,16.0,1.1,7.9,0.6,1.5,0.8,3.9,1.9,5.1,1.0,17.8,12.2
4060,2025,Mitchell Robinson,NYK,C,17,3,17.1,2.2,3.3,.661,0.0,0.0,,2.2,3.3,.661,.661,0.8,1.1,.684,3.1,20.8,2.9,19.2,5.9,5.9,20.0,0.8,5.9,0.9,2.7,1.1,5.8,1.5,5.1,0.6,13.4,20.4
4061,2025,Kai Jones,2TM,C,40,6,11.7,2.2,2.7,.798,0.0,0.1,.200,2.2,2.6,.827,.803,0.6,0.8,.719,1.0,9.6,2.1,19.7,3.1,3.1,14.8,0.6,7.9,0.4,1.6,0.6,4.6,1.3,5.0,0.5,12.8,20.2
4062,2025,Kai Jones,LAC,C,28,0,7.4,0.9,1.3,.722,0.0,0.1,.000,0.9,1.2,.765,.722,0.3,0.4,.750,0.5,8.3,1.1,16.6,1.6,1.6,12.5,0.4,6.5,0.2,1.4,0.5,6.2,0.8,2.2,0.4,19.5,14.5
4063,2025,Kai Jones,DAL,C,12,6,21.7,5.1,6.1,.836,0.1,0.3,.333,5.0,5.8,.857,.842,1.2,1.7,.700,2.1,10.7,4.5,22.2,6.6,6.6,16.5,1.3,9.0,0.8,1.7,0.8,3.3,2.3,11.4,0.7,8.9,24.8
4064,2025,Ben Simmons,2TM,PG,51,24,22.0,2.3,4.4,.520,0.0,0.0,,2.3,4.4,.520,.520,0.5,0.6,.727,0.9,4.6,3.8,20.3,4.7,4.7,12.2,5.6,37.0,0.7,1.7,0.5,2.0,2.1,5.0,2.0,30.0,12.4
4065,2025,Ben Simmons,BRK,PG,33,24,25.0,2.8,5.2,.547,0.0,0.0,,2.8,5.2,.547,.547,0.5,0.8,.692,0.9,3.9,4.3,20.5,5.2,5.2,11.8,6.9,41.6,0.8,1.6,0.5,1.9,2.5,6.2,2.7,32.7,12.6
4066,2025,Ben Simmons,LAC,PG,18,0,16.4,1.3,2.9,.434,0.0,0.0,,1.3,2.9,.434,.434,0.3,0.4,.857,0.9,6.6,2.9,19.7,3.8,3.8,13.2,3.1,24.3,0.7,2.0,0.4,2.4,1.4,2.9,0.8,20.0,11.9
4067,2025,Malaki Branham,SAS,SG,47,0,9.1,1.9,4.0,.458,0.7,1.8,.405,1.1,2.3,.500,.547,0.6,0.7,.818,0.1,1.8,0.9,11.1,1.1,1.1,6.4,0.8,13.4,0.2,1.2,0.0,0.4,0.6,5.0,0.7,14.3,12.0
4068,2025,Neemias Queta,BOS,C,62,6,13.9,2.1,3.3,.650,0.0,0.0,.000,2.1,3.2,.660,.650,0.7,1.0,.754,1.4,11.2,2.4,18.5,3.8,3.8,14.9,0.7,7.4,0.3,1.0,0.7,4.5,1.7,5.0,0.6,14.8,16.3
4069,2025,Alondes Williams,DET,SG,1,0,4.0,2.0,2.0,1.000,1.0,1.0,1.000,1.0,1.0,1.000,1.250,0.0,0.0,,0.0,0.0,0.0,0.0,0.0,0.0,0.0,1.0,65.0,0.0,0.0,0.0,0.0,0.0,5.0,0.0,0.0,53.4
4070,2025,Jaylen Martin,2TM,SF,16,0,14.9,1.9,4.6,.419,0.4,1.4,.304,1.5,3.2,.471,.466,0.6,0.6,.900,0.7,4.8,2.1,14.4,2.8,2.8,9.6,1.1,10.3,0.6,1.8,0.0,0.0,0.9,4.9,0.8,13.3,9.1
4071,2025,Jaylen Martin,BRK,SF,3,0,1.7,0.3,0.7,.500,0.3,0.3,1.000,0.0,0.3,.000,.750,0.0,0.0,,0.0,0.0,0.0,0.0,0.0,0.0,0.0,0.0,0.0,0.0,0.0,0.0,0.0,0.3,1.0,0.0,0.0,12.8
4072,2025,Jaylen Martin,WAS,SF,13,0,18.0,2.3,5.5,.417,0.5,1.7,.273,1.8,3.8,.480,.458,0.7,0.8,.900,0.8,4.9,2.5,14.7,3.4,3.4,9.8,1.3,10.5,0.7,1.8,0.0,0.0,1.0,5.8,0.9,13.6,9.0
4073,2025,Lindy Waters III,2TM,SG,52,9,15.0,1.8,4.8,.369,1.2,3.6,.344,0.5,1.2,.444,.498,0.2,0.2,.727,0.4,2.7,1.7,12.8,2.1,2.1,7.6,1.0,9.1,0.5,1.7,0.2,1.3,1.2,4.9,0.4,7.3,8.8
4074,2025,Lindy Waters III,GSW,SG,38,9,17.2,2.0,5.4,.371,1.3,3.9,.331,0.7,1.5,.474,.490,0.2,0.3,.727,0.4,2.6,2.1,13.5,2.5,2.5,7.9,1.1,8.8,0.6,1.6,0.3,1.5,1.4,5.5,0.4,7.5,8.4
4075,2025,Lindy Waters III,DET,SG,14,0,8.8,1.1,3.1,.364,1.1,2.7,.395,0.1,0.4,.167,.534,0.0,0.0,,0.3,3.6,0.7,8.9,1.0,1.0,6.3,0.7,10.8,0.4,2.0,0.1,0.8,0.5,3.4,0.2,6.4,11.0
4076,2025,Trevelin Queen,ORL,SG,31,2,13.9,1.8,4.7,.381,0.7,2.5,.286,1.1,2.3,.486,.456,0.6,0.7,.857,0.8,6.6,0.9,7.9,1.7,1.7,7.2,1.2,13.3,1.0,3.6,0.3,2.2,1.2,4.9,0.7,12.3,11.9
4077,2025,Jock Landale,HOU,C,42,3,11.9,1.9,3.6,.533,0.3,0.6,.423,1.7,3.0,.556,.569,0.6,1.0,.675,1.3,11.7,1.9,17.6,3.3,3.3,14.6,0.9,10.3,0.3,1.3,0.2,1.8,1.2,4.8,0.5,11.0,16.0
4078,2025,Colin Castleton,3TM,C,26,4,16.6,1.8,3.8,.469,0.1,0.6,.125,1.7,3.2,.537,.480,1.1,1.5,.763,2.0,13.0,2.7,17.9,4.7,4.7,15.4,1.1,8.9,0.3,0.9,0.4,2.2,2.0,4.7,0.9,16.7,11.3
4079,2025,Colin Castleton,MEM,C,10,0,4.6,0.2,1.0,.200,0.0,0.4,.000,0.2,0.6,.333,.200,1.0,1.1,.909,0.3,7.0,0.6,13.7,0.9,0.9,10.4,0.0,0.0,0.1,1.0,0.1,2.0,0.6,1.4,0.1,6.3,7.4
4080,2025,Colin Castleton,TOR,C,11,4,26.2,2.9,5.8,.500,0.2,0.7,.250,2.7,5.1,.536,.516,1.2,1.6,.722,3.1,12.4,3.8,16.0,6.9,6.9,14.1,1.6,8.3,0.5,1.0,0.7,2.7,2.9,7.2,1.9,22.6,10.1
4081,2025,Colin Castleton,PHI,C,5,0,19.6,2.4,4.8,.500,0.0,0.8,.000,2.4,4.0,.600,.500,1.2,1.8,.667,3.2,17.8,4.2,25.3,7.4,7.4,21.4,2.0,14.6,0.2,0.5,0.2,1.0,2.6,6.0,0.2,3.5,16.5
4082,2025,Taylor Hendricks,UTA,PF,3,3,25.0,1.3,6.0,.222,1.0,4.0,.250,0.3,2.0,.167,.306,1.0,1.3,.750,1.7,7.2,3.3,14.3,5.0,5.0,10.8,0.7,3.4,1.7,3.2,1.3,5.0,2.7,4.7,0.7,9.2,7.1
4083,2025,David Roddy,3TM,PF,33,3,12.4,1.7,3.8,.456,0.6,1.8,.311,1.2,1.9,.594,.532,0.6,0.8,.769,0.4,3.4,2.2,19.5,2.5,2.5,11.2,1.1,11.5,0.4,1.6,0.3,2.0,0.6,4.6,0.7,13.9,11.9
4084,2025,David Roddy,ATL,PF,27,3,12.8,1.6,3.4,.473,0.6,1.6,.372,1.0,1.9,.560,.559,0.7,0.8,.818,0.4,3.4,2.2,19.2,2.6,2.6,11.1,1.1,11.2,0.4,1.6,0.3,2.1,0.7,4.5,0.7,16.3,11.8
4085,2025,David Roddy,PHI,PF,3,0,9.7,2.7,6.3,.421,0.7,3.7,.182,2.0,2.7,.750,.474,0.0,0.0,,0.7,7.5,2.3,28.5,3.0,3.0,17.6,1.0,19.0,0.7,3.4,0.0,0.0,0.3,6.0,0.3,5.0,19.1
4086,2025,David Roddy,HOU,PF,3,0,11.7,1.7,4.3,.385,0.3,2.3,.143,1.3,2.0,.667,.423,0.7,1.3,.500,0.0,0.0,1.7,15.5,1.7,1.7,7.6,0.7,7.7,0.0,0.0,0.3,2.6,0.3,4.3,0.3,6.3,7.2
4087,2025,Drew Eubanks,2TM,C,61,4,12.2,1.9,3.2,.593,0.0,0.1,.500,1.8,3.1,.596,.601,0.8,1.2,.662,1.0,8.9,2.7,24.1,3.7,3.7,16.5,0.9,10.6,0.2,0.8,0.6,5.0,1.0,4.6,0.7,15.4,15.6
4088,2025,Drew Eubanks,UTA,C,37,4,15.4,2.4,3.9,.607,0.1,0.1,.600,2.3,3.8,.607,.617,1.0,1.5,.632,1.1,7.6,3.5,24.1,4.5,4.5,15.9,1.2,11.7,0.3,0.8,0.9,5.3,1.2,5.8,0.8,15.4,15.9
4089,2025,Drew Eubanks,LAC,C,24,0,7.4,1.1,2.0,.551,0.0,0.0,.000,1.1,2.0,.563,.551,0.5,0.6,.786,0.8,12.9,1.6,23.8,2.4,2.4,18.5,0.4,7.1,0.1,0.6,0.3,3.9,0.7,2.7,0.4,15.3,14.8
4090,2025,Pelle Larsson,MIA,SG,55,8,14.2,1.6,3.7,.438,0.6,1.7,.337,1.0,2.0,.528,.517,0.7,1.1,.672,0.5,4.0,1.2,9.0,1.7,1.7,6.5,1.2,11.6,0.6,2.0,0.1,0.9,1.7,4.6,0.4,9.5,10.2
4091,2025,Julian Phillips,CHI,SF,79,5,14.2,1.6,3.6,.446,0.6,1.9,.327,1.0,1.7,.582,.533,0.8,1.0,.789,0.8,6.4,1.3,9.4,2.1,2.1,7.9,0.5,4.4,0.5,1.6,0.3,1.5,1.4,4.6,0.3,7.8,10.2
4092,2025,Cody Williams,UTA,SG,50,21,21.2,1.7,5.1,.323,0.7,2.7,.259,1.0,2.4,.393,.391,0.6,0.8,.725,0.5,2.8,1.7,8.7,2.3,2.3,5.7,1.2,7.4,0.5,1.0,0.3,1.4,1.9,4.6,0.9,13.8,3.7
4093,2025,Rob Dillingham,MIN,PG,49,1,10.5,1.9,4.3,.441,0.5,1.5,.338,1.4,2.8,.496,.500,0.2,0.3,.533,0.2,2.6,0.8,8.0,1.0,1.0,5.4,2.0,28.4,0.4,1.9,0.0,0.2,0.8,4.5,1.1,19.6,10.2
4094,2025,Jett Howard,ORL,SF,60,0,11.7,1.6,4.4,.374,0.9,3.1,.296,0.7,1.3,.566,.479,0.3,0.4,.696,0.3,3.1,0.8,8.6,1.2,1.2,5.7,0.7,9.6,0.2,0.9,0.2,1.5,1.1,4.5,0.6,11.7,7.1
4095,2025,Kevon Looney,GSW,C,76,6,15.0,1.9,3.7,.514,0.0,0.1,.400,1.9,3.6,.516,.518,0.7,1.3,.566,2.4,16.9,3.6,26.9,6.1,6.1,21.8,1.6,14.3,0.6,2.0,0.5,3.1,2.0,4.5,0.5,10.8,17.0
4096,2025,Mason Plumlee,PHO,C,74,21,17.6,1.7,2.7,.619,0.0,0.1,.000,1.7,2.7,.631,.619,1.1,1.7,.648,1.6,10.2,4.6,28.4,6.1,6.1,19.5,1.8,13.6,0.4,1.3,0.6,3.4,2.1,4.5,0.8,18.6,14.8
4097,2025,Dalen Terry,CHI,SG,73,5,13.5,1.6,3.7,.448,0.5,1.4,.356,1.1,2.2,.506,.517,0.7,0.9,.710,0.5,4.1,1.2,9.0,1.7,1.7,6.6,1.3,12.7,0.6,2.1,0.2,1.3,1.6,4.5,0.7,15.1,9.6
4098,2025,Marvin Bagley III,2TM,PF,31,2,8.5,1.8,3.4,.519,0.1,0.6,.158,1.7,2.8,.598,.533,0.7,1.1,.657,1.2,15.0,1.5,18.2,2.7,2.7,16.6,0.4,6.5,0.3,1.6,0.3,2.7,0.6,4.4,0.4,9.0,18.4
4099,2025,Marvin Bagley III,WAS,C,19,1,8.7,2.0,3.7,.535,0.1,0.5,.200,1.9,3.2,.590,.549,0.8,1.2,.652,1.4,16.8,1.5,18.3,2.9,2.9,17.5,0.4,7.1,0.4,2.0,0.3,2.7,0.6,4.9,0.6,11.9,19.9
4100,2025,Marvin Bagley III,MEM,PF,12,1,8.3,1.4,2.9,.486,0.1,0.8,.111,1.3,2.2,.615,.500,0.7,1.0,.667,0.9,11.9,1.4,18.0,2.3,2.3,15.0,0.3,5.3,0.2,0.9,0.3,2.8,0.5,3.6,0.1,2.4,15.7
4101,2025,Charles Bassey,SAS,C,36,1,10.4,1.9,3.3,.581,0.0,0.0,,1.9,3.3,.581,.581,0.6,0.9,.636,1.6,15.9,2.7,27.4,4.2,4.2,21.7,0.5,6.6,0.4,1.8,0.8,7.2,1.4,4.4,0.6,14.9,19.0
4102,2025,Tony Bradley,IND,C,14,0,8.1,2.1,3.2,.644,0.1,0.2,.333,2.0,3.0,.667,.656,0.1,0.4,.333,1.3,17.9,1.7,23.5,3.0,3.0,20.7,0.4,8.3,0.1,0.9,0.6,7.2,0.8,4.4,0.4,9.5,23.2
4103,2025,Reggie Jackson,PHI,PG,31,1,12.4,1.7,4.3,.391,0.8,2.4,.338,0.9,1.9,.458,.485,0.2,0.3,.778,0.3,2.3,1.1,10.4,1.4,1.4,6.2,1.5,17.1,0.5,2.1,0.1,0.8,1.1,4.4,0.5,11.0,9.8
4104,2025,Reed Sheppard,HOU,PG,52,3,12.6,1.6,4.6,.351,0.9,2.7,.338,0.7,1.9,.371,.452,0.3,0.3,.813,0.3,2.6,1.2,10.3,1.5,1.5,6.4,1.4,15.2,0.7,2.6,0.3,2.3,1.0,4.4,0.7,13.1,9.7
4105,2025,Lamar Stevens,MEM,PF,17,1,9.1,1.7,3.7,.460,0.5,1.6,.296,1.2,2.1,.583,.524,0.5,0.6,.727,0.2,2.8,2.0,23.0,2.2,2.2,13.0,0.5,6.9,0.3,1.5,0.2,1.8,0.9,4.4,0.6,12.8,11.5
4106,2025,Mo Bamba,2TM,C,32,2,12.9,1.6,3.5,.464,0.5,1.7,.278,1.2,1.8,.638,.531,0.6,0.8,.704,1.0,8.8,3.5,30.5,4.5,4.5,19.7,0.6,6.0,0.3,1.1,1.0,7.4,1.8,4.3,0.6,13.9,13.9
4107,2025,Mo Bamba,LAC,C,28,2,12.6,1.7,3.7,.466,0.5,1.8,.300,1.2,1.9,.623,.539,0.6,0.9,.680,0.9,8.5,3.4,29.8,4.3,4.3,19.3,0.6,6.3,0.3,1.3,1.0,7.9,1.8,4.6,0.7,14.3,14.5
4108,2025,Mo Bamba,NOP,C,4,0,15.3,1.0,2.3,.444,0.0,1.0,.000,1.0,1.3,.800,.444,0.5,0.5,1.000,1.5,10.3,4.8,34.6,6.3,6.3,22.1,0.5,4.2,0.0,0.0,0.8,4.7,1.8,2.5,0.3,9.2,10.6
4109,2025,Jevon Carter,CHI,PG,36,1,8.9,1.5,4.1,.377,1.0,2.9,.333,0.6,1.1,.488,.497,0.2,0.3,.800,0.1,1.3,1.0,11.2,1.1,1.1,6.4,1.1,17.2,0.4,1.9,0.1,0.8,0.4,4.3,0.3,6.8,12.2
4110,2025,Micah Potter,UTA,C,38,10,18.6,1.5,3.6,.422,0.8,2.6,.316,0.7,1.0,.703,.537,0.4,0.5,.850,1.1,6.6,3.2,18.4,4.3,4.3,12.5,0.8,5.8,0.4,1.0,0.4,1.9,1.3,4.3,0.8,17.7,8.5
4111,2025,Terrence Shannon Jr.,MIN,SG,32,1,10.6,1.7,3.6,.482,0.3,1.0,.355,1.4,2.6,.530,.531,0.5,0.7,.810,0.3,3.3,1.2,11.9,1.5,1.5,7.7,1.0,13.8,0.2,1.0,0.2,1.4,0.8,4.3,0.5,10.9,11.9
4112,2025,Daniel Theis,NOP,C,38,9,16.3,1.6,3.4,.473,0.2,1.0,.243,1.4,2.4,.565,.508,0.8,1.0,.838,1.2,7.4,3.2,21.5,4.3,4.3,14.2,1.6,13.0,0.5,1.4,0.5,3.1,1.8,4.3,0.7,14.7,12.1
4113,2025,Torrey Craig,2TM,SF,26,4,12.1,1.5,3.5,.422,0.9,2.5,.364,0.5,0.9,.583,.556,0.3,0.5,.667,1.0,9.3,1.8,15.6,2.8,2.8,12.5,0.7,7.2,0.3,1.3,0.5,3.5,1.3,4.2,0.3,7.7,12.9
4114,2025,Torrey Craig,CHI,SF,9,1,12.6,2.4,5.0,.489,1.7,3.9,.429,0.8,1.1,.700,.656,0.3,0.4,.750,0.9,7.6,1.9,15.5,2.8,2.8,11.6,0.6,6.3,0.2,0.8,0.1,0.8,1.7,6.9,0.0,0.0,17.2
4115,2025,Torrey Craig,BOS,SF,17,3,11.8,0.9,2.6,.356,0.5,1.8,.290,0.4,0.8,.500,.456,0.3,0.5,.625,1.1,10.3,1.7,15.6,2.8,2.8,13.0,0.7,7.6,0.4,1.5,0.6,5.1,1.1,2.7,0.5,14.2,10.5
4116,2025,Wendell Moore Jr.,2TM,SG,36,1,13.9,1.6,3.5,.468,0.4,1.1,.341,1.3,2.4,.529,.524,0.5,0.6,.818,0.8,6.4,1.8,14.3,2.6,2.6,10.3,1.2,11.6,0.6,1.9,0.1,1.0,0.9,4.2,0.8,16.6,11.0
4117,2025,Wendell Moore Jr.,DET,SG,20,1,11.0,1.2,2.5,.460,0.2,0.7,.286,1.0,1.8,.528,.500,0.7,0.7,.929,0.6,5.6,1.7,16.6,2.2,2.2,11.1,1.2,13.5,0.5,2.2,0.2,1.3,0.8,3.2,0.5,13.8,12.4
4118,2025,Wendell Moore Jr.,CHO,SG,16,0,17.5,2.3,4.8,.474,0.6,1.7,.370,1.6,3.1,.531,.539,0.3,0.5,.625,1.2,7.1,2.0,12.4,3.2,3.2,9.7,1.2,10.2,0.6,1.8,0.1,0.7,1.0,5.4,1.1,18.5,10.0
4119,2025,Dominick Barlow,ATL,PF,35,4,10.7,1.7,3.2,.531,0.2,0.8,.259,1.5,2.5,.616,.562,0.6,0.9,.636,1.0,10.0,1.4,15.0,2.4,2.4,12.4,0.5,6.9,0.3,1.1,0.5,3.9,1.3,4.2,0.1,3.8,14.6
4120,2025,Kessler Edwards,DAL,SF,40,18,15.2,1.7,3.4,.496,0.6,1.4,.407,1.1,2.0,.556,.578,0.3,0.3,.923,0.6,4.0,2.3,16.3,2.9,2.9,10.3,1.1,9.1,0.5,1.5,0.5,2.8,1.6,4.2,0.4,10.2,11.3
4121,2025,Oso Ighodaro,PHO,PF,61,6,17.1,1.9,3.1,.604,0.0,0.0,.000,1.9,3.0,.611,.604,0.5,0.8,.580,1.1,7.2,2.6,16.2,3.6,3.6,11.9,1.2,9.1,0.5,1.3,0.5,2.6,1.7,4.2,0.6,15.7,11.1
4122,2025,Kris Murray,POR,SF,69,6,15.1,1.7,4.0,.419,0.4,1.7,.225,1.3,2.3,.566,.468,0.4,0.8,.456,1.1,7.7,1.5,11.3,2.6,2.6,9.5,1.0,9.0,0.5,1.6,0.2,1.5,1.0,4.2,0.6,12.4,9.1
4123,2025,Duop Reath,POR,C,46,0,10.2,1.5,3.6,.422,0.7,2.3,.321,0.8,1.3,.600,.524,0.4,0.5,.909,1.0,9.9,1.0,11.4,2.0,2.0,10.6,0.6,8.0,0.3,1.2,0.3,2.7,0.9,4.2,0.3,8.3,13.7
4124,2025,Cam Spencer,MEM,SG,25,1,10.1,1.4,3.3,.415,0.8,2.1,.365,0.6,1.2,.500,.530,0.8,0.8,1.000,0.5,5.1,0.7,7.5,1.2,1.2,6.3,1.4,16.9,0.4,1.7,0.0,0.4,0.9,4.2,0.2,6.2,14.2
4125,2025,Maxwell Lewis,2TM,SF,28,1,11.7,1.6,3.9,.417,0.7,1.8,.380,0.9,2.1,.448,.505,0.3,0.4,.700,0.6,6.0,1.3,13.5,2.0,2.0,9.5,0.7,9.0,0.3,1.4,0.3,2.1,1.0,4.1,0.5,11.1,9.9
4126,2025,Maxwell Lewis,LAL,SF,7,0,4.1,0.3,0.9,.333,0.0,0.0,,0.3,0.9,.333,.333,0.0,0.0,,0.3,8.0,0.0,0.0,0.3,0.3,3.9,0.3,8.8,0.1,1.7,0.0,0.0,0.1,0.6,0.3,25.0,2.2
4127,2025,Maxwell Lewis,BRK,SF,21,1,14.2,2.0,4.9,.422,0.9,2.4,.380,1.1,2.5,.462,.515,0.3,0.5,.700,0.8,5.8,1.8,14.8,2.5,2.5,10.1,0.8,9.0,0.4,1.3,0.3,2.3,1.3,5.3,0.6,10.1,10.6
4128,2025,Jaylen Clark,MIN,SG,40,4,13.1,1.4,3.0,.467,0.6,1.3,.431,0.9,1.7,.493,.558,0.7,0.9,.784,0.7,5.6,0.7,5.6,1.3,1.3,5.6,0.7,6.7,0.9,3.4,0.1,0.4,1.5,4.1,0.2,5.5,12.0
4129,2025,Caleb Houstan,ORL,SF,58,6,13.6,1.4,3.3,.421,1.1,2.8,.400,0.3,0.5,.533,.589,0.3,0.3,.882,0.3,2.6,1.0,8.6,1.3,1.3,5.5,0.6,6.4,0.4,1.4,0.1,0.7,1.1,4.1,0.2,6.2,9.4
4130,2025,Jordan Miller,LAC,SF,37,0,11.4,1.6,3.6,.433,0.2,1.0,.211,1.4,2.6,.521,.463,0.8,0.9,.800,0.6,6.3,0.9,9.3,1.6,1.6,7.8,0.9,11.2,0.5,2.0,0.1,1.2,0.7,4.1,0.7,14.8,10.5
4131,2025,Jalen Pickett,DEN,SG,49,4,13.6,1.6,3.7,.428,0.8,2.1,.396,0.8,1.6,.468,.539,0.1,0.2,.750,0.3,2.6,1.1,8.8,1.4,1.4,5.9,2.2,19.5,0.4,1.4,0.1,0.7,0.8,4.1,0.5,11.6,10.9
4132,2025,Paul Reed,DET,C,45,0,9.7,1.6,3.2,.507,0.2,0.6,.286,1.4,2.5,.561,.535,0.7,0.9,.762,0.9,10.2,1.8,20.8,2.7,2.7,15.6,1.0,14.0,0.9,4.3,0.6,5.4,1.7,4.1,0.6,13.9,18.6
4133,2025,Gui Santos,GSW,PF,56,2,13.6,1.5,3.2,.458,0.6,1.8,.330,0.9,1.4,.632,.553,0.5,0.8,.690,1.3,9.9,1.8,14.5,3.1,3.1,12.1,1.4,14.2,0.4,1.6,0.2,1.2,1.6,4.1,0.8,17.5,11.7
4134,2025,Jarred Vanderbilt,LAL,PF,36,2,16.1,1.6,3.4,.488,0.3,0.9,.281,1.4,2.5,.562,.525,0.6,1.0,.556,1.9,13.6,3.2,21.5,5.1,5.1,17.6,1.1,9.4,1.0,3.0,0.3,1.6,1.9,4.1,0.8,17.5,13.2
4135,2025,Colby Jones,2TM,SG,39,0,13.2,1.5,3.3,.457,0.4,1.3,.327,1.1,2.1,.538,.519,0.6,0.9,.657,0.5,4.3,1.7,13.6,2.2,2.2,9.0,1.1,12.0,0.7,2.4,0.3,2.4,0.9,4.0,0.6,13.7,11.4
4136,2025,Colby Jones,SAC,SG,24,0,5.4,0.5,1.1,.423,0.2,0.4,.400,0.3,0.7,.438,.500,0.0,0.0,,0.3,6.9,0.6,13.0,1.0,1.0,9.9,0.3,6.7,0.3,2.3,0.3,5.3,0.5,1.1,0.3,21.2,8.6
4137,2025,Colby Jones,WAS,SG,15,0,25.7,3.2,6.9,.466,0.8,2.6,.308,2.4,4.3,.563,.524,1.5,2.3,.657,0.9,3.5,3.4,13.8,4.3,4.3,8.6,2.5,13.8,1.3,2.5,0.4,1.4,1.6,8.7,1.1,11.9,12.3
4138,2025,Nicolas Batum,LAC,PF,78,8,17.5,1.3,3.1,.437,1.1,2.6,.433,0.2,0.4,.457,.622,0.2,0.3,.810,0.6,4.0,2.2,14.0,2.8,2.8,9.0,1.1,7.8,0.7,1.9,0.5,2.6,1.4,4.0,0.4,12.1,10.3
4139,2025,Malachi Flynn,CHO,PG,4,0,11.0,1.3,3.3,.385,0.3,1.0,.250,1.0,2.3,.444,.423,1.3,1.5,.833,0.8,7.1,1.0,9.9,1.8,1.8,8.5,1.8,23.3,0.8,3.4,0.0,0.0,1.0,4.0,1.0,20.4,12.4
4140,2025,Ron Harper Jr.,DET,SF,1,0,17.0,1.0,8.0,.125,0.0,6.0,.000,1.0,2.0,.500,.125,2.0,2.0,1.000,4.0,26.3,3.0,19.4,7.0,7.0,22.8,2.0,14.3,0.0,0.0,0.0,0.0,0.0,4.0,0.0,0.0,7.9
4141,2025,Josh Richardson,MIA,SG,8,0,18.8,1.4,4.8,.289,0.8,2.8,.273,0.6,2.0,.313,.368,0.5,0.5,1.000,0.8,4.5,0.8,4.4,1.5,1.5,4.4,1.5,10.5,1.0,2.7,0.1,0.6,2.1,4.0,1.0,16.8,4.4
4142,2025,Steven Adams,HOU,C,58,3,13.7,1.6,2.9,.545,0.0,0.0,.000,1.6,2.8,.552,.545,0.7,1.6,.462,2.9,21.8,2.8,22.0,5.6,5.6,21.9,1.1,10.9,0.4,1.3,0.5,3.2,1.0,3.9,0.9,20.6,16.6
4143,2025,Kyle Lowry,PHI,PG,35,12,18.8,1.2,3.3,.350,0.8,2.5,.330,0.3,0.8,.414,.474,0.8,0.9,.818,0.3,1.8,1.6,10.0,1.9,1.9,5.8,2.7,19.2,0.9,2.5,0.3,1.6,1.8,3.9,0.6,13.8,9.8
4144,2025,Olivier-Maxence Prosper,DAL,PF,52,4,11.2,1.3,3.3,.402,0.2,1.0,.235,1.1,2.4,.472,.437,0.9,1.5,.645,0.8,8.4,1.6,15.0,2.4,2.4,11.8,0.8,9.1,0.5,2.2,0.1,0.9,0.5,3.9,0.3,6.3,12.6
4145,2025,Patty Mills,2TM,PG,29,0,11.1,1.2,3.3,.375,0.9,2.6,.347,0.3,0.7,.476,.510,0.4,0.5,.929,0.1,1.4,0.6,6.0,0.8,0.8,3.7,0.9,11.1,0.4,1.9,0.1,0.9,0.8,3.8,0.6,14.3,8.4
4146,2025,Patty Mills,UTA,PG,17,0,15.3,1.5,4.5,.342,1.0,3.4,.298,0.5,1.1,.474,.454,0.3,0.3,1.000,0.2,1.3,1.1,7.4,1.2,1.2,4.4,1.2,11.0,0.7,2.2,0.2,1.1,0.7,4.4,0.9,17.0,6.2
4147,2025,Patty Mills,LAC,PG,12,0,5.1,0.8,1.7,.500,0.8,1.5,.500,0.1,0.2,.500,.725,0.7,0.8,.889,0.1,1.9,0.0,0.0,0.1,0.1,0.9,0.4,11.8,0.1,0.8,0.0,0.0,1.0,3.1,0.1,4.0,17.5
4148,2025,Branden Carlson,OKC,C,32,0,7.7,1.3,3.0,.443,0.7,2.1,.333,0.7,1.0,.677,.557,0.4,0.6,.778,0.5,7.6,1.2,15.8,1.7,1.7,11.8,0.4,7.5,0.2,1.0,0.7,8.6,0.7,3.8,0.2,6.3,17.6
4149,2025,Devin Carter,SAC,PG,36,0,11.0,1.3,3.5,.370,0.5,1.7,.295,0.8,1.8,.439,.441,0.7,1.2,.591,0.5,5.4,1.6,16.2,2.1,2.1,10.8,1.1,13.5,0.6,2.6,0.1,1.0,1.1,3.8,0.5,11.0,10.8
4150,2025,Ousmane Dieng,OKC,C,37,1,10.9,1.5,3.4,.432,0.6,1.9,.324,0.8,1.5,.574,.524,0.3,0.4,.688,0.5,4.9,1.7,16.3,2.2,2.2,10.7,0.8,9.6,0.5,2.0,0.2,1.7,0.9,3.8,0.5,12.0,11.5
4151,2025,Markieff Morris,2TM,PF,15,2,11.0,1.4,4.7,.300,0.6,2.4,.250,0.8,2.3,.353,.364,0.3,0.4,.833,0.2,2.1,1.3,13.1,1.5,1.5,7.8,1.4,17.5,0.1,0.6,0.2,1.7,1.1,3.7,0.3,6.4,6.0
4152,2025,Markieff Morris,DAL,PF,7,0,5.9,0.7,3.1,.227,0.3,1.9,.154,0.4,1.3,.333,.273,0.0,0.0,,0.0,0.0,1.1,20.8,1.1,1.1,10.6,0.6,13.0,0.1,1.2,0.1,2.1,0.3,1.7,0.3,8.3,0.0
4153,2025,Markieff Morris,LAL,PF,8,2,15.5,2.0,6.0,.333,0.9,2.9,.304,1.1,3.1,.360,.406,0.6,0.8,.833,0.4,2.8,1.5,10.6,1.9,1.9,6.8,2.1,19.0,0.1,0.4,0.3,1.5,1.8,5.5,0.4,5.6,7.9
4154,2025,Emoni Bates,CLE,SF,10,0,7.5,1.3,3.8,.342,1.1,3.0,.367,0.2,0.8,.250,.487,0.0,0.0,,0.0,0.0,0.7,9.8,0.7,0.7,5.1,0.8,14.2,0.1,0.6,0.1,1.2,0.4,3.7,0.2,5.0,9.8
4155,2025,DeAndre Jordan,DEN,C,56,5,12.3,1.6,2.5,.650,0.0,0.0,,1.6,2.5,.650,.650,0.5,1.1,.422,1.5,14.0,3.6,30.3,5.1,5.1,22.6,0.9,9.5,0.3,1.1,0.5,3.5,1.3,3.7,0.7,19.2,15.4
4156,2025,Craig Porter Jr.,CLE,PG,51,1,10.1,1.4,2.7,.514,0.4,0.9,.438,1.0,1.8,.554,.589,0.5,0.6,.719,0.4,4.1,0.9,9.9,1.3,1.3,7.1,1.4,17.7,0.3,1.6,0.3,2.6,0.5,3.7,0.7,19.8,13.1
4157,2025,Jackson Rowe,GSW,PF,6,0,8.7,1.3,2.8,.471,0.5,1.7,.300,0.8,1.2,.714,.559,0.5,1.0,.500,0.5,6.0,1.3,17.0,1.8,1.8,11.4,0.7,11.1,0.7,3.7,0.0,0.0,0.7,3.7,0.2,4.8,15.9
4158,2025,Blake Wesley,SAS,SG,58,0,11.8,1.4,3.2,.435,0.3,1.0,.293,1.1,2.2,.500,.481,0.7,1.1,.623,0.3,2.7,0.8,6.9,1.1,1.1,4.8,2.0,22.3,0.6,2.6,0.1,0.8,0.8,3.7,0.9,20.2,9.9
4159,2025,JT Thor,2TM,PF,20,0,12.5,1.3,3.0,.424,0.3,1.1,.286,1.0,1.9,.500,.475,0.8,1.1,.682,1.0,8.4,1.4,11.8,2.4,2.4,10.1,0.3,3.3,0.4,1.5,0.5,3.2,0.9,3.6,0.5,11.6,10.0
4160,2025,JT Thor,CLE,PF,9,0,4.7,1.0,1.7,.600,0.3,0.7,.500,0.7,1.0,.667,.700,0.8,0.9,.875,0.3,8.0,0.3,7.5,0.7,0.7,7.7,0.1,3.4,0.2,2.3,0.3,6.4,0.7,3.1,0.7,24.5,19.1
4161,2025,JT Thor,WAS,PF,11,0,18.8,1.5,4.0,.364,0.3,1.4,.200,1.2,2.6,.448,.398,0.7,1.3,.571,1.5,8.5,2.3,12.6,3.8,3.8,10.5,0.5,3.3,0.5,1.4,0.5,2.6,1.0,3.9,0.3,5.6,8.2
4162,2025,Baylor Scheierman,BOS,SG,31,2,12.4,1.3,3.5,.355,0.8,2.6,.317,0.4,0.9,.464,.473,0.3,0.4,.750,0.6,5.4,1.5,13.0,2.1,2.1,9.2,1.1,11.3,0.5,2.2,0.1,0.5,0.7,3.6,0.4,9.4,10.3
4163,2025,Jae'Sean Tate,HOU,SF,52,2,11.3,1.3,2.8,.473,0.3,0.9,.348,1.0,2.0,.529,.527,0.6,0.9,.681,1.0,8.9,1.3,12.4,2.3,2.3,10.6,0.9,10.5,0.5,2.2,0.1,1.1,1.6,3.6,0.4,11.5,12.3
4164,2025,Jaylon Tyson,CLE,SG,47,3,9.6,1.4,3.2,.430,0.4,1.2,.345,0.9,1.9,.484,.497,0.4,0.5,.792,0.8,9.1,1.3,13.7,2.0,2.0,11.5,0.9,12.4,0.3,1.4,0.1,0.6,1.1,3.6,0.6,14.0,11.1
4165,2025,Elfrid Payton,2TM,PG,24,9,21.3,1.7,5.1,.328,0.0,0.3,.167,1.6,4.8,.336,.332,0.2,0.3,.571,0.6,3.1,2.7,13.9,3.3,3.3,8.3,6.9,43.3,1.0,2.3,0.5,2.1,1.5,3.5,2.5,32.1,8.5
4166,2025,Elfrid Payton,NOP,PG,18,7,21.6,2.1,5.6,.366,0.1,0.3,.167,2.0,5.3,.379,.371,0.2,0.4,.571,0.8,3.8,2.9,14.9,3.7,3.7,9.2,8.1,50.3,1.0,2.2,0.4,2.0,1.3,4.4,2.9,33.3,10.6
4167,2025,Elfrid Payton,CHO,PG,6,2,20.5,0.5,3.5,.143,0.0,0.0,,0.5,3.5,.143,.143,0.0,0.0,,0.2,0.8,2.0,10.6,2.2,2.2,5.6,3.3,21.1,1.0,2.4,0.5,2.4,2.0,1.0,1.2,25.0,1.7
4168,2025,Luka Garza,MIN,C,39,0,5.6,1.3,2.7,.495,0.3,0.9,.278,1.1,1.8,.609,.543,0.6,0.9,.686,0.8,16.0,0.6,11.5,1.4,1.4,13.7,0.3,8.2,0.2,1.4,0.1,1.3,0.7,3.5,0.3,9.1,18.8
4169,2025,Cory Joseph,ORL,PG,50,16,12.2,1.2,3.1,.403,0.8,2.1,.364,0.5,0.9,.489,.529,0.3,0.4,.778,0.3,3.0,1.1,11.2,1.5,1.5,6.9,1.4,17.0,0.5,2.1,0.1,0.6,1.0,3.5,0.4,10.0,10.9
4170,2025,Doug McDermott,SAC,SF,42,3,8.1,1.2,2.8,.427,1.0,2.4,.436,0.1,0.4,.375,.615,0.1,0.1,.600,0.1,1.0,0.5,6.2,0.5,0.5,3.6,0.2,2.8,0.1,0.6,0.0,0.6,0.7,3.5,0.1,4.8,9.5
4171,2025,Dario Šarić,DEN,C,16,4,13.1,1.3,3.6,.362,0.4,1.6,.269,0.9,2.0,.438,.422,0.4,0.6,.700,0.9,7.7,2.3,17.9,3.1,3.1,13.1,1.4,13.1,0.4,1.6,0.1,0.4,1.2,3.5,0.9,19.4,7.7
4172,2025,Jamaree Bouyea,MIL,PG,5,1,12.4,1.2,2.4,.500,0.2,1.0,.200,1.0,1.4,.714,.542,0.8,1.2,.667,0.2,1.8,0.8,6.7,1.0,1.0,4.4,2.0,20.8,0.8,3.1,0.4,3.0,0.4,3.4,1.6,35.3,9.7
4173,2025,Bruno Fernando,TOR,C,17,2,8.6,1.5,2.9,.531,0.0,0.0,,1.5,2.9,.531,.531,0.4,0.5,.750,1.2,15.0,1.8,22.4,3.0,3.0,18.6,1.1,17.9,0.2,1.3,0.5,5.8,1.6,3.4,0.8,21.0,15.3
4174,2025,Andre Jackson Jr.,MIL,SG,67,43,14.6,1.4,2.9,.477,0.4,1.1,.395,1.0,1.8,.529,.553,0.2,0.4,.500,1.0,7.5,1.7,12.5,2.7,2.7,10.1,1.2,10.9,0.5,1.7,0.2,1.3,1.7,3.4,0.9,21.8,8.6
4175,2025,Isaac Jones,SAC,PF,40,0,7.6,1.4,2.1,.651,0.1,0.2,.375,1.3,1.9,.680,.669,0.6,0.9,.639,0.6,8.1,0.9,12.9,1.4,1.4,10.5,0.3,5.6,0.1,0.8,0.3,3.2,0.8,3.4,0.4,13.9,15.2
4176,2025,Kevin Knox,GSW,SF,14,0,6.0,1.3,2.6,.500,0.3,1.1,.267,1.0,1.5,.667,.556,0.4,0.6,.750,0.5,8.7,0.7,13.2,1.2,1.2,10.9,0.4,9.4,0.1,1.2,0.3,4.5,0.4,3.3,0.3,9.2,17.1
4177,2025,Damion Lee,PHO,SG,25,0,5.8,1.1,3.0,.365,0.4,1.5,.243,0.7,1.5,.486,.426,0.8,0.8,.952,0.1,2.4,0.7,12.8,0.8,0.8,7.8,0.4,11.5,0.2,2.1,0.0,0.0,0.2,3.3,0.4,10.7,11.9
4178,2025,Nate Williams,HOU,SG,20,0,7.4,1.4,3.1,.435,0.3,1.3,.231,1.1,1.8,.583,.484,0.3,0.4,.625,0.3,3.6,0.4,5.9,0.7,0.7,4.7,0.5,8.8,0.4,2.6,0.2,2.4,0.8,3.3,0.7,17.6,8.6
4179,2025,Elijah Harkless,UTA,SG,10,0,13.8,1.1,3.5,.314,0.7,2.5,.280,0.4,1.0,.400,.414,0.3,0.6,.500,0.9,7.1,1.2,9.3,2.1,2.1,8.2,0.8,7.7,1.0,3.5,0.1,0.7,1.8,3.2,0.3,7.4,7.8
4180,2025,Zeke Nnaji,DEN,PF,57,4,10.7,1.2,2.5,.496,0.3,0.9,.327,0.9,1.6,.596,.557,0.5,0.8,.614,0.6,6.3,1.0,9.8,1.6,1.6,8.1,0.4,4.6,0.4,2.0,0.7,5.6,1.1,3.2,0.2,8.0,12.0
4181,2025,Cam Reddish,LAL,SF,33,8,17.8,1.2,2.8,.404,0.4,1.4,.277,0.8,1.4,.532,.473,0.5,0.8,.615,0.5,3.3,1.5,9.1,2.0,2.0,6.3,0.7,4.8,1.0,2.8,0.3,1.6,1.3,3.2,0.4,10.2,7.4
4182,2025,Delon Wright,2TM,PG,40,7,15.9,1.1,3.3,.344,0.5,1.8,.274,0.6,1.5,.431,.420,0.4,0.6,.600,0.7,4.9,1.0,6.5,1.7,1.7,5.7,1.9,15.0,0.9,2.7,0.3,1.8,0.6,3.1,0.6,13.4,9.2
4183,2025,Delon Wright,MIL,PG,26,2,15.6,0.8,3.2,.268,0.5,1.9,.245,0.4,1.3,.303,.341,0.3,0.6,.563,0.6,4.2,1.2,8.0,1.8,1.8,6.2,1.8,14.5,0.9,2.7,0.3,2.1,0.7,2.5,0.5,13.6,7.4
4184,2025,Delon Wright,NYK,PG,14,5,16.4,1.6,3.5,.469,0.6,1.7,.333,1.1,1.8,.600,.551,0.4,0.6,.667,0.9,6.1,0.6,4.0,1.4,1.4,5.0,2.1,15.9,0.9,2.6,0.2,1.2,0.6,4.3,0.6,13.1,12.4
4185,2025,Kylor Kelley,2TM,C,11,2,11.5,1.3,2.0,.636,0.0,0.0,,1.3,2.0,.636,.636,0.5,0.9,.600,1.1,10.4,2.5,23.4,3.5,3.5,16.8,0.5,5.3,0.1,0.4,0.3,2.1,1.4,3.1,0.4,13.2,12.1
4186,2025,Kylor Kelley,DAL,C,8,1,8.4,1.3,1.6,.769,0.0,0.0,,1.3,1.6,.769,.769,0.5,0.8,.667,1.0,13.3,1.6,20.7,2.6,2.6,17.1,0.3,4.1,0.0,0.0,0.3,2.6,1.0,3.0,0.1,6.0,17.1
4187,2025,Kylor Kelley,NOP,C,3,1,19.7,1.3,3.0,.444,0.0,0.0,,1.3,3.0,.444,.444,0.7,1.3,.500,1.3,7.1,4.7,26.4,6.0,6.0,16.5,1.0,6.6,0.3,0.8,0.3,1.6,2.3,3.3,1.0,21.8,6.5
4188,2025,Gary Harris,ORL,SG,48,3,14.8,1.1,2.8,.383,0.8,2.1,.356,0.3,0.7,.469,.519,0.1,0.3,.583,0.4,3.1,0.9,7.5,1.3,1.3,5.2,0.6,5.8,0.5,1.8,0.3,1.6,0.9,3.0,0.4,10.9,6.9
4189,2025,Maxi Kleber,DAL,PF,34,4,18.7,1.1,2.8,.385,0.4,1.4,.265,0.7,1.4,.511,.453,0.5,0.6,.762,0.7,4.4,2.1,11.7,2.8,2.8,8.1,1.3,8.3,0.3,0.7,0.5,2.3,1.9,3.0,0.7,17.9,5.6
4190,2025,Taze Moore,POR,SG,2,0,10.0,1.0,5.0,.200,0.5,2.0,.250,0.5,3.0,.167,.250,0.5,1.0,.500,2.0,21.1,2.0,22.3,4.0,4.0,21.7,0.5,6.8,1.0,4.9,0.0,0.0,0.0,3.0,1.0,15.5,7.1
4191,2025,Rayan Rupert,POR,SG,52,0,8.8,1.1,2.7,.408,0.3,1.1,.271,0.8,1.6,.506,.465,0.4,0.6,.767,0.5,6.0,0.8,10.6,1.3,1.3,8.2,0.5,7.6,0.3,1.7,0.1,0.8,0.7,3.0,0.6,16.2,8.1
4192,2025,P.J. Tucker,NYK,SF,3,1,19.3,1.0,2.3,.429,1.0,2.0,.500,0.0,0.3,.000,.643,0.0,0.0,,1.3,8.0,1.3,7.8,2.7,2.7,7.9,0.0,0.0,0.3,0.9,0.3,1.6,2.7,3.0,0.3,12.5,5.5
4193,2025,Pete Nance,2TM,C,13,1,10.6,1.1,2.5,.438,0.7,1.8,.375,0.4,0.6,.625,.578,0.1,0.2,.500,0.4,4.0,1.2,12.9,1.6,1.6,8.4,0.8,9.7,0.2,0.7,0.2,1.4,1.3,2.9,0.3,10.8,8.5
4194,2025,Pete Nance,PHI,C,7,0,9.7,0.7,2.1,.333,0.6,1.7,.333,0.1,0.4,.333,.467,0.1,0.3,.500,0.3,3.2,1.1,13.9,1.4,1.4,8.3,0.4,5.9,0.1,0.7,0.0,0.0,1.4,2.1,0.0,0.0,5.3
4195,2025,Pete Nance,MIL,PF,6,1,11.7,1.5,2.8,.529,0.8,2.0,.417,0.7,0.8,.800,.676,0.0,0.0,,0.5,4.9,1.3,11.9,1.8,1.8,8.5,1.2,13.5,0.2,0.7,0.3,2.7,1.2,3.8,0.7,19.0,11.5
4196,2025,Markelle Fultz,SAC,PG,21,0,8.8,1.3,3.2,.418,0.2,0.4,.500,1.1,2.8,.407,.448,0.0,0.0,1.000,0.3,3.6,0.7,8.5,1.0,1.0,6.1,1.3,20.0,0.5,2.7,0.1,1.1,0.6,2.9,0.7,18.2,8.9
4197,2025,Taj Gibson,CHO,C,37,11,11.1,1.3,2.6,.495,0.0,0.1,.500,1.2,2.5,.495,.500,0.3,0.5,.600,1.4,13.0,1.9,18.4,3.2,3.2,15.6,0.6,7.5,0.2,1.1,0.5,4.3,1.5,2.9,0.7,19.4,10.8
4198,2025,Tyler Smith,MIL,PF,23,0,5.3,1.0,2.2,.480,0.6,1.3,.433,0.5,0.9,.550,.610,0.3,0.3,.750,0.3,5.6,0.8,16.3,1.1,1.1,11.1,0.2,4.9,0.1,1.2,0.2,3.1,0.5,2.9,0.3,13.0,15.2
4199,2025,RayJ Dennis,IND,PG,11,0,6.4,1.0,3.0,.333,0.5,1.9,.286,0.5,1.1,.417,.424,0.2,0.2,1.000,0.2,3.2,0.9,15.8,1.1,1.1,9.6,1.3,26.9,0.6,4.8,0.2,2.6,0.6,2.7,0.5,12.9,13.9
4200,2025,David Duke Jr.,SAS,SG,6,0,5.7,1.0,2.3,.429,0.5,1.0,.500,0.5,1.3,.375,.536,0.2,0.3,.500,0.2,3.1,0.7,12.6,0.8,0.8,7.9,0.7,17.0,0.2,1.4,0.0,0.0,0.2,2.7,0.3,11.8,12.2
4201,2025,Keshad Johnson,MIA,SF,16,0,6.1,1.1,1.6,.692,0.2,0.4,.429,0.9,1.2,.789,.750,0.3,0.6,.444,0.4,6.8,1.4,24.6,1.8,1.8,15.8,0.3,6.3,0.3,2.5,0.3,3.9,0.7,2.7,0.3,11.8,19.1
4202,2025,Reece Beekman,2TM,PG,36,4,13.0,1.0,3.0,.327,0.2,1.1,.175,0.8,1.9,.418,.360,0.4,0.6,.762,0.4,3.0,0.7,6.6,1.1,1.1,4.7,1.8,19.1,0.9,3.5,0.1,0.4,1.0,2.6,0.6,15.3,7.5
4203,2025,Reece Beekman,GSW,PG,2,0,2.0,0.5,0.5,1.000,0.0,0.0,,0.5,0.5,1.000,1.000,0.0,0.0,,0.5,26.1,0.0,0.0,0.5,0.5,13.5,0.5,41.9,0.5,12.2,0.0,0.0,0.5,1.0,0.0,0.0,42.3
4204,2025,Reece Beekman,BRK,PG,34,4,13.7,1.0,3.1,.321,0.2,1.2,.175,0.8,1.9,.409,.354,0.5,0.6,.762,0.4,2.8,0.8,6.7,1.1,1.1,4.6,1.8,18.9,0.9,3.4,0.1,0.4,1.0,2.7,0.6,15.4,7.2
4205,2025,Jae Crowder,SAC,PF,9,2,11.4,0.8,2.4,.318,0.4,1.7,.267,0.3,0.8,.429,.409,0.6,0.7,.833,0.7,6.5,1.6,15.3,2.2,2.2,10.9,0.7,7.1,0.3,1.4,0.0,0.0,1.1,2.6,0.4,14.0,6.6
4206,2025,Josh Minott,MIN,SF,46,0,6.0,1.0,2.0,.489,0.3,0.9,.326,0.7,1.0,.638,.567,0.4,0.4,.895,0.3,4.9,0.8,13.8,1.0,1.0,9.4,0.4,9.5,0.3,2.7,0.3,4.0,0.7,2.6,0.2,10.1,15.5
4207,2025,Hunter Tyson,DEN,PF,51,2,7.8,0.9,2.4,.375,0.5,1.5,.311,0.4,0.9,.478,.471,0.4,0.5,.750,0.5,7.2,1.0,13.9,1.5,1.5,10.7,0.4,6.1,0.2,1.2,0.1,1.3,0.9,2.6,0.3,9.6,9.0
4208,2025,Jaden Springer,2TM,PG,43,2,8.5,0.8,2.1,.389,0.3,1.1,.250,0.5,1.0,.548,.456,0.6,0.9,.711,0.4,5.1,1.0,12.1,1.3,1.3,8.6,0.8,12.1,0.6,3.2,0.1,1.0,1.0,2.5,0.4,13.0,10.7
4209,2025,Jaden Springer,BOS,SG,26,0,5.4,0.5,1.3,.353,0.2,0.7,.316,0.2,0.6,.400,.441,0.6,0.8,.714,0.2,3.1,0.8,15.4,0.9,0.9,9.2,0.4,9.1,0.5,4.3,0.0,0.7,0.7,1.7,0.2,8.5,12.1
4210,2025,Jaden Springer,UTA,PG,17,2,13.2,1.4,3.3,.411,0.4,1.7,.207,1.0,1.6,.630,.464,0.7,1.0,.706,0.8,6.3,1.2,10.0,2.0,2.0,8.2,1.4,14.0,0.7,2.6,0.2,1.3,1.5,3.8,0.7,15.9,9.8
4211,2025,Trey Jemison,2TM,C,38,0,10.3,1.1,1.9,.554,0.0,0.0,,1.1,1.9,.554,.554,0.3,0.9,.394,1.2,12.4,1.6,17.1,2.8,2.8,14.8,0.4,5.5,0.2,1.1,0.4,3.6,1.8,2.5,0.6,21.3,8.9
4212,2025,Trey Jemison,NOP,C,16,0,10.4,0.9,2.0,.469,0.0,0.0,,0.9,2.0,.469,.469,0.5,1.3,.381,1.4,13.9,1.4,14.7,2.8,2.8,14.3,0.6,8.0,0.4,2.0,0.4,3.5,1.7,2.4,0.6,19.5,9.4
4213,2025,Trey Jemison,LAL,C,22,0,10.3,1.2,1.9,.619,0.0,0.0,,1.2,1.9,.619,.619,0.2,0.5,.417,1.0,11.3,1.8,18.9,2.8,2.8,15.2,0.3,3.6,0.1,0.4,0.4,3.7,1.9,2.6,0.6,22.8,8.6
4214,2025,Anthony Gill,WAS,PF,51,0,7.8,0.8,1.7,.489,0.2,0.6,.323,0.6,1.1,.579,.545,0.6,1.0,.660,0.4,4.7,0.9,12.6,1.3,1.3,8.6,0.3,5.7,0.2,1.1,0.0,0.5,0.6,2.5,0.2,8.3,10.2
4215,2025,Dillon Jones,OKC,SF,54,3,10.2,0.9,2.5,.383,0.3,1.2,.254,0.6,1.3,.500,.444,0.3,0.5,.607,0.6,6.0,1.7,17.3,2.2,2.2,11.8,1.1,12.6,0.3,1.4,0.1,0.7,1.0,2.5,0.5,16.2,8.1
4216,2025,Pat Spencer,GSW,PG,39,0,6.4,1.1,2.6,.406,0.1,0.6,.227,0.9,2.0,.456,.431,0.3,0.4,.733,0.4,6.3,0.8,13.7,1.2,1.2,9.9,1.2,28.1,0.4,2.7,0.1,1.1,0.5,2.5,0.5,14.3,12.6
4217,2025,Johnny Davis,WAS,SG,34,0,7.1,0.9,2.3,.410,0.2,0.9,.241,0.7,1.4,.510,.455,0.3,0.4,.600,0.3,4.3,0.8,12.1,1.1,1.1,8.2,0.3,6.6,0.4,2.9,0.2,2.2,0.5,2.4,0.2,7.6,10.2
4218,2025,Christian Koloko,LAL,C,37,0,9.2,1.1,1.8,.606,0.0,0.1,.000,1.1,1.7,.645,.606,0.3,0.4,.714,0.9,11.9,1.5,18.2,2.5,2.5,15.1,0.4,6.4,0.2,1.2,0.4,4.4,1.2,2.4,0.3,14.3,13.0
4219,2025,John Konchar,MEM,SG,46,4,12.1,0.9,2.0,.451,0.5,1.3,.371,0.4,0.6,.621,.577,0.2,0.2,.875,0.8,7.1,2.5,21.4,3.3,3.3,14.3,0.9,8.8,0.7,2.5,0.3,2.3,0.7,2.4,0.3,14.5,12.1
4220,2025,MarJon Beauchamp,3TM,SF,35,0,4.5,0.8,1.9,.415,0.3,0.8,.345,0.5,1.0,.472,.492,0.4,0.6,.750,0.3,8.0,0.9,22.6,1.3,1.3,15.6,0.3,10.2,0.1,1.2,0.0,0.6,0.4,2.3,0.4,16.9,12.3
4221,2025,MarJon Beauchamp,MIL,SF,26,0,4.7,0.7,1.8,.383,0.3,0.8,.333,0.4,1.0,.423,.457,0.3,0.5,.750,0.3,6.5,1.0,21.4,1.2,1.2,14.3,0.3,9.1,0.1,1.2,0.0,0.8,0.4,2.0,0.5,19.9,8.5
4222,2025,MarJon Beauchamp,LAC,SF,3,0,5.7,1.3,2.3,.571,0.7,1.0,.667,0.7,1.3,.500,.714,0.7,1.3,.500,0.7,13.5,0.3,6.6,1.0,1.0,10.0,0.7,18.8,0.0,0.0,0.0,0.0,0.7,4.0,0.3,10.2,22.3
4223,2025,MarJon Beauchamp,NYK,SF,6,0,2.8,0.8,1.8,.455,0.2,0.8,.200,0.7,1.0,.667,.500,0.7,0.7,1.000,0.3,13.6,1.2,46.8,1.5,1.5,30.4,0.2,9.8,0.2,2.9,0.0,0.0,0.3,2.5,0.2,7.3,29.8
4224,2025,Bronny James,LAL,SG,27,1,6.7,0.8,2.5,.313,0.3,1.2,.281,0.4,1.3,.343,.381,0.4,0.5,.786,0.1,2.6,0.5,8.5,0.7,0.7,5.6,0.8,16.5,0.3,2.4,0.1,1.6,0.5,2.3,0.5,15.1,7.1
4225,2025,Mason Jones,SAC,SG,10,0,4.5,0.9,1.8,.500,0.1,0.8,.125,0.8,1.0,.800,.528,0.4,0.5,.800,0.2,5.0,0.7,17.5,0.9,0.9,11.2,1.1,35.6,0.0,0.0,0.1,2.2,0.3,2.3,0.1,4.7,20.6
4226,2025,Miles Norris,BOS,PF,3,0,11.7,0.7,3.0,.222,0.7,2.3,.286,0.0,0.7,.000,.333,0.3,0.7,.500,0.7,6.2,2.3,21.7,3.0,3.0,14.0,0.0,0.0,0.7,2.9,0.3,2.6,0.0,2.3,0.0,0.0,8.5
4227,2025,Patrick Baldwin Jr.,2TM,SF,24,0,4.5,0.8,1.5,.543,0.5,1.0,.565,0.3,0.5,.500,.729,0.1,0.2,.500,0.2,4.8,0.8,19.7,1.0,1.0,12.3,0.1,4.6,0.1,1.3,0.1,1.7,0.3,2.2,0.2,12.0,16.2
4228,2025,Patrick Baldwin Jr.,WAS,SF,22,0,4.6,0.8,1.5,.515,0.5,1.0,.524,0.3,0.5,.500,.682,0.1,0.2,.500,0.2,5.1,0.8,17.6,1.0,1.0,11.3,0.1,3.0,0.1,1.4,0.1,1.8,0.2,2.1,0.2,12.6,14.5
4229,2025,Patrick Baldwin Jr.,LAC,SF,2,0,3.0,1.0,1.0,1.000,1.0,1.0,1.000,0.0,0.0,,1.500,0.0,0.0,,0.0,0.0,1.5,55.8,1.5,1.5,28.3,0.5,31.6,0.0,0.0,0.0,0.0,1.0,3.0,0.0,0.0,45.4
4230,2025,Drew Peterson,BOS,PF,25,1,7.4,0.7,1.6,.415,0.5,1.3,.394,0.2,0.3,.500,.573,0.3,0.4,.778,0.4,5.3,1.2,18.1,1.6,1.6,11.7,0.5,9.1,0.2,1.3,0.1,1.0,0.7,2.2,0.3,15.1,10.5
4231,2025,TyTy Washington Jr.,PHO,PG,16,0,7.4,0.9,2.8,.311,0.3,1.3,.190,0.6,1.5,.417,.356,0.2,0.4,.500,0.3,3.9,0.6,8.3,0.8,0.8,6.1,1.0,18.5,0.2,1.3,0.0,0.0,0.3,2.2,0.2,5.9,6.5
4232,2025,Jordan McLaughlin,2TM,PG,46,0,6.8,0.7,1.6,.431,0.4,1.0,.413,0.3,0.6,.462,.563,0.4,0.5,.773,0.1,2.1,0.5,8.5,0.7,0.7,5.3,1.1,21.0,0.3,2.5,0.0,0.3,0.4,2.1,0.3,16.4,12.3
4233,2025,Jordan McLaughlin,SAC,PG,28,0,6.8,0.6,1.6,.364,0.4,0.9,.385,0.2,0.6,.333,.477,0.4,0.6,.688,0.1,2.4,0.6,10.0,0.8,0.8,6.2,0.9,15.7,0.4,2.8,0.0,0.0,0.5,1.9,0.4,17.7,9.4
4234,2025,Jordan McLaughlin,SAS,PG,18,0,6.9,0.8,1.6,.536,0.5,1.1,.450,0.3,0.4,.750,.696,0.3,0.3,1.000,0.1,1.7,0.4,6.1,0.5,0.5,3.9,1.5,29.1,0.3,1.9,0.1,0.7,0.3,2.5,0.3,14.0,16.9
4235,2025,JD Davison,BOS,PG,16,0,5.8,0.8,2.1,.353,0.3,1.1,.222,0.5,1.0,.500,.412,0.3,0.4,.714,0.1,2.3,0.7,12.8,0.8,0.8,7.6,0.8,19.1,0.3,2.7,0.1,1.0,0.1,2.1,0.8,26.0,6.5
4236,2025,Chris Duarte,CHI,SG,17,0,4.4,0.7,1.5,.462,0.4,0.9,.400,0.4,0.6,.545,.577,0.4,0.5,.750,0.3,7.2,0.9,20.9,1.2,1.2,14.2,0.5,16.6,0.0,0.0,0.0,0.0,0.4,2.1,0.1,3.3,16.5
4237,2025,Enrique Freeman,IND,PF,22,1,8.2,0.7,1.7,.432,0.0,0.5,.100,0.7,1.2,.556,.446,0.6,0.9,.684,0.5,6.8,0.9,11.6,1.4,1.4,9.2,0.4,6.1,0.1,0.8,0.1,1.5,1.0,2.1,0.3,11.7,7.4
4238,2025,Johnny Furphy,IND,SG,50,0,7.6,0.7,1.8,.380,0.3,1.0,.300,0.4,0.8,.476,.462,0.4,0.4,.818,0.5,6.8,1.0,14.0,1.4,1.4,10.4,0.4,6.2,0.4,2.3,0.2,2.6,0.8,2.1,0.2,10.6,9.8
4239,2025,Dwight Powell,DAL,C,55,3,10.0,0.8,1.1,.689,0.0,0.1,.400,0.7,1.0,.714,.705,0.5,0.8,.651,0.9,9.5,1.3,13.7,2.1,2.1,11.7,1.0,12.5,0.3,1.6,0.4,3.3,1.4,2.1,0.3,18.4,12.9
4240,2025,Josh Christopher,MIA,SG,14,0,4.9,0.8,2.2,.355,0.1,0.8,.182,0.6,1.4,.450,.387,0.3,0.4,.667,0.0,0.0,0.6,14.3,0.6,0.6,7.2,0.6,17.2,0.4,3.6,0.2,4.2,0.1,2.0,0.4,15.1,9.4
4241,2025,Tyler Kolek,NYK,PG,41,0,7.2,0.7,2.0,.329,0.3,1.1,.298,0.3,0.9,.371,.415,0.3,0.4,.765,0.2,3.1,0.5,7.3,0.7,0.7,5.2,1.7,29.5,0.3,2.0,0.1,1.3,0.6,2.0,0.4,16.7,10.3
4242,2025,Adama Sanogo,CHI,C,4,0,5.3,1.0,1.8,.571,0.0,0.0,,1.0,1.8,.571,.571,0.0,0.0,,1.3,25.4,0.3,4.9,1.5,1.5,15.0,0.3,6.7,0.0,0.0,0.0,0.0,0.3,2.0,0.3,12.5,15.2
4243,2025,Kobe Brown,LAC,PF,40,0,6.8,0.8,1.8,.458,0.2,0.7,.231,0.7,1.2,.587,.500,0.1,0.2,.714,0.5,8.0,1.2,18.9,1.6,1.6,13.5,0.6,11.9,0.2,1.3,0.1,1.5,0.6,1.9,0.3,13.8,10.8
4244,2025,Ariel Hukporti,NYK,C,25,1,8.7,0.8,1.2,.677,0.0,0.0,,0.8,1.2,.677,.677,0.2,0.5,.462,0.6,7.5,1.5,19.4,2.0,2.0,13.5,0.4,6.4,0.0,0.2,0.6,6.4,1.3,1.9,0.8,36.4,7.6
4245,2025,Bobi Klintman,DET,SF,8,0,5.3,0.8,1.3,.600,0.3,0.6,.400,0.5,0.6,.800,.700,0.1,0.3,.500,0.1,2.7,0.8,15.7,0.9,0.9,9.2,0.9,22.5,0.3,2.3,0.1,2.3,1.0,1.9,0.1,8.4,15.9
4246,2025,Garrett Temple,TOR,SG,28,0,8.1,0.6,2.1,.300,0.2,1.0,.214,0.4,1.1,.375,.350,0.4,0.4,.917,0.3,4.2,0.7,9.7,1.0,1.0,6.8,1.1,17.4,0.6,3.6,0.1,0.8,0.8,1.9,0.4,13.3,8.5
4247,2025,Jericho Sims,2TM,C,53,5,11.9,0.8,1.3,.634,0.0,0.0,,0.8,1.3,.634,.634,0.2,0.2,.615,1.3,12.9,2.4,22.0,3.7,3.7,17.6,0.6,6.4,0.2,0.8,0.4,2.8,1.2,1.8,0.6,30.1,10.0
4248,2025,Jericho Sims,NYK,C,39,5,10.8,0.7,1.2,.609,0.0,0.0,,0.7,1.2,.609,.609,0.2,0.3,.615,1.3,14.0,2.0,21.0,3.3,3.3,17.5,0.6,6.3,0.2,0.9,0.3,2.2,1.2,1.6,0.5,28.9,9.9
4249,2025,Jericho Sims,MIL,C,14,0,15.0,1.2,1.8,.680,0.0,0.0,,1.2,1.8,.680,.680,0.0,0.0,,1.4,10.8,3.4,23.9,4.9,4.9,17.6,0.8,6.6,0.1,0.5,0.6,4.0,1.4,2.4,0.9,32.4,10.2
4250,2025,Vlatko Čančar,DEN,PF,13,0,10.5,0.8,2.0,.385,0.3,1.2,.267,0.5,0.8,.545,.462,0.0,0.0,,0.5,5.1,2.0,20.0,2.5,2.5,12.9,0.7,7.7,0.2,1.1,0.2,1.3,0.8,1.8,0.8,29.7,4.6
4251,2025,Adam Flagler,OKC,SG,37,0,5.5,0.7,2.6,.260,0.4,1.9,.194,0.3,0.6,.458,.333,0.0,0.1,.500,0.2,3.8,0.5,10.3,0.7,0.7,7.1,0.3,7.3,0.2,1.9,0.1,1.5,0.4,1.8,0.1,4.0,3.7
4252,2025,Trentyn Flowers,LAC,SF,6,0,4.5,0.7,1.8,.364,0.0,0.3,.000,0.7,1.5,.444,.364,0.5,0.5,1.000,0.2,4.3,0.5,12.4,0.7,0.7,8.4,0.0,0.0,0.0,0.0,0.0,0.0,0.7,1.8,0.2,7.5,4.3
4253,2025,E.J. Liddell,CHI,PF,12,0,4.4,0.7,1.3,.533,0.3,0.8,.300,0.4,0.4,1.000,.633,0.2,0.2,1.000,0.3,6.0,0.5,11.7,0.8,0.8,8.9,0.3,7.6,0.1,0.9,0.1,1.6,0.9,1.8,0.2,11.2,11.1
4254,2025,Jahmir Young,CHI,PG,6,0,5.0,0.7,0.8,.800,0.2,0.3,.500,0.5,0.5,1.000,.900,0.3,0.3,1.000,0.2,3.6,0.3,6.9,0.5,0.5,5.2,1.0,26.2,0.0,0.0,0.0,0.0,0.3,1.8,0.2,14.5,16.8
4255,2025,Pacôme Dadiet,NYK,SG,18,0,6.2,0.6,1.7,.323,0.3,1.1,.316,0.2,0.7,.333,.419,0.2,0.3,.667,0.2,3.1,0.8,15.4,1.0,1.0,9.3,0.3,5.6,0.2,1.3,0.1,1.7,0.4,1.7,0.2,10.6,6.3
4256,2025,Alex Ducas,OKC,SG,21,0,6.0,0.6,1.4,.400,0.5,1.0,.476,0.1,0.4,.222,.567,0.1,0.1,1.000,0.4,7.9,0.8,14.3,1.2,1.2,11.2,0.2,4.8,0.2,1.9,0.0,0.0,0.6,1.7,0.2,11.5,10.1
4257,2025,PJ Hall,DEN,C,19,0,3.5,0.7,1.3,.583,0.1,0.4,.250,0.6,0.8,.750,.625,0.2,0.2,.750,0.3,10.5,0.8,25.4,1.2,1.2,18.3,0.2,8.4,0.0,0.0,0.2,5.4,0.6,1.7,0.1,7.2,18.3
4258,2025,Emanuel Miller,CHI,PF,6,0,4.2,0.7,1.3,.500,0.0,0.2,.000,0.7,1.2,.571,.500,0.3,0.3,1.000,0.7,17.1,0.7,16.5,1.3,1.3,16.8,0.3,10.9,0.2,1.9,0.0,0.0,0.5,1.7,0.0,0.0,18.1
4259,2025,Tristan Thompson,CLE,C,40,0,8.2,0.8,1.8,.437,0.0,0.1,.000,0.8,1.7,.456,.437,0.2,0.8,.233,0.8,10.9,2.6,32.7,3.4,3.4,22.1,0.6,8.8,0.1,0.3,0.3,3.0,0.9,1.7,0.4,14.3,9.1
4260,2025,Alex Len,2TM,C,46,7,8.3,0.7,1.4,.508,0.0,0.2,.222,0.7,1.2,.556,.524,0.2,0.4,.471,0.8,11.3,1.2,16.7,2.1,2.1,14.0,0.8,12.6,0.2,1.2,0.5,5.4,1.2,1.6,0.4,22.1,10.6
4261,2025,Alex Len,SAC,C,36,3,7.2,0.6,1.1,.537,0.0,0.2,.167,0.6,1.0,.600,.549,0.2,0.4,.538,0.7,10.8,1.1,17.0,1.8,1.8,13.9,0.8,14.5,0.2,1.5,0.5,6.8,1.0,1.4,0.3,19.1,13.1
4262,2025,Alex Len,LAL,C,10,4,12.2,1.0,2.2,.455,0.1,0.3,.333,0.9,1.9,.474,.477,0.1,0.4,.250,1.3,12.4,1.8,16.1,3.1,3.1,14.3,0.8,8.5,0.1,0.4,0.3,2.3,2.1,2.2,0.9,27.5,5.3
4263,2025,Yuki Kawamura,MEM,PG,22,0,4.2,0.5,1.4,.367,0.3,1.0,.304,0.2,0.3,.571,.483,0.3,0.4,.778,0.0,0.0,0.5,13.5,0.5,0.5,6.8,0.9,25.1,0.1,1.0,0.0,0.0,0.4,1.6,0.2,12.8,11.0
4264,2025,Jack McVeigh,HOU,PF,9,0,4.8,0.6,1.9,.294,0.4,1.4,.308,0.1,0.4,.250,.412,0.0,0.0,,0.2,4.9,0.3,7.6,0.6,0.6,6.2,0.1,3.0,0.0,0.0,0.2,4.2,0.3,1.6,0.2,10.5,4.0
4265,2025,Armel Traoré,LAL,SF,9,0,7.4,0.7,2.1,.316,0.0,0.8,.000,0.7,1.3,.500,.316,0.2,0.8,.286,0.2,3.5,1.4,21.2,1.7,1.7,12.6,0.1,2.0,0.4,2.9,0.2,2.8,0.7,1.6,0.3,12.0,3.5
4266,2025,Jordan Walsh,BOS,PF,52,1,7.8,0.6,1.6,.361,0.3,1.1,.273,0.3,0.5,.536,.452,0.1,0.2,.583,0.4,6.2,0.9,12.4,1.3,1.3,9.3,0.4,6.0,0.2,1.5,0.2,2.5,0.6,1.6,0.3,16.1,6.9
4267,2025,Phillip Wheeler,PHI,PF,5,0,8.8,0.6,4.2,.143,0.0,2.0,.000,0.6,2.2,.273,.143,0.4,0.4,1.000,0.4,4.9,1.2,16.1,1.6,1.6,10.3,0.4,6.0,0.2,1.1,0.4,4.5,0.2,1.6,0.2,4.4,-2.3
4268,2025,Sidy Cissoko,2TM,SF,22,0,5.2,0.6,1.4,.433,0.1,0.6,.231,0.5,0.8,.588,.483,0.1,0.4,.333,0.4,7.4,0.6,12.4,1.0,1.0,9.9,0.7,17.7,0.1,0.9,0.0,0.8,0.5,1.5,0.5,24.5,6.7
4269,2025,Sidy Cissoko,SAS,SF,17,0,3.2,0.5,1.1,.500,0.2,0.4,.429,0.4,0.6,.545,.583,0.1,0.4,.167,0.2,5.9,0.4,13.9,0.6,0.6,9.9,0.4,15.8,0.1,0.9,0.0,0.0,0.4,1.3,0.1,8.8,11.2
4270,2025,Sidy Cissoko,POR,SF,5,0,12.0,0.8,2.4,.333,0.0,1.2,.000,0.8,1.2,.667,.333,0.4,0.6,.667,1.0,8.8,1.2,11.1,2.2,2.2,9.9,1.8,19.4,0.2,0.8,0.2,1.5,0.8,2.0,1.8,40.3,2.7
4271,2025,Jazian Gortman,DAL,PG,16,0,3.6,0.6,1.4,.391,0.3,0.7,.364,0.3,0.8,.417,.478,0.1,0.3,.500,0.1,2.0,0.3,7.5,0.3,0.3,4.8,0.4,14.7,0.1,1.7,0.1,1.5,0.6,1.5,0.3,16.8,6.5
4272,2025,Kevin McCullar Jr.,NYK,SF,4,0,7.3,0.5,1.8,.286,0.0,0.3,.000,0.5,1.5,.333,.286,0.5,0.5,1.000,0.0,0.0,2.0,31.3,2.0,2.0,15.8,0.5,8.4,0.3,1.7,0.3,3.2,1.5,1.5,0.0,0.0,6.7
4273,2025,Leonard Miller,MIN,SF,13,0,2.5,0.5,1.2,.400,0.0,0.4,.000,0.5,0.8,.600,.400,0.6,0.6,1.000,0.2,10.6,0.6,27.3,0.8,0.8,19.1,0.0,0.0,0.2,3.1,0.1,2.9,0.2,1.5,0.2,9.7,19.9
4274,2025,Quincy Olivari,LAL,PG,2,0,5.0,0.5,2.5,.200,0.5,2.5,.200,0.0,0.0,,.300,0.0,0.0,,0.0,0.0,0.0,0.0,0.0,0.0,0.0,0.5,13.3,0.0,0.0,0.0,0.0,0.0,1.5,0.5,16.7,-5.2
4275,2025,Matt Ryan,NYK,SF,19,0,3.6,0.5,1.6,.323,0.3,1.0,.316,0.2,0.6,.333,.419,0.1,0.1,1.000,0.0,0.0,0.4,13.4,0.4,0.4,6.8,0.2,5.9,0.1,1.5,0.0,0.0,0.1,1.5,0.2,8.6,6.1
4276,2025,Jacob Toppin,2TM,SF,17,0,4.5,0.5,1.3,.409,0.3,0.6,.500,0.2,0.7,.333,.523,0.0,0.0,,0.2,4.5,0.7,17.9,0.9,0.9,11.2,0.4,10.2,0.1,1.3,0.0,0.0,0.2,1.4,0.2,12.0,9.2
4277,2025,Jacob Toppin,NYK,SF,16,0,3.1,0.2,0.6,.300,0.0,0.1,.000,0.2,0.5,.375,.300,0.0,0.0,,0.1,4.7,0.6,20.9,0.7,0.7,12.9,0.3,9.8,0.1,2.0,0.0,0.0,0.2,0.4,0.1,16.7,4.5
4278,2025,Jacob Toppin,ATL,SF,1,0,27.0,6.0,12.0,.500,5.0,8.0,.625,1.0,4.0,.250,.708,0.0,0.0,,1.0,4.0,3.0,12.5,4.0,4.0,8.1,2.0,10.9,0.0,0.0,0.0,0.0,0.0,17.0,1.0,7.7,17.9
4279,2025,Cam Christie,LAC,SG,13,0,4.5,0.5,1.8,.292,0.2,1.0,.154,0.4,0.8,.455,.333,0.2,0.3,.500,0.2,5.8,0.7,17.0,0.9,0.9,11.5,0.5,13.7,0.4,4.2,0.1,1.7,0.3,1.4,0.2,7.2,9.1
4280,2025,Chris Livingston,MIL,SF,21,1,5.0,0.4,1.3,.333,0.0,0.4,.000,0.4,0.9,.474,.333,0.6,0.8,.750,0.5,10.7,1.2,24.6,1.7,1.7,17.9,0.2,6.0,0.2,2.3,0.0,0.0,0.4,1.4,0.3,15.0,9.8
4281,2025,Trey Alexander,DEN,SG,24,0,4.9,0.5,1.7,.317,0.1,0.7,.176,0.4,1.0,.417,.354,0.1,0.2,.750,0.0,1.0,0.5,9.8,0.5,0.5,5.6,0.5,11.4,0.1,0.8,0.0,0.8,0.4,1.3,0.2,10.5,2.9
4282,2025,Spencer Jones,DEN,SF,20,0,6.3,0.6,1.7,.324,0.1,0.9,.059,0.5,0.9,.588,.338,0.2,0.2,1.000,0.4,7.4,0.5,7.5,0.9,0.9,7.5,0.3,4.7,0.3,1.9,0.3,3.6,0.9,1.3,0.3,12.4,4.5
4283,2025,Skal Labissière,SAC,PF,4,0,3.0,0.5,1.0,.500,0.3,0.3,1.000,0.3,0.8,.333,.625,0.0,0.0,,0.3,9.3,0.5,18.7,0.8,0.8,14.0,0.3,11.6,0.0,0.0,0.0,0.0,0.3,1.3,0.0,0.0,15.9
4284,2025,Jalen Bridges,PHO,SF,8,0,3.8,0.3,0.9,.286,0.3,0.9,.286,0.0,0.0,,.429,0.4,0.5,.750,0.0,0.0,0.5,14.5,0.5,0.5,7.4,0.0,0.0,0.0,0.0,0.0,0.0,0.0,1.1,0.5,31.3,-0.1
4285,2025,Yuri Collins,GSW,PG,2,0,8.0,0.5,1.5,.333,0.0,0.0,,0.5,1.5,.333,.333,0.0,0.0,,1.0,13.1,0.5,6.9,1.5,1.5,10.1,2.0,31.9,1.0,6.1,0.0,0.0,2.5,1.0,0.0,0.0,13.9
4286,2025,Daniss Jenkins,DET,PG,7,0,3.3,0.4,1.4,.300,0.1,1.0,.143,0.3,0.4,.667,.350,0.0,0.3,.000,0.0,0.0,0.3,9.6,0.3,0.3,4.8,0.4,17.3,0.0,0.0,0.0,0.0,0.3,1.0,0.1,8.4,-0.1
4287,2025,Braxton Key,GSW,SF,3,0,3.7,0.0,1.3,.000,0.0,0.3,.000,0.0,1.0,.000,.000,1.0,2.0,.500,0.3,9.5,0.3,10.1,0.7,0.7,9.8,0.0,0.0,0.7,8.8,0.0,0.0,0.0,1.0,0.3,13.1,1.1
4288,2025,Bryce McGowens,POR,SG,13,0,2.5,0.3,1.1,.286,0.0,0.3,.000,0.3,0.8,.400,.286,0.4,0.5,.833,0.2,6.6,0.1,3.5,0.2,0.2,5.1,0.2,8.7,0.1,1.5,0.0,0.0,0.2,1.0,0.3,19.4,1.7
4289,2025,Xavier Tillman Sr.,BOS,C,33,2,7.0,0.4,1.6,.245,0.2,1.0,.156,0.2,0.6,.381,.292,0.1,0.1,.750,0.3,4.7,1.0,15.5,1.3,1.3,10.1,0.2,3.8,0.3,2.4,0.2,2.0,0.5,1.0,0.4,20.4,2.4
4290,2025,Luke Travers,CLE,SG,12,0,7.3,0.4,1.7,.250,0.0,0.8,.000,0.4,0.9,.455,.250,0.2,0.2,1.000,0.7,10.1,1.0,14.4,1.7,1.7,12.3,0.7,10.5,0.1,0.5,0.1,1.0,0.5,1.0,0.7,27.7,1.9
4291,2025,Isaiah Crawford,SAC,SF,15,0,3.1,0.3,0.7,.455,0.1,0.3,.200,0.3,0.4,.667,.500,0.1,0.3,.500,0.1,2.4,0.5,17.1,0.5,0.5,9.7,0.1,2.8,0.1,1.1,0.1,4.3,0.1,0.9,0.1,7.3,9.2
4292,2025,Justin Minaya,POR,SF,19,0,5.3,0.4,1.1,.381,0.1,0.5,.200,0.3,0.6,.545,.429,0.0,0.1,.000,0.3,5.2,0.3,5.5,0.5,0.5,5.4,0.4,9.1,0.3,2.9,0.1,0.9,0.6,0.9,0.3,18.6,5.0
4293,2025,Anton Watson,NYK,SF,9,0,2.4,0.4,1.0,.444,0.0,0.1,.000,0.4,0.9,.500,.444,0.0,0.0,,0.1,5.3,0.2,10.3,0.3,0.3,7.8,0.2,12.8,0.1,2.3,0.0,0.0,0.3,0.9,0.2,18.2,5.9
4294,2025,D.J. Carton,TOR,SG,4,0,8.3,0.3,1.8,.143,0.0,0.8,.000,0.3,1.0,.250,.143,0.3,0.3,1.000,0.0,0.0,1.0,13.3,1.0,1.0,6.5,0.8,10.9,0.5,2.9,0.0,0.0,0.3,0.8,1.0,35.0,-2.6
4295,2025,PJ Dozier,MIN,SG,9,0,3.9,0.2,0.3,.667,0.2,0.3,.667,0.0,0.0,,1.000,0.1,0.7,.167,0.1,3.2,0.4,12.5,0.6,0.6,7.9,0.6,18.1,0.1,1.4,0.0,0.0,0.3,0.8,0.1,15.1,9.5
4296,2025,Joe Ingles,MIN,SF,19,1,6.0,0.3,1.2,.261,0.2,0.8,.200,0.2,0.4,.375,.326,0.0,0.0,,0.1,2.0,0.5,8.6,0.6,0.6,5.4,1.2,25.4,0.1,0.9,0.0,0.0,0.6,0.8,0.5,28.1,2.4
4297,2025,Harrison Ingram,SAS,SF,5,0,7.0,0.4,0.8,.500,0.0,0.2,.000,0.4,0.6,.667,.500,0.0,0.0,,0.4,6.1,1.4,21.5,1.8,1.8,13.8,0.6,10.6,0.6,4.1,0.0,0.0,0.4,0.8,0.2,20.0,10.9
4298,2025,Ulrich Chomche,TOR,PF,7,0,4.6,0.3,0.7,.400,0.0,0.0,,0.3,0.7,.400,.400,0.1,0.3,.500,0.6,13.1,0.6,13.7,1.1,1.1,13.4,0.3,7.8,0.0,0.0,0.1,3.0,0.7,0.7,0.3,25.4,5.2
4299,2025,James Johnson,IND,PF,12,0,3.1,0.3,0.9,.364,0.0,0.3,.000,0.3,0.7,.500,.364,0.0,0.1,.000,0.0,0.0,0.5,17.9,0.5,0.5,9.0,0.3,13.7,0.0,0.0,0.2,4.9,0.4,0.7,0.3,25.9,0.0
4300,2025,Liam Robbins,MIL,C,13,0,4.4,0.2,0.6,.250,0.0,0.2,.000,0.2,0.5,.333,.250,0.4,0.8,.500,0.5,13.9,0.4,9.2,0.9,0.9,11.4,0.2,4.2,0.2,1.7,0.2,3.3,0.7,0.7,0.5,32.6,2.6
4301,2025,Stanley Umude,MIL,SG,22,0,3.9,0.2,1.2,.192,0.1,0.7,.200,0.1,0.5,.182,.250,0.1,0.2,.500,0.2,5.3,0.6,15.8,0.8,0.8,10.7,0.2,5.7,0.1,1.7,0.3,6.5,0.4,0.7,0.1,9.8,3.4
4302,2025,Cui Yongxi,BRK,SG,5,0,2.0,0.2,1.4,.143,0.0,0.6,.000,0.2,0.8,.250,.143,0.2,0.4,.500,0.0,0.0,0.4,23.8,0.4,0.4,11.4,0.0,0.0,0.0,0.0,0.0,0.0,0.0,0.6,0.0,0.0,-10.7
4303,2025,Tristen Newton,2TM,SG,8,0,2.0,0.1,1.0,.125,0.0,0.4,.000,0.1,0.6,.200,.125,0.1,0.1,1.000,0.3,14.1,0.3,13.6,0.5,0.5,13.9,0.3,15.4,0.1,3.1,0.0,0.0,0.5,0.4,0.3,19.2,-6.1
4304,2025,Tristen Newton,IND,SG,5,0,1.6,0.2,1.2,.167,0.0,0.6,.000,0.2,0.6,.333,.167,0.2,0.2,1.000,0.0,0.0,0.0,0.0,0.0,0.0,0.0,0.2,16.1,0.0,0.0,0.0,0.0,0.4,0.6,0.2,13.4,-15.3
4305,2025,Tristen Newton,MIN,SG,3,0,2.7,0.0,0.7,.000,0.0,0.0,,0.0,0.7,.000,.000,0.0,0.0,,0.7,28.2,0.7,27.3,1.3,1.3,27.7,0.3,14.7,0.3,6.2,0.0,0.0,0.7,0.0,0.3,33.3,3.1
4306,2025,Malevy Leons,OKC,SF,6,0,3.5,0.0,0.3,.000,0.0,0.2,.000,0.0,0.2,.000,.000,0.3,0.7,.500,0.2,5.2,0.3,10.0,0.5,0.5,7.7,0.2,5.1,0.0,0.0,0.0,0.0,0.7,0.3,0.2,21.0,-2.3
4307,2025,Daishen Nix,MIN,PG,3,0,4.3,0.0,0.3,.000,0.0,0.3,.000,0.0,0.0,,.000,0.3,0.7,.500,0.0,0.0,1.3,33.6,1.3,1.3,17.1,1.0,27.2,0.0,0.0,0.0,0.0,0.3,0.3,1.3,68.0,-7.0
4308,2025,Terence Davis,SAC,SG,1,0,8.0,0.0,2.0,.000,0.0,1.0,.000,0.0,1.0,.000,.000,0.0,0.0,,0.0,0.0,1.0,14.0,1.0,1.0,7.0,1.0,14.1,0.0,0.0,0.0,0.0,0.0,0.0,0.0,0.0,-4.0
4309,2025,Jesse Edwards,MIN,C,2,0,2.5,0.0,0.0,,0.0,0.0,,0.0,0.0,,,0.0,0.0,,0.0,0.0,0.0,0.0,0.0,0.0,0.0,0.5,23.6,0.0,0.0,0.0,0.0,1.0,0.0,0.0,,-0.1
4310,2025,Mac McClung,ORL,SG,2,0,5.0,0.0,1.0,.000,0.0,0.5,.000,0.0,0.5,.000,.000,0.0,0.0,,0.0,0.0,0.5,12.1,0.5,0.5,5.7,1.5,37.8,0.0,0.0,0.0,0.0,1.0,0.0,0.0,0.0,-0.3
4311,2025,Jalen McDaniels,WAS,SF,4,0,1.8,0.0,0.0,,0.0,0.0,,0.0,0.0,,,0.0,0.0,,0.0,0.0,0.0,0.0,0.0,0.0,0.0,0.3,17.4,0.3,6.8,0.0,0.0,0.0,0.0,0.0,,10.9
4312,2025,Riley Minix,SAS,SF,1,0,7.0,0.0,1.0,.000,0.0,1.0,.000,0.0,0.0,,.000,0.0,0.0,,0.0,0.0,2.0,30.7,2.0,2.0,15.3,0.0,0.0,0.0,0.0,0.0,0.0,0.0,0.0,0.0,0.0,-1.7
4313,2025,Jahlil Okafor,IND,C,1,0,3.0,0.0,0.0,,0.0,0.0,,0.0,0.0,,,0.0,0.0,,0.0,0.0,1.0,36.8,1.0,1.0,18.6,1.0,37.0,0.0,0.0,0.0,0.0,0.0,0.0,0.0,,13.8
4314,2025,Zyon Pullin,MEM,SG,3,0,1.0,0.0,0.3,.000,0.0,0.0,,0.0,0.3,.000,.000,0.0,0.0,,0.0,0.0,0.0,0.0,0.0,0.0,0.0,0.0,0.0,0.0,0.0,0.0,0.0,0.0,0.0,0.0,0.0,-11.7
4315,2025,Isaiah Stevens,MIA,PG,3,0,2.0,0.0,0.7,.000,0.0,0.3,.000,0.0,0.3,.000,.000,0.0,0.0,,0.0,0.0,0.7,36.5,0.7,0.7,18.4,0.0,0.0,0.3,8.3,0.0,0.0,0.0,0.0,0.0,0.0,0.1
4316,2025,Terry Taylor,SAC,PF,3,0,2.0,0.0,0.3,.000,0.0,0.0,,0.0,0.3,.000,.000,0.0,0.0,,0.3,18.6,0.0,0.0,0.3,0.3,9.3,0.7,37.6,0.0,0.0,0.0,0.0,0.0,0.0,0.0,0.0,9.8
